0.1995_13.4239
-2.044170000000000087e+01,2.049180327868823509e-02
-2.034169999999999945e+01,0.000000000000000000e+00
-2.024169999999999803e+01,0.000000000000000000e+00
-2.014169999999999661e+01,0.000000000000000000e+00
-2.004169999999999519e+01,0.000000000000000000e+00
-1.994169999999999376e+01,0.000000000000000000e+00
-1.984169999999999234e+01,0.000000000000000000e+00
-1.974169999999999092e+01,0.000000000000000000e+00
-1.964169999999998950e+01,0.000000000000000000e+00
-1.954169999999998808e+01,0.000000000000000000e+00
-1.944169999999998666e+01,0.000000000000000000e+00
-1.934169999999998524e+01,0.000000000000000000e+00
-1.924169999999998382e+01,0.000000000000000000e+00
-1.914169999999998240e+01,0.000000000000000000e+00
-1.904169999999998097e+01,0.000000000000000000e+00
-1.894169999999997955e+01,0.000000000000000000e+00
-1.884169999999997813e+01,0.000000000000000000e+00
-1.874169999999997671e+01,0.000000000000000000e+00
-1.864169999999997529e+01,0.000000000000000000e+00
-1.854169999999997387e+01,0.000000000000000000e+00
-1.844169999999997245e+01,0.000000000000000000e+00
-1.834169999999997103e+01,0.000000000000000000e+00
-1.824169999999996961e+01,0.000000000000000000e+00
-1.814169999999996818e+01,0.000000000000000000e+00
-1.804169999999996676e+01,0.000000000000000000e+00
-1.794169999999996534e+01,0.000000000000000000e+00
-1.784169999999996392e+01,0.000000000000000000e+00
-1.774169999999996250e+01,0.000000000000000000e+00
-1.764169999999996108e+01,0.000000000000000000e+00
-1.754169999999995966e+01,0.000000000000000000e+00
-1.744169999999995824e+01,0.000000000000000000e+00
-1.734169999999995682e+01,0.000000000000000000e+00
-1.724169999999995539e+01,0.000000000000000000e+00
-1.714169999999995397e+01,0.000000000000000000e+00
-1.704169999999995255e+01,0.000000000000000000e+00
-1.694169999999995113e+01,0.000000000000000000e+00
-1.684169999999994971e+01,0.000000000000000000e+00
-1.674169999999994829e+01,0.000000000000000000e+00
-1.664169999999994687e+01,0.000000000000000000e+00
-1.654169999999994545e+01,0.000000000000000000e+00
-1.644169999999994403e+01,0.000000000000000000e+00
-1.634169999999994261e+01,0.000000000000000000e+00
-1.624169999999994118e+01,0.000000000000000000e+00
-1.614169999999993976e+01,0.000000000000000000e+00
-1.604169999999993834e+01,0.000000000000000000e+00
-1.594169999999993692e+01,0.000000000000000000e+00
-1.584169999999993550e+01,0.000000000000000000e+00
-1.574169999999993408e+01,0.000000000000000000e+00
-1.564169999999993266e+01,1.024590163934411755e-02
-1.554169999999993124e+01,0.000000000000000000e+00
-1.544169999999992982e+01,0.000000000000000000e+00
-1.534169999999992839e+01,0.000000000000000000e+00
-1.524169999999992697e+01,0.000000000000000000e+00
-1.514169999999992555e+01,0.000000000000000000e+00
-1.504169999999992413e+01,0.000000000000000000e+00
-1.494169999999992271e+01,0.000000000000000000e+00
-1.484169999999992129e+01,0.000000000000000000e+00
-1.474169999999991987e+01,0.000000000000000000e+00
-1.464169999999991845e+01,0.000000000000000000e+00
-1.454169999999991703e+01,0.000000000000000000e+00
-1.444169999999991560e+01,0.000000000000000000e+00
-1.434169999999991418e+01,0.000000000000000000e+00
-1.424169999999991276e+01,0.000000000000000000e+00
-1.414169999999991134e+01,0.000000000000000000e+00
-1.404169999999990992e+01,0.000000000000000000e+00
-1.394169999999990850e+01,0.000000000000000000e+00
-1.384169999999990708e+01,0.000000000000000000e+00
-1.374169999999990566e+01,0.000000000000000000e+00
-1.364169999999990424e+01,0.000000000000000000e+00
-1.354169999999990281e+01,0.000000000000000000e+00
-1.344169999999990139e+01,0.000000000000000000e+00
-1.334169999999989997e+01,0.000000000000000000e+00
-1.324169999999989855e+01,0.000000000000000000e+00
-1.314169999999989713e+01,0.000000000000000000e+00
-1.304169999999989571e+01,0.000000000000000000e+00
-1.294169999999989429e+01,0.000000000000000000e+00
-1.284169999999989287e+01,0.000000000000000000e+00
-1.274169999999989145e+01,0.000000000000000000e+00
-1.264169999999989003e+01,0.000000000000000000e+00
-1.254169999999988860e+01,0.000000000000000000e+00
-1.244169999999988718e+01,0.000000000000000000e+00
-1.234169999999988576e+01,0.000000000000000000e+00
-1.224169999999988434e+01,0.000000000000000000e+00
-1.214169999999988292e+01,0.000000000000000000e+00
-1.204169999999988150e+01,0.000000000000000000e+00
-1.194169999999988008e+01,0.000000000000000000e+00
-1.184169999999987866e+01,0.000000000000000000e+00
-1.174169999999987724e+01,0.000000000000000000e+00
-1.164169999999987581e+01,0.000000000000000000e+00
-1.154169999999987439e+01,0.000000000000000000e+00
-1.144169999999987297e+01,0.000000000000000000e+00
-1.134169999999987155e+01,2.049180327868823509e-02
-1.124169999999987013e+01,1.024590163934411755e-02
-1.114169999999986871e+01,0.000000000000000000e+00
-1.104169999999986729e+01,0.000000000000000000e+00
-1.094169999999986587e+01,0.000000000000000000e+00
-1.084169999999986445e+01,0.000000000000000000e+00
-1.074169999999986302e+01,0.000000000000000000e+00
-1.064169999999986160e+01,0.000000000000000000e+00
-1.054169999999986018e+01,0.000000000000000000e+00
-1.044169999999985876e+01,0.000000000000000000e+00
-1.034169999999985734e+01,0.000000000000000000e+00
-1.024169999999985592e+01,0.000000000000000000e+00
-1.014169999999985450e+01,0.000000000000000000e+00
-1.004169999999985308e+01,0.000000000000000000e+00
-9.941699999999851656e+00,0.000000000000000000e+00
-9.841699999999850235e+00,0.000000000000000000e+00
-9.741699999999848814e+00,0.000000000000000000e+00
-9.641699999999847392e+00,0.000000000000000000e+00
-9.541699999999845971e+00,0.000000000000000000e+00
-9.441699999999844550e+00,0.000000000000000000e+00
-9.341699999999843129e+00,0.000000000000000000e+00
-9.241699999999841708e+00,0.000000000000000000e+00
-9.141699999999840287e+00,0.000000000000000000e+00
-9.041699999999838866e+00,0.000000000000000000e+00
-8.941699999999837445e+00,0.000000000000000000e+00
-8.841699999999836024e+00,0.000000000000000000e+00
-8.741699999999834603e+00,0.000000000000000000e+00
-8.641699999999833182e+00,0.000000000000000000e+00
-8.541699999999831761e+00,0.000000000000000000e+00
-8.441699999999830339e+00,0.000000000000000000e+00
-8.341699999999828918e+00,0.000000000000000000e+00
-8.241699999999827497e+00,0.000000000000000000e+00
-8.141699999999826076e+00,0.000000000000000000e+00
-8.041699999999824655e+00,0.000000000000000000e+00
-7.941699999999823234e+00,0.000000000000000000e+00
-7.841699999999821813e+00,0.000000000000000000e+00
-7.741699999999820392e+00,0.000000000000000000e+00
-7.641699999999818971e+00,0.000000000000000000e+00
-7.541699999999817550e+00,0.000000000000000000e+00
-7.441699999999816129e+00,0.000000000000000000e+00
-7.341699999999814708e+00,0.000000000000000000e+00
-7.241699999999813286e+00,0.000000000000000000e+00
-7.141699999999811865e+00,0.000000000000000000e+00
-7.041699999999810444e+00,0.000000000000000000e+00
-6.941699999999809023e+00,0.000000000000000000e+00
-6.841699999999807602e+00,0.000000000000000000e+00
-6.741699999999806181e+00,0.000000000000000000e+00
-6.641699999999804760e+00,0.000000000000000000e+00
-6.541699999999803339e+00,0.000000000000000000e+00
-6.441699999999801918e+00,0.000000000000000000e+00
-6.341699999999800497e+00,0.000000000000000000e+00
-6.241699999999799076e+00,0.000000000000000000e+00
-6.141699999999797654e+00,0.000000000000000000e+00
-6.041699999999796233e+00,0.000000000000000000e+00
-5.941699999999794812e+00,0.000000000000000000e+00
-5.841699999999793391e+00,0.000000000000000000e+00
-5.741699999999791970e+00,0.000000000000000000e+00
-5.641699999999790549e+00,0.000000000000000000e+00
-5.541699999999789128e+00,0.000000000000000000e+00
-5.441699999999787707e+00,0.000000000000000000e+00
-5.341699999999786286e+00,0.000000000000000000e+00
-5.241699999999784865e+00,0.000000000000000000e+00
-5.141699999999783444e+00,0.000000000000000000e+00
-5.041699999999782023e+00,0.000000000000000000e+00
-4.941699999999780601e+00,0.000000000000000000e+00
-4.841699999999779180e+00,0.000000000000000000e+00
-4.741699999999777759e+00,0.000000000000000000e+00
-4.641699999999776338e+00,0.000000000000000000e+00
-4.541699999999774917e+00,0.000000000000000000e+00
-4.441699999999773496e+00,0.000000000000000000e+00
-4.341699999999772075e+00,0.000000000000000000e+00
-4.241699999999770654e+00,0.000000000000000000e+00
-4.141699999999769233e+00,0.000000000000000000e+00
-4.041699999999767812e+00,0.000000000000000000e+00
-3.941699999999766391e+00,0.000000000000000000e+00
-3.841699999999764970e+00,0.000000000000000000e+00
-3.741699999999763548e+00,0.000000000000000000e+00
-3.641699999999762127e+00,0.000000000000000000e+00
-3.541699999999760706e+00,0.000000000000000000e+00
-3.441699999999759285e+00,0.000000000000000000e+00
-3.341699999999757864e+00,0.000000000000000000e+00
-3.241699999999756443e+00,0.000000000000000000e+00
-3.141699999999755022e+00,0.000000000000000000e+00
-3.041699999999753601e+00,0.000000000000000000e+00
-2.941699999999752180e+00,0.000000000000000000e+00
-2.841699999999750759e+00,0.000000000000000000e+00
-2.741699999999749338e+00,0.000000000000000000e+00
-2.641699999999747916e+00,0.000000000000000000e+00
-2.541699999999746495e+00,0.000000000000000000e+00
-2.441699999999745074e+00,0.000000000000000000e+00
-2.341699999999743653e+00,0.000000000000000000e+00
-2.241699999999742232e+00,0.000000000000000000e+00
-2.141699999999740811e+00,0.000000000000000000e+00
-2.041699999999739390e+00,0.000000000000000000e+00
-1.941699999999737969e+00,0.000000000000000000e+00
-1.841699999999736548e+00,0.000000000000000000e+00
-1.741699999999735127e+00,0.000000000000000000e+00
-1.641699999999733706e+00,0.000000000000000000e+00
-1.541699999999732285e+00,0.000000000000000000e+00
-1.441699999999730863e+00,0.000000000000000000e+00
-1.341699999999729442e+00,2.049180327868823509e-02
-1.241699999999728021e+00,1.024590163934411755e-02
-1.141699999999726600e+00,0.000000000000000000e+00
-1.041699999999725179e+00,1.024590163934411755e-02
-9.416999999997237580e-01,1.024590163934411755e-02
-8.416999999997223370e-01,1.024590163934411755e-02
-7.416999999997209159e-01,2.049180327868823509e-02
-6.416999999997194948e-01,3.073770491803234917e-02
-5.416999999997180737e-01,4.098360655737647018e-02
-4.416999999997166526e-01,2.049180327868823509e-02
-3.416999999997152315e-01,1.024590163934411755e-02
-2.416999999997138104e-01,0.000000000000000000e+00
-1.416999999997123894e-01,0.000000000000000000e+00
-4.169999999971096827e-02,1.024590163934411755e-02
5.830000000029045282e-02,1.229508196721293967e-01
1.583000000002918739e-01,1.331967213114735038e-01
2.583000000002932950e-01,1.946721311475382299e-01
3.583000000002947161e-01,1.844262295081940950e-01
4.583000000002961372e-01,1.536885245901617458e-01
5.583000000002975582e-01,8.196721311475294036e-02
6.583000000002989793e-01,1.639344262295058807e-01
7.583000000003004004e-01,1.434426229508176387e-01
8.583000000003018215e-01,1.331967213114735038e-01
9.583000000003032426e-01,1.434426229508176387e-01
1.058300000000304664e+00,1.127049180327852895e-01
1.158300000000306085e+00,1.229508196721293967e-01
1.258300000000307506e+00,1.024590163934411685e-01
1.358300000000308927e+00,1.127049180327852895e-01
1.458300000000310348e+00,8.196721311475294036e-02
1.558300000000311769e+00,9.221311475409704750e-02
1.658300000000313190e+00,9.221311475409704750e-02
1.758300000000314611e+00,1.127049180327852895e-01
1.858300000000316032e+00,9.221311475409704750e-02
1.958300000000317453e+00,1.024590163934411685e-01
2.058300000000318875e+00,1.229508196721293967e-01
2.158300000000320296e+00,1.331967213114735038e-01
2.258300000000321717e+00,1.127049180327852895e-01
2.358300000000323138e+00,1.024590163934411685e-01
2.458300000000324559e+00,9.221311475409704750e-02
2.558300000000325980e+00,7.172131147540881935e-02
2.658300000000327401e+00,9.221311475409704750e-02
2.758300000000328822e+00,7.172131147540881935e-02
2.858300000000330243e+00,7.172131147540881935e-02
2.958300000000331664e+00,8.196721311475294036e-02
3.058300000000333085e+00,9.221311475409704750e-02
3.158300000000334506e+00,8.196721311475294036e-02
3.258300000000335928e+00,9.221311475409704750e-02
3.358300000000337349e+00,6.147540983606469833e-02
3.458300000000338770e+00,5.122950819672058426e-02
3.558300000000340191e+00,7.172131147540881935e-02
3.658300000000341612e+00,6.147540983606469833e-02
3.758300000000343033e+00,6.147540983606469833e-02
3.858300000000344454e+00,7.172131147540881935e-02
3.958300000000345875e+00,5.122950819672058426e-02
4.058300000000347296e+00,8.196721311475294036e-02
4.158300000000348717e+00,7.172131147540881935e-02
4.258300000000350138e+00,6.147540983606469833e-02
4.358300000000351559e+00,7.172131147540881935e-02
4.458300000000352981e+00,7.172131147540881935e-02
4.558300000000354402e+00,7.172131147540881935e-02
4.658300000000355823e+00,8.196721311475294036e-02
4.758300000000357244e+00,6.147540983606469833e-02
4.858300000000358665e+00,9.221311475409704750e-02
4.958300000000360086e+00,3.073770491803234917e-02
5.058300000000361507e+00,6.147540983606469833e-02
5.158300000000362928e+00,6.147540983606469833e-02
5.258300000000364349e+00,3.073770491803234917e-02
5.358300000000365770e+00,5.122950819672058426e-02
5.458300000000367191e+00,3.073770491803234917e-02
5.558300000000368613e+00,2.049180327868823509e-02
5.658300000000370034e+00,3.073770491803234917e-02
5.758300000000371455e+00,2.049180327868823509e-02
5.858300000000372876e+00,4.098360655737647018e-02
5.958300000000374297e+00,3.073770491803234917e-02
6.058300000000375718e+00,3.073770491803234917e-02
6.158300000000377139e+00,2.049180327868823509e-02
6.258300000000378560e+00,3.073770491803234917e-02
6.358300000000379981e+00,3.073770491803234917e-02
6.458300000000381402e+00,5.122950819672058426e-02
6.558300000000382823e+00,1.024590163934411755e-02
6.658300000000384244e+00,3.073770491803234917e-02
6.758300000000385666e+00,4.098360655737647018e-02
6.858300000000387087e+00,4.098360655737647018e-02
6.958300000000388508e+00,6.147540983606469833e-02
7.058300000000389929e+00,5.122950819672058426e-02
7.158300000000391350e+00,5.122950819672058426e-02
7.258300000000392771e+00,7.172131147540881935e-02
7.358300000000394192e+00,5.122950819672058426e-02
7.458300000000395613e+00,4.098360655737647018e-02
7.558300000000397034e+00,4.098360655737647018e-02
7.658300000000398455e+00,5.122950819672058426e-02
7.758300000000399876e+00,5.122950819672058426e-02
7.858300000000401297e+00,4.098360655737647018e-02
7.958300000000402719e+00,4.098360655737647018e-02
8.058300000000404140e+00,3.073770491803234917e-02
8.158300000000405561e+00,5.122950819672058426e-02
8.258300000000406982e+00,4.098360655737647018e-02
8.358300000000408403e+00,3.073770491803234917e-02
8.458300000000409824e+00,3.073770491803234917e-02
8.558300000000411245e+00,5.122950819672058426e-02
8.658300000000412666e+00,6.147540983606469833e-02
8.758300000000414087e+00,3.073770491803234917e-02
8.858300000000415508e+00,4.098360655737647018e-02
8.958300000000416929e+00,5.122950819672058426e-02
9.058300000000418351e+00,4.098360655737647018e-02
9.158300000000419772e+00,3.073770491803234917e-02
9.258300000000421193e+00,3.073770491803234917e-02
9.358300000000422614e+00,5.122950819672058426e-02
9.458300000000424035e+00,4.098360655737647018e-02
9.558300000000425456e+00,4.098360655737647018e-02
9.658300000000426877e+00,5.122950819672058426e-02
9.758300000000428298e+00,5.122950819672058426e-02
9.858300000000429719e+00,3.073770491803234917e-02
9.958300000000431140e+00,4.098360655737647018e-02
1.005830000000043256e+01,3.073770491803234917e-02
1.015830000000043398e+01,4.098360655737647018e-02
1.025830000000043540e+01,1.024590163934411755e-02
1.035830000000043682e+01,5.122950819672058426e-02
1.045830000000043825e+01,3.073770491803234917e-02
1.055830000000043967e+01,4.098360655737647018e-02
1.065830000000044109e+01,2.049180327868823509e-02
1.075830000000044251e+01,0.000000000000000000e+00
1.085830000000044393e+01,2.049180327868823509e-02
1.095830000000044535e+01,6.147540983606469833e-02
1.105830000000044677e+01,3.073770491803234917e-02
1.115830000000044819e+01,5.122950819672058426e-02
1.125830000000044961e+01,4.098360655737647018e-02
1.135830000000045104e+01,6.147540983606469833e-02
1.145830000000045246e+01,2.049180327868823509e-02
1.155830000000045388e+01,3.073770491803234917e-02
1.165830000000045530e+01,2.049180327868823509e-02
1.175830000000045672e+01,1.024590163934411755e-02
1.185830000000045814e+01,1.024590163934411755e-02
1.195830000000045956e+01,2.049180327868823509e-02
1.205830000000046098e+01,1.024590163934411755e-02
1.215830000000046240e+01,1.024590163934411755e-02
1.225830000000046383e+01,4.098360655737647018e-02
1.235830000000046525e+01,2.049180327868823509e-02
1.245830000000046667e+01,1.024590163934411755e-02
1.255830000000046809e+01,1.024590163934411755e-02
1.265830000000046951e+01,2.049180327868823509e-02
1.275830000000047093e+01,2.049180327868823509e-02
1.285830000000047235e+01,1.024590163934411755e-02
1.295830000000047377e+01,3.073770491803234917e-02
1.305830000000047519e+01,4.098360655737647018e-02
1.315830000000047662e+01,1.024590163934411755e-02
1.325830000000047804e+01,1.024590163934411755e-02
1.335830000000047946e+01,2.049180327868823509e-02
1.345830000000048088e+01,3.073770491803234917e-02
1.355830000000048230e+01,1.024590163934411755e-02
1.365830000000048372e+01,0.000000000000000000e+00
1.375830000000048514e+01,1.024590163934411755e-02
1.385830000000048656e+01,0.000000000000000000e+00
1.395830000000048798e+01,2.049180327868823509e-02
1.405830000000048940e+01,2.049180327868823509e-02
1.415830000000049083e+01,0.000000000000000000e+00
1.425830000000049225e+01,1.024590163934411755e-02
1.435830000000049367e+01,0.000000000000000000e+00
1.445830000000049509e+01,1.024590163934411755e-02
1.455830000000049651e+01,0.000000000000000000e+00
1.465830000000049793e+01,0.000000000000000000e+00
1.475830000000049935e+01,2.049180327868823509e-02
1.485830000000050077e+01,0.000000000000000000e+00
1.495830000000050219e+01,0.000000000000000000e+00
1.505830000000050362e+01,1.024590163934411755e-02
1.515830000000050504e+01,2.049180327868823509e-02
1.525830000000050646e+01,0.000000000000000000e+00
1.535830000000050788e+01,0.000000000000000000e+00
1.545830000000050930e+01,0.000000000000000000e+00
1.555830000000051072e+01,1.024590163934411755e-02
1.565830000000051214e+01,1.024590163934411755e-02
1.575830000000051356e+01,0.000000000000000000e+00
1.585830000000051498e+01,0.000000000000000000e+00
1.595830000000051641e+01,0.000000000000000000e+00
1.605830000000051783e+01,0.000000000000000000e+00
1.615830000000051925e+01,0.000000000000000000e+00
1.625830000000052067e+01,0.000000000000000000e+00
1.635830000000052209e+01,0.000000000000000000e+00
1.645830000000052351e+01,0.000000000000000000e+00
1.655830000000052493e+01,0.000000000000000000e+00
1.665830000000052635e+01,0.000000000000000000e+00
1.675830000000052777e+01,0.000000000000000000e+00
1.685830000000052920e+01,0.000000000000000000e+00
1.695830000000053062e+01,0.000000000000000000e+00
1.705830000000053204e+01,0.000000000000000000e+00
1.715830000000053346e+01,0.000000000000000000e+00
1.725830000000053488e+01,0.000000000000000000e+00
1.735830000000053630e+01,0.000000000000000000e+00
1.745830000000053772e+01,1.024590163934411755e-02
1.755830000000053914e+01,0.000000000000000000e+00
1.765830000000054056e+01,0.000000000000000000e+00
1.775830000000054198e+01,0.000000000000000000e+00
1.785830000000054341e+01,0.000000000000000000e+00
1.795830000000054483e+01,0.000000000000000000e+00
1.805830000000054625e+01,0.000000000000000000e+00
1.815830000000054767e+01,0.000000000000000000e+00
1.825830000000054909e+01,0.000000000000000000e+00
1.835830000000055051e+01,0.000000000000000000e+00
1.845830000000055193e+01,0.000000000000000000e+00
1.855830000000055335e+01,0.000000000000000000e+00
1.865830000000055477e+01,0.000000000000000000e+00
1.875830000000055620e+01,1.024590163934411755e-02
1.885830000000055762e+01,0.000000000000000000e+00
1.895830000000055904e+01,1.024590163934411755e-02
1.905830000000056046e+01,0.000000000000000000e+00
1.915830000000056188e+01,0.000000000000000000e+00
1.925830000000056330e+01,0.000000000000000000e+00
1.935830000000056472e+01,0.000000000000000000e+00
1.945830000000056614e+01,0.000000000000000000e+00
1.955830000000056756e+01,0.000000000000000000e+00
1.965830000000056899e+01,0.000000000000000000e+00
1.975830000000057041e+01,0.000000000000000000e+00
1.985830000000057183e+01,0.000000000000000000e+00
1.995830000000057325e+01,1.024590163934411755e-02
2.005830000000057467e+01,0.000000000000000000e+00
2.015830000000057609e+01,0.000000000000000000e+00
2.025830000000057751e+01,0.000000000000000000e+00
2.035830000000057893e+01,0.000000000000000000e+00
2.045830000000058035e+01,0.000000000000000000e+00
2.055830000000058178e+01,0.000000000000000000e+00
2.065830000000058320e+01,0.000000000000000000e+00
2.075830000000058462e+01,0.000000000000000000e+00
2.085830000000058604e+01,0.000000000000000000e+00
2.095830000000058746e+01,0.000000000000000000e+00
2.105830000000058888e+01,1.024590163934411755e-02
2.115830000000059030e+01,1.024590163934411755e-02
2.125830000000059172e+01,0.000000000000000000e+00
2.135830000000059314e+01,1.024590163934411755e-02
2.145830000000059457e+01,1.024590163934411755e-02
2.155830000000059599e+01,1.024590163934411755e-02
2.165830000000059741e+01,2.049180327868823509e-02
2.175830000000059883e+01,0.000000000000000000e+00
2.185830000000060025e+01,0.000000000000000000e+00
2.195830000000060167e+01,0.000000000000000000e+00
2.205830000000060309e+01,0.000000000000000000e+00
2.215830000000060451e+01,1.024590163934411755e-02
2.225830000000060593e+01,0.000000000000000000e+00
2.235830000000060735e+01,0.000000000000000000e+00
2.245830000000060878e+01,0.000000000000000000e+00
2.255830000000061020e+01,0.000000000000000000e+00
2.265830000000061162e+01,0.000000000000000000e+00
2.275830000000061304e+01,0.000000000000000000e+00
2.285830000000061446e+01,0.000000000000000000e+00
2.295830000000061588e+01,0.000000000000000000e+00
2.305830000000061730e+01,0.000000000000000000e+00
2.315830000000061872e+01,0.000000000000000000e+00
2.325830000000062014e+01,0.000000000000000000e+00
2.335830000000062157e+01,0.000000000000000000e+00
2.345830000000062299e+01,0.000000000000000000e+00
2.355830000000062441e+01,0.000000000000000000e+00
2.365830000000062583e+01,0.000000000000000000e+00
2.375830000000062725e+01,0.000000000000000000e+00
2.385830000000062867e+01,0.000000000000000000e+00
2.395830000000063009e+01,0.000000000000000000e+00
2.405830000000063151e+01,0.000000000000000000e+00
2.415830000000063293e+01,0.000000000000000000e+00
2.425830000000063436e+01,0.000000000000000000e+00
2.435830000000063578e+01,0.000000000000000000e+00
2.445830000000063720e+01,0.000000000000000000e+00
2.455830000000063862e+01,0.000000000000000000e+00
2.465830000000064004e+01,0.000000000000000000e+00
2.475830000000064146e+01,0.000000000000000000e+00
2.485830000000064288e+01,0.000000000000000000e+00
2.495830000000064430e+01,0.000000000000000000e+00
2.505830000000064572e+01,0.000000000000000000e+00
2.515830000000064715e+01,0.000000000000000000e+00
2.525830000000064857e+01,0.000000000000000000e+00
2.535830000000064999e+01,0.000000000000000000e+00
2.545830000000065141e+01,0.000000000000000000e+00
2.555830000000065283e+01,0.000000000000000000e+00
2.565830000000065425e+01,0.000000000000000000e+00
2.575830000000065567e+01,0.000000000000000000e+00
2.585830000000065709e+01,0.000000000000000000e+00
2.595830000000065851e+01,0.000000000000000000e+00
2.605830000000065994e+01,0.000000000000000000e+00
2.615830000000066136e+01,0.000000000000000000e+00
2.625830000000066278e+01,0.000000000000000000e+00
2.635830000000066420e+01,0.000000000000000000e+00
2.645830000000066562e+01,0.000000000000000000e+00
2.655830000000066704e+01,0.000000000000000000e+00
2.665830000000066846e+01,0.000000000000000000e+00
2.675830000000066988e+01,0.000000000000000000e+00
2.685830000000067130e+01,0.000000000000000000e+00
2.695830000000067272e+01,0.000000000000000000e+00
2.705830000000067415e+01,0.000000000000000000e+00
2.715830000000067557e+01,0.000000000000000000e+00
2.725830000000067699e+01,2.049180327868823509e-02
2.735830000000067841e+01,1.024590163934411755e-02
2.745830000000067983e+01,3.073770491803234917e-02
2.755830000000068125e+01,1.024590163934411755e-02
2.765830000000068267e+01,0.000000000000000000e+00
2.775830000000068409e+01,1.024590163934411755e-02
2.785830000000068551e+01,1.024590163934411755e-02
2.795830000000068694e+01,1.024590163934411755e-02
2.805830000000068836e+01,0.000000000000000000e+00
2.815830000000068978e+01,2.049180327868823509e-02
2.825830000000069120e+01,2.049180327868823509e-02
2.835830000000069262e+01,1.024590163934411755e-02
2.845830000000069404e+01,1.024590163934411755e-02
2.855830000000069546e+01,0.000000000000000000e+00
2.865830000000069688e+01,0.000000000000000000e+00
2.875830000000069830e+01,0.000000000000000000e+00
2.885830000000069973e+01,0.000000000000000000e+00
2.895830000000070115e+01,0.000000000000000000e+00
2.905830000000070257e+01,0.000000000000000000e+00
2.915830000000070399e+01,0.000000000000000000e+00
2.925830000000070541e+01,1.024590163934411755e-02
2.935830000000070683e+01,1.024590163934411755e-02
2.945830000000070825e+01,0.000000000000000000e+00
2.955830000000070967e+01,0.000000000000000000e+00
2.965830000000071109e+01,0.000000000000000000e+00
2.975830000000071252e+01,0.000000000000000000e+00
2.985830000000071394e+01,0.000000000000000000e+00
2.995830000000071536e+01,0.000000000000000000e+00
3.005830000000071678e+01,0.000000000000000000e+00
3.015830000000071820e+01,0.000000000000000000e+00
3.025830000000071962e+01,0.000000000000000000e+00
3.035830000000072104e+01,0.000000000000000000e+00
3.045830000000072246e+01,0.000000000000000000e+00
3.055830000000072388e+01,0.000000000000000000e+00
3.065830000000072530e+01,0.000000000000000000e+00
3.075830000000072673e+01,0.000000000000000000e+00
3.085830000000072815e+01,0.000000000000000000e+00
3.095830000000072957e+01,0.000000000000000000e+00
3.105830000000073099e+01,0.000000000000000000e+00
3.115830000000073241e+01,0.000000000000000000e+00
3.125830000000073383e+01,0.000000000000000000e+00
3.135830000000073525e+01,0.000000000000000000e+00
3.145830000000073667e+01,0.000000000000000000e+00
3.155830000000073809e+01,0.000000000000000000e+00
3.165830000000073952e+01,0.000000000000000000e+00
3.175830000000074094e+01,0.000000000000000000e+00
3.185830000000074236e+01,0.000000000000000000e+00
3.195830000000074378e+01,0.000000000000000000e+00
3.205830000000074165e+01,0.000000000000000000e+00
3.215830000000075017e+01,0.000000000000000000e+00
3.225830000000074449e+01,0.000000000000000000e+00
3.235830000000075302e+01,0.000000000000000000e+00
3.245830000000074733e+01,0.000000000000000000e+00
3.255830000000075586e+01,0.000000000000000000e+00
3.265830000000075017e+01,0.000000000000000000e+00
3.275830000000075870e+01,0.000000000000000000e+00
3.285830000000075302e+01,0.000000000000000000e+00
3.295830000000076154e+01,0.000000000000000000e+00
3.305830000000075586e+01,0.000000000000000000e+00
3.315830000000076438e+01,0.000000000000000000e+00
3.325830000000075870e+01,0.000000000000000000e+00
3.335830000000076723e+01,0.000000000000000000e+00
3.345830000000076154e+01,0.000000000000000000e+00
3.355830000000077007e+01,0.000000000000000000e+00
3.365830000000076438e+01,0.000000000000000000e+00
3.375830000000077291e+01,0.000000000000000000e+00
3.385830000000076723e+01,0.000000000000000000e+00
3.395830000000077575e+01,0.000000000000000000e+00
3.405830000000077007e+01,0.000000000000000000e+00
3.415830000000077860e+01,1.024590163934411755e-02
3.425830000000077291e+01,0.000000000000000000e+00
3.435830000000078144e+01,1.024590163934411755e-02
3.445830000000077575e+01,0.000000000000000000e+00
3.455830000000078428e+01,1.024590163934411755e-02
3.465830000000077860e+01,0.000000000000000000e+00
3.475830000000078712e+01,0.000000000000000000e+00
3.485830000000078144e+01,1.024590163934411755e-02
3.495830000000078996e+01,0.000000000000000000e+00
3.505830000000078428e+01,0.000000000000000000e+00
3.515830000000079281e+01,1.024590163934411755e-02
3.525830000000078712e+01,0.000000000000000000e+00
3.535830000000079565e+01,0.000000000000000000e+00
3.545830000000078996e+01,0.000000000000000000e+00
3.555830000000079849e+01,1.024590163934411755e-02
3.565830000000079281e+01,0.000000000000000000e+00
3.575830000000080133e+01,0.000000000000000000e+00
3.585830000000079565e+01,0.000000000000000000e+00
3.595830000000080418e+01,0.000000000000000000e+00
3.605830000000079849e+01,0.000000000000000000e+00
3.615830000000080702e+01,0.000000000000000000e+00
3.625830000000080133e+01,0.000000000000000000e+00
3.635830000000080986e+01,0.000000000000000000e+00
3.645830000000080418e+01,0.000000000000000000e+00
3.655830000000081270e+01,0.000000000000000000e+00
3.665830000000080702e+01,0.000000000000000000e+00
3.675830000000081554e+01,0.000000000000000000e+00
3.685830000000080986e+01,0.000000000000000000e+00
3.695830000000081839e+01,0.000000000000000000e+00
3.705830000000081270e+01,0.000000000000000000e+00
3.715830000000082123e+01,0.000000000000000000e+00
3.725830000000081554e+01,0.000000000000000000e+00
3.735830000000082407e+01,0.000000000000000000e+00
3.745830000000081839e+01,0.000000000000000000e+00
3.755830000000082691e+01,0.000000000000000000e+00
3.765830000000082123e+01,0.000000000000000000e+00
3.775830000000082975e+01,0.000000000000000000e+00
3.785830000000082407e+01,0.000000000000000000e+00
3.795830000000083260e+01,1.024590163934411755e-02
3.805830000000082691e+01,1.024590163934411755e-02
3.815830000000083544e+01,1.024590163934411755e-02
3.825830000000082975e+01,0.000000000000000000e+00
3.835830000000083828e+01,1.024590163934411755e-02
3.845830000000083260e+01,0.000000000000000000e+00
3.855830000000084112e+01,1.024590163934411755e-02
3.865830000000083544e+01,1.024590163934411755e-02
3.875830000000084397e+01,1.024590163934411755e-02
3.885830000000083828e+01,0.000000000000000000e+00
3.895830000000084681e+01,0.000000000000000000e+00
3.905830000000084112e+01,0.000000000000000000e+00
3.915830000000084965e+01,0.000000000000000000e+00
3.925830000000084397e+01,1.024590163934411755e-02
3.935830000000085249e+01,0.000000000000000000e+00
3.945830000000084681e+01,0.000000000000000000e+00
3.955830000000085533e+01,0.000000000000000000e+00
3.965830000000084965e+01,0.000000000000000000e+00
3.975830000000085818e+01,0.000000000000000000e+00
3.985830000000085249e+01,0.000000000000000000e+00
3.995830000000086102e+01,0.000000000000000000e+00
4.005830000000085533e+01,0.000000000000000000e+00
4.015830000000086386e+01,0.000000000000000000e+00
4.025830000000085818e+01,0.000000000000000000e+00
4.035830000000086670e+01,0.000000000000000000e+00
4.045830000000086102e+01,0.000000000000000000e+00
4.055830000000086955e+01,0.000000000000000000e+00
4.065830000000086386e+01,0.000000000000000000e+00
4.075830000000087239e+01,0.000000000000000000e+00
4.085830000000086670e+01,0.000000000000000000e+00
4.095830000000087523e+01,0.000000000000000000e+00
4.105830000000086955e+01,0.000000000000000000e+00
4.115830000000087807e+01,0.000000000000000000e+00
4.125830000000087239e+01,0.000000000000000000e+00
4.135830000000088091e+01,0.000000000000000000e+00
4.145830000000087523e+01,0.000000000000000000e+00
4.155830000000088376e+01,0.000000000000000000e+00
4.165830000000087807e+01,0.000000000000000000e+00
4.175830000000088660e+01,0.000000000000000000e+00
4.185830000000088091e+01,0.000000000000000000e+00
4.195830000000088944e+01,0.000000000000000000e+00
4.205830000000088376e+01,0.000000000000000000e+00
4.215830000000089228e+01,0.000000000000000000e+00
4.225830000000088660e+01,0.000000000000000000e+00
4.235830000000089512e+01,0.000000000000000000e+00
4.245830000000088944e+01,0.000000000000000000e+00
4.255830000000089797e+01,0.000000000000000000e+00
4.265830000000089228e+01,0.000000000000000000e+00
4.275830000000090081e+01,0.000000000000000000e+00
4.285830000000089512e+01,0.000000000000000000e+00
4.295830000000090365e+01,0.000000000000000000e+00
4.305830000000089797e+01,0.000000000000000000e+00
4.315830000000090649e+01,0.000000000000000000e+00
4.325830000000090081e+01,0.000000000000000000e+00
4.335830000000090934e+01,0.000000000000000000e+00
4.345830000000090365e+01,0.000000000000000000e+00
4.355830000000090507e+01,0.000000000000000000e+00
4.365830000000090649e+01,0.000000000000000000e+00
4.375830000000091502e+01,0.000000000000000000e+00
4.385830000000091644e+01,0.000000000000000000e+00
4.395830000000091076e+01,0.000000000000000000e+00
4.405830000000091218e+01,0.000000000000000000e+00
4.415830000000092070e+01,0.000000000000000000e+00
4.425830000000092213e+01,0.000000000000000000e+00
4.435830000000091644e+01,0.000000000000000000e+00
4.445830000000091786e+01,0.000000000000000000e+00
4.455830000000092639e+01,0.000000000000000000e+00
4.465830000000092781e+01,0.000000000000000000e+00
4.475830000000092213e+01,0.000000000000000000e+00
4.485830000000092355e+01,0.000000000000000000e+00
4.495830000000093207e+01,0.000000000000000000e+00
4.505830000000093349e+01,0.000000000000000000e+00
4.515830000000092781e+01,0.000000000000000000e+00
4.525830000000092923e+01,0.000000000000000000e+00
4.535830000000093776e+01,0.000000000000000000e+00
4.545830000000093918e+01,0.000000000000000000e+00
4.555830000000093349e+01,0.000000000000000000e+00
4.565830000000093492e+01,0.000000000000000000e+00
4.575830000000094344e+01,0.000000000000000000e+00
4.585830000000094486e+01,0.000000000000000000e+00
4.595830000000093918e+01,0.000000000000000000e+00
4.605830000000094060e+01,0.000000000000000000e+00
4.615830000000094913e+01,0.000000000000000000e+00
4.625830000000095055e+01,0.000000000000000000e+00
4.635830000000094486e+01,0.000000000000000000e+00
4.645830000000094628e+01,0.000000000000000000e+00
4.655830000000095481e+01,0.000000000000000000e+00
4.665830000000095623e+01,0.000000000000000000e+00
4.675830000000095055e+01,0.000000000000000000e+00
4.685830000000095197e+01,0.000000000000000000e+00
4.695830000000096049e+01,0.000000000000000000e+00
4.705830000000096192e+01,0.000000000000000000e+00
4.715830000000095623e+01,0.000000000000000000e+00
4.725830000000095765e+01,0.000000000000000000e+00
4.735830000000096618e+01,0.000000000000000000e+00
4.745830000000096760e+01,0.000000000000000000e+00
4.755830000000096192e+01,3.073770491803453492e-02
4.765830000000096334e+01,1.024590163934338896e-02
4.775830000000097186e+01,1.024590163934338896e-02
4.785830000000097328e+01,1.024590163934484439e-02
4.795830000000096760e+01,1.024590163934484439e-02
4.805830000000096902e+01,0.000000000000000000e+00
4.815830000000097755e+01,0.000000000000000000e+00
4.825830000000097897e+01,0.000000000000000000e+00
4.835830000000097328e+01,1.024590163934484439e-02
4.845830000000097471e+01,0.000000000000000000e+00
4.855830000000098323e+01,1.024590163934338896e-02
4.865830000000098465e+01,1.024590163934484439e-02
4.875830000000097897e+01,0.000000000000000000e+00
4.885830000000098039e+01,0.000000000000000000e+00
4.895830000000098892e+01,0.000000000000000000e+00
4.905830000000099034e+01,0.000000000000000000e+00
4.915830000000098465e+01,0.000000000000000000e+00
4.925830000000098607e+01,0.000000000000000000e+00
4.935830000000099460e+01,0.000000000000000000e+00
4.945830000000099602e+01,0.000000000000000000e+00
4.955830000000099034e+01,0.000000000000000000e+00
4.965830000000099176e+01,0.000000000000000000e+00
4.975830000000100029e+01,0.000000000000000000e+00
4.985830000000100171e+01,0.000000000000000000e+00
4.995830000000099602e+01,0.000000000000000000e+00
5.005830000000099744e+01,0.000000000000000000e+00
5.015830000000100597e+01,0.000000000000000000e+00
5.025830000000100739e+01,0.000000000000000000e+00
5.035830000000100171e+01,0.000000000000000000e+00
5.045830000000100313e+01,0.000000000000000000e+00
5.055830000000101165e+01,0.000000000000000000e+00
5.065830000000101307e+01,0.000000000000000000e+00
5.075830000000100739e+01,0.000000000000000000e+00
5.085830000000100881e+01,0.000000000000000000e+00
5.095830000000101734e+01,0.000000000000000000e+00
5.105830000000101876e+01,0.000000000000000000e+00
5.115830000000101307e+01,0.000000000000000000e+00
5.125830000000101450e+01,0.000000000000000000e+00
5.135830000000102302e+01,0.000000000000000000e+00
5.145830000000102444e+01,0.000000000000000000e+00
5.155830000000101876e+01,0.000000000000000000e+00
5.165830000000102018e+01,0.000000000000000000e+00
5.175830000000102871e+01,0.000000000000000000e+00
5.185830000000103013e+01,0.000000000000000000e+00
5.195830000000102444e+01,0.000000000000000000e+00
5.205830000000102586e+01,1.024590163934338896e-02
5.215830000000103439e+01,0.000000000000000000e+00
5.225830000000103581e+01,0.000000000000000000e+00
5.235830000000103013e+01,0.000000000000000000e+00
5.245830000000103155e+01,0.000000000000000000e+00
5.255830000000104008e+01,0.000000000000000000e+00
5.265830000000104150e+01,0.000000000000000000e+00
5.275830000000103581e+01,0.000000000000000000e+00
5.285830000000103723e+01,0.000000000000000000e+00
5.295830000000104576e+01,0.000000000000000000e+00
5.305830000000104718e+01,0.000000000000000000e+00
5.315830000000104150e+01,0.000000000000000000e+00
5.325830000000104292e+01,0.000000000000000000e+00
5.335830000000105144e+01,0.000000000000000000e+00
5.345830000000105287e+01,0.000000000000000000e+00
5.355830000000104718e+01,0.000000000000000000e+00
5.365830000000104860e+01,0.000000000000000000e+00
5.375830000000105713e+01,0.000000000000000000e+00
5.385830000000105855e+01,0.000000000000000000e+00
5.395830000000105287e+01,0.000000000000000000e+00
5.405830000000105429e+01,0.000000000000000000e+00
5.415830000000106281e+01,0.000000000000000000e+00
5.425830000000106423e+01,0.000000000000000000e+00
5.435830000000105855e+01,0.000000000000000000e+00
5.445830000000105997e+01,0.000000000000000000e+00
5.455830000000106850e+01,0.000000000000000000e+00
5.465830000000106992e+01,0.000000000000000000e+00
5.475830000000106423e+01,0.000000000000000000e+00
5.485830000000106565e+01,0.000000000000000000e+00
5.495830000000107418e+01,0.000000000000000000e+00
5.505830000000107560e+01,0.000000000000000000e+00
5.515830000000106992e+01,0.000000000000000000e+00
5.525830000000107134e+01,0.000000000000000000e+00
5.535830000000107987e+01,0.000000000000000000e+00
5.545830000000108129e+01,0.000000000000000000e+00
5.555830000000107560e+01,0.000000000000000000e+00
5.565830000000107702e+01,0.000000000000000000e+00
5.575830000000108555e+01,0.000000000000000000e+00
5.585830000000108697e+01,0.000000000000000000e+00
5.595830000000108129e+01,0.000000000000000000e+00
5.605830000000108271e+01,0.000000000000000000e+00
5.615830000000109123e+01,0.000000000000000000e+00
5.625830000000109266e+01,0.000000000000000000e+00
5.635830000000108697e+01,0.000000000000000000e+00
5.645830000000108839e+01,0.000000000000000000e+00
5.655830000000109692e+01,0.000000000000000000e+00
5.665830000000109834e+01,0.000000000000000000e+00
5.675830000000109266e+01,0.000000000000000000e+00
5.685830000000109408e+01,0.000000000000000000e+00
5.695830000000110260e+01,0.000000000000000000e+00
5.705830000000110402e+01,0.000000000000000000e+00
5.715830000000109834e+01,0.000000000000000000e+00
5.725830000000109976e+01,0.000000000000000000e+00
5.735830000000110829e+01,0.000000000000000000e+00
5.745830000000110971e+01,0.000000000000000000e+00
5.755830000000110402e+01,0.000000000000000000e+00
5.765830000000110545e+01,0.000000000000000000e+00
5.775830000000111397e+01,0.000000000000000000e+00
5.785830000000111539e+01,0.000000000000000000e+00
5.795830000000110971e+01,0.000000000000000000e+00
5.805830000000111113e+01,0.000000000000000000e+00
5.815830000000111966e+01,0.000000000000000000e+00
5.825830000000112108e+01,0.000000000000000000e+00
5.835830000000111539e+01,0.000000000000000000e+00
5.845830000000111681e+01,0.000000000000000000e+00
5.855830000000112534e+01,0.000000000000000000e+00
5.865830000000112676e+01,0.000000000000000000e+00
5.875830000000112108e+01,0.000000000000000000e+00
5.885830000000112250e+01,0.000000000000000000e+00
5.895830000000113102e+01,0.000000000000000000e+00
5.905830000000113245e+01,0.000000000000000000e+00
5.915830000000112676e+01,0.000000000000000000e+00
5.925830000000112818e+01,0.000000000000000000e+00
5.935830000000113671e+01,0.000000000000000000e+00
5.945830000000113813e+01,0.000000000000000000e+00
5.955830000000113245e+01,0.000000000000000000e+00
5.965830000000113387e+01,0.000000000000000000e+00
5.975830000000114239e+01,0.000000000000000000e+00
5.985830000000114381e+01,0.000000000000000000e+00
5.995830000000113813e+01,0.000000000000000000e+00
6.005830000000113955e+01,0.000000000000000000e+00
6.015830000000114808e+01,0.000000000000000000e+00
6.025830000000114950e+01,0.000000000000000000e+00
6.035830000000114381e+01,0.000000000000000000e+00
6.045830000000114524e+01,0.000000000000000000e+00
6.055830000000115376e+01,0.000000000000000000e+00
6.065830000000115518e+01,0.000000000000000000e+00
6.075830000000114950e+01,0.000000000000000000e+00
6.085830000000115092e+01,0.000000000000000000e+00
6.095830000000115945e+01,0.000000000000000000e+00
6.105830000000116087e+01,0.000000000000000000e+00
6.115830000000115518e+01,0.000000000000000000e+00
6.125830000000115660e+01,0.000000000000000000e+00
6.135830000000116513e+01,0.000000000000000000e+00
6.145830000000116655e+01,0.000000000000000000e+00
6.155830000000116087e+01,0.000000000000000000e+00
6.165830000000116229e+01,0.000000000000000000e+00
6.175830000000117082e+01,0.000000000000000000e+00
6.185830000000117224e+01,0.000000000000000000e+00
6.195830000000116655e+01,0.000000000000000000e+00
6.205830000000116797e+01,0.000000000000000000e+00
6.215830000000117650e+01,0.000000000000000000e+00
6.225830000000117792e+01,0.000000000000000000e+00
6.235830000000117224e+01,0.000000000000000000e+00
6.245830000000117366e+01,0.000000000000000000e+00
6.255830000000118218e+01,0.000000000000000000e+00
6.265830000000118361e+01,0.000000000000000000e+00
6.275830000000117792e+01,0.000000000000000000e+00
6.285830000000117934e+01,0.000000000000000000e+00
6.295830000000118787e+01,0.000000000000000000e+00
6.305830000000118929e+01,0.000000000000000000e+00
6.315830000000118361e+01,0.000000000000000000e+00
6.325830000000118503e+01,0.000000000000000000e+00
6.335830000000119355e+01,0.000000000000000000e+00
6.345830000000119497e+01,0.000000000000000000e+00
6.355830000000118929e+01,0.000000000000000000e+00
6.365830000000119071e+01,0.000000000000000000e+00
6.375830000000119924e+01,0.000000000000000000e+00
6.385830000000120066e+01,0.000000000000000000e+00
6.395830000000118787e+01,0.000000000000000000e+00
6.405830000000119639e+01,0.000000000000000000e+00
6.415830000000120492e+01,0.000000000000000000e+00
6.425830000000119924e+01,0.000000000000000000e+00
6.435830000000119355e+01,0.000000000000000000e+00
6.445830000000120208e+01,0.000000000000000000e+00
6.455830000000121061e+01,0.000000000000000000e+00
6.465830000000120492e+01,0.000000000000000000e+00
6.475830000000119924e+01,0.000000000000000000e+00
6.485830000000120776e+01,0.000000000000000000e+00
6.495830000000121629e+01,1.024590163934484439e-02
6.505830000000121061e+01,0.000000000000000000e+00
6.515830000000120492e+01,1.024590163934484439e-02
6.525830000000121345e+01,0.000000000000000000e+00
6.535830000000122197e+01,0.000000000000000000e+00
6.545830000000121629e+01,0.000000000000000000e+00
6.555830000000121061e+01,0.000000000000000000e+00
6.565830000000121913e+01,0.000000000000000000e+00
6.575830000000122766e+01,0.000000000000000000e+00
6.585830000000122197e+01,0.000000000000000000e+00
6.595830000000121629e+01,0.000000000000000000e+00
6.605830000000122482e+01,0.000000000000000000e+00
6.615830000000123334e+01,0.000000000000000000e+00
6.625830000000122766e+01,0.000000000000000000e+00
6.635830000000122197e+01,0.000000000000000000e+00
6.645830000000123050e+01,0.000000000000000000e+00
6.655830000000123903e+01,0.000000000000000000e+00
6.665830000000123334e+01,0.000000000000000000e+00
6.675830000000122766e+01,0.000000000000000000e+00
6.685830000000123619e+01,0.000000000000000000e+00
6.695830000000124471e+01,0.000000000000000000e+00
6.705830000000123903e+01,0.000000000000000000e+00
6.715830000000123334e+01,0.000000000000000000e+00
6.725830000000124187e+01,1.024590163934193179e-02
6.735830000000125040e+01,0.000000000000000000e+00
6.745830000000124471e+01,0.000000000000000000e+00
6.755830000000123903e+01,0.000000000000000000e+00
6.765830000000124755e+01,0.000000000000000000e+00
6.775830000000125608e+01,0.000000000000000000e+00
6.785830000000125040e+01,0.000000000000000000e+00
6.795830000000124471e+01,0.000000000000000000e+00
6.805830000000125324e+01,0.000000000000000000e+00
6.815830000000126176e+01,1.024590163934484439e-02
6.825830000000125608e+01,1.024590163934484439e-02
6.835830000000125040e+01,1.024590163934484439e-02
6.845830000000125892e+01,1.024590163934193179e-02
6.855830000000126745e+01,2.049180327868968879e-02
6.865830000000126176e+01,1.024590163934484439e-02
6.875830000000125608e+01,0.000000000000000000e+00
6.885830000000126461e+01,0.000000000000000000e+00
6.895830000000127313e+01,0.000000000000000000e+00
6.905830000000126745e+01,1.024590163934484439e-02
6.915830000000126176e+01,0.000000000000000000e+00
6.925830000000127029e+01,0.000000000000000000e+00
6.935830000000127882e+01,0.000000000000000000e+00
6.945830000000127313e+01,0.000000000000000000e+00
6.955830000000126745e+01,0.000000000000000000e+00
6.965830000000127598e+01,0.000000000000000000e+00
6.975830000000128450e+01,0.000000000000000000e+00
6.985830000000127882e+01,0.000000000000000000e+00
6.995830000000127313e+01,0.000000000000000000e+00
7.005830000000128166e+01,0.000000000000000000e+00
7.015830000000129019e+01,0.000000000000000000e+00
7.025830000000128450e+01,0.000000000000000000e+00
7.035830000000127882e+01,0.000000000000000000e+00
7.045830000000128734e+01,0.000000000000000000e+00
7.055830000000129587e+01,0.000000000000000000e+00
7.065830000000129019e+01,0.000000000000000000e+00
7.075830000000128450e+01,0.000000000000000000e+00
7.085830000000129303e+01,0.000000000000000000e+00
7.095830000000130156e+01,0.000000000000000000e+00
7.105830000000129587e+01,0.000000000000000000e+00
7.115830000000129019e+01,0.000000000000000000e+00
7.125830000000129871e+01,0.000000000000000000e+00
7.135830000000130724e+01,0.000000000000000000e+00
7.145830000000130156e+01,0.000000000000000000e+00
7.155830000000129587e+01,0.000000000000000000e+00
7.165830000000130440e+01,0.000000000000000000e+00
7.175830000000131292e+01,0.000000000000000000e+00
7.185830000000130724e+01,0.000000000000000000e+00
7.195830000000130156e+01,0.000000000000000000e+00
7.205830000000131008e+01,0.000000000000000000e+00
7.215830000000131861e+01,0.000000000000000000e+00
7.225830000000131292e+01,0.000000000000000000e+00
7.235830000000130724e+01,0.000000000000000000e+00
7.245830000000131577e+01,0.000000000000000000e+00
7.255830000000132429e+01,0.000000000000000000e+00
7.265830000000131861e+01,0.000000000000000000e+00
7.275830000000131292e+01,0.000000000000000000e+00
7.285830000000132145e+01,0.000000000000000000e+00
7.295830000000132998e+01,0.000000000000000000e+00
7.305830000000132429e+01,0.000000000000000000e+00
7.315830000000131861e+01,0.000000000000000000e+00
7.325830000000132713e+01,0.000000000000000000e+00
7.335830000000133566e+01,0.000000000000000000e+00
7.345830000000132998e+01,0.000000000000000000e+00
7.355830000000132429e+01,0.000000000000000000e+00
7.365830000000133282e+01,0.000000000000000000e+00
7.375830000000134135e+01,0.000000000000000000e+00
7.385830000000133566e+01,0.000000000000000000e+00
7.395830000000132998e+01,0.000000000000000000e+00
7.405830000000133850e+01,0.000000000000000000e+00
7.415830000000134703e+01,0.000000000000000000e+00
7.425830000000134135e+01,0.000000000000000000e+00
7.435830000000133566e+01,0.000000000000000000e+00
7.445830000000134419e+01,0.000000000000000000e+00
7.455830000000135271e+01,0.000000000000000000e+00
7.465830000000134703e+01,0.000000000000000000e+00
7.475830000000134135e+01,0.000000000000000000e+00
7.485830000000134987e+01,0.000000000000000000e+00
7.495830000000135840e+01,0.000000000000000000e+00
7.505830000000135271e+01,0.000000000000000000e+00
7.515830000000134703e+01,0.000000000000000000e+00
7.525830000000135556e+01,0.000000000000000000e+00
7.535830000000136408e+01,0.000000000000000000e+00
7.545830000000135840e+01,0.000000000000000000e+00
7.555830000000135271e+01,0.000000000000000000e+00
7.565830000000136124e+01,0.000000000000000000e+00
7.575830000000136977e+01,0.000000000000000000e+00
7.585830000000136408e+01,0.000000000000000000e+00
7.595830000000135840e+01,0.000000000000000000e+00
7.605830000000136693e+01,0.000000000000000000e+00
7.615830000000137545e+01,0.000000000000000000e+00
7.625830000000136977e+01,0.000000000000000000e+00
7.635830000000136408e+01,0.000000000000000000e+00
7.645830000000137261e+01,0.000000000000000000e+00
7.655830000000138114e+01,0.000000000000000000e+00
7.665830000000137545e+01,0.000000000000000000e+00
7.675830000000136977e+01,0.000000000000000000e+00
7.685830000000137829e+01,0.000000000000000000e+00
7.695830000000138682e+01,0.000000000000000000e+00
7.705830000000138114e+01,0.000000000000000000e+00
7.715830000000137545e+01,0.000000000000000000e+00
7.725830000000138398e+01,0.000000000000000000e+00
7.735830000000139250e+01,0.000000000000000000e+00
7.745830000000138682e+01,0.000000000000000000e+00
7.755830000000138114e+01,0.000000000000000000e+00
7.765830000000138966e+01,0.000000000000000000e+00
7.775830000000139819e+01,0.000000000000000000e+00
7.785830000000139250e+01,0.000000000000000000e+00
7.795830000000138682e+01,0.000000000000000000e+00
7.805830000000139535e+01,0.000000000000000000e+00
7.815830000000140387e+01,0.000000000000000000e+00
7.825830000000139819e+01,0.000000000000000000e+00
7.835830000000139250e+01,0.000000000000000000e+00
7.845830000000140103e+01,0.000000000000000000e+00
7.855830000000140956e+01,0.000000000000000000e+00
7.865830000000140387e+01,0.000000000000000000e+00
7.875830000000139819e+01,0.000000000000000000e+00
7.885830000000140672e+01,0.000000000000000000e+00
7.895830000000141524e+01,0.000000000000000000e+00
7.905830000000140956e+01,0.000000000000000000e+00
7.915830000000140387e+01,0.000000000000000000e+00
7.925830000000141240e+01,0.000000000000000000e+00
7.935830000000142093e+01,0.000000000000000000e+00
7.945830000000141524e+01,0.000000000000000000e+00
7.955830000000140956e+01,0.000000000000000000e+00
7.965830000000141808e+01,0.000000000000000000e+00
7.975830000000142661e+01,0.000000000000000000e+00
7.985830000000142093e+01,0.000000000000000000e+00
7.995830000000141524e+01,0.000000000000000000e+00
8.005830000000142377e+01,0.000000000000000000e+00
8.015830000000143229e+01,0.000000000000000000e+00
8.025830000000142661e+01,0.000000000000000000e+00
8.035830000000142093e+01,0.000000000000000000e+00
8.045830000000142945e+01,0.000000000000000000e+00
8.055830000000143798e+01,0.000000000000000000e+00
8.065830000000143229e+01,0.000000000000000000e+00
8.075830000000142661e+01,0.000000000000000000e+00
8.085830000000143514e+01,0.000000000000000000e+00
8.095830000000144366e+01,0.000000000000000000e+00
8.105830000000143798e+01,0.000000000000000000e+00
8.115830000000143229e+01,0.000000000000000000e+00
8.125830000000144082e+01,0.000000000000000000e+00
8.135830000000144935e+01,0.000000000000000000e+00
8.145830000000144366e+01,0.000000000000000000e+00
8.155830000000143798e+01,0.000000000000000000e+00
8.165830000000144651e+01,0.000000000000000000e+00
8.175830000000145503e+01,0.000000000000000000e+00
8.185830000000144935e+01,0.000000000000000000e+00
8.195830000000144366e+01,0.000000000000000000e+00
8.205830000000145219e+01,0.000000000000000000e+00
8.215830000000146072e+01,0.000000000000000000e+00
8.225830000000145503e+01,0.000000000000000000e+00
8.235830000000144935e+01,0.000000000000000000e+00
8.245830000000145787e+01,0.000000000000000000e+00
8.255830000000146640e+01,0.000000000000000000e+00
8.265830000000146072e+01,0.000000000000000000e+00
8.275830000000145503e+01,0.000000000000000000e+00
8.285830000000146356e+01,0.000000000000000000e+00
8.295830000000147209e+01,0.000000000000000000e+00
8.305830000000146640e+01,0.000000000000000000e+00
8.315830000000146072e+01,0.000000000000000000e+00
8.325830000000146924e+01,0.000000000000000000e+00
8.335830000000147777e+01,0.000000000000000000e+00
8.345830000000147209e+01,0.000000000000000000e+00
8.355830000000146640e+01,0.000000000000000000e+00
8.365830000000147493e+01,0.000000000000000000e+00
8.375830000000148345e+01,0.000000000000000000e+00
8.385830000000147777e+01,0.000000000000000000e+00
8.395830000000147209e+01,0.000000000000000000e+00
8.405830000000148061e+01,0.000000000000000000e+00
8.415830000000148914e+01,0.000000000000000000e+00
8.425830000000148345e+01,0.000000000000000000e+00
8.435830000000147777e+01,0.000000000000000000e+00
8.445830000000148630e+01,0.000000000000000000e+00
8.455830000000149482e+01,0.000000000000000000e+00
8.465830000000148914e+01,0.000000000000000000e+00
8.475830000000148345e+01,0.000000000000000000e+00
8.485830000000149198e+01,0.000000000000000000e+00
8.495830000000150051e+01,0.000000000000000000e+00
8.505830000000149482e+01,0.000000000000000000e+00
8.515830000000148914e+01,0.000000000000000000e+00
8.525830000000149766e+01,0.000000000000000000e+00
8.535830000000150619e+01,0.000000000000000000e+00
8.545830000000150051e+01,0.000000000000000000e+00
8.555830000000149482e+01,0.000000000000000000e+00
8.565830000000150335e+01,0.000000000000000000e+00
8.575830000000151188e+01,0.000000000000000000e+00
8.585830000000150619e+01,0.000000000000000000e+00
8.595830000000150051e+01,0.000000000000000000e+00
8.605830000000150903e+01,0.000000000000000000e+00
8.615830000000151756e+01,0.000000000000000000e+00
8.625830000000151188e+01,0.000000000000000000e+00
8.635830000000150619e+01,0.000000000000000000e+00
8.645830000000151472e+01,0.000000000000000000e+00
8.655830000000152324e+01,0.000000000000000000e+00
8.665830000000151756e+01,0.000000000000000000e+00
8.675830000000151188e+01,0.000000000000000000e+00
8.685830000000152040e+01,0.000000000000000000e+00
8.695830000000152893e+01,0.000000000000000000e+00
8.705830000000152324e+01,0.000000000000000000e+00
8.715830000000151756e+01,0.000000000000000000e+00
8.725830000000152609e+01,0.000000000000000000e+00
8.735830000000153461e+01,0.000000000000000000e+00
8.745830000000152893e+01,0.000000000000000000e+00
8.755830000000152324e+01,0.000000000000000000e+00
8.765830000000153177e+01,0.000000000000000000e+00
8.775830000000154030e+01,0.000000000000000000e+00
8.785830000000153461e+01,0.000000000000000000e+00
8.795830000000152893e+01,0.000000000000000000e+00
8.805830000000153746e+01,0.000000000000000000e+00
8.815830000000154598e+01,0.000000000000000000e+00
8.825830000000154030e+01,0.000000000000000000e+00
8.835830000000153461e+01,0.000000000000000000e+00
8.845830000000154314e+01,0.000000000000000000e+00
8.855830000000155167e+01,0.000000000000000000e+00
8.865830000000154598e+01,0.000000000000000000e+00
8.875830000000154030e+01,0.000000000000000000e+00
8.885830000000154882e+01,0.000000000000000000e+00
8.895830000000155735e+01,0.000000000000000000e+00
8.905830000000155167e+01,0.000000000000000000e+00
8.915830000000154598e+01,0.000000000000000000e+00
8.925830000000155451e+01,0.000000000000000000e+00
8.935830000000156303e+01,0.000000000000000000e+00
8.945830000000155735e+01,0.000000000000000000e+00
8.955830000000155167e+01,0.000000000000000000e+00
8.965830000000156019e+01,0.000000000000000000e+00
8.975830000000156872e+01,0.000000000000000000e+00
8.985830000000156303e+01,0.000000000000000000e+00
8.995830000000155735e+01,0.000000000000000000e+00
9.005830000000156588e+01,0.000000000000000000e+00
9.015830000000157440e+01,0.000000000000000000e+00
9.025830000000156872e+01,0.000000000000000000e+00
9.035830000000156303e+01,0.000000000000000000e+00
9.045830000000157156e+01,0.000000000000000000e+00
9.055830000000158009e+01,0.000000000000000000e+00
9.065830000000157440e+01,0.000000000000000000e+00
9.075830000000156872e+01,0.000000000000000000e+00
9.085830000000157725e+01,0.000000000000000000e+00
9.095830000000158577e+01,0.000000000000000000e+00
9.105830000000158009e+01,0.000000000000000000e+00
9.115830000000157440e+01,0.000000000000000000e+00
9.125830000000158293e+01,0.000000000000000000e+00
9.135830000000159146e+01,0.000000000000000000e+00
9.145830000000158577e+01,0.000000000000000000e+00
9.155830000000158009e+01,0.000000000000000000e+00
9.165830000000158861e+01,0.000000000000000000e+00
9.175830000000159714e+01,0.000000000000000000e+00
9.185830000000159146e+01,0.000000000000000000e+00
9.195830000000158577e+01,0.000000000000000000e+00
9.205830000000159430e+01,0.000000000000000000e+00
9.215830000000160283e+01,0.000000000000000000e+00
9.225830000000159714e+01,0.000000000000000000e+00
9.235830000000159146e+01,0.000000000000000000e+00
9.245830000000159998e+01,0.000000000000000000e+00
9.255830000000160851e+01,0.000000000000000000e+00
9.265830000000160283e+01,0.000000000000000000e+00
9.275830000000159714e+01,0.000000000000000000e+00
9.285830000000160567e+01,0.000000000000000000e+00
9.295830000000161419e+01,0.000000000000000000e+00
9.305830000000160851e+01,0.000000000000000000e+00
9.315830000000160283e+01,0.000000000000000000e+00
9.325830000000161135e+01,1.024590163934193179e-02
9.335830000000161988e+01,0.000000000000000000e+00
9.345830000000161419e+01,0.000000000000000000e+00
9.355830000000160851e+01,0.000000000000000000e+00
9.365830000000161704e+01,0.000000000000000000e+00
9.375830000000162556e+01,0.000000000000000000e+00
9.385830000000161988e+01,0.000000000000000000e+00
9.395830000000161419e+01,1.024590163934484439e-02
9.405830000000162272e+01,1.024590163934193179e-02
9.415830000000163125e+01,0.000000000000000000e+00
9.425830000000162556e+01,0.000000000000000000e+00
9.435830000000161988e+01,0.000000000000000000e+00
9.445830000000162840e+01,0.000000000000000000e+00
9.455830000000163693e+01,0.000000000000000000e+00
9.465830000000163125e+01,0.000000000000000000e+00
9.475830000000162556e+01,0.000000000000000000e+00
9.485830000000163409e+01,0.000000000000000000e+00
9.495830000000164262e+01,0.000000000000000000e+00
9.505830000000163693e+01,0.000000000000000000e+00
9.515830000000163125e+01,0.000000000000000000e+00
9.525830000000163977e+01,0.000000000000000000e+00
9.535830000000164830e+01,0.000000000000000000e+00
9.545830000000164262e+01,0.000000000000000000e+00
9.555830000000163693e+01,0.000000000000000000e+00
9.565830000000164546e+01,0.000000000000000000e+00
9.575830000000165398e+01,0.000000000000000000e+00
9.585830000000164830e+01,0.000000000000000000e+00
9.595830000000164262e+01,0.000000000000000000e+00
9.605830000000165114e+01,0.000000000000000000e+00
9.615830000000165967e+01,0.000000000000000000e+00
9.625830000000165398e+01,0.000000000000000000e+00
9.635830000000164830e+01,0.000000000000000000e+00
9.645830000000165683e+01,0.000000000000000000e+00
9.655830000000166535e+01,0.000000000000000000e+00
9.665830000000165967e+01,0.000000000000000000e+00
9.675830000000165398e+01,0.000000000000000000e+00
9.685830000000166251e+01,0.000000000000000000e+00
9.695830000000167104e+01,0.000000000000000000e+00
9.705830000000166535e+01,0.000000000000000000e+00
9.715830000000165967e+01,0.000000000000000000e+00
9.725830000000166820e+01,0.000000000000000000e+00
9.735830000000167672e+01,0.000000000000000000e+00
9.745830000000167104e+01,0.000000000000000000e+00
9.755830000000166535e+01,0.000000000000000000e+00
9.765830000000167388e+01,0.000000000000000000e+00
9.775830000000168241e+01,0.000000000000000000e+00
9.785830000000167672e+01,0.000000000000000000e+00
9.795830000000167104e+01,0.000000000000000000e+00
9.805830000000167956e+01,0.000000000000000000e+00
9.815830000000168809e+01,0.000000000000000000e+00
9.825830000000168241e+01,0.000000000000000000e+00
9.835830000000167672e+01,0.000000000000000000e+00
9.845830000000168525e+01,0.000000000000000000e+00
9.855830000000169377e+01,0.000000000000000000e+00
9.865830000000168809e+01,0.000000000000000000e+00
9.875830000000168241e+01,9.221311475410359781e-02
9.885830000000169093e+01,1.127049180327612532e-01
9.895830000000169946e+01,1.024590163934484439e-02
9.905830000000169377e+01,0.000000000000000000e+00
9.915830000000168809e+01,0.000000000000000000e+00
9.925830000000169662e+01,0.000000000000000000e+00
9.935830000000170514e+01,0.000000000000000000e+00
9.945830000000169946e+01,0.000000000000000000e+00
9.955830000000169377e+01,0.000000000000000000e+00
9.965830000000170230e+01,0.000000000000000000e+00
9.975830000000171083e+01,0.000000000000000000e+00
9.985830000000170514e+01,0.000000000000000000e+00
9.995830000000169946e+01,0.000000000000000000e+00
1.000583000000017080e+02,0.000000000000000000e+00
1.001583000000017165e+02,0.000000000000000000e+00
1.002583000000017108e+02,0.000000000000000000e+00
1.003583000000017051e+02,0.000000000000000000e+00
1.004583000000017137e+02,0.000000000000000000e+00
1.005583000000017222e+02,0.000000000000000000e+00
1.006583000000017165e+02,0.000000000000000000e+00
1.007583000000017108e+02,0.000000000000000000e+00
1.008583000000017194e+02,0.000000000000000000e+00
1.009583000000017279e+02,0.000000000000000000e+00
1.010583000000017222e+02,0.000000000000000000e+00
1.011583000000017165e+02,0.000000000000000000e+00
1.012583000000017250e+02,0.000000000000000000e+00
1.013583000000017336e+02,0.000000000000000000e+00
1.014583000000017279e+02,0.000000000000000000e+00
1.015583000000017222e+02,0.000000000000000000e+00
1.016583000000017307e+02,0.000000000000000000e+00
1.017583000000017392e+02,0.000000000000000000e+00
1.018583000000017336e+02,0.000000000000000000e+00
1.019583000000017279e+02,0.000000000000000000e+00
1.020583000000017364e+02,0.000000000000000000e+00
1.021583000000017449e+02,0.000000000000000000e+00
1.022583000000017392e+02,0.000000000000000000e+00
1.023583000000017336e+02,0.000000000000000000e+00
1.024583000000017421e+02,0.000000000000000000e+00
1.025583000000017506e+02,0.000000000000000000e+00
1.026583000000017449e+02,0.000000000000000000e+00
1.027583000000017392e+02,0.000000000000000000e+00
1.028583000000017478e+02,0.000000000000000000e+00
1.029583000000017563e+02,0.000000000000000000e+00
1.030583000000017506e+02,0.000000000000000000e+00
1.031583000000017449e+02,0.000000000000000000e+00
1.032583000000017535e+02,0.000000000000000000e+00
1.033583000000017620e+02,0.000000000000000000e+00
1.034583000000017563e+02,3.073770491803453492e-02
1.035583000000017506e+02,9.221311475410359781e-02
1.036583000000017591e+02,2.049180327868386359e-02
1.037583000000017677e+02,0.000000000000000000e+00
1.038583000000017620e+02,0.000000000000000000e+00
1.039583000000017563e+02,0.000000000000000000e+00
1.040583000000017648e+02,0.000000000000000000e+00
1.041583000000017734e+02,0.000000000000000000e+00
1.042583000000017677e+02,0.000000000000000000e+00
1.043583000000017620e+02,0.000000000000000000e+00
1.044583000000017705e+02,0.000000000000000000e+00
1.045583000000017790e+02,0.000000000000000000e+00
1.046583000000017734e+02,0.000000000000000000e+00
1.047583000000017677e+02,0.000000000000000000e+00
1.048583000000017762e+02,0.000000000000000000e+00
1.049583000000017847e+02,0.000000000000000000e+00
1.050583000000017790e+02,0.000000000000000000e+00
1.051583000000017734e+02,0.000000000000000000e+00
1.052583000000017819e+02,0.000000000000000000e+00
1.053583000000017904e+02,0.000000000000000000e+00
1.054583000000017847e+02,0.000000000000000000e+00
1.055583000000017790e+02,0.000000000000000000e+00
1.056583000000017876e+02,0.000000000000000000e+00
1.057583000000017961e+02,0.000000000000000000e+00
1.058583000000017904e+02,0.000000000000000000e+00
1.059583000000017847e+02,0.000000000000000000e+00
1.060583000000017933e+02,0.000000000000000000e+00
1.061583000000018018e+02,0.000000000000000000e+00
1.062583000000017961e+02,0.000000000000000000e+00
1.063583000000017904e+02,0.000000000000000000e+00
1.064583000000017989e+02,0.000000000000000000e+00
1.065583000000018075e+02,0.000000000000000000e+00
1.066583000000018018e+02,0.000000000000000000e+00
1.067583000000017961e+02,0.000000000000000000e+00
1.068583000000018046e+02,0.000000000000000000e+00
1.069583000000018131e+02,0.000000000000000000e+00
1.070583000000018075e+02,0.000000000000000000e+00
1.071583000000018018e+02,0.000000000000000000e+00
1.072583000000018103e+02,0.000000000000000000e+00
1.073583000000018188e+02,0.000000000000000000e+00
1.074583000000018131e+02,0.000000000000000000e+00
1.075583000000018075e+02,0.000000000000000000e+00
1.076583000000018018e+02,0.000000000000000000e+00
1.077583000000018103e+02,0.000000000000000000e+00
1.078583000000018188e+02,0.000000000000000000e+00
1.079583000000018131e+02,0.000000000000000000e+00
1.080583000000018217e+02,0.000000000000000000e+00
1.081583000000018302e+02,0.000000000000000000e+00
1.082583000000018245e+02,0.000000000000000000e+00
1.083583000000018188e+02,0.000000000000000000e+00
1.084583000000018131e+02,0.000000000000000000e+00
1.085583000000018217e+02,0.000000000000000000e+00
1.086583000000018302e+02,0.000000000000000000e+00
1.087583000000018245e+02,0.000000000000000000e+00
1.088583000000018330e+02,0.000000000000000000e+00
1.089583000000018416e+02,0.000000000000000000e+00
1.090583000000018359e+02,0.000000000000000000e+00
1.091583000000018302e+02,0.000000000000000000e+00
1.092583000000018245e+02,0.000000000000000000e+00
1.093583000000018330e+02,0.000000000000000000e+00
1.094583000000018416e+02,0.000000000000000000e+00
1.095583000000018359e+02,0.000000000000000000e+00
1.096583000000018444e+02,0.000000000000000000e+00
1.097583000000018529e+02,0.000000000000000000e+00
1.098583000000018473e+02,0.000000000000000000e+00
1.099583000000018416e+02,0.000000000000000000e+00
1.100583000000018359e+02,0.000000000000000000e+00
1.101583000000018444e+02,0.000000000000000000e+00
1.102583000000018529e+02,0.000000000000000000e+00
1.103583000000018473e+02,0.000000000000000000e+00
1.104583000000018558e+02,0.000000000000000000e+00
1.105583000000018643e+02,0.000000000000000000e+00
1.106583000000018586e+02,0.000000000000000000e+00
1.107583000000018529e+02,0.000000000000000000e+00
1.108583000000018473e+02,0.000000000000000000e+00
1.109583000000018558e+02,0.000000000000000000e+00
1.110583000000018643e+02,0.000000000000000000e+00
1.111583000000018586e+02,0.000000000000000000e+00
1.112583000000018671e+02,0.000000000000000000e+00
1.113583000000018757e+02,0.000000000000000000e+00
1.114583000000018700e+02,0.000000000000000000e+00
1.115583000000018643e+02,0.000000000000000000e+00
1.116583000000018586e+02,0.000000000000000000e+00
1.117583000000018671e+02,0.000000000000000000e+00
1.118583000000018757e+02,0.000000000000000000e+00
1.119583000000018700e+02,0.000000000000000000e+00
1.120583000000018785e+02,0.000000000000000000e+00
1.121583000000018870e+02,3.073770491803453492e-02
1.122583000000018814e+02,4.098360655737937758e-02
1.123583000000018757e+02,0.000000000000000000e+00
1.124583000000018700e+02,0.000000000000000000e+00
1.125583000000018785e+02,0.000000000000000000e+00
1.126583000000018870e+02,0.000000000000000000e+00
1.127583000000018814e+02,0.000000000000000000e+00
1.128583000000018899e+02,0.000000000000000000e+00
1.129583000000018984e+02,0.000000000000000000e+00
1.130583000000018927e+02,0.000000000000000000e+00
1.131583000000018870e+02,0.000000000000000000e+00
1.132583000000018814e+02,0.000000000000000000e+00
1.133583000000018899e+02,0.000000000000000000e+00
1.134583000000018984e+02,0.000000000000000000e+00
1.135583000000018927e+02,0.000000000000000000e+00
1.136583000000019013e+02,0.000000000000000000e+00
1.137583000000019098e+02,0.000000000000000000e+00
1.138583000000019041e+02,0.000000000000000000e+00
1.139583000000018984e+02,0.000000000000000000e+00
1.140583000000018927e+02,0.000000000000000000e+00
1.141583000000019013e+02,0.000000000000000000e+00
1.142583000000019098e+02,0.000000000000000000e+00
1.143583000000019041e+02,0.000000000000000000e+00
1.144583000000019126e+02,0.000000000000000000e+00
1.145583000000019211e+02,0.000000000000000000e+00
1.146583000000019155e+02,0.000000000000000000e+00
1.147583000000019098e+02,0.000000000000000000e+00
1.148583000000019041e+02,0.000000000000000000e+00
1.149583000000019126e+02,0.000000000000000000e+00
1.150583000000019211e+02,0.000000000000000000e+00
1.151583000000019155e+02,0.000000000000000000e+00
1.152583000000019240e+02,0.000000000000000000e+00
1.153583000000019325e+02,0.000000000000000000e+00
1.154583000000019268e+02,0.000000000000000000e+00
1.155583000000019211e+02,2.049180327868968879e-02
1.156583000000019155e+02,2.049180327868968879e-02
1.157583000000019240e+02,3.073770491802579885e-02
1.158583000000019325e+02,1.024590163934484439e-02
1.159583000000019268e+02,2.049180327868968879e-02
1.160583000000019354e+02,2.049180327868386359e-02
1.161583000000019439e+02,3.073770491803453492e-02
1.162583000000019382e+02,0.000000000000000000e+00
1.163583000000019325e+02,0.000000000000000000e+00
1.164583000000019268e+02,0.000000000000000000e+00
1.165583000000019354e+02,0.000000000000000000e+00
1.166583000000019439e+02,0.000000000000000000e+00
1.167583000000019382e+02,0.000000000000000000e+00
1.168583000000019467e+02,0.000000000000000000e+00
1.169583000000019553e+02,0.000000000000000000e+00
1.170583000000019496e+02,0.000000000000000000e+00
1.171583000000019439e+02,0.000000000000000000e+00
1.172583000000019382e+02,0.000000000000000000e+00
1.173583000000019467e+02,1.024590163934193179e-02
1.174583000000019553e+02,0.000000000000000000e+00
1.175583000000019496e+02,1.024590163934484439e-02
1.176583000000019581e+02,1.024590163934193179e-02
1.177583000000019666e+02,0.000000000000000000e+00
1.178583000000019609e+02,0.000000000000000000e+00
1.179583000000019553e+02,1.024590163934484439e-02
1.180583000000019496e+02,0.000000000000000000e+00
1.181583000000019581e+02,1.024590163934193179e-02
1.182583000000019666e+02,0.000000000000000000e+00
1.183583000000019609e+02,0.000000000000000000e+00
1.184583000000019695e+02,1.024590163934193179e-02
1.185583000000019780e+02,0.000000000000000000e+00
1.186583000000019723e+02,0.000000000000000000e+00
1.187583000000019666e+02,0.000000000000000000e+00
1.188583000000019609e+02,0.000000000000000000e+00
1.189583000000019695e+02,0.000000000000000000e+00
1.190583000000019780e+02,0.000000000000000000e+00
1.191583000000019723e+02,0.000000000000000000e+00
1.192583000000019808e+02,0.000000000000000000e+00
1.193583000000019894e+02,0.000000000000000000e+00
1.194583000000019837e+02,0.000000000000000000e+00
1.195583000000019780e+02,0.000000000000000000e+00
1.196583000000019723e+02,0.000000000000000000e+00
1.197583000000019808e+02,0.000000000000000000e+00
1.198583000000019894e+02,0.000000000000000000e+00
1.199583000000019837e+02,0.000000000000000000e+00
1.200583000000019922e+02,0.000000000000000000e+00
1.201583000000020007e+02,0.000000000000000000e+00
1.202583000000019950e+02,0.000000000000000000e+00
1.203583000000019894e+02,0.000000000000000000e+00
1.204583000000019837e+02,0.000000000000000000e+00
1.205583000000019922e+02,0.000000000000000000e+00
1.206583000000020007e+02,0.000000000000000000e+00
1.207583000000019950e+02,0.000000000000000000e+00
1.208583000000020036e+02,0.000000000000000000e+00
1.209583000000020121e+02,0.000000000000000000e+00
1.210583000000020064e+02,0.000000000000000000e+00
1.211583000000020007e+02,0.000000000000000000e+00
1.212583000000019950e+02,0.000000000000000000e+00
1.213583000000020036e+02,0.000000000000000000e+00
1.214583000000020121e+02,0.000000000000000000e+00
1.215583000000020064e+02,0.000000000000000000e+00
1.216583000000020149e+02,0.000000000000000000e+00
1.217583000000020235e+02,0.000000000000000000e+00
1.218583000000020178e+02,0.000000000000000000e+00
1.219583000000020121e+02,0.000000000000000000e+00
1.220583000000020064e+02,0.000000000000000000e+00
1.221583000000020149e+02,0.000000000000000000e+00
1.222583000000020235e+02,0.000000000000000000e+00
1.223583000000020178e+02,0.000000000000000000e+00
1.224583000000020263e+02,0.000000000000000000e+00
1.225583000000020348e+02,0.000000000000000000e+00
1.226583000000020292e+02,0.000000000000000000e+00
1.227583000000020235e+02,0.000000000000000000e+00
1.228583000000020178e+02,0.000000000000000000e+00
1.229583000000020263e+02,0.000000000000000000e+00
1.230583000000020348e+02,0.000000000000000000e+00
1.231583000000020292e+02,0.000000000000000000e+00
1.232583000000020377e+02,0.000000000000000000e+00
1.233583000000020462e+02,0.000000000000000000e+00
1.234583000000020405e+02,0.000000000000000000e+00
1.235583000000020348e+02,0.000000000000000000e+00
1.236583000000020292e+02,0.000000000000000000e+00
1.237583000000020377e+02,0.000000000000000000e+00
1.238583000000020462e+02,0.000000000000000000e+00
1.239583000000020405e+02,0.000000000000000000e+00
1.240583000000020490e+02,0.000000000000000000e+00
1.241583000000020576e+02,0.000000000000000000e+00
1.242583000000020519e+02,1.024590163934484439e-02
1.243583000000020462e+02,0.000000000000000000e+00
1.244583000000020405e+02,0.000000000000000000e+00
1.245583000000020490e+02,0.000000000000000000e+00
1.246583000000020576e+02,1.024590163934484439e-02
1.247583000000020519e+02,0.000000000000000000e+00
1.248583000000020604e+02,0.000000000000000000e+00
1.249583000000020689e+02,0.000000000000000000e+00
1.250583000000020633e+02,0.000000000000000000e+00
1.251583000000020576e+02,1.024590163934484439e-02
1.252583000000020519e+02,0.000000000000000000e+00
1.253583000000020604e+02,0.000000000000000000e+00
1.254583000000020689e+02,0.000000000000000000e+00
1.255583000000020633e+02,0.000000000000000000e+00
1.256583000000020718e+02,0.000000000000000000e+00
1.257583000000020803e+02,0.000000000000000000e+00
1.258583000000020746e+02,0.000000000000000000e+00
1.259583000000020689e+02,0.000000000000000000e+00
1.260583000000020633e+02,0.000000000000000000e+00
1.261583000000020718e+02,0.000000000000000000e+00
1.262583000000020803e+02,0.000000000000000000e+00
1.263583000000020746e+02,0.000000000000000000e+00
1.264583000000020832e+02,0.000000000000000000e+00
1.265583000000020917e+02,0.000000000000000000e+00
1.266583000000020860e+02,0.000000000000000000e+00
1.267583000000020803e+02,0.000000000000000000e+00
1.268583000000020746e+02,0.000000000000000000e+00
1.269583000000020832e+02,0.000000000000000000e+00
1.270583000000020917e+02,0.000000000000000000e+00
1.271583000000020860e+02,0.000000000000000000e+00
1.272583000000020945e+02,0.000000000000000000e+00
1.273583000000021030e+02,0.000000000000000000e+00
1.274583000000020974e+02,0.000000000000000000e+00
1.275583000000020917e+02,0.000000000000000000e+00
1.276583000000020860e+02,0.000000000000000000e+00
1.277583000000020945e+02,0.000000000000000000e+00
1.278583000000021030e+02,0.000000000000000000e+00
1.279583000000020974e+02,0.000000000000000000e+00
1.280583000000021059e+02,0.000000000000000000e+00
1.281583000000021002e+02,0.000000000000000000e+00
1.282583000000021229e+02,0.000000000000000000e+00
1.283583000000020888e+02,0.000000000000000000e+00
1.284583000000021116e+02,0.000000000000000000e+00
1.285583000000021059e+02,0.000000000000000000e+00
1.286583000000021002e+02,0.000000000000000000e+00
1.287583000000021229e+02,0.000000000000000000e+00
1.288583000000021173e+02,0.000000000000000000e+00
1.289583000000021116e+02,0.000000000000000000e+00
1.290583000000021343e+02,0.000000000000000000e+00
1.291583000000021002e+02,0.000000000000000000e+00
1.292583000000021229e+02,0.000000000000000000e+00
1.293583000000021173e+02,0.000000000000000000e+00
1.294583000000021116e+02,0.000000000000000000e+00
1.295583000000021343e+02,0.000000000000000000e+00
1.296583000000021286e+02,0.000000000000000000e+00
1.297583000000021229e+02,0.000000000000000000e+00
1.298583000000021457e+02,0.000000000000000000e+00
1.299583000000021116e+02,0.000000000000000000e+00
1.300583000000021343e+02,0.000000000000000000e+00
1.301583000000021286e+02,0.000000000000000000e+00
1.302583000000021229e+02,0.000000000000000000e+00
1.303583000000021457e+02,0.000000000000000000e+00
1.304583000000021400e+02,0.000000000000000000e+00
1.305583000000021343e+02,0.000000000000000000e+00
1.306583000000021570e+02,0.000000000000000000e+00
1.307583000000021229e+02,0.000000000000000000e+00
1.308583000000021457e+02,0.000000000000000000e+00
1.309583000000021400e+02,0.000000000000000000e+00
1.310583000000021343e+02,0.000000000000000000e+00
1.311583000000021570e+02,0.000000000000000000e+00
1.312583000000021514e+02,0.000000000000000000e+00
1.313583000000021457e+02,0.000000000000000000e+00
1.314583000000021684e+02,0.000000000000000000e+00
1.315583000000021343e+02,0.000000000000000000e+00
1.316583000000021570e+02,0.000000000000000000e+00
1.317583000000021514e+02,0.000000000000000000e+00
1.318583000000021457e+02,0.000000000000000000e+00
1.319583000000021684e+02,0.000000000000000000e+00
1.320583000000021627e+02,0.000000000000000000e+00
1.321583000000021570e+02,0.000000000000000000e+00
1.322583000000021798e+02,0.000000000000000000e+00
1.323583000000021457e+02,0.000000000000000000e+00
1.324583000000021684e+02,0.000000000000000000e+00
1.325583000000021627e+02,0.000000000000000000e+00
1.326583000000021570e+02,0.000000000000000000e+00
1.327583000000021798e+02,0.000000000000000000e+00
1.328583000000021741e+02,0.000000000000000000e+00
1.329583000000021684e+02,0.000000000000000000e+00
1.330583000000021912e+02,0.000000000000000000e+00
1.331583000000021570e+02,0.000000000000000000e+00
1.332583000000021798e+02,0.000000000000000000e+00
1.333583000000021741e+02,0.000000000000000000e+00
1.334583000000021684e+02,0.000000000000000000e+00
1.335583000000021912e+02,0.000000000000000000e+00
1.336583000000021855e+02,0.000000000000000000e+00
1.337583000000021798e+02,0.000000000000000000e+00
1.338583000000022025e+02,0.000000000000000000e+00
1.339583000000021684e+02,0.000000000000000000e+00
1.340583000000021912e+02,0.000000000000000000e+00
1.341583000000021855e+02,0.000000000000000000e+00
1.342583000000021798e+02,0.000000000000000000e+00
1.343583000000022025e+02,0.000000000000000000e+00
1.344583000000021968e+02,0.000000000000000000e+00
1.345583000000021912e+02,0.000000000000000000e+00
1.346583000000022139e+02,0.000000000000000000e+00
1.347583000000021798e+02,0.000000000000000000e+00
1.348583000000022025e+02,0.000000000000000000e+00
1.349583000000021968e+02,0.000000000000000000e+00
1.350583000000021912e+02,0.000000000000000000e+00
1.351583000000022139e+02,0.000000000000000000e+00
1.352583000000022082e+02,0.000000000000000000e+00
1.353583000000022025e+02,0.000000000000000000e+00
1.354583000000022253e+02,0.000000000000000000e+00
1.355583000000021912e+02,0.000000000000000000e+00
1.356583000000022139e+02,0.000000000000000000e+00
1.357583000000022082e+02,0.000000000000000000e+00
1.358583000000022025e+02,0.000000000000000000e+00
1.359583000000022253e+02,0.000000000000000000e+00
1.360583000000022196e+02,0.000000000000000000e+00
1.361583000000022139e+02,0.000000000000000000e+00
1.362583000000022366e+02,0.000000000000000000e+00
1.363583000000022025e+02,0.000000000000000000e+00
1.364583000000022253e+02,0.000000000000000000e+00
1.365583000000022196e+02,0.000000000000000000e+00
1.366583000000022139e+02,0.000000000000000000e+00
1.367583000000022366e+02,0.000000000000000000e+00
1.368583000000022309e+02,0.000000000000000000e+00
1.369583000000022253e+02,0.000000000000000000e+00
1.370583000000022480e+02,0.000000000000000000e+00
1.371583000000022139e+02,0.000000000000000000e+00
1.372583000000022366e+02,0.000000000000000000e+00
1.373583000000022309e+02,0.000000000000000000e+00
1.374583000000022253e+02,0.000000000000000000e+00
1.375583000000022480e+02,0.000000000000000000e+00
1.376583000000022423e+02,0.000000000000000000e+00
1.377583000000022366e+02,0.000000000000000000e+00
1.378583000000022594e+02,0.000000000000000000e+00
1.379583000000022253e+02,0.000000000000000000e+00
1.380583000000022480e+02,0.000000000000000000e+00
1.381583000000022423e+02,0.000000000000000000e+00
1.382583000000022366e+02,0.000000000000000000e+00
1.383583000000022594e+02,0.000000000000000000e+00
1.384583000000022537e+02,0.000000000000000000e+00
1.385583000000022480e+02,0.000000000000000000e+00
1.386583000000022707e+02,0.000000000000000000e+00
1.387583000000022366e+02,0.000000000000000000e+00
1.388583000000022594e+02,0.000000000000000000e+00
1.389583000000022537e+02,0.000000000000000000e+00
1.390583000000022480e+02,0.000000000000000000e+00
1.391583000000022707e+02,0.000000000000000000e+00
1.392583000000022651e+02,0.000000000000000000e+00
1.393583000000022594e+02,0.000000000000000000e+00
1.394583000000022821e+02,0.000000000000000000e+00
1.395583000000022480e+02,0.000000000000000000e+00
1.396583000000022707e+02,0.000000000000000000e+00
1.397583000000022651e+02,0.000000000000000000e+00
1.398583000000022594e+02,0.000000000000000000e+00
1.399583000000022821e+02,0.000000000000000000e+00
1.400583000000022764e+02,0.000000000000000000e+00
1.401583000000022707e+02,0.000000000000000000e+00
1.402583000000022935e+02,0.000000000000000000e+00
1.403583000000022594e+02,0.000000000000000000e+00
1.404583000000022821e+02,0.000000000000000000e+00
1.405583000000022764e+02,0.000000000000000000e+00
1.406583000000022707e+02,0.000000000000000000e+00
1.407583000000022935e+02,0.000000000000000000e+00
1.408583000000022878e+02,0.000000000000000000e+00
1.409583000000022821e+02,0.000000000000000000e+00
1.410583000000023048e+02,0.000000000000000000e+00
1.411583000000022707e+02,0.000000000000000000e+00
1.412583000000022935e+02,0.000000000000000000e+00
1.413583000000022878e+02,0.000000000000000000e+00
1.414583000000022821e+02,0.000000000000000000e+00
1.415583000000023048e+02,0.000000000000000000e+00
1.416583000000022992e+02,0.000000000000000000e+00
1.417583000000022935e+02,0.000000000000000000e+00
1.418583000000023162e+02,0.000000000000000000e+00
1.419583000000022821e+02,0.000000000000000000e+00
1.420583000000023048e+02,0.000000000000000000e+00
1.421583000000022992e+02,0.000000000000000000e+00
1.422583000000022935e+02,0.000000000000000000e+00
1.423583000000023162e+02,0.000000000000000000e+00
1.424583000000023105e+02,0.000000000000000000e+00
1.425583000000023048e+02,0.000000000000000000e+00
1.426583000000023276e+02,0.000000000000000000e+00
1.427583000000022935e+02,0.000000000000000000e+00
1.428583000000023162e+02,0.000000000000000000e+00
1.429583000000023105e+02,0.000000000000000000e+00
1.430583000000023048e+02,0.000000000000000000e+00
1.431583000000023276e+02,0.000000000000000000e+00
1.432583000000023219e+02,0.000000000000000000e+00
1.433583000000023162e+02,0.000000000000000000e+00
1.434583000000023389e+02,0.000000000000000000e+00
1.435583000000023048e+02,0.000000000000000000e+00
1.436583000000023276e+02,0.000000000000000000e+00
1.437583000000023219e+02,0.000000000000000000e+00
1.438583000000023162e+02,0.000000000000000000e+00
1.439583000000023389e+02,0.000000000000000000e+00
1.440583000000023333e+02,0.000000000000000000e+00
1.441583000000023276e+02,0.000000000000000000e+00
1.442583000000023503e+02,0.000000000000000000e+00
1.443583000000023162e+02,0.000000000000000000e+00
1.444583000000023389e+02,0.000000000000000000e+00
1.445583000000023333e+02,0.000000000000000000e+00
1.446583000000023276e+02,0.000000000000000000e+00
1.447583000000023503e+02,0.000000000000000000e+00
1.448583000000023446e+02,0.000000000000000000e+00
1.449583000000023389e+02,0.000000000000000000e+00
1.450583000000023617e+02,0.000000000000000000e+00
1.451583000000023276e+02,0.000000000000000000e+00
1.452583000000023503e+02,0.000000000000000000e+00
1.453583000000023446e+02,0.000000000000000000e+00
1.454583000000023389e+02,0.000000000000000000e+00
1.455583000000023617e+02,0.000000000000000000e+00
1.456583000000023560e+02,0.000000000000000000e+00
1.457583000000023503e+02,0.000000000000000000e+00
1.458583000000023731e+02,0.000000000000000000e+00
1.459583000000023389e+02,0.000000000000000000e+00
1.460583000000023617e+02,0.000000000000000000e+00
1.461583000000023560e+02,0.000000000000000000e+00
1.462583000000023503e+02,0.000000000000000000e+00
1.463583000000023731e+02,0.000000000000000000e+00
1.464583000000023674e+02,0.000000000000000000e+00
1.465583000000023617e+02,0.000000000000000000e+00
1.466583000000023844e+02,0.000000000000000000e+00
1.467583000000023503e+02,0.000000000000000000e+00
1.468583000000023731e+02,0.000000000000000000e+00
1.469583000000023674e+02,0.000000000000000000e+00
1.470583000000023617e+02,0.000000000000000000e+00
1.471583000000023844e+02,0.000000000000000000e+00
1.472583000000023787e+02,0.000000000000000000e+00
1.473583000000023731e+02,0.000000000000000000e+00
1.474583000000023958e+02,0.000000000000000000e+00
1.475583000000023617e+02,0.000000000000000000e+00
1.476583000000023844e+02,0.000000000000000000e+00
1.477583000000023787e+02,0.000000000000000000e+00
1.478583000000023731e+02,0.000000000000000000e+00
1.479583000000023958e+02,0.000000000000000000e+00
1.480583000000023901e+02,0.000000000000000000e+00
1.481583000000023844e+02,0.000000000000000000e+00
1.482583000000024072e+02,0.000000000000000000e+00
1.483583000000023731e+02,0.000000000000000000e+00
1.484583000000023958e+02,0.000000000000000000e+00
1.485583000000023901e+02,0.000000000000000000e+00
1.486583000000023844e+02,0.000000000000000000e+00
1.487583000000024072e+02,0.000000000000000000e+00
1.488583000000024015e+02,0.000000000000000000e+00
1.489583000000023958e+02,0.000000000000000000e+00
1.490583000000024185e+02,0.000000000000000000e+00
1.491583000000023844e+02,0.000000000000000000e+00
1.492583000000024072e+02,0.000000000000000000e+00
1.493583000000024015e+02,0.000000000000000000e+00
1.494583000000023958e+02,0.000000000000000000e+00
1.495583000000024185e+02,0.000000000000000000e+00
1.496583000000024128e+02,0.000000000000000000e+00
1.497583000000024072e+02,0.000000000000000000e+00
1.498583000000024299e+02,0.000000000000000000e+00
1.499583000000023958e+02,0.000000000000000000e+00
1.500583000000024185e+02,0.000000000000000000e+00
1.501583000000024128e+02,0.000000000000000000e+00
1.502583000000024072e+02,0.000000000000000000e+00
1.503583000000024299e+02,0.000000000000000000e+00
1.504583000000024242e+02,0.000000000000000000e+00
1.505583000000024185e+02,0.000000000000000000e+00
1.506583000000024413e+02,0.000000000000000000e+00
1.507583000000024072e+02,0.000000000000000000e+00
1.508583000000024299e+02,0.000000000000000000e+00
1.509583000000024242e+02,0.000000000000000000e+00
1.510583000000024185e+02,0.000000000000000000e+00
1.511583000000024413e+02,0.000000000000000000e+00
1.512583000000024356e+02,0.000000000000000000e+00
1.513583000000024299e+02,0.000000000000000000e+00
1.514583000000024526e+02,0.000000000000000000e+00
1.515583000000024185e+02,0.000000000000000000e+00
1.516583000000024413e+02,0.000000000000000000e+00
1.517583000000024356e+02,0.000000000000000000e+00
1.518583000000024299e+02,0.000000000000000000e+00
1.519583000000024526e+02,0.000000000000000000e+00
1.520583000000024470e+02,0.000000000000000000e+00
1.521583000000024413e+02,0.000000000000000000e+00
1.522583000000024640e+02,0.000000000000000000e+00
1.523583000000024299e+02,0.000000000000000000e+00
1.524583000000024526e+02,0.000000000000000000e+00
1.525583000000024470e+02,0.000000000000000000e+00
1.526583000000024413e+02,0.000000000000000000e+00
1.527583000000024640e+02,0.000000000000000000e+00
1.528583000000024583e+02,0.000000000000000000e+00
1.529583000000024526e+02,0.000000000000000000e+00
1.530583000000024754e+02,0.000000000000000000e+00
1.531583000000024413e+02,0.000000000000000000e+00
1.532583000000024640e+02,0.000000000000000000e+00
1.533583000000024583e+02,0.000000000000000000e+00
1.534583000000024526e+02,0.000000000000000000e+00
1.535583000000024754e+02,0.000000000000000000e+00
1.536583000000024697e+02,0.000000000000000000e+00
1.537583000000024640e+02,0.000000000000000000e+00
1.538583000000024867e+02,0.000000000000000000e+00
1.539583000000024526e+02,0.000000000000000000e+00
1.540583000000024754e+02,0.000000000000000000e+00
1.541583000000024697e+02,0.000000000000000000e+00
1.542583000000024640e+02,0.000000000000000000e+00
1.543583000000024867e+02,0.000000000000000000e+00
1.544583000000024811e+02,0.000000000000000000e+00
1.545583000000024754e+02,0.000000000000000000e+00
1.546583000000024981e+02,0.000000000000000000e+00
1.547583000000024640e+02,0.000000000000000000e+00
1.548583000000024867e+02,0.000000000000000000e+00
1.549583000000024811e+02,0.000000000000000000e+00
1.550583000000024754e+02,0.000000000000000000e+00
1.551583000000024981e+02,0.000000000000000000e+00
1.552583000000024924e+02,0.000000000000000000e+00
1.553583000000024867e+02,0.000000000000000000e+00
1.554583000000025095e+02,0.000000000000000000e+00
1.555583000000024754e+02,0.000000000000000000e+00
1.556583000000024981e+02,0.000000000000000000e+00
1.557583000000024924e+02,0.000000000000000000e+00
1.558583000000024867e+02,0.000000000000000000e+00
1.559583000000025095e+02,0.000000000000000000e+00
1.560583000000025038e+02,0.000000000000000000e+00
1.561583000000024981e+02,0.000000000000000000e+00
1.562583000000025208e+02,0.000000000000000000e+00
1.563583000000024867e+02,0.000000000000000000e+00
1.564583000000025095e+02,0.000000000000000000e+00
1.565583000000025038e+02,0.000000000000000000e+00
1.566583000000024981e+02,0.000000000000000000e+00
1.567583000000025208e+02,0.000000000000000000e+00
1.568583000000025152e+02,0.000000000000000000e+00
1.569583000000025095e+02,0.000000000000000000e+00
1.570583000000025322e+02,0.000000000000000000e+00
1.571583000000024981e+02,0.000000000000000000e+00
1.572583000000025208e+02,0.000000000000000000e+00
1.573583000000025152e+02,1.024590163934193179e-02
1.574583000000025095e+02,1.024590163934484439e-02
1.575583000000025322e+02,0.000000000000000000e+00
1.576583000000025265e+02,2.049180327868386359e-02
1.577583000000025208e+02,1.024590163934484439e-02
1.578583000000025436e+02,0.000000000000000000e+00
1.579583000000025095e+02,0.000000000000000000e+00
1.580583000000025322e+02,0.000000000000000000e+00
1.581583000000025265e+02,0.000000000000000000e+00
1.582583000000025208e+02,0.000000000000000000e+00
1.583583000000025436e+02,0.000000000000000000e+00
1.584583000000025379e+02,0.000000000000000000e+00
1.585583000000025322e+02,0.000000000000000000e+00
1.586583000000025550e+02,0.000000000000000000e+00
1.587583000000025208e+02,0.000000000000000000e+00
1.588583000000025436e+02,0.000000000000000000e+00
1.589583000000025379e+02,0.000000000000000000e+00
1.590583000000025322e+02,0.000000000000000000e+00
1.591583000000025550e+02,0.000000000000000000e+00
1.592583000000025493e+02,0.000000000000000000e+00
1.593583000000025436e+02,0.000000000000000000e+00
1.594583000000025663e+02,0.000000000000000000e+00
1.595583000000025322e+02,0.000000000000000000e+00
1.596583000000025550e+02,0.000000000000000000e+00
1.597583000000025493e+02,0.000000000000000000e+00
1.598583000000025436e+02,0.000000000000000000e+00
1.599583000000025663e+02,0.000000000000000000e+00
1.600583000000025606e+02,0.000000000000000000e+00
1.601583000000025550e+02,0.000000000000000000e+00
1.602583000000025777e+02,0.000000000000000000e+00
1.603583000000025436e+02,0.000000000000000000e+00
1.604583000000025663e+02,0.000000000000000000e+00
1.605583000000025606e+02,0.000000000000000000e+00
1.606583000000025550e+02,0.000000000000000000e+00
1.607583000000025777e+02,0.000000000000000000e+00
1.608583000000025720e+02,0.000000000000000000e+00
1.609583000000025663e+02,0.000000000000000000e+00
1.610583000000025891e+02,0.000000000000000000e+00
1.611583000000025550e+02,0.000000000000000000e+00
1.612583000000025777e+02,0.000000000000000000e+00
1.613583000000025720e+02,0.000000000000000000e+00
1.614583000000025663e+02,0.000000000000000000e+00
1.615583000000025891e+02,0.000000000000000000e+00
1.616583000000025834e+02,0.000000000000000000e+00
1.617583000000025777e+02,0.000000000000000000e+00
1.618583000000026004e+02,0.000000000000000000e+00
1.619583000000025663e+02,0.000000000000000000e+00
1.620583000000025891e+02,0.000000000000000000e+00
1.621583000000025834e+02,0.000000000000000000e+00
1.622583000000025777e+02,0.000000000000000000e+00
1.623583000000026004e+02,0.000000000000000000e+00
1.624583000000025947e+02,0.000000000000000000e+00
1.625583000000025891e+02,0.000000000000000000e+00
1.626583000000026118e+02,0.000000000000000000e+00
1.627583000000025777e+02,0.000000000000000000e+00
1.628583000000026004e+02,0.000000000000000000e+00
1.629583000000025947e+02,0.000000000000000000e+00
1.630583000000025891e+02,0.000000000000000000e+00
1.631583000000026118e+02,0.000000000000000000e+00
1.632583000000026061e+02,0.000000000000000000e+00
1.633583000000026004e+02,0.000000000000000000e+00
1.634583000000026232e+02,0.000000000000000000e+00
1.635583000000025891e+02,0.000000000000000000e+00
1.636583000000026118e+02,0.000000000000000000e+00
1.637583000000026061e+02,0.000000000000000000e+00
1.638583000000026004e+02,0.000000000000000000e+00
1.639583000000026232e+02,0.000000000000000000e+00
1.640583000000026175e+02,0.000000000000000000e+00
1.641583000000026118e+02,0.000000000000000000e+00
1.642583000000026345e+02,0.000000000000000000e+00
1.643583000000026004e+02,0.000000000000000000e+00
1.644583000000026232e+02,0.000000000000000000e+00
1.645583000000026175e+02,0.000000000000000000e+00
1.646583000000026118e+02,0.000000000000000000e+00
1.647583000000026345e+02,0.000000000000000000e+00
1.648583000000026288e+02,0.000000000000000000e+00
1.649583000000026232e+02,0.000000000000000000e+00
1.650583000000026459e+02,0.000000000000000000e+00
1.651583000000026118e+02,0.000000000000000000e+00
1.652583000000026345e+02,0.000000000000000000e+00
1.653583000000026288e+02,0.000000000000000000e+00
1.654583000000026232e+02,0.000000000000000000e+00
1.655583000000026459e+02,0.000000000000000000e+00
1.656583000000026402e+02,0.000000000000000000e+00
1.657583000000026345e+02,0.000000000000000000e+00
1.658583000000026573e+02,0.000000000000000000e+00
1.659583000000026232e+02,0.000000000000000000e+00
1.660583000000026459e+02,0.000000000000000000e+00
1.661583000000026402e+02,0.000000000000000000e+00
1.662583000000026345e+02,0.000000000000000000e+00
1.663583000000026573e+02,0.000000000000000000e+00
1.664583000000026516e+02,0.000000000000000000e+00
1.665583000000026459e+02,0.000000000000000000e+00
1.666583000000026686e+02,0.000000000000000000e+00
1.667583000000026345e+02,0.000000000000000000e+00
1.668583000000026573e+02,0.000000000000000000e+00
1.669583000000026516e+02,0.000000000000000000e+00
1.670583000000026459e+02,0.000000000000000000e+00
1.671583000000026686e+02,0.000000000000000000e+00
1.672583000000026630e+02,0.000000000000000000e+00
1.673583000000026573e+02,0.000000000000000000e+00
1.674583000000026800e+02,0.000000000000000000e+00
1.675583000000026459e+02,0.000000000000000000e+00
1.676583000000026686e+02,0.000000000000000000e+00
1.677583000000026630e+02,0.000000000000000000e+00
1.678583000000026573e+02,0.000000000000000000e+00
1.679583000000026800e+02,0.000000000000000000e+00
1.680583000000026743e+02,0.000000000000000000e+00
1.681583000000026686e+02,0.000000000000000000e+00
1.682583000000026914e+02,0.000000000000000000e+00
1.683583000000026573e+02,0.000000000000000000e+00
1.684583000000026800e+02,0.000000000000000000e+00
1.685583000000026743e+02,1.024590163934193179e-02
1.686583000000026686e+02,0.000000000000000000e+00
1.687583000000026914e+02,0.000000000000000000e+00
1.688583000000026857e+02,0.000000000000000000e+00
1.689583000000026800e+02,0.000000000000000000e+00
1.690583000000027027e+02,0.000000000000000000e+00
1.691583000000026686e+02,0.000000000000000000e+00
1.692583000000026914e+02,0.000000000000000000e+00
1.693583000000026857e+02,0.000000000000000000e+00
1.694583000000026800e+02,0.000000000000000000e+00
1.695583000000027027e+02,0.000000000000000000e+00
1.696583000000026971e+02,0.000000000000000000e+00
1.697583000000026914e+02,0.000000000000000000e+00
1.698583000000027141e+02,0.000000000000000000e+00
1.699583000000026800e+02,0.000000000000000000e+00
1.700583000000027027e+02,0.000000000000000000e+00
1.701583000000026971e+02,0.000000000000000000e+00
1.702583000000026914e+02,0.000000000000000000e+00
1.703583000000027141e+02,0.000000000000000000e+00
1.704583000000027084e+02,0.000000000000000000e+00
1.705583000000027027e+02,0.000000000000000000e+00
1.706583000000027255e+02,0.000000000000000000e+00
1.707583000000026914e+02,0.000000000000000000e+00
1.708583000000027141e+02,0.000000000000000000e+00
1.709583000000027084e+02,0.000000000000000000e+00
1.710583000000027027e+02,0.000000000000000000e+00
1.711583000000027255e+02,0.000000000000000000e+00
1.712583000000027198e+02,0.000000000000000000e+00
1.713583000000027141e+02,0.000000000000000000e+00
1.714583000000027369e+02,0.000000000000000000e+00
1.715583000000027027e+02,0.000000000000000000e+00
1.716583000000027255e+02,0.000000000000000000e+00
1.717583000000027198e+02,0.000000000000000000e+00
1.718583000000027141e+02,0.000000000000000000e+00
1.719583000000027369e+02,0.000000000000000000e+00
1.720583000000027312e+02,0.000000000000000000e+00
1.721583000000027255e+02,0.000000000000000000e+00
1.722583000000027482e+02,0.000000000000000000e+00
1.723583000000027141e+02,0.000000000000000000e+00
1.724583000000027369e+02,0.000000000000000000e+00
1.725583000000027312e+02,0.000000000000000000e+00
1.726583000000027255e+02,0.000000000000000000e+00
1.727583000000027482e+02,0.000000000000000000e+00
1.728583000000027425e+02,0.000000000000000000e+00
1.729583000000027369e+02,0.000000000000000000e+00
1.730583000000027596e+02,0.000000000000000000e+00
1.731583000000027255e+02,0.000000000000000000e+00
1.732583000000027482e+02,0.000000000000000000e+00
1.733583000000027425e+02,0.000000000000000000e+00
1.734583000000027369e+02,0.000000000000000000e+00
1.735583000000027596e+02,0.000000000000000000e+00
1.736583000000027539e+02,0.000000000000000000e+00
1.737583000000027482e+02,0.000000000000000000e+00
1.738583000000027710e+02,0.000000000000000000e+00
1.739583000000027369e+02,0.000000000000000000e+00
1.740583000000027596e+02,0.000000000000000000e+00
1.741583000000027539e+02,0.000000000000000000e+00
1.742583000000027482e+02,0.000000000000000000e+00
1.743583000000027710e+02,0.000000000000000000e+00
1.744583000000027653e+02,0.000000000000000000e+00
1.745583000000027596e+02,0.000000000000000000e+00
1.746583000000027823e+02,0.000000000000000000e+00
1.747583000000027482e+02,0.000000000000000000e+00
1.748583000000027710e+02,0.000000000000000000e+00
1.749583000000027653e+02,0.000000000000000000e+00
1.750583000000027596e+02,0.000000000000000000e+00
1.751583000000027823e+02,0.000000000000000000e+00
1.752583000000027766e+02,0.000000000000000000e+00
1.753583000000027710e+02,0.000000000000000000e+00
1.754583000000027937e+02,0.000000000000000000e+00
1.755583000000027596e+02,0.000000000000000000e+00
1.756583000000027823e+02,0.000000000000000000e+00
1.757583000000027766e+02,0.000000000000000000e+00
1.758583000000027710e+02,0.000000000000000000e+00
1.759583000000027937e+02,0.000000000000000000e+00
1.760583000000027880e+02,0.000000000000000000e+00
1.761583000000027823e+02,0.000000000000000000e+00
1.762583000000028051e+02,0.000000000000000000e+00
1.763583000000027710e+02,0.000000000000000000e+00
1.764583000000027937e+02,0.000000000000000000e+00
1.765583000000027880e+02,0.000000000000000000e+00
1.766583000000027823e+02,0.000000000000000000e+00
1.767583000000028051e+02,0.000000000000000000e+00
1.768583000000027994e+02,0.000000000000000000e+00
1.769583000000027937e+02,0.000000000000000000e+00
1.770583000000028164e+02,0.000000000000000000e+00
1.771583000000027823e+02,0.000000000000000000e+00
1.772583000000028051e+02,0.000000000000000000e+00
1.773583000000027994e+02,0.000000000000000000e+00
1.774583000000027937e+02,0.000000000000000000e+00
1.775583000000028164e+02,0.000000000000000000e+00
1.776583000000028107e+02,0.000000000000000000e+00
1.777583000000028051e+02,0.000000000000000000e+00
1.778583000000028278e+02,0.000000000000000000e+00
1.779583000000027937e+02,0.000000000000000000e+00
1.780583000000028164e+02,0.000000000000000000e+00
1.781583000000028107e+02,0.000000000000000000e+00
1.782583000000028051e+02,0.000000000000000000e+00
1.783583000000028278e+02,0.000000000000000000e+00
1.784583000000028221e+02,0.000000000000000000e+00
1.785583000000028164e+02,0.000000000000000000e+00
1.786583000000028392e+02,0.000000000000000000e+00
1.787583000000028051e+02,0.000000000000000000e+00
1.788583000000028278e+02,0.000000000000000000e+00
1.789583000000028221e+02,0.000000000000000000e+00
1.790583000000028164e+02,0.000000000000000000e+00
1.791583000000028392e+02,0.000000000000000000e+00
1.792583000000028335e+02,0.000000000000000000e+00
1.793583000000028278e+02,0.000000000000000000e+00
1.794583000000028505e+02,0.000000000000000000e+00
1.795583000000028164e+02,0.000000000000000000e+00
1.796583000000028392e+02,0.000000000000000000e+00
1.797583000000028335e+02,0.000000000000000000e+00
1.798583000000028278e+02,0.000000000000000000e+00
1.799583000000028505e+02,0.000000000000000000e+00
1.800583000000028449e+02,0.000000000000000000e+00
1.801583000000028392e+02,0.000000000000000000e+00
1.802583000000028619e+02,0.000000000000000000e+00
1.803583000000028278e+02,0.000000000000000000e+00
1.804583000000028505e+02,0.000000000000000000e+00
1.805583000000028449e+02,0.000000000000000000e+00
1.806583000000028392e+02,0.000000000000000000e+00
1.807583000000028619e+02,0.000000000000000000e+00
1.808583000000028562e+02,0.000000000000000000e+00
1.809583000000028505e+02,0.000000000000000000e+00
1.810583000000028733e+02,0.000000000000000000e+00
1.811583000000028392e+02,0.000000000000000000e+00
1.812583000000028619e+02,0.000000000000000000e+00
1.813583000000028562e+02,0.000000000000000000e+00
1.814583000000028505e+02,0.000000000000000000e+00
1.815583000000028733e+02,0.000000000000000000e+00
1.816583000000028676e+02,0.000000000000000000e+00
1.817583000000028619e+02,0.000000000000000000e+00
1.818583000000028846e+02,0.000000000000000000e+00
1.819583000000028505e+02,0.000000000000000000e+00
1.820583000000028733e+02,0.000000000000000000e+00
1.821583000000028676e+02,0.000000000000000000e+00
1.822583000000028619e+02,0.000000000000000000e+00
1.823583000000028846e+02,0.000000000000000000e+00
1.824583000000028790e+02,0.000000000000000000e+00
1.825583000000028733e+02,0.000000000000000000e+00
1.826583000000028960e+02,0.000000000000000000e+00
1.827583000000028619e+02,0.000000000000000000e+00
1.828583000000028846e+02,0.000000000000000000e+00
1.829583000000028790e+02,0.000000000000000000e+00
1.830583000000028733e+02,0.000000000000000000e+00
1.831583000000028960e+02,0.000000000000000000e+00
1.832583000000028903e+02,0.000000000000000000e+00
1.833583000000028846e+02,0.000000000000000000e+00
1.834583000000029074e+02,0.000000000000000000e+00
1.835583000000028733e+02,0.000000000000000000e+00
1.836583000000028960e+02,0.000000000000000000e+00
1.837583000000028903e+02,0.000000000000000000e+00
1.838583000000028846e+02,0.000000000000000000e+00
1.839583000000029074e+02,0.000000000000000000e+00
1.840583000000029017e+02,0.000000000000000000e+00
1.841583000000028960e+02,0.000000000000000000e+00
1.842583000000029188e+02,0.000000000000000000e+00
1.843583000000028846e+02,0.000000000000000000e+00
1.844583000000029074e+02,0.000000000000000000e+00
1.845583000000029017e+02,0.000000000000000000e+00
1.846583000000028960e+02,0.000000000000000000e+00
1.847583000000029188e+02,0.000000000000000000e+00
1.848583000000029131e+02,0.000000000000000000e+00
1.849583000000029074e+02,0.000000000000000000e+00
1.850583000000029301e+02,0.000000000000000000e+00
1.851583000000028960e+02,0.000000000000000000e+00
1.852583000000029188e+02,0.000000000000000000e+00
1.853583000000029131e+02,0.000000000000000000e+00
1.854583000000029074e+02,0.000000000000000000e+00
1.855583000000029301e+02,0.000000000000000000e+00
1.856583000000029244e+02,0.000000000000000000e+00
1.857583000000029188e+02,0.000000000000000000e+00
1.858583000000029415e+02,0.000000000000000000e+00
1.859583000000029074e+02,0.000000000000000000e+00
1.860583000000029301e+02,0.000000000000000000e+00
1.861583000000029244e+02,0.000000000000000000e+00
1.862583000000029188e+02,0.000000000000000000e+00
1.863583000000029415e+02,0.000000000000000000e+00
1.864583000000029358e+02,0.000000000000000000e+00
1.865583000000029301e+02,0.000000000000000000e+00
1.866583000000029529e+02,0.000000000000000000e+00
1.867583000000029188e+02,0.000000000000000000e+00
1.868583000000029415e+02,0.000000000000000000e+00
1.869583000000029358e+02,0.000000000000000000e+00
1.870583000000029301e+02,0.000000000000000000e+00
1.871583000000029529e+02,0.000000000000000000e+00
1.872583000000029472e+02,0.000000000000000000e+00
1.873583000000029415e+02,0.000000000000000000e+00
1.874583000000029642e+02,0.000000000000000000e+00
1.875583000000029301e+02,0.000000000000000000e+00
1.876583000000029529e+02,0.000000000000000000e+00
1.877583000000029472e+02,0.000000000000000000e+00
1.878583000000029415e+02,0.000000000000000000e+00
1.879583000000029642e+02,0.000000000000000000e+00
1.880583000000029585e+02,0.000000000000000000e+00
1.881583000000029529e+02,0.000000000000000000e+00
1.882583000000029756e+02,0.000000000000000000e+00
1.883583000000029415e+02,0.000000000000000000e+00
1.884583000000029642e+02,0.000000000000000000e+00
1.885583000000029585e+02,0.000000000000000000e+00
1.886583000000029529e+02,0.000000000000000000e+00
1.887583000000029756e+02,0.000000000000000000e+00
1.888583000000029699e+02,0.000000000000000000e+00
1.889583000000029642e+02,0.000000000000000000e+00
1.890583000000029870e+02,0.000000000000000000e+00
1.891583000000029529e+02,0.000000000000000000e+00
1.892583000000029756e+02,0.000000000000000000e+00
1.893583000000029699e+02,0.000000000000000000e+00
1.894583000000029642e+02,0.000000000000000000e+00
1.895583000000029870e+02,0.000000000000000000e+00
1.896583000000029813e+02,0.000000000000000000e+00
1.897583000000029756e+02,0.000000000000000000e+00
1.898583000000029983e+02,0.000000000000000000e+00
1.899583000000029642e+02,0.000000000000000000e+00
1.900583000000029870e+02,0.000000000000000000e+00
1.901583000000029813e+02,0.000000000000000000e+00
1.902583000000029756e+02,0.000000000000000000e+00
1.903583000000029983e+02,0.000000000000000000e+00
1.904583000000029926e+02,0.000000000000000000e+00
1.905583000000029870e+02,0.000000000000000000e+00
1.906583000000030097e+02,0.000000000000000000e+00
1.907583000000029756e+02,0.000000000000000000e+00
1.908583000000029983e+02,0.000000000000000000e+00
1.909583000000029926e+02,0.000000000000000000e+00
1.910583000000029870e+02,0.000000000000000000e+00
1.911583000000030097e+02,0.000000000000000000e+00
1.912583000000030040e+02,0.000000000000000000e+00
1.913583000000029983e+02,0.000000000000000000e+00
1.914583000000030211e+02,0.000000000000000000e+00
1.915583000000029870e+02,0.000000000000000000e+00
1.916583000000030097e+02,0.000000000000000000e+00
1.917583000000030040e+02,0.000000000000000000e+00
1.918583000000029983e+02,0.000000000000000000e+00
1.919583000000030211e+02,0.000000000000000000e+00
1.920583000000030154e+02,0.000000000000000000e+00
1.921583000000030097e+02,0.000000000000000000e+00
1.922583000000030324e+02,0.000000000000000000e+00
1.923583000000029983e+02,0.000000000000000000e+00
1.924583000000030211e+02,0.000000000000000000e+00
1.925583000000030154e+02,0.000000000000000000e+00
1.926583000000030097e+02,0.000000000000000000e+00
1.927583000000030324e+02,0.000000000000000000e+00
1.928583000000030268e+02,0.000000000000000000e+00
1.929583000000030211e+02,0.000000000000000000e+00
1.930583000000030438e+02,0.000000000000000000e+00
1.931583000000030097e+02,0.000000000000000000e+00
1.932583000000030324e+02,0.000000000000000000e+00
1.933583000000030268e+02,0.000000000000000000e+00
1.934583000000030211e+02,0.000000000000000000e+00
1.935583000000030438e+02,0.000000000000000000e+00
1.936583000000030381e+02,0.000000000000000000e+00
1.937583000000030324e+02,0.000000000000000000e+00
1.938583000000030552e+02,0.000000000000000000e+00
1.939583000000030211e+02,0.000000000000000000e+00
1.940583000000030438e+02,0.000000000000000000e+00
1.941583000000030381e+02,0.000000000000000000e+00
1.942583000000030324e+02,0.000000000000000000e+00
1.943583000000030552e+02,0.000000000000000000e+00
1.944583000000030495e+02,0.000000000000000000e+00
1.945583000000030438e+02,0.000000000000000000e+00
1.946583000000030665e+02,0.000000000000000000e+00
1.947583000000030324e+02,0.000000000000000000e+00
1.948583000000030552e+02,0.000000000000000000e+00
1.949583000000030495e+02,0.000000000000000000e+00
1.950583000000030438e+02,0.000000000000000000e+00
1.951583000000030665e+02,0.000000000000000000e+00
1.952583000000030609e+02,0.000000000000000000e+00
1.953583000000030552e+02,0.000000000000000000e+00
1.954583000000030779e+02,0.000000000000000000e+00
1.955583000000030438e+02,0.000000000000000000e+00
1.956583000000030665e+02,0.000000000000000000e+00
1.957583000000030609e+02,0.000000000000000000e+00
1.958583000000030552e+02,0.000000000000000000e+00
1.959583000000030779e+02,0.000000000000000000e+00
1.960583000000030722e+02,0.000000000000000000e+00
1.961583000000030665e+02,0.000000000000000000e+00
1.962583000000030893e+02,0.000000000000000000e+00
1.963583000000030552e+02,0.000000000000000000e+00
1.964583000000030779e+02,0.000000000000000000e+00
1.965583000000030722e+02,0.000000000000000000e+00
1.966583000000030665e+02,0.000000000000000000e+00
1.967583000000030893e+02,0.000000000000000000e+00
1.968583000000030836e+02,0.000000000000000000e+00
1.969583000000030779e+02,0.000000000000000000e+00
1.970583000000031006e+02,0.000000000000000000e+00
1.971583000000030665e+02,0.000000000000000000e+00
1.972583000000030893e+02,0.000000000000000000e+00
1.973583000000030836e+02,0.000000000000000000e+00
1.974583000000030779e+02,0.000000000000000000e+00
1.975583000000031006e+02,0.000000000000000000e+00
1.976583000000030950e+02,0.000000000000000000e+00
1.977583000000030893e+02,0.000000000000000000e+00
1.978583000000031120e+02,0.000000000000000000e+00
1.979583000000030779e+02,0.000000000000000000e+00
1.980583000000031006e+02,0.000000000000000000e+00
1.981583000000030950e+02,0.000000000000000000e+00
1.982583000000030893e+02,0.000000000000000000e+00
1.983583000000031120e+02,0.000000000000000000e+00
1.984583000000031063e+02,0.000000000000000000e+00
1.985583000000031006e+02,0.000000000000000000e+00
1.986583000000031234e+02,0.000000000000000000e+00
1.987583000000030893e+02,0.000000000000000000e+00
1.988583000000031120e+02,2.049180327868968879e-02
1.989583000000031063e+02,2.049180327868386359e-02
1.990583000000031006e+02,3.073770491803453492e-02
1.991583000000031234e+02,0.000000000000000000e+00
1.992583000000031177e+02,0.000000000000000000e+00
1.993583000000031120e+02,1.024590163934484439e-02
1.994583000000031348e+02,2.049180327868968879e-02
1.995583000000031006e+02,0.000000000000000000e+00
1.996583000000031234e+02,0.000000000000000000e+00
1.997583000000031177e+02,0.000000000000000000e+00
1.998583000000031120e+02,0.000000000000000000e+00
1.999583000000031348e+02,0.000000000000000000e+00
2.000583000000031291e+02,0.000000000000000000e+00
2.001583000000031234e+02,0.000000000000000000e+00
2.002583000000031461e+02,0.000000000000000000e+00
2.003583000000031120e+02,0.000000000000000000e+00
2.004583000000031348e+02,0.000000000000000000e+00
2.005583000000031291e+02,0.000000000000000000e+00
2.006583000000031234e+02,0.000000000000000000e+00
2.007583000000031461e+02,0.000000000000000000e+00
2.008583000000031404e+02,0.000000000000000000e+00
2.009583000000031348e+02,0.000000000000000000e+00
2.010583000000031575e+02,0.000000000000000000e+00
2.011583000000031234e+02,0.000000000000000000e+00
2.012583000000031461e+02,0.000000000000000000e+00
2.013583000000031404e+02,0.000000000000000000e+00
2.014583000000031348e+02,0.000000000000000000e+00
2.015583000000031575e+02,0.000000000000000000e+00
2.016583000000031518e+02,0.000000000000000000e+00
2.017583000000031461e+02,0.000000000000000000e+00
2.018583000000031689e+02,0.000000000000000000e+00
2.019583000000031348e+02,0.000000000000000000e+00
2.020583000000031575e+02,0.000000000000000000e+00
2.021583000000031518e+02,0.000000000000000000e+00
2.022583000000031461e+02,0.000000000000000000e+00
2.023583000000031689e+02,0.000000000000000000e+00
2.024583000000031632e+02,0.000000000000000000e+00
2.025583000000031575e+02,0.000000000000000000e+00
2.026583000000031802e+02,0.000000000000000000e+00
2.027583000000031461e+02,0.000000000000000000e+00
2.028583000000031689e+02,0.000000000000000000e+00
2.029583000000031632e+02,0.000000000000000000e+00
2.030583000000031575e+02,0.000000000000000000e+00
2.031583000000031802e+02,0.000000000000000000e+00
2.032583000000031745e+02,0.000000000000000000e+00
2.033583000000031689e+02,0.000000000000000000e+00
2.034583000000031916e+02,0.000000000000000000e+00
2.035583000000031575e+02,0.000000000000000000e+00
2.036583000000031802e+02,0.000000000000000000e+00
2.037583000000031745e+02,0.000000000000000000e+00
2.038583000000031689e+02,0.000000000000000000e+00
2.039583000000031916e+02,0.000000000000000000e+00
2.040583000000031859e+02,0.000000000000000000e+00
2.041583000000031802e+02,0.000000000000000000e+00
2.042583000000032030e+02,0.000000000000000000e+00
2.043583000000031689e+02,0.000000000000000000e+00
2.044583000000031916e+02,0.000000000000000000e+00
2.045583000000031859e+02,0.000000000000000000e+00
2.046583000000031802e+02,0.000000000000000000e+00
2.047583000000032030e+02,0.000000000000000000e+00
2.048583000000031973e+02,0.000000000000000000e+00
2.049583000000031916e+02,0.000000000000000000e+00
2.050583000000032143e+02,0.000000000000000000e+00
2.051583000000031802e+02,0.000000000000000000e+00
2.052583000000032030e+02,0.000000000000000000e+00
2.053583000000031973e+02,0.000000000000000000e+00
2.054583000000031916e+02,0.000000000000000000e+00
2.055583000000032143e+02,0.000000000000000000e+00
2.056583000000032087e+02,0.000000000000000000e+00
2.057583000000032030e+02,0.000000000000000000e+00
2.058583000000032257e+02,0.000000000000000000e+00
2.059583000000031916e+02,0.000000000000000000e+00
2.060583000000032143e+02,0.000000000000000000e+00
2.061583000000032087e+02,0.000000000000000000e+00
2.062583000000032030e+02,0.000000000000000000e+00
2.063583000000032257e+02,0.000000000000000000e+00
2.064583000000032200e+02,0.000000000000000000e+00
2.065583000000032143e+02,0.000000000000000000e+00
2.066583000000032371e+02,0.000000000000000000e+00
2.067583000000032030e+02,0.000000000000000000e+00
2.068583000000032257e+02,0.000000000000000000e+00
2.069583000000032200e+02,0.000000000000000000e+00
2.070583000000032143e+02,0.000000000000000000e+00
2.071583000000032371e+02,0.000000000000000000e+00
2.072583000000032314e+02,0.000000000000000000e+00
2.073583000000032257e+02,0.000000000000000000e+00
2.074583000000032484e+02,0.000000000000000000e+00
2.075583000000032143e+02,0.000000000000000000e+00
2.076583000000032371e+02,0.000000000000000000e+00
2.077583000000032314e+02,0.000000000000000000e+00
2.078583000000032257e+02,0.000000000000000000e+00
2.079583000000032484e+02,0.000000000000000000e+00
2.080583000000032428e+02,0.000000000000000000e+00
2.081583000000032371e+02,0.000000000000000000e+00
2.082583000000032598e+02,0.000000000000000000e+00
2.083583000000032257e+02,0.000000000000000000e+00
2.084583000000032484e+02,0.000000000000000000e+00
2.085583000000032428e+02,0.000000000000000000e+00
2.086583000000032371e+02,0.000000000000000000e+00
2.087583000000032598e+02,0.000000000000000000e+00
2.088583000000032541e+02,0.000000000000000000e+00
2.089583000000032484e+02,0.000000000000000000e+00
2.090583000000032712e+02,0.000000000000000000e+00
2.091583000000032371e+02,0.000000000000000000e+00
2.092583000000032598e+02,0.000000000000000000e+00
2.093583000000032541e+02,0.000000000000000000e+00
2.094583000000032484e+02,0.000000000000000000e+00
2.095583000000032712e+02,0.000000000000000000e+00
2.096583000000032655e+02,0.000000000000000000e+00
2.097583000000032598e+02,0.000000000000000000e+00
2.098583000000032825e+02,0.000000000000000000e+00
2.099583000000032484e+02,0.000000000000000000e+00
2.100583000000032712e+02,0.000000000000000000e+00
2.101583000000032655e+02,0.000000000000000000e+00
2.102583000000032598e+02,0.000000000000000000e+00
2.103583000000032825e+02,0.000000000000000000e+00
2.104583000000032769e+02,0.000000000000000000e+00
2.105583000000032712e+02,0.000000000000000000e+00
2.106583000000032939e+02,0.000000000000000000e+00
2.107583000000032598e+02,0.000000000000000000e+00
2.108583000000032825e+02,0.000000000000000000e+00
2.109583000000032769e+02,0.000000000000000000e+00
2.110583000000032712e+02,0.000000000000000000e+00
2.111583000000032939e+02,0.000000000000000000e+00
2.112583000000032882e+02,0.000000000000000000e+00
2.113583000000032825e+02,0.000000000000000000e+00
2.114583000000033053e+02,0.000000000000000000e+00
2.115583000000032712e+02,0.000000000000000000e+00
2.116583000000032939e+02,0.000000000000000000e+00
2.117583000000032882e+02,0.000000000000000000e+00
2.118583000000032825e+02,0.000000000000000000e+00
2.119583000000033053e+02,0.000000000000000000e+00
2.120583000000032996e+02,0.000000000000000000e+00
2.121583000000032939e+02,0.000000000000000000e+00
2.122583000000033167e+02,0.000000000000000000e+00
2.123583000000032825e+02,0.000000000000000000e+00
2.124583000000033053e+02,0.000000000000000000e+00
2.125583000000032996e+02,0.000000000000000000e+00
2.126583000000032939e+02,0.000000000000000000e+00
2.127583000000033167e+02,0.000000000000000000e+00
2.128583000000033110e+02,0.000000000000000000e+00
2.129583000000033053e+02,0.000000000000000000e+00
2.130583000000033280e+02,0.000000000000000000e+00
2.131583000000032939e+02,0.000000000000000000e+00
2.132583000000033167e+02,0.000000000000000000e+00
2.133583000000033110e+02,0.000000000000000000e+00
2.134583000000033053e+02,0.000000000000000000e+00
2.135583000000033280e+02,0.000000000000000000e+00
2.136583000000033223e+02,0.000000000000000000e+00
2.137583000000033167e+02,0.000000000000000000e+00
2.138583000000033394e+02,0.000000000000000000e+00
2.139583000000033053e+02,0.000000000000000000e+00
2.140583000000033280e+02,0.000000000000000000e+00
2.141583000000033223e+02,0.000000000000000000e+00
2.142583000000033167e+02,0.000000000000000000e+00
2.143583000000033394e+02,0.000000000000000000e+00
2.144583000000033337e+02,0.000000000000000000e+00
2.145583000000033280e+02,0.000000000000000000e+00
2.146583000000033508e+02,0.000000000000000000e+00
2.147583000000033167e+02,0.000000000000000000e+00
2.148583000000033394e+02,0.000000000000000000e+00
2.149583000000033337e+02,0.000000000000000000e+00
2.150583000000033280e+02,0.000000000000000000e+00
2.151583000000033508e+02,0.000000000000000000e+00
2.152583000000033451e+02,0.000000000000000000e+00
2.153583000000033394e+02,0.000000000000000000e+00
2.154583000000033621e+02,0.000000000000000000e+00
2.155583000000033280e+02,0.000000000000000000e+00
2.156583000000033508e+02,0.000000000000000000e+00
2.157583000000033451e+02,0.000000000000000000e+00
2.158583000000033394e+02,0.000000000000000000e+00
2.159583000000033621e+02,0.000000000000000000e+00
2.160583000000033564e+02,0.000000000000000000e+00
2.161583000000033508e+02,0.000000000000000000e+00
2.162583000000033735e+02,0.000000000000000000e+00
2.163583000000033394e+02,0.000000000000000000e+00
2.164583000000033621e+02,0.000000000000000000e+00
2.165583000000033564e+02,0.000000000000000000e+00
2.166583000000033508e+02,0.000000000000000000e+00
2.167583000000033735e+02,0.000000000000000000e+00
2.168583000000033678e+02,0.000000000000000000e+00
2.169583000000033621e+02,0.000000000000000000e+00
2.170583000000033849e+02,0.000000000000000000e+00
2.171583000000033508e+02,0.000000000000000000e+00
2.172583000000033735e+02,0.000000000000000000e+00
2.173583000000033678e+02,1.024590163934193179e-02
2.174583000000033621e+02,0.000000000000000000e+00
2.175583000000033849e+02,1.024590163934484439e-02
2.176583000000033792e+02,0.000000000000000000e+00
2.177583000000033735e+02,0.000000000000000000e+00
2.178583000000033962e+02,0.000000000000000000e+00
2.179583000000033621e+02,0.000000000000000000e+00
2.180583000000033849e+02,0.000000000000000000e+00
2.181583000000033792e+02,0.000000000000000000e+00
2.182583000000033735e+02,0.000000000000000000e+00
2.183583000000033962e+02,0.000000000000000000e+00
2.184583000000033906e+02,0.000000000000000000e+00
2.185583000000033849e+02,0.000000000000000000e+00
2.186583000000034076e+02,0.000000000000000000e+00
2.187583000000033735e+02,0.000000000000000000e+00
2.188583000000033962e+02,0.000000000000000000e+00
2.189583000000033906e+02,0.000000000000000000e+00
2.190583000000033849e+02,0.000000000000000000e+00
2.191583000000034076e+02,0.000000000000000000e+00
2.192583000000034019e+02,0.000000000000000000e+00
2.193583000000033962e+02,0.000000000000000000e+00
2.194583000000034190e+02,0.000000000000000000e+00
2.195583000000033849e+02,0.000000000000000000e+00
2.196583000000034076e+02,0.000000000000000000e+00
2.197583000000034019e+02,0.000000000000000000e+00
2.198583000000033962e+02,0.000000000000000000e+00
2.199583000000034190e+02,0.000000000000000000e+00
2.200583000000034133e+02,0.000000000000000000e+00
2.201583000000034076e+02,0.000000000000000000e+00
2.202583000000034303e+02,0.000000000000000000e+00
2.203583000000033962e+02,0.000000000000000000e+00
2.204583000000034190e+02,0.000000000000000000e+00
2.205583000000034133e+02,0.000000000000000000e+00
2.206583000000034076e+02,0.000000000000000000e+00
2.207583000000034303e+02,0.000000000000000000e+00
2.208583000000034247e+02,0.000000000000000000e+00
2.209583000000034190e+02,0.000000000000000000e+00
2.210583000000034417e+02,0.000000000000000000e+00
2.211583000000034076e+02,0.000000000000000000e+00
2.212583000000034303e+02,0.000000000000000000e+00
2.213583000000034247e+02,0.000000000000000000e+00
2.214583000000034190e+02,0.000000000000000000e+00
2.215583000000034417e+02,0.000000000000000000e+00
2.216583000000034360e+02,0.000000000000000000e+00
2.217583000000034303e+02,0.000000000000000000e+00
2.218583000000034531e+02,0.000000000000000000e+00
2.219583000000034190e+02,0.000000000000000000e+00
2.220583000000034417e+02,0.000000000000000000e+00
2.221583000000034360e+02,0.000000000000000000e+00
2.222583000000034303e+02,0.000000000000000000e+00
2.223583000000034531e+02,0.000000000000000000e+00
2.224583000000034474e+02,0.000000000000000000e+00
2.225583000000034417e+02,0.000000000000000000e+00
2.226583000000034644e+02,0.000000000000000000e+00
2.227583000000034303e+02,0.000000000000000000e+00
2.228583000000034531e+02,0.000000000000000000e+00
2.229583000000034474e+02,0.000000000000000000e+00
2.230583000000034417e+02,0.000000000000000000e+00
2.231583000000034644e+02,0.000000000000000000e+00
2.232583000000034588e+02,0.000000000000000000e+00
2.233583000000034531e+02,0.000000000000000000e+00
2.234583000000034758e+02,0.000000000000000000e+00
2.235583000000034417e+02,0.000000000000000000e+00
2.236583000000034644e+02,0.000000000000000000e+00
2.237583000000034588e+02,0.000000000000000000e+00
2.238583000000034531e+02,0.000000000000000000e+00
2.239583000000034758e+02,0.000000000000000000e+00
2.240583000000034701e+02,0.000000000000000000e+00
2.241583000000034644e+02,0.000000000000000000e+00
2.242583000000034872e+02,0.000000000000000000e+00
2.243583000000034531e+02,0.000000000000000000e+00
2.244583000000034758e+02,0.000000000000000000e+00
2.245583000000034701e+02,0.000000000000000000e+00
2.246583000000034644e+02,0.000000000000000000e+00
2.247583000000034872e+02,0.000000000000000000e+00
2.248583000000034815e+02,0.000000000000000000e+00
2.249583000000034758e+02,0.000000000000000000e+00
2.250583000000034986e+02,0.000000000000000000e+00
2.251583000000034644e+02,0.000000000000000000e+00
2.252583000000034872e+02,0.000000000000000000e+00
2.253583000000034815e+02,0.000000000000000000e+00
2.254583000000034758e+02,0.000000000000000000e+00
2.255583000000034986e+02,0.000000000000000000e+00
2.256583000000034929e+02,1.024590163934193179e-02
2.257583000000034872e+02,0.000000000000000000e+00
2.258583000000035099e+02,0.000000000000000000e+00
2.259583000000034758e+02,0.000000000000000000e+00
2.260583000000034986e+02,0.000000000000000000e+00
2.261583000000034929e+02,0.000000000000000000e+00
2.262583000000034872e+02,1.024590163934484439e-02
2.263583000000035099e+02,1.024590163934484439e-02
2.264583000000035042e+02,1.024590163934193179e-02
2.265583000000034986e+02,1.024590163934484439e-02
2.266583000000035213e+02,2.049180327868968879e-02
2.267583000000034872e+02,1.024590163934484439e-02
2.268583000000035099e+02,0.000000000000000000e+00
2.269583000000035042e+02,0.000000000000000000e+00
2.270583000000034986e+02,1.024590163934484439e-02
2.271583000000035213e+02,0.000000000000000000e+00
2.272583000000035156e+02,0.000000000000000000e+00
2.273583000000035099e+02,0.000000000000000000e+00
2.274583000000035327e+02,0.000000000000000000e+00
2.275583000000034986e+02,0.000000000000000000e+00
2.276583000000035213e+02,0.000000000000000000e+00
2.277583000000035156e+02,0.000000000000000000e+00
2.278583000000035099e+02,0.000000000000000000e+00
2.279583000000035327e+02,0.000000000000000000e+00
2.280583000000035270e+02,0.000000000000000000e+00
2.281583000000035213e+02,0.000000000000000000e+00
2.282583000000035440e+02,0.000000000000000000e+00
2.283583000000035099e+02,0.000000000000000000e+00
2.284583000000035327e+02,0.000000000000000000e+00
2.285583000000035270e+02,0.000000000000000000e+00
2.286583000000035213e+02,0.000000000000000000e+00
2.287583000000035440e+02,0.000000000000000000e+00
2.288583000000035383e+02,0.000000000000000000e+00
2.289583000000035327e+02,0.000000000000000000e+00
2.290583000000035554e+02,0.000000000000000000e+00
2.291583000000035213e+02,0.000000000000000000e+00
2.292583000000035440e+02,0.000000000000000000e+00
2.293583000000035383e+02,0.000000000000000000e+00
2.294583000000035327e+02,0.000000000000000000e+00
2.295583000000035554e+02,0.000000000000000000e+00
2.296583000000035497e+02,0.000000000000000000e+00
2.297583000000035440e+02,0.000000000000000000e+00
2.298583000000035668e+02,0.000000000000000000e+00
2.299583000000035327e+02,0.000000000000000000e+00
2.300583000000035554e+02,0.000000000000000000e+00
2.301583000000035497e+02,0.000000000000000000e+00
2.302583000000035440e+02,0.000000000000000000e+00
2.303583000000035668e+02,0.000000000000000000e+00
2.304583000000035611e+02,0.000000000000000000e+00
2.305583000000035554e+02,0.000000000000000000e+00
2.306583000000035781e+02,0.000000000000000000e+00
2.307583000000035440e+02,0.000000000000000000e+00
2.308583000000035668e+02,0.000000000000000000e+00
2.309583000000035611e+02,0.000000000000000000e+00
2.310583000000035554e+02,0.000000000000000000e+00
2.311583000000035781e+02,0.000000000000000000e+00
2.312583000000035724e+02,0.000000000000000000e+00
2.313583000000035668e+02,0.000000000000000000e+00
2.314583000000035895e+02,0.000000000000000000e+00
2.315583000000035554e+02,0.000000000000000000e+00
2.316583000000035781e+02,0.000000000000000000e+00
2.317583000000035724e+02,0.000000000000000000e+00
2.318583000000035668e+02,0.000000000000000000e+00
2.319583000000035895e+02,0.000000000000000000e+00
2.320583000000035838e+02,0.000000000000000000e+00
2.321583000000035781e+02,0.000000000000000000e+00
2.322583000000036009e+02,0.000000000000000000e+00
2.323583000000035668e+02,0.000000000000000000e+00
2.324583000000035895e+02,0.000000000000000000e+00
2.325583000000035838e+02,0.000000000000000000e+00
2.326583000000035781e+02,0.000000000000000000e+00
2.327583000000036009e+02,0.000000000000000000e+00
2.328583000000035952e+02,0.000000000000000000e+00
2.329583000000035895e+02,0.000000000000000000e+00
2.330583000000036122e+02,0.000000000000000000e+00
2.331583000000035781e+02,0.000000000000000000e+00
2.332583000000036009e+02,0.000000000000000000e+00
2.333583000000035952e+02,0.000000000000000000e+00
2.334583000000035895e+02,0.000000000000000000e+00
2.335583000000036122e+02,0.000000000000000000e+00
2.336583000000036066e+02,0.000000000000000000e+00
2.337583000000036009e+02,0.000000000000000000e+00
2.338583000000036236e+02,0.000000000000000000e+00
2.339583000000035895e+02,0.000000000000000000e+00
2.340583000000036122e+02,0.000000000000000000e+00
2.341583000000036066e+02,0.000000000000000000e+00
2.342583000000036009e+02,0.000000000000000000e+00
2.343583000000036236e+02,0.000000000000000000e+00
2.344583000000036179e+02,0.000000000000000000e+00
2.345583000000036122e+02,0.000000000000000000e+00
2.346583000000036350e+02,0.000000000000000000e+00
2.347583000000036009e+02,0.000000000000000000e+00
2.348583000000036236e+02,0.000000000000000000e+00
2.349583000000036179e+02,0.000000000000000000e+00
2.350583000000036122e+02,0.000000000000000000e+00
2.351583000000036350e+02,0.000000000000000000e+00
2.352583000000036293e+02,0.000000000000000000e+00
2.353583000000036236e+02,0.000000000000000000e+00
2.354583000000036463e+02,0.000000000000000000e+00
2.355583000000036407e+02,0.000000000000000000e+00
2.356583000000036350e+02,0.000000000000000000e+00
2.357583000000036293e+02,0.000000000000000000e+00
2.358583000000036236e+02,0.000000000000000000e+00
2.359583000000036179e+02,0.000000000000000000e+00
2.360583000000036407e+02,0.000000000000000000e+00
2.361583000000036350e+02,0.000000000000000000e+00
2.362583000000036293e+02,0.000000000000000000e+00
2.363583000000036520e+02,0.000000000000000000e+00
2.364583000000036463e+02,0.000000000000000000e+00
2.365583000000036407e+02,0.000000000000000000e+00
2.366583000000036634e+02,0.000000000000000000e+00
2.367583000000036577e+02,0.000000000000000000e+00
2.368583000000036520e+02,0.000000000000000000e+00
2.369583000000036463e+02,0.000000000000000000e+00
2.370583000000036407e+02,0.000000000000000000e+00
2.371583000000036634e+02,0.000000000000000000e+00
2.372583000000036577e+02,0.000000000000000000e+00
2.373583000000036520e+02,0.000000000000000000e+00
2.374583000000036463e+02,0.000000000000000000e+00
2.375583000000036407e+02,0.000000000000000000e+00
2.376583000000036634e+02,0.000000000000000000e+00
2.377583000000036577e+02,0.000000000000000000e+00
2.378583000000036520e+02,0.000000000000000000e+00
2.379583000000036748e+02,0.000000000000000000e+00
2.380583000000036691e+02,0.000000000000000000e+00
2.381583000000036634e+02,0.000000000000000000e+00
2.382583000000036861e+02,0.000000000000000000e+00
2.383583000000036805e+02,0.000000000000000000e+00
2.384583000000036748e+02,0.000000000000000000e+00
2.385583000000036691e+02,0.000000000000000000e+00
2.386583000000036634e+02,0.000000000000000000e+00
2.387583000000036861e+02,0.000000000000000000e+00
2.388583000000036805e+02,0.000000000000000000e+00
2.389583000000036748e+02,0.000000000000000000e+00
2.390583000000036691e+02,0.000000000000000000e+00
2.391583000000036634e+02,0.000000000000000000e+00
2.392583000000036861e+02,0.000000000000000000e+00
2.393583000000036805e+02,0.000000000000000000e+00
2.394583000000036748e+02,0.000000000000000000e+00
2.395583000000036975e+02,0.000000000000000000e+00
2.396583000000036918e+02,0.000000000000000000e+00
2.397583000000036861e+02,0.000000000000000000e+00
2.398583000000037089e+02,0.000000000000000000e+00
2.399583000000037032e+02,0.000000000000000000e+00
2.400583000000036975e+02,0.000000000000000000e+00
2.401583000000036918e+02,0.000000000000000000e+00
2.402583000000036861e+02,0.000000000000000000e+00
2.403583000000037089e+02,0.000000000000000000e+00
2.404583000000037032e+02,0.000000000000000000e+00
2.405583000000036975e+02,0.000000000000000000e+00
2.406583000000036918e+02,0.000000000000000000e+00
2.407583000000036861e+02,0.000000000000000000e+00
2.408583000000037089e+02,0.000000000000000000e+00
2.409583000000037032e+02,0.000000000000000000e+00
2.410583000000036975e+02,0.000000000000000000e+00
2.411583000000037202e+02,0.000000000000000000e+00
2.412583000000037146e+02,0.000000000000000000e+00
2.413583000000037089e+02,0.000000000000000000e+00
2.414583000000037316e+02,0.000000000000000000e+00
2.415583000000037259e+02,0.000000000000000000e+00
2.416583000000037202e+02,0.000000000000000000e+00
2.417583000000037146e+02,0.000000000000000000e+00
2.418583000000037089e+02,0.000000000000000000e+00
2.419583000000037316e+02,0.000000000000000000e+00
2.420583000000037259e+02,0.000000000000000000e+00
2.421583000000037202e+02,0.000000000000000000e+00
2.422583000000037146e+02,0.000000000000000000e+00
2.423583000000037089e+02,0.000000000000000000e+00
2.424583000000037316e+02,0.000000000000000000e+00
2.425583000000037259e+02,0.000000000000000000e+00
2.426583000000037202e+02,0.000000000000000000e+00
2.427583000000037430e+02,0.000000000000000000e+00
2.428583000000037373e+02,0.000000000000000000e+00
2.429583000000037316e+02,0.000000000000000000e+00
2.430583000000037543e+02,0.000000000000000000e+00
2.431583000000037487e+02,0.000000000000000000e+00
2.432583000000037430e+02,0.000000000000000000e+00
2.433583000000037373e+02,0.000000000000000000e+00
2.434583000000037316e+02,0.000000000000000000e+00
2.435583000000037543e+02,0.000000000000000000e+00
2.436583000000037487e+02,0.000000000000000000e+00
2.437583000000037430e+02,0.000000000000000000e+00
2.438583000000037373e+02,0.000000000000000000e+00
2.439583000000037316e+02,0.000000000000000000e+00
2.440583000000037543e+02,0.000000000000000000e+00
2.441583000000037487e+02,0.000000000000000000e+00
2.442583000000037430e+02,0.000000000000000000e+00
2.443583000000037657e+02,0.000000000000000000e+00
2.444583000000037600e+02,0.000000000000000000e+00
2.445583000000037543e+02,0.000000000000000000e+00
2.446583000000037771e+02,0.000000000000000000e+00
2.447583000000037714e+02,0.000000000000000000e+00
2.448583000000037657e+02,0.000000000000000000e+00
2.449583000000037600e+02,0.000000000000000000e+00
2.450583000000037543e+02,0.000000000000000000e+00
2.451583000000037771e+02,0.000000000000000000e+00
2.452583000000037714e+02,0.000000000000000000e+00
2.453583000000037657e+02,0.000000000000000000e+00
2.454583000000037600e+02,0.000000000000000000e+00
2.455583000000037543e+02,0.000000000000000000e+00
2.456583000000037771e+02,0.000000000000000000e+00
2.457583000000037714e+02,0.000000000000000000e+00
2.458583000000037657e+02,0.000000000000000000e+00
2.459583000000037885e+02,0.000000000000000000e+00
2.460583000000037828e+02,0.000000000000000000e+00
2.461583000000037771e+02,0.000000000000000000e+00
2.462583000000037998e+02,0.000000000000000000e+00
2.463583000000037941e+02,0.000000000000000000e+00
2.464583000000037885e+02,0.000000000000000000e+00
2.465583000000037828e+02,0.000000000000000000e+00
2.466583000000037771e+02,0.000000000000000000e+00
2.467583000000037998e+02,0.000000000000000000e+00
2.468583000000037941e+02,0.000000000000000000e+00
2.469583000000037885e+02,0.000000000000000000e+00
2.470583000000037828e+02,0.000000000000000000e+00
2.471583000000037771e+02,0.000000000000000000e+00
2.472583000000037998e+02,0.000000000000000000e+00
2.473583000000037941e+02,0.000000000000000000e+00
2.474583000000037885e+02,0.000000000000000000e+00
2.475583000000038112e+02,0.000000000000000000e+00
2.476583000000038055e+02,0.000000000000000000e+00
2.477583000000037998e+02,0.000000000000000000e+00
2.478583000000038226e+02,0.000000000000000000e+00
2.479583000000038169e+02,0.000000000000000000e+00
2.480583000000038112e+02,0.000000000000000000e+00
2.481583000000038055e+02,0.000000000000000000e+00
2.482583000000037998e+02,0.000000000000000000e+00
2.483583000000038226e+02,0.000000000000000000e+00
2.484583000000038169e+02,0.000000000000000000e+00
2.485583000000038112e+02,0.000000000000000000e+00
2.486583000000038055e+02,0.000000000000000000e+00
2.487583000000037998e+02,0.000000000000000000e+00
2.488583000000038226e+02,0.000000000000000000e+00
2.489583000000038169e+02,0.000000000000000000e+00
2.490583000000038112e+02,0.000000000000000000e+00
2.491583000000038339e+02,0.000000000000000000e+00
2.492583000000038282e+02,0.000000000000000000e+00
2.493583000000038226e+02,0.000000000000000000e+00
2.494583000000038453e+02,0.000000000000000000e+00
2.495583000000038396e+02,0.000000000000000000e+00
2.496583000000038339e+02,0.000000000000000000e+00
2.497583000000038282e+02,0.000000000000000000e+00
2.498583000000038226e+02,0.000000000000000000e+00
2.499583000000038453e+02,0.000000000000000000e+00
2.500583000000038396e+02,0.000000000000000000e+00
2.501583000000038339e+02,0.000000000000000000e+00
2.502583000000038282e+02,0.000000000000000000e+00
2.503583000000038226e+02,0.000000000000000000e+00
2.504583000000038453e+02,0.000000000000000000e+00
2.505583000000038396e+02,0.000000000000000000e+00
2.506583000000038339e+02,0.000000000000000000e+00
2.507583000000038567e+02,0.000000000000000000e+00
2.508583000000038510e+02,0.000000000000000000e+00
2.509583000000038453e+02,0.000000000000000000e+00
2.510583000000038680e+02,0.000000000000000000e+00
2.511583000000038624e+02,0.000000000000000000e+00
2.512583000000038567e+02,0.000000000000000000e+00
2.513583000000038510e+02,0.000000000000000000e+00
2.514583000000038453e+02,0.000000000000000000e+00
2.515583000000038680e+02,0.000000000000000000e+00
2.516583000000038624e+02,0.000000000000000000e+00
2.517583000000038567e+02,0.000000000000000000e+00
2.518583000000038510e+02,0.000000000000000000e+00
2.519583000000038453e+02,0.000000000000000000e+00
2.520583000000038680e+02,0.000000000000000000e+00
2.521583000000038624e+02,0.000000000000000000e+00
2.522583000000038567e+02,0.000000000000000000e+00
2.523583000000038794e+02,0.000000000000000000e+00
2.524583000000038737e+02,0.000000000000000000e+00
2.525583000000038680e+02,0.000000000000000000e+00
2.526583000000038908e+02,0.000000000000000000e+00
2.527583000000038851e+02,0.000000000000000000e+00
2.528583000000038794e+02,0.000000000000000000e+00
2.529583000000038737e+02,0.000000000000000000e+00
2.530583000000038680e+02,0.000000000000000000e+00
2.531583000000038908e+02,0.000000000000000000e+00
2.532583000000038851e+02,0.000000000000000000e+00
2.533583000000038794e+02,0.000000000000000000e+00
2.534583000000038737e+02,0.000000000000000000e+00
2.535583000000038680e+02,0.000000000000000000e+00
2.536583000000038908e+02,0.000000000000000000e+00
2.537583000000038851e+02,0.000000000000000000e+00
2.538583000000038794e+02,0.000000000000000000e+00
2.539583000000039021e+02,0.000000000000000000e+00
2.540583000000038965e+02,0.000000000000000000e+00
2.541583000000038908e+02,0.000000000000000000e+00
2.542583000000039135e+02,0.000000000000000000e+00
2.543583000000039078e+02,0.000000000000000000e+00
2.544583000000039021e+02,0.000000000000000000e+00
2.545583000000038965e+02,0.000000000000000000e+00
2.546583000000038908e+02,0.000000000000000000e+00
2.547583000000039135e+02,0.000000000000000000e+00
2.548583000000039078e+02,0.000000000000000000e+00
2.549583000000039021e+02,0.000000000000000000e+00
2.550583000000038965e+02,0.000000000000000000e+00
2.551583000000038908e+02,0.000000000000000000e+00
2.552583000000039135e+02,0.000000000000000000e+00
2.553583000000039078e+02,0.000000000000000000e+00
2.554583000000039021e+02,0.000000000000000000e+00
2.555583000000039249e+02,0.000000000000000000e+00
2.556583000000039192e+02,0.000000000000000000e+00
2.557583000000039135e+02,0.000000000000000000e+00
2.558583000000039362e+02,0.000000000000000000e+00
2.559583000000039306e+02,0.000000000000000000e+00
2.560583000000039533e+02,0.000000000000000000e+00
2.561583000000039192e+02,0.000000000000000000e+00
2.562583000000039419e+02,0.000000000000000000e+00
2.563583000000039647e+02,0.000000000000000000e+00
2.564583000000039874e+02,0.000000000000000000e+00
2.565583000000039533e+02,0.000000000000000000e+00
2.566583000000039192e+02,0.000000000000000000e+00
2.567583000000039419e+02,0.000000000000000000e+00
2.568583000000039647e+02,0.000000000000000000e+00
2.569583000000039874e+02,0.000000000000000000e+00
2.570583000000039533e+02,0.000000000000000000e+00
2.571583000000039760e+02,0.000000000000000000e+00
2.572583000000039419e+02,0.000000000000000000e+00
2.573583000000039647e+02,0.000000000000000000e+00
2.574583000000039874e+02,0.000000000000000000e+00
2.575583000000040101e+02,0.000000000000000000e+00
2.576583000000039760e+02,0.000000000000000000e+00
2.577583000000039419e+02,0.000000000000000000e+00
2.578583000000039647e+02,0.000000000000000000e+00
2.579583000000039874e+02,0.000000000000000000e+00
2.580583000000040101e+02,0.000000000000000000e+00
2.581583000000039760e+02,0.000000000000000000e+00
2.582583000000039419e+02,0.000000000000000000e+00
2.583583000000039647e+02,0.000000000000000000e+00
2.584583000000039874e+02,0.000000000000000000e+00
2.585583000000040101e+02,0.000000000000000000e+00
2.586583000000039760e+02,0.000000000000000000e+00
2.587583000000039988e+02,0.000000000000000000e+00
2.588583000000039647e+02,0.000000000000000000e+00
2.589583000000039874e+02,0.000000000000000000e+00
2.590583000000040101e+02,0.000000000000000000e+00
2.591583000000040329e+02,0.000000000000000000e+00
2.592583000000039988e+02,0.000000000000000000e+00
2.593583000000039647e+02,0.000000000000000000e+00
2.594583000000039874e+02,0.000000000000000000e+00
2.595583000000040101e+02,0.000000000000000000e+00
2.596583000000040329e+02,0.000000000000000000e+00
2.597583000000039988e+02,0.000000000000000000e+00
2.598583000000039647e+02,0.000000000000000000e+00
2.599583000000039874e+02,0.000000000000000000e+00
2.600583000000040101e+02,0.000000000000000000e+00
2.601583000000040329e+02,0.000000000000000000e+00
2.602583000000039988e+02,0.000000000000000000e+00
2.603583000000040215e+02,0.000000000000000000e+00
2.604583000000039874e+02,0.000000000000000000e+00
2.605583000000040101e+02,0.000000000000000000e+00
2.606583000000040329e+02,0.000000000000000000e+00
2.607583000000040556e+02,0.000000000000000000e+00
2.608583000000040215e+02,0.000000000000000000e+00
2.609583000000039874e+02,0.000000000000000000e+00
2.610583000000040101e+02,0.000000000000000000e+00
2.611583000000040329e+02,0.000000000000000000e+00
2.612583000000040556e+02,0.000000000000000000e+00
2.613583000000040215e+02,0.000000000000000000e+00
2.614583000000039874e+02,0.000000000000000000e+00
2.615583000000040101e+02,0.000000000000000000e+00
2.616583000000040329e+02,0.000000000000000000e+00
2.617583000000040556e+02,0.000000000000000000e+00
2.618583000000040215e+02,0.000000000000000000e+00
2.619583000000040443e+02,0.000000000000000000e+00
2.620583000000040101e+02,0.000000000000000000e+00
2.621583000000040329e+02,0.000000000000000000e+00
2.622583000000040556e+02,0.000000000000000000e+00
2.623583000000040784e+02,0.000000000000000000e+00
2.624583000000040443e+02,0.000000000000000000e+00
2.625583000000040101e+02,0.000000000000000000e+00
2.626583000000040329e+02,0.000000000000000000e+00
2.627583000000040556e+02,0.000000000000000000e+00
2.628583000000040784e+02,0.000000000000000000e+00
2.629583000000040443e+02,0.000000000000000000e+00
2.630583000000040101e+02,0.000000000000000000e+00
2.631583000000040329e+02,0.000000000000000000e+00
2.632583000000040556e+02,0.000000000000000000e+00
2.633583000000040784e+02,0.000000000000000000e+00
2.634583000000040443e+02,0.000000000000000000e+00
2.635583000000040670e+02,0.000000000000000000e+00
2.636583000000040329e+02,0.000000000000000000e+00
2.637583000000040556e+02,0.000000000000000000e+00
2.638583000000040784e+02,0.000000000000000000e+00
2.639583000000041011e+02,0.000000000000000000e+00
2.640583000000040670e+02,0.000000000000000000e+00
2.641583000000040329e+02,0.000000000000000000e+00
2.642583000000040556e+02,0.000000000000000000e+00
2.643583000000040784e+02,0.000000000000000000e+00
2.644583000000041011e+02,0.000000000000000000e+00
2.645583000000040670e+02,0.000000000000000000e+00
2.646583000000040329e+02,0.000000000000000000e+00
2.647583000000040556e+02,0.000000000000000000e+00
2.648583000000040784e+02,0.000000000000000000e+00
2.649583000000041011e+02,0.000000000000000000e+00
2.650583000000040670e+02,0.000000000000000000e+00
2.651583000000040897e+02,0.000000000000000000e+00
2.652583000000040556e+02,0.000000000000000000e+00
2.653583000000040784e+02,0.000000000000000000e+00
2.654583000000041011e+02,0.000000000000000000e+00
2.655583000000041238e+02,0.000000000000000000e+00
2.656583000000040897e+02,0.000000000000000000e+00
2.657583000000040556e+02,0.000000000000000000e+00
2.658583000000040784e+02,0.000000000000000000e+00
2.659583000000041011e+02,0.000000000000000000e+00
2.660583000000041238e+02,0.000000000000000000e+00
2.661583000000040897e+02,0.000000000000000000e+00
2.662583000000040556e+02,0.000000000000000000e+00
2.663583000000040784e+02,0.000000000000000000e+00
2.664583000000041011e+02,0.000000000000000000e+00
2.665583000000041238e+02,0.000000000000000000e+00
2.666583000000040897e+02,0.000000000000000000e+00
2.667583000000041125e+02,0.000000000000000000e+00
2.668583000000040784e+02,0.000000000000000000e+00
2.669583000000041011e+02,0.000000000000000000e+00
2.670583000000041238e+02,0.000000000000000000e+00
2.671583000000041466e+02,0.000000000000000000e+00
2.672583000000041125e+02,0.000000000000000000e+00
2.673583000000040784e+02,0.000000000000000000e+00
2.674583000000041011e+02,0.000000000000000000e+00
2.675583000000041238e+02,0.000000000000000000e+00
2.676583000000041466e+02,0.000000000000000000e+00
2.677583000000041125e+02,0.000000000000000000e+00
2.678583000000040784e+02,0.000000000000000000e+00
2.679583000000041011e+02,0.000000000000000000e+00
2.680583000000041238e+02,0.000000000000000000e+00
2.681583000000041466e+02,0.000000000000000000e+00
2.682583000000041125e+02,0.000000000000000000e+00
2.683583000000041352e+02,0.000000000000000000e+00
2.684583000000041011e+02,0.000000000000000000e+00
2.685583000000041238e+02,0.000000000000000000e+00
2.686583000000041466e+02,0.000000000000000000e+00
2.687583000000041693e+02,0.000000000000000000e+00
2.688583000000041352e+02,0.000000000000000000e+00
2.689583000000041011e+02,0.000000000000000000e+00
2.690583000000041238e+02,0.000000000000000000e+00
2.691583000000041466e+02,0.000000000000000000e+00
2.692583000000041693e+02,0.000000000000000000e+00
2.693583000000041352e+02,0.000000000000000000e+00
2.694583000000041011e+02,0.000000000000000000e+00
2.695583000000041238e+02,0.000000000000000000e+00
2.696583000000041466e+02,0.000000000000000000e+00
2.697583000000041693e+02,0.000000000000000000e+00
2.698583000000041352e+02,0.000000000000000000e+00
2.699583000000041579e+02,0.000000000000000000e+00
2.700583000000041238e+02,0.000000000000000000e+00
2.701583000000041466e+02,0.000000000000000000e+00
2.702583000000041693e+02,0.000000000000000000e+00
2.703583000000041920e+02,0.000000000000000000e+00
2.704583000000041579e+02,0.000000000000000000e+00
2.705583000000041238e+02,0.000000000000000000e+00
2.706583000000041466e+02,0.000000000000000000e+00
2.707583000000041693e+02,0.000000000000000000e+00
2.708583000000041920e+02,0.000000000000000000e+00
2.709583000000041579e+02,0.000000000000000000e+00
2.710583000000041238e+02,0.000000000000000000e+00
2.711583000000041466e+02,0.000000000000000000e+00
2.712583000000041693e+02,0.000000000000000000e+00
2.713583000000041920e+02,0.000000000000000000e+00
2.714583000000041579e+02,0.000000000000000000e+00
2.715583000000041807e+02,0.000000000000000000e+00
2.716583000000041466e+02,0.000000000000000000e+00
2.717583000000041693e+02,0.000000000000000000e+00
2.718583000000041920e+02,0.000000000000000000e+00
2.719583000000042148e+02,0.000000000000000000e+00
2.720583000000041807e+02,0.000000000000000000e+00
2.721583000000041466e+02,0.000000000000000000e+00
2.722583000000041693e+02,0.000000000000000000e+00
2.723583000000041920e+02,0.000000000000000000e+00
2.724583000000042148e+02,0.000000000000000000e+00
2.725583000000041807e+02,0.000000000000000000e+00
2.726583000000041466e+02,0.000000000000000000e+00
2.727583000000041693e+02,0.000000000000000000e+00
2.728583000000041920e+02,0.000000000000000000e+00
2.729583000000042148e+02,0.000000000000000000e+00
2.730583000000041807e+02,0.000000000000000000e+00
2.731583000000042034e+02,0.000000000000000000e+00
2.732583000000041693e+02,0.000000000000000000e+00
2.733583000000041920e+02,0.000000000000000000e+00
2.734583000000042148e+02,0.000000000000000000e+00
2.735583000000042375e+02,0.000000000000000000e+00
2.736583000000042034e+02,0.000000000000000000e+00
2.737583000000041693e+02,0.000000000000000000e+00
2.738583000000041920e+02,0.000000000000000000e+00
2.739583000000042148e+02,0.000000000000000000e+00
2.740583000000042375e+02,0.000000000000000000e+00
2.741583000000042034e+02,0.000000000000000000e+00
2.742583000000041693e+02,0.000000000000000000e+00
2.743583000000041920e+02,0.000000000000000000e+00
2.744583000000042148e+02,0.000000000000000000e+00
2.745583000000042375e+02,0.000000000000000000e+00
2.746583000000042034e+02,0.000000000000000000e+00
2.747583000000042261e+02,0.000000000000000000e+00
2.748583000000041920e+02,0.000000000000000000e+00
2.749583000000042148e+02,0.000000000000000000e+00
2.750583000000042375e+02,0.000000000000000000e+00
2.751583000000042603e+02,0.000000000000000000e+00
2.752583000000042261e+02,0.000000000000000000e+00
2.753583000000041920e+02,0.000000000000000000e+00
2.754583000000042148e+02,0.000000000000000000e+00
2.755583000000042375e+02,0.000000000000000000e+00
2.756583000000042603e+02,0.000000000000000000e+00
2.757583000000042261e+02,0.000000000000000000e+00
2.758583000000041920e+02,0.000000000000000000e+00
2.759583000000042148e+02,0.000000000000000000e+00
2.760583000000042375e+02,0.000000000000000000e+00
2.761583000000042603e+02,0.000000000000000000e+00
2.762583000000042261e+02,0.000000000000000000e+00
2.763583000000042489e+02,0.000000000000000000e+00
2.764583000000042148e+02,0.000000000000000000e+00
2.765583000000042375e+02,0.000000000000000000e+00
2.766583000000042603e+02,0.000000000000000000e+00
2.767583000000042830e+02,0.000000000000000000e+00
2.768583000000042489e+02,0.000000000000000000e+00
2.769583000000042148e+02,0.000000000000000000e+00
2.770583000000042375e+02,0.000000000000000000e+00
2.771583000000042603e+02,0.000000000000000000e+00
2.772583000000042830e+02,0.000000000000000000e+00
2.773583000000042489e+02,0.000000000000000000e+00
2.774583000000042148e+02,0.000000000000000000e+00
2.775583000000042375e+02,0.000000000000000000e+00
2.776583000000042603e+02,0.000000000000000000e+00
2.777583000000042830e+02,0.000000000000000000e+00
2.778583000000042489e+02,0.000000000000000000e+00
2.779583000000042716e+02,0.000000000000000000e+00
2.780583000000042375e+02,0.000000000000000000e+00
2.781583000000042603e+02,0.000000000000000000e+00
2.782583000000042830e+02,0.000000000000000000e+00
2.783583000000043057e+02,0.000000000000000000e+00
2.784583000000042716e+02,0.000000000000000000e+00
2.785583000000042375e+02,0.000000000000000000e+00
2.786583000000042603e+02,0.000000000000000000e+00
2.787583000000042830e+02,0.000000000000000000e+00
2.788583000000043057e+02,0.000000000000000000e+00
2.789583000000042716e+02,0.000000000000000000e+00
2.790583000000042375e+02,0.000000000000000000e+00
2.791583000000042603e+02,0.000000000000000000e+00
2.792583000000042830e+02,0.000000000000000000e+00
2.793583000000043057e+02,0.000000000000000000e+00
2.794583000000042716e+02,0.000000000000000000e+00
2.795583000000042944e+02,0.000000000000000000e+00
2.796583000000042603e+02,0.000000000000000000e+00
2.797583000000042830e+02,0.000000000000000000e+00
2.798583000000043057e+02,0.000000000000000000e+00
2.799583000000043285e+02,0.000000000000000000e+00
2.800583000000042944e+02,0.000000000000000000e+00
2.801583000000042603e+02,0.000000000000000000e+00
2.802583000000042830e+02,0.000000000000000000e+00
2.803583000000043057e+02,0.000000000000000000e+00
2.804583000000043285e+02,0.000000000000000000e+00
2.805583000000042944e+02,0.000000000000000000e+00
2.806583000000042603e+02,0.000000000000000000e+00
2.807583000000042830e+02,0.000000000000000000e+00
2.808583000000043057e+02,0.000000000000000000e+00
2.809583000000043285e+02,0.000000000000000000e+00
2.810583000000042944e+02,0.000000000000000000e+00
2.811583000000043171e+02,0.000000000000000000e+00
2.812583000000042830e+02,0.000000000000000000e+00
2.813583000000043057e+02,0.000000000000000000e+00
2.814583000000043285e+02,0.000000000000000000e+00
2.815583000000043512e+02,0.000000000000000000e+00
2.816583000000043171e+02,0.000000000000000000e+00
2.817583000000042830e+02,0.000000000000000000e+00
2.818583000000043057e+02,0.000000000000000000e+00
2.819583000000043285e+02,0.000000000000000000e+00
2.820583000000043512e+02,0.000000000000000000e+00
2.821583000000043171e+02,0.000000000000000000e+00
2.822583000000042830e+02,0.000000000000000000e+00
2.823583000000043057e+02,0.000000000000000000e+00
2.824583000000043285e+02,0.000000000000000000e+00
2.825583000000043512e+02,0.000000000000000000e+00
2.826583000000043171e+02,0.000000000000000000e+00
2.827583000000043398e+02,0.000000000000000000e+00
2.828583000000043057e+02,0.000000000000000000e+00
2.829583000000043285e+02,0.000000000000000000e+00
2.830583000000043512e+02,0.000000000000000000e+00
2.831583000000043739e+02,0.000000000000000000e+00
2.832583000000043398e+02,0.000000000000000000e+00
2.833583000000043057e+02,0.000000000000000000e+00
2.834583000000043285e+02,0.000000000000000000e+00
2.835583000000043512e+02,0.000000000000000000e+00
2.836583000000043739e+02,0.000000000000000000e+00
2.837583000000043398e+02,0.000000000000000000e+00
2.838583000000043057e+02,0.000000000000000000e+00
2.839583000000043285e+02,0.000000000000000000e+00
2.840583000000043512e+02,0.000000000000000000e+00
2.841583000000043739e+02,0.000000000000000000e+00
2.842583000000043398e+02,0.000000000000000000e+00
2.843583000000043626e+02,0.000000000000000000e+00
2.844583000000043285e+02,0.000000000000000000e+00
2.845583000000043512e+02,0.000000000000000000e+00
2.846583000000043739e+02,0.000000000000000000e+00
2.847583000000043967e+02,0.000000000000000000e+00
2.848583000000043626e+02,0.000000000000000000e+00
2.849583000000043285e+02,0.000000000000000000e+00
2.850583000000043512e+02,0.000000000000000000e+00
2.851583000000043739e+02,0.000000000000000000e+00
2.852583000000043967e+02,0.000000000000000000e+00
2.853583000000043626e+02,0.000000000000000000e+00
2.854583000000043285e+02,0.000000000000000000e+00
2.855583000000043512e+02,0.000000000000000000e+00
2.856583000000043739e+02,0.000000000000000000e+00
2.857583000000043967e+02,0.000000000000000000e+00
2.858583000000043626e+02,0.000000000000000000e+00
2.859583000000043853e+02,0.000000000000000000e+00
2.860583000000043512e+02,0.000000000000000000e+00
2.861583000000043739e+02,0.000000000000000000e+00
2.862583000000043967e+02,0.000000000000000000e+00
2.863583000000044194e+02,0.000000000000000000e+00
2.864583000000043853e+02,0.000000000000000000e+00
2.865583000000043512e+02,0.000000000000000000e+00
2.866583000000043739e+02,0.000000000000000000e+00
2.867583000000043967e+02,0.000000000000000000e+00
2.868583000000044194e+02,0.000000000000000000e+00
2.869583000000043853e+02,0.000000000000000000e+00
2.870583000000043512e+02,0.000000000000000000e+00
2.871583000000043739e+02,0.000000000000000000e+00
2.872583000000043967e+02,0.000000000000000000e+00
2.873583000000044194e+02,0.000000000000000000e+00
2.874583000000043853e+02,0.000000000000000000e+00
2.875583000000044080e+02,0.000000000000000000e+00
2.876583000000043739e+02,0.000000000000000000e+00
2.877583000000043967e+02,0.000000000000000000e+00
2.878583000000044194e+02,0.000000000000000000e+00
2.879583000000044422e+02,0.000000000000000000e+00
2.880583000000044080e+02,0.000000000000000000e+00
2.881583000000043739e+02,0.000000000000000000e+00
2.882583000000043967e+02,0.000000000000000000e+00
2.883583000000044194e+02,0.000000000000000000e+00
2.884583000000044422e+02,0.000000000000000000e+00
2.885583000000044080e+02,0.000000000000000000e+00
2.886583000000043739e+02,0.000000000000000000e+00
2.887583000000043967e+02,0.000000000000000000e+00
2.888583000000044194e+02,0.000000000000000000e+00
2.889583000000044422e+02,0.000000000000000000e+00
2.890583000000044080e+02,0.000000000000000000e+00
2.891583000000044308e+02,0.000000000000000000e+00
2.892583000000043967e+02,0.000000000000000000e+00
2.893583000000044194e+02,0.000000000000000000e+00
2.894583000000044422e+02,0.000000000000000000e+00
2.895583000000044649e+02,0.000000000000000000e+00
2.896583000000044308e+02,0.000000000000000000e+00
2.897583000000043967e+02,0.000000000000000000e+00
2.898583000000044194e+02,0.000000000000000000e+00
2.899583000000044422e+02,0.000000000000000000e+00
2.900583000000044649e+02,0.000000000000000000e+00
2.901583000000044308e+02,0.000000000000000000e+00
2.902583000000043967e+02,0.000000000000000000e+00
2.903583000000044194e+02,0.000000000000000000e+00
2.904583000000044422e+02,0.000000000000000000e+00
2.905583000000044649e+02,0.000000000000000000e+00
2.906583000000044308e+02,0.000000000000000000e+00
2.907583000000044535e+02,0.000000000000000000e+00
2.908583000000044194e+02,0.000000000000000000e+00
2.909583000000044422e+02,0.000000000000000000e+00
2.910583000000044649e+02,0.000000000000000000e+00
2.911583000000044876e+02,0.000000000000000000e+00
2.912583000000044535e+02,0.000000000000000000e+00
2.913583000000044194e+02,0.000000000000000000e+00
2.914583000000044422e+02,0.000000000000000000e+00
2.915583000000044649e+02,0.000000000000000000e+00
2.916583000000044876e+02,0.000000000000000000e+00
2.917583000000044535e+02,0.000000000000000000e+00
2.918583000000044194e+02,0.000000000000000000e+00
2.919583000000044422e+02,0.000000000000000000e+00
2.920583000000044649e+02,0.000000000000000000e+00
2.921583000000044876e+02,0.000000000000000000e+00
2.922583000000044535e+02,0.000000000000000000e+00
2.923583000000044763e+02,0.000000000000000000e+00
2.924583000000044422e+02,0.000000000000000000e+00
2.925583000000044649e+02,0.000000000000000000e+00
2.926583000000044876e+02,0.000000000000000000e+00
2.927583000000045104e+02,0.000000000000000000e+00
2.928583000000044763e+02,0.000000000000000000e+00
2.929583000000044422e+02,0.000000000000000000e+00
2.930583000000044649e+02,0.000000000000000000e+00
2.931583000000044876e+02,0.000000000000000000e+00
2.932583000000045104e+02,0.000000000000000000e+00
2.933583000000044763e+02,0.000000000000000000e+00
2.934583000000044422e+02,0.000000000000000000e+00
2.935583000000044649e+02,0.000000000000000000e+00
2.936583000000044876e+02,0.000000000000000000e+00
2.937583000000045104e+02,0.000000000000000000e+00
2.938583000000044763e+02,0.000000000000000000e+00
2.939583000000044990e+02,0.000000000000000000e+00
2.940583000000044649e+02,0.000000000000000000e+00
2.941583000000044876e+02,0.000000000000000000e+00
2.942583000000045104e+02,0.000000000000000000e+00
2.943583000000045331e+02,0.000000000000000000e+00
2.944583000000044990e+02,0.000000000000000000e+00
2.945583000000044649e+02,0.000000000000000000e+00
2.946583000000044876e+02,0.000000000000000000e+00
2.947583000000045104e+02,0.000000000000000000e+00
2.948583000000045331e+02,0.000000000000000000e+00
2.949583000000044990e+02,0.000000000000000000e+00
2.950583000000044649e+02,0.000000000000000000e+00
2.951583000000044876e+02,0.000000000000000000e+00
2.952583000000045104e+02,0.000000000000000000e+00
2.953583000000045331e+02,0.000000000000000000e+00
2.954583000000044990e+02,0.000000000000000000e+00
2.955583000000045217e+02,0.000000000000000000e+00
2.956583000000044876e+02,0.000000000000000000e+00
2.957583000000045104e+02,0.000000000000000000e+00
2.958583000000045331e+02,0.000000000000000000e+00
2.959583000000045558e+02,0.000000000000000000e+00
2.960583000000045217e+02,0.000000000000000000e+00
2.961583000000044876e+02,0.000000000000000000e+00
2.962583000000045104e+02,0.000000000000000000e+00
2.963583000000045331e+02,0.000000000000000000e+00
2.964583000000045558e+02,0.000000000000000000e+00
2.965583000000045217e+02,0.000000000000000000e+00
2.966583000000044876e+02,0.000000000000000000e+00
2.967583000000045104e+02,0.000000000000000000e+00
2.968583000000045331e+02,0.000000000000000000e+00
2.969583000000045558e+02,0.000000000000000000e+00
2.970583000000045217e+02,0.000000000000000000e+00
2.971583000000045445e+02,0.000000000000000000e+00
2.972583000000045104e+02,0.000000000000000000e+00
2.973583000000045331e+02,0.000000000000000000e+00
2.974583000000045558e+02,0.000000000000000000e+00
2.975583000000045786e+02,0.000000000000000000e+00
2.976583000000045445e+02,0.000000000000000000e+00
2.977583000000045104e+02,0.000000000000000000e+00
2.978583000000045331e+02,0.000000000000000000e+00
2.979583000000045558e+02,0.000000000000000000e+00
2.980583000000045786e+02,0.000000000000000000e+00
2.981583000000045445e+02,0.000000000000000000e+00
2.982583000000045104e+02,0.000000000000000000e+00
2.983583000000045331e+02,0.000000000000000000e+00
2.984583000000045558e+02,0.000000000000000000e+00
2.985583000000045786e+02,0.000000000000000000e+00
2.986583000000045445e+02,0.000000000000000000e+00
2.987583000000045672e+02,0.000000000000000000e+00
2.988583000000045331e+02,0.000000000000000000e+00
2.989583000000045558e+02,0.000000000000000000e+00
2.990583000000045786e+02,0.000000000000000000e+00
2.991583000000046013e+02,0.000000000000000000e+00
2.992583000000045672e+02,0.000000000000000000e+00
2.993583000000045331e+02,0.000000000000000000e+00
2.994583000000045558e+02,0.000000000000000000e+00
2.995583000000045786e+02,0.000000000000000000e+00
2.996583000000046013e+02,0.000000000000000000e+00
2.997583000000045672e+02,0.000000000000000000e+00
2.998583000000045331e+02,0.000000000000000000e+00
2.999583000000045558e+02,0.000000000000000000e+00
3.000583000000045786e+02,0.000000000000000000e+00
3.001583000000046013e+02,0.000000000000000000e+00
3.002583000000045672e+02,0.000000000000000000e+00
3.003583000000045899e+02,0.000000000000000000e+00
3.004583000000045558e+02,0.000000000000000000e+00
3.005583000000045786e+02,0.000000000000000000e+00
3.006583000000046013e+02,0.000000000000000000e+00
3.007583000000046241e+02,0.000000000000000000e+00
3.008583000000045899e+02,0.000000000000000000e+00
3.009583000000045558e+02,0.000000000000000000e+00
3.010583000000045786e+02,0.000000000000000000e+00
3.011583000000046013e+02,0.000000000000000000e+00
3.012583000000046241e+02,0.000000000000000000e+00
3.013583000000045899e+02,0.000000000000000000e+00
3.014583000000045558e+02,0.000000000000000000e+00
3.015583000000045786e+02,0.000000000000000000e+00
3.016583000000046013e+02,0.000000000000000000e+00
3.017583000000046241e+02,0.000000000000000000e+00
3.018583000000045899e+02,0.000000000000000000e+00
3.019583000000046127e+02,0.000000000000000000e+00
3.020583000000045786e+02,0.000000000000000000e+00
3.021583000000046013e+02,0.000000000000000000e+00
3.022583000000046241e+02,0.000000000000000000e+00
3.023583000000046468e+02,0.000000000000000000e+00
3.024583000000046127e+02,0.000000000000000000e+00
3.025583000000045786e+02,0.000000000000000000e+00
3.026583000000046013e+02,0.000000000000000000e+00
3.027583000000046241e+02,0.000000000000000000e+00
3.028583000000046468e+02,0.000000000000000000e+00
3.029583000000046127e+02,0.000000000000000000e+00
3.030583000000045786e+02,0.000000000000000000e+00
3.031583000000046013e+02,0.000000000000000000e+00
3.032583000000046241e+02,0.000000000000000000e+00
3.033583000000046468e+02,0.000000000000000000e+00
3.034583000000046127e+02,0.000000000000000000e+00
3.035583000000046354e+02,0.000000000000000000e+00
3.036583000000046013e+02,0.000000000000000000e+00
3.037583000000046241e+02,0.000000000000000000e+00
3.038583000000046468e+02,0.000000000000000000e+00
3.039583000000046695e+02,0.000000000000000000e+00
3.040583000000046354e+02,0.000000000000000000e+00
3.041583000000046013e+02,0.000000000000000000e+00
3.042583000000046241e+02,0.000000000000000000e+00
3.043583000000046468e+02,0.000000000000000000e+00
3.044583000000046695e+02,0.000000000000000000e+00
3.045583000000046354e+02,0.000000000000000000e+00
3.046583000000046013e+02,0.000000000000000000e+00
3.047583000000046241e+02,0.000000000000000000e+00
3.048583000000046468e+02,0.000000000000000000e+00
3.049583000000046695e+02,0.000000000000000000e+00
3.050583000000046354e+02,0.000000000000000000e+00
3.051583000000046582e+02,0.000000000000000000e+00
3.052583000000046241e+02,0.000000000000000000e+00
3.053583000000046468e+02,0.000000000000000000e+00
3.054583000000046695e+02,0.000000000000000000e+00
3.055583000000046923e+02,0.000000000000000000e+00
3.056583000000046582e+02,0.000000000000000000e+00
3.057583000000046241e+02,0.000000000000000000e+00
3.058583000000046468e+02,0.000000000000000000e+00
3.059583000000046695e+02,0.000000000000000000e+00
3.060583000000046923e+02,0.000000000000000000e+00
3.061583000000046582e+02,0.000000000000000000e+00
3.062583000000046241e+02,0.000000000000000000e+00
3.063583000000046468e+02,0.000000000000000000e+00
3.064583000000046695e+02,0.000000000000000000e+00
3.065583000000046923e+02,0.000000000000000000e+00
3.066583000000046582e+02,0.000000000000000000e+00
3.067583000000046809e+02,0.000000000000000000e+00
3.068583000000046468e+02,0.000000000000000000e+00
3.069583000000046695e+02,0.000000000000000000e+00
3.070583000000046923e+02,0.000000000000000000e+00
3.071583000000047150e+02,0.000000000000000000e+00
3.072583000000046809e+02,0.000000000000000000e+00
3.073583000000046468e+02,0.000000000000000000e+00
3.074583000000046695e+02,0.000000000000000000e+00
3.075583000000046923e+02,0.000000000000000000e+00
3.076583000000047150e+02,0.000000000000000000e+00
3.077583000000046809e+02,0.000000000000000000e+00
3.078583000000046468e+02,0.000000000000000000e+00
3.079583000000046695e+02,0.000000000000000000e+00
3.080583000000046923e+02,0.000000000000000000e+00
3.081583000000047150e+02,0.000000000000000000e+00
3.082583000000046809e+02,0.000000000000000000e+00
3.083583000000047036e+02,0.000000000000000000e+00
3.084583000000046695e+02,0.000000000000000000e+00
3.085583000000046923e+02,0.000000000000000000e+00
3.086583000000047150e+02,0.000000000000000000e+00
3.087583000000047377e+02,0.000000000000000000e+00
3.088583000000047036e+02,0.000000000000000000e+00
3.089583000000046695e+02,0.000000000000000000e+00
3.090583000000046923e+02,0.000000000000000000e+00
3.091583000000047150e+02,0.000000000000000000e+00
3.092583000000047377e+02,0.000000000000000000e+00
3.093583000000047036e+02,0.000000000000000000e+00
3.094583000000046695e+02,0.000000000000000000e+00
3.095583000000046923e+02,0.000000000000000000e+00
3.096583000000047150e+02,0.000000000000000000e+00
3.097583000000047377e+02,0.000000000000000000e+00
3.098583000000047036e+02,0.000000000000000000e+00
3.099583000000047264e+02,0.000000000000000000e+00
3.100583000000046923e+02,0.000000000000000000e+00
3.101583000000047150e+02,0.000000000000000000e+00
3.102583000000047377e+02,0.000000000000000000e+00
3.103583000000047605e+02,0.000000000000000000e+00
3.104583000000047264e+02,0.000000000000000000e+00
3.105583000000046923e+02,1.024590163934775700e-02
3.106583000000047150e+02,0.000000000000000000e+00
3.107583000000047377e+02,0.000000000000000000e+00
3.108583000000047605e+02,0.000000000000000000e+00
3.109583000000047264e+02,0.000000000000000000e+00
3.110583000000046923e+02,0.000000000000000000e+00
3.111583000000047150e+02,1.024590163934193179e-02
3.112583000000047377e+02,1.024590163934193179e-02
3.113583000000047605e+02,0.000000000000000000e+00
3.114583000000047264e+02,0.000000000000000000e+00
3.115583000000047491e+02,0.000000000000000000e+00
3.116583000000047150e+02,0.000000000000000000e+00
3.117583000000047377e+02,0.000000000000000000e+00
3.118583000000047605e+02,0.000000000000000000e+00
3.119583000000047832e+02,0.000000000000000000e+00
3.120583000000047491e+02,0.000000000000000000e+00
3.121583000000047150e+02,0.000000000000000000e+00
3.122583000000047377e+02,0.000000000000000000e+00
3.123583000000047605e+02,0.000000000000000000e+00
3.124583000000047832e+02,0.000000000000000000e+00
3.125583000000047491e+02,0.000000000000000000e+00
3.126583000000047150e+02,0.000000000000000000e+00
3.127583000000047377e+02,0.000000000000000000e+00
3.128583000000047605e+02,0.000000000000000000e+00
3.129583000000047832e+02,0.000000000000000000e+00
3.130583000000047491e+02,0.000000000000000000e+00
3.131583000000047718e+02,0.000000000000000000e+00
3.132583000000047377e+02,0.000000000000000000e+00
3.133583000000047605e+02,0.000000000000000000e+00
3.134583000000047832e+02,0.000000000000000000e+00
3.135583000000048060e+02,0.000000000000000000e+00
3.136583000000047718e+02,0.000000000000000000e+00
3.137583000000047377e+02,0.000000000000000000e+00
3.138583000000047605e+02,0.000000000000000000e+00
3.139583000000047832e+02,0.000000000000000000e+00
3.140583000000048060e+02,0.000000000000000000e+00
3.141583000000047718e+02,0.000000000000000000e+00
3.142583000000047377e+02,0.000000000000000000e+00
3.143583000000047605e+02,0.000000000000000000e+00
3.144583000000047832e+02,0.000000000000000000e+00
3.145583000000048060e+02,0.000000000000000000e+00
3.146583000000047718e+02,0.000000000000000000e+00
3.147583000000047946e+02,0.000000000000000000e+00
3.148583000000047605e+02,0.000000000000000000e+00
3.149583000000047832e+02,0.000000000000000000e+00
3.150583000000048060e+02,0.000000000000000000e+00
3.151583000000048287e+02,0.000000000000000000e+00
3.152583000000047946e+02,0.000000000000000000e+00
3.153583000000047605e+02,0.000000000000000000e+00
3.154583000000047832e+02,0.000000000000000000e+00
3.155583000000048060e+02,0.000000000000000000e+00
3.156583000000048287e+02,0.000000000000000000e+00
3.157583000000047946e+02,0.000000000000000000e+00
3.158583000000047605e+02,0.000000000000000000e+00
3.159583000000047832e+02,0.000000000000000000e+00
3.160583000000048060e+02,0.000000000000000000e+00
3.161583000000048287e+02,0.000000000000000000e+00
3.162583000000047946e+02,0.000000000000000000e+00
3.163583000000048173e+02,0.000000000000000000e+00
3.164583000000047832e+02,0.000000000000000000e+00
3.165583000000048060e+02,0.000000000000000000e+00
3.166583000000048287e+02,0.000000000000000000e+00
3.167583000000048514e+02,0.000000000000000000e+00
3.168583000000048173e+02,0.000000000000000000e+00
3.169583000000047832e+02,0.000000000000000000e+00
3.170583000000048060e+02,0.000000000000000000e+00
3.171583000000048287e+02,0.000000000000000000e+00
3.172583000000048514e+02,0.000000000000000000e+00
3.173583000000048173e+02,0.000000000000000000e+00
3.174583000000047832e+02,0.000000000000000000e+00
3.175583000000048060e+02,0.000000000000000000e+00
3.176583000000048287e+02,0.000000000000000000e+00
3.177583000000048514e+02,0.000000000000000000e+00
3.178583000000048173e+02,0.000000000000000000e+00
3.179583000000048401e+02,0.000000000000000000e+00
3.180583000000048060e+02,0.000000000000000000e+00
3.181583000000048287e+02,0.000000000000000000e+00
3.182583000000048514e+02,0.000000000000000000e+00
3.183583000000048742e+02,0.000000000000000000e+00
3.184583000000048401e+02,0.000000000000000000e+00
3.185583000000048060e+02,0.000000000000000000e+00
3.186583000000048287e+02,0.000000000000000000e+00
3.187583000000048514e+02,0.000000000000000000e+00
3.188583000000048742e+02,0.000000000000000000e+00
3.189583000000048401e+02,0.000000000000000000e+00
3.190583000000048060e+02,0.000000000000000000e+00
3.191583000000048287e+02,0.000000000000000000e+00
3.192583000000048514e+02,0.000000000000000000e+00
3.193583000000048742e+02,0.000000000000000000e+00
3.194583000000048401e+02,0.000000000000000000e+00
3.195583000000048628e+02,0.000000000000000000e+00
3.196583000000048287e+02,0.000000000000000000e+00
3.197583000000048514e+02,0.000000000000000000e+00
3.198583000000048742e+02,0.000000000000000000e+00
3.199583000000048969e+02,0.000000000000000000e+00
3.200583000000048628e+02,0.000000000000000000e+00
3.201583000000048287e+02,0.000000000000000000e+00
3.202583000000048514e+02,0.000000000000000000e+00
3.203583000000048742e+02,0.000000000000000000e+00
3.204583000000048969e+02,0.000000000000000000e+00
3.205583000000048628e+02,0.000000000000000000e+00
3.206583000000048287e+02,0.000000000000000000e+00
3.207583000000048514e+02,0.000000000000000000e+00
3.208583000000048742e+02,0.000000000000000000e+00
3.209583000000048969e+02,0.000000000000000000e+00
3.210583000000048628e+02,0.000000000000000000e+00
3.211583000000048855e+02,0.000000000000000000e+00
3.212583000000048514e+02,0.000000000000000000e+00
3.213583000000048742e+02,0.000000000000000000e+00
3.214583000000048969e+02,0.000000000000000000e+00
3.215583000000049196e+02,0.000000000000000000e+00
3.216583000000048855e+02,0.000000000000000000e+00
3.217583000000048514e+02,0.000000000000000000e+00
3.218583000000048742e+02,0.000000000000000000e+00
3.219583000000048969e+02,0.000000000000000000e+00
3.220583000000049196e+02,0.000000000000000000e+00
3.221583000000048855e+02,0.000000000000000000e+00
3.222583000000048514e+02,0.000000000000000000e+00
3.223583000000048742e+02,0.000000000000000000e+00
3.224583000000048969e+02,0.000000000000000000e+00
3.225583000000049196e+02,0.000000000000000000e+00
3.226583000000048855e+02,0.000000000000000000e+00
3.227583000000049083e+02,0.000000000000000000e+00
3.228583000000048742e+02,0.000000000000000000e+00
3.229583000000048969e+02,0.000000000000000000e+00
3.230583000000049196e+02,0.000000000000000000e+00
3.231583000000049424e+02,0.000000000000000000e+00
3.232583000000049083e+02,0.000000000000000000e+00
3.233583000000048742e+02,0.000000000000000000e+00
3.234583000000048969e+02,0.000000000000000000e+00
3.235583000000049196e+02,0.000000000000000000e+00
3.236583000000049424e+02,0.000000000000000000e+00
3.237583000000049083e+02,0.000000000000000000e+00
3.238583000000048742e+02,0.000000000000000000e+00
3.239583000000048969e+02,0.000000000000000000e+00
3.240583000000049196e+02,0.000000000000000000e+00
3.241583000000049424e+02,0.000000000000000000e+00
3.242583000000049083e+02,0.000000000000000000e+00
3.243583000000049310e+02,0.000000000000000000e+00
3.244583000000048969e+02,0.000000000000000000e+00
3.245583000000049196e+02,0.000000000000000000e+00
3.246583000000049424e+02,0.000000000000000000e+00
3.247583000000049651e+02,0.000000000000000000e+00
3.248583000000049310e+02,0.000000000000000000e+00
3.249583000000048969e+02,0.000000000000000000e+00
3.250583000000049196e+02,0.000000000000000000e+00
3.251583000000049424e+02,0.000000000000000000e+00
3.252583000000049651e+02,0.000000000000000000e+00
3.253583000000049310e+02,0.000000000000000000e+00
3.254583000000048969e+02,0.000000000000000000e+00
3.255583000000049196e+02,0.000000000000000000e+00
3.256583000000049424e+02,0.000000000000000000e+00
3.257583000000049651e+02,0.000000000000000000e+00
3.258583000000049310e+02,0.000000000000000000e+00
3.259583000000049537e+02,0.000000000000000000e+00
3.260583000000049196e+02,0.000000000000000000e+00
3.261583000000049424e+02,0.000000000000000000e+00
3.262583000000049651e+02,0.000000000000000000e+00
3.263583000000049879e+02,0.000000000000000000e+00
3.264583000000049537e+02,0.000000000000000000e+00
3.265583000000049196e+02,0.000000000000000000e+00
3.266583000000049424e+02,0.000000000000000000e+00
3.267583000000049651e+02,0.000000000000000000e+00
3.268583000000049879e+02,0.000000000000000000e+00
3.269583000000049537e+02,0.000000000000000000e+00
3.270583000000049196e+02,0.000000000000000000e+00
3.271583000000049424e+02,0.000000000000000000e+00
3.272583000000049651e+02,0.000000000000000000e+00
3.273583000000049879e+02,0.000000000000000000e+00
3.274583000000049537e+02,0.000000000000000000e+00
3.275583000000049765e+02,0.000000000000000000e+00
3.276583000000049424e+02,0.000000000000000000e+00
3.277583000000049651e+02,0.000000000000000000e+00
3.278583000000049879e+02,0.000000000000000000e+00
3.279583000000050106e+02,0.000000000000000000e+00
3.280583000000049765e+02,0.000000000000000000e+00
3.281583000000049424e+02,0.000000000000000000e+00
3.282583000000049651e+02,0.000000000000000000e+00
3.283583000000049879e+02,0.000000000000000000e+00
3.284583000000050106e+02,0.000000000000000000e+00
3.285583000000049765e+02,0.000000000000000000e+00
3.286583000000049424e+02,0.000000000000000000e+00
3.287583000000049651e+02,0.000000000000000000e+00
3.288583000000049879e+02,0.000000000000000000e+00
3.289583000000050106e+02,0.000000000000000000e+00
3.290583000000049765e+02,0.000000000000000000e+00
3.291583000000049992e+02,0.000000000000000000e+00
3.292583000000049651e+02,0.000000000000000000e+00
3.293583000000049879e+02,0.000000000000000000e+00
3.294583000000050106e+02,0.000000000000000000e+00
3.295583000000050333e+02,0.000000000000000000e+00
3.296583000000049992e+02,0.000000000000000000e+00
3.297583000000049651e+02,0.000000000000000000e+00
3.298583000000049879e+02,0.000000000000000000e+00
3.299583000000050106e+02,0.000000000000000000e+00
3.300583000000050333e+02,0.000000000000000000e+00
3.301583000000049992e+02,0.000000000000000000e+00
3.302583000000049651e+02,0.000000000000000000e+00
3.303583000000049879e+02,0.000000000000000000e+00
3.304583000000050106e+02,0.000000000000000000e+00
3.305583000000050333e+02,0.000000000000000000e+00
3.306583000000049992e+02,0.000000000000000000e+00
3.307583000000050220e+02,0.000000000000000000e+00
3.308583000000049879e+02,0.000000000000000000e+00
3.309583000000050106e+02,0.000000000000000000e+00
3.310583000000050333e+02,0.000000000000000000e+00
3.311583000000050561e+02,0.000000000000000000e+00
3.312583000000050220e+02,0.000000000000000000e+00
3.313583000000049879e+02,0.000000000000000000e+00
3.314583000000050106e+02,0.000000000000000000e+00
3.315583000000050333e+02,0.000000000000000000e+00
3.316583000000050561e+02,0.000000000000000000e+00
3.317583000000050220e+02,0.000000000000000000e+00
3.318583000000049879e+02,0.000000000000000000e+00
3.319583000000050106e+02,0.000000000000000000e+00
3.320583000000050333e+02,0.000000000000000000e+00
3.321583000000050561e+02,0.000000000000000000e+00
3.322583000000050220e+02,0.000000000000000000e+00
3.323583000000050447e+02,0.000000000000000000e+00
3.324583000000050106e+02,0.000000000000000000e+00
3.325583000000050333e+02,0.000000000000000000e+00
3.326583000000050561e+02,0.000000000000000000e+00
3.327583000000050788e+02,0.000000000000000000e+00
3.328583000000050447e+02,0.000000000000000000e+00
3.329583000000050106e+02,0.000000000000000000e+00
3.330583000000050333e+02,0.000000000000000000e+00
3.331583000000050561e+02,0.000000000000000000e+00
3.332583000000050788e+02,0.000000000000000000e+00
3.333583000000050447e+02,0.000000000000000000e+00
3.334583000000050106e+02,0.000000000000000000e+00
3.335583000000050333e+02,0.000000000000000000e+00
3.336583000000050561e+02,0.000000000000000000e+00
3.337583000000050788e+02,0.000000000000000000e+00
3.338583000000050447e+02,0.000000000000000000e+00
3.339583000000050674e+02,0.000000000000000000e+00
3.340583000000050333e+02,0.000000000000000000e+00
3.341583000000050561e+02,0.000000000000000000e+00
3.342583000000050788e+02,0.000000000000000000e+00
3.343583000000051015e+02,0.000000000000000000e+00
3.344583000000050674e+02,0.000000000000000000e+00
3.345583000000050333e+02,0.000000000000000000e+00
3.346583000000050561e+02,0.000000000000000000e+00
3.347583000000050788e+02,0.000000000000000000e+00
3.348583000000051015e+02,0.000000000000000000e+00
3.349583000000050674e+02,0.000000000000000000e+00
3.350583000000050333e+02,0.000000000000000000e+00
3.351583000000050561e+02,0.000000000000000000e+00
3.352583000000050788e+02,0.000000000000000000e+00
3.353583000000051015e+02,0.000000000000000000e+00
3.354583000000050674e+02,0.000000000000000000e+00
3.355583000000050902e+02,0.000000000000000000e+00
3.356583000000050561e+02,0.000000000000000000e+00
3.357583000000050788e+02,0.000000000000000000e+00
3.358583000000051015e+02,0.000000000000000000e+00
3.359583000000051243e+02,0.000000000000000000e+00
3.360583000000050902e+02,0.000000000000000000e+00
3.361583000000050561e+02,0.000000000000000000e+00
3.362583000000050788e+02,0.000000000000000000e+00
3.363583000000051015e+02,0.000000000000000000e+00
3.364583000000051243e+02,0.000000000000000000e+00
3.365583000000050902e+02,0.000000000000000000e+00
3.366583000000050561e+02,0.000000000000000000e+00
3.367583000000050788e+02,0.000000000000000000e+00
3.368583000000051015e+02,0.000000000000000000e+00
3.369583000000051243e+02,0.000000000000000000e+00
3.370583000000050902e+02,0.000000000000000000e+00
3.371583000000051129e+02,0.000000000000000000e+00
3.372583000000050788e+02,0.000000000000000000e+00
3.373583000000051015e+02,0.000000000000000000e+00
3.374583000000051243e+02,0.000000000000000000e+00
3.375583000000051470e+02,0.000000000000000000e+00
3.376583000000051129e+02,0.000000000000000000e+00
3.377583000000050788e+02,0.000000000000000000e+00
3.378583000000051015e+02,0.000000000000000000e+00
3.379583000000051243e+02,0.000000000000000000e+00
3.380583000000051470e+02,0.000000000000000000e+00
3.381583000000051129e+02,0.000000000000000000e+00
3.382583000000050788e+02,0.000000000000000000e+00
3.383583000000051015e+02,0.000000000000000000e+00
3.384583000000051243e+02,0.000000000000000000e+00
3.385583000000051470e+02,0.000000000000000000e+00
3.386583000000051129e+02,0.000000000000000000e+00
3.387583000000051356e+02,0.000000000000000000e+00
3.388583000000051015e+02,0.000000000000000000e+00
3.389583000000051243e+02,0.000000000000000000e+00
3.390583000000051470e+02,0.000000000000000000e+00
3.391583000000051697e+02,0.000000000000000000e+00
3.392583000000051356e+02,0.000000000000000000e+00
3.393583000000051015e+02,0.000000000000000000e+00
3.394583000000051243e+02,0.000000000000000000e+00
3.395583000000051470e+02,0.000000000000000000e+00
3.396583000000051697e+02,0.000000000000000000e+00
3.397583000000051356e+02,0.000000000000000000e+00
3.398583000000051015e+02,0.000000000000000000e+00
3.399583000000051243e+02,0.000000000000000000e+00
3.400583000000051470e+02,0.000000000000000000e+00
3.401583000000051697e+02,0.000000000000000000e+00
3.402583000000051356e+02,0.000000000000000000e+00
3.403583000000051584e+02,0.000000000000000000e+00
3.404583000000051243e+02,0.000000000000000000e+00
3.405583000000051470e+02,0.000000000000000000e+00
3.406583000000051697e+02,0.000000000000000000e+00
3.407583000000051925e+02,0.000000000000000000e+00
3.408583000000051584e+02,0.000000000000000000e+00
3.409583000000051243e+02,0.000000000000000000e+00
3.410583000000051470e+02,0.000000000000000000e+00
3.411583000000051697e+02,0.000000000000000000e+00
3.412583000000051925e+02,0.000000000000000000e+00
3.413583000000051584e+02,0.000000000000000000e+00
3.414583000000051243e+02,0.000000000000000000e+00
3.415583000000051470e+02,0.000000000000000000e+00
3.416583000000051697e+02,0.000000000000000000e+00
3.417583000000051925e+02,0.000000000000000000e+00
3.418583000000051584e+02,0.000000000000000000e+00
3.419583000000051811e+02,0.000000000000000000e+00
3.420583000000051470e+02,0.000000000000000000e+00
3.421583000000051697e+02,0.000000000000000000e+00
3.422583000000051925e+02,0.000000000000000000e+00
3.423583000000052152e+02,0.000000000000000000e+00
3.424583000000051811e+02,0.000000000000000000e+00
3.425583000000051470e+02,0.000000000000000000e+00
3.426583000000051697e+02,0.000000000000000000e+00
3.427583000000051925e+02,0.000000000000000000e+00
3.428583000000052152e+02,0.000000000000000000e+00
3.429583000000051811e+02,0.000000000000000000e+00
3.430583000000051470e+02,0.000000000000000000e+00
3.431583000000051697e+02,0.000000000000000000e+00
3.432583000000051925e+02,0.000000000000000000e+00
3.433583000000052152e+02,0.000000000000000000e+00
3.434583000000051811e+02,0.000000000000000000e+00
3.435583000000052039e+02,0.000000000000000000e+00
3.436583000000051697e+02,0.000000000000000000e+00
3.437583000000051925e+02,0.000000000000000000e+00
3.438583000000052152e+02,0.000000000000000000e+00
3.439583000000052380e+02,0.000000000000000000e+00
3.440583000000052039e+02,0.000000000000000000e+00
3.441583000000051697e+02,0.000000000000000000e+00
3.442583000000051925e+02,0.000000000000000000e+00
3.443583000000052152e+02,0.000000000000000000e+00
3.444583000000052380e+02,0.000000000000000000e+00
3.445583000000052039e+02,0.000000000000000000e+00
3.446583000000051697e+02,0.000000000000000000e+00
3.447583000000051925e+02,0.000000000000000000e+00
3.448583000000052152e+02,0.000000000000000000e+00
3.449583000000052380e+02,0.000000000000000000e+00
3.450583000000052039e+02,0.000000000000000000e+00
3.451583000000052266e+02,0.000000000000000000e+00
3.452583000000051925e+02,0.000000000000000000e+00
3.453583000000052152e+02,0.000000000000000000e+00
3.454583000000052380e+02,0.000000000000000000e+00
3.455583000000052607e+02,0.000000000000000000e+00
3.456583000000052266e+02,0.000000000000000000e+00
3.457583000000051925e+02,0.000000000000000000e+00
3.458583000000052152e+02,0.000000000000000000e+00
3.459583000000052380e+02,0.000000000000000000e+00
3.460583000000052607e+02,0.000000000000000000e+00
3.461583000000052266e+02,0.000000000000000000e+00
3.462583000000051925e+02,0.000000000000000000e+00
3.463583000000052152e+02,0.000000000000000000e+00
3.464583000000052380e+02,0.000000000000000000e+00
3.465583000000052607e+02,0.000000000000000000e+00
3.466583000000052266e+02,0.000000000000000000e+00
3.467583000000052493e+02,0.000000000000000000e+00
3.468583000000052152e+02,0.000000000000000000e+00
3.469583000000052380e+02,0.000000000000000000e+00
3.470583000000052607e+02,0.000000000000000000e+00
3.471583000000052834e+02,0.000000000000000000e+00
3.472583000000052493e+02,0.000000000000000000e+00
3.473583000000052152e+02,0.000000000000000000e+00
3.474583000000052380e+02,0.000000000000000000e+00
3.475583000000052607e+02,0.000000000000000000e+00
3.476583000000052834e+02,0.000000000000000000e+00
3.477583000000052493e+02,0.000000000000000000e+00
3.478583000000052152e+02,0.000000000000000000e+00
3.479583000000052380e+02,0.000000000000000000e+00
3.480583000000052607e+02,0.000000000000000000e+00
3.481583000000052834e+02,0.000000000000000000e+00
3.482583000000052493e+02,0.000000000000000000e+00
3.483583000000052721e+02,0.000000000000000000e+00
3.484583000000052380e+02,0.000000000000000000e+00
3.485583000000052607e+02,0.000000000000000000e+00
3.486583000000052834e+02,0.000000000000000000e+00
3.487583000000053062e+02,0.000000000000000000e+00
3.488583000000052721e+02,0.000000000000000000e+00
3.489583000000052380e+02,0.000000000000000000e+00
3.490583000000052607e+02,0.000000000000000000e+00
3.491583000000052834e+02,0.000000000000000000e+00
3.492583000000053062e+02,0.000000000000000000e+00
3.493583000000052721e+02,0.000000000000000000e+00
3.494583000000052380e+02,0.000000000000000000e+00
3.495583000000052607e+02,0.000000000000000000e+00
3.496583000000052834e+02,0.000000000000000000e+00
3.497583000000053062e+02,0.000000000000000000e+00
3.498583000000052721e+02,0.000000000000000000e+00
3.499583000000052948e+02,0.000000000000000000e+00
3.500583000000052607e+02,0.000000000000000000e+00
3.501583000000052834e+02,0.000000000000000000e+00
3.502583000000053062e+02,0.000000000000000000e+00
3.503583000000053289e+02,0.000000000000000000e+00
3.504583000000052948e+02,0.000000000000000000e+00
3.505583000000052607e+02,0.000000000000000000e+00
3.506583000000052834e+02,0.000000000000000000e+00
3.507583000000053062e+02,0.000000000000000000e+00
3.508583000000053289e+02,0.000000000000000000e+00
3.509583000000052948e+02,0.000000000000000000e+00
3.510583000000052607e+02,0.000000000000000000e+00
3.511583000000052834e+02,0.000000000000000000e+00
3.512583000000053062e+02,0.000000000000000000e+00
3.513583000000053289e+02,0.000000000000000000e+00
3.514583000000052948e+02,0.000000000000000000e+00
3.515583000000053175e+02,0.000000000000000000e+00
3.516583000000052834e+02,0.000000000000000000e+00
3.517583000000053062e+02,0.000000000000000000e+00
3.518583000000053289e+02,0.000000000000000000e+00
3.519583000000053516e+02,0.000000000000000000e+00
3.520583000000053175e+02,0.000000000000000000e+00
3.521583000000052834e+02,0.000000000000000000e+00
3.522583000000053062e+02,0.000000000000000000e+00
3.523583000000053289e+02,0.000000000000000000e+00
3.524583000000053516e+02,0.000000000000000000e+00
3.525583000000053175e+02,0.000000000000000000e+00
3.526583000000052834e+02,0.000000000000000000e+00
3.527583000000053062e+02,0.000000000000000000e+00
3.528583000000053289e+02,0.000000000000000000e+00
3.529583000000053516e+02,0.000000000000000000e+00
3.530583000000053175e+02,0.000000000000000000e+00
3.531583000000053403e+02,0.000000000000000000e+00
3.532583000000053062e+02,0.000000000000000000e+00
3.533583000000053289e+02,0.000000000000000000e+00
3.534583000000053516e+02,0.000000000000000000e+00
3.535583000000053744e+02,0.000000000000000000e+00
3.536583000000053403e+02,0.000000000000000000e+00
3.537583000000053062e+02,0.000000000000000000e+00
3.538583000000053289e+02,0.000000000000000000e+00
3.539583000000053516e+02,0.000000000000000000e+00
3.540583000000053744e+02,0.000000000000000000e+00
3.541583000000053403e+02,0.000000000000000000e+00
3.542583000000053062e+02,0.000000000000000000e+00
3.543583000000053289e+02,0.000000000000000000e+00
3.544583000000053516e+02,0.000000000000000000e+00
3.545583000000053744e+02,0.000000000000000000e+00
3.546583000000053403e+02,0.000000000000000000e+00
3.547583000000053630e+02,0.000000000000000000e+00
3.548583000000053289e+02,0.000000000000000000e+00
3.549583000000053516e+02,0.000000000000000000e+00
3.550583000000053744e+02,0.000000000000000000e+00
3.551583000000053971e+02,0.000000000000000000e+00
3.552583000000053630e+02,0.000000000000000000e+00
3.553583000000053289e+02,0.000000000000000000e+00
3.554583000000053516e+02,0.000000000000000000e+00
3.555583000000053744e+02,0.000000000000000000e+00
3.556583000000053971e+02,0.000000000000000000e+00
3.557583000000053630e+02,0.000000000000000000e+00
3.558583000000053289e+02,0.000000000000000000e+00
3.559583000000053516e+02,0.000000000000000000e+00
3.560583000000053744e+02,0.000000000000000000e+00
3.561583000000053971e+02,0.000000000000000000e+00
3.562583000000053630e+02,0.000000000000000000e+00
3.563583000000053858e+02,0.000000000000000000e+00
3.564583000000053516e+02,0.000000000000000000e+00
3.565583000000053744e+02,0.000000000000000000e+00
3.566583000000053971e+02,0.000000000000000000e+00
3.567583000000054199e+02,0.000000000000000000e+00
3.568583000000053858e+02,0.000000000000000000e+00
3.569583000000053516e+02,0.000000000000000000e+00
3.570583000000053744e+02,0.000000000000000000e+00
3.571583000000053971e+02,0.000000000000000000e+00
3.572583000000054199e+02,0.000000000000000000e+00
3.573583000000053858e+02,0.000000000000000000e+00
3.574583000000053516e+02,0.000000000000000000e+00
3.575583000000053744e+02,0.000000000000000000e+00
3.576583000000053971e+02,0.000000000000000000e+00
3.577583000000054199e+02,0.000000000000000000e+00
3.578583000000053858e+02,0.000000000000000000e+00
3.579583000000054085e+02,0.000000000000000000e+00
3.580583000000053744e+02,0.000000000000000000e+00
3.581583000000053971e+02,0.000000000000000000e+00
3.582583000000054199e+02,0.000000000000000000e+00
3.583583000000054426e+02,0.000000000000000000e+00
3.584583000000054085e+02,0.000000000000000000e+00
3.585583000000053744e+02,0.000000000000000000e+00
3.586583000000053971e+02,0.000000000000000000e+00
3.587583000000054199e+02,0.000000000000000000e+00
3.588583000000054426e+02,0.000000000000000000e+00
3.589583000000054085e+02,0.000000000000000000e+00
3.590583000000053744e+02,0.000000000000000000e+00
3.591583000000053971e+02,0.000000000000000000e+00
3.592583000000054199e+02,0.000000000000000000e+00
3.593583000000054426e+02,0.000000000000000000e+00
3.594583000000054085e+02,0.000000000000000000e+00
3.595583000000054312e+02,0.000000000000000000e+00
3.596583000000053971e+02,0.000000000000000000e+00
3.597583000000054199e+02,0.000000000000000000e+00
3.598583000000054426e+02,0.000000000000000000e+00
3.599583000000054653e+02,0.000000000000000000e+00
3.600583000000054312e+02,0.000000000000000000e+00
3.601583000000053971e+02,0.000000000000000000e+00
3.602583000000054199e+02,0.000000000000000000e+00
3.603583000000054426e+02,0.000000000000000000e+00
3.604583000000054653e+02,0.000000000000000000e+00
3.605583000000054312e+02,0.000000000000000000e+00
3.606583000000053971e+02,0.000000000000000000e+00
3.607583000000054199e+02,0.000000000000000000e+00
3.608583000000054426e+02,0.000000000000000000e+00
3.609583000000054653e+02,0.000000000000000000e+00
3.610583000000054312e+02,0.000000000000000000e+00
3.611583000000054540e+02,0.000000000000000000e+00
3.612583000000054199e+02,0.000000000000000000e+00
3.613583000000054426e+02,0.000000000000000000e+00
3.614583000000054653e+02,0.000000000000000000e+00
3.615583000000054881e+02,0.000000000000000000e+00
3.616583000000054540e+02,0.000000000000000000e+00
3.617583000000054199e+02,0.000000000000000000e+00
3.618583000000054426e+02,0.000000000000000000e+00
3.619583000000054653e+02,0.000000000000000000e+00
3.620583000000054881e+02,0.000000000000000000e+00
3.621583000000054540e+02,0.000000000000000000e+00
3.622583000000054199e+02,0.000000000000000000e+00
3.623583000000054426e+02,0.000000000000000000e+00
3.624583000000054653e+02,0.000000000000000000e+00
3.625583000000054881e+02,0.000000000000000000e+00
3.626583000000054540e+02,0.000000000000000000e+00
3.627583000000054767e+02,0.000000000000000000e+00
3.628583000000054426e+02,0.000000000000000000e+00
3.629583000000054653e+02,0.000000000000000000e+00
3.630583000000054881e+02,0.000000000000000000e+00
3.631583000000055108e+02,0.000000000000000000e+00
3.632583000000054767e+02,0.000000000000000000e+00
3.633583000000054426e+02,0.000000000000000000e+00
3.634583000000054653e+02,0.000000000000000000e+00
3.635583000000054881e+02,0.000000000000000000e+00
3.636583000000055108e+02,0.000000000000000000e+00
3.637583000000054767e+02,0.000000000000000000e+00
3.638583000000054426e+02,0.000000000000000000e+00
3.639583000000054653e+02,0.000000000000000000e+00
3.640583000000054881e+02,0.000000000000000000e+00
3.641583000000055108e+02,0.000000000000000000e+00
3.642583000000054767e+02,0.000000000000000000e+00
3.643583000000054994e+02,0.000000000000000000e+00
3.644583000000054653e+02,0.000000000000000000e+00
3.645583000000054881e+02,0.000000000000000000e+00
3.646583000000055108e+02,0.000000000000000000e+00
3.647583000000055335e+02,0.000000000000000000e+00
3.648583000000054994e+02,0.000000000000000000e+00
3.649583000000054653e+02,0.000000000000000000e+00
3.650583000000054881e+02,0.000000000000000000e+00
3.651583000000055108e+02,0.000000000000000000e+00
3.652583000000055335e+02,0.000000000000000000e+00
3.653583000000054994e+02,0.000000000000000000e+00
3.654583000000054653e+02,0.000000000000000000e+00
3.655583000000054881e+02,0.000000000000000000e+00
3.656583000000055108e+02,0.000000000000000000e+00
3.657583000000055335e+02,0.000000000000000000e+00
3.658583000000054994e+02,0.000000000000000000e+00
3.659583000000055222e+02,0.000000000000000000e+00
3.660583000000054881e+02,0.000000000000000000e+00
3.661583000000055108e+02,0.000000000000000000e+00
3.662583000000055335e+02,0.000000000000000000e+00
3.663583000000055563e+02,0.000000000000000000e+00
3.664583000000055222e+02,0.000000000000000000e+00
3.665583000000054881e+02,0.000000000000000000e+00
3.666583000000055108e+02,0.000000000000000000e+00
3.667583000000055335e+02,0.000000000000000000e+00
3.668583000000055563e+02,0.000000000000000000e+00
3.669583000000055222e+02,0.000000000000000000e+00
3.670583000000054881e+02,0.000000000000000000e+00
3.671583000000055108e+02,0.000000000000000000e+00
3.672583000000055335e+02,0.000000000000000000e+00
3.673583000000055563e+02,0.000000000000000000e+00
3.674583000000055222e+02,0.000000000000000000e+00
3.675583000000055449e+02,0.000000000000000000e+00
3.676583000000055108e+02,0.000000000000000000e+00
3.677583000000055335e+02,0.000000000000000000e+00
3.678583000000055563e+02,0.000000000000000000e+00
3.679583000000055790e+02,0.000000000000000000e+00
3.680583000000055449e+02,0.000000000000000000e+00
3.681583000000055108e+02,0.000000000000000000e+00
3.682583000000055335e+02,0.000000000000000000e+00
3.683583000000055563e+02,0.000000000000000000e+00
3.684583000000055790e+02,0.000000000000000000e+00
3.685583000000055449e+02,0.000000000000000000e+00
3.686583000000055108e+02,0.000000000000000000e+00
3.687583000000055335e+02,0.000000000000000000e+00
3.688583000000055563e+02,0.000000000000000000e+00
3.689583000000055790e+02,0.000000000000000000e+00
3.690583000000055449e+02,0.000000000000000000e+00
3.691583000000055677e+02,0.000000000000000000e+00
3.692583000000055335e+02,0.000000000000000000e+00
3.693583000000055563e+02,0.000000000000000000e+00
3.694583000000055790e+02,0.000000000000000000e+00
3.695583000000056018e+02,0.000000000000000000e+00
3.696583000000055677e+02,0.000000000000000000e+00
3.697583000000055335e+02,0.000000000000000000e+00
3.698583000000055563e+02,0.000000000000000000e+00
3.699583000000055790e+02,0.000000000000000000e+00
3.700583000000056018e+02,0.000000000000000000e+00
3.701583000000055677e+02,0.000000000000000000e+00
3.702583000000055335e+02,0.000000000000000000e+00
3.703583000000055563e+02,0.000000000000000000e+00
3.704583000000055790e+02,0.000000000000000000e+00
3.705583000000056018e+02,0.000000000000000000e+00
3.706583000000055677e+02,0.000000000000000000e+00
3.707583000000055904e+02,0.000000000000000000e+00
3.708583000000055563e+02,0.000000000000000000e+00
3.709583000000055790e+02,0.000000000000000000e+00
3.710583000000056018e+02,0.000000000000000000e+00
3.711583000000056245e+02,0.000000000000000000e+00
3.712583000000055904e+02,0.000000000000000000e+00
3.713583000000055563e+02,0.000000000000000000e+00
3.714583000000055790e+02,0.000000000000000000e+00
3.715583000000056018e+02,0.000000000000000000e+00
3.716583000000056245e+02,0.000000000000000000e+00
3.717583000000055904e+02,0.000000000000000000e+00
3.718583000000055563e+02,0.000000000000000000e+00
3.719583000000055790e+02,0.000000000000000000e+00
3.720583000000056018e+02,0.000000000000000000e+00
3.721583000000056245e+02,0.000000000000000000e+00
3.722583000000055904e+02,0.000000000000000000e+00
3.723583000000056131e+02,0.000000000000000000e+00
3.724583000000055790e+02,0.000000000000000000e+00
3.725583000000056018e+02,0.000000000000000000e+00
3.726583000000056245e+02,0.000000000000000000e+00
3.727583000000056472e+02,0.000000000000000000e+00
3.728583000000056131e+02,0.000000000000000000e+00
3.729583000000055790e+02,0.000000000000000000e+00
3.730583000000056018e+02,0.000000000000000000e+00
3.731583000000056245e+02,0.000000000000000000e+00
3.732583000000056472e+02,0.000000000000000000e+00
3.733583000000056131e+02,0.000000000000000000e+00
3.734583000000055790e+02,0.000000000000000000e+00
3.735583000000056018e+02,0.000000000000000000e+00
3.736583000000056245e+02,0.000000000000000000e+00
3.737583000000056472e+02,0.000000000000000000e+00
3.738583000000056131e+02,0.000000000000000000e+00
3.739583000000056359e+02,0.000000000000000000e+00
3.740583000000056018e+02,0.000000000000000000e+00
3.741583000000056245e+02,0.000000000000000000e+00
3.742583000000056472e+02,0.000000000000000000e+00
3.743583000000056700e+02,0.000000000000000000e+00
3.744583000000056359e+02,0.000000000000000000e+00
3.745583000000056018e+02,0.000000000000000000e+00
3.746583000000056245e+02,0.000000000000000000e+00
3.747583000000056472e+02,0.000000000000000000e+00
3.748583000000056700e+02,0.000000000000000000e+00
3.749583000000056359e+02,0.000000000000000000e+00
3.750583000000056018e+02,0.000000000000000000e+00
3.751583000000056245e+02,0.000000000000000000e+00
3.752583000000056472e+02,0.000000000000000000e+00
3.753583000000056700e+02,0.000000000000000000e+00
3.754583000000056359e+02,0.000000000000000000e+00
3.755583000000056586e+02,0.000000000000000000e+00
3.756583000000056245e+02,0.000000000000000000e+00
3.757583000000056472e+02,0.000000000000000000e+00
3.758583000000056700e+02,0.000000000000000000e+00
3.759583000000056927e+02,0.000000000000000000e+00
3.760583000000056586e+02,0.000000000000000000e+00
3.761583000000056245e+02,0.000000000000000000e+00
3.762583000000056472e+02,0.000000000000000000e+00
3.763583000000056700e+02,0.000000000000000000e+00
3.764583000000056927e+02,0.000000000000000000e+00
3.765583000000056586e+02,0.000000000000000000e+00
3.766583000000056245e+02,0.000000000000000000e+00
3.767583000000056472e+02,0.000000000000000000e+00
3.768583000000056700e+02,0.000000000000000000e+00
3.769583000000056927e+02,0.000000000000000000e+00
3.770583000000056586e+02,0.000000000000000000e+00
3.771583000000056813e+02,0.000000000000000000e+00
3.772583000000056472e+02,0.000000000000000000e+00
3.773583000000056700e+02,0.000000000000000000e+00
3.774583000000056927e+02,0.000000000000000000e+00
3.775583000000057154e+02,0.000000000000000000e+00
3.776583000000056813e+02,0.000000000000000000e+00
3.777583000000056472e+02,0.000000000000000000e+00
3.778583000000056700e+02,0.000000000000000000e+00
3.779583000000056927e+02,0.000000000000000000e+00
3.780583000000057154e+02,0.000000000000000000e+00
3.781583000000056813e+02,0.000000000000000000e+00
3.782583000000056472e+02,0.000000000000000000e+00
3.783583000000056700e+02,0.000000000000000000e+00
3.784583000000056927e+02,0.000000000000000000e+00
3.785583000000057154e+02,0.000000000000000000e+00
3.786583000000056813e+02,0.000000000000000000e+00
3.787583000000057041e+02,0.000000000000000000e+00
3.788583000000056700e+02,0.000000000000000000e+00
3.789583000000056927e+02,0.000000000000000000e+00
3.790583000000057154e+02,0.000000000000000000e+00
3.791583000000057382e+02,0.000000000000000000e+00
3.792583000000057041e+02,0.000000000000000000e+00
3.793583000000056700e+02,0.000000000000000000e+00
3.794583000000056927e+02,0.000000000000000000e+00
3.795583000000057154e+02,0.000000000000000000e+00
3.796583000000057382e+02,0.000000000000000000e+00
3.797583000000057041e+02,0.000000000000000000e+00
3.798583000000056700e+02,0.000000000000000000e+00
3.799583000000056927e+02,0.000000000000000000e+00
3.800583000000057154e+02,0.000000000000000000e+00
3.801583000000057382e+02,0.000000000000000000e+00
3.802583000000057041e+02,0.000000000000000000e+00
3.803583000000057268e+02,0.000000000000000000e+00
3.804583000000056927e+02,0.000000000000000000e+00
3.805583000000057154e+02,0.000000000000000000e+00
3.806583000000057382e+02,0.000000000000000000e+00
3.807583000000057609e+02,0.000000000000000000e+00
3.808583000000057268e+02,0.000000000000000000e+00
3.809583000000056927e+02,0.000000000000000000e+00
3.810583000000057154e+02,0.000000000000000000e+00
3.811583000000057382e+02,0.000000000000000000e+00
3.812583000000057609e+02,0.000000000000000000e+00
3.813583000000057268e+02,0.000000000000000000e+00
3.814583000000056927e+02,0.000000000000000000e+00
3.815583000000057154e+02,0.000000000000000000e+00
3.816583000000057382e+02,0.000000000000000000e+00
3.817583000000057609e+02,0.000000000000000000e+00
3.818583000000057268e+02,0.000000000000000000e+00
3.819583000000057496e+02,0.000000000000000000e+00
3.820583000000057154e+02,0.000000000000000000e+00
3.821583000000057382e+02,0.000000000000000000e+00
3.822583000000057609e+02,0.000000000000000000e+00
3.823583000000057837e+02,0.000000000000000000e+00
3.824583000000057496e+02,0.000000000000000000e+00
3.825583000000057154e+02,0.000000000000000000e+00
3.826583000000057382e+02,0.000000000000000000e+00
3.827583000000057609e+02,0.000000000000000000e+00
3.828583000000057837e+02,0.000000000000000000e+00
3.829583000000057496e+02,0.000000000000000000e+00
3.830583000000057154e+02,0.000000000000000000e+00
3.831583000000057382e+02,0.000000000000000000e+00
3.832583000000057609e+02,0.000000000000000000e+00
3.833583000000057837e+02,0.000000000000000000e+00
3.834583000000057496e+02,0.000000000000000000e+00
3.835583000000057723e+02,0.000000000000000000e+00
3.836583000000057382e+02,0.000000000000000000e+00
3.837583000000057609e+02,0.000000000000000000e+00
3.838583000000057837e+02,0.000000000000000000e+00
3.839583000000058064e+02,0.000000000000000000e+00
3.840583000000057723e+02,0.000000000000000000e+00
3.841583000000057382e+02,0.000000000000000000e+00
3.842583000000057609e+02,0.000000000000000000e+00
3.843583000000057837e+02,0.000000000000000000e+00
3.844583000000058064e+02,0.000000000000000000e+00
3.845583000000057723e+02,0.000000000000000000e+00
3.846583000000057382e+02,0.000000000000000000e+00
3.847583000000057609e+02,0.000000000000000000e+00
3.848583000000057837e+02,0.000000000000000000e+00
3.849583000000058064e+02,0.000000000000000000e+00
3.850583000000057723e+02,0.000000000000000000e+00
3.851583000000057950e+02,0.000000000000000000e+00
3.852583000000057609e+02,0.000000000000000000e+00
3.853583000000057837e+02,0.000000000000000000e+00
3.854583000000058064e+02,0.000000000000000000e+00
3.855583000000058291e+02,0.000000000000000000e+00
3.856583000000057950e+02,0.000000000000000000e+00
3.857583000000057609e+02,0.000000000000000000e+00
3.858583000000057837e+02,0.000000000000000000e+00
3.859583000000058064e+02,0.000000000000000000e+00
3.860583000000058291e+02,0.000000000000000000e+00
3.861583000000057950e+02,0.000000000000000000e+00
3.862583000000057609e+02,0.000000000000000000e+00
3.863583000000057837e+02,0.000000000000000000e+00
3.864583000000058064e+02,0.000000000000000000e+00
3.865583000000058291e+02,0.000000000000000000e+00
3.866583000000057950e+02,0.000000000000000000e+00
3.867583000000058178e+02,0.000000000000000000e+00
3.868583000000057837e+02,0.000000000000000000e+00
3.869583000000058064e+02,0.000000000000000000e+00
3.870583000000058291e+02,0.000000000000000000e+00
3.871583000000058519e+02,0.000000000000000000e+00
3.872583000000058178e+02,0.000000000000000000e+00
3.873583000000057837e+02,0.000000000000000000e+00
3.874583000000058064e+02,0.000000000000000000e+00
3.875583000000058291e+02,0.000000000000000000e+00
3.876583000000058519e+02,0.000000000000000000e+00
3.877583000000058178e+02,0.000000000000000000e+00
3.878583000000057837e+02,0.000000000000000000e+00
3.879583000000058064e+02,0.000000000000000000e+00
3.880583000000058291e+02,0.000000000000000000e+00
3.881583000000058519e+02,0.000000000000000000e+00
3.882583000000058178e+02,0.000000000000000000e+00
3.883583000000058405e+02,0.000000000000000000e+00
3.884583000000058064e+02,0.000000000000000000e+00
3.885583000000058291e+02,0.000000000000000000e+00
3.886583000000058519e+02,0.000000000000000000e+00
3.887583000000058746e+02,0.000000000000000000e+00
3.888583000000058405e+02,0.000000000000000000e+00
3.889583000000058064e+02,0.000000000000000000e+00
3.890583000000058291e+02,0.000000000000000000e+00
3.891583000000058519e+02,0.000000000000000000e+00
3.892583000000058746e+02,0.000000000000000000e+00
3.893583000000058405e+02,0.000000000000000000e+00
3.894583000000058064e+02,0.000000000000000000e+00
3.895583000000058291e+02,0.000000000000000000e+00
3.896583000000058519e+02,0.000000000000000000e+00
3.897583000000058746e+02,0.000000000000000000e+00
3.898583000000058405e+02,0.000000000000000000e+00
3.899583000000058632e+02,0.000000000000000000e+00
3.900583000000058291e+02,0.000000000000000000e+00
3.901583000000058519e+02,0.000000000000000000e+00
3.902583000000058746e+02,0.000000000000000000e+00
3.903583000000058973e+02,0.000000000000000000e+00
3.904583000000058632e+02,0.000000000000000000e+00
3.905583000000058291e+02,0.000000000000000000e+00
3.906583000000058519e+02,0.000000000000000000e+00
3.907583000000058746e+02,0.000000000000000000e+00
3.908583000000058973e+02,0.000000000000000000e+00
3.909583000000058632e+02,0.000000000000000000e+00
3.910583000000058291e+02,0.000000000000000000e+00
3.911583000000058519e+02,0.000000000000000000e+00
3.912583000000058746e+02,0.000000000000000000e+00
3.913583000000058973e+02,0.000000000000000000e+00
3.914583000000058632e+02,0.000000000000000000e+00
3.915583000000058860e+02,0.000000000000000000e+00
3.916583000000058519e+02,0.000000000000000000e+00
3.917583000000058746e+02,0.000000000000000000e+00
3.918583000000058973e+02,0.000000000000000000e+00
3.919583000000059201e+02,0.000000000000000000e+00
3.920583000000058860e+02,0.000000000000000000e+00
3.921583000000058519e+02,0.000000000000000000e+00
3.922583000000058746e+02,0.000000000000000000e+00
3.923583000000058973e+02,0.000000000000000000e+00
3.924583000000059201e+02,0.000000000000000000e+00
3.925583000000058860e+02,0.000000000000000000e+00
3.926583000000058519e+02,0.000000000000000000e+00
3.927583000000058746e+02,0.000000000000000000e+00
3.928583000000058973e+02,0.000000000000000000e+00
3.929583000000059201e+02,0.000000000000000000e+00
3.930583000000058860e+02,0.000000000000000000e+00
3.931583000000059087e+02,0.000000000000000000e+00
3.932583000000058746e+02,0.000000000000000000e+00
3.933583000000058973e+02,0.000000000000000000e+00
3.934583000000059201e+02,0.000000000000000000e+00
3.935583000000059428e+02,0.000000000000000000e+00
3.936583000000059087e+02,0.000000000000000000e+00
3.937583000000058746e+02,0.000000000000000000e+00
3.938583000000058973e+02,0.000000000000000000e+00
3.939583000000059201e+02,0.000000000000000000e+00
3.940583000000059428e+02,0.000000000000000000e+00
3.941583000000059087e+02,0.000000000000000000e+00
3.942583000000058746e+02,0.000000000000000000e+00
3.943583000000058973e+02,0.000000000000000000e+00
3.944583000000059201e+02,0.000000000000000000e+00
3.945583000000059428e+02,0.000000000000000000e+00
3.946583000000059087e+02,0.000000000000000000e+00
3.947583000000059315e+02,0.000000000000000000e+00
3.948583000000058973e+02,0.000000000000000000e+00
3.949583000000059201e+02,0.000000000000000000e+00
3.950583000000059428e+02,0.000000000000000000e+00
3.951583000000059656e+02,0.000000000000000000e+00
3.952583000000059315e+02,0.000000000000000000e+00
3.953583000000058973e+02,0.000000000000000000e+00
3.954583000000059201e+02,0.000000000000000000e+00
3.955583000000059428e+02,0.000000000000000000e+00
3.956583000000059656e+02,0.000000000000000000e+00
3.957583000000059315e+02,1.024590163934193179e-02
3.958583000000058973e+02,0.000000000000000000e+00
3.959583000000059201e+02,1.024590163934193179e-02
3.960583000000059428e+02,1.024590163934193179e-02
3.961583000000059656e+02,0.000000000000000000e+00
3.962583000000059315e+02,1.024590163934193179e-02
3.963583000000059542e+02,0.000000000000000000e+00
3.964583000000059201e+02,1.024590163934775700e-02
3.965583000000059428e+02,0.000000000000000000e+00
3.966583000000059656e+02,1.024590163934193179e-02
3.967583000000059883e+02,0.000000000000000000e+00
3.968583000000059542e+02,0.000000000000000000e+00
3.969583000000059201e+02,0.000000000000000000e+00
3.970583000000059428e+02,0.000000000000000000e+00
3.971583000000059656e+02,0.000000000000000000e+00
3.972583000000059883e+02,0.000000000000000000e+00
3.973583000000059542e+02,0.000000000000000000e+00
3.974583000000059201e+02,0.000000000000000000e+00
3.975583000000059428e+02,0.000000000000000000e+00
3.976583000000059656e+02,0.000000000000000000e+00
3.977583000000059883e+02,0.000000000000000000e+00
3.978583000000059542e+02,0.000000000000000000e+00
3.979583000000059769e+02,0.000000000000000000e+00
3.980583000000059428e+02,0.000000000000000000e+00
3.981583000000059656e+02,0.000000000000000000e+00
3.982583000000059883e+02,0.000000000000000000e+00
3.983583000000060110e+02,0.000000000000000000e+00
3.984583000000059769e+02,0.000000000000000000e+00
3.985583000000059428e+02,0.000000000000000000e+00
3.986583000000059656e+02,0.000000000000000000e+00
3.987583000000059883e+02,0.000000000000000000e+00
3.988583000000060110e+02,0.000000000000000000e+00
3.989583000000059769e+02,0.000000000000000000e+00
3.990583000000059428e+02,0.000000000000000000e+00
3.991583000000059656e+02,0.000000000000000000e+00
3.992583000000059883e+02,0.000000000000000000e+00
3.993583000000060110e+02,0.000000000000000000e+00
3.994583000000059769e+02,0.000000000000000000e+00
3.995583000000059997e+02,0.000000000000000000e+00
3.996583000000059656e+02,0.000000000000000000e+00
3.997583000000059883e+02,0.000000000000000000e+00
3.998583000000060110e+02,0.000000000000000000e+00
3.999583000000060338e+02,0.000000000000000000e+00
4.000583000000059997e+02,0.000000000000000000e+00
4.001583000000059656e+02,0.000000000000000000e+00
4.002583000000059883e+02,0.000000000000000000e+00
4.003583000000060110e+02,0.000000000000000000e+00
4.004583000000060338e+02,0.000000000000000000e+00
4.005583000000059997e+02,0.000000000000000000e+00
4.006583000000059656e+02,0.000000000000000000e+00
4.007583000000059883e+02,0.000000000000000000e+00
4.008583000000060110e+02,0.000000000000000000e+00
4.009583000000060338e+02,0.000000000000000000e+00
4.010583000000059997e+02,0.000000000000000000e+00
4.011583000000060224e+02,0.000000000000000000e+00
4.012583000000059883e+02,0.000000000000000000e+00
4.013583000000060110e+02,0.000000000000000000e+00
4.014583000000060338e+02,0.000000000000000000e+00
4.015583000000060565e+02,0.000000000000000000e+00
4.016583000000060224e+02,0.000000000000000000e+00
4.017583000000059883e+02,0.000000000000000000e+00
4.018583000000060110e+02,0.000000000000000000e+00
4.019583000000060338e+02,0.000000000000000000e+00
4.020583000000060565e+02,0.000000000000000000e+00
4.021583000000060224e+02,0.000000000000000000e+00
4.022583000000059883e+02,0.000000000000000000e+00
4.023583000000060110e+02,0.000000000000000000e+00
4.024583000000060338e+02,0.000000000000000000e+00
4.025583000000060565e+02,0.000000000000000000e+00
4.026583000000060224e+02,0.000000000000000000e+00
4.027583000000060451e+02,0.000000000000000000e+00
4.028583000000060110e+02,0.000000000000000000e+00
4.029583000000060338e+02,0.000000000000000000e+00
4.030583000000060565e+02,0.000000000000000000e+00
4.031583000000060792e+02,0.000000000000000000e+00
4.032583000000060451e+02,0.000000000000000000e+00
4.033583000000060110e+02,0.000000000000000000e+00
4.034583000000060338e+02,0.000000000000000000e+00
4.035583000000060565e+02,0.000000000000000000e+00
4.036583000000060792e+02,0.000000000000000000e+00
4.037583000000060451e+02,0.000000000000000000e+00
4.038583000000060110e+02,0.000000000000000000e+00
4.039583000000060338e+02,0.000000000000000000e+00
4.040583000000060565e+02,0.000000000000000000e+00
4.041583000000060792e+02,0.000000000000000000e+00
4.042583000000060451e+02,0.000000000000000000e+00
4.043583000000060679e+02,0.000000000000000000e+00
4.044583000000060338e+02,0.000000000000000000e+00
4.045583000000060565e+02,0.000000000000000000e+00
4.046583000000060792e+02,0.000000000000000000e+00
4.047583000000061020e+02,0.000000000000000000e+00
4.048583000000060679e+02,0.000000000000000000e+00
4.049583000000060338e+02,0.000000000000000000e+00
4.050583000000060565e+02,0.000000000000000000e+00
4.051583000000060792e+02,0.000000000000000000e+00
4.052583000000061020e+02,0.000000000000000000e+00
4.053583000000060679e+02,0.000000000000000000e+00
4.054583000000060338e+02,0.000000000000000000e+00
4.055583000000060565e+02,0.000000000000000000e+00
4.056583000000060792e+02,0.000000000000000000e+00
4.057583000000061020e+02,0.000000000000000000e+00
4.058583000000060679e+02,0.000000000000000000e+00
4.059583000000060906e+02,0.000000000000000000e+00
4.060583000000060565e+02,0.000000000000000000e+00
4.061583000000060792e+02,0.000000000000000000e+00
4.062583000000061020e+02,0.000000000000000000e+00
4.063583000000061247e+02,0.000000000000000000e+00
4.064583000000060906e+02,0.000000000000000000e+00
4.065583000000060565e+02,0.000000000000000000e+00
4.066583000000060792e+02,0.000000000000000000e+00
4.067583000000061020e+02,0.000000000000000000e+00
4.068583000000061247e+02,0.000000000000000000e+00
4.069583000000060906e+02,0.000000000000000000e+00
4.070583000000060565e+02,0.000000000000000000e+00
4.071583000000060792e+02,0.000000000000000000e+00
4.072583000000061020e+02,0.000000000000000000e+00
4.073583000000061247e+02,0.000000000000000000e+00
4.074583000000060906e+02,0.000000000000000000e+00
4.075583000000061134e+02,0.000000000000000000e+00
4.076583000000060792e+02,0.000000000000000000e+00
4.077583000000061020e+02,0.000000000000000000e+00
4.078583000000061247e+02,0.000000000000000000e+00
4.079583000000061475e+02,0.000000000000000000e+00
4.080583000000061134e+02,0.000000000000000000e+00
4.081583000000060792e+02,0.000000000000000000e+00
4.082583000000061020e+02,0.000000000000000000e+00
4.083583000000061247e+02,0.000000000000000000e+00
4.084583000000061475e+02,0.000000000000000000e+00
4.085583000000061134e+02,0.000000000000000000e+00
4.086583000000060792e+02,0.000000000000000000e+00
4.087583000000061020e+02,0.000000000000000000e+00
4.088583000000061247e+02,0.000000000000000000e+00
4.089583000000061475e+02,0.000000000000000000e+00
4.090583000000061134e+02,0.000000000000000000e+00
4.091583000000061361e+02,0.000000000000000000e+00
4.092583000000061020e+02,0.000000000000000000e+00
4.093583000000061247e+02,0.000000000000000000e+00
4.094583000000061475e+02,0.000000000000000000e+00
4.095583000000061702e+02,0.000000000000000000e+00
4.096583000000061361e+02,0.000000000000000000e+00
4.097583000000061020e+02,0.000000000000000000e+00
4.098583000000061247e+02,0.000000000000000000e+00
4.099583000000061475e+02,0.000000000000000000e+00
4.100583000000061702e+02,0.000000000000000000e+00
4.101583000000061361e+02,0.000000000000000000e+00
4.102583000000061020e+02,0.000000000000000000e+00
4.103583000000061247e+02,0.000000000000000000e+00
4.104583000000061475e+02,0.000000000000000000e+00
4.105583000000061702e+02,0.000000000000000000e+00
4.106583000000061361e+02,0.000000000000000000e+00
4.107583000000061588e+02,0.000000000000000000e+00
4.108583000000061247e+02,0.000000000000000000e+00
4.109583000000061475e+02,0.000000000000000000e+00
4.110583000000061702e+02,0.000000000000000000e+00
4.111583000000061929e+02,0.000000000000000000e+00
4.112583000000061588e+02,0.000000000000000000e+00
4.113583000000061247e+02,0.000000000000000000e+00
4.114583000000061475e+02,0.000000000000000000e+00
4.115583000000061702e+02,0.000000000000000000e+00
4.116583000000061929e+02,0.000000000000000000e+00
4.117583000000061588e+02,0.000000000000000000e+00
4.118583000000061247e+02,0.000000000000000000e+00
4.119583000000061475e+02,0.000000000000000000e+00
4.120583000000061702e+02,0.000000000000000000e+00
4.121583000000061929e+02,0.000000000000000000e+00
4.122583000000061588e+02,0.000000000000000000e+00
4.123583000000061816e+02,0.000000000000000000e+00
4.124583000000061475e+02,0.000000000000000000e+00
4.125583000000061702e+02,0.000000000000000000e+00
4.126583000000061929e+02,0.000000000000000000e+00
4.127583000000062157e+02,0.000000000000000000e+00
4.128583000000061816e+02,0.000000000000000000e+00
4.129583000000061475e+02,0.000000000000000000e+00
4.130583000000061702e+02,0.000000000000000000e+00
4.131583000000061929e+02,0.000000000000000000e+00
4.132583000000062157e+02,0.000000000000000000e+00
4.133583000000061816e+02,0.000000000000000000e+00
4.134583000000061475e+02,0.000000000000000000e+00
4.135583000000061702e+02,0.000000000000000000e+00
4.136583000000061929e+02,0.000000000000000000e+00
4.137583000000062157e+02,0.000000000000000000e+00
4.138583000000061816e+02,0.000000000000000000e+00
4.139583000000062043e+02,0.000000000000000000e+00
4.140583000000061702e+02,0.000000000000000000e+00
4.141583000000061929e+02,0.000000000000000000e+00
4.142583000000062157e+02,0.000000000000000000e+00
4.143583000000062384e+02,0.000000000000000000e+00
4.144583000000062043e+02,0.000000000000000000e+00
4.145583000000061702e+02,0.000000000000000000e+00
4.146583000000061929e+02,0.000000000000000000e+00
4.147583000000062157e+02,0.000000000000000000e+00
4.148583000000062384e+02,0.000000000000000000e+00
4.149583000000062043e+02,0.000000000000000000e+00
4.150583000000061702e+02,0.000000000000000000e+00
4.151583000000061929e+02,0.000000000000000000e+00
4.152583000000062157e+02,0.000000000000000000e+00
4.153583000000062384e+02,0.000000000000000000e+00
4.154583000000062043e+02,0.000000000000000000e+00
4.155583000000062270e+02,0.000000000000000000e+00
4.156583000000061929e+02,0.000000000000000000e+00
4.157583000000062157e+02,0.000000000000000000e+00
4.158583000000062384e+02,0.000000000000000000e+00
4.159583000000062611e+02,0.000000000000000000e+00
4.160583000000062270e+02,0.000000000000000000e+00
4.161583000000061929e+02,0.000000000000000000e+00
4.162583000000062157e+02,0.000000000000000000e+00
4.163583000000062384e+02,0.000000000000000000e+00
4.164583000000062611e+02,0.000000000000000000e+00
4.165583000000062270e+02,0.000000000000000000e+00
4.166583000000061929e+02,0.000000000000000000e+00
4.167583000000062157e+02,0.000000000000000000e+00
4.168583000000062384e+02,0.000000000000000000e+00
4.169583000000062611e+02,0.000000000000000000e+00
4.170583000000062270e+02,0.000000000000000000e+00
4.171583000000062498e+02,0.000000000000000000e+00
4.172583000000062157e+02,0.000000000000000000e+00
4.173583000000062384e+02,0.000000000000000000e+00
4.174583000000062611e+02,0.000000000000000000e+00
4.175583000000062839e+02,0.000000000000000000e+00
4.176583000000062498e+02,0.000000000000000000e+00
4.177583000000062157e+02,0.000000000000000000e+00
4.178583000000062384e+02,0.000000000000000000e+00
4.179583000000062611e+02,0.000000000000000000e+00
4.180583000000062839e+02,0.000000000000000000e+00
4.181583000000062498e+02,0.000000000000000000e+00
4.182583000000062157e+02,0.000000000000000000e+00
4.183583000000062384e+02,0.000000000000000000e+00
4.184583000000062611e+02,0.000000000000000000e+00
4.185583000000062839e+02,0.000000000000000000e+00
4.186583000000062498e+02,0.000000000000000000e+00
4.187583000000062725e+02,0.000000000000000000e+00
4.188583000000062384e+02,0.000000000000000000e+00
4.189583000000062611e+02,0.000000000000000000e+00
4.190583000000062839e+02,0.000000000000000000e+00
4.191583000000063066e+02,0.000000000000000000e+00
4.192583000000062725e+02,0.000000000000000000e+00
4.193583000000062384e+02,0.000000000000000000e+00
4.194583000000062611e+02,0.000000000000000000e+00
4.195583000000062839e+02,0.000000000000000000e+00
4.196583000000063066e+02,0.000000000000000000e+00
4.197583000000062725e+02,0.000000000000000000e+00
4.198583000000062384e+02,0.000000000000000000e+00
4.199583000000062611e+02,0.000000000000000000e+00
4.200583000000062839e+02,0.000000000000000000e+00
4.201583000000063066e+02,0.000000000000000000e+00
4.202583000000062725e+02,0.000000000000000000e+00
4.203583000000062952e+02,0.000000000000000000e+00
4.204583000000062611e+02,0.000000000000000000e+00
4.205583000000062839e+02,0.000000000000000000e+00
4.206583000000063066e+02,0.000000000000000000e+00
4.207583000000063294e+02,0.000000000000000000e+00
4.208583000000062952e+02,0.000000000000000000e+00
4.209583000000062611e+02,0.000000000000000000e+00
4.210583000000062839e+02,0.000000000000000000e+00
4.211583000000063066e+02,0.000000000000000000e+00
4.212583000000063294e+02,0.000000000000000000e+00
4.213583000000062952e+02,0.000000000000000000e+00
4.214583000000062611e+02,0.000000000000000000e+00
4.215583000000062839e+02,0.000000000000000000e+00
4.216583000000063066e+02,0.000000000000000000e+00
4.217583000000063294e+02,0.000000000000000000e+00
4.218583000000062952e+02,0.000000000000000000e+00
4.219583000000063180e+02,0.000000000000000000e+00
4.220583000000062839e+02,0.000000000000000000e+00
4.221583000000063066e+02,0.000000000000000000e+00
4.222583000000063294e+02,0.000000000000000000e+00
4.223583000000063521e+02,0.000000000000000000e+00
4.224583000000063180e+02,0.000000000000000000e+00
4.225583000000062839e+02,0.000000000000000000e+00
4.226583000000063066e+02,0.000000000000000000e+00
4.227583000000063294e+02,0.000000000000000000e+00
4.228583000000063521e+02,0.000000000000000000e+00
4.229583000000063180e+02,0.000000000000000000e+00
4.230583000000062839e+02,0.000000000000000000e+00
4.231583000000063066e+02,0.000000000000000000e+00
4.232583000000063294e+02,0.000000000000000000e+00
4.233583000000063521e+02,0.000000000000000000e+00
4.234583000000063180e+02,0.000000000000000000e+00
4.235583000000063407e+02,0.000000000000000000e+00
4.236583000000063066e+02,0.000000000000000000e+00
4.237583000000063294e+02,0.000000000000000000e+00
4.238583000000063521e+02,0.000000000000000000e+00
4.239583000000063748e+02,0.000000000000000000e+00
4.240583000000063407e+02,0.000000000000000000e+00
4.241583000000063066e+02,0.000000000000000000e+00
4.242583000000063294e+02,0.000000000000000000e+00
4.243583000000063521e+02,0.000000000000000000e+00
4.244583000000063748e+02,0.000000000000000000e+00
4.245583000000063407e+02,0.000000000000000000e+00
4.246583000000063066e+02,0.000000000000000000e+00
4.247583000000063294e+02,0.000000000000000000e+00
4.248583000000063521e+02,0.000000000000000000e+00
4.249583000000063748e+02,0.000000000000000000e+00
4.250583000000063407e+02,0.000000000000000000e+00
4.251583000000063635e+02,0.000000000000000000e+00
4.252583000000063294e+02,0.000000000000000000e+00
4.253583000000063521e+02,0.000000000000000000e+00
4.254583000000063748e+02,0.000000000000000000e+00
4.255583000000063976e+02,0.000000000000000000e+00
4.256583000000063635e+02,0.000000000000000000e+00
4.257583000000063294e+02,0.000000000000000000e+00
4.258583000000063521e+02,0.000000000000000000e+00
4.259583000000063748e+02,0.000000000000000000e+00
4.260583000000063976e+02,0.000000000000000000e+00
4.261583000000063635e+02,0.000000000000000000e+00
4.262583000000063294e+02,0.000000000000000000e+00
4.263583000000063521e+02,0.000000000000000000e+00
4.264583000000063748e+02,0.000000000000000000e+00
4.265583000000063976e+02,0.000000000000000000e+00
4.266583000000063635e+02,0.000000000000000000e+00
4.267583000000063862e+02,0.000000000000000000e+00
4.268583000000063521e+02,0.000000000000000000e+00
4.269583000000063748e+02,0.000000000000000000e+00
4.270583000000063976e+02,0.000000000000000000e+00
4.271583000000064203e+02,0.000000000000000000e+00
4.272583000000063862e+02,0.000000000000000000e+00
4.273583000000063521e+02,0.000000000000000000e+00
4.274583000000063748e+02,0.000000000000000000e+00
4.275583000000063976e+02,0.000000000000000000e+00
4.276583000000064203e+02,0.000000000000000000e+00
4.277583000000063862e+02,0.000000000000000000e+00
4.278583000000063521e+02,0.000000000000000000e+00
4.279583000000063748e+02,0.000000000000000000e+00
4.280583000000063976e+02,0.000000000000000000e+00
4.281583000000064203e+02,0.000000000000000000e+00
4.282583000000063862e+02,0.000000000000000000e+00
4.283583000000064089e+02,0.000000000000000000e+00
4.284583000000063748e+02,0.000000000000000000e+00
4.285583000000063976e+02,0.000000000000000000e+00
4.286583000000064203e+02,0.000000000000000000e+00
4.287583000000064430e+02,0.000000000000000000e+00
4.288583000000064089e+02,0.000000000000000000e+00
4.289583000000063748e+02,0.000000000000000000e+00
4.290583000000063976e+02,0.000000000000000000e+00
4.291583000000064203e+02,0.000000000000000000e+00
4.292583000000064430e+02,0.000000000000000000e+00
4.293583000000064089e+02,0.000000000000000000e+00
4.294583000000063748e+02,0.000000000000000000e+00
4.295583000000063976e+02,0.000000000000000000e+00
4.296583000000064203e+02,0.000000000000000000e+00
4.297583000000064430e+02,0.000000000000000000e+00
4.298583000000064089e+02,0.000000000000000000e+00
4.299583000000064317e+02,0.000000000000000000e+00
4.300583000000063976e+02,0.000000000000000000e+00
4.301583000000064203e+02,0.000000000000000000e+00
4.302583000000064430e+02,0.000000000000000000e+00
4.303583000000064658e+02,0.000000000000000000e+00
4.304583000000064317e+02,0.000000000000000000e+00
4.305583000000063976e+02,0.000000000000000000e+00
4.306583000000064203e+02,0.000000000000000000e+00
4.307583000000064430e+02,0.000000000000000000e+00
4.308583000000064658e+02,0.000000000000000000e+00
4.309583000000064317e+02,0.000000000000000000e+00
4.310583000000063976e+02,0.000000000000000000e+00
4.311583000000064203e+02,0.000000000000000000e+00
4.312583000000064430e+02,0.000000000000000000e+00
4.313583000000064658e+02,0.000000000000000000e+00
4.314583000000064317e+02,0.000000000000000000e+00
4.315583000000064544e+02,0.000000000000000000e+00
4.316583000000064203e+02,0.000000000000000000e+00
4.317583000000064430e+02,0.000000000000000000e+00
4.318583000000064658e+02,0.000000000000000000e+00
4.319583000000064885e+02,0.000000000000000000e+00
4.320583000000064544e+02,0.000000000000000000e+00
4.321583000000064203e+02,0.000000000000000000e+00
4.322583000000064430e+02,0.000000000000000000e+00
4.323583000000064658e+02,0.000000000000000000e+00
4.324583000000064885e+02,0.000000000000000000e+00
4.325583000000064544e+02,0.000000000000000000e+00
4.326583000000064203e+02,0.000000000000000000e+00
4.327583000000064430e+02,0.000000000000000000e+00
4.328583000000064658e+02,0.000000000000000000e+00
4.329583000000064885e+02,0.000000000000000000e+00
4.330583000000064544e+02,0.000000000000000000e+00
4.331583000000064771e+02,0.000000000000000000e+00
4.332583000000064430e+02,0.000000000000000000e+00
4.333583000000064658e+02,0.000000000000000000e+00
4.334583000000064885e+02,0.000000000000000000e+00
4.335583000000065113e+02,0.000000000000000000e+00
4.336583000000064771e+02,0.000000000000000000e+00
4.337583000000064430e+02,0.000000000000000000e+00
4.338583000000064658e+02,0.000000000000000000e+00
4.339583000000064885e+02,0.000000000000000000e+00
4.340583000000065113e+02,0.000000000000000000e+00
4.341583000000064771e+02,0.000000000000000000e+00
4.342583000000064430e+02,0.000000000000000000e+00
4.343583000000064658e+02,0.000000000000000000e+00
4.344583000000064885e+02,0.000000000000000000e+00
4.345583000000065113e+02,0.000000000000000000e+00
4.346583000000064771e+02,0.000000000000000000e+00
4.347583000000064999e+02,0.000000000000000000e+00
4.348583000000064658e+02,0.000000000000000000e+00
4.349583000000064885e+02,0.000000000000000000e+00
4.350583000000065113e+02,0.000000000000000000e+00
4.351583000000065340e+02,0.000000000000000000e+00
4.352583000000064999e+02,0.000000000000000000e+00
4.353583000000064658e+02,0.000000000000000000e+00
4.354583000000064885e+02,0.000000000000000000e+00
4.355583000000065113e+02,0.000000000000000000e+00
4.356583000000065340e+02,0.000000000000000000e+00
4.357583000000064999e+02,0.000000000000000000e+00
4.358583000000064658e+02,0.000000000000000000e+00
4.359583000000064885e+02,0.000000000000000000e+00
4.360583000000065113e+02,0.000000000000000000e+00
4.361583000000065340e+02,0.000000000000000000e+00
4.362583000000064999e+02,0.000000000000000000e+00
4.363583000000065226e+02,0.000000000000000000e+00
4.364583000000064885e+02,0.000000000000000000e+00
4.365583000000065113e+02,0.000000000000000000e+00
4.366583000000065340e+02,0.000000000000000000e+00
4.367583000000065567e+02,0.000000000000000000e+00
4.368583000000065226e+02,0.000000000000000000e+00
4.369583000000064885e+02,0.000000000000000000e+00
4.370583000000065113e+02,0.000000000000000000e+00
4.371583000000065340e+02,0.000000000000000000e+00
4.372583000000065567e+02,0.000000000000000000e+00
4.373583000000065226e+02,0.000000000000000000e+00
4.374583000000064885e+02,0.000000000000000000e+00
4.375583000000065113e+02,0.000000000000000000e+00
4.376583000000065340e+02,0.000000000000000000e+00
4.377583000000065567e+02,0.000000000000000000e+00
4.378583000000065226e+02,0.000000000000000000e+00
4.379583000000065454e+02,0.000000000000000000e+00
4.380583000000065113e+02,0.000000000000000000e+00
4.381583000000065340e+02,0.000000000000000000e+00
4.382583000000065567e+02,0.000000000000000000e+00
4.383583000000065795e+02,0.000000000000000000e+00
4.384583000000065454e+02,0.000000000000000000e+00
4.385583000000065113e+02,0.000000000000000000e+00
4.386583000000065340e+02,0.000000000000000000e+00
4.387583000000065567e+02,0.000000000000000000e+00
4.388583000000065795e+02,0.000000000000000000e+00
4.389583000000065454e+02,0.000000000000000000e+00
4.390583000000065113e+02,0.000000000000000000e+00
4.391583000000065340e+02,0.000000000000000000e+00
4.392583000000065567e+02,0.000000000000000000e+00
4.393583000000065795e+02,0.000000000000000000e+00
4.394583000000065454e+02,0.000000000000000000e+00
4.395583000000065681e+02,0.000000000000000000e+00
4.396583000000065340e+02,0.000000000000000000e+00
4.397583000000065567e+02,0.000000000000000000e+00
4.398583000000065795e+02,0.000000000000000000e+00
4.399583000000066022e+02,0.000000000000000000e+00
4.400583000000065681e+02,0.000000000000000000e+00
4.401583000000065340e+02,0.000000000000000000e+00
4.402583000000065567e+02,0.000000000000000000e+00
4.403583000000065795e+02,0.000000000000000000e+00
4.404583000000066022e+02,0.000000000000000000e+00
4.405583000000065681e+02,0.000000000000000000e+00
4.406583000000065340e+02,0.000000000000000000e+00
4.407583000000065567e+02,0.000000000000000000e+00
4.408583000000065795e+02,0.000000000000000000e+00
4.409583000000066022e+02,0.000000000000000000e+00
4.410583000000065681e+02,0.000000000000000000e+00
4.411583000000065908e+02,0.000000000000000000e+00
4.412583000000065567e+02,0.000000000000000000e+00
4.413583000000065795e+02,0.000000000000000000e+00
4.414583000000066022e+02,0.000000000000000000e+00
4.415583000000066249e+02,0.000000000000000000e+00
4.416583000000065908e+02,0.000000000000000000e+00
4.417583000000065567e+02,0.000000000000000000e+00
4.418583000000065795e+02,0.000000000000000000e+00
4.419583000000066022e+02,0.000000000000000000e+00
4.420583000000066249e+02,0.000000000000000000e+00
4.421583000000065908e+02,0.000000000000000000e+00
4.422583000000065567e+02,0.000000000000000000e+00
4.423583000000065795e+02,0.000000000000000000e+00
4.424583000000066022e+02,0.000000000000000000e+00
4.425583000000066249e+02,0.000000000000000000e+00
4.426583000000065908e+02,0.000000000000000000e+00
4.427583000000066136e+02,0.000000000000000000e+00
4.428583000000065795e+02,0.000000000000000000e+00
4.429583000000066022e+02,0.000000000000000000e+00
4.430583000000066249e+02,0.000000000000000000e+00
4.431583000000066477e+02,0.000000000000000000e+00
4.432583000000066136e+02,0.000000000000000000e+00
4.433583000000065795e+02,0.000000000000000000e+00
4.434583000000066022e+02,0.000000000000000000e+00
4.435583000000066249e+02,0.000000000000000000e+00
4.436583000000066477e+02,0.000000000000000000e+00
4.437583000000066136e+02,0.000000000000000000e+00
4.438583000000065795e+02,0.000000000000000000e+00
4.439583000000066022e+02,0.000000000000000000e+00
4.440583000000066249e+02,0.000000000000000000e+00
4.441583000000066477e+02,0.000000000000000000e+00
4.442583000000066136e+02,0.000000000000000000e+00
4.443583000000066363e+02,0.000000000000000000e+00
4.444583000000066022e+02,0.000000000000000000e+00
4.445583000000066249e+02,0.000000000000000000e+00
4.446583000000066477e+02,0.000000000000000000e+00
4.447583000000066704e+02,0.000000000000000000e+00
4.448583000000066363e+02,0.000000000000000000e+00
4.449583000000066022e+02,0.000000000000000000e+00
4.450583000000066249e+02,0.000000000000000000e+00
4.451583000000066477e+02,0.000000000000000000e+00
4.452583000000066704e+02,0.000000000000000000e+00
4.453583000000066363e+02,0.000000000000000000e+00
4.454583000000066022e+02,0.000000000000000000e+00
4.455583000000066249e+02,0.000000000000000000e+00
4.456583000000066477e+02,0.000000000000000000e+00
4.457583000000066704e+02,0.000000000000000000e+00
4.458583000000066363e+02,0.000000000000000000e+00
4.459583000000066590e+02,0.000000000000000000e+00
4.460583000000066249e+02,0.000000000000000000e+00
4.461583000000066477e+02,0.000000000000000000e+00
4.462583000000066704e+02,0.000000000000000000e+00
4.463583000000066932e+02,0.000000000000000000e+00
4.464583000000066590e+02,0.000000000000000000e+00
4.465583000000066249e+02,0.000000000000000000e+00
4.466583000000066477e+02,0.000000000000000000e+00
4.467583000000066704e+02,0.000000000000000000e+00
4.468583000000066932e+02,0.000000000000000000e+00
4.469583000000066590e+02,0.000000000000000000e+00
4.470583000000066249e+02,0.000000000000000000e+00
4.471583000000066477e+02,0.000000000000000000e+00
4.472583000000066704e+02,0.000000000000000000e+00
4.473583000000066932e+02,0.000000000000000000e+00
4.474583000000066590e+02,0.000000000000000000e+00
4.475583000000066818e+02,0.000000000000000000e+00
4.476583000000066477e+02,0.000000000000000000e+00
4.477583000000066704e+02,0.000000000000000000e+00
4.478583000000066932e+02,0.000000000000000000e+00
4.479583000000067159e+02,0.000000000000000000e+00
4.480583000000066818e+02,0.000000000000000000e+00
4.481583000000066477e+02,0.000000000000000000e+00
4.482583000000066704e+02,0.000000000000000000e+00
4.483583000000066932e+02,0.000000000000000000e+00
4.484583000000067159e+02,0.000000000000000000e+00
4.485583000000066818e+02,0.000000000000000000e+00
4.486583000000066477e+02,0.000000000000000000e+00
4.487583000000066704e+02,0.000000000000000000e+00
4.488583000000066932e+02,0.000000000000000000e+00
4.489583000000067159e+02,0.000000000000000000e+00
4.490583000000066818e+02,0.000000000000000000e+00
4.491583000000067045e+02,0.000000000000000000e+00
4.492583000000066704e+02,0.000000000000000000e+00
4.493583000000066932e+02,0.000000000000000000e+00
4.494583000000067159e+02,0.000000000000000000e+00
4.495583000000067386e+02,0.000000000000000000e+00
4.496583000000067045e+02,0.000000000000000000e+00
4.497583000000066704e+02,0.000000000000000000e+00
4.498583000000066932e+02,0.000000000000000000e+00
4.499583000000067159e+02,0.000000000000000000e+00
4.500583000000067386e+02,0.000000000000000000e+00
4.501583000000067045e+02,0.000000000000000000e+00
4.502583000000066704e+02,0.000000000000000000e+00
4.503583000000066932e+02,0.000000000000000000e+00
4.504583000000067159e+02,0.000000000000000000e+00
4.505583000000067386e+02,0.000000000000000000e+00
4.506583000000067045e+02,0.000000000000000000e+00
4.507583000000067273e+02,0.000000000000000000e+00
4.508583000000066932e+02,0.000000000000000000e+00
4.509583000000067159e+02,0.000000000000000000e+00
4.510583000000067386e+02,0.000000000000000000e+00
4.511583000000067614e+02,0.000000000000000000e+00
4.512583000000067273e+02,0.000000000000000000e+00
4.513583000000066932e+02,0.000000000000000000e+00
4.514583000000067159e+02,0.000000000000000000e+00
4.515583000000067386e+02,0.000000000000000000e+00
4.516583000000067614e+02,0.000000000000000000e+00
4.517583000000067273e+02,0.000000000000000000e+00
4.518583000000066932e+02,0.000000000000000000e+00
4.519583000000067159e+02,0.000000000000000000e+00
4.520583000000067386e+02,0.000000000000000000e+00
4.521583000000067614e+02,0.000000000000000000e+00
4.522583000000067273e+02,0.000000000000000000e+00
4.523583000000067500e+02,0.000000000000000000e+00
4.524583000000067159e+02,0.000000000000000000e+00
4.525583000000067386e+02,0.000000000000000000e+00
4.526583000000067614e+02,0.000000000000000000e+00
4.527583000000067841e+02,0.000000000000000000e+00
4.528583000000067500e+02,0.000000000000000000e+00
4.529583000000067159e+02,0.000000000000000000e+00
4.530583000000067386e+02,0.000000000000000000e+00
4.531583000000067614e+02,0.000000000000000000e+00
4.532583000000067841e+02,0.000000000000000000e+00
4.533583000000067500e+02,0.000000000000000000e+00
4.534583000000067159e+02,0.000000000000000000e+00
4.535583000000067386e+02,0.000000000000000000e+00
4.536583000000067614e+02,0.000000000000000000e+00
4.537583000000067841e+02,0.000000000000000000e+00
4.538583000000067500e+02,0.000000000000000000e+00
4.539583000000067727e+02,0.000000000000000000e+00
4.540583000000067386e+02,0.000000000000000000e+00
4.541583000000067614e+02,0.000000000000000000e+00
4.542583000000067841e+02,0.000000000000000000e+00
4.543583000000068068e+02,0.000000000000000000e+00
4.544583000000067727e+02,0.000000000000000000e+00
4.545583000000067386e+02,0.000000000000000000e+00
4.546583000000067614e+02,0.000000000000000000e+00
4.547583000000067841e+02,0.000000000000000000e+00
4.548583000000068068e+02,0.000000000000000000e+00
4.549583000000067727e+02,0.000000000000000000e+00
4.550583000000067386e+02,0.000000000000000000e+00
4.551583000000067614e+02,0.000000000000000000e+00
4.552583000000067841e+02,0.000000000000000000e+00
4.553583000000068068e+02,0.000000000000000000e+00
4.554583000000067727e+02,0.000000000000000000e+00
4.555583000000067955e+02,0.000000000000000000e+00
4.556583000000067614e+02,0.000000000000000000e+00
4.557583000000067841e+02,0.000000000000000000e+00
4.558583000000068068e+02,0.000000000000000000e+00
4.559583000000068296e+02,0.000000000000000000e+00
4.560583000000067955e+02,0.000000000000000000e+00
4.561583000000067614e+02,0.000000000000000000e+00
4.562583000000067841e+02,0.000000000000000000e+00
4.563583000000068068e+02,0.000000000000000000e+00
4.564583000000068296e+02,0.000000000000000000e+00
4.565583000000067955e+02,0.000000000000000000e+00
4.566583000000067614e+02,0.000000000000000000e+00
4.567583000000067841e+02,0.000000000000000000e+00
4.568583000000068068e+02,0.000000000000000000e+00
4.569583000000068296e+02,0.000000000000000000e+00
4.570583000000067955e+02,0.000000000000000000e+00
4.571583000000068182e+02,0.000000000000000000e+00
4.572583000000067841e+02,0.000000000000000000e+00
4.573583000000068068e+02,0.000000000000000000e+00
4.574583000000068296e+02,0.000000000000000000e+00
4.575583000000068523e+02,0.000000000000000000e+00
4.576583000000068182e+02,0.000000000000000000e+00
4.577583000000067841e+02,0.000000000000000000e+00
4.578583000000068068e+02,0.000000000000000000e+00
4.579583000000068296e+02,0.000000000000000000e+00
4.580583000000068523e+02,0.000000000000000000e+00
4.581583000000068182e+02,0.000000000000000000e+00
4.582583000000067841e+02,0.000000000000000000e+00
4.583583000000068068e+02,0.000000000000000000e+00
4.584583000000068296e+02,0.000000000000000000e+00
4.585583000000068523e+02,0.000000000000000000e+00
4.586583000000068182e+02,0.000000000000000000e+00
4.587583000000068409e+02,0.000000000000000000e+00
4.588583000000068068e+02,0.000000000000000000e+00
4.589583000000068296e+02,0.000000000000000000e+00
4.590583000000068523e+02,0.000000000000000000e+00
4.591583000000068751e+02,0.000000000000000000e+00
4.592583000000068409e+02,0.000000000000000000e+00
4.593583000000068068e+02,0.000000000000000000e+00
4.594583000000068296e+02,0.000000000000000000e+00
4.595583000000068523e+02,0.000000000000000000e+00
4.596583000000068751e+02,0.000000000000000000e+00
4.597583000000068409e+02,0.000000000000000000e+00
4.598583000000068068e+02,0.000000000000000000e+00
4.599583000000068296e+02,0.000000000000000000e+00
4.600583000000068523e+02,0.000000000000000000e+00
4.601583000000068751e+02,0.000000000000000000e+00
4.602583000000068409e+02,0.000000000000000000e+00
4.603583000000068637e+02,0.000000000000000000e+00
4.604583000000068296e+02,0.000000000000000000e+00
4.605583000000068523e+02,0.000000000000000000e+00
4.606583000000068751e+02,0.000000000000000000e+00
4.607583000000068978e+02,0.000000000000000000e+00
4.608583000000068637e+02,0.000000000000000000e+00
4.609583000000068296e+02,0.000000000000000000e+00
4.610583000000068523e+02,0.000000000000000000e+00
4.611583000000068751e+02,0.000000000000000000e+00
4.612583000000068978e+02,0.000000000000000000e+00
4.613583000000068637e+02,0.000000000000000000e+00
4.614583000000068296e+02,0.000000000000000000e+00
4.615583000000068523e+02,0.000000000000000000e+00
4.616583000000068751e+02,0.000000000000000000e+00
4.617583000000068978e+02,0.000000000000000000e+00
4.618583000000068637e+02,0.000000000000000000e+00
4.619583000000068864e+02,0.000000000000000000e+00
4.620583000000068523e+02,0.000000000000000000e+00
4.621583000000068751e+02,0.000000000000000000e+00
4.622583000000068978e+02,0.000000000000000000e+00
4.623583000000069205e+02,0.000000000000000000e+00
4.624583000000068864e+02,0.000000000000000000e+00
4.625583000000068523e+02,0.000000000000000000e+00
4.626583000000068751e+02,0.000000000000000000e+00
4.627583000000068978e+02,0.000000000000000000e+00
4.628583000000069205e+02,0.000000000000000000e+00
4.629583000000068864e+02,0.000000000000000000e+00
4.630583000000068523e+02,0.000000000000000000e+00
4.631583000000068751e+02,0.000000000000000000e+00
4.632583000000068978e+02,0.000000000000000000e+00
4.633583000000069205e+02,0.000000000000000000e+00
4.634583000000068864e+02,0.000000000000000000e+00
4.635583000000069092e+02,0.000000000000000000e+00
4.636583000000068751e+02,0.000000000000000000e+00
4.637583000000068978e+02,0.000000000000000000e+00
4.638583000000069205e+02,0.000000000000000000e+00
4.639583000000069433e+02,0.000000000000000000e+00
4.640583000000069092e+02,0.000000000000000000e+00
4.641583000000068751e+02,0.000000000000000000e+00
4.642583000000068978e+02,0.000000000000000000e+00
4.643583000000069205e+02,0.000000000000000000e+00
4.644583000000069433e+02,0.000000000000000000e+00
4.645583000000069092e+02,0.000000000000000000e+00
4.646583000000068751e+02,0.000000000000000000e+00
4.647583000000068978e+02,0.000000000000000000e+00
4.648583000000069205e+02,0.000000000000000000e+00
4.649583000000069433e+02,0.000000000000000000e+00
4.650583000000069092e+02,0.000000000000000000e+00
4.651583000000069319e+02,0.000000000000000000e+00
4.652583000000068978e+02,0.000000000000000000e+00
4.653583000000069205e+02,0.000000000000000000e+00
4.654583000000069433e+02,0.000000000000000000e+00
4.655583000000069660e+02,0.000000000000000000e+00
4.656583000000069319e+02,0.000000000000000000e+00
4.657583000000068978e+02,0.000000000000000000e+00
4.658583000000069205e+02,0.000000000000000000e+00
4.659583000000069433e+02,0.000000000000000000e+00
4.660583000000069660e+02,0.000000000000000000e+00
4.661583000000069319e+02,0.000000000000000000e+00
4.662583000000068978e+02,0.000000000000000000e+00
4.663583000000069205e+02,0.000000000000000000e+00
4.664583000000069433e+02,0.000000000000000000e+00
4.665583000000069660e+02,0.000000000000000000e+00
4.666583000000069319e+02,0.000000000000000000e+00
4.667583000000069546e+02,0.000000000000000000e+00
4.668583000000069205e+02,0.000000000000000000e+00
4.669583000000069433e+02,0.000000000000000000e+00
4.670583000000069660e+02,0.000000000000000000e+00
4.671583000000069887e+02,0.000000000000000000e+00
4.672583000000069546e+02,0.000000000000000000e+00
4.673583000000069205e+02,0.000000000000000000e+00
4.674583000000069433e+02,0.000000000000000000e+00
4.675583000000069660e+02,0.000000000000000000e+00
4.676583000000069887e+02,0.000000000000000000e+00
4.677583000000069546e+02,0.000000000000000000e+00
4.678583000000069205e+02,0.000000000000000000e+00
4.679583000000069433e+02,0.000000000000000000e+00
4.680583000000069660e+02,0.000000000000000000e+00
4.681583000000069887e+02,0.000000000000000000e+00
4.682583000000069546e+02,0.000000000000000000e+00
4.683583000000069774e+02,0.000000000000000000e+00
4.684583000000069433e+02,0.000000000000000000e+00
4.685583000000069660e+02,0.000000000000000000e+00
4.686583000000069887e+02,0.000000000000000000e+00
4.687583000000070115e+02,0.000000000000000000e+00
4.688583000000069774e+02,0.000000000000000000e+00
4.689583000000069433e+02,0.000000000000000000e+00
4.690583000000069660e+02,0.000000000000000000e+00
4.691583000000069887e+02,0.000000000000000000e+00
4.692583000000070115e+02,0.000000000000000000e+00
4.693583000000069774e+02,0.000000000000000000e+00
4.694583000000069433e+02,0.000000000000000000e+00
4.695583000000069660e+02,0.000000000000000000e+00
4.696583000000069887e+02,0.000000000000000000e+00
4.697583000000070115e+02,0.000000000000000000e+00
4.698583000000069774e+02,0.000000000000000000e+00
4.699583000000070001e+02,0.000000000000000000e+00
4.700583000000069660e+02,0.000000000000000000e+00
4.701583000000069887e+02,0.000000000000000000e+00
4.702583000000070115e+02,0.000000000000000000e+00
4.703583000000070342e+02,0.000000000000000000e+00
4.704583000000070001e+02,0.000000000000000000e+00
4.705583000000069660e+02,0.000000000000000000e+00
4.706583000000069887e+02,0.000000000000000000e+00
4.707583000000070115e+02,0.000000000000000000e+00
4.708583000000070342e+02,0.000000000000000000e+00
4.709583000000070001e+02,0.000000000000000000e+00
4.710583000000069660e+02,0.000000000000000000e+00
4.711583000000069887e+02,0.000000000000000000e+00
4.712583000000070115e+02,0.000000000000000000e+00
4.713583000000070342e+02,0.000000000000000000e+00
4.714583000000070001e+02,0.000000000000000000e+00
4.715583000000070228e+02,0.000000000000000000e+00
4.716583000000069887e+02,0.000000000000000000e+00
4.717583000000070115e+02,0.000000000000000000e+00
4.718583000000070342e+02,0.000000000000000000e+00
4.719583000000070570e+02,0.000000000000000000e+00
4.720583000000070228e+02,0.000000000000000000e+00
4.721583000000069887e+02,0.000000000000000000e+00
4.722583000000070115e+02,0.000000000000000000e+00
4.723583000000070342e+02,0.000000000000000000e+00
4.724583000000070570e+02,0.000000000000000000e+00
4.725583000000070228e+02,0.000000000000000000e+00
4.726583000000069887e+02,0.000000000000000000e+00
4.727583000000070115e+02,0.000000000000000000e+00
4.728583000000070342e+02,0.000000000000000000e+00
4.729583000000070570e+02,0.000000000000000000e+00
4.730583000000070228e+02,0.000000000000000000e+00
4.731583000000070456e+02,0.000000000000000000e+00
4.732583000000070115e+02,0.000000000000000000e+00
4.733583000000070342e+02,0.000000000000000000e+00
4.734583000000070570e+02,0.000000000000000000e+00
4.735583000000070797e+02,0.000000000000000000e+00
4.736583000000070456e+02,0.000000000000000000e+00
4.737583000000070115e+02,0.000000000000000000e+00
4.738583000000070342e+02,0.000000000000000000e+00
4.739583000000070570e+02,0.000000000000000000e+00
4.740583000000070797e+02,0.000000000000000000e+00
4.741583000000070456e+02,0.000000000000000000e+00
4.742583000000070115e+02,0.000000000000000000e+00
4.743583000000070342e+02,0.000000000000000000e+00
4.744583000000070570e+02,0.000000000000000000e+00
4.745583000000070797e+02,0.000000000000000000e+00
4.746583000000070456e+02,0.000000000000000000e+00
4.747583000000070683e+02,0.000000000000000000e+00
4.748583000000070342e+02,0.000000000000000000e+00
4.749583000000070570e+02,0.000000000000000000e+00
4.750583000000070797e+02,0.000000000000000000e+00
4.751583000000071024e+02,0.000000000000000000e+00
4.752583000000070683e+02,0.000000000000000000e+00
4.753583000000070342e+02,0.000000000000000000e+00
4.754583000000070570e+02,0.000000000000000000e+00
4.755583000000070797e+02,0.000000000000000000e+00
4.756583000000071024e+02,0.000000000000000000e+00
4.757583000000070683e+02,0.000000000000000000e+00
4.758583000000070342e+02,0.000000000000000000e+00
4.759583000000070570e+02,0.000000000000000000e+00
4.760583000000070797e+02,0.000000000000000000e+00
4.761583000000071024e+02,0.000000000000000000e+00
4.762583000000070683e+02,0.000000000000000000e+00
4.763583000000070911e+02,0.000000000000000000e+00
4.764583000000070570e+02,0.000000000000000000e+00
4.765583000000070797e+02,0.000000000000000000e+00
4.766583000000071024e+02,0.000000000000000000e+00
4.767583000000071252e+02,0.000000000000000000e+00
4.768583000000070911e+02,0.000000000000000000e+00
4.769583000000070570e+02,0.000000000000000000e+00
4.770583000000070797e+02,0.000000000000000000e+00
4.771583000000071024e+02,0.000000000000000000e+00
4.772583000000071252e+02,0.000000000000000000e+00
4.773583000000070911e+02,0.000000000000000000e+00
4.774583000000070570e+02,0.000000000000000000e+00
4.775583000000070797e+02,0.000000000000000000e+00
4.776583000000071024e+02,0.000000000000000000e+00
4.777583000000071252e+02,0.000000000000000000e+00
4.778583000000070911e+02,0.000000000000000000e+00
4.779583000000071138e+02,0.000000000000000000e+00
4.780583000000070797e+02,0.000000000000000000e+00
4.781583000000071024e+02,0.000000000000000000e+00
4.782583000000071252e+02,0.000000000000000000e+00
4.783583000000071479e+02,0.000000000000000000e+00
4.784583000000071138e+02,0.000000000000000000e+00
4.785583000000070797e+02,0.000000000000000000e+00
4.786583000000071024e+02,0.000000000000000000e+00
4.787583000000071252e+02,0.000000000000000000e+00
4.788583000000071479e+02,0.000000000000000000e+00
4.789583000000071138e+02,0.000000000000000000e+00
4.790583000000070797e+02,0.000000000000000000e+00
4.791583000000071024e+02,0.000000000000000000e+00
4.792583000000071252e+02,0.000000000000000000e+00
4.793583000000071479e+02,0.000000000000000000e+00
4.794583000000071138e+02,0.000000000000000000e+00
4.795583000000071365e+02,0.000000000000000000e+00
4.796583000000071024e+02,0.000000000000000000e+00
4.797583000000071252e+02,0.000000000000000000e+00
4.798583000000071479e+02,0.000000000000000000e+00
4.799583000000071706e+02,0.000000000000000000e+00
4.800583000000071365e+02,0.000000000000000000e+00
4.801583000000071024e+02,0.000000000000000000e+00
4.802583000000071252e+02,0.000000000000000000e+00
4.803583000000071479e+02,0.000000000000000000e+00
4.804583000000071706e+02,0.000000000000000000e+00
4.805583000000071365e+02,0.000000000000000000e+00
4.806583000000071024e+02,0.000000000000000000e+00
4.807583000000071252e+02,0.000000000000000000e+00
4.808583000000071479e+02,0.000000000000000000e+00
4.809583000000071706e+02,0.000000000000000000e+00
4.810583000000071365e+02,0.000000000000000000e+00
4.811583000000071593e+02,0.000000000000000000e+00
4.812583000000071252e+02,0.000000000000000000e+00
4.813583000000071479e+02,0.000000000000000000e+00
4.814583000000071706e+02,0.000000000000000000e+00
4.815583000000071934e+02,0.000000000000000000e+00
4.816583000000071593e+02,0.000000000000000000e+00
4.817583000000071252e+02,0.000000000000000000e+00
4.818583000000071479e+02,0.000000000000000000e+00
4.819583000000071706e+02,0.000000000000000000e+00
4.820583000000071934e+02,0.000000000000000000e+00
4.821583000000071593e+02,0.000000000000000000e+00
4.822583000000071252e+02,0.000000000000000000e+00
4.823583000000071479e+02,0.000000000000000000e+00
4.824583000000071706e+02,0.000000000000000000e+00
4.825583000000071934e+02,0.000000000000000000e+00
4.826583000000071593e+02,0.000000000000000000e+00
4.827583000000071820e+02,0.000000000000000000e+00
4.828583000000071479e+02,0.000000000000000000e+00
4.829583000000071706e+02,0.000000000000000000e+00
4.830583000000071934e+02,0.000000000000000000e+00
4.831583000000072161e+02,0.000000000000000000e+00
4.832583000000071820e+02,0.000000000000000000e+00
4.833583000000071479e+02,0.000000000000000000e+00
4.834583000000071706e+02,0.000000000000000000e+00
4.835583000000071934e+02,0.000000000000000000e+00
4.836583000000072161e+02,0.000000000000000000e+00
4.837583000000071820e+02,0.000000000000000000e+00
4.838583000000071479e+02,0.000000000000000000e+00
4.839583000000071706e+02,0.000000000000000000e+00
4.840583000000071934e+02,0.000000000000000000e+00
4.841583000000072161e+02,0.000000000000000000e+00
4.842583000000071820e+02,0.000000000000000000e+00
4.843583000000072047e+02,0.000000000000000000e+00
4.844583000000071706e+02,0.000000000000000000e+00
4.845583000000071934e+02,0.000000000000000000e+00
4.846583000000072161e+02,0.000000000000000000e+00
4.847583000000072389e+02,0.000000000000000000e+00
4.848583000000072047e+02,0.000000000000000000e+00
4.849583000000071706e+02,0.000000000000000000e+00
4.850583000000071934e+02,0.000000000000000000e+00
4.851583000000072161e+02,0.000000000000000000e+00
4.852583000000072389e+02,0.000000000000000000e+00
4.853583000000072047e+02,0.000000000000000000e+00
4.854583000000071706e+02,0.000000000000000000e+00
4.855583000000071934e+02,0.000000000000000000e+00
4.856583000000072161e+02,0.000000000000000000e+00
4.857583000000072389e+02,0.000000000000000000e+00
4.858583000000072047e+02,0.000000000000000000e+00
4.859583000000072275e+02,0.000000000000000000e+00
4.860583000000071934e+02,0.000000000000000000e+00
4.861583000000072161e+02,0.000000000000000000e+00
4.862583000000072389e+02,0.000000000000000000e+00
4.863583000000072616e+02,0.000000000000000000e+00
4.864583000000072275e+02,0.000000000000000000e+00
4.865583000000071934e+02,0.000000000000000000e+00
4.866583000000072161e+02,0.000000000000000000e+00
4.867583000000072389e+02,0.000000000000000000e+00
4.868583000000072616e+02,0.000000000000000000e+00
4.869583000000072275e+02,0.000000000000000000e+00
4.870583000000071934e+02,0.000000000000000000e+00
4.871583000000072161e+02,0.000000000000000000e+00
4.872583000000072389e+02,0.000000000000000000e+00
4.873583000000072616e+02,0.000000000000000000e+00
4.874583000000072275e+02,0.000000000000000000e+00
4.875583000000072502e+02,0.000000000000000000e+00
4.876583000000072161e+02,0.000000000000000000e+00
4.877583000000072389e+02,0.000000000000000000e+00
4.878583000000072616e+02,0.000000000000000000e+00
4.879583000000072843e+02,0.000000000000000000e+00
4.880583000000072502e+02,0.000000000000000000e+00
4.881583000000072161e+02,0.000000000000000000e+00
4.882583000000072389e+02,0.000000000000000000e+00
4.883583000000072616e+02,0.000000000000000000e+00
4.884583000000072843e+02,0.000000000000000000e+00
4.885583000000072502e+02,0.000000000000000000e+00
4.886583000000072161e+02,0.000000000000000000e+00
4.887583000000072389e+02,0.000000000000000000e+00
4.888583000000072616e+02,0.000000000000000000e+00
4.889583000000072843e+02,0.000000000000000000e+00
4.890583000000072502e+02,0.000000000000000000e+00
4.891583000000072730e+02,0.000000000000000000e+00
4.892583000000072389e+02,0.000000000000000000e+00
4.893583000000072616e+02,0.000000000000000000e+00
4.894583000000072843e+02,0.000000000000000000e+00
4.895583000000073071e+02,0.000000000000000000e+00
4.896583000000072730e+02,0.000000000000000000e+00
4.897583000000072389e+02,0.000000000000000000e+00
4.898583000000072616e+02,0.000000000000000000e+00
4.899583000000072843e+02,0.000000000000000000e+00
4.900583000000073071e+02,0.000000000000000000e+00
4.901583000000072730e+02,0.000000000000000000e+00
4.902583000000072389e+02,0.000000000000000000e+00
4.903583000000072616e+02,0.000000000000000000e+00
4.904583000000072843e+02,0.000000000000000000e+00
4.905583000000073071e+02,0.000000000000000000e+00
4.906583000000072730e+02,0.000000000000000000e+00
4.907583000000072957e+02,0.000000000000000000e+00
4.908583000000072616e+02,0.000000000000000000e+00
4.909583000000072843e+02,0.000000000000000000e+00
4.910583000000073071e+02,0.000000000000000000e+00
4.911583000000073298e+02,0.000000000000000000e+00
4.912583000000072957e+02,0.000000000000000000e+00
4.913583000000072616e+02,0.000000000000000000e+00
4.914583000000072843e+02,0.000000000000000000e+00
4.915583000000073071e+02,0.000000000000000000e+00
4.916583000000073298e+02,0.000000000000000000e+00
4.917583000000072957e+02,0.000000000000000000e+00
4.918583000000072616e+02,0.000000000000000000e+00
4.919583000000072843e+02,0.000000000000000000e+00
4.920583000000073071e+02,0.000000000000000000e+00
4.921583000000073298e+02,0.000000000000000000e+00
4.922583000000072957e+02,0.000000000000000000e+00
4.923583000000072616e+02,0.000000000000000000e+00
4.924583000000072843e+02,0.000000000000000000e+00
4.925583000000073071e+02,0.000000000000000000e+00
4.926583000000073298e+02,0.000000000000000000e+00
4.927583000000073525e+02,0.000000000000000000e+00
4.928583000000073184e+02,0.000000000000000000e+00
4.929583000000072843e+02,0.000000000000000000e+00
4.930583000000073071e+02,0.000000000000000000e+00
4.931583000000073298e+02,0.000000000000000000e+00
4.932583000000073525e+02,0.000000000000000000e+00
4.933583000000073184e+02,0.000000000000000000e+00
4.934583000000072843e+02,0.000000000000000000e+00
4.935583000000073071e+02,0.000000000000000000e+00
4.936583000000073298e+02,0.000000000000000000e+00
4.937583000000073525e+02,0.000000000000000000e+00
4.938583000000073753e+02,0.000000000000000000e+00
4.939583000000073412e+02,0.000000000000000000e+00
4.940583000000073071e+02,0.000000000000000000e+00
4.941583000000073298e+02,0.000000000000000000e+00
4.942583000000073525e+02,0.000000000000000000e+00
4.943583000000073753e+02,0.000000000000000000e+00
4.944583000000073412e+02,0.000000000000000000e+00
4.945583000000073071e+02,0.000000000000000000e+00
4.946583000000073298e+02,0.000000000000000000e+00
4.947583000000073525e+02,0.000000000000000000e+00
4.948583000000073753e+02,0.000000000000000000e+00
4.949583000000073412e+02,0.000000000000000000e+00
4.950583000000073071e+02,0.000000000000000000e+00
4.951583000000073298e+02,0.000000000000000000e+00
4.952583000000073525e+02,0.000000000000000000e+00
4.953583000000073753e+02,0.000000000000000000e+00
4.954583000000073412e+02,0.000000000000000000e+00
4.955583000000073071e+02,0.000000000000000000e+00
4.956583000000073298e+02,0.000000000000000000e+00
4.957583000000073525e+02,0.000000000000000000e+00
4.958583000000073753e+02,0.000000000000000000e+00
4.959583000000073980e+02,0.000000000000000000e+00
4.960583000000073639e+02,0.000000000000000000e+00
4.961583000000073298e+02,0.000000000000000000e+00
4.962583000000073525e+02,0.000000000000000000e+00
4.963583000000073753e+02,0.000000000000000000e+00
4.964583000000073980e+02,0.000000000000000000e+00
4.965583000000073639e+02,0.000000000000000000e+00
4.966583000000073298e+02,0.000000000000000000e+00
4.967583000000073525e+02,0.000000000000000000e+00
4.968583000000073753e+02,0.000000000000000000e+00
4.969583000000073980e+02,0.000000000000000000e+00
4.970583000000074207e+02,0.000000000000000000e+00
4.971583000000073866e+02,0.000000000000000000e+00
4.972583000000073525e+02,0.000000000000000000e+00
4.973583000000073753e+02,0.000000000000000000e+00
4.974583000000073980e+02,0.000000000000000000e+00
4.975583000000074207e+02,0.000000000000000000e+00
4.976583000000073866e+02,0.000000000000000000e+00
4.977583000000073525e+02,0.000000000000000000e+00
4.978583000000073753e+02,0.000000000000000000e+00
4.979583000000073980e+02,0.000000000000000000e+00
4.980583000000074207e+02,0.000000000000000000e+00
4.981583000000073866e+02,0.000000000000000000e+00
4.982583000000073525e+02,0.000000000000000000e+00
4.983583000000073753e+02,0.000000000000000000e+00
4.984583000000073980e+02,0.000000000000000000e+00
4.985583000000074207e+02,0.000000000000000000e+00
4.986583000000073866e+02,0.000000000000000000e+00
4.987583000000073525e+02,0.000000000000000000e+00
4.988583000000073753e+02,0.000000000000000000e+00
4.989583000000073980e+02,0.000000000000000000e+00
4.990583000000074207e+02,0.000000000000000000e+00
4.991583000000074435e+02,0.000000000000000000e+00
4.992583000000074094e+02,0.000000000000000000e+00
4.993583000000073753e+02,0.000000000000000000e+00
4.994583000000073980e+02,0.000000000000000000e+00
4.995583000000074207e+02,0.000000000000000000e+00
4.996583000000074435e+02,0.000000000000000000e+00
4.997583000000074094e+02,0.000000000000000000e+00
4.998583000000073753e+02,0.000000000000000000e+00
4.999583000000073980e+02,0.000000000000000000e+00
5.000583000000074207e+02,0.000000000000000000e+00
5.001583000000074435e+02,0.000000000000000000e+00
5.002583000000074662e+02,0.000000000000000000e+00
5.003583000000074321e+02,0.000000000000000000e+00
5.004583000000073980e+02,0.000000000000000000e+00
5.005583000000074207e+02,0.000000000000000000e+00
5.006583000000074435e+02,0.000000000000000000e+00
5.007583000000074662e+02,0.000000000000000000e+00
5.008583000000074321e+02,0.000000000000000000e+00
5.009583000000073980e+02,0.000000000000000000e+00
5.010583000000074207e+02,0.000000000000000000e+00
5.011583000000074435e+02,0.000000000000000000e+00
5.012583000000074662e+02,0.000000000000000000e+00
5.013583000000074321e+02,0.000000000000000000e+00
5.014583000000073980e+02,0.000000000000000000e+00
5.015583000000074207e+02,0.000000000000000000e+00
5.016583000000074435e+02,0.000000000000000000e+00
5.017583000000074662e+02,0.000000000000000000e+00
5.018583000000074321e+02,0.000000000000000000e+00
5.019583000000073980e+02,0.000000000000000000e+00
5.020583000000074207e+02,0.000000000000000000e+00
5.021583000000074435e+02,0.000000000000000000e+00
5.022583000000074662e+02,0.000000000000000000e+00
5.023583000000074890e+02,0.000000000000000000e+00
5.024583000000074549e+02,0.000000000000000000e+00
5.025583000000074207e+02,0.000000000000000000e+00
5.026583000000074435e+02,0.000000000000000000e+00
5.027583000000074662e+02,0.000000000000000000e+00
5.028583000000074890e+02,0.000000000000000000e+00
5.029583000000074549e+02,0.000000000000000000e+00
5.030583000000074207e+02,0.000000000000000000e+00
5.031583000000074435e+02,0.000000000000000000e+00
5.032583000000074662e+02,0.000000000000000000e+00
5.033583000000074890e+02,0.000000000000000000e+00
5.034583000000075117e+02,0.000000000000000000e+00
5.035583000000074776e+02,0.000000000000000000e+00
5.036583000000074435e+02,0.000000000000000000e+00
5.037583000000074662e+02,0.000000000000000000e+00
5.038583000000074890e+02,0.000000000000000000e+00
5.039583000000075117e+02,0.000000000000000000e+00
5.040583000000074776e+02,0.000000000000000000e+00
5.041583000000074435e+02,0.000000000000000000e+00
5.042583000000074662e+02,0.000000000000000000e+00
5.043583000000074890e+02,0.000000000000000000e+00
5.044583000000075117e+02,0.000000000000000000e+00
5.045583000000074776e+02,0.000000000000000000e+00
5.046583000000074435e+02,0.000000000000000000e+00
5.047583000000074662e+02,0.000000000000000000e+00
5.048583000000074890e+02,0.000000000000000000e+00
5.049583000000075117e+02,0.000000000000000000e+00
5.050583000000074776e+02,0.000000000000000000e+00
5.051583000000074435e+02,0.000000000000000000e+00
5.052583000000074662e+02,0.000000000000000000e+00
5.053583000000074890e+02,0.000000000000000000e+00
5.054583000000075117e+02,0.000000000000000000e+00
5.055583000000075344e+02,0.000000000000000000e+00
5.056583000000075003e+02,0.000000000000000000e+00
5.057583000000074662e+02,0.000000000000000000e+00
5.058583000000074890e+02,0.000000000000000000e+00
5.059583000000075117e+02,0.000000000000000000e+00
5.060583000000075344e+02,0.000000000000000000e+00
5.061583000000075003e+02,0.000000000000000000e+00
5.062583000000074662e+02,0.000000000000000000e+00
5.063583000000074890e+02,0.000000000000000000e+00
5.064583000000075117e+02,0.000000000000000000e+00
5.065583000000075344e+02,0.000000000000000000e+00
5.066583000000075572e+02,0.000000000000000000e+00
5.067583000000075231e+02,0.000000000000000000e+00
5.068583000000074890e+02,0.000000000000000000e+00
5.069583000000075117e+02,0.000000000000000000e+00
5.070583000000075344e+02,0.000000000000000000e+00
5.071583000000075572e+02,0.000000000000000000e+00
5.072583000000075231e+02,0.000000000000000000e+00
5.073583000000074890e+02,0.000000000000000000e+00
5.074583000000075117e+02,0.000000000000000000e+00
5.075583000000075344e+02,0.000000000000000000e+00
5.076583000000075572e+02,0.000000000000000000e+00
5.077583000000075231e+02,0.000000000000000000e+00
5.078583000000074890e+02,0.000000000000000000e+00
5.079583000000075117e+02,0.000000000000000000e+00
5.080583000000075344e+02,0.000000000000000000e+00
5.081583000000075572e+02,0.000000000000000000e+00
5.082583000000075231e+02,0.000000000000000000e+00
5.083583000000074890e+02,0.000000000000000000e+00
5.084583000000075117e+02,0.000000000000000000e+00
5.085583000000075344e+02,0.000000000000000000e+00
5.086583000000075572e+02,0.000000000000000000e+00
5.087583000000075799e+02,0.000000000000000000e+00
5.088583000000075458e+02,0.000000000000000000e+00
5.089583000000075117e+02,0.000000000000000000e+00
5.090583000000075344e+02,0.000000000000000000e+00
5.091583000000075572e+02,0.000000000000000000e+00
5.092583000000075799e+02,0.000000000000000000e+00
5.093583000000075458e+02,0.000000000000000000e+00
5.094583000000075117e+02,0.000000000000000000e+00
5.095583000000075344e+02,0.000000000000000000e+00
5.096583000000075572e+02,0.000000000000000000e+00
5.097583000000075799e+02,0.000000000000000000e+00
5.098583000000076026e+02,0.000000000000000000e+00
5.099583000000075685e+02,0.000000000000000000e+00
5.100583000000075344e+02,0.000000000000000000e+00
5.101583000000075572e+02,0.000000000000000000e+00
5.102583000000075799e+02,0.000000000000000000e+00
5.103583000000076026e+02,0.000000000000000000e+00
5.104583000000075685e+02,1.024590163935358046e-02
5.105583000000075344e+02,0.000000000000000000e+00
5.106583000000075572e+02,0.000000000000000000e+00
5.107583000000075799e+02,0.000000000000000000e+00
5.108583000000076026e+02,1.024590163934193179e-02
5.109583000000075685e+02,0.000000000000000000e+00
5.110583000000075344e+02,0.000000000000000000e+00
5.111583000000075572e+02,0.000000000000000000e+00
5.112583000000075799e+02,1.024590163934193179e-02
5.113583000000076026e+02,0.000000000000000000e+00
5.114583000000075685e+02,0.000000000000000000e+00
5.115583000000075344e+02,0.000000000000000000e+00
5.116583000000075572e+02,0.000000000000000000e+00
5.117583000000075799e+02,0.000000000000000000e+00
5.118583000000076026e+02,0.000000000000000000e+00
5.119583000000076254e+02,0.000000000000000000e+00
5.120583000000075344e+02,0.000000000000000000e+00
5.121583000000075572e+02,0.000000000000000000e+00
5.122583000000074662e+02,0.000000000000000000e+00
5.123583000000076026e+02,0.000000000000000000e+00
5.124583000000075117e+02,0.000000000000000000e+00
5.125583000000075344e+02,0.000000000000000000e+00
5.126583000000075572e+02,0.000000000000000000e+00
5.127583000000074662e+02,0.000000000000000000e+00
5.128583000000076026e+02,0.000000000000000000e+00
5.129583000000075117e+02,0.000000000000000000e+00
5.130583000000076481e+02,0.000000000000000000e+00
5.131583000000075572e+02,0.000000000000000000e+00
5.132583000000074662e+02,0.000000000000000000e+00
5.133583000000076026e+02,0.000000000000000000e+00
5.134583000000075117e+02,0.000000000000000000e+00
5.135583000000076481e+02,0.000000000000000000e+00
5.136583000000075572e+02,0.000000000000000000e+00
5.137583000000074662e+02,0.000000000000000000e+00
5.138583000000076026e+02,0.000000000000000000e+00
5.139583000000075117e+02,0.000000000000000000e+00
5.140583000000076481e+02,0.000000000000000000e+00
5.141583000000075572e+02,0.000000000000000000e+00
5.142583000000074662e+02,0.000000000000000000e+00
5.143583000000076026e+02,0.000000000000000000e+00
5.144583000000075117e+02,0.000000000000000000e+00
5.145583000000076481e+02,0.000000000000000000e+00
5.146583000000075572e+02,0.000000000000000000e+00
5.147583000000074662e+02,0.000000000000000000e+00
5.148583000000076026e+02,0.000000000000000000e+00
5.149583000000075117e+02,0.000000000000000000e+00
5.150583000000076481e+02,0.000000000000000000e+00
5.151583000000075572e+02,0.000000000000000000e+00
5.152583000000075799e+02,0.000000000000000000e+00
5.153583000000076026e+02,0.000000000000000000e+00
5.154583000000075117e+02,0.000000000000000000e+00
5.155583000000076481e+02,0.000000000000000000e+00
5.156583000000075572e+02,0.000000000000000000e+00
5.157583000000075799e+02,0.000000000000000000e+00
5.158583000000076026e+02,0.000000000000000000e+00
5.159583000000075117e+02,0.000000000000000000e+00
5.160583000000076481e+02,0.000000000000000000e+00
5.161583000000075572e+02,0.000000000000000000e+00
5.162583000000076936e+02,0.000000000000000000e+00
5.163583000000076026e+02,0.000000000000000000e+00
5.164583000000075117e+02,0.000000000000000000e+00
5.165583000000076481e+02,0.000000000000000000e+00
5.166583000000075572e+02,0.000000000000000000e+00
5.167583000000076936e+02,0.000000000000000000e+00
5.168583000000076026e+02,0.000000000000000000e+00
5.169583000000075117e+02,0.000000000000000000e+00
5.170583000000076481e+02,0.000000000000000000e+00
5.171583000000075572e+02,0.000000000000000000e+00
5.172583000000076936e+02,0.000000000000000000e+00
5.173583000000076026e+02,0.000000000000000000e+00
5.174583000000075117e+02,0.000000000000000000e+00
5.175583000000076481e+02,0.000000000000000000e+00
5.176583000000075572e+02,0.000000000000000000e+00
5.177583000000076936e+02,0.000000000000000000e+00
5.178583000000076026e+02,0.000000000000000000e+00
5.179583000000075117e+02,0.000000000000000000e+00
5.180583000000076481e+02,0.000000000000000000e+00
5.181583000000075572e+02,0.000000000000000000e+00
5.182583000000076936e+02,0.000000000000000000e+00
5.183583000000076026e+02,0.000000000000000000e+00
5.184583000000076254e+02,0.000000000000000000e+00
5.185583000000076481e+02,0.000000000000000000e+00
5.186583000000075572e+02,0.000000000000000000e+00
5.187583000000076936e+02,0.000000000000000000e+00
5.188583000000076026e+02,0.000000000000000000e+00
5.189583000000076254e+02,0.000000000000000000e+00
5.190583000000076481e+02,0.000000000000000000e+00
5.191583000000075572e+02,0.000000000000000000e+00
5.192583000000076936e+02,0.000000000000000000e+00
5.193583000000076026e+02,0.000000000000000000e+00
5.194583000000077391e+02,0.000000000000000000e+00
5.195583000000076481e+02,0.000000000000000000e+00
5.196583000000075572e+02,0.000000000000000000e+00
5.197583000000076936e+02,0.000000000000000000e+00
5.198583000000076026e+02,0.000000000000000000e+00
5.199583000000077391e+02,0.000000000000000000e+00
5.200583000000076481e+02,0.000000000000000000e+00
5.201583000000075572e+02,0.000000000000000000e+00
5.202583000000076936e+02,0.000000000000000000e+00
5.203583000000076026e+02,0.000000000000000000e+00
5.204583000000077391e+02,0.000000000000000000e+00
5.205583000000076481e+02,0.000000000000000000e+00
5.206583000000075572e+02,0.000000000000000000e+00
5.207583000000076936e+02,0.000000000000000000e+00
5.208583000000076026e+02,0.000000000000000000e+00
5.209583000000077391e+02,0.000000000000000000e+00
5.210583000000076481e+02,0.000000000000000000e+00
5.211583000000075572e+02,0.000000000000000000e+00
5.212583000000076936e+02,0.000000000000000000e+00
5.213583000000076026e+02,0.000000000000000000e+00
5.214583000000077391e+02,0.000000000000000000e+00
5.215583000000076481e+02,0.000000000000000000e+00
5.216583000000076709e+02,0.000000000000000000e+00
5.217583000000076936e+02,0.000000000000000000e+00
5.218583000000076026e+02,0.000000000000000000e+00
5.219583000000077391e+02,0.000000000000000000e+00
5.220583000000076481e+02,0.000000000000000000e+00
5.221583000000076709e+02,0.000000000000000000e+00
5.222583000000076936e+02,0.000000000000000000e+00
5.223583000000076026e+02,0.000000000000000000e+00
5.224583000000077391e+02,0.000000000000000000e+00
5.225583000000076481e+02,0.000000000000000000e+00
5.226583000000077845e+02,0.000000000000000000e+00
5.227583000000076936e+02,0.000000000000000000e+00
5.228583000000076026e+02,0.000000000000000000e+00
5.229583000000077391e+02,0.000000000000000000e+00
5.230583000000076481e+02,0.000000000000000000e+00
5.231583000000077845e+02,0.000000000000000000e+00
5.232583000000076936e+02,0.000000000000000000e+00
5.233583000000076026e+02,0.000000000000000000e+00
5.234583000000077391e+02,0.000000000000000000e+00
5.235583000000076481e+02,0.000000000000000000e+00
5.236583000000077845e+02,0.000000000000000000e+00
5.237583000000076936e+02,0.000000000000000000e+00
5.238583000000076026e+02,0.000000000000000000e+00
5.239583000000077391e+02,0.000000000000000000e+00
5.240583000000076481e+02,0.000000000000000000e+00
5.241583000000077845e+02,0.000000000000000000e+00
5.242583000000076936e+02,0.000000000000000000e+00
5.243583000000076026e+02,0.000000000000000000e+00
5.244583000000077391e+02,0.000000000000000000e+00
5.245583000000076481e+02,0.000000000000000000e+00
5.246583000000077845e+02,0.000000000000000000e+00
5.247583000000076936e+02,0.000000000000000000e+00
5.248583000000077163e+02,0.000000000000000000e+00
5.249583000000077391e+02,0.000000000000000000e+00
5.250583000000076481e+02,0.000000000000000000e+00
5.251583000000077845e+02,0.000000000000000000e+00
5.252583000000076936e+02,0.000000000000000000e+00
5.253583000000077163e+02,0.000000000000000000e+00
5.254583000000077391e+02,0.000000000000000000e+00
5.255583000000076481e+02,0.000000000000000000e+00
5.256583000000077845e+02,0.000000000000000000e+00
5.257583000000076936e+02,0.000000000000000000e+00
5.258583000000078300e+02,0.000000000000000000e+00
5.259583000000077391e+02,0.000000000000000000e+00
5.260583000000076481e+02,0.000000000000000000e+00
5.261583000000077845e+02,0.000000000000000000e+00
5.262583000000076936e+02,0.000000000000000000e+00
5.263583000000078300e+02,0.000000000000000000e+00
5.264583000000077391e+02,0.000000000000000000e+00
5.265583000000076481e+02,0.000000000000000000e+00
5.266583000000077845e+02,0.000000000000000000e+00
5.267583000000076936e+02,0.000000000000000000e+00
5.268583000000078300e+02,0.000000000000000000e+00
5.269583000000077391e+02,0.000000000000000000e+00
5.270583000000076481e+02,0.000000000000000000e+00
5.271583000000077845e+02,0.000000000000000000e+00
5.272583000000076936e+02,0.000000000000000000e+00
5.273583000000078300e+02,0.000000000000000000e+00
5.274583000000077391e+02,0.000000000000000000e+00
5.275583000000076481e+02,0.000000000000000000e+00
5.276583000000077845e+02,0.000000000000000000e+00
5.277583000000076936e+02,0.000000000000000000e+00
5.278583000000078300e+02,0.000000000000000000e+00
5.279583000000077391e+02,0.000000000000000000e+00
5.280583000000077618e+02,0.000000000000000000e+00
5.281583000000077845e+02,0.000000000000000000e+00
5.282583000000076936e+02,0.000000000000000000e+00
5.283583000000078300e+02,0.000000000000000000e+00
5.284583000000077391e+02,0.000000000000000000e+00
5.285583000000077618e+02,0.000000000000000000e+00
5.286583000000077845e+02,0.000000000000000000e+00
5.287583000000076936e+02,0.000000000000000000e+00
5.288583000000078300e+02,0.000000000000000000e+00
5.289583000000077391e+02,0.000000000000000000e+00
5.290583000000078755e+02,0.000000000000000000e+00
5.291583000000077845e+02,0.000000000000000000e+00
5.292583000000076936e+02,0.000000000000000000e+00
5.293583000000078300e+02,0.000000000000000000e+00
5.294583000000077391e+02,0.000000000000000000e+00
5.295583000000078755e+02,0.000000000000000000e+00
5.296583000000077845e+02,0.000000000000000000e+00
5.297583000000076936e+02,0.000000000000000000e+00
5.298583000000078300e+02,0.000000000000000000e+00
5.299583000000077391e+02,0.000000000000000000e+00
5.300583000000078755e+02,0.000000000000000000e+00
5.301583000000077845e+02,0.000000000000000000e+00
5.302583000000076936e+02,0.000000000000000000e+00
5.303583000000078300e+02,0.000000000000000000e+00
5.304583000000077391e+02,0.000000000000000000e+00
5.305583000000078755e+02,0.000000000000000000e+00
5.306583000000077845e+02,0.000000000000000000e+00
5.307583000000076936e+02,0.000000000000000000e+00
5.308583000000078300e+02,0.000000000000000000e+00
5.309583000000077391e+02,0.000000000000000000e+00
5.310583000000078755e+02,0.000000000000000000e+00
5.311583000000077845e+02,0.000000000000000000e+00
5.312583000000078073e+02,0.000000000000000000e+00
5.313583000000078300e+02,0.000000000000000000e+00
5.314583000000077391e+02,0.000000000000000000e+00
5.315583000000078755e+02,0.000000000000000000e+00
5.316583000000077845e+02,0.000000000000000000e+00
5.317583000000078073e+02,0.000000000000000000e+00
5.318583000000078300e+02,0.000000000000000000e+00
5.319583000000077391e+02,0.000000000000000000e+00
5.320583000000078755e+02,0.000000000000000000e+00
5.321583000000077845e+02,0.000000000000000000e+00
5.322583000000079210e+02,0.000000000000000000e+00
5.323583000000078300e+02,0.000000000000000000e+00
5.324583000000077391e+02,0.000000000000000000e+00
5.325583000000078755e+02,0.000000000000000000e+00
5.326583000000077845e+02,0.000000000000000000e+00
5.327583000000079210e+02,0.000000000000000000e+00
5.328583000000078300e+02,0.000000000000000000e+00
5.329583000000077391e+02,0.000000000000000000e+00
5.330583000000078755e+02,0.000000000000000000e+00
5.331583000000077845e+02,0.000000000000000000e+00
5.332583000000079210e+02,0.000000000000000000e+00
5.333583000000078300e+02,0.000000000000000000e+00
5.334583000000077391e+02,0.000000000000000000e+00
5.335583000000078755e+02,0.000000000000000000e+00
5.336583000000077845e+02,0.000000000000000000e+00
5.337583000000079210e+02,0.000000000000000000e+00
5.338583000000078300e+02,0.000000000000000000e+00
5.339583000000077391e+02,0.000000000000000000e+00
5.340583000000078755e+02,0.000000000000000000e+00
5.341583000000077845e+02,0.000000000000000000e+00
5.342583000000079210e+02,0.000000000000000000e+00
5.343583000000078300e+02,0.000000000000000000e+00
5.344583000000078528e+02,0.000000000000000000e+00
5.345583000000078755e+02,0.000000000000000000e+00
5.346583000000077845e+02,0.000000000000000000e+00
5.347583000000079210e+02,0.000000000000000000e+00
5.348583000000078300e+02,0.000000000000000000e+00
5.349583000000078528e+02,0.000000000000000000e+00
5.350583000000078755e+02,0.000000000000000000e+00
5.351583000000077845e+02,0.000000000000000000e+00
5.352583000000079210e+02,0.000000000000000000e+00
5.353583000000078300e+02,0.000000000000000000e+00
5.354583000000079664e+02,0.000000000000000000e+00
5.355583000000078755e+02,0.000000000000000000e+00
5.356583000000077845e+02,0.000000000000000000e+00
5.357583000000079210e+02,0.000000000000000000e+00
5.358583000000078300e+02,0.000000000000000000e+00
5.359583000000079664e+02,0.000000000000000000e+00
5.360583000000078755e+02,0.000000000000000000e+00
5.361583000000077845e+02,0.000000000000000000e+00
5.362583000000079210e+02,0.000000000000000000e+00
5.363583000000078300e+02,0.000000000000000000e+00
5.364583000000079664e+02,0.000000000000000000e+00
5.365583000000078755e+02,0.000000000000000000e+00
5.366583000000077845e+02,0.000000000000000000e+00
5.367583000000079210e+02,0.000000000000000000e+00
5.368583000000078300e+02,0.000000000000000000e+00
5.369583000000079664e+02,0.000000000000000000e+00
5.370583000000078755e+02,0.000000000000000000e+00
5.371583000000077845e+02,0.000000000000000000e+00
5.372583000000079210e+02,0.000000000000000000e+00
5.373583000000078300e+02,0.000000000000000000e+00
5.374583000000079664e+02,0.000000000000000000e+00
5.375583000000078755e+02,0.000000000000000000e+00
5.376583000000078982e+02,0.000000000000000000e+00
5.377583000000079210e+02,0.000000000000000000e+00
5.378583000000078300e+02,0.000000000000000000e+00
5.379583000000079664e+02,0.000000000000000000e+00
5.380583000000078755e+02,0.000000000000000000e+00
5.381583000000078982e+02,0.000000000000000000e+00
5.382583000000079210e+02,0.000000000000000000e+00
5.383583000000078300e+02,0.000000000000000000e+00
5.384583000000079664e+02,0.000000000000000000e+00
5.385583000000078755e+02,0.000000000000000000e+00
5.386583000000080119e+02,0.000000000000000000e+00
5.387583000000079210e+02,0.000000000000000000e+00
5.388583000000078300e+02,0.000000000000000000e+00
5.389583000000079664e+02,0.000000000000000000e+00
5.390583000000078755e+02,0.000000000000000000e+00
5.391583000000080119e+02,0.000000000000000000e+00
5.392583000000079210e+02,0.000000000000000000e+00
5.393583000000078300e+02,0.000000000000000000e+00
5.394583000000079664e+02,0.000000000000000000e+00
5.395583000000078755e+02,0.000000000000000000e+00
5.396583000000080119e+02,0.000000000000000000e+00
5.397583000000079210e+02,0.000000000000000000e+00
5.398583000000078300e+02,0.000000000000000000e+00
5.399583000000079664e+02,0.000000000000000000e+00
5.400583000000078755e+02,0.000000000000000000e+00
5.401583000000080119e+02,0.000000000000000000e+00
5.402583000000079210e+02,0.000000000000000000e+00
5.403583000000078300e+02,0.000000000000000000e+00
5.404583000000079664e+02,0.000000000000000000e+00
5.405583000000078755e+02,0.000000000000000000e+00
5.406583000000080119e+02,0.000000000000000000e+00
5.407583000000079210e+02,0.000000000000000000e+00
5.408583000000079437e+02,0.000000000000000000e+00
5.409583000000079664e+02,0.000000000000000000e+00
5.410583000000078755e+02,0.000000000000000000e+00
5.411583000000080119e+02,0.000000000000000000e+00
5.412583000000079210e+02,0.000000000000000000e+00
5.413583000000079437e+02,0.000000000000000000e+00
5.414583000000079664e+02,0.000000000000000000e+00
5.415583000000078755e+02,0.000000000000000000e+00
5.416583000000080119e+02,0.000000000000000000e+00
5.417583000000079210e+02,0.000000000000000000e+00
5.418583000000080574e+02,0.000000000000000000e+00
5.419583000000079664e+02,0.000000000000000000e+00
5.420583000000078755e+02,0.000000000000000000e+00
5.421583000000080119e+02,0.000000000000000000e+00
5.422583000000079210e+02,0.000000000000000000e+00
5.423583000000080574e+02,0.000000000000000000e+00
5.424583000000079664e+02,0.000000000000000000e+00
5.425583000000078755e+02,0.000000000000000000e+00
5.426583000000080119e+02,0.000000000000000000e+00
5.427583000000079210e+02,0.000000000000000000e+00
5.428583000000080574e+02,0.000000000000000000e+00
5.429583000000079664e+02,0.000000000000000000e+00
5.430583000000078755e+02,0.000000000000000000e+00
5.431583000000080119e+02,0.000000000000000000e+00
5.432583000000079210e+02,0.000000000000000000e+00
5.433583000000080574e+02,0.000000000000000000e+00
5.434583000000079664e+02,0.000000000000000000e+00
5.435583000000078755e+02,0.000000000000000000e+00
5.436583000000080119e+02,0.000000000000000000e+00
5.437583000000079210e+02,0.000000000000000000e+00
5.438583000000080574e+02,0.000000000000000000e+00
5.439583000000079664e+02,0.000000000000000000e+00
5.440583000000079892e+02,0.000000000000000000e+00
5.441583000000080119e+02,0.000000000000000000e+00
5.442583000000079210e+02,0.000000000000000000e+00
5.443583000000080574e+02,0.000000000000000000e+00
5.444583000000079664e+02,0.000000000000000000e+00
5.445583000000079892e+02,0.000000000000000000e+00
5.446583000000080119e+02,0.000000000000000000e+00
5.447583000000079210e+02,0.000000000000000000e+00
5.448583000000080574e+02,0.000000000000000000e+00
5.449583000000079664e+02,0.000000000000000000e+00
5.450583000000081029e+02,0.000000000000000000e+00
5.451583000000080119e+02,0.000000000000000000e+00
5.452583000000079210e+02,0.000000000000000000e+00
5.453583000000080574e+02,0.000000000000000000e+00
5.454583000000079664e+02,0.000000000000000000e+00
5.455583000000081029e+02,0.000000000000000000e+00
5.456583000000080119e+02,0.000000000000000000e+00
5.457583000000079210e+02,0.000000000000000000e+00
5.458583000000080574e+02,0.000000000000000000e+00
5.459583000000079664e+02,0.000000000000000000e+00
5.460583000000081029e+02,0.000000000000000000e+00
5.461583000000080119e+02,0.000000000000000000e+00
5.462583000000079210e+02,0.000000000000000000e+00
5.463583000000080574e+02,0.000000000000000000e+00
5.464583000000079664e+02,0.000000000000000000e+00
5.465583000000081029e+02,0.000000000000000000e+00
5.466583000000080119e+02,0.000000000000000000e+00
5.467583000000079210e+02,0.000000000000000000e+00
5.468583000000080574e+02,0.000000000000000000e+00
5.469583000000079664e+02,0.000000000000000000e+00
5.470583000000081029e+02,0.000000000000000000e+00
5.471583000000080119e+02,0.000000000000000000e+00
5.472583000000080347e+02,0.000000000000000000e+00
5.473583000000080574e+02,0.000000000000000000e+00
5.474583000000079664e+02,0.000000000000000000e+00
5.475583000000081029e+02,0.000000000000000000e+00
5.476583000000080119e+02,0.000000000000000000e+00
5.477583000000080347e+02,0.000000000000000000e+00
5.478583000000080574e+02,0.000000000000000000e+00
5.479583000000079664e+02,0.000000000000000000e+00
5.480583000000081029e+02,0.000000000000000000e+00
5.481583000000080119e+02,0.000000000000000000e+00
5.482583000000081483e+02,0.000000000000000000e+00
5.483583000000080574e+02,0.000000000000000000e+00
5.484583000000079664e+02,0.000000000000000000e+00
5.485583000000081029e+02,0.000000000000000000e+00
5.486583000000080119e+02,0.000000000000000000e+00
5.487583000000081483e+02,0.000000000000000000e+00
5.488583000000080574e+02,0.000000000000000000e+00
5.489583000000079664e+02,0.000000000000000000e+00
5.490583000000081029e+02,0.000000000000000000e+00
5.491583000000080119e+02,0.000000000000000000e+00
5.492583000000081483e+02,0.000000000000000000e+00
5.493583000000080574e+02,0.000000000000000000e+00
5.494583000000079664e+02,0.000000000000000000e+00
5.495583000000081029e+02,0.000000000000000000e+00
5.496583000000080119e+02,0.000000000000000000e+00
5.497583000000081483e+02,0.000000000000000000e+00
5.498583000000080574e+02,0.000000000000000000e+00
5.499583000000079664e+02,0.000000000000000000e+00
5.500583000000081029e+02,0.000000000000000000e+00
5.501583000000080119e+02,0.000000000000000000e+00
5.502583000000081483e+02,0.000000000000000000e+00
5.503583000000080574e+02,0.000000000000000000e+00
5.504583000000080801e+02,0.000000000000000000e+00
5.505583000000081029e+02,0.000000000000000000e+00
5.506583000000080119e+02,0.000000000000000000e+00
5.507583000000081483e+02,0.000000000000000000e+00
5.508583000000080574e+02,0.000000000000000000e+00
5.509583000000080801e+02,0.000000000000000000e+00
5.510583000000081029e+02,0.000000000000000000e+00
5.511583000000080119e+02,0.000000000000000000e+00
5.512583000000081483e+02,0.000000000000000000e+00
5.513583000000080574e+02,0.000000000000000000e+00
5.514583000000081938e+02,0.000000000000000000e+00
5.515583000000081029e+02,0.000000000000000000e+00
5.516583000000080119e+02,0.000000000000000000e+00
5.517583000000081483e+02,0.000000000000000000e+00
5.518583000000080574e+02,0.000000000000000000e+00
5.519583000000081938e+02,0.000000000000000000e+00
5.520583000000081029e+02,0.000000000000000000e+00
5.521583000000080119e+02,0.000000000000000000e+00
5.522583000000081483e+02,0.000000000000000000e+00
5.523583000000080574e+02,0.000000000000000000e+00
5.524583000000081938e+02,0.000000000000000000e+00
5.525583000000081029e+02,0.000000000000000000e+00
5.526583000000080119e+02,0.000000000000000000e+00
5.527583000000081483e+02,0.000000000000000000e+00
5.528583000000080574e+02,0.000000000000000000e+00
5.529583000000081938e+02,0.000000000000000000e+00
5.530583000000081029e+02,0.000000000000000000e+00
5.531583000000080119e+02,0.000000000000000000e+00
5.532583000000081483e+02,0.000000000000000000e+00
5.533583000000080574e+02,0.000000000000000000e+00
5.534583000000081938e+02,0.000000000000000000e+00
5.535583000000081029e+02,0.000000000000000000e+00
5.536583000000081256e+02,0.000000000000000000e+00
5.537583000000081483e+02,0.000000000000000000e+00
5.538583000000080574e+02,0.000000000000000000e+00
5.539583000000081938e+02,0.000000000000000000e+00
5.540583000000081029e+02,0.000000000000000000e+00
5.541583000000081256e+02,0.000000000000000000e+00
5.542583000000081483e+02,0.000000000000000000e+00
5.543583000000080574e+02,0.000000000000000000e+00
5.544583000000081938e+02,0.000000000000000000e+00
5.545583000000081029e+02,0.000000000000000000e+00
5.546583000000082393e+02,0.000000000000000000e+00
5.547583000000081483e+02,0.000000000000000000e+00
5.548583000000080574e+02,0.000000000000000000e+00
5.549583000000081938e+02,0.000000000000000000e+00
5.550583000000081029e+02,0.000000000000000000e+00
5.551583000000082393e+02,0.000000000000000000e+00
5.552583000000081483e+02,0.000000000000000000e+00
5.553583000000080574e+02,0.000000000000000000e+00
5.554583000000081938e+02,0.000000000000000000e+00
5.555583000000081029e+02,0.000000000000000000e+00
5.556583000000082393e+02,0.000000000000000000e+00
5.557583000000081483e+02,0.000000000000000000e+00
5.558583000000080574e+02,0.000000000000000000e+00
5.559583000000081938e+02,0.000000000000000000e+00
5.560583000000081029e+02,0.000000000000000000e+00
5.561583000000082393e+02,0.000000000000000000e+00
5.562583000000081483e+02,0.000000000000000000e+00
5.563583000000080574e+02,0.000000000000000000e+00
5.564583000000081938e+02,0.000000000000000000e+00
5.565583000000081029e+02,0.000000000000000000e+00
5.566583000000082393e+02,0.000000000000000000e+00
5.567583000000081483e+02,0.000000000000000000e+00
5.568583000000081711e+02,0.000000000000000000e+00
5.569583000000081938e+02,0.000000000000000000e+00
5.570583000000081029e+02,0.000000000000000000e+00
5.571583000000082393e+02,0.000000000000000000e+00
5.572583000000081483e+02,0.000000000000000000e+00
5.573583000000081711e+02,0.000000000000000000e+00
5.574583000000081938e+02,0.000000000000000000e+00
5.575583000000081029e+02,0.000000000000000000e+00
5.576583000000082393e+02,0.000000000000000000e+00
5.577583000000081483e+02,0.000000000000000000e+00
5.578583000000082848e+02,0.000000000000000000e+00
5.579583000000081938e+02,0.000000000000000000e+00
5.580583000000081029e+02,0.000000000000000000e+00
5.581583000000082393e+02,0.000000000000000000e+00
5.582583000000081483e+02,0.000000000000000000e+00
5.583583000000082848e+02,0.000000000000000000e+00
5.584583000000081938e+02,0.000000000000000000e+00
5.585583000000081029e+02,0.000000000000000000e+00
5.586583000000082393e+02,0.000000000000000000e+00
5.587583000000081483e+02,0.000000000000000000e+00
5.588583000000082848e+02,0.000000000000000000e+00
5.589583000000081938e+02,0.000000000000000000e+00
5.590583000000081029e+02,0.000000000000000000e+00
5.591583000000082393e+02,0.000000000000000000e+00
5.592583000000081483e+02,0.000000000000000000e+00
5.593583000000082848e+02,0.000000000000000000e+00
5.594583000000081938e+02,0.000000000000000000e+00
5.595583000000081029e+02,0.000000000000000000e+00
5.596583000000082393e+02,0.000000000000000000e+00
5.597583000000081483e+02,0.000000000000000000e+00
5.598583000000082848e+02,0.000000000000000000e+00
5.599583000000081938e+02,0.000000000000000000e+00
5.600583000000082166e+02,0.000000000000000000e+00
5.601583000000082393e+02,0.000000000000000000e+00
5.602583000000081483e+02,0.000000000000000000e+00
5.603583000000082848e+02,0.000000000000000000e+00
5.604583000000081938e+02,0.000000000000000000e+00
5.605583000000082166e+02,0.000000000000000000e+00
5.606583000000082393e+02,0.000000000000000000e+00
5.607583000000081483e+02,0.000000000000000000e+00
5.608583000000082848e+02,0.000000000000000000e+00
5.609583000000081938e+02,0.000000000000000000e+00
5.610583000000083302e+02,0.000000000000000000e+00
5.611583000000082393e+02,0.000000000000000000e+00
5.612583000000081483e+02,0.000000000000000000e+00
5.613583000000082848e+02,0.000000000000000000e+00
5.614583000000081938e+02,0.000000000000000000e+00
5.615583000000083302e+02,0.000000000000000000e+00
5.616583000000082393e+02,0.000000000000000000e+00
5.617583000000081483e+02,0.000000000000000000e+00
5.618583000000082848e+02,0.000000000000000000e+00
5.619583000000081938e+02,0.000000000000000000e+00
5.620583000000083302e+02,0.000000000000000000e+00
5.621583000000082393e+02,0.000000000000000000e+00
5.622583000000081483e+02,0.000000000000000000e+00
5.623583000000082848e+02,0.000000000000000000e+00
5.624583000000081938e+02,0.000000000000000000e+00
5.625583000000083302e+02,0.000000000000000000e+00
5.626583000000082393e+02,0.000000000000000000e+00
5.627583000000081483e+02,0.000000000000000000e+00
5.628583000000082848e+02,0.000000000000000000e+00
5.629583000000081938e+02,0.000000000000000000e+00
5.630583000000083302e+02,0.000000000000000000e+00
5.631583000000082393e+02,0.000000000000000000e+00
5.632583000000082620e+02,0.000000000000000000e+00
5.633583000000082848e+02,0.000000000000000000e+00
5.634583000000081938e+02,0.000000000000000000e+00
5.635583000000083302e+02,0.000000000000000000e+00
5.636583000000082393e+02,0.000000000000000000e+00
5.637583000000082620e+02,0.000000000000000000e+00
5.638583000000082848e+02,0.000000000000000000e+00
5.639583000000081938e+02,0.000000000000000000e+00
5.640583000000083302e+02,0.000000000000000000e+00
5.641583000000082393e+02,0.000000000000000000e+00
5.642583000000083757e+02,0.000000000000000000e+00
5.643583000000082848e+02,0.000000000000000000e+00
5.644583000000081938e+02,0.000000000000000000e+00
5.645583000000083302e+02,0.000000000000000000e+00
5.646583000000082393e+02,0.000000000000000000e+00
5.647583000000083757e+02,0.000000000000000000e+00
5.648583000000082848e+02,0.000000000000000000e+00
5.649583000000081938e+02,0.000000000000000000e+00
5.650583000000083302e+02,0.000000000000000000e+00
5.651583000000082393e+02,0.000000000000000000e+00
5.652583000000083757e+02,0.000000000000000000e+00
5.653583000000082848e+02,0.000000000000000000e+00
5.654583000000081938e+02,0.000000000000000000e+00
5.655583000000083302e+02,0.000000000000000000e+00
5.656583000000082393e+02,0.000000000000000000e+00
5.657583000000083757e+02,0.000000000000000000e+00
5.658583000000082848e+02,0.000000000000000000e+00
5.659583000000081938e+02,0.000000000000000000e+00
5.660583000000083302e+02,0.000000000000000000e+00
5.661583000000082393e+02,0.000000000000000000e+00
5.662583000000083757e+02,0.000000000000000000e+00
5.663583000000082848e+02,0.000000000000000000e+00
5.664583000000083075e+02,0.000000000000000000e+00
5.665583000000083302e+02,0.000000000000000000e+00
5.666583000000082393e+02,0.000000000000000000e+00
5.667583000000083757e+02,0.000000000000000000e+00
5.668583000000082848e+02,0.000000000000000000e+00
5.669583000000083075e+02,0.000000000000000000e+00
5.670583000000083302e+02,0.000000000000000000e+00
5.671583000000082393e+02,0.000000000000000000e+00
5.672583000000083757e+02,0.000000000000000000e+00
5.673583000000082848e+02,0.000000000000000000e+00
5.674583000000084212e+02,0.000000000000000000e+00
5.675583000000083302e+02,0.000000000000000000e+00
5.676583000000082393e+02,0.000000000000000000e+00
5.677583000000083757e+02,0.000000000000000000e+00
5.678583000000082848e+02,0.000000000000000000e+00
5.679583000000084212e+02,0.000000000000000000e+00
5.680583000000083302e+02,0.000000000000000000e+00
5.681583000000082393e+02,0.000000000000000000e+00
5.682583000000083757e+02,0.000000000000000000e+00
5.683583000000082848e+02,0.000000000000000000e+00
5.684583000000084212e+02,0.000000000000000000e+00
5.685583000000083302e+02,0.000000000000000000e+00
5.686583000000082393e+02,0.000000000000000000e+00
5.687583000000083757e+02,0.000000000000000000e+00
5.688583000000082848e+02,0.000000000000000000e+00
5.689583000000084212e+02,0.000000000000000000e+00
5.690583000000083302e+02,0.000000000000000000e+00
5.691583000000082393e+02,0.000000000000000000e+00
5.692583000000083757e+02,0.000000000000000000e+00
5.693583000000082848e+02,0.000000000000000000e+00
5.694583000000084212e+02,0.000000000000000000e+00
5.695583000000083302e+02,0.000000000000000000e+00
5.696583000000083530e+02,0.000000000000000000e+00
5.697583000000083757e+02,0.000000000000000000e+00
5.698583000000082848e+02,0.000000000000000000e+00
5.699583000000084212e+02,0.000000000000000000e+00
5.700583000000083302e+02,0.000000000000000000e+00
5.701583000000083530e+02,0.000000000000000000e+00
5.702583000000083757e+02,0.000000000000000000e+00
5.703583000000082848e+02,0.000000000000000000e+00
5.704583000000084212e+02,0.000000000000000000e+00
5.705583000000083302e+02,0.000000000000000000e+00
5.706583000000084667e+02,0.000000000000000000e+00
5.707583000000083757e+02,0.000000000000000000e+00
5.708583000000082848e+02,0.000000000000000000e+00
5.709583000000084212e+02,0.000000000000000000e+00
5.710583000000083302e+02,0.000000000000000000e+00
5.711583000000084667e+02,0.000000000000000000e+00
5.712583000000083757e+02,0.000000000000000000e+00
5.713583000000082848e+02,0.000000000000000000e+00
5.714583000000084212e+02,0.000000000000000000e+00
5.715583000000083302e+02,0.000000000000000000e+00
5.716583000000084667e+02,0.000000000000000000e+00
5.717583000000083757e+02,0.000000000000000000e+00
5.718583000000082848e+02,0.000000000000000000e+00
5.719583000000084212e+02,0.000000000000000000e+00
5.720583000000083302e+02,0.000000000000000000e+00
5.721583000000084667e+02,0.000000000000000000e+00
5.722583000000083757e+02,0.000000000000000000e+00
5.723583000000082848e+02,0.000000000000000000e+00
5.724583000000084212e+02,0.000000000000000000e+00
5.725583000000083302e+02,0.000000000000000000e+00
5.726583000000084667e+02,0.000000000000000000e+00
5.727583000000083757e+02,0.000000000000000000e+00
5.728583000000083985e+02,0.000000000000000000e+00
5.729583000000084212e+02,0.000000000000000000e+00
5.730583000000083302e+02,0.000000000000000000e+00
5.731583000000084667e+02,0.000000000000000000e+00
5.732583000000083757e+02,0.000000000000000000e+00
5.733583000000083985e+02,0.000000000000000000e+00
5.734583000000084212e+02,0.000000000000000000e+00
5.735583000000083302e+02,0.000000000000000000e+00
5.736583000000084667e+02,0.000000000000000000e+00
5.737583000000083757e+02,0.000000000000000000e+00
5.738583000000085121e+02,0.000000000000000000e+00
5.739583000000084212e+02,0.000000000000000000e+00
5.740583000000083302e+02,0.000000000000000000e+00
5.741583000000084667e+02,0.000000000000000000e+00
5.742583000000083757e+02,0.000000000000000000e+00
5.743583000000085121e+02,0.000000000000000000e+00
5.744583000000084212e+02,0.000000000000000000e+00
5.745583000000083302e+02,0.000000000000000000e+00
5.746583000000084667e+02,0.000000000000000000e+00
5.747583000000083757e+02,0.000000000000000000e+00
5.748583000000085121e+02,0.000000000000000000e+00
5.749583000000084212e+02,0.000000000000000000e+00
5.750583000000083302e+02,0.000000000000000000e+00
5.751583000000084667e+02,0.000000000000000000e+00
5.752583000000083757e+02,0.000000000000000000e+00
5.753583000000085121e+02,0.000000000000000000e+00
5.754583000000084212e+02,0.000000000000000000e+00
5.755583000000083302e+02,0.000000000000000000e+00
5.756583000000084667e+02,0.000000000000000000e+00
5.757583000000083757e+02,0.000000000000000000e+00
5.758583000000085121e+02,0.000000000000000000e+00
5.759583000000084212e+02,0.000000000000000000e+00
5.760583000000084439e+02,0.000000000000000000e+00
5.761583000000084667e+02,0.000000000000000000e+00
5.762583000000083757e+02,0.000000000000000000e+00
5.763583000000085121e+02,0.000000000000000000e+00
5.764583000000084212e+02,0.000000000000000000e+00
5.765583000000084439e+02,0.000000000000000000e+00
5.766583000000084667e+02,0.000000000000000000e+00
5.767583000000083757e+02,0.000000000000000000e+00
5.768583000000085121e+02,0.000000000000000000e+00
5.769583000000084212e+02,0.000000000000000000e+00
5.770583000000085576e+02,0.000000000000000000e+00
5.771583000000084667e+02,0.000000000000000000e+00
5.772583000000083757e+02,0.000000000000000000e+00
5.773583000000085121e+02,0.000000000000000000e+00
5.774583000000084212e+02,0.000000000000000000e+00
5.775583000000085576e+02,0.000000000000000000e+00
5.776583000000084667e+02,0.000000000000000000e+00
5.777583000000083757e+02,0.000000000000000000e+00
5.778583000000085121e+02,0.000000000000000000e+00
5.779583000000084212e+02,0.000000000000000000e+00
5.780583000000085576e+02,0.000000000000000000e+00
5.781583000000084667e+02,0.000000000000000000e+00
5.782583000000083757e+02,0.000000000000000000e+00
5.783583000000085121e+02,0.000000000000000000e+00
5.784583000000084212e+02,0.000000000000000000e+00
5.785583000000085576e+02,0.000000000000000000e+00
5.786583000000084667e+02,0.000000000000000000e+00
5.787583000000083757e+02,0.000000000000000000e+00
5.788583000000085121e+02,0.000000000000000000e+00
5.789583000000084212e+02,0.000000000000000000e+00
5.790583000000085576e+02,0.000000000000000000e+00
5.791583000000084667e+02,0.000000000000000000e+00
5.792583000000084894e+02,0.000000000000000000e+00
5.793583000000085121e+02,0.000000000000000000e+00
5.794583000000084212e+02,0.000000000000000000e+00
5.795583000000085576e+02,0.000000000000000000e+00
5.796583000000084667e+02,0.000000000000000000e+00
5.797583000000084894e+02,0.000000000000000000e+00
5.798583000000085121e+02,0.000000000000000000e+00
5.799583000000084212e+02,0.000000000000000000e+00
5.800583000000085576e+02,0.000000000000000000e+00
5.801583000000084667e+02,0.000000000000000000e+00
5.802583000000086031e+02,0.000000000000000000e+00
5.803583000000085121e+02,0.000000000000000000e+00
5.804583000000084212e+02,0.000000000000000000e+00
5.805583000000085576e+02,0.000000000000000000e+00
5.806583000000084667e+02,0.000000000000000000e+00
5.807583000000086031e+02,0.000000000000000000e+00
5.808583000000085121e+02,0.000000000000000000e+00
5.809583000000084212e+02,0.000000000000000000e+00
5.810583000000085576e+02,0.000000000000000000e+00
5.811583000000084667e+02,0.000000000000000000e+00
5.812583000000086031e+02,0.000000000000000000e+00
5.813583000000085121e+02,0.000000000000000000e+00
5.814583000000084212e+02,0.000000000000000000e+00
5.815583000000085576e+02,0.000000000000000000e+00
5.816583000000084667e+02,0.000000000000000000e+00
5.817583000000086031e+02,0.000000000000000000e+00
5.818583000000085121e+02,0.000000000000000000e+00
5.819583000000084212e+02,0.000000000000000000e+00
5.820583000000085576e+02,0.000000000000000000e+00
5.821583000000084667e+02,0.000000000000000000e+00
5.822583000000086031e+02,0.000000000000000000e+00
5.823583000000085121e+02,0.000000000000000000e+00
5.824583000000085349e+02,0.000000000000000000e+00
5.825583000000085576e+02,0.000000000000000000e+00
5.826583000000084667e+02,0.000000000000000000e+00
5.827583000000086031e+02,0.000000000000000000e+00
5.828583000000085121e+02,0.000000000000000000e+00
5.829583000000085349e+02,0.000000000000000000e+00
5.830583000000085576e+02,0.000000000000000000e+00
5.831583000000084667e+02,0.000000000000000000e+00
5.832583000000086031e+02,0.000000000000000000e+00
5.833583000000085121e+02,0.000000000000000000e+00
5.834583000000086486e+02,0.000000000000000000e+00
5.835583000000085576e+02,0.000000000000000000e+00
5.836583000000084667e+02,0.000000000000000000e+00
5.837583000000086031e+02,0.000000000000000000e+00
5.838583000000085121e+02,0.000000000000000000e+00
5.839583000000086486e+02,0.000000000000000000e+00
5.840583000000085576e+02,0.000000000000000000e+00
5.841583000000084667e+02,0.000000000000000000e+00
5.842583000000086031e+02,0.000000000000000000e+00
5.843583000000085121e+02,0.000000000000000000e+00
5.844583000000086486e+02,0.000000000000000000e+00
5.845583000000085576e+02,0.000000000000000000e+00
5.846583000000084667e+02,0.000000000000000000e+00
5.847583000000086031e+02,0.000000000000000000e+00
5.848583000000085121e+02,0.000000000000000000e+00
5.849583000000086486e+02,0.000000000000000000e+00
5.850583000000085576e+02,0.000000000000000000e+00
5.851583000000084667e+02,0.000000000000000000e+00
5.852583000000086031e+02,0.000000000000000000e+00
5.853583000000085121e+02,0.000000000000000000e+00
5.854583000000086486e+02,0.000000000000000000e+00
5.855583000000085576e+02,0.000000000000000000e+00
5.856583000000085804e+02,0.000000000000000000e+00
5.857583000000086031e+02,0.000000000000000000e+00
5.858583000000085121e+02,0.000000000000000000e+00
5.859583000000086486e+02,0.000000000000000000e+00
5.860583000000085576e+02,0.000000000000000000e+00
5.861583000000085804e+02,0.000000000000000000e+00
5.862583000000086031e+02,0.000000000000000000e+00
5.863583000000085121e+02,0.000000000000000000e+00
5.864583000000086486e+02,0.000000000000000000e+00
5.865583000000085576e+02,0.000000000000000000e+00
5.866583000000086940e+02,0.000000000000000000e+00
5.867583000000086031e+02,0.000000000000000000e+00
5.868583000000085121e+02,0.000000000000000000e+00
5.869583000000086486e+02,0.000000000000000000e+00
5.870583000000085576e+02,0.000000000000000000e+00
5.871583000000086940e+02,0.000000000000000000e+00
5.872583000000086031e+02,0.000000000000000000e+00
5.873583000000085121e+02,0.000000000000000000e+00
5.874583000000086486e+02,0.000000000000000000e+00
5.875583000000085576e+02,0.000000000000000000e+00
5.876583000000086940e+02,0.000000000000000000e+00
5.877583000000086031e+02,0.000000000000000000e+00
5.878583000000085121e+02,0.000000000000000000e+00
5.879583000000086486e+02,0.000000000000000000e+00
5.880583000000085576e+02,0.000000000000000000e+00
5.881583000000086940e+02,0.000000000000000000e+00
5.882583000000086031e+02,0.000000000000000000e+00
5.883583000000085121e+02,0.000000000000000000e+00
5.884583000000086486e+02,0.000000000000000000e+00
5.885583000000085576e+02,0.000000000000000000e+00
5.886583000000086940e+02,0.000000000000000000e+00
5.887583000000086031e+02,0.000000000000000000e+00
5.888583000000086258e+02,0.000000000000000000e+00
5.889583000000086486e+02,0.000000000000000000e+00
5.890583000000085576e+02,0.000000000000000000e+00
5.891583000000086940e+02,0.000000000000000000e+00
5.892583000000086031e+02,0.000000000000000000e+00
5.893583000000086258e+02,0.000000000000000000e+00
5.894583000000086486e+02,0.000000000000000000e+00
5.895583000000085576e+02,0.000000000000000000e+00
5.896583000000086940e+02,0.000000000000000000e+00
5.897583000000086031e+02,0.000000000000000000e+00
5.898583000000087395e+02,0.000000000000000000e+00
5.899583000000086486e+02,0.000000000000000000e+00
5.900583000000085576e+02,0.000000000000000000e+00
5.901583000000086940e+02,0.000000000000000000e+00
5.902583000000086031e+02,0.000000000000000000e+00
5.903583000000087395e+02,0.000000000000000000e+00
5.904583000000086486e+02,0.000000000000000000e+00
5.905583000000085576e+02,0.000000000000000000e+00
5.906583000000086940e+02,0.000000000000000000e+00
5.907583000000086031e+02,0.000000000000000000e+00
5.908583000000087395e+02,0.000000000000000000e+00
5.909583000000086486e+02,0.000000000000000000e+00
5.910583000000085576e+02,0.000000000000000000e+00
5.911583000000086940e+02,0.000000000000000000e+00
5.912583000000086031e+02,0.000000000000000000e+00
5.913583000000087395e+02,0.000000000000000000e+00
5.914583000000086486e+02,0.000000000000000000e+00
5.915583000000085576e+02,0.000000000000000000e+00
5.916583000000086940e+02,0.000000000000000000e+00
5.917583000000086031e+02,0.000000000000000000e+00
5.918583000000087395e+02,0.000000000000000000e+00
5.919583000000086486e+02,0.000000000000000000e+00
5.920583000000086713e+02,0.000000000000000000e+00
5.921583000000086940e+02,0.000000000000000000e+00
5.922583000000086031e+02,0.000000000000000000e+00
5.923583000000087395e+02,0.000000000000000000e+00
5.924583000000086486e+02,0.000000000000000000e+00
5.925583000000086713e+02,0.000000000000000000e+00
5.926583000000086940e+02,0.000000000000000000e+00
5.927583000000086031e+02,0.000000000000000000e+00
5.928583000000087395e+02,0.000000000000000000e+00
5.929583000000086486e+02,0.000000000000000000e+00
5.930583000000087850e+02,0.000000000000000000e+00
5.931583000000086940e+02,0.000000000000000000e+00
5.932583000000086031e+02,0.000000000000000000e+00
5.933583000000087395e+02,0.000000000000000000e+00
5.934583000000086486e+02,0.000000000000000000e+00
5.935583000000087850e+02,0.000000000000000000e+00
5.936583000000086940e+02,0.000000000000000000e+00
5.937583000000086031e+02,0.000000000000000000e+00
5.938583000000087395e+02,0.000000000000000000e+00
5.939583000000086486e+02,0.000000000000000000e+00
5.940583000000087850e+02,0.000000000000000000e+00
5.941583000000086940e+02,0.000000000000000000e+00
5.942583000000086031e+02,0.000000000000000000e+00
5.943583000000087395e+02,0.000000000000000000e+00
5.944583000000086486e+02,0.000000000000000000e+00
5.945583000000087850e+02,0.000000000000000000e+00
5.946583000000086940e+02,0.000000000000000000e+00
5.947583000000086031e+02,0.000000000000000000e+00
5.948583000000087395e+02,0.000000000000000000e+00
5.949583000000086486e+02,0.000000000000000000e+00
5.950583000000087850e+02,0.000000000000000000e+00
5.951583000000086940e+02,0.000000000000000000e+00
5.952583000000087168e+02,0.000000000000000000e+00
5.953583000000087395e+02,0.000000000000000000e+00
5.954583000000086486e+02,0.000000000000000000e+00
5.955583000000087850e+02,0.000000000000000000e+00
5.956583000000086940e+02,0.000000000000000000e+00
5.957583000000087168e+02,0.000000000000000000e+00
5.958583000000087395e+02,0.000000000000000000e+00
5.959583000000086486e+02,0.000000000000000000e+00
5.960583000000087850e+02,0.000000000000000000e+00
5.961583000000086940e+02,0.000000000000000000e+00
5.962583000000088305e+02,0.000000000000000000e+00
5.963583000000087395e+02,0.000000000000000000e+00
5.964583000000086486e+02,0.000000000000000000e+00
5.965583000000087850e+02,0.000000000000000000e+00
5.966583000000086940e+02,0.000000000000000000e+00
5.967583000000088305e+02,0.000000000000000000e+00
5.968583000000087395e+02,0.000000000000000000e+00
5.969583000000086486e+02,0.000000000000000000e+00
5.970583000000087850e+02,0.000000000000000000e+00
5.971583000000086940e+02,0.000000000000000000e+00
5.972583000000088305e+02,0.000000000000000000e+00
5.973583000000087395e+02,0.000000000000000000e+00
5.974583000000086486e+02,0.000000000000000000e+00
5.975583000000087850e+02,0.000000000000000000e+00
5.976583000000086940e+02,0.000000000000000000e+00
5.977583000000088305e+02,0.000000000000000000e+00
5.978583000000087395e+02,0.000000000000000000e+00
5.979583000000086486e+02,0.000000000000000000e+00
5.980583000000087850e+02,0.000000000000000000e+00
5.981583000000086940e+02,0.000000000000000000e+00
5.982583000000088305e+02,0.000000000000000000e+00
5.983583000000087395e+02,0.000000000000000000e+00
5.984583000000087623e+02,0.000000000000000000e+00
5.985583000000087850e+02,0.000000000000000000e+00
5.986583000000086940e+02,0.000000000000000000e+00
5.987583000000088305e+02,0.000000000000000000e+00
5.988583000000087395e+02,0.000000000000000000e+00
5.989583000000087623e+02,0.000000000000000000e+00
5.990583000000087850e+02,0.000000000000000000e+00
5.991583000000086940e+02,0.000000000000000000e+00
5.992583000000088305e+02,0.000000000000000000e+00
5.993583000000087395e+02,0.000000000000000000e+00
5.994583000000088759e+02,0.000000000000000000e+00
5.995583000000087850e+02,0.000000000000000000e+00
5.996583000000086940e+02,0.000000000000000000e+00
5.997583000000088305e+02,0.000000000000000000e+00
5.998583000000087395e+02,0.000000000000000000e+00
5.999583000000088759e+02,0.000000000000000000e+00
6.000583000000087850e+02,0.000000000000000000e+00
6.001583000000086940e+02,0.000000000000000000e+00
6.002583000000088305e+02,0.000000000000000000e+00
6.003583000000087395e+02,0.000000000000000000e+00
6.004583000000088759e+02,0.000000000000000000e+00
6.005583000000087850e+02,0.000000000000000000e+00
6.006583000000086940e+02,0.000000000000000000e+00
6.007583000000088305e+02,0.000000000000000000e+00
6.008583000000087395e+02,0.000000000000000000e+00
6.009583000000088759e+02,0.000000000000000000e+00
6.010583000000087850e+02,0.000000000000000000e+00
6.011583000000086940e+02,0.000000000000000000e+00
6.012583000000088305e+02,0.000000000000000000e+00
6.013583000000087395e+02,0.000000000000000000e+00
6.014583000000088759e+02,0.000000000000000000e+00
6.015583000000087850e+02,0.000000000000000000e+00
6.016583000000088077e+02,0.000000000000000000e+00
6.017583000000088305e+02,0.000000000000000000e+00
6.018583000000087395e+02,0.000000000000000000e+00
6.019583000000088759e+02,0.000000000000000000e+00
6.020583000000087850e+02,0.000000000000000000e+00
6.021583000000088077e+02,0.000000000000000000e+00
6.022583000000088305e+02,0.000000000000000000e+00
6.023583000000087395e+02,0.000000000000000000e+00
6.024583000000088759e+02,0.000000000000000000e+00
6.025583000000087850e+02,0.000000000000000000e+00
6.026583000000089214e+02,0.000000000000000000e+00
6.027583000000088305e+02,0.000000000000000000e+00
6.028583000000087395e+02,0.000000000000000000e+00
6.029583000000088759e+02,0.000000000000000000e+00
6.030583000000087850e+02,0.000000000000000000e+00
6.031583000000089214e+02,0.000000000000000000e+00
6.032583000000088305e+02,0.000000000000000000e+00
6.033583000000087395e+02,0.000000000000000000e+00
6.034583000000088759e+02,0.000000000000000000e+00
6.035583000000087850e+02,0.000000000000000000e+00
6.036583000000089214e+02,0.000000000000000000e+00
6.037583000000088305e+02,0.000000000000000000e+00
6.038583000000087395e+02,0.000000000000000000e+00
6.039583000000088759e+02,0.000000000000000000e+00
6.040583000000087850e+02,0.000000000000000000e+00
6.041583000000089214e+02,0.000000000000000000e+00
6.042583000000088305e+02,0.000000000000000000e+00
6.043583000000087395e+02,0.000000000000000000e+00
6.044583000000088759e+02,0.000000000000000000e+00
6.045583000000087850e+02,0.000000000000000000e+00
6.046583000000089214e+02,0.000000000000000000e+00
6.047583000000088305e+02,0.000000000000000000e+00
6.048583000000088532e+02,0.000000000000000000e+00
6.049583000000088759e+02,0.000000000000000000e+00
6.050583000000087850e+02,0.000000000000000000e+00
6.051583000000089214e+02,0.000000000000000000e+00
6.052583000000088305e+02,0.000000000000000000e+00
6.053583000000088532e+02,0.000000000000000000e+00
6.054583000000088759e+02,0.000000000000000000e+00
6.055583000000087850e+02,0.000000000000000000e+00
6.056583000000089214e+02,0.000000000000000000e+00
6.057583000000088305e+02,0.000000000000000000e+00
6.058583000000089669e+02,0.000000000000000000e+00
6.059583000000088759e+02,0.000000000000000000e+00
6.060583000000087850e+02,0.000000000000000000e+00
6.061583000000089214e+02,0.000000000000000000e+00
6.062583000000088305e+02,0.000000000000000000e+00
6.063583000000089669e+02,0.000000000000000000e+00
6.064583000000088759e+02,0.000000000000000000e+00
6.065583000000087850e+02,0.000000000000000000e+00
6.066583000000089214e+02,0.000000000000000000e+00
6.067583000000088305e+02,0.000000000000000000e+00
6.068583000000089669e+02,0.000000000000000000e+00
6.069583000000088759e+02,0.000000000000000000e+00
6.070583000000087850e+02,0.000000000000000000e+00
6.071583000000089214e+02,0.000000000000000000e+00
6.072583000000088305e+02,0.000000000000000000e+00
6.073583000000089669e+02,0.000000000000000000e+00
6.074583000000088759e+02,0.000000000000000000e+00
6.075583000000087850e+02,0.000000000000000000e+00
6.076583000000089214e+02,0.000000000000000000e+00
6.077583000000088305e+02,0.000000000000000000e+00
6.078583000000089669e+02,0.000000000000000000e+00
6.079583000000088759e+02,0.000000000000000000e+00
6.080583000000088987e+02,0.000000000000000000e+00
6.081583000000089214e+02,0.000000000000000000e+00
6.082583000000088305e+02,0.000000000000000000e+00
6.083583000000089669e+02,0.000000000000000000e+00
6.084583000000088759e+02,0.000000000000000000e+00
6.085583000000088987e+02,0.000000000000000000e+00
6.086583000000089214e+02,0.000000000000000000e+00
6.087583000000088305e+02,0.000000000000000000e+00
6.088583000000089669e+02,0.000000000000000000e+00
6.089583000000088759e+02,0.000000000000000000e+00
6.090583000000090124e+02,0.000000000000000000e+00
6.091583000000089214e+02,0.000000000000000000e+00
6.092583000000088305e+02,0.000000000000000000e+00
6.093583000000089669e+02,0.000000000000000000e+00
6.094583000000088759e+02,0.000000000000000000e+00
6.095583000000090124e+02,0.000000000000000000e+00
6.096583000000089214e+02,0.000000000000000000e+00
6.097583000000088305e+02,0.000000000000000000e+00
6.098583000000089669e+02,0.000000000000000000e+00
6.099583000000088759e+02,0.000000000000000000e+00
6.100583000000090124e+02,0.000000000000000000e+00
6.101583000000089214e+02,0.000000000000000000e+00
6.102583000000088305e+02,0.000000000000000000e+00
6.103583000000089669e+02,0.000000000000000000e+00
6.104583000000088759e+02,0.000000000000000000e+00
6.105583000000090124e+02,0.000000000000000000e+00
6.106583000000089214e+02,0.000000000000000000e+00
6.107583000000088305e+02,0.000000000000000000e+00
6.108583000000089669e+02,0.000000000000000000e+00
6.109583000000088759e+02,0.000000000000000000e+00
6.110583000000090124e+02,0.000000000000000000e+00
6.111583000000089214e+02,0.000000000000000000e+00
6.112583000000089442e+02,0.000000000000000000e+00
6.113583000000089669e+02,0.000000000000000000e+00
6.114583000000088759e+02,0.000000000000000000e+00
6.115583000000090124e+02,0.000000000000000000e+00
6.116583000000089214e+02,0.000000000000000000e+00
6.117583000000089442e+02,0.000000000000000000e+00
6.118583000000089669e+02,0.000000000000000000e+00
6.119583000000088759e+02,0.000000000000000000e+00
6.120583000000090124e+02,0.000000000000000000e+00
6.121583000000089214e+02,0.000000000000000000e+00
6.122583000000090578e+02,0.000000000000000000e+00
6.123583000000089669e+02,0.000000000000000000e+00
6.124583000000088759e+02,0.000000000000000000e+00
6.125583000000090124e+02,0.000000000000000000e+00
6.126583000000089214e+02,0.000000000000000000e+00
6.127583000000090578e+02,0.000000000000000000e+00
6.128583000000089669e+02,0.000000000000000000e+00
6.129583000000088759e+02,0.000000000000000000e+00
6.130583000000090124e+02,0.000000000000000000e+00
6.131583000000089214e+02,0.000000000000000000e+00
6.132583000000090578e+02,0.000000000000000000e+00
6.133583000000089669e+02,0.000000000000000000e+00
6.134583000000088759e+02,0.000000000000000000e+00
6.135583000000090124e+02,0.000000000000000000e+00
6.136583000000089214e+02,0.000000000000000000e+00
6.137583000000090578e+02,0.000000000000000000e+00
6.138583000000089669e+02,0.000000000000000000e+00
6.139583000000088759e+02,0.000000000000000000e+00
6.140583000000090124e+02,0.000000000000000000e+00
6.141583000000089214e+02,0.000000000000000000e+00
6.142583000000090578e+02,0.000000000000000000e+00
6.143583000000089669e+02,0.000000000000000000e+00
6.144583000000089896e+02,0.000000000000000000e+00
6.145583000000090124e+02,0.000000000000000000e+00
6.146583000000089214e+02,0.000000000000000000e+00
6.147583000000090578e+02,0.000000000000000000e+00
6.148583000000089669e+02,0.000000000000000000e+00
6.149583000000089896e+02,0.000000000000000000e+00
6.150583000000090124e+02,0.000000000000000000e+00
6.151583000000089214e+02,0.000000000000000000e+00
6.152583000000090578e+02,0.000000000000000000e+00
6.153583000000089669e+02,0.000000000000000000e+00
6.154583000000091033e+02,0.000000000000000000e+00
6.155583000000090124e+02,0.000000000000000000e+00
6.156583000000089214e+02,0.000000000000000000e+00
6.157583000000090578e+02,0.000000000000000000e+00
6.158583000000089669e+02,0.000000000000000000e+00
6.159583000000091033e+02,0.000000000000000000e+00
6.160583000000090124e+02,0.000000000000000000e+00
6.161583000000089214e+02,0.000000000000000000e+00
6.162583000000090578e+02,0.000000000000000000e+00
6.163583000000089669e+02,0.000000000000000000e+00
6.164583000000091033e+02,0.000000000000000000e+00
6.165583000000090124e+02,0.000000000000000000e+00
6.166583000000089214e+02,0.000000000000000000e+00
6.167583000000090578e+02,0.000000000000000000e+00
6.168583000000089669e+02,0.000000000000000000e+00
6.169583000000091033e+02,0.000000000000000000e+00
6.170583000000090124e+02,0.000000000000000000e+00
6.171583000000089214e+02,0.000000000000000000e+00
6.172583000000090578e+02,0.000000000000000000e+00
6.173583000000089669e+02,0.000000000000000000e+00
6.174583000000091033e+02,0.000000000000000000e+00
6.175583000000090124e+02,0.000000000000000000e+00
6.176583000000090351e+02,0.000000000000000000e+00
6.177583000000090578e+02,0.000000000000000000e+00
6.178583000000089669e+02,0.000000000000000000e+00
6.179583000000091033e+02,0.000000000000000000e+00
6.180583000000090124e+02,0.000000000000000000e+00
6.181583000000090351e+02,0.000000000000000000e+00
6.182583000000090578e+02,0.000000000000000000e+00
6.183583000000089669e+02,0.000000000000000000e+00
6.184583000000091033e+02,0.000000000000000000e+00
6.185583000000090124e+02,0.000000000000000000e+00
6.186583000000091488e+02,0.000000000000000000e+00
6.187583000000090578e+02,0.000000000000000000e+00
6.188583000000089669e+02,0.000000000000000000e+00
6.189583000000091033e+02,0.000000000000000000e+00
6.190583000000090124e+02,0.000000000000000000e+00
6.191583000000091488e+02,0.000000000000000000e+00
6.192583000000090578e+02,0.000000000000000000e+00
6.193583000000089669e+02,0.000000000000000000e+00
6.194583000000091033e+02,0.000000000000000000e+00
6.195583000000090124e+02,0.000000000000000000e+00
6.196583000000091488e+02,0.000000000000000000e+00
6.197583000000090578e+02,0.000000000000000000e+00
6.198583000000089669e+02,0.000000000000000000e+00
6.199583000000091033e+02,0.000000000000000000e+00
6.200583000000090124e+02,0.000000000000000000e+00
6.201583000000091488e+02,0.000000000000000000e+00
6.202583000000090578e+02,0.000000000000000000e+00
6.203583000000089669e+02,0.000000000000000000e+00
6.204583000000091033e+02,0.000000000000000000e+00
6.205583000000090124e+02,0.000000000000000000e+00
6.206583000000091488e+02,0.000000000000000000e+00
6.207583000000090578e+02,0.000000000000000000e+00
6.208583000000090806e+02,0.000000000000000000e+00
6.209583000000091033e+02,0.000000000000000000e+00
6.210583000000090124e+02,0.000000000000000000e+00
6.211583000000091488e+02,0.000000000000000000e+00
6.212583000000090578e+02,0.000000000000000000e+00
6.213583000000090806e+02,0.000000000000000000e+00
6.214583000000091033e+02,0.000000000000000000e+00
6.215583000000090124e+02,0.000000000000000000e+00
6.216583000000091488e+02,0.000000000000000000e+00
6.217583000000090578e+02,0.000000000000000000e+00
6.218583000000091943e+02,0.000000000000000000e+00
6.219583000000091033e+02,0.000000000000000000e+00
6.220583000000090124e+02,0.000000000000000000e+00
6.221583000000091488e+02,0.000000000000000000e+00
6.222583000000090578e+02,0.000000000000000000e+00
6.223583000000091943e+02,0.000000000000000000e+00
6.224583000000091033e+02,0.000000000000000000e+00
6.225583000000090124e+02,0.000000000000000000e+00
6.226583000000091488e+02,0.000000000000000000e+00
6.227583000000090578e+02,0.000000000000000000e+00
6.228583000000091943e+02,0.000000000000000000e+00
6.229583000000091033e+02,0.000000000000000000e+00
6.230583000000090124e+02,0.000000000000000000e+00
6.231583000000091488e+02,0.000000000000000000e+00
6.232583000000090578e+02,0.000000000000000000e+00
6.233583000000091943e+02,0.000000000000000000e+00
6.234583000000091033e+02,0.000000000000000000e+00
6.235583000000090124e+02,0.000000000000000000e+00
6.236583000000091488e+02,0.000000000000000000e+00
6.237583000000090578e+02,0.000000000000000000e+00
6.238583000000091943e+02,0.000000000000000000e+00
6.239583000000091033e+02,0.000000000000000000e+00
6.240583000000091261e+02,0.000000000000000000e+00
6.241583000000091488e+02,0.000000000000000000e+00
6.242583000000090578e+02,0.000000000000000000e+00
6.243583000000091943e+02,0.000000000000000000e+00
6.244583000000091033e+02,0.000000000000000000e+00
6.245583000000091261e+02,0.000000000000000000e+00
6.246583000000091488e+02,0.000000000000000000e+00
6.247583000000090578e+02,0.000000000000000000e+00
6.248583000000091943e+02,0.000000000000000000e+00
6.249583000000091033e+02,0.000000000000000000e+00
6.250583000000092397e+02,0.000000000000000000e+00
6.251583000000091488e+02,0.000000000000000000e+00
6.252583000000090578e+02,0.000000000000000000e+00
6.253583000000091943e+02,0.000000000000000000e+00
6.254583000000091033e+02,0.000000000000000000e+00
6.255583000000092397e+02,0.000000000000000000e+00
6.256583000000091488e+02,0.000000000000000000e+00
6.257583000000090578e+02,0.000000000000000000e+00
6.258583000000091943e+02,0.000000000000000000e+00
6.259583000000091033e+02,0.000000000000000000e+00
6.260583000000092397e+02,0.000000000000000000e+00
6.261583000000091488e+02,0.000000000000000000e+00
6.262583000000090578e+02,0.000000000000000000e+00
6.263583000000091943e+02,0.000000000000000000e+00
6.264583000000091033e+02,0.000000000000000000e+00
6.265583000000092397e+02,0.000000000000000000e+00
6.266583000000091488e+02,0.000000000000000000e+00
6.267583000000090578e+02,0.000000000000000000e+00
6.268583000000091943e+02,0.000000000000000000e+00
6.269583000000091033e+02,0.000000000000000000e+00
6.270583000000092397e+02,0.000000000000000000e+00
6.271583000000091488e+02,0.000000000000000000e+00
6.272583000000091715e+02,0.000000000000000000e+00
6.273583000000091943e+02,0.000000000000000000e+00
6.274583000000091033e+02,0.000000000000000000e+00
6.275583000000092397e+02,0.000000000000000000e+00
6.276583000000091488e+02,0.000000000000000000e+00
6.277583000000091715e+02,0.000000000000000000e+00
6.278583000000091943e+02,0.000000000000000000e+00
6.279583000000091033e+02,0.000000000000000000e+00
6.280583000000092397e+02,0.000000000000000000e+00
6.281583000000091488e+02,0.000000000000000000e+00
6.282583000000092852e+02,0.000000000000000000e+00
6.283583000000091943e+02,0.000000000000000000e+00
6.284583000000091033e+02,0.000000000000000000e+00
6.285583000000092397e+02,0.000000000000000000e+00
6.286583000000091488e+02,0.000000000000000000e+00
6.287583000000092852e+02,0.000000000000000000e+00
6.288583000000091943e+02,0.000000000000000000e+00
6.289583000000091033e+02,0.000000000000000000e+00
6.290583000000092397e+02,0.000000000000000000e+00
6.291583000000091488e+02,0.000000000000000000e+00
6.292583000000092852e+02,0.000000000000000000e+00
6.293583000000091943e+02,0.000000000000000000e+00
6.294583000000091033e+02,0.000000000000000000e+00
6.295583000000092397e+02,0.000000000000000000e+00
6.296583000000091488e+02,0.000000000000000000e+00
6.297583000000092852e+02,0.000000000000000000e+00
6.298583000000091943e+02,0.000000000000000000e+00
6.299583000000091033e+02,0.000000000000000000e+00
6.300583000000092397e+02,0.000000000000000000e+00
6.301583000000091488e+02,0.000000000000000000e+00
6.302583000000092852e+02,0.000000000000000000e+00
6.303583000000091943e+02,0.000000000000000000e+00
6.304583000000092170e+02,0.000000000000000000e+00
6.305583000000092397e+02,0.000000000000000000e+00
6.306583000000091488e+02,0.000000000000000000e+00
6.307583000000092852e+02,0.000000000000000000e+00
6.308583000000091943e+02,0.000000000000000000e+00
6.309583000000092170e+02,0.000000000000000000e+00
6.310583000000092397e+02,0.000000000000000000e+00
6.311583000000091488e+02,0.000000000000000000e+00
6.312583000000092852e+02,0.000000000000000000e+00
6.313583000000091943e+02,0.000000000000000000e+00
6.314583000000093307e+02,0.000000000000000000e+00
6.315583000000092397e+02,0.000000000000000000e+00
6.316583000000091488e+02,0.000000000000000000e+00
6.317583000000092852e+02,0.000000000000000000e+00
6.318583000000091943e+02,0.000000000000000000e+00
6.319583000000093307e+02,0.000000000000000000e+00
6.320583000000092397e+02,0.000000000000000000e+00
6.321583000000091488e+02,0.000000000000000000e+00
6.322583000000092852e+02,0.000000000000000000e+00
6.323583000000091943e+02,0.000000000000000000e+00
6.324583000000093307e+02,0.000000000000000000e+00
6.325583000000092397e+02,0.000000000000000000e+00
6.326583000000091488e+02,0.000000000000000000e+00
6.327583000000092852e+02,0.000000000000000000e+00
6.328583000000091943e+02,0.000000000000000000e+00
6.329583000000093307e+02,0.000000000000000000e+00
6.330583000000092397e+02,0.000000000000000000e+00
6.331583000000091488e+02,0.000000000000000000e+00
6.332583000000092852e+02,0.000000000000000000e+00
6.333583000000091943e+02,0.000000000000000000e+00
6.334583000000093307e+02,0.000000000000000000e+00
6.335583000000092397e+02,0.000000000000000000e+00
6.336583000000092625e+02,0.000000000000000000e+00
6.337583000000092852e+02,0.000000000000000000e+00
6.338583000000091943e+02,0.000000000000000000e+00
6.339583000000093307e+02,0.000000000000000000e+00
6.340583000000092397e+02,0.000000000000000000e+00
6.341583000000092625e+02,0.000000000000000000e+00
6.342583000000092852e+02,0.000000000000000000e+00
6.343583000000091943e+02,0.000000000000000000e+00
6.344583000000093307e+02,0.000000000000000000e+00
6.345583000000092397e+02,0.000000000000000000e+00
6.346583000000093762e+02,0.000000000000000000e+00
6.347583000000092852e+02,0.000000000000000000e+00
6.348583000000091943e+02,0.000000000000000000e+00
6.349583000000093307e+02,0.000000000000000000e+00
6.350583000000092397e+02,0.000000000000000000e+00
6.351583000000093762e+02,0.000000000000000000e+00
6.352583000000092852e+02,0.000000000000000000e+00
6.353583000000091943e+02,0.000000000000000000e+00
6.354583000000093307e+02,0.000000000000000000e+00
6.355583000000092397e+02,0.000000000000000000e+00
6.356583000000093762e+02,0.000000000000000000e+00
6.357583000000092852e+02,0.000000000000000000e+00
6.358583000000091943e+02,0.000000000000000000e+00
6.359583000000093307e+02,0.000000000000000000e+00
6.360583000000092397e+02,0.000000000000000000e+00
6.361583000000093762e+02,0.000000000000000000e+00
6.362583000000092852e+02,0.000000000000000000e+00
6.363583000000091943e+02,0.000000000000000000e+00
6.364583000000093307e+02,0.000000000000000000e+00
6.365583000000092397e+02,0.000000000000000000e+00
6.366583000000093762e+02,0.000000000000000000e+00
6.367583000000092852e+02,0.000000000000000000e+00
6.368583000000093080e+02,0.000000000000000000e+00
6.369583000000093307e+02,0.000000000000000000e+00
6.370583000000092397e+02,0.000000000000000000e+00
6.371583000000093762e+02,0.000000000000000000e+00
6.372583000000092852e+02,0.000000000000000000e+00
6.373583000000093080e+02,0.000000000000000000e+00
6.374583000000093307e+02,0.000000000000000000e+00
6.375583000000092397e+02,0.000000000000000000e+00
6.376583000000093762e+02,0.000000000000000000e+00
6.377583000000092852e+02,0.000000000000000000e+00
6.378583000000094216e+02,0.000000000000000000e+00
6.379583000000093307e+02,0.000000000000000000e+00
6.380583000000092397e+02,0.000000000000000000e+00
6.381583000000093762e+02,0.000000000000000000e+00
6.382583000000092852e+02,0.000000000000000000e+00
6.383583000000094216e+02,0.000000000000000000e+00
6.384583000000093307e+02,0.000000000000000000e+00
6.385583000000092397e+02,0.000000000000000000e+00
6.386583000000093762e+02,0.000000000000000000e+00
6.387583000000092852e+02,0.000000000000000000e+00
6.388583000000094216e+02,0.000000000000000000e+00
6.389583000000093307e+02,0.000000000000000000e+00
6.390583000000092397e+02,0.000000000000000000e+00
6.391583000000093762e+02,0.000000000000000000e+00
6.392583000000092852e+02,0.000000000000000000e+00
6.393583000000094216e+02,0.000000000000000000e+00
6.394583000000093307e+02,0.000000000000000000e+00
6.395583000000092397e+02,0.000000000000000000e+00
6.396583000000093762e+02,0.000000000000000000e+00
6.397583000000092852e+02,0.000000000000000000e+00
6.398583000000094216e+02,0.000000000000000000e+00
6.399583000000093307e+02,0.000000000000000000e+00
6.400583000000093534e+02,0.000000000000000000e+00
6.401583000000093762e+02,0.000000000000000000e+00
6.402583000000092852e+02,0.000000000000000000e+00
6.403583000000094216e+02,0.000000000000000000e+00
6.404583000000093307e+02,0.000000000000000000e+00
6.405583000000093534e+02,0.000000000000000000e+00
6.406583000000093762e+02,0.000000000000000000e+00
6.407583000000092852e+02,0.000000000000000000e+00
6.408583000000094216e+02,0.000000000000000000e+00
6.409583000000093307e+02,0.000000000000000000e+00
6.410583000000094671e+02,0.000000000000000000e+00
6.411583000000093762e+02,0.000000000000000000e+00
6.412583000000092852e+02,0.000000000000000000e+00
6.413583000000094216e+02,0.000000000000000000e+00
6.414583000000093307e+02,0.000000000000000000e+00
6.415583000000094671e+02,0.000000000000000000e+00
6.416583000000093762e+02,0.000000000000000000e+00
6.417583000000092852e+02,0.000000000000000000e+00
6.418583000000094216e+02,0.000000000000000000e+00
6.419583000000093307e+02,0.000000000000000000e+00
6.420583000000094671e+02,0.000000000000000000e+00
6.421583000000093762e+02,0.000000000000000000e+00
6.422583000000092852e+02,0.000000000000000000e+00
6.423583000000094216e+02,0.000000000000000000e+00
6.424583000000093307e+02,0.000000000000000000e+00
6.425583000000094671e+02,0.000000000000000000e+00
6.426583000000093762e+02,0.000000000000000000e+00
6.427583000000092852e+02,0.000000000000000000e+00
6.428583000000094216e+02,0.000000000000000000e+00
6.429583000000093307e+02,0.000000000000000000e+00
6.430583000000094671e+02,0.000000000000000000e+00
6.431583000000093762e+02,0.000000000000000000e+00
6.432583000000093989e+02,0.000000000000000000e+00
6.433583000000094216e+02,0.000000000000000000e+00
6.434583000000093307e+02,0.000000000000000000e+00
6.435583000000094671e+02,0.000000000000000000e+00
6.436583000000093762e+02,0.000000000000000000e+00
6.437583000000093989e+02,0.000000000000000000e+00
6.438583000000094216e+02,0.000000000000000000e+00
6.439583000000093307e+02,0.000000000000000000e+00
6.440583000000094671e+02,0.000000000000000000e+00
6.441583000000093762e+02,0.000000000000000000e+00
6.442583000000095126e+02,0.000000000000000000e+00
6.443583000000094216e+02,0.000000000000000000e+00
6.444583000000093307e+02,0.000000000000000000e+00
6.445583000000094671e+02,0.000000000000000000e+00
6.446583000000093762e+02,0.000000000000000000e+00
6.447583000000095126e+02,0.000000000000000000e+00
6.448583000000094216e+02,0.000000000000000000e+00
6.449583000000093307e+02,0.000000000000000000e+00
6.450583000000094671e+02,0.000000000000000000e+00
6.451583000000093762e+02,0.000000000000000000e+00
6.452583000000095126e+02,0.000000000000000000e+00
6.453583000000094216e+02,0.000000000000000000e+00
6.454583000000093307e+02,0.000000000000000000e+00
6.455583000000094671e+02,0.000000000000000000e+00
6.456583000000093762e+02,0.000000000000000000e+00
6.457583000000095126e+02,0.000000000000000000e+00
6.458583000000094216e+02,0.000000000000000000e+00
6.459583000000093307e+02,0.000000000000000000e+00
6.460583000000094671e+02,0.000000000000000000e+00
6.461583000000093762e+02,0.000000000000000000e+00
6.462583000000095126e+02,0.000000000000000000e+00
6.463583000000094216e+02,0.000000000000000000e+00
6.464583000000094444e+02,0.000000000000000000e+00
6.465583000000094671e+02,0.000000000000000000e+00
6.466583000000093762e+02,0.000000000000000000e+00
6.467583000000095126e+02,0.000000000000000000e+00
6.468583000000094216e+02,0.000000000000000000e+00
6.469583000000094444e+02,0.000000000000000000e+00
6.470583000000094671e+02,0.000000000000000000e+00
6.471583000000093762e+02,0.000000000000000000e+00
6.472583000000095126e+02,0.000000000000000000e+00
6.473583000000094216e+02,0.000000000000000000e+00
6.474583000000095581e+02,0.000000000000000000e+00
6.475583000000094671e+02,0.000000000000000000e+00
6.476583000000093762e+02,0.000000000000000000e+00
6.477583000000095126e+02,0.000000000000000000e+00
6.478583000000094216e+02,0.000000000000000000e+00
6.479583000000095581e+02,0.000000000000000000e+00
6.480583000000094671e+02,0.000000000000000000e+00
6.481583000000093762e+02,0.000000000000000000e+00
6.482583000000095126e+02,0.000000000000000000e+00
6.483583000000094216e+02,0.000000000000000000e+00
6.484583000000095581e+02,0.000000000000000000e+00
6.485583000000094671e+02,0.000000000000000000e+00
6.486583000000093762e+02,0.000000000000000000e+00
6.487583000000095126e+02,0.000000000000000000e+00
6.488583000000094216e+02,0.000000000000000000e+00
6.489583000000095581e+02,0.000000000000000000e+00
6.490583000000094671e+02,0.000000000000000000e+00
6.491583000000093762e+02,0.000000000000000000e+00
6.492583000000095126e+02,0.000000000000000000e+00
6.493583000000094216e+02,0.000000000000000000e+00
6.494583000000095581e+02,0.000000000000000000e+00
6.495583000000094671e+02,0.000000000000000000e+00
6.496583000000094898e+02,0.000000000000000000e+00
6.497583000000095126e+02,0.000000000000000000e+00
6.498583000000094216e+02,0.000000000000000000e+00
6.499583000000095581e+02,0.000000000000000000e+00
6.500583000000094671e+02,0.000000000000000000e+00
6.501583000000094898e+02,0.000000000000000000e+00
6.502583000000095126e+02,0.000000000000000000e+00
6.503583000000094216e+02,0.000000000000000000e+00
6.504583000000095581e+02,0.000000000000000000e+00
6.505583000000094671e+02,0.000000000000000000e+00
6.506583000000096035e+02,0.000000000000000000e+00
6.507583000000095126e+02,0.000000000000000000e+00
6.508583000000094216e+02,0.000000000000000000e+00
6.509583000000095581e+02,0.000000000000000000e+00
6.510583000000094671e+02,0.000000000000000000e+00
6.511583000000096035e+02,0.000000000000000000e+00
6.512583000000095126e+02,0.000000000000000000e+00
6.513583000000094216e+02,0.000000000000000000e+00
6.514583000000095581e+02,0.000000000000000000e+00
6.515583000000094671e+02,0.000000000000000000e+00
6.516583000000096035e+02,0.000000000000000000e+00
6.517583000000095126e+02,0.000000000000000000e+00
6.518583000000094216e+02,0.000000000000000000e+00
6.519583000000095581e+02,0.000000000000000000e+00
6.520583000000094671e+02,0.000000000000000000e+00
6.521583000000096035e+02,0.000000000000000000e+00
6.522583000000095126e+02,0.000000000000000000e+00
6.523583000000094216e+02,0.000000000000000000e+00
6.524583000000095581e+02,0.000000000000000000e+00
6.525583000000094671e+02,0.000000000000000000e+00
6.526583000000096035e+02,0.000000000000000000e+00
6.527583000000095126e+02,0.000000000000000000e+00
6.528583000000095353e+02,0.000000000000000000e+00
6.529583000000095581e+02,0.000000000000000000e+00
6.530583000000094671e+02,0.000000000000000000e+00
6.531583000000096035e+02,0.000000000000000000e+00
6.532583000000095126e+02,0.000000000000000000e+00
6.533583000000095353e+02,0.000000000000000000e+00
6.534583000000095581e+02,0.000000000000000000e+00
6.535583000000094671e+02,0.000000000000000000e+00
6.536583000000096035e+02,0.000000000000000000e+00
6.537583000000095126e+02,0.000000000000000000e+00
6.538583000000096490e+02,0.000000000000000000e+00
6.539583000000095581e+02,0.000000000000000000e+00
6.540583000000094671e+02,0.000000000000000000e+00
6.541583000000096035e+02,0.000000000000000000e+00
6.542583000000095126e+02,0.000000000000000000e+00
6.543583000000096490e+02,0.000000000000000000e+00
6.544583000000095581e+02,0.000000000000000000e+00
6.545583000000094671e+02,0.000000000000000000e+00
6.546583000000096035e+02,0.000000000000000000e+00
6.547583000000095126e+02,0.000000000000000000e+00
6.548583000000096490e+02,0.000000000000000000e+00
6.549583000000095581e+02,0.000000000000000000e+00
6.550583000000094671e+02,0.000000000000000000e+00
6.551583000000096035e+02,0.000000000000000000e+00
6.552583000000095126e+02,0.000000000000000000e+00
6.553583000000096490e+02,0.000000000000000000e+00
6.554583000000095581e+02,0.000000000000000000e+00
6.555583000000094671e+02,0.000000000000000000e+00
6.556583000000096035e+02,0.000000000000000000e+00
6.557583000000095126e+02,0.000000000000000000e+00
6.558583000000096490e+02,0.000000000000000000e+00
6.559583000000095581e+02,0.000000000000000000e+00
6.560583000000095808e+02,0.000000000000000000e+00
6.561583000000096035e+02,0.000000000000000000e+00
6.562583000000095126e+02,0.000000000000000000e+00
6.563583000000096490e+02,0.000000000000000000e+00
6.564583000000095581e+02,0.000000000000000000e+00
6.565583000000095808e+02,0.000000000000000000e+00
6.566583000000096035e+02,0.000000000000000000e+00
6.567583000000095126e+02,0.000000000000000000e+00
6.568583000000096490e+02,0.000000000000000000e+00
6.569583000000095581e+02,0.000000000000000000e+00
6.570583000000096945e+02,0.000000000000000000e+00
6.571583000000096035e+02,0.000000000000000000e+00
6.572583000000095126e+02,0.000000000000000000e+00
6.573583000000096490e+02,0.000000000000000000e+00
6.574583000000095581e+02,0.000000000000000000e+00
6.575583000000096945e+02,0.000000000000000000e+00
6.576583000000096035e+02,0.000000000000000000e+00
6.577583000000095126e+02,0.000000000000000000e+00
6.578583000000096490e+02,0.000000000000000000e+00
6.579583000000095581e+02,0.000000000000000000e+00
6.580583000000096945e+02,0.000000000000000000e+00
6.581583000000096035e+02,0.000000000000000000e+00
6.582583000000095126e+02,0.000000000000000000e+00
6.583583000000096490e+02,0.000000000000000000e+00
6.584583000000095581e+02,0.000000000000000000e+00
6.585583000000096945e+02,0.000000000000000000e+00
6.586583000000096035e+02,0.000000000000000000e+00
6.587583000000095126e+02,0.000000000000000000e+00
6.588583000000096490e+02,0.000000000000000000e+00
6.589583000000095581e+02,0.000000000000000000e+00
6.590583000000096945e+02,0.000000000000000000e+00
6.591583000000096035e+02,0.000000000000000000e+00
6.592583000000096263e+02,0.000000000000000000e+00
6.593583000000096490e+02,0.000000000000000000e+00
6.594583000000095581e+02,0.000000000000000000e+00
6.595583000000096945e+02,0.000000000000000000e+00
6.596583000000096035e+02,0.000000000000000000e+00
6.597583000000096263e+02,0.000000000000000000e+00
6.598583000000096490e+02,0.000000000000000000e+00
6.599583000000095581e+02,0.000000000000000000e+00
6.600583000000096945e+02,0.000000000000000000e+00
6.601583000000096035e+02,0.000000000000000000e+00
6.602583000000097400e+02,0.000000000000000000e+00
6.603583000000096490e+02,0.000000000000000000e+00
6.604583000000095581e+02,0.000000000000000000e+00
6.605583000000096945e+02,0.000000000000000000e+00
6.606583000000096035e+02,0.000000000000000000e+00
6.607583000000097400e+02,0.000000000000000000e+00
6.608583000000096490e+02,0.000000000000000000e+00
6.609583000000095581e+02,0.000000000000000000e+00
6.610583000000096945e+02,0.000000000000000000e+00
6.611583000000096035e+02,0.000000000000000000e+00
6.612583000000097400e+02,0.000000000000000000e+00
6.613583000000096490e+02,0.000000000000000000e+00
6.614583000000095581e+02,0.000000000000000000e+00
6.615583000000096945e+02,0.000000000000000000e+00
6.616583000000096035e+02,0.000000000000000000e+00
6.617583000000097400e+02,0.000000000000000000e+00
6.618583000000096490e+02,0.000000000000000000e+00
6.619583000000095581e+02,0.000000000000000000e+00
6.620583000000096945e+02,0.000000000000000000e+00
6.621583000000096035e+02,0.000000000000000000e+00
6.622583000000097400e+02,0.000000000000000000e+00
6.623583000000096490e+02,0.000000000000000000e+00
6.624583000000096717e+02,0.000000000000000000e+00
6.625583000000096945e+02,0.000000000000000000e+00
6.626583000000096035e+02,0.000000000000000000e+00
6.627583000000097400e+02,0.000000000000000000e+00
6.628583000000096490e+02,0.000000000000000000e+00
6.629583000000096717e+02,0.000000000000000000e+00
6.630583000000096945e+02,0.000000000000000000e+00
6.631583000000096035e+02,0.000000000000000000e+00
6.632583000000097400e+02,0.000000000000000000e+00
6.633583000000096490e+02,0.000000000000000000e+00
6.634583000000097854e+02,0.000000000000000000e+00
6.635583000000096945e+02,0.000000000000000000e+00
6.636583000000096035e+02,0.000000000000000000e+00
6.637583000000097400e+02,0.000000000000000000e+00
6.638583000000096490e+02,0.000000000000000000e+00
6.639583000000097854e+02,0.000000000000000000e+00
6.640583000000096945e+02,0.000000000000000000e+00
6.641583000000096035e+02,0.000000000000000000e+00
6.642583000000097400e+02,0.000000000000000000e+00
6.643583000000096490e+02,0.000000000000000000e+00
6.644583000000097854e+02,0.000000000000000000e+00
6.645583000000096945e+02,0.000000000000000000e+00
6.646583000000096035e+02,0.000000000000000000e+00
6.647583000000097400e+02,0.000000000000000000e+00
6.648583000000096490e+02,0.000000000000000000e+00
6.649583000000097854e+02,0.000000000000000000e+00
6.650583000000096945e+02,0.000000000000000000e+00
6.651583000000096035e+02,0.000000000000000000e+00
6.652583000000097400e+02,0.000000000000000000e+00
6.653583000000096490e+02,0.000000000000000000e+00
6.654583000000097854e+02,0.000000000000000000e+00
6.655583000000096945e+02,0.000000000000000000e+00
6.656583000000097172e+02,0.000000000000000000e+00
6.657583000000097400e+02,0.000000000000000000e+00
6.658583000000096490e+02,0.000000000000000000e+00
6.659583000000097854e+02,0.000000000000000000e+00
6.660583000000096945e+02,0.000000000000000000e+00
6.661583000000097172e+02,0.000000000000000000e+00
6.662583000000097400e+02,0.000000000000000000e+00
6.663583000000096490e+02,0.000000000000000000e+00
6.664583000000097854e+02,0.000000000000000000e+00
6.665583000000096945e+02,0.000000000000000000e+00
6.666583000000098309e+02,0.000000000000000000e+00
6.667583000000097400e+02,0.000000000000000000e+00
6.668583000000096490e+02,0.000000000000000000e+00
6.669583000000097854e+02,0.000000000000000000e+00
6.670583000000096945e+02,0.000000000000000000e+00
6.671583000000098309e+02,0.000000000000000000e+00
6.672583000000097400e+02,0.000000000000000000e+00
6.673583000000096490e+02,0.000000000000000000e+00
6.674583000000097854e+02,0.000000000000000000e+00
6.675583000000096945e+02,0.000000000000000000e+00
6.676583000000098309e+02,0.000000000000000000e+00
6.677583000000097400e+02,0.000000000000000000e+00
6.678583000000096490e+02,0.000000000000000000e+00
6.679583000000097854e+02,0.000000000000000000e+00
6.680583000000096945e+02,0.000000000000000000e+00
6.681583000000098309e+02,0.000000000000000000e+00
6.682583000000097400e+02,0.000000000000000000e+00
6.683583000000096490e+02,0.000000000000000000e+00
6.684583000000097854e+02,0.000000000000000000e+00
6.685583000000096945e+02,0.000000000000000000e+00
6.686583000000098309e+02,0.000000000000000000e+00
6.687583000000097400e+02,0.000000000000000000e+00
6.688583000000097627e+02,0.000000000000000000e+00
6.689583000000097854e+02,0.000000000000000000e+00
6.690583000000096945e+02,0.000000000000000000e+00
6.691583000000098309e+02,0.000000000000000000e+00
6.692583000000097400e+02,0.000000000000000000e+00
6.693583000000097627e+02,0.000000000000000000e+00
6.694583000000097854e+02,0.000000000000000000e+00
6.695583000000096945e+02,0.000000000000000000e+00
6.696583000000098309e+02,0.000000000000000000e+00
6.697583000000097400e+02,0.000000000000000000e+00
6.698583000000098764e+02,0.000000000000000000e+00
6.699583000000097854e+02,0.000000000000000000e+00
6.700583000000096945e+02,0.000000000000000000e+00
6.701583000000098309e+02,0.000000000000000000e+00
6.702583000000097400e+02,0.000000000000000000e+00
6.703583000000098764e+02,0.000000000000000000e+00
6.704583000000097854e+02,0.000000000000000000e+00
6.705583000000096945e+02,0.000000000000000000e+00
6.706583000000098309e+02,0.000000000000000000e+00
6.707583000000097400e+02,0.000000000000000000e+00
6.708583000000098764e+02,0.000000000000000000e+00
6.709583000000097854e+02,0.000000000000000000e+00
6.710583000000096945e+02,0.000000000000000000e+00
6.711583000000098309e+02,0.000000000000000000e+00
6.712583000000097400e+02,0.000000000000000000e+00
6.713583000000098764e+02,0.000000000000000000e+00
6.714583000000097854e+02,0.000000000000000000e+00
6.715583000000096945e+02,0.000000000000000000e+00
6.716583000000098309e+02,0.000000000000000000e+00
6.717583000000097400e+02,0.000000000000000000e+00
6.718583000000098764e+02,0.000000000000000000e+00
6.719583000000097854e+02,0.000000000000000000e+00
6.720583000000098082e+02,0.000000000000000000e+00
6.721583000000098309e+02,0.000000000000000000e+00
6.722583000000097400e+02,0.000000000000000000e+00
6.723583000000098764e+02,0.000000000000000000e+00
6.724583000000097854e+02,0.000000000000000000e+00
6.725583000000098082e+02,0.000000000000000000e+00
6.726583000000098309e+02,0.000000000000000000e+00
6.727583000000097400e+02,0.000000000000000000e+00
6.728583000000098764e+02,0.000000000000000000e+00
6.729583000000097854e+02,0.000000000000000000e+00
6.730583000000099219e+02,0.000000000000000000e+00
6.731583000000098309e+02,0.000000000000000000e+00
6.732583000000097400e+02,0.000000000000000000e+00
6.733583000000098764e+02,0.000000000000000000e+00
6.734583000000097854e+02,0.000000000000000000e+00
6.735583000000099219e+02,0.000000000000000000e+00
6.736583000000098309e+02,0.000000000000000000e+00
6.737583000000097400e+02,0.000000000000000000e+00
6.738583000000098764e+02,0.000000000000000000e+00
6.739583000000097854e+02,0.000000000000000000e+00
6.740583000000099219e+02,0.000000000000000000e+00
6.741583000000098309e+02,0.000000000000000000e+00
6.742583000000097400e+02,0.000000000000000000e+00
6.743583000000098764e+02,0.000000000000000000e+00
6.744583000000097854e+02,0.000000000000000000e+00
6.745583000000099219e+02,0.000000000000000000e+00
6.746583000000098309e+02,0.000000000000000000e+00
6.747583000000097400e+02,0.000000000000000000e+00
6.748583000000098764e+02,0.000000000000000000e+00
6.749583000000097854e+02,0.000000000000000000e+00
6.750583000000099219e+02,0.000000000000000000e+00
6.751583000000098309e+02,0.000000000000000000e+00
6.752583000000098536e+02,0.000000000000000000e+00
6.753583000000098764e+02,0.000000000000000000e+00
6.754583000000097854e+02,0.000000000000000000e+00
6.755583000000099219e+02,0.000000000000000000e+00
6.756583000000098309e+02,0.000000000000000000e+00
6.757583000000098536e+02,0.000000000000000000e+00
6.758583000000098764e+02,0.000000000000000000e+00
6.759583000000097854e+02,0.000000000000000000e+00
6.760583000000099219e+02,0.000000000000000000e+00
6.761583000000098309e+02,0.000000000000000000e+00
6.762583000000099673e+02,0.000000000000000000e+00
6.763583000000098764e+02,0.000000000000000000e+00
6.764583000000097854e+02,0.000000000000000000e+00
6.765583000000099219e+02,0.000000000000000000e+00
6.766583000000098309e+02,0.000000000000000000e+00
6.767583000000099673e+02,0.000000000000000000e+00
6.768583000000098764e+02,0.000000000000000000e+00
6.769583000000097854e+02,0.000000000000000000e+00
6.770583000000099219e+02,0.000000000000000000e+00
6.771583000000098309e+02,0.000000000000000000e+00
6.772583000000099673e+02,0.000000000000000000e+00
6.773583000000098764e+02,0.000000000000000000e+00
6.774583000000097854e+02,0.000000000000000000e+00
6.775583000000099219e+02,0.000000000000000000e+00
6.776583000000098309e+02,0.000000000000000000e+00
6.777583000000099673e+02,0.000000000000000000e+00
6.778583000000098764e+02,0.000000000000000000e+00
6.779583000000097854e+02,0.000000000000000000e+00
6.780583000000099219e+02,0.000000000000000000e+00
6.781583000000098309e+02,0.000000000000000000e+00
6.782583000000099673e+02,0.000000000000000000e+00
6.783583000000098764e+02,0.000000000000000000e+00
6.784583000000098991e+02,0.000000000000000000e+00
6.785583000000099219e+02,0.000000000000000000e+00
6.786583000000098309e+02,0.000000000000000000e+00
6.787583000000099673e+02,0.000000000000000000e+00
6.788583000000098764e+02,0.000000000000000000e+00
6.789583000000098991e+02,0.000000000000000000e+00
6.790583000000099219e+02,0.000000000000000000e+00
6.791583000000098309e+02,0.000000000000000000e+00
6.792583000000099673e+02,0.000000000000000000e+00
6.793583000000098764e+02,0.000000000000000000e+00
6.794583000000100128e+02,0.000000000000000000e+00
6.795583000000099219e+02,0.000000000000000000e+00
6.796583000000098309e+02,0.000000000000000000e+00
6.797583000000099673e+02,0.000000000000000000e+00
6.798583000000098764e+02,0.000000000000000000e+00
6.799583000000100128e+02,0.000000000000000000e+00
6.800583000000099219e+02,0.000000000000000000e+00
6.801583000000098309e+02,0.000000000000000000e+00
6.802583000000099673e+02,0.000000000000000000e+00
6.803583000000098764e+02,0.000000000000000000e+00
6.804583000000100128e+02,0.000000000000000000e+00
6.805583000000099219e+02,0.000000000000000000e+00
6.806583000000098309e+02,0.000000000000000000e+00
6.807583000000099673e+02,0.000000000000000000e+00
6.808583000000098764e+02,0.000000000000000000e+00
6.809583000000100128e+02,0.000000000000000000e+00
6.810583000000099219e+02,0.000000000000000000e+00
6.811583000000098309e+02,0.000000000000000000e+00
6.812583000000099673e+02,0.000000000000000000e+00
6.813583000000098764e+02,0.000000000000000000e+00
6.814583000000100128e+02,0.000000000000000000e+00
6.815583000000099219e+02,0.000000000000000000e+00
6.816583000000099446e+02,0.000000000000000000e+00
6.817583000000099673e+02,0.000000000000000000e+00
6.818583000000098764e+02,0.000000000000000000e+00
6.819583000000100128e+02,0.000000000000000000e+00
6.820583000000099219e+02,0.000000000000000000e+00
6.821583000000099446e+02,0.000000000000000000e+00
6.822583000000099673e+02,0.000000000000000000e+00
6.823583000000098764e+02,0.000000000000000000e+00
6.824583000000100128e+02,0.000000000000000000e+00
6.825583000000099219e+02,0.000000000000000000e+00
6.826583000000100583e+02,0.000000000000000000e+00
6.827583000000099673e+02,0.000000000000000000e+00
6.828583000000098764e+02,0.000000000000000000e+00
6.829583000000100128e+02,0.000000000000000000e+00
6.830583000000099219e+02,0.000000000000000000e+00
6.831583000000100583e+02,0.000000000000000000e+00
6.832583000000099673e+02,0.000000000000000000e+00
6.833583000000098764e+02,0.000000000000000000e+00
6.834583000000100128e+02,0.000000000000000000e+00
6.835583000000099219e+02,0.000000000000000000e+00
6.836583000000100583e+02,0.000000000000000000e+00
6.837583000000099673e+02,0.000000000000000000e+00
6.838583000000098764e+02,0.000000000000000000e+00
6.839583000000100128e+02,0.000000000000000000e+00
6.840583000000099219e+02,0.000000000000000000e+00
6.841583000000100583e+02,0.000000000000000000e+00
6.842583000000099673e+02,0.000000000000000000e+00
6.843583000000098764e+02,0.000000000000000000e+00
6.844583000000100128e+02,0.000000000000000000e+00
6.845583000000099219e+02,0.000000000000000000e+00
6.846583000000100583e+02,0.000000000000000000e+00
6.847583000000099673e+02,0.000000000000000000e+00
6.848583000000099901e+02,0.000000000000000000e+00
6.849583000000100128e+02,0.000000000000000000e+00
6.850583000000099219e+02,0.000000000000000000e+00
6.851583000000100583e+02,0.000000000000000000e+00
6.852583000000099673e+02,0.000000000000000000e+00
6.853583000000099901e+02,0.000000000000000000e+00
6.854583000000100128e+02,0.000000000000000000e+00
6.855583000000099219e+02,0.000000000000000000e+00
6.856583000000100583e+02,0.000000000000000000e+00
6.857583000000099673e+02,0.000000000000000000e+00
6.858583000000101038e+02,0.000000000000000000e+00
6.859583000000100128e+02,0.000000000000000000e+00
6.860583000000099219e+02,0.000000000000000000e+00
6.861583000000100583e+02,0.000000000000000000e+00
6.862583000000099673e+02,0.000000000000000000e+00
6.863583000000101038e+02,0.000000000000000000e+00
6.864583000000100128e+02,0.000000000000000000e+00
6.865583000000099219e+02,0.000000000000000000e+00
6.866583000000100583e+02,0.000000000000000000e+00
6.867583000000099673e+02,0.000000000000000000e+00
6.868583000000101038e+02,0.000000000000000000e+00
6.869583000000100128e+02,0.000000000000000000e+00
6.870583000000099219e+02,0.000000000000000000e+00
6.871583000000100583e+02,0.000000000000000000e+00
6.872583000000099673e+02,0.000000000000000000e+00
6.873583000000101038e+02,0.000000000000000000e+00
6.874583000000100128e+02,0.000000000000000000e+00
6.875583000000099219e+02,0.000000000000000000e+00
6.876583000000100583e+02,0.000000000000000000e+00
6.877583000000099673e+02,0.000000000000000000e+00
6.878583000000101038e+02,0.000000000000000000e+00
6.879583000000100128e+02,0.000000000000000000e+00
6.880583000000100355e+02,0.000000000000000000e+00
6.881583000000100583e+02,0.000000000000000000e+00
6.882583000000099673e+02,0.000000000000000000e+00
6.883583000000101038e+02,0.000000000000000000e+00
6.884583000000100128e+02,0.000000000000000000e+00
6.885583000000100355e+02,0.000000000000000000e+00
6.886583000000100583e+02,0.000000000000000000e+00
6.887583000000099673e+02,0.000000000000000000e+00
6.888583000000101038e+02,0.000000000000000000e+00
6.889583000000100128e+02,0.000000000000000000e+00
6.890583000000101492e+02,0.000000000000000000e+00
6.891583000000100583e+02,0.000000000000000000e+00
6.892583000000099673e+02,0.000000000000000000e+00
6.893583000000101038e+02,0.000000000000000000e+00
6.894583000000100128e+02,0.000000000000000000e+00
6.895583000000101492e+02,1.024590163934193179e-02
6.896583000000100583e+02,0.000000000000000000e+00
6.897583000000099673e+02,0.000000000000000000e+00
6.898583000000101038e+02,0.000000000000000000e+00
6.899583000000100128e+02,0.000000000000000000e+00
6.900583000000101492e+02,0.000000000000000000e+00
6.901583000000100583e+02,0.000000000000000000e+00
6.902583000000099673e+02,0.000000000000000000e+00
6.903583000000101038e+02,0.000000000000000000e+00
6.904583000000100128e+02,0.000000000000000000e+00
6.905583000000101492e+02,0.000000000000000000e+00
6.906583000000100583e+02,0.000000000000000000e+00
6.907583000000099673e+02,0.000000000000000000e+00
6.908583000000101038e+02,0.000000000000000000e+00
6.909583000000100128e+02,0.000000000000000000e+00
6.910583000000101492e+02,0.000000000000000000e+00
6.911583000000100583e+02,0.000000000000000000e+00
6.912583000000100810e+02,0.000000000000000000e+00
6.913583000000101038e+02,0.000000000000000000e+00
6.914583000000100128e+02,0.000000000000000000e+00
6.915583000000101492e+02,0.000000000000000000e+00
6.916583000000100583e+02,0.000000000000000000e+00
6.917583000000100810e+02,0.000000000000000000e+00
6.918583000000101038e+02,0.000000000000000000e+00
6.919583000000100128e+02,0.000000000000000000e+00
6.920583000000101492e+02,0.000000000000000000e+00
6.921583000000100583e+02,0.000000000000000000e+00
6.922583000000101947e+02,0.000000000000000000e+00
6.923583000000101038e+02,0.000000000000000000e+00
6.924583000000100128e+02,0.000000000000000000e+00
6.925583000000101492e+02,0.000000000000000000e+00
6.926583000000100583e+02,0.000000000000000000e+00
6.927583000000101947e+02,0.000000000000000000e+00
6.928583000000101038e+02,0.000000000000000000e+00
6.929583000000100128e+02,0.000000000000000000e+00
6.930583000000101492e+02,0.000000000000000000e+00
6.931583000000100583e+02,0.000000000000000000e+00
6.932583000000101947e+02,0.000000000000000000e+00
6.933583000000101038e+02,0.000000000000000000e+00
6.934583000000100128e+02,0.000000000000000000e+00
6.935583000000101492e+02,0.000000000000000000e+00
6.936583000000100583e+02,0.000000000000000000e+00
6.937583000000101947e+02,0.000000000000000000e+00
6.938583000000101038e+02,0.000000000000000000e+00
6.939583000000100128e+02,0.000000000000000000e+00
6.940583000000101492e+02,0.000000000000000000e+00
6.941583000000100583e+02,0.000000000000000000e+00
6.942583000000101947e+02,0.000000000000000000e+00
6.943583000000101038e+02,0.000000000000000000e+00
6.944583000000101265e+02,0.000000000000000000e+00
6.945583000000101492e+02,0.000000000000000000e+00
6.946583000000100583e+02,0.000000000000000000e+00
6.947583000000101947e+02,0.000000000000000000e+00
6.948583000000101038e+02,0.000000000000000000e+00
6.949583000000101265e+02,0.000000000000000000e+00
6.950583000000101492e+02,0.000000000000000000e+00
6.951583000000100583e+02,0.000000000000000000e+00
6.952583000000101947e+02,0.000000000000000000e+00
6.953583000000101038e+02,0.000000000000000000e+00
6.954583000000102402e+02,0.000000000000000000e+00
6.955583000000101492e+02,0.000000000000000000e+00
6.956583000000100583e+02,0.000000000000000000e+00
6.957583000000101947e+02,0.000000000000000000e+00
6.958583000000101038e+02,0.000000000000000000e+00
6.959583000000102402e+02,0.000000000000000000e+00
6.960583000000101492e+02,0.000000000000000000e+00
6.961583000000100583e+02,0.000000000000000000e+00
6.962583000000101947e+02,0.000000000000000000e+00
6.963583000000101038e+02,0.000000000000000000e+00
6.964583000000102402e+02,0.000000000000000000e+00
6.965583000000101492e+02,0.000000000000000000e+00
6.966583000000100583e+02,0.000000000000000000e+00
6.967583000000101947e+02,0.000000000000000000e+00
6.968583000000101038e+02,0.000000000000000000e+00
6.969583000000102402e+02,0.000000000000000000e+00
6.970583000000101492e+02,0.000000000000000000e+00
6.971583000000100583e+02,0.000000000000000000e+00
6.972583000000101947e+02,0.000000000000000000e+00
6.973583000000101038e+02,0.000000000000000000e+00
6.974583000000102402e+02,0.000000000000000000e+00
6.975583000000101492e+02,0.000000000000000000e+00
6.976583000000101720e+02,0.000000000000000000e+00
6.977583000000101947e+02,0.000000000000000000e+00
6.978583000000101038e+02,0.000000000000000000e+00
6.979583000000102402e+02,0.000000000000000000e+00
6.980583000000101492e+02,0.000000000000000000e+00
6.981583000000101720e+02,0.000000000000000000e+00
6.982583000000101947e+02,0.000000000000000000e+00
6.983583000000101038e+02,0.000000000000000000e+00
6.984583000000102402e+02,0.000000000000000000e+00
6.985583000000101492e+02,0.000000000000000000e+00
6.986583000000102857e+02,0.000000000000000000e+00
6.987583000000101947e+02,0.000000000000000000e+00
6.988583000000101038e+02,0.000000000000000000e+00
6.989583000000102402e+02,0.000000000000000000e+00
6.990583000000101492e+02,0.000000000000000000e+00
6.991583000000102857e+02,0.000000000000000000e+00
6.992583000000101947e+02,0.000000000000000000e+00
6.993583000000101038e+02,0.000000000000000000e+00
6.994583000000102402e+02,0.000000000000000000e+00
6.995583000000101492e+02,0.000000000000000000e+00
6.996583000000102857e+02,0.000000000000000000e+00
6.997583000000101947e+02,0.000000000000000000e+00
6.998583000000101038e+02,0.000000000000000000e+00
6.999583000000102402e+02,0.000000000000000000e+00
7.000583000000101492e+02,0.000000000000000000e+00
7.001583000000102857e+02,0.000000000000000000e+00
7.002583000000101947e+02,0.000000000000000000e+00
7.003583000000101038e+02,0.000000000000000000e+00
7.004583000000102402e+02,0.000000000000000000e+00
7.005583000000101492e+02,0.000000000000000000e+00
7.006583000000102857e+02,0.000000000000000000e+00
7.007583000000101947e+02,0.000000000000000000e+00
7.008583000000102174e+02,0.000000000000000000e+00
7.009583000000102402e+02,0.000000000000000000e+00
7.010583000000101492e+02,0.000000000000000000e+00
7.011583000000102857e+02,0.000000000000000000e+00
7.012583000000101947e+02,0.000000000000000000e+00
7.013583000000102174e+02,0.000000000000000000e+00
7.014583000000102402e+02,0.000000000000000000e+00
7.015583000000101492e+02,0.000000000000000000e+00
7.016583000000102857e+02,0.000000000000000000e+00
7.017583000000101947e+02,0.000000000000000000e+00
7.018583000000103311e+02,0.000000000000000000e+00
7.019583000000102402e+02,0.000000000000000000e+00
7.020583000000101492e+02,0.000000000000000000e+00
7.021583000000102857e+02,0.000000000000000000e+00
7.022583000000101947e+02,0.000000000000000000e+00
7.023583000000103311e+02,0.000000000000000000e+00
7.024583000000102402e+02,0.000000000000000000e+00
7.025583000000101492e+02,0.000000000000000000e+00
7.026583000000102857e+02,0.000000000000000000e+00
7.027583000000101947e+02,0.000000000000000000e+00
7.028583000000103311e+02,0.000000000000000000e+00
7.029583000000102402e+02,0.000000000000000000e+00
7.030583000000101492e+02,0.000000000000000000e+00
7.031583000000102857e+02,0.000000000000000000e+00
7.032583000000101947e+02,0.000000000000000000e+00
7.033583000000103311e+02,0.000000000000000000e+00
7.034583000000102402e+02,0.000000000000000000e+00
7.035583000000101492e+02,0.000000000000000000e+00
7.036583000000102857e+02,0.000000000000000000e+00
7.037583000000101947e+02,0.000000000000000000e+00
7.038583000000103311e+02,0.000000000000000000e+00
7.039583000000102402e+02,0.000000000000000000e+00
7.040583000000102629e+02,0.000000000000000000e+00
7.041583000000102857e+02,0.000000000000000000e+00
7.042583000000101947e+02,0.000000000000000000e+00
7.043583000000103311e+02,0.000000000000000000e+00
7.044583000000102402e+02,0.000000000000000000e+00
7.045583000000102629e+02,0.000000000000000000e+00
7.046583000000102857e+02,0.000000000000000000e+00
7.047583000000101947e+02,0.000000000000000000e+00
7.048583000000103311e+02,0.000000000000000000e+00
7.049583000000102402e+02,0.000000000000000000e+00
7.050583000000103766e+02,0.000000000000000000e+00
7.051583000000102857e+02,0.000000000000000000e+00
7.052583000000101947e+02,0.000000000000000000e+00
7.053583000000103311e+02,0.000000000000000000e+00
7.054583000000102402e+02,0.000000000000000000e+00
7.055583000000103766e+02,0.000000000000000000e+00
7.056583000000102857e+02,0.000000000000000000e+00
7.057583000000101947e+02,0.000000000000000000e+00
7.058583000000103311e+02,0.000000000000000000e+00
7.059583000000102402e+02,0.000000000000000000e+00
7.060583000000103766e+02,0.000000000000000000e+00
7.061583000000102857e+02,0.000000000000000000e+00
7.062583000000101947e+02,0.000000000000000000e+00
7.063583000000103311e+02,0.000000000000000000e+00
7.064583000000102402e+02,0.000000000000000000e+00
7.065583000000103766e+02,0.000000000000000000e+00
7.066583000000102857e+02,0.000000000000000000e+00
7.067583000000101947e+02,0.000000000000000000e+00
7.068583000000103311e+02,0.000000000000000000e+00
7.069583000000102402e+02,0.000000000000000000e+00
7.070583000000103766e+02,0.000000000000000000e+00
7.071583000000102857e+02,0.000000000000000000e+00
7.072583000000103084e+02,0.000000000000000000e+00
7.073583000000103311e+02,0.000000000000000000e+00
7.074583000000102402e+02,0.000000000000000000e+00
7.075583000000103766e+02,0.000000000000000000e+00
7.076583000000102857e+02,0.000000000000000000e+00
7.077583000000103084e+02,0.000000000000000000e+00
7.078583000000103311e+02,0.000000000000000000e+00
7.079583000000102402e+02,0.000000000000000000e+00
7.080583000000103766e+02,0.000000000000000000e+00
7.081583000000102857e+02,0.000000000000000000e+00
7.082583000000104221e+02,0.000000000000000000e+00
7.083583000000103311e+02,0.000000000000000000e+00
7.084583000000102402e+02,0.000000000000000000e+00
7.085583000000103766e+02,0.000000000000000000e+00
7.086583000000102857e+02,0.000000000000000000e+00
7.087583000000104221e+02,0.000000000000000000e+00
7.088583000000103311e+02,0.000000000000000000e+00
7.089583000000102402e+02,0.000000000000000000e+00
7.090583000000103766e+02,0.000000000000000000e+00
7.091583000000102857e+02,0.000000000000000000e+00
7.092583000000104221e+02,0.000000000000000000e+00
7.093583000000103311e+02,0.000000000000000000e+00
7.094583000000102402e+02,0.000000000000000000e+00
7.095583000000103766e+02,0.000000000000000000e+00
7.096583000000102857e+02,0.000000000000000000e+00
7.097583000000104221e+02,0.000000000000000000e+00
7.098583000000103311e+02,0.000000000000000000e+00
7.099583000000102402e+02,0.000000000000000000e+00
7.100583000000103766e+02,0.000000000000000000e+00
7.101583000000102857e+02,0.000000000000000000e+00
7.102583000000104221e+02,0.000000000000000000e+00
7.103583000000103311e+02,0.000000000000000000e+00
7.104583000000103539e+02,0.000000000000000000e+00
7.105583000000103766e+02,0.000000000000000000e+00
7.106583000000102857e+02,0.000000000000000000e+00
7.107583000000104221e+02,0.000000000000000000e+00
7.108583000000103311e+02,0.000000000000000000e+00
7.109583000000103539e+02,0.000000000000000000e+00
7.110583000000103766e+02,0.000000000000000000e+00
7.111583000000102857e+02,0.000000000000000000e+00
7.112583000000104221e+02,0.000000000000000000e+00
7.113583000000103311e+02,0.000000000000000000e+00
7.114583000000104676e+02,0.000000000000000000e+00
7.115583000000103766e+02,0.000000000000000000e+00
7.116583000000102857e+02,0.000000000000000000e+00
7.117583000000104221e+02,0.000000000000000000e+00
7.118583000000103311e+02,0.000000000000000000e+00
7.119583000000104676e+02,0.000000000000000000e+00
7.120583000000103766e+02,0.000000000000000000e+00
7.121583000000102857e+02,0.000000000000000000e+00
7.122583000000104221e+02,0.000000000000000000e+00
7.123583000000103311e+02,0.000000000000000000e+00
7.124583000000104676e+02,0.000000000000000000e+00
7.125583000000103766e+02,0.000000000000000000e+00
7.126583000000102857e+02,0.000000000000000000e+00
7.127583000000104221e+02,0.000000000000000000e+00
7.128583000000103311e+02,0.000000000000000000e+00
7.129583000000104676e+02,0.000000000000000000e+00
7.130583000000103766e+02,0.000000000000000000e+00
7.131583000000102857e+02,0.000000000000000000e+00
7.132583000000104221e+02,0.000000000000000000e+00
7.133583000000103311e+02,0.000000000000000000e+00
7.134583000000104676e+02,0.000000000000000000e+00
7.135583000000103766e+02,0.000000000000000000e+00
7.136583000000103993e+02,0.000000000000000000e+00
7.137583000000104221e+02,0.000000000000000000e+00
7.138583000000103311e+02,0.000000000000000000e+00
7.139583000000104676e+02,0.000000000000000000e+00
7.140583000000103766e+02,0.000000000000000000e+00
7.141583000000103993e+02,0.000000000000000000e+00
7.142583000000104221e+02,0.000000000000000000e+00
7.143583000000103311e+02,0.000000000000000000e+00
7.144583000000104676e+02,0.000000000000000000e+00
7.145583000000103766e+02,0.000000000000000000e+00
7.146583000000105130e+02,0.000000000000000000e+00
7.147583000000104221e+02,0.000000000000000000e+00
7.148583000000103311e+02,0.000000000000000000e+00
7.149583000000104676e+02,0.000000000000000000e+00
7.150583000000103766e+02,0.000000000000000000e+00
7.151583000000105130e+02,0.000000000000000000e+00
7.152583000000104221e+02,0.000000000000000000e+00
7.153583000000103311e+02,0.000000000000000000e+00
7.154583000000104676e+02,0.000000000000000000e+00
7.155583000000103766e+02,0.000000000000000000e+00
7.156583000000105130e+02,0.000000000000000000e+00
7.157583000000104221e+02,0.000000000000000000e+00
7.158583000000103311e+02,0.000000000000000000e+00
7.159583000000104676e+02,0.000000000000000000e+00
7.160583000000103766e+02,0.000000000000000000e+00
7.161583000000105130e+02,0.000000000000000000e+00
7.162583000000104221e+02,0.000000000000000000e+00
7.163583000000103311e+02,0.000000000000000000e+00
7.164583000000104676e+02,0.000000000000000000e+00
7.165583000000103766e+02,0.000000000000000000e+00
7.166583000000105130e+02,0.000000000000000000e+00
7.167583000000104221e+02,0.000000000000000000e+00
7.168583000000104448e+02,0.000000000000000000e+00
7.169583000000104676e+02,0.000000000000000000e+00
7.170583000000103766e+02,0.000000000000000000e+00
7.171583000000105130e+02,0.000000000000000000e+00
7.172583000000104221e+02,0.000000000000000000e+00
7.173583000000104448e+02,0.000000000000000000e+00
7.174583000000104676e+02,0.000000000000000000e+00
7.175583000000103766e+02,0.000000000000000000e+00
7.176583000000105130e+02,0.000000000000000000e+00
7.177583000000104221e+02,0.000000000000000000e+00
7.178583000000105585e+02,0.000000000000000000e+00
7.179583000000104676e+02,0.000000000000000000e+00
7.180583000000103766e+02,0.000000000000000000e+00
7.181583000000105130e+02,0.000000000000000000e+00
7.182583000000104221e+02,0.000000000000000000e+00
7.183583000000105585e+02,0.000000000000000000e+00
7.184583000000104676e+02,0.000000000000000000e+00
7.185583000000103766e+02,0.000000000000000000e+00
7.186583000000105130e+02,0.000000000000000000e+00
7.187583000000104221e+02,0.000000000000000000e+00
7.188583000000105585e+02,0.000000000000000000e+00
7.189583000000104676e+02,0.000000000000000000e+00
7.190583000000103766e+02,0.000000000000000000e+00
7.191583000000105130e+02,0.000000000000000000e+00
7.192583000000104221e+02,0.000000000000000000e+00
7.193583000000105585e+02,0.000000000000000000e+00
7.194583000000104676e+02,0.000000000000000000e+00
7.195583000000103766e+02,0.000000000000000000e+00
7.196583000000105130e+02,0.000000000000000000e+00
7.197583000000104221e+02,0.000000000000000000e+00
7.198583000000105585e+02,0.000000000000000000e+00
7.199583000000104676e+02,0.000000000000000000e+00
7.200583000000104903e+02,0.000000000000000000e+00
7.201583000000105130e+02,0.000000000000000000e+00
7.202583000000104221e+02,0.000000000000000000e+00
7.203583000000105585e+02,0.000000000000000000e+00
7.204583000000104676e+02,0.000000000000000000e+00
7.205583000000104903e+02,0.000000000000000000e+00
7.206583000000105130e+02,0.000000000000000000e+00
7.207583000000104221e+02,0.000000000000000000e+00
7.208583000000105585e+02,0.000000000000000000e+00
7.209583000000104676e+02,0.000000000000000000e+00
7.210583000000106040e+02,0.000000000000000000e+00
7.211583000000105130e+02,0.000000000000000000e+00
7.212583000000104221e+02,0.000000000000000000e+00
7.213583000000105585e+02,0.000000000000000000e+00
7.214583000000104676e+02,0.000000000000000000e+00
7.215583000000106040e+02,0.000000000000000000e+00
7.216583000000105130e+02,0.000000000000000000e+00
7.217583000000104221e+02,0.000000000000000000e+00
7.218583000000105585e+02,0.000000000000000000e+00
7.219583000000104676e+02,0.000000000000000000e+00
7.220583000000106040e+02,0.000000000000000000e+00
7.221583000000105130e+02,0.000000000000000000e+00
7.222583000000104221e+02,0.000000000000000000e+00
7.223583000000105585e+02,0.000000000000000000e+00
7.224583000000104676e+02,0.000000000000000000e+00
7.225583000000106040e+02,0.000000000000000000e+00
7.226583000000105130e+02,0.000000000000000000e+00
7.227583000000104221e+02,0.000000000000000000e+00
7.228583000000105585e+02,0.000000000000000000e+00
7.229583000000104676e+02,0.000000000000000000e+00
7.230583000000106040e+02,0.000000000000000000e+00
7.231583000000105130e+02,0.000000000000000000e+00
7.232583000000105358e+02,0.000000000000000000e+00
7.233583000000105585e+02,0.000000000000000000e+00
7.234583000000104676e+02,0.000000000000000000e+00
7.235583000000106040e+02,0.000000000000000000e+00
7.236583000000105130e+02,0.000000000000000000e+00
7.237583000000105358e+02,0.000000000000000000e+00
7.238583000000105585e+02,0.000000000000000000e+00
7.239583000000104676e+02,0.000000000000000000e+00
7.240583000000106040e+02,0.000000000000000000e+00
7.241583000000105130e+02,0.000000000000000000e+00
7.242583000000106495e+02,0.000000000000000000e+00
7.243583000000105585e+02,0.000000000000000000e+00
7.244583000000104676e+02,0.000000000000000000e+00
7.245583000000106040e+02,0.000000000000000000e+00
7.246583000000105130e+02,0.000000000000000000e+00
7.247583000000106495e+02,0.000000000000000000e+00
7.248583000000105585e+02,0.000000000000000000e+00
7.249583000000104676e+02,0.000000000000000000e+00
7.250583000000106040e+02,0.000000000000000000e+00
7.251583000000105130e+02,0.000000000000000000e+00
7.252583000000106495e+02,0.000000000000000000e+00
7.253583000000105585e+02,0.000000000000000000e+00
7.254583000000104676e+02,0.000000000000000000e+00
7.255583000000106040e+02,0.000000000000000000e+00
7.256583000000105130e+02,0.000000000000000000e+00
7.257583000000106495e+02,0.000000000000000000e+00
7.258583000000105585e+02,0.000000000000000000e+00
7.259583000000104676e+02,0.000000000000000000e+00
7.260583000000106040e+02,0.000000000000000000e+00
7.261583000000105130e+02,0.000000000000000000e+00
7.262583000000106495e+02,0.000000000000000000e+00
7.263583000000105585e+02,0.000000000000000000e+00
7.264583000000105812e+02,0.000000000000000000e+00
7.265583000000106040e+02,0.000000000000000000e+00
7.266583000000105130e+02,0.000000000000000000e+00
7.267583000000106495e+02,0.000000000000000000e+00
7.268583000000105585e+02,0.000000000000000000e+00
7.269583000000105812e+02,0.000000000000000000e+00
7.270583000000106040e+02,0.000000000000000000e+00
7.271583000000105130e+02,0.000000000000000000e+00
7.272583000000106495e+02,0.000000000000000000e+00
7.273583000000105585e+02,0.000000000000000000e+00
7.274583000000106949e+02,0.000000000000000000e+00
7.275583000000106040e+02,0.000000000000000000e+00
7.276583000000105130e+02,0.000000000000000000e+00
7.277583000000106495e+02,0.000000000000000000e+00
7.278583000000105585e+02,0.000000000000000000e+00
7.279583000000106949e+02,0.000000000000000000e+00
7.280583000000106040e+02,0.000000000000000000e+00
7.281583000000105130e+02,0.000000000000000000e+00
7.282583000000106495e+02,0.000000000000000000e+00
7.283583000000105585e+02,0.000000000000000000e+00
7.284583000000106949e+02,0.000000000000000000e+00
7.285583000000106040e+02,0.000000000000000000e+00
7.286583000000105130e+02,0.000000000000000000e+00
7.287583000000106495e+02,0.000000000000000000e+00
7.288583000000105585e+02,0.000000000000000000e+00
7.289583000000106949e+02,0.000000000000000000e+00
7.290583000000106040e+02,0.000000000000000000e+00
7.291583000000105130e+02,0.000000000000000000e+00
7.292583000000106495e+02,0.000000000000000000e+00
7.293583000000105585e+02,0.000000000000000000e+00
7.294583000000106949e+02,0.000000000000000000e+00
7.295583000000106040e+02,0.000000000000000000e+00
7.296583000000106267e+02,0.000000000000000000e+00
7.297583000000106495e+02,0.000000000000000000e+00
7.298583000000105585e+02,0.000000000000000000e+00
7.299583000000106949e+02,0.000000000000000000e+00
7.300583000000106040e+02,0.000000000000000000e+00
7.301583000000106267e+02,0.000000000000000000e+00
7.302583000000106495e+02,0.000000000000000000e+00
7.303583000000105585e+02,0.000000000000000000e+00
7.304583000000106949e+02,0.000000000000000000e+00
7.305583000000106040e+02,0.000000000000000000e+00
7.306583000000107404e+02,0.000000000000000000e+00
7.307583000000106495e+02,0.000000000000000000e+00
7.308583000000105585e+02,0.000000000000000000e+00
7.309583000000106949e+02,0.000000000000000000e+00
7.310583000000106040e+02,0.000000000000000000e+00
7.311583000000107404e+02,0.000000000000000000e+00
7.312583000000106495e+02,0.000000000000000000e+00
7.313583000000105585e+02,0.000000000000000000e+00
7.314583000000106949e+02,0.000000000000000000e+00
7.315583000000106040e+02,0.000000000000000000e+00
7.316583000000107404e+02,0.000000000000000000e+00
7.317583000000106495e+02,0.000000000000000000e+00
7.318583000000105585e+02,0.000000000000000000e+00
7.319583000000106949e+02,0.000000000000000000e+00
7.320583000000106040e+02,0.000000000000000000e+00
7.321583000000107404e+02,0.000000000000000000e+00
7.322583000000106495e+02,0.000000000000000000e+00
7.323583000000105585e+02,0.000000000000000000e+00
7.324583000000106949e+02,0.000000000000000000e+00
7.325583000000106040e+02,0.000000000000000000e+00
7.326583000000107404e+02,0.000000000000000000e+00
7.327583000000106495e+02,0.000000000000000000e+00
7.328583000000106722e+02,0.000000000000000000e+00
7.329583000000106949e+02,0.000000000000000000e+00
7.330583000000106040e+02,0.000000000000000000e+00
7.331583000000107404e+02,0.000000000000000000e+00
7.332583000000106495e+02,0.000000000000000000e+00
7.333583000000106722e+02,0.000000000000000000e+00
7.334583000000106949e+02,0.000000000000000000e+00
7.335583000000106040e+02,0.000000000000000000e+00
7.336583000000107404e+02,0.000000000000000000e+00
7.337583000000106495e+02,0.000000000000000000e+00
7.338583000000107859e+02,0.000000000000000000e+00
7.339583000000106949e+02,0.000000000000000000e+00
7.340583000000106040e+02,0.000000000000000000e+00
7.341583000000107404e+02,0.000000000000000000e+00
7.342583000000106495e+02,0.000000000000000000e+00
7.343583000000107859e+02,0.000000000000000000e+00
7.344583000000106949e+02,0.000000000000000000e+00
7.345583000000106040e+02,0.000000000000000000e+00
7.346583000000107404e+02,0.000000000000000000e+00
7.347583000000106495e+02,0.000000000000000000e+00
7.348583000000107859e+02,0.000000000000000000e+00
7.349583000000106949e+02,0.000000000000000000e+00
7.350583000000106040e+02,0.000000000000000000e+00
7.351583000000107404e+02,0.000000000000000000e+00
7.352583000000106495e+02,0.000000000000000000e+00
7.353583000000107859e+02,0.000000000000000000e+00
7.354583000000106949e+02,0.000000000000000000e+00
7.355583000000106040e+02,0.000000000000000000e+00
7.356583000000107404e+02,0.000000000000000000e+00
7.357583000000106495e+02,0.000000000000000000e+00
7.358583000000107859e+02,0.000000000000000000e+00
7.359583000000106949e+02,0.000000000000000000e+00
7.360583000000107177e+02,0.000000000000000000e+00
7.361583000000107404e+02,0.000000000000000000e+00
7.362583000000106495e+02,0.000000000000000000e+00
7.363583000000107859e+02,0.000000000000000000e+00
7.364583000000106949e+02,0.000000000000000000e+00
7.365583000000107177e+02,0.000000000000000000e+00
7.366583000000107404e+02,0.000000000000000000e+00
7.367583000000106495e+02,0.000000000000000000e+00
7.368583000000107859e+02,0.000000000000000000e+00
7.369583000000106949e+02,0.000000000000000000e+00
7.370583000000108314e+02,0.000000000000000000e+00
7.371583000000107404e+02,0.000000000000000000e+00
7.372583000000106495e+02,0.000000000000000000e+00
7.373583000000107859e+02,0.000000000000000000e+00
7.374583000000106949e+02,0.000000000000000000e+00
7.375583000000108314e+02,0.000000000000000000e+00
7.376583000000107404e+02,0.000000000000000000e+00
7.377583000000106495e+02,0.000000000000000000e+00
7.378583000000107859e+02,0.000000000000000000e+00
7.379583000000106949e+02,0.000000000000000000e+00
7.380583000000108314e+02,0.000000000000000000e+00
7.381583000000107404e+02,0.000000000000000000e+00
7.382583000000106495e+02,0.000000000000000000e+00
7.383583000000107859e+02,0.000000000000000000e+00
7.384583000000106949e+02,0.000000000000000000e+00
7.385583000000108314e+02,0.000000000000000000e+00
7.386583000000107404e+02,0.000000000000000000e+00
7.387583000000106495e+02,0.000000000000000000e+00
7.388583000000107859e+02,0.000000000000000000e+00
7.389583000000106949e+02,0.000000000000000000e+00
7.390583000000108314e+02,0.000000000000000000e+00
7.391583000000107404e+02,0.000000000000000000e+00
7.392583000000107631e+02,0.000000000000000000e+00
7.393583000000107859e+02,0.000000000000000000e+00
7.394583000000106949e+02,0.000000000000000000e+00
7.395583000000108314e+02,0.000000000000000000e+00
7.396583000000107404e+02,0.000000000000000000e+00
7.397583000000107631e+02,0.000000000000000000e+00
7.398583000000107859e+02,0.000000000000000000e+00
7.399583000000106949e+02,0.000000000000000000e+00
7.400583000000108314e+02,0.000000000000000000e+00
7.401583000000107404e+02,0.000000000000000000e+00
7.402583000000108768e+02,0.000000000000000000e+00
7.403583000000107859e+02,0.000000000000000000e+00
7.404583000000106949e+02,0.000000000000000000e+00
7.405583000000108314e+02,0.000000000000000000e+00
7.406583000000107404e+02,0.000000000000000000e+00
7.407583000000108768e+02,0.000000000000000000e+00
7.408583000000107859e+02,0.000000000000000000e+00
7.409583000000106949e+02,0.000000000000000000e+00
7.410583000000108314e+02,0.000000000000000000e+00
7.411583000000107404e+02,0.000000000000000000e+00
7.412583000000108768e+02,0.000000000000000000e+00
7.413583000000107859e+02,0.000000000000000000e+00
7.414583000000106949e+02,0.000000000000000000e+00
7.415583000000108314e+02,0.000000000000000000e+00
7.416583000000107404e+02,0.000000000000000000e+00
7.417583000000108768e+02,0.000000000000000000e+00
7.418583000000107859e+02,0.000000000000000000e+00
7.419583000000106949e+02,0.000000000000000000e+00
7.420583000000108314e+02,0.000000000000000000e+00
7.421583000000107404e+02,0.000000000000000000e+00
7.422583000000108768e+02,0.000000000000000000e+00
7.423583000000107859e+02,0.000000000000000000e+00
7.424583000000108086e+02,0.000000000000000000e+00
7.425583000000108314e+02,0.000000000000000000e+00
7.426583000000107404e+02,0.000000000000000000e+00
7.427583000000108768e+02,0.000000000000000000e+00
7.428583000000107859e+02,0.000000000000000000e+00
7.429583000000108086e+02,0.000000000000000000e+00
7.430583000000108314e+02,0.000000000000000000e+00
7.431583000000107404e+02,0.000000000000000000e+00
7.432583000000108768e+02,0.000000000000000000e+00
7.433583000000107859e+02,0.000000000000000000e+00
7.434583000000109223e+02,0.000000000000000000e+00
7.435583000000108314e+02,0.000000000000000000e+00
7.436583000000107404e+02,0.000000000000000000e+00
7.437583000000108768e+02,0.000000000000000000e+00
7.438583000000107859e+02,0.000000000000000000e+00
7.439583000000109223e+02,0.000000000000000000e+00
7.440583000000108314e+02,0.000000000000000000e+00
7.441583000000107404e+02,0.000000000000000000e+00
7.442583000000108768e+02,0.000000000000000000e+00
7.443583000000107859e+02,0.000000000000000000e+00
7.444583000000109223e+02,0.000000000000000000e+00
7.445583000000108314e+02,0.000000000000000000e+00
7.446583000000107404e+02,0.000000000000000000e+00
7.447583000000108768e+02,0.000000000000000000e+00
7.448583000000107859e+02,0.000000000000000000e+00
7.449583000000109223e+02,0.000000000000000000e+00
7.450583000000108314e+02,0.000000000000000000e+00
7.451583000000107404e+02,0.000000000000000000e+00
7.452583000000108768e+02,0.000000000000000000e+00
7.453583000000107859e+02,0.000000000000000000e+00
7.454583000000109223e+02,0.000000000000000000e+00
7.455583000000108314e+02,0.000000000000000000e+00
7.456583000000108541e+02,0.000000000000000000e+00
7.457583000000108768e+02,0.000000000000000000e+00
7.458583000000107859e+02,0.000000000000000000e+00
7.459583000000109223e+02,0.000000000000000000e+00
7.460583000000108314e+02,0.000000000000000000e+00
7.461583000000108541e+02,0.000000000000000000e+00
7.462583000000108768e+02,0.000000000000000000e+00
7.463583000000107859e+02,0.000000000000000000e+00
7.464583000000109223e+02,0.000000000000000000e+00
7.465583000000108314e+02,0.000000000000000000e+00
7.466583000000109678e+02,0.000000000000000000e+00
7.467583000000108768e+02,0.000000000000000000e+00
7.468583000000107859e+02,0.000000000000000000e+00
7.469583000000109223e+02,0.000000000000000000e+00
7.470583000000108314e+02,0.000000000000000000e+00
7.471583000000109678e+02,0.000000000000000000e+00
7.472583000000108768e+02,0.000000000000000000e+00
7.473583000000107859e+02,0.000000000000000000e+00
7.474583000000109223e+02,0.000000000000000000e+00
7.475583000000108314e+02,0.000000000000000000e+00
7.476583000000109678e+02,0.000000000000000000e+00
7.477583000000108768e+02,0.000000000000000000e+00
7.478583000000107859e+02,0.000000000000000000e+00
7.479583000000109223e+02,0.000000000000000000e+00
7.480583000000108314e+02,0.000000000000000000e+00
7.481583000000109678e+02,0.000000000000000000e+00
7.482583000000108768e+02,0.000000000000000000e+00
7.483583000000107859e+02,0.000000000000000000e+00
7.484583000000109223e+02,0.000000000000000000e+00
7.485583000000108314e+02,0.000000000000000000e+00
7.486583000000109678e+02,0.000000000000000000e+00
7.487583000000108768e+02,0.000000000000000000e+00
7.488583000000108996e+02,0.000000000000000000e+00
7.489583000000109223e+02,0.000000000000000000e+00
7.490583000000108314e+02,0.000000000000000000e+00
7.491583000000109678e+02,0.000000000000000000e+00
7.492583000000108768e+02,0.000000000000000000e+00
7.493583000000108996e+02,0.000000000000000000e+00
7.494583000000109223e+02,0.000000000000000000e+00
7.495583000000108314e+02,0.000000000000000000e+00
7.496583000000109678e+02,0.000000000000000000e+00
7.497583000000108768e+02,0.000000000000000000e+00
7.498583000000110133e+02,0.000000000000000000e+00
7.499583000000109223e+02,0.000000000000000000e+00
7.500583000000108314e+02,0.000000000000000000e+00
7.501583000000109678e+02,0.000000000000000000e+00
7.502583000000108768e+02,0.000000000000000000e+00
7.503583000000110133e+02,0.000000000000000000e+00
7.504583000000109223e+02,0.000000000000000000e+00
7.505583000000108314e+02,0.000000000000000000e+00
7.506583000000109678e+02,0.000000000000000000e+00
7.507583000000108768e+02,0.000000000000000000e+00
7.508583000000110133e+02,0.000000000000000000e+00
7.509583000000109223e+02,0.000000000000000000e+00
7.510583000000108314e+02,0.000000000000000000e+00
7.511583000000109678e+02,0.000000000000000000e+00
7.512583000000108768e+02,0.000000000000000000e+00
7.513583000000110133e+02,0.000000000000000000e+00
7.514583000000109223e+02,0.000000000000000000e+00
7.515583000000108314e+02,0.000000000000000000e+00
7.516583000000109678e+02,0.000000000000000000e+00
7.517583000000108768e+02,0.000000000000000000e+00
7.518583000000110133e+02,0.000000000000000000e+00
7.519583000000109223e+02,0.000000000000000000e+00
7.520583000000109450e+02,0.000000000000000000e+00
7.521583000000109678e+02,0.000000000000000000e+00
7.522583000000108768e+02,0.000000000000000000e+00
7.523583000000110133e+02,0.000000000000000000e+00
7.524583000000109223e+02,0.000000000000000000e+00
7.525583000000109450e+02,0.000000000000000000e+00
7.526583000000109678e+02,0.000000000000000000e+00
7.527583000000108768e+02,0.000000000000000000e+00
7.528583000000110133e+02,0.000000000000000000e+00
7.529583000000109223e+02,0.000000000000000000e+00
7.530583000000110587e+02,0.000000000000000000e+00
7.531583000000109678e+02,0.000000000000000000e+00
7.532583000000108768e+02,0.000000000000000000e+00
7.533583000000110133e+02,0.000000000000000000e+00
7.534583000000109223e+02,0.000000000000000000e+00
7.535583000000110587e+02,0.000000000000000000e+00
7.536583000000109678e+02,0.000000000000000000e+00
7.537583000000108768e+02,0.000000000000000000e+00
7.538583000000110133e+02,0.000000000000000000e+00
7.539583000000109223e+02,0.000000000000000000e+00
7.540583000000110587e+02,0.000000000000000000e+00
7.541583000000109678e+02,0.000000000000000000e+00
7.542583000000108768e+02,0.000000000000000000e+00
7.543583000000110133e+02,0.000000000000000000e+00
7.544583000000109223e+02,0.000000000000000000e+00
7.545583000000110587e+02,0.000000000000000000e+00
7.546583000000109678e+02,0.000000000000000000e+00
7.547583000000108768e+02,0.000000000000000000e+00
7.548583000000110133e+02,0.000000000000000000e+00
7.549583000000109223e+02,0.000000000000000000e+00
7.550583000000110587e+02,0.000000000000000000e+00
7.551583000000109678e+02,0.000000000000000000e+00
7.552583000000109905e+02,0.000000000000000000e+00
7.553583000000110133e+02,0.000000000000000000e+00
7.554583000000109223e+02,0.000000000000000000e+00
7.555583000000110587e+02,0.000000000000000000e+00
7.556583000000109678e+02,0.000000000000000000e+00
7.557583000000109905e+02,0.000000000000000000e+00
7.558583000000110133e+02,0.000000000000000000e+00
7.559583000000109223e+02,0.000000000000000000e+00
7.560583000000110587e+02,0.000000000000000000e+00
7.561583000000109678e+02,0.000000000000000000e+00
7.562583000000111042e+02,0.000000000000000000e+00
7.563583000000110133e+02,0.000000000000000000e+00
7.564583000000109223e+02,0.000000000000000000e+00
7.565583000000110587e+02,0.000000000000000000e+00
7.566583000000109678e+02,0.000000000000000000e+00
7.567583000000111042e+02,0.000000000000000000e+00
7.568583000000110133e+02,0.000000000000000000e+00
7.569583000000109223e+02,0.000000000000000000e+00
7.570583000000110587e+02,0.000000000000000000e+00
7.571583000000109678e+02,0.000000000000000000e+00
7.572583000000111042e+02,0.000000000000000000e+00
7.573583000000110133e+02,0.000000000000000000e+00
7.574583000000109223e+02,0.000000000000000000e+00
7.575583000000110587e+02,0.000000000000000000e+00
7.576583000000109678e+02,0.000000000000000000e+00
7.577583000000111042e+02,0.000000000000000000e+00
7.578583000000110133e+02,0.000000000000000000e+00
7.579583000000109223e+02,0.000000000000000000e+00
7.580583000000110587e+02,0.000000000000000000e+00
7.581583000000109678e+02,0.000000000000000000e+00
7.582583000000111042e+02,0.000000000000000000e+00
7.583583000000110133e+02,0.000000000000000000e+00
7.584583000000110360e+02,0.000000000000000000e+00
7.585583000000110587e+02,0.000000000000000000e+00
7.586583000000109678e+02,0.000000000000000000e+00
7.587583000000111042e+02,0.000000000000000000e+00
7.588583000000110133e+02,0.000000000000000000e+00
7.589583000000110360e+02,0.000000000000000000e+00
7.590583000000110587e+02,0.000000000000000000e+00
7.591583000000109678e+02,0.000000000000000000e+00
7.592583000000111042e+02,0.000000000000000000e+00
7.593583000000110133e+02,0.000000000000000000e+00
7.594583000000111497e+02,0.000000000000000000e+00
7.595583000000110587e+02,0.000000000000000000e+00
7.596583000000109678e+02,0.000000000000000000e+00
7.597583000000111042e+02,0.000000000000000000e+00
7.598583000000110133e+02,0.000000000000000000e+00
7.599583000000111497e+02,0.000000000000000000e+00
7.600583000000110587e+02,0.000000000000000000e+00
7.601583000000109678e+02,0.000000000000000000e+00
7.602583000000111042e+02,0.000000000000000000e+00
7.603583000000110133e+02,0.000000000000000000e+00
7.604583000000111497e+02,0.000000000000000000e+00
7.605583000000110587e+02,0.000000000000000000e+00
7.606583000000109678e+02,0.000000000000000000e+00
7.607583000000111042e+02,0.000000000000000000e+00
7.608583000000110133e+02,0.000000000000000000e+00
7.609583000000111497e+02,0.000000000000000000e+00
7.610583000000110587e+02,0.000000000000000000e+00
7.611583000000109678e+02,0.000000000000000000e+00
7.612583000000111042e+02,0.000000000000000000e+00
7.613583000000110133e+02,0.000000000000000000e+00
7.614583000000111497e+02,0.000000000000000000e+00
7.615583000000110587e+02,0.000000000000000000e+00
7.616583000000110815e+02,0.000000000000000000e+00
7.617583000000111042e+02,0.000000000000000000e+00
7.618583000000110133e+02,0.000000000000000000e+00
7.619583000000111497e+02,0.000000000000000000e+00
7.620583000000110587e+02,0.000000000000000000e+00
7.621583000000110815e+02,0.000000000000000000e+00
7.622583000000111042e+02,0.000000000000000000e+00
7.623583000000110133e+02,0.000000000000000000e+00
7.624583000000111497e+02,0.000000000000000000e+00
7.625583000000110587e+02,0.000000000000000000e+00
7.626583000000111952e+02,0.000000000000000000e+00
7.627583000000111042e+02,0.000000000000000000e+00
7.628583000000110133e+02,0.000000000000000000e+00
7.629583000000111497e+02,0.000000000000000000e+00
7.630583000000110587e+02,0.000000000000000000e+00
7.631583000000111952e+02,0.000000000000000000e+00
7.632583000000111042e+02,0.000000000000000000e+00
7.633583000000110133e+02,0.000000000000000000e+00
7.634583000000111497e+02,0.000000000000000000e+00
7.635583000000110587e+02,0.000000000000000000e+00
7.636583000000111952e+02,0.000000000000000000e+00
7.637583000000111042e+02,0.000000000000000000e+00
7.638583000000110133e+02,0.000000000000000000e+00
7.639583000000111497e+02,0.000000000000000000e+00
7.640583000000110587e+02,0.000000000000000000e+00
7.641583000000111952e+02,0.000000000000000000e+00
7.642583000000111042e+02,0.000000000000000000e+00
7.643583000000110133e+02,0.000000000000000000e+00
7.644583000000111497e+02,0.000000000000000000e+00
7.645583000000110587e+02,0.000000000000000000e+00
7.646583000000111952e+02,0.000000000000000000e+00
7.647583000000111042e+02,0.000000000000000000e+00
7.648583000000111269e+02,0.000000000000000000e+00
7.649583000000111497e+02,0.000000000000000000e+00
7.650583000000110587e+02,0.000000000000000000e+00
7.651583000000111952e+02,0.000000000000000000e+00
7.652583000000111042e+02,0.000000000000000000e+00
7.653583000000111269e+02,0.000000000000000000e+00
7.654583000000111497e+02,0.000000000000000000e+00
7.655583000000110587e+02,0.000000000000000000e+00
7.656583000000111952e+02,0.000000000000000000e+00
7.657583000000111042e+02,0.000000000000000000e+00
7.658583000000112406e+02,0.000000000000000000e+00
7.659583000000111497e+02,0.000000000000000000e+00
7.660583000000110587e+02,0.000000000000000000e+00
7.661583000000111952e+02,0.000000000000000000e+00
7.662583000000111042e+02,0.000000000000000000e+00
7.663583000000112406e+02,0.000000000000000000e+00
7.664583000000111497e+02,0.000000000000000000e+00
7.665583000000110587e+02,0.000000000000000000e+00
7.666583000000111952e+02,0.000000000000000000e+00
7.667583000000111042e+02,0.000000000000000000e+00
7.668583000000112406e+02,0.000000000000000000e+00
7.669583000000111497e+02,0.000000000000000000e+00
7.670583000000110587e+02,0.000000000000000000e+00
7.671583000000111952e+02,0.000000000000000000e+00
7.672583000000111042e+02,0.000000000000000000e+00
7.673583000000112406e+02,0.000000000000000000e+00
7.674583000000111497e+02,0.000000000000000000e+00
7.675583000000110587e+02,0.000000000000000000e+00
7.676583000000111952e+02,0.000000000000000000e+00
7.677583000000111042e+02,0.000000000000000000e+00
7.678583000000112406e+02,0.000000000000000000e+00
7.679583000000111497e+02,0.000000000000000000e+00
7.680583000000111724e+02,0.000000000000000000e+00
7.681583000000111952e+02,0.000000000000000000e+00
7.682583000000111042e+02,0.000000000000000000e+00
7.683583000000112406e+02,0.000000000000000000e+00
7.684583000000111497e+02,0.000000000000000000e+00
7.685583000000111724e+02,0.000000000000000000e+00
7.686583000000111952e+02,0.000000000000000000e+00
7.687583000000111042e+02,0.000000000000000000e+00
7.688583000000112406e+02,0.000000000000000000e+00
7.689583000000111497e+02,0.000000000000000000e+00
7.690583000000112861e+02,0.000000000000000000e+00
7.691583000000111952e+02,0.000000000000000000e+00
7.692583000000111042e+02,0.000000000000000000e+00
7.693583000000112406e+02,0.000000000000000000e+00
7.694583000000111497e+02,0.000000000000000000e+00
7.695583000000112861e+02,0.000000000000000000e+00
7.696583000000111952e+02,0.000000000000000000e+00
7.697583000000111042e+02,0.000000000000000000e+00
7.698583000000112406e+02,0.000000000000000000e+00
7.699583000000111497e+02,0.000000000000000000e+00
7.700583000000112861e+02,0.000000000000000000e+00
7.701583000000111952e+02,0.000000000000000000e+00
7.702583000000111042e+02,0.000000000000000000e+00
7.703583000000112406e+02,0.000000000000000000e+00
7.704583000000111497e+02,0.000000000000000000e+00
7.705583000000112861e+02,0.000000000000000000e+00
7.706583000000111952e+02,0.000000000000000000e+00
7.707583000000111042e+02,0.000000000000000000e+00
7.708583000000112406e+02,0.000000000000000000e+00
7.709583000000111497e+02,0.000000000000000000e+00
7.710583000000112861e+02,0.000000000000000000e+00
7.711583000000111952e+02,0.000000000000000000e+00
7.712583000000112179e+02,0.000000000000000000e+00
7.713583000000112406e+02,0.000000000000000000e+00
7.714583000000111497e+02,0.000000000000000000e+00
7.715583000000112861e+02,0.000000000000000000e+00
7.716583000000111952e+02,0.000000000000000000e+00
7.717583000000112179e+02,0.000000000000000000e+00
7.718583000000112406e+02,0.000000000000000000e+00
7.719583000000111497e+02,0.000000000000000000e+00
7.720583000000112861e+02,0.000000000000000000e+00
7.721583000000111952e+02,0.000000000000000000e+00
7.722583000000113316e+02,0.000000000000000000e+00
7.723583000000112406e+02,0.000000000000000000e+00
7.724583000000111497e+02,0.000000000000000000e+00
7.725583000000112861e+02,0.000000000000000000e+00
7.726583000000111952e+02,0.000000000000000000e+00
7.727583000000113316e+02,0.000000000000000000e+00
7.728583000000112406e+02,0.000000000000000000e+00
7.729583000000111497e+02,0.000000000000000000e+00
7.730583000000112861e+02,0.000000000000000000e+00
7.731583000000111952e+02,0.000000000000000000e+00
7.732583000000113316e+02,0.000000000000000000e+00
7.733583000000112406e+02,0.000000000000000000e+00
7.734583000000111497e+02,0.000000000000000000e+00
7.735583000000112861e+02,0.000000000000000000e+00
7.736583000000111952e+02,0.000000000000000000e+00
7.737583000000113316e+02,0.000000000000000000e+00
7.738583000000112406e+02,0.000000000000000000e+00
7.739583000000111497e+02,0.000000000000000000e+00
7.740583000000112861e+02,0.000000000000000000e+00
7.741583000000111952e+02,0.000000000000000000e+00
7.742583000000113316e+02,0.000000000000000000e+00
7.743583000000112406e+02,0.000000000000000000e+00
7.744583000000112634e+02,0.000000000000000000e+00
7.745583000000112861e+02,0.000000000000000000e+00
7.746583000000111952e+02,0.000000000000000000e+00
7.747583000000113316e+02,0.000000000000000000e+00
7.748583000000112406e+02,0.000000000000000000e+00
7.749583000000112634e+02,0.000000000000000000e+00
7.750583000000112861e+02,0.000000000000000000e+00
7.751583000000111952e+02,0.000000000000000000e+00
7.752583000000113316e+02,0.000000000000000000e+00
7.753583000000112406e+02,0.000000000000000000e+00
7.754583000000113771e+02,0.000000000000000000e+00
7.755583000000112861e+02,0.000000000000000000e+00
7.756583000000111952e+02,0.000000000000000000e+00
7.757583000000113316e+02,0.000000000000000000e+00
7.758583000000112406e+02,0.000000000000000000e+00
7.759583000000113771e+02,0.000000000000000000e+00
7.760583000000112861e+02,0.000000000000000000e+00
7.761583000000111952e+02,0.000000000000000000e+00
7.762583000000113316e+02,0.000000000000000000e+00
7.763583000000112406e+02,0.000000000000000000e+00
7.764583000000113771e+02,0.000000000000000000e+00
7.765583000000112861e+02,0.000000000000000000e+00
7.766583000000111952e+02,0.000000000000000000e+00
7.767583000000113316e+02,0.000000000000000000e+00
7.768583000000112406e+02,0.000000000000000000e+00
7.769583000000113771e+02,0.000000000000000000e+00
7.770583000000112861e+02,0.000000000000000000e+00
7.771583000000111952e+02,0.000000000000000000e+00
7.772583000000113316e+02,0.000000000000000000e+00
7.773583000000112406e+02,0.000000000000000000e+00
7.774583000000113771e+02,0.000000000000000000e+00
7.775583000000112861e+02,0.000000000000000000e+00
7.776583000000113088e+02,0.000000000000000000e+00
7.777583000000113316e+02,0.000000000000000000e+00
7.778583000000112406e+02,0.000000000000000000e+00
7.779583000000113771e+02,0.000000000000000000e+00
7.780583000000112861e+02,0.000000000000000000e+00
7.781583000000113088e+02,0.000000000000000000e+00
7.782583000000113316e+02,0.000000000000000000e+00
7.783583000000112406e+02,0.000000000000000000e+00
7.784583000000113771e+02,0.000000000000000000e+00
7.785583000000112861e+02,0.000000000000000000e+00
7.786583000000114225e+02,0.000000000000000000e+00
7.787583000000113316e+02,0.000000000000000000e+00
7.788583000000112406e+02,0.000000000000000000e+00
7.789583000000113771e+02,0.000000000000000000e+00
7.790583000000112861e+02,0.000000000000000000e+00
7.791583000000114225e+02,0.000000000000000000e+00
7.792583000000113316e+02,0.000000000000000000e+00
7.793583000000112406e+02,0.000000000000000000e+00
7.794583000000113771e+02,0.000000000000000000e+00
7.795583000000112861e+02,0.000000000000000000e+00
7.796583000000114225e+02,0.000000000000000000e+00
7.797583000000113316e+02,0.000000000000000000e+00
7.798583000000112406e+02,0.000000000000000000e+00
7.799583000000113771e+02,0.000000000000000000e+00
7.800583000000112861e+02,0.000000000000000000e+00
7.801583000000114225e+02,0.000000000000000000e+00
7.802583000000113316e+02,0.000000000000000000e+00
7.803583000000112406e+02,0.000000000000000000e+00
7.804583000000113771e+02,0.000000000000000000e+00
7.805583000000112861e+02,0.000000000000000000e+00
7.806583000000114225e+02,0.000000000000000000e+00
7.807583000000113316e+02,0.000000000000000000e+00
7.808583000000113543e+02,0.000000000000000000e+00
7.809583000000113771e+02,0.000000000000000000e+00
7.810583000000112861e+02,0.000000000000000000e+00
7.811583000000114225e+02,0.000000000000000000e+00
7.812583000000113316e+02,0.000000000000000000e+00
7.813583000000113543e+02,0.000000000000000000e+00
7.814583000000113771e+02,0.000000000000000000e+00
7.815583000000112861e+02,0.000000000000000000e+00
7.816583000000114225e+02,0.000000000000000000e+00
7.817583000000113316e+02,0.000000000000000000e+00
7.818583000000114680e+02,0.000000000000000000e+00
7.819583000000113771e+02,0.000000000000000000e+00
7.820583000000112861e+02,0.000000000000000000e+00
7.821583000000114225e+02,0.000000000000000000e+00
7.822583000000113316e+02,0.000000000000000000e+00
7.823583000000114680e+02,0.000000000000000000e+00
7.824583000000113771e+02,0.000000000000000000e+00
7.825583000000112861e+02,0.000000000000000000e+00
7.826583000000114225e+02,0.000000000000000000e+00
7.827583000000113316e+02,0.000000000000000000e+00
7.828583000000114680e+02,0.000000000000000000e+00
7.829583000000113771e+02,0.000000000000000000e+00
7.830583000000112861e+02,0.000000000000000000e+00
7.831583000000114225e+02,0.000000000000000000e+00
7.832583000000113316e+02,0.000000000000000000e+00
7.833583000000114680e+02,0.000000000000000000e+00
7.834583000000113771e+02,0.000000000000000000e+00
7.835583000000112861e+02,0.000000000000000000e+00
7.836583000000114225e+02,0.000000000000000000e+00
7.837583000000113316e+02,0.000000000000000000e+00
7.838583000000114680e+02,0.000000000000000000e+00
7.839583000000113771e+02,0.000000000000000000e+00
7.840583000000113998e+02,0.000000000000000000e+00
7.841583000000114225e+02,0.000000000000000000e+00
7.842583000000113316e+02,0.000000000000000000e+00
7.843583000000114680e+02,0.000000000000000000e+00
7.844583000000113771e+02,0.000000000000000000e+00
7.845583000000113998e+02,0.000000000000000000e+00
7.846583000000114225e+02,0.000000000000000000e+00
7.847583000000113316e+02,0.000000000000000000e+00
7.848583000000114680e+02,0.000000000000000000e+00
7.849583000000113771e+02,0.000000000000000000e+00
7.850583000000115135e+02,0.000000000000000000e+00
7.851583000000114225e+02,0.000000000000000000e+00
7.852583000000113316e+02,0.000000000000000000e+00
7.853583000000114680e+02,0.000000000000000000e+00
7.854583000000113771e+02,0.000000000000000000e+00
7.855583000000115135e+02,0.000000000000000000e+00
7.856583000000114225e+02,0.000000000000000000e+00
7.857583000000113316e+02,0.000000000000000000e+00
7.858583000000114680e+02,0.000000000000000000e+00
7.859583000000113771e+02,0.000000000000000000e+00
7.860583000000115135e+02,0.000000000000000000e+00
7.861583000000114225e+02,0.000000000000000000e+00
7.862583000000113316e+02,0.000000000000000000e+00
7.863583000000114680e+02,0.000000000000000000e+00
7.864583000000113771e+02,0.000000000000000000e+00
7.865583000000115135e+02,0.000000000000000000e+00
7.866583000000114225e+02,0.000000000000000000e+00
7.867583000000113316e+02,0.000000000000000000e+00
7.868583000000114680e+02,0.000000000000000000e+00
7.869583000000113771e+02,0.000000000000000000e+00
7.870583000000115135e+02,0.000000000000000000e+00
7.871583000000114225e+02,0.000000000000000000e+00
7.872583000000114453e+02,0.000000000000000000e+00
7.873583000000114680e+02,0.000000000000000000e+00
7.874583000000113771e+02,0.000000000000000000e+00
7.875583000000115135e+02,0.000000000000000000e+00
7.876583000000114225e+02,0.000000000000000000e+00
7.877583000000114453e+02,0.000000000000000000e+00
7.878583000000114680e+02,0.000000000000000000e+00
7.879583000000113771e+02,0.000000000000000000e+00
7.880583000000115135e+02,0.000000000000000000e+00
7.881583000000114225e+02,0.000000000000000000e+00
7.882583000000115590e+02,0.000000000000000000e+00
7.883583000000114680e+02,0.000000000000000000e+00
7.884583000000113771e+02,0.000000000000000000e+00
7.885583000000115135e+02,0.000000000000000000e+00
7.886583000000114225e+02,0.000000000000000000e+00
7.887583000000115590e+02,0.000000000000000000e+00
7.888583000000114680e+02,0.000000000000000000e+00
7.889583000000113771e+02,0.000000000000000000e+00
7.890583000000115135e+02,0.000000000000000000e+00
7.891583000000114225e+02,0.000000000000000000e+00
7.892583000000115590e+02,0.000000000000000000e+00
7.893583000000114680e+02,0.000000000000000000e+00
7.894583000000113771e+02,0.000000000000000000e+00
7.895583000000115135e+02,0.000000000000000000e+00
7.896583000000114225e+02,0.000000000000000000e+00
7.897583000000115590e+02,0.000000000000000000e+00
7.898583000000114680e+02,0.000000000000000000e+00
7.899583000000113771e+02,0.000000000000000000e+00
7.900583000000115135e+02,0.000000000000000000e+00
7.901583000000114225e+02,0.000000000000000000e+00
7.902583000000115590e+02,0.000000000000000000e+00
7.903583000000114680e+02,0.000000000000000000e+00
7.904583000000114907e+02,0.000000000000000000e+00
7.905583000000115135e+02,0.000000000000000000e+00
7.906583000000114225e+02,0.000000000000000000e+00
7.907583000000115590e+02,0.000000000000000000e+00
7.908583000000114680e+02,0.000000000000000000e+00
7.909583000000114907e+02,0.000000000000000000e+00
7.910583000000115135e+02,0.000000000000000000e+00
7.911583000000114225e+02,0.000000000000000000e+00
7.912583000000115590e+02,0.000000000000000000e+00
7.913583000000114680e+02,0.000000000000000000e+00
7.914583000000116044e+02,0.000000000000000000e+00
7.915583000000115135e+02,0.000000000000000000e+00
7.916583000000114225e+02,0.000000000000000000e+00
7.917583000000115590e+02,0.000000000000000000e+00
7.918583000000114680e+02,0.000000000000000000e+00
7.919583000000116044e+02,0.000000000000000000e+00
7.920583000000115135e+02,0.000000000000000000e+00
7.921583000000114225e+02,0.000000000000000000e+00
7.922583000000115590e+02,0.000000000000000000e+00
7.923583000000114680e+02,0.000000000000000000e+00
7.924583000000116044e+02,0.000000000000000000e+00
7.925583000000115135e+02,0.000000000000000000e+00
7.926583000000114225e+02,0.000000000000000000e+00
7.927583000000115590e+02,0.000000000000000000e+00
7.928583000000114680e+02,0.000000000000000000e+00
7.929583000000116044e+02,0.000000000000000000e+00
7.930583000000115135e+02,0.000000000000000000e+00
7.931583000000114225e+02,0.000000000000000000e+00
7.932583000000115590e+02,0.000000000000000000e+00
7.933583000000114680e+02,0.000000000000000000e+00
7.934583000000116044e+02,0.000000000000000000e+00
7.935583000000115135e+02,0.000000000000000000e+00
7.936583000000115362e+02,0.000000000000000000e+00
7.937583000000115590e+02,0.000000000000000000e+00
7.938583000000114680e+02,0.000000000000000000e+00
7.939583000000116044e+02,0.000000000000000000e+00
7.940583000000115135e+02,0.000000000000000000e+00
7.941583000000115362e+02,0.000000000000000000e+00
7.942583000000115590e+02,0.000000000000000000e+00
7.943583000000114680e+02,0.000000000000000000e+00
7.944583000000116044e+02,0.000000000000000000e+00
7.945583000000115135e+02,0.000000000000000000e+00
7.946583000000116499e+02,0.000000000000000000e+00
7.947583000000115590e+02,0.000000000000000000e+00
7.948583000000114680e+02,0.000000000000000000e+00
7.949583000000116044e+02,0.000000000000000000e+00
7.950583000000115135e+02,0.000000000000000000e+00
7.951583000000116499e+02,0.000000000000000000e+00
7.952583000000115590e+02,0.000000000000000000e+00
7.953583000000114680e+02,0.000000000000000000e+00
7.954583000000116044e+02,0.000000000000000000e+00
7.955583000000115135e+02,0.000000000000000000e+00
7.956583000000116499e+02,0.000000000000000000e+00
7.957583000000115590e+02,0.000000000000000000e+00
7.958583000000114680e+02,0.000000000000000000e+00
7.959583000000116044e+02,0.000000000000000000e+00
7.960583000000115135e+02,0.000000000000000000e+00
7.961583000000116499e+02,0.000000000000000000e+00
7.962583000000115590e+02,0.000000000000000000e+00
7.963583000000114680e+02,0.000000000000000000e+00
7.964583000000116044e+02,0.000000000000000000e+00
7.965583000000115135e+02,0.000000000000000000e+00
7.966583000000116499e+02,0.000000000000000000e+00
7.967583000000115590e+02,0.000000000000000000e+00
7.968583000000115817e+02,0.000000000000000000e+00
7.969583000000116044e+02,0.000000000000000000e+00
7.970583000000115135e+02,0.000000000000000000e+00
7.971583000000116499e+02,0.000000000000000000e+00
7.972583000000115590e+02,0.000000000000000000e+00
7.973583000000115817e+02,0.000000000000000000e+00
7.974583000000116044e+02,0.000000000000000000e+00
7.975583000000115135e+02,0.000000000000000000e+00
7.976583000000116499e+02,0.000000000000000000e+00
7.977583000000115590e+02,0.000000000000000000e+00
7.978583000000116954e+02,0.000000000000000000e+00
7.979583000000116044e+02,0.000000000000000000e+00
7.980583000000115135e+02,0.000000000000000000e+00
7.981583000000116499e+02,0.000000000000000000e+00
7.982583000000115590e+02,0.000000000000000000e+00
7.983583000000116954e+02,0.000000000000000000e+00
7.984583000000116044e+02,0.000000000000000000e+00
7.985583000000115135e+02,0.000000000000000000e+00
7.986583000000116499e+02,0.000000000000000000e+00
7.987583000000115590e+02,0.000000000000000000e+00
7.988583000000116954e+02,0.000000000000000000e+00
7.989583000000116044e+02,0.000000000000000000e+00
7.990583000000115135e+02,0.000000000000000000e+00
7.991583000000116499e+02,0.000000000000000000e+00
7.992583000000115590e+02,0.000000000000000000e+00
7.993583000000116954e+02,0.000000000000000000e+00
7.994583000000116044e+02,0.000000000000000000e+00
7.995583000000115135e+02,0.000000000000000000e+00
7.996583000000116499e+02,0.000000000000000000e+00
7.997583000000115590e+02,0.000000000000000000e+00
7.998583000000116954e+02,0.000000000000000000e+00
7.999583000000116044e+02,0.000000000000000000e+00
8.000583000000116272e+02,0.000000000000000000e+00
8.001583000000116499e+02,0.000000000000000000e+00
8.002583000000115590e+02,0.000000000000000000e+00
8.003583000000116954e+02,0.000000000000000000e+00
8.004583000000116044e+02,0.000000000000000000e+00
8.005583000000116272e+02,0.000000000000000000e+00
8.006583000000116499e+02,0.000000000000000000e+00
8.007583000000115590e+02,0.000000000000000000e+00
8.008583000000116954e+02,0.000000000000000000e+00
8.009583000000116044e+02,0.000000000000000000e+00
8.010583000000117408e+02,0.000000000000000000e+00
8.011583000000116499e+02,0.000000000000000000e+00
8.012583000000115590e+02,0.000000000000000000e+00
8.013583000000116954e+02,0.000000000000000000e+00
8.014583000000116044e+02,0.000000000000000000e+00
8.015583000000117408e+02,0.000000000000000000e+00
8.016583000000116499e+02,0.000000000000000000e+00
8.017583000000115590e+02,0.000000000000000000e+00
8.018583000000116954e+02,0.000000000000000000e+00
8.019583000000116044e+02,0.000000000000000000e+00
8.020583000000117408e+02,0.000000000000000000e+00
8.021583000000116499e+02,0.000000000000000000e+00
8.022583000000115590e+02,0.000000000000000000e+00
8.023583000000116954e+02,0.000000000000000000e+00
8.024583000000116044e+02,0.000000000000000000e+00
8.025583000000117408e+02,0.000000000000000000e+00
8.026583000000116499e+02,0.000000000000000000e+00
8.027583000000115590e+02,0.000000000000000000e+00
8.028583000000116954e+02,0.000000000000000000e+00
8.029583000000116044e+02,0.000000000000000000e+00
8.030583000000117408e+02,0.000000000000000000e+00
8.031583000000116499e+02,0.000000000000000000e+00
8.032583000000116726e+02,0.000000000000000000e+00
8.033583000000116954e+02,0.000000000000000000e+00
8.034583000000116044e+02,0.000000000000000000e+00
8.035583000000117408e+02,0.000000000000000000e+00
8.036583000000116499e+02,0.000000000000000000e+00
8.037583000000116726e+02,0.000000000000000000e+00
8.038583000000116954e+02,0.000000000000000000e+00
8.039583000000116044e+02,0.000000000000000000e+00
8.040583000000117408e+02,0.000000000000000000e+00
8.041583000000116499e+02,0.000000000000000000e+00
8.042583000000117863e+02,0.000000000000000000e+00
8.043583000000116954e+02,0.000000000000000000e+00
8.044583000000116044e+02,0.000000000000000000e+00
8.045583000000117408e+02,0.000000000000000000e+00
8.046583000000116499e+02,0.000000000000000000e+00
8.047583000000117863e+02,0.000000000000000000e+00
8.048583000000116954e+02,0.000000000000000000e+00
8.049583000000116044e+02,0.000000000000000000e+00
8.050583000000117408e+02,0.000000000000000000e+00
8.051583000000116499e+02,0.000000000000000000e+00
8.052583000000117863e+02,0.000000000000000000e+00
8.053583000000116954e+02,0.000000000000000000e+00
8.054583000000116044e+02,0.000000000000000000e+00
8.055583000000117408e+02,0.000000000000000000e+00
8.056583000000116499e+02,0.000000000000000000e+00
8.057583000000117863e+02,0.000000000000000000e+00
8.058583000000116954e+02,0.000000000000000000e+00
8.059583000000116044e+02,0.000000000000000000e+00
8.060583000000117408e+02,0.000000000000000000e+00
8.061583000000116499e+02,0.000000000000000000e+00
8.062583000000117863e+02,0.000000000000000000e+00
8.063583000000116954e+02,0.000000000000000000e+00
8.064583000000117181e+02,0.000000000000000000e+00
8.065583000000117408e+02,0.000000000000000000e+00
8.066583000000116499e+02,0.000000000000000000e+00
8.067583000000117863e+02,0.000000000000000000e+00
8.068583000000116954e+02,0.000000000000000000e+00
8.069583000000117181e+02,0.000000000000000000e+00
8.070583000000117408e+02,0.000000000000000000e+00
8.071583000000116499e+02,0.000000000000000000e+00
8.072583000000117863e+02,0.000000000000000000e+00
8.073583000000116954e+02,0.000000000000000000e+00
8.074583000000118318e+02,0.000000000000000000e+00
8.075583000000117408e+02,0.000000000000000000e+00
8.076583000000116499e+02,0.000000000000000000e+00
8.077583000000117863e+02,0.000000000000000000e+00
8.078583000000116954e+02,0.000000000000000000e+00
8.079583000000118318e+02,0.000000000000000000e+00
8.080583000000117408e+02,0.000000000000000000e+00
8.081583000000116499e+02,0.000000000000000000e+00
8.082583000000117863e+02,0.000000000000000000e+00
8.083583000000116954e+02,0.000000000000000000e+00
8.084583000000118318e+02,0.000000000000000000e+00
8.085583000000117408e+02,0.000000000000000000e+00
8.086583000000116499e+02,0.000000000000000000e+00
8.087583000000117863e+02,0.000000000000000000e+00
8.088583000000116954e+02,0.000000000000000000e+00
8.089583000000118318e+02,0.000000000000000000e+00
8.090583000000117408e+02,0.000000000000000000e+00
8.091583000000116499e+02,0.000000000000000000e+00
8.092583000000117863e+02,0.000000000000000000e+00
8.093583000000116954e+02,0.000000000000000000e+00
8.094583000000118318e+02,0.000000000000000000e+00
8.095583000000117408e+02,0.000000000000000000e+00
8.096583000000117636e+02,0.000000000000000000e+00
8.097583000000117863e+02,0.000000000000000000e+00
8.098583000000116954e+02,0.000000000000000000e+00
8.099583000000118318e+02,0.000000000000000000e+00
8.100583000000117408e+02,0.000000000000000000e+00
8.101583000000117636e+02,0.000000000000000000e+00
8.102583000000117863e+02,0.000000000000000000e+00
8.103583000000116954e+02,0.000000000000000000e+00
8.104583000000118318e+02,0.000000000000000000e+00
8.105583000000117408e+02,0.000000000000000000e+00
8.106583000000118773e+02,0.000000000000000000e+00
8.107583000000117863e+02,0.000000000000000000e+00
8.108583000000116954e+02,0.000000000000000000e+00
8.109583000000118318e+02,0.000000000000000000e+00
8.110583000000117408e+02,0.000000000000000000e+00
8.111583000000118773e+02,0.000000000000000000e+00
8.112583000000117863e+02,0.000000000000000000e+00
8.113583000000116954e+02,0.000000000000000000e+00
8.114583000000118318e+02,0.000000000000000000e+00
8.115583000000117408e+02,0.000000000000000000e+00
8.116583000000118773e+02,0.000000000000000000e+00
8.117583000000117863e+02,0.000000000000000000e+00
8.118583000000116954e+02,0.000000000000000000e+00
8.119583000000118318e+02,0.000000000000000000e+00
8.120583000000117408e+02,0.000000000000000000e+00
8.121583000000118773e+02,0.000000000000000000e+00
8.122583000000117863e+02,0.000000000000000000e+00
8.123583000000116954e+02,0.000000000000000000e+00
8.124583000000118318e+02,0.000000000000000000e+00
8.125583000000117408e+02,0.000000000000000000e+00
8.126583000000118773e+02,0.000000000000000000e+00
8.127583000000117863e+02,0.000000000000000000e+00
8.128583000000118091e+02,0.000000000000000000e+00
8.129583000000118318e+02,0.000000000000000000e+00
8.130583000000117408e+02,0.000000000000000000e+00
8.131583000000118773e+02,0.000000000000000000e+00
8.132583000000117863e+02,0.000000000000000000e+00
8.133583000000118091e+02,0.000000000000000000e+00
8.134583000000118318e+02,0.000000000000000000e+00
8.135583000000117408e+02,0.000000000000000000e+00
8.136583000000118773e+02,0.000000000000000000e+00
8.137583000000117863e+02,0.000000000000000000e+00
8.138583000000119227e+02,0.000000000000000000e+00
8.139583000000118318e+02,0.000000000000000000e+00
8.140583000000117408e+02,0.000000000000000000e+00
8.141583000000118773e+02,0.000000000000000000e+00
8.142583000000117863e+02,0.000000000000000000e+00
8.143583000000119227e+02,0.000000000000000000e+00
8.144583000000118318e+02,0.000000000000000000e+00
8.145583000000117408e+02,0.000000000000000000e+00
8.146583000000118773e+02,0.000000000000000000e+00
8.147583000000117863e+02,0.000000000000000000e+00
8.148583000000119227e+02,0.000000000000000000e+00
8.149583000000118318e+02,0.000000000000000000e+00
8.150583000000117408e+02,0.000000000000000000e+00
8.151583000000118773e+02,0.000000000000000000e+00
8.152583000000117863e+02,0.000000000000000000e+00
8.153583000000119227e+02,0.000000000000000000e+00
8.154583000000118318e+02,0.000000000000000000e+00
8.155583000000117408e+02,0.000000000000000000e+00
8.156583000000118773e+02,0.000000000000000000e+00
8.157583000000117863e+02,0.000000000000000000e+00
8.158583000000119227e+02,0.000000000000000000e+00
8.159583000000118318e+02,0.000000000000000000e+00
8.160583000000118545e+02,0.000000000000000000e+00
8.161583000000118773e+02,0.000000000000000000e+00
8.162583000000117863e+02,0.000000000000000000e+00
8.163583000000119227e+02,0.000000000000000000e+00
8.164583000000118318e+02,0.000000000000000000e+00
8.165583000000118545e+02,0.000000000000000000e+00
8.166583000000118773e+02,0.000000000000000000e+00
8.167583000000117863e+02,0.000000000000000000e+00
8.168583000000119227e+02,0.000000000000000000e+00
8.169583000000118318e+02,0.000000000000000000e+00
8.170583000000119682e+02,0.000000000000000000e+00
8.171583000000118773e+02,0.000000000000000000e+00
8.172583000000117863e+02,0.000000000000000000e+00
8.173583000000119227e+02,0.000000000000000000e+00
8.174583000000118318e+02,0.000000000000000000e+00
8.175583000000119682e+02,0.000000000000000000e+00
8.176583000000118773e+02,0.000000000000000000e+00
8.177583000000117863e+02,0.000000000000000000e+00
8.178583000000119227e+02,0.000000000000000000e+00
8.179583000000118318e+02,0.000000000000000000e+00
8.180583000000119682e+02,0.000000000000000000e+00
8.181583000000118773e+02,0.000000000000000000e+00
8.182583000000117863e+02,0.000000000000000000e+00
8.183583000000119227e+02,0.000000000000000000e+00
8.184583000000118318e+02,0.000000000000000000e+00
8.185583000000119682e+02,0.000000000000000000e+00
8.186583000000118773e+02,0.000000000000000000e+00
8.187583000000117863e+02,0.000000000000000000e+00
8.188583000000119227e+02,0.000000000000000000e+00
8.189583000000118318e+02,0.000000000000000000e+00
8.190583000000119682e+02,0.000000000000000000e+00
8.191583000000118773e+02,0.000000000000000000e+00
8.192583000000119000e+02,0.000000000000000000e+00
8.193583000000119227e+02,0.000000000000000000e+00
8.194583000000118318e+02,0.000000000000000000e+00
8.195583000000119682e+02,0.000000000000000000e+00
8.196583000000118773e+02,0.000000000000000000e+00
8.197583000000119000e+02,0.000000000000000000e+00
8.198583000000119227e+02,0.000000000000000000e+00
8.199583000000118318e+02,0.000000000000000000e+00
8.200583000000119682e+02,0.000000000000000000e+00
8.201583000000118773e+02,0.000000000000000000e+00
8.202583000000120137e+02,0.000000000000000000e+00
8.203583000000119227e+02,0.000000000000000000e+00
8.204583000000118318e+02,0.000000000000000000e+00
8.205583000000119682e+02,0.000000000000000000e+00
8.206583000000118773e+02,0.000000000000000000e+00
8.207583000000120137e+02,0.000000000000000000e+00
8.208583000000119227e+02,0.000000000000000000e+00
8.209583000000118318e+02,0.000000000000000000e+00
8.210583000000119682e+02,0.000000000000000000e+00
8.211583000000118773e+02,0.000000000000000000e+00
8.212583000000120137e+02,0.000000000000000000e+00
8.213583000000119227e+02,0.000000000000000000e+00
8.214583000000118318e+02,0.000000000000000000e+00
8.215583000000119682e+02,0.000000000000000000e+00
8.216583000000118773e+02,0.000000000000000000e+00
8.217583000000120137e+02,0.000000000000000000e+00
8.218583000000119227e+02,0.000000000000000000e+00
8.219583000000118318e+02,0.000000000000000000e+00
8.220583000000119682e+02,0.000000000000000000e+00
8.221583000000118773e+02,0.000000000000000000e+00
8.222583000000120137e+02,0.000000000000000000e+00
8.223583000000119227e+02,0.000000000000000000e+00
8.224583000000119455e+02,0.000000000000000000e+00
8.225583000000119682e+02,0.000000000000000000e+00
8.226583000000118773e+02,0.000000000000000000e+00
8.227583000000120137e+02,0.000000000000000000e+00
8.228583000000119227e+02,0.000000000000000000e+00
8.229583000000119455e+02,0.000000000000000000e+00
8.230583000000119682e+02,0.000000000000000000e+00
8.231583000000118773e+02,0.000000000000000000e+00
8.232583000000120137e+02,0.000000000000000000e+00
8.233583000000119227e+02,0.000000000000000000e+00
8.234583000000120592e+02,0.000000000000000000e+00
8.235583000000119682e+02,0.000000000000000000e+00
8.236583000000118773e+02,0.000000000000000000e+00
8.237583000000120137e+02,0.000000000000000000e+00
8.238583000000119227e+02,0.000000000000000000e+00
8.239583000000120592e+02,0.000000000000000000e+00
8.240583000000119682e+02,0.000000000000000000e+00
8.241583000000118773e+02,0.000000000000000000e+00
8.242583000000120137e+02,0.000000000000000000e+00
8.243583000000119227e+02,0.000000000000000000e+00
8.244583000000120592e+02,0.000000000000000000e+00
8.245583000000119682e+02,0.000000000000000000e+00
8.246583000000118773e+02,0.000000000000000000e+00
8.247583000000120137e+02,0.000000000000000000e+00
8.248583000000119227e+02,0.000000000000000000e+00
8.249583000000120592e+02,0.000000000000000000e+00
8.250583000000119682e+02,0.000000000000000000e+00
8.251583000000118773e+02,0.000000000000000000e+00
8.252583000000120137e+02,0.000000000000000000e+00
8.253583000000119227e+02,0.000000000000000000e+00
8.254583000000120592e+02,0.000000000000000000e+00
8.255583000000119682e+02,0.000000000000000000e+00
8.256583000000119910e+02,0.000000000000000000e+00
8.257583000000120137e+02,0.000000000000000000e+00
8.258583000000119227e+02,0.000000000000000000e+00
8.259583000000120592e+02,0.000000000000000000e+00
8.260583000000119682e+02,0.000000000000000000e+00
8.261583000000119910e+02,0.000000000000000000e+00
8.262583000000120137e+02,0.000000000000000000e+00
8.263583000000119227e+02,0.000000000000000000e+00
8.264583000000120592e+02,0.000000000000000000e+00
8.265583000000119682e+02,0.000000000000000000e+00
8.266583000000121046e+02,0.000000000000000000e+00
8.267583000000120137e+02,0.000000000000000000e+00
8.268583000000119227e+02,0.000000000000000000e+00
8.269583000000120592e+02,0.000000000000000000e+00
8.270583000000119682e+02,0.000000000000000000e+00
8.271583000000121046e+02,0.000000000000000000e+00
8.272583000000120137e+02,0.000000000000000000e+00
8.273583000000119227e+02,0.000000000000000000e+00
8.274583000000120592e+02,0.000000000000000000e+00
8.275583000000119682e+02,0.000000000000000000e+00
8.276583000000121046e+02,0.000000000000000000e+00
8.277583000000120137e+02,0.000000000000000000e+00
8.278583000000119227e+02,0.000000000000000000e+00
8.279583000000120592e+02,0.000000000000000000e+00
8.280583000000119682e+02,0.000000000000000000e+00
8.281583000000121046e+02,0.000000000000000000e+00
8.282583000000120137e+02,0.000000000000000000e+00
8.283583000000119227e+02,0.000000000000000000e+00
8.284583000000120592e+02,0.000000000000000000e+00
8.285583000000119682e+02,0.000000000000000000e+00
8.286583000000121046e+02,0.000000000000000000e+00
8.287583000000120137e+02,0.000000000000000000e+00
8.288583000000120364e+02,0.000000000000000000e+00
8.289583000000120592e+02,0.000000000000000000e+00
8.290583000000119682e+02,0.000000000000000000e+00
8.291583000000121046e+02,0.000000000000000000e+00
8.292583000000120137e+02,0.000000000000000000e+00
8.293583000000120364e+02,0.000000000000000000e+00
8.294583000000120592e+02,0.000000000000000000e+00
8.295583000000119682e+02,0.000000000000000000e+00
8.296583000000121046e+02,0.000000000000000000e+00
8.297583000000120137e+02,0.000000000000000000e+00
8.298583000000121501e+02,0.000000000000000000e+00
8.299583000000120592e+02,0.000000000000000000e+00
8.300583000000119682e+02,0.000000000000000000e+00
8.301583000000121046e+02,0.000000000000000000e+00
8.302583000000120137e+02,0.000000000000000000e+00
8.303583000000121501e+02,0.000000000000000000e+00
8.304583000000120592e+02,0.000000000000000000e+00
8.305583000000119682e+02,0.000000000000000000e+00
8.306583000000121046e+02,0.000000000000000000e+00
8.307583000000120137e+02,0.000000000000000000e+00
8.308583000000121501e+02,0.000000000000000000e+00
8.309583000000120592e+02,0.000000000000000000e+00
8.310583000000119682e+02,0.000000000000000000e+00
8.311583000000121046e+02,0.000000000000000000e+00
8.312583000000120137e+02,0.000000000000000000e+00
8.313583000000121501e+02,0.000000000000000000e+00
8.314583000000120592e+02,0.000000000000000000e+00
8.315583000000119682e+02,0.000000000000000000e+00
8.316583000000121046e+02,0.000000000000000000e+00
8.317583000000120137e+02,0.000000000000000000e+00
8.318583000000121501e+02,0.000000000000000000e+00
8.319583000000120592e+02,0.000000000000000000e+00
8.320583000000120819e+02,0.000000000000000000e+00
8.321583000000121046e+02,0.000000000000000000e+00
8.322583000000120137e+02,0.000000000000000000e+00
8.323583000000121501e+02,0.000000000000000000e+00
8.324583000000120592e+02,0.000000000000000000e+00
8.325583000000120819e+02,0.000000000000000000e+00
8.326583000000121046e+02,0.000000000000000000e+00
8.327583000000120137e+02,0.000000000000000000e+00
8.328583000000121501e+02,0.000000000000000000e+00
8.329583000000120592e+02,0.000000000000000000e+00
8.330583000000121956e+02,0.000000000000000000e+00
8.331583000000121046e+02,0.000000000000000000e+00
8.332583000000120137e+02,0.000000000000000000e+00
8.333583000000121501e+02,0.000000000000000000e+00
8.334583000000120592e+02,0.000000000000000000e+00
8.335583000000121956e+02,0.000000000000000000e+00
8.336583000000121046e+02,0.000000000000000000e+00
8.337583000000120137e+02,0.000000000000000000e+00
8.338583000000121501e+02,0.000000000000000000e+00
8.339583000000120592e+02,0.000000000000000000e+00
8.340583000000121956e+02,0.000000000000000000e+00
8.341583000000121046e+02,0.000000000000000000e+00
8.342583000000120137e+02,0.000000000000000000e+00
8.343583000000121501e+02,0.000000000000000000e+00
8.344583000000120592e+02,0.000000000000000000e+00
8.345583000000121956e+02,0.000000000000000000e+00
8.346583000000121046e+02,0.000000000000000000e+00
8.347583000000120137e+02,0.000000000000000000e+00
8.348583000000121501e+02,0.000000000000000000e+00
8.349583000000120592e+02,0.000000000000000000e+00
8.350583000000121956e+02,0.000000000000000000e+00
8.351583000000121046e+02,0.000000000000000000e+00
8.352583000000121274e+02,0.000000000000000000e+00
8.353583000000121501e+02,0.000000000000000000e+00
8.354583000000120592e+02,0.000000000000000000e+00
8.355583000000121956e+02,0.000000000000000000e+00
8.356583000000121046e+02,0.000000000000000000e+00
8.357583000000121274e+02,0.000000000000000000e+00
8.358583000000121501e+02,0.000000000000000000e+00
8.359583000000120592e+02,0.000000000000000000e+00
8.360583000000121956e+02,0.000000000000000000e+00
8.361583000000121046e+02,0.000000000000000000e+00
8.362583000000122411e+02,0.000000000000000000e+00
8.363583000000121501e+02,0.000000000000000000e+00
8.364583000000120592e+02,0.000000000000000000e+00
8.365583000000121956e+02,0.000000000000000000e+00
8.366583000000121046e+02,0.000000000000000000e+00
8.367583000000122411e+02,0.000000000000000000e+00
8.368583000000121501e+02,0.000000000000000000e+00
8.369583000000120592e+02,0.000000000000000000e+00
8.370583000000121956e+02,0.000000000000000000e+00
8.371583000000121046e+02,0.000000000000000000e+00
8.372583000000122411e+02,0.000000000000000000e+00
8.373583000000121501e+02,0.000000000000000000e+00
8.374583000000120592e+02,0.000000000000000000e+00
8.375583000000121956e+02,0.000000000000000000e+00
8.376583000000121046e+02,0.000000000000000000e+00
8.377583000000122411e+02,0.000000000000000000e+00
8.378583000000121501e+02,0.000000000000000000e+00
8.379583000000120592e+02,0.000000000000000000e+00
8.380583000000121956e+02,0.000000000000000000e+00
8.381583000000121046e+02,0.000000000000000000e+00
8.382583000000122411e+02,0.000000000000000000e+00
8.383583000000121501e+02,0.000000000000000000e+00
8.384583000000121729e+02,0.000000000000000000e+00
8.385583000000121956e+02,0.000000000000000000e+00
8.386583000000121046e+02,0.000000000000000000e+00
8.387583000000122411e+02,0.000000000000000000e+00
8.388583000000121501e+02,0.000000000000000000e+00
8.389583000000121729e+02,0.000000000000000000e+00
8.390583000000121956e+02,0.000000000000000000e+00
8.391583000000121046e+02,0.000000000000000000e+00
8.392583000000122411e+02,0.000000000000000000e+00
8.393583000000121501e+02,0.000000000000000000e+00
8.394583000000122865e+02,0.000000000000000000e+00
8.395583000000121956e+02,0.000000000000000000e+00
8.396583000000121046e+02,0.000000000000000000e+00
8.397583000000122411e+02,0.000000000000000000e+00
8.398583000000121501e+02,0.000000000000000000e+00
8.399583000000122865e+02,0.000000000000000000e+00
8.400583000000121956e+02,0.000000000000000000e+00
8.401583000000121046e+02,0.000000000000000000e+00
8.402583000000122411e+02,0.000000000000000000e+00
8.403583000000121501e+02,0.000000000000000000e+00
8.404583000000122865e+02,0.000000000000000000e+00
8.405583000000121956e+02,0.000000000000000000e+00
8.406583000000121046e+02,0.000000000000000000e+00
8.407583000000122411e+02,0.000000000000000000e+00
8.408583000000121501e+02,0.000000000000000000e+00
8.409583000000122865e+02,0.000000000000000000e+00
8.410583000000121956e+02,0.000000000000000000e+00
8.411583000000121046e+02,0.000000000000000000e+00
8.412583000000122411e+02,0.000000000000000000e+00
8.413583000000121501e+02,0.000000000000000000e+00
8.414583000000122865e+02,0.000000000000000000e+00
8.415583000000121956e+02,0.000000000000000000e+00
8.416583000000122183e+02,0.000000000000000000e+00
8.417583000000122411e+02,0.000000000000000000e+00
8.418583000000121501e+02,0.000000000000000000e+00
8.419583000000122865e+02,0.000000000000000000e+00
8.420583000000121956e+02,0.000000000000000000e+00
8.421583000000122183e+02,0.000000000000000000e+00
8.422583000000122411e+02,0.000000000000000000e+00
8.423583000000121501e+02,0.000000000000000000e+00
8.424583000000122865e+02,0.000000000000000000e+00
8.425583000000121956e+02,0.000000000000000000e+00
8.426583000000123320e+02,0.000000000000000000e+00
8.427583000000122411e+02,0.000000000000000000e+00
8.428583000000121501e+02,0.000000000000000000e+00
8.429583000000122865e+02,0.000000000000000000e+00
8.430583000000121956e+02,0.000000000000000000e+00
8.431583000000123320e+02,0.000000000000000000e+00
8.432583000000122411e+02,0.000000000000000000e+00
8.433583000000121501e+02,0.000000000000000000e+00
8.434583000000122865e+02,0.000000000000000000e+00
8.435583000000121956e+02,0.000000000000000000e+00
8.436583000000123320e+02,0.000000000000000000e+00
8.437583000000122411e+02,0.000000000000000000e+00
8.438583000000121501e+02,0.000000000000000000e+00
8.439583000000122865e+02,0.000000000000000000e+00
8.440583000000121956e+02,0.000000000000000000e+00
8.441583000000123320e+02,0.000000000000000000e+00
8.442583000000122411e+02,0.000000000000000000e+00
8.443583000000121501e+02,0.000000000000000000e+00
8.444583000000122865e+02,0.000000000000000000e+00
8.445583000000121956e+02,0.000000000000000000e+00
8.446583000000123320e+02,0.000000000000000000e+00
8.447583000000122411e+02,0.000000000000000000e+00
8.448583000000122638e+02,0.000000000000000000e+00
8.449583000000122865e+02,0.000000000000000000e+00
8.450583000000121956e+02,0.000000000000000000e+00
8.451583000000123320e+02,0.000000000000000000e+00
8.452583000000122411e+02,0.000000000000000000e+00
8.453583000000122638e+02,0.000000000000000000e+00
8.454583000000122865e+02,0.000000000000000000e+00
8.455583000000121956e+02,0.000000000000000000e+00
8.456583000000123320e+02,0.000000000000000000e+00
8.457583000000122411e+02,0.000000000000000000e+00
8.458583000000123775e+02,0.000000000000000000e+00
8.459583000000122865e+02,0.000000000000000000e+00
8.460583000000121956e+02,0.000000000000000000e+00
8.461583000000123320e+02,0.000000000000000000e+00
8.462583000000122411e+02,0.000000000000000000e+00
8.463583000000123775e+02,0.000000000000000000e+00
8.464583000000122865e+02,0.000000000000000000e+00
8.465583000000121956e+02,0.000000000000000000e+00
8.466583000000123320e+02,0.000000000000000000e+00
8.467583000000122411e+02,0.000000000000000000e+00
8.468583000000123775e+02,0.000000000000000000e+00
8.469583000000122865e+02,0.000000000000000000e+00
8.470583000000121956e+02,0.000000000000000000e+00
8.471583000000123320e+02,0.000000000000000000e+00
8.472583000000122411e+02,0.000000000000000000e+00
8.473583000000123775e+02,0.000000000000000000e+00
8.474583000000122865e+02,0.000000000000000000e+00
8.475583000000121956e+02,0.000000000000000000e+00
8.476583000000123320e+02,0.000000000000000000e+00
8.477583000000122411e+02,0.000000000000000000e+00
8.478583000000123775e+02,0.000000000000000000e+00
8.479583000000122865e+02,0.000000000000000000e+00
8.480583000000123093e+02,0.000000000000000000e+00
8.481583000000123320e+02,0.000000000000000000e+00
8.482583000000122411e+02,0.000000000000000000e+00
8.483583000000123775e+02,0.000000000000000000e+00
8.484583000000122865e+02,0.000000000000000000e+00
8.485583000000123093e+02,0.000000000000000000e+00
8.486583000000123320e+02,0.000000000000000000e+00
8.487583000000122411e+02,0.000000000000000000e+00
8.488583000000123775e+02,0.000000000000000000e+00
8.489583000000122865e+02,0.000000000000000000e+00
8.490583000000124230e+02,0.000000000000000000e+00
8.491583000000123320e+02,0.000000000000000000e+00
8.492583000000122411e+02,0.000000000000000000e+00
8.493583000000123775e+02,0.000000000000000000e+00
8.494583000000122865e+02,0.000000000000000000e+00
8.495583000000124230e+02,0.000000000000000000e+00
8.496583000000123320e+02,0.000000000000000000e+00
8.497583000000122411e+02,0.000000000000000000e+00
8.498583000000123775e+02,0.000000000000000000e+00
8.499583000000122865e+02,0.000000000000000000e+00
8.500583000000124230e+02,0.000000000000000000e+00
8.501583000000123320e+02,0.000000000000000000e+00
8.502583000000122411e+02,0.000000000000000000e+00
8.503583000000123775e+02,0.000000000000000000e+00
8.504583000000122865e+02,0.000000000000000000e+00
8.505583000000124230e+02,0.000000000000000000e+00
8.506583000000123320e+02,0.000000000000000000e+00
8.507583000000122411e+02,0.000000000000000000e+00
8.508583000000123775e+02,0.000000000000000000e+00
8.509583000000122865e+02,0.000000000000000000e+00
8.510583000000124230e+02,0.000000000000000000e+00
8.511583000000123320e+02,0.000000000000000000e+00
8.512583000000123548e+02,0.000000000000000000e+00
8.513583000000123775e+02,0.000000000000000000e+00
8.514583000000122865e+02,0.000000000000000000e+00
8.515583000000124230e+02,0.000000000000000000e+00
8.516583000000123320e+02,0.000000000000000000e+00
8.517583000000123548e+02,0.000000000000000000e+00
8.518583000000123775e+02,0.000000000000000000e+00
8.519583000000122865e+02,0.000000000000000000e+00
8.520583000000124230e+02,0.000000000000000000e+00
8.521583000000123320e+02,0.000000000000000000e+00
8.522583000000124684e+02,0.000000000000000000e+00
8.523583000000123775e+02,0.000000000000000000e+00
8.524583000000122865e+02,0.000000000000000000e+00
8.525583000000124230e+02,0.000000000000000000e+00
8.526583000000123320e+02,0.000000000000000000e+00
8.527583000000124684e+02,0.000000000000000000e+00
8.528583000000123775e+02,0.000000000000000000e+00
8.529583000000122865e+02,0.000000000000000000e+00
8.530583000000124230e+02,0.000000000000000000e+00
8.531583000000123320e+02,0.000000000000000000e+00
8.532583000000124684e+02,0.000000000000000000e+00
8.533583000000123775e+02,0.000000000000000000e+00
8.534583000000122865e+02,0.000000000000000000e+00
8.535583000000124230e+02,0.000000000000000000e+00
8.536583000000123320e+02,0.000000000000000000e+00
8.537583000000124684e+02,0.000000000000000000e+00
8.538583000000123775e+02,0.000000000000000000e+00
8.539583000000122865e+02,0.000000000000000000e+00
8.540583000000124230e+02,0.000000000000000000e+00
8.541583000000123320e+02,0.000000000000000000e+00
8.542583000000124684e+02,0.000000000000000000e+00
8.543583000000123775e+02,0.000000000000000000e+00
8.544583000000124002e+02,0.000000000000000000e+00
8.545583000000124230e+02,0.000000000000000000e+00
8.546583000000123320e+02,0.000000000000000000e+00
8.547583000000124684e+02,0.000000000000000000e+00
8.548583000000123775e+02,0.000000000000000000e+00
8.549583000000124002e+02,0.000000000000000000e+00
8.550583000000124230e+02,0.000000000000000000e+00
8.551583000000123320e+02,0.000000000000000000e+00
8.552583000000124684e+02,0.000000000000000000e+00
8.553583000000123775e+02,0.000000000000000000e+00
8.554583000000125139e+02,0.000000000000000000e+00
8.555583000000124230e+02,0.000000000000000000e+00
8.556583000000123320e+02,0.000000000000000000e+00
8.557583000000124684e+02,0.000000000000000000e+00
8.558583000000123775e+02,0.000000000000000000e+00
8.559583000000125139e+02,0.000000000000000000e+00
8.560583000000124230e+02,0.000000000000000000e+00
8.561583000000123320e+02,0.000000000000000000e+00
8.562583000000124684e+02,0.000000000000000000e+00
8.563583000000123775e+02,0.000000000000000000e+00
8.564583000000125139e+02,0.000000000000000000e+00
8.565583000000124230e+02,0.000000000000000000e+00
8.566583000000123320e+02,0.000000000000000000e+00
8.567583000000124684e+02,0.000000000000000000e+00
8.568583000000123775e+02,0.000000000000000000e+00
8.569583000000125139e+02,0.000000000000000000e+00
8.570583000000124230e+02,0.000000000000000000e+00
8.571583000000123320e+02,0.000000000000000000e+00
8.572583000000124684e+02,0.000000000000000000e+00
8.573583000000123775e+02,0.000000000000000000e+00
8.574583000000125139e+02,0.000000000000000000e+00
8.575583000000124230e+02,0.000000000000000000e+00
8.576583000000124457e+02,0.000000000000000000e+00
8.577583000000124684e+02,0.000000000000000000e+00
8.578583000000123775e+02,0.000000000000000000e+00
8.579583000000125139e+02,0.000000000000000000e+00
8.580583000000124230e+02,0.000000000000000000e+00
8.581583000000124457e+02,0.000000000000000000e+00
8.582583000000124684e+02,0.000000000000000000e+00
8.583583000000123775e+02,0.000000000000000000e+00
8.584583000000125139e+02,0.000000000000000000e+00
8.585583000000124230e+02,0.000000000000000000e+00
8.586583000000125594e+02,0.000000000000000000e+00
8.587583000000124684e+02,0.000000000000000000e+00
8.588583000000123775e+02,0.000000000000000000e+00
8.589583000000125139e+02,0.000000000000000000e+00
8.590583000000124230e+02,0.000000000000000000e+00
8.591583000000125594e+02,0.000000000000000000e+00
8.592583000000124684e+02,0.000000000000000000e+00
8.593583000000123775e+02,0.000000000000000000e+00
8.594583000000125139e+02,0.000000000000000000e+00
8.595583000000124230e+02,0.000000000000000000e+00
8.596583000000125594e+02,0.000000000000000000e+00
8.597583000000124684e+02,0.000000000000000000e+00
8.598583000000123775e+02,0.000000000000000000e+00
8.599583000000125139e+02,0.000000000000000000e+00
8.600583000000124230e+02,0.000000000000000000e+00
8.601583000000125594e+02,0.000000000000000000e+00
8.602583000000124684e+02,0.000000000000000000e+00
8.603583000000123775e+02,0.000000000000000000e+00
8.604583000000125139e+02,0.000000000000000000e+00
8.605583000000124230e+02,0.000000000000000000e+00
8.606583000000125594e+02,0.000000000000000000e+00
8.607583000000124684e+02,0.000000000000000000e+00
8.608583000000124912e+02,0.000000000000000000e+00
8.609583000000125139e+02,0.000000000000000000e+00
8.610583000000124230e+02,0.000000000000000000e+00
8.611583000000125594e+02,0.000000000000000000e+00
8.612583000000124684e+02,0.000000000000000000e+00
8.613583000000124912e+02,0.000000000000000000e+00
8.614583000000125139e+02,0.000000000000000000e+00
8.615583000000124230e+02,0.000000000000000000e+00
8.616583000000125594e+02,0.000000000000000000e+00
8.617583000000124684e+02,0.000000000000000000e+00
8.618583000000126049e+02,0.000000000000000000e+00
8.619583000000125139e+02,0.000000000000000000e+00
8.620583000000124230e+02,0.000000000000000000e+00
8.621583000000125594e+02,0.000000000000000000e+00
8.622583000000124684e+02,0.000000000000000000e+00
8.623583000000126049e+02,0.000000000000000000e+00
8.624583000000125139e+02,0.000000000000000000e+00
8.625583000000124230e+02,0.000000000000000000e+00
8.626583000000125594e+02,0.000000000000000000e+00
8.627583000000124684e+02,0.000000000000000000e+00
8.628583000000126049e+02,0.000000000000000000e+00
8.629583000000125139e+02,0.000000000000000000e+00
8.630583000000124230e+02,0.000000000000000000e+00
8.631583000000125594e+02,0.000000000000000000e+00
8.632583000000124684e+02,0.000000000000000000e+00
8.633583000000126049e+02,0.000000000000000000e+00
8.634583000000125139e+02,0.000000000000000000e+00
8.635583000000124230e+02,0.000000000000000000e+00
8.636583000000125594e+02,0.000000000000000000e+00
8.637583000000124684e+02,0.000000000000000000e+00
8.638583000000126049e+02,0.000000000000000000e+00
8.639583000000125139e+02,0.000000000000000000e+00
8.640583000000125367e+02,0.000000000000000000e+00
8.641583000000125594e+02,0.000000000000000000e+00
8.642583000000124684e+02,0.000000000000000000e+00
8.643583000000126049e+02,0.000000000000000000e+00
8.644583000000125139e+02,0.000000000000000000e+00
8.645583000000125367e+02,0.000000000000000000e+00
8.646583000000125594e+02,0.000000000000000000e+00
8.647583000000124684e+02,0.000000000000000000e+00
8.648583000000126049e+02,0.000000000000000000e+00
8.649583000000125139e+02,0.000000000000000000e+00
8.650583000000126503e+02,0.000000000000000000e+00
8.651583000000125594e+02,0.000000000000000000e+00
8.652583000000124684e+02,0.000000000000000000e+00
8.653583000000126049e+02,0.000000000000000000e+00
8.654583000000125139e+02,0.000000000000000000e+00
8.655583000000126503e+02,0.000000000000000000e+00
8.656583000000125594e+02,0.000000000000000000e+00
8.657583000000124684e+02,0.000000000000000000e+00
8.658583000000126049e+02,0.000000000000000000e+00
8.659583000000125139e+02,0.000000000000000000e+00
8.660583000000126503e+02,0.000000000000000000e+00
8.661583000000125594e+02,0.000000000000000000e+00
8.662583000000124684e+02,0.000000000000000000e+00
8.663583000000126049e+02,0.000000000000000000e+00
8.664583000000125139e+02,0.000000000000000000e+00
8.665583000000126503e+02,0.000000000000000000e+00
8.666583000000125594e+02,0.000000000000000000e+00
8.667583000000124684e+02,0.000000000000000000e+00
8.668583000000126049e+02,0.000000000000000000e+00
8.669583000000125139e+02,0.000000000000000000e+00
8.670583000000126503e+02,0.000000000000000000e+00
8.671583000000125594e+02,0.000000000000000000e+00
8.672583000000125821e+02,0.000000000000000000e+00
8.673583000000126049e+02,0.000000000000000000e+00
8.674583000000125139e+02,0.000000000000000000e+00
8.675583000000126503e+02,0.000000000000000000e+00
8.676583000000125594e+02,0.000000000000000000e+00
8.677583000000125821e+02,0.000000000000000000e+00
8.678583000000126049e+02,0.000000000000000000e+00
8.679583000000125139e+02,0.000000000000000000e+00
8.680583000000126503e+02,0.000000000000000000e+00
8.681583000000125594e+02,0.000000000000000000e+00
8.682583000000126958e+02,0.000000000000000000e+00
8.683583000000126049e+02,0.000000000000000000e+00
8.684583000000125139e+02,0.000000000000000000e+00
8.685583000000126503e+02,0.000000000000000000e+00
8.686583000000125594e+02,0.000000000000000000e+00
8.687583000000126958e+02,0.000000000000000000e+00
8.688583000000126049e+02,0.000000000000000000e+00
8.689583000000125139e+02,0.000000000000000000e+00
8.690583000000126503e+02,0.000000000000000000e+00
8.691583000000125594e+02,0.000000000000000000e+00
8.692583000000126958e+02,0.000000000000000000e+00
8.693583000000126049e+02,0.000000000000000000e+00
8.694583000000125139e+02,0.000000000000000000e+00
8.695583000000126503e+02,0.000000000000000000e+00
8.696583000000125594e+02,0.000000000000000000e+00
8.697583000000126958e+02,0.000000000000000000e+00
8.698583000000126049e+02,0.000000000000000000e+00
8.699583000000125139e+02,0.000000000000000000e+00
8.700583000000126503e+02,0.000000000000000000e+00
8.701583000000125594e+02,0.000000000000000000e+00
8.702583000000126958e+02,0.000000000000000000e+00
8.703583000000126049e+02,0.000000000000000000e+00
8.704583000000126276e+02,0.000000000000000000e+00
8.705583000000126503e+02,0.000000000000000000e+00
8.706583000000125594e+02,0.000000000000000000e+00
8.707583000000126958e+02,0.000000000000000000e+00
8.708583000000126049e+02,0.000000000000000000e+00
8.709583000000126276e+02,0.000000000000000000e+00
8.710583000000126503e+02,0.000000000000000000e+00
8.711583000000125594e+02,0.000000000000000000e+00
8.712583000000126958e+02,0.000000000000000000e+00
8.713583000000126049e+02,0.000000000000000000e+00
8.714583000000127413e+02,0.000000000000000000e+00
8.715583000000126503e+02,0.000000000000000000e+00
8.716583000000125594e+02,0.000000000000000000e+00
8.717583000000126958e+02,0.000000000000000000e+00
8.718583000000126049e+02,0.000000000000000000e+00
8.719583000000127413e+02,0.000000000000000000e+00
8.720583000000126503e+02,0.000000000000000000e+00
8.721583000000125594e+02,0.000000000000000000e+00
8.722583000000126958e+02,0.000000000000000000e+00
8.723583000000126049e+02,0.000000000000000000e+00
8.724583000000127413e+02,0.000000000000000000e+00
8.725583000000126503e+02,0.000000000000000000e+00
8.726583000000125594e+02,0.000000000000000000e+00
8.727583000000126958e+02,0.000000000000000000e+00
8.728583000000126049e+02,0.000000000000000000e+00
8.729583000000127413e+02,0.000000000000000000e+00
8.730583000000126503e+02,0.000000000000000000e+00
8.731583000000125594e+02,0.000000000000000000e+00
8.732583000000126958e+02,0.000000000000000000e+00
8.733583000000126049e+02,0.000000000000000000e+00
8.734583000000127413e+02,0.000000000000000000e+00
8.735583000000126503e+02,0.000000000000000000e+00
8.736583000000126731e+02,0.000000000000000000e+00
8.737583000000126958e+02,0.000000000000000000e+00
8.738583000000126049e+02,0.000000000000000000e+00
8.739583000000127413e+02,0.000000000000000000e+00
8.740583000000126503e+02,0.000000000000000000e+00
8.741583000000126731e+02,0.000000000000000000e+00
8.742583000000126958e+02,0.000000000000000000e+00
8.743583000000126049e+02,0.000000000000000000e+00
8.744583000000127413e+02,0.000000000000000000e+00
8.745583000000126503e+02,0.000000000000000000e+00
8.746583000000127868e+02,0.000000000000000000e+00
8.747583000000126958e+02,0.000000000000000000e+00
8.748583000000126049e+02,0.000000000000000000e+00
8.749583000000127413e+02,0.000000000000000000e+00
8.750583000000126503e+02,0.000000000000000000e+00
8.751583000000127868e+02,0.000000000000000000e+00
8.752583000000126958e+02,0.000000000000000000e+00
8.753583000000126049e+02,0.000000000000000000e+00
8.754583000000127413e+02,0.000000000000000000e+00
8.755583000000126503e+02,0.000000000000000000e+00
8.756583000000127868e+02,0.000000000000000000e+00
8.757583000000126958e+02,0.000000000000000000e+00
8.758583000000126049e+02,0.000000000000000000e+00
8.759583000000127413e+02,0.000000000000000000e+00
8.760583000000126503e+02,0.000000000000000000e+00
8.761583000000127868e+02,0.000000000000000000e+00
8.762583000000126958e+02,0.000000000000000000e+00
8.763583000000126049e+02,0.000000000000000000e+00
8.764583000000127413e+02,0.000000000000000000e+00
8.765583000000126503e+02,0.000000000000000000e+00
8.766583000000127868e+02,0.000000000000000000e+00
8.767583000000126958e+02,0.000000000000000000e+00
8.768583000000127186e+02,0.000000000000000000e+00
8.769583000000127413e+02,0.000000000000000000e+00
8.770583000000126503e+02,0.000000000000000000e+00
8.771583000000127868e+02,0.000000000000000000e+00
8.772583000000126958e+02,0.000000000000000000e+00
8.773583000000127186e+02,0.000000000000000000e+00
8.774583000000127413e+02,0.000000000000000000e+00
8.775583000000126503e+02,0.000000000000000000e+00
8.776583000000127868e+02,0.000000000000000000e+00
8.777583000000126958e+02,0.000000000000000000e+00
8.778583000000128322e+02,0.000000000000000000e+00
8.779583000000127413e+02,0.000000000000000000e+00
8.780583000000126503e+02,0.000000000000000000e+00
8.781583000000127868e+02,0.000000000000000000e+00
8.782583000000126958e+02,0.000000000000000000e+00
8.783583000000128322e+02,0.000000000000000000e+00
8.784583000000127413e+02,0.000000000000000000e+00
8.785583000000126503e+02,0.000000000000000000e+00
8.786583000000127868e+02,0.000000000000000000e+00
8.787583000000126958e+02,0.000000000000000000e+00
8.788583000000128322e+02,0.000000000000000000e+00
8.789583000000127413e+02,0.000000000000000000e+00
8.790583000000126503e+02,0.000000000000000000e+00
8.791583000000127868e+02,0.000000000000000000e+00
8.792583000000126958e+02,0.000000000000000000e+00
8.793583000000128322e+02,0.000000000000000000e+00
8.794583000000127413e+02,0.000000000000000000e+00
8.795583000000126503e+02,0.000000000000000000e+00
8.796583000000127868e+02,0.000000000000000000e+00
8.797583000000126958e+02,0.000000000000000000e+00
8.798583000000128322e+02,0.000000000000000000e+00
8.799583000000127413e+02,0.000000000000000000e+00
8.800583000000127640e+02,0.000000000000000000e+00
8.801583000000127868e+02,0.000000000000000000e+00
8.802583000000126958e+02,0.000000000000000000e+00
8.803583000000128322e+02,0.000000000000000000e+00
8.804583000000127413e+02,0.000000000000000000e+00
8.805583000000127640e+02,0.000000000000000000e+00
8.806583000000127868e+02,0.000000000000000000e+00
8.807583000000126958e+02,0.000000000000000000e+00
8.808583000000128322e+02,0.000000000000000000e+00
8.809583000000127413e+02,0.000000000000000000e+00
8.810583000000128777e+02,0.000000000000000000e+00
8.811583000000127868e+02,0.000000000000000000e+00
8.812583000000126958e+02,0.000000000000000000e+00
8.813583000000128322e+02,0.000000000000000000e+00
8.814583000000127413e+02,0.000000000000000000e+00
8.815583000000128777e+02,0.000000000000000000e+00
8.816583000000127868e+02,0.000000000000000000e+00
8.817583000000126958e+02,0.000000000000000000e+00
8.818583000000128322e+02,0.000000000000000000e+00
8.819583000000127413e+02,0.000000000000000000e+00
8.820583000000128777e+02,0.000000000000000000e+00
8.821583000000127868e+02,0.000000000000000000e+00
8.822583000000126958e+02,0.000000000000000000e+00
8.823583000000128322e+02,0.000000000000000000e+00
8.824583000000127413e+02,0.000000000000000000e+00
8.825583000000128777e+02,0.000000000000000000e+00
8.826583000000127868e+02,0.000000000000000000e+00
8.827583000000126958e+02,0.000000000000000000e+00
8.828583000000128322e+02,0.000000000000000000e+00
8.829583000000127413e+02,0.000000000000000000e+00
8.830583000000128777e+02,0.000000000000000000e+00
8.831583000000127868e+02,0.000000000000000000e+00
8.832583000000128095e+02,0.000000000000000000e+00
8.833583000000128322e+02,0.000000000000000000e+00
8.834583000000127413e+02,0.000000000000000000e+00
8.835583000000128777e+02,0.000000000000000000e+00
8.836583000000127868e+02,0.000000000000000000e+00
8.837583000000128095e+02,0.000000000000000000e+00
8.838583000000128322e+02,0.000000000000000000e+00
8.839583000000127413e+02,0.000000000000000000e+00
8.840583000000128777e+02,0.000000000000000000e+00
8.841583000000127868e+02,0.000000000000000000e+00
8.842583000000129232e+02,0.000000000000000000e+00
8.843583000000128322e+02,0.000000000000000000e+00
8.844583000000127413e+02,0.000000000000000000e+00
8.845583000000128777e+02,0.000000000000000000e+00
8.846583000000127868e+02,0.000000000000000000e+00
8.847583000000129232e+02,0.000000000000000000e+00
8.848583000000128322e+02,0.000000000000000000e+00
8.849583000000127413e+02,0.000000000000000000e+00
8.850583000000128777e+02,0.000000000000000000e+00
8.851583000000127868e+02,0.000000000000000000e+00
8.852583000000129232e+02,0.000000000000000000e+00
8.853583000000128322e+02,0.000000000000000000e+00
8.854583000000127413e+02,0.000000000000000000e+00
8.855583000000128777e+02,0.000000000000000000e+00
8.856583000000127868e+02,0.000000000000000000e+00
8.857583000000129232e+02,0.000000000000000000e+00
8.858583000000128322e+02,0.000000000000000000e+00
8.859583000000127413e+02,0.000000000000000000e+00
8.860583000000128777e+02,0.000000000000000000e+00
8.861583000000127868e+02,0.000000000000000000e+00
8.862583000000129232e+02,0.000000000000000000e+00
8.863583000000128322e+02,0.000000000000000000e+00
8.864583000000128550e+02,0.000000000000000000e+00
8.865583000000128777e+02,0.000000000000000000e+00
8.866583000000127868e+02,0.000000000000000000e+00
8.867583000000129232e+02,0.000000000000000000e+00
8.868583000000128322e+02,0.000000000000000000e+00
8.869583000000128550e+02,0.000000000000000000e+00
8.870583000000128777e+02,0.000000000000000000e+00
8.871583000000127868e+02,0.000000000000000000e+00
8.872583000000129232e+02,0.000000000000000000e+00
8.873583000000128322e+02,0.000000000000000000e+00
8.874583000000129687e+02,0.000000000000000000e+00
8.875583000000128777e+02,0.000000000000000000e+00
8.876583000000127868e+02,0.000000000000000000e+00
8.877583000000129232e+02,0.000000000000000000e+00
8.878583000000128322e+02,0.000000000000000000e+00
8.879583000000129687e+02,0.000000000000000000e+00
8.880583000000128777e+02,0.000000000000000000e+00
8.881583000000127868e+02,0.000000000000000000e+00
8.882583000000129232e+02,0.000000000000000000e+00
8.883583000000128322e+02,0.000000000000000000e+00
8.884583000000129687e+02,0.000000000000000000e+00
8.885583000000128777e+02,0.000000000000000000e+00
8.886583000000127868e+02,0.000000000000000000e+00
8.887583000000129232e+02,0.000000000000000000e+00
8.888583000000128322e+02,0.000000000000000000e+00
8.889583000000129687e+02,0.000000000000000000e+00
8.890583000000128777e+02,0.000000000000000000e+00
8.891583000000127868e+02,0.000000000000000000e+00
8.892583000000129232e+02,0.000000000000000000e+00
8.893583000000128322e+02,0.000000000000000000e+00
8.894583000000129687e+02,0.000000000000000000e+00
8.895583000000128777e+02,0.000000000000000000e+00
8.896583000000129005e+02,0.000000000000000000e+00
8.897583000000129232e+02,0.000000000000000000e+00
8.898583000000128322e+02,0.000000000000000000e+00
8.899583000000129687e+02,0.000000000000000000e+00
8.900583000000128777e+02,0.000000000000000000e+00
8.901583000000129005e+02,0.000000000000000000e+00
8.902583000000129232e+02,0.000000000000000000e+00
8.903583000000128322e+02,0.000000000000000000e+00
8.904583000000129687e+02,0.000000000000000000e+00
8.905583000000128777e+02,0.000000000000000000e+00
8.906583000000130141e+02,0.000000000000000000e+00
8.907583000000129232e+02,0.000000000000000000e+00
8.908583000000128322e+02,0.000000000000000000e+00
8.909583000000129687e+02,0.000000000000000000e+00
8.910583000000128777e+02,0.000000000000000000e+00
8.911583000000130141e+02,0.000000000000000000e+00
8.912583000000129232e+02,0.000000000000000000e+00
8.913583000000128322e+02,0.000000000000000000e+00
8.914583000000129687e+02,0.000000000000000000e+00
8.915583000000128777e+02,0.000000000000000000e+00
8.916583000000130141e+02,0.000000000000000000e+00
8.917583000000129232e+02,0.000000000000000000e+00
8.918583000000128322e+02,0.000000000000000000e+00
8.919583000000129687e+02,0.000000000000000000e+00
8.920583000000128777e+02,0.000000000000000000e+00
8.921583000000130141e+02,0.000000000000000000e+00
8.922583000000129232e+02,0.000000000000000000e+00
8.923583000000128322e+02,0.000000000000000000e+00
8.924583000000129687e+02,0.000000000000000000e+00
8.925583000000128777e+02,0.000000000000000000e+00
8.926583000000130141e+02,0.000000000000000000e+00
8.927583000000129232e+02,0.000000000000000000e+00
8.928583000000129459e+02,0.000000000000000000e+00
8.929583000000129687e+02,0.000000000000000000e+00
8.930583000000128777e+02,0.000000000000000000e+00
8.931583000000130141e+02,0.000000000000000000e+00
8.932583000000129232e+02,0.000000000000000000e+00
8.933583000000129459e+02,0.000000000000000000e+00
8.934583000000129687e+02,0.000000000000000000e+00
8.935583000000128777e+02,0.000000000000000000e+00
8.936583000000130141e+02,0.000000000000000000e+00
8.937583000000129232e+02,0.000000000000000000e+00
8.938583000000130596e+02,0.000000000000000000e+00
8.939583000000129687e+02,0.000000000000000000e+00
8.940583000000128777e+02,0.000000000000000000e+00
8.941583000000130141e+02,0.000000000000000000e+00
8.942583000000129232e+02,0.000000000000000000e+00
8.943583000000130596e+02,0.000000000000000000e+00
8.944583000000129687e+02,0.000000000000000000e+00
8.945583000000128777e+02,0.000000000000000000e+00
8.946583000000130141e+02,0.000000000000000000e+00
8.947583000000129232e+02,0.000000000000000000e+00
8.948583000000130596e+02,0.000000000000000000e+00
8.949583000000129687e+02,0.000000000000000000e+00
8.950583000000128777e+02,0.000000000000000000e+00
8.951583000000130141e+02,0.000000000000000000e+00
8.952583000000129232e+02,0.000000000000000000e+00
8.953583000000130596e+02,0.000000000000000000e+00
8.954583000000129687e+02,0.000000000000000000e+00
8.955583000000128777e+02,0.000000000000000000e+00
8.956583000000130141e+02,0.000000000000000000e+00
8.957583000000129232e+02,0.000000000000000000e+00
8.958583000000130596e+02,0.000000000000000000e+00
8.959583000000129687e+02,0.000000000000000000e+00
8.960583000000129914e+02,0.000000000000000000e+00
8.961583000000130141e+02,0.000000000000000000e+00
8.962583000000129232e+02,1.024590163934193179e-02
8.963583000000130596e+02,0.000000000000000000e+00
8.964583000000129687e+02,1.024590163934193179e-02
