0.1571_9.8551
-1.119219999999999970e+01,6.472491909385136299e-02
-1.109220000000000184e+01,0.000000000000000000e+00
-1.099220000000000041e+01,0.000000000000000000e+00
-1.089220000000000255e+01,0.000000000000000000e+00
-1.079220000000000113e+01,0.000000000000000000e+00
-1.069220000000000326e+01,0.000000000000000000e+00
-1.059220000000000184e+01,0.000000000000000000e+00
-1.049220000000000397e+01,0.000000000000000000e+00
-1.039220000000000255e+01,0.000000000000000000e+00
-1.029220000000000468e+01,0.000000000000000000e+00
-1.019220000000000326e+01,0.000000000000000000e+00
-1.009220000000000539e+01,0.000000000000000000e+00
-9.992200000000003968e+00,0.000000000000000000e+00
-9.892200000000006099e+00,0.000000000000000000e+00
-9.792200000000004678e+00,0.000000000000000000e+00
-9.692200000000006810e+00,0.000000000000000000e+00
-9.592200000000005389e+00,0.000000000000000000e+00
-9.492200000000007520e+00,0.000000000000000000e+00
-9.392200000000006099e+00,0.000000000000000000e+00
-9.292200000000008231e+00,0.000000000000000000e+00
-9.192200000000006810e+00,0.000000000000000000e+00
-9.092200000000008941e+00,0.000000000000000000e+00
-8.992200000000007520e+00,0.000000000000000000e+00
-8.892200000000009652e+00,0.000000000000000000e+00
-8.792200000000008231e+00,0.000000000000000000e+00
-8.692200000000010363e+00,0.000000000000000000e+00
-8.592200000000008941e+00,0.000000000000000000e+00
-8.492200000000011073e+00,0.000000000000000000e+00
-8.392200000000009652e+00,0.000000000000000000e+00
-8.292200000000011784e+00,0.000000000000000000e+00
-8.192200000000010363e+00,0.000000000000000000e+00
-8.092200000000012494e+00,0.000000000000000000e+00
-7.992200000000011961e+00,0.000000000000000000e+00
-7.892200000000012317e+00,0.000000000000000000e+00
-7.792200000000012672e+00,0.000000000000000000e+00
-7.692200000000013027e+00,0.000000000000000000e+00
-7.592200000000013382e+00,0.000000000000000000e+00
-7.492200000000013738e+00,0.000000000000000000e+00
-7.392200000000014093e+00,0.000000000000000000e+00
-7.292200000000014448e+00,0.000000000000000000e+00
-7.192200000000014803e+00,0.000000000000000000e+00
-7.092200000000015159e+00,0.000000000000000000e+00
-6.992200000000015514e+00,0.000000000000000000e+00
-6.892200000000015869e+00,0.000000000000000000e+00
-6.792200000000016225e+00,0.000000000000000000e+00
-6.692200000000016580e+00,0.000000000000000000e+00
-6.592200000000016935e+00,0.000000000000000000e+00
-6.492200000000017290e+00,0.000000000000000000e+00
-6.392200000000017646e+00,0.000000000000000000e+00
-6.292200000000018001e+00,0.000000000000000000e+00
-6.192200000000018356e+00,0.000000000000000000e+00
-6.092200000000018711e+00,0.000000000000000000e+00
-5.992200000000019067e+00,0.000000000000000000e+00
-5.892200000000019422e+00,0.000000000000000000e+00
-5.792200000000019777e+00,0.000000000000000000e+00
-5.692200000000020133e+00,0.000000000000000000e+00
-5.592200000000020488e+00,0.000000000000000000e+00
-5.492200000000020843e+00,0.000000000000000000e+00
-5.392200000000021198e+00,0.000000000000000000e+00
-5.292200000000021554e+00,0.000000000000000000e+00
-5.192200000000021909e+00,0.000000000000000000e+00
-5.092200000000022264e+00,0.000000000000000000e+00
-4.992200000000022619e+00,0.000000000000000000e+00
-4.892200000000022975e+00,0.000000000000000000e+00
-4.792200000000023330e+00,0.000000000000000000e+00
-4.692200000000023685e+00,0.000000000000000000e+00
-4.592200000000024041e+00,0.000000000000000000e+00
-4.492200000000024396e+00,0.000000000000000000e+00
-4.392200000000024751e+00,0.000000000000000000e+00
-4.292200000000025106e+00,0.000000000000000000e+00
-4.192200000000025462e+00,0.000000000000000000e+00
-4.092200000000025817e+00,0.000000000000000000e+00
-3.992200000000026172e+00,0.000000000000000000e+00
-3.892200000000026527e+00,0.000000000000000000e+00
-3.792200000000026883e+00,0.000000000000000000e+00
-3.692200000000027238e+00,0.000000000000000000e+00
-3.592200000000027593e+00,0.000000000000000000e+00
-3.492200000000027948e+00,0.000000000000000000e+00
-3.392200000000028304e+00,0.000000000000000000e+00
-3.292200000000028659e+00,0.000000000000000000e+00
-3.192200000000029014e+00,0.000000000000000000e+00
-3.092200000000029370e+00,0.000000000000000000e+00
-2.992200000000029725e+00,0.000000000000000000e+00
-2.892200000000030080e+00,0.000000000000000000e+00
-2.792200000000030435e+00,0.000000000000000000e+00
-2.692200000000030791e+00,0.000000000000000000e+00
-2.592200000000031146e+00,0.000000000000000000e+00
-2.492200000000031501e+00,0.000000000000000000e+00
-2.392200000000031856e+00,0.000000000000000000e+00
-2.292200000000032212e+00,0.000000000000000000e+00
-2.192200000000032567e+00,0.000000000000000000e+00
-2.092200000000032922e+00,0.000000000000000000e+00
-1.992200000000033278e+00,0.000000000000000000e+00
-1.892200000000033633e+00,0.000000000000000000e+00
-1.792200000000033988e+00,0.000000000000000000e+00
-1.692200000000034343e+00,0.000000000000000000e+00
-1.592200000000034699e+00,0.000000000000000000e+00
-1.492200000000035054e+00,0.000000000000000000e+00
-1.392200000000035409e+00,0.000000000000000000e+00
-1.292200000000035764e+00,0.000000000000000000e+00
-1.192200000000036120e+00,1.078748651564189441e-02
-1.092200000000036475e+00,0.000000000000000000e+00
-9.922000000000368303e-01,2.157497303128378882e-02
-8.922000000000371855e-01,0.000000000000000000e+00
-7.922000000000375408e-01,2.157497303128378882e-02
-6.922000000000378961e-01,1.078748651564189441e-02
-5.922000000000382514e-01,4.314994606256757764e-02
-4.922000000000386066e-01,3.236245954692568150e-02
-3.922000000000389619e-01,0.000000000000000000e+00
-2.922000000000393172e-01,2.157497303128378882e-02
-1.922000000000396724e-01,0.000000000000000000e+00
-9.220000000004002771e-02,0.000000000000000000e+00
7.799999999959617014e-03,5.393743257820946685e-02
1.077999999999592617e-01,2.265372168284797705e-01
2.077999999999589065e-01,1.186623516720608368e-01
3.077999999999585512e-01,2.049622437971959921e-01
4.077999999999581959e-01,1.833872707659121859e-01
5.077999999999578407e-01,1.725997842502703106e-01
6.077999999999574854e-01,1.294498381877027260e-01
7.077999999999571301e-01,1.402373247033446013e-01
8.077999999999567748e-01,1.833872707659121859e-01
9.077999999999564196e-01,1.402373247033446013e-01
1.007799999999956064e+00,1.402373247033446013e-01
1.107799999999955709e+00,8.629989212513515529e-02
1.207799999999955354e+00,1.186623516720608368e-01
1.307799999999954998e+00,1.402373247033446013e-01
1.407799999999954643e+00,8.629989212513515529e-02
1.507799999999954288e+00,1.186623516720608368e-01
1.607799999999953933e+00,1.186623516720608368e-01
1.707799999999953577e+00,8.629989212513515529e-02
1.807799999999953222e+00,9.708737864077705837e-02
1.907799999999952867e+00,9.708737864077705837e-02
2.007799999999952512e+00,1.078748651564189337e-01
2.107799999999952156e+00,1.186623516720608368e-01
2.207799999999951801e+00,1.294498381877027260e-01
2.307799999999951446e+00,1.294498381877027260e-01
2.407799999999951091e+00,1.078748651564189337e-01
2.507799999999950735e+00,1.510248112189865322e-01
2.607799999999950380e+00,9.708737864077705837e-02
2.707799999999950025e+00,8.629989212513515529e-02
2.807799999999949669e+00,1.078748651564189337e-01
2.907799999999949314e+00,9.708737864077705837e-02
3.007799999999948959e+00,6.472491909385136299e-02
3.107799999999948604e+00,8.629989212513515529e-02
3.207799999999948248e+00,5.393743257820946685e-02
3.307799999999947893e+00,7.551240560949326608e-02
3.407799999999947538e+00,6.472491909385136299e-02
3.507799999999947183e+00,6.472491909385136299e-02
3.607799999999946827e+00,5.393743257820946685e-02
3.707799999999946472e+00,5.393743257820946685e-02
3.807799999999946117e+00,4.314994606256757764e-02
3.907799999999945761e+00,8.629989212513515529e-02
4.007799999999945406e+00,8.629989212513515529e-02
4.107799999999945051e+00,5.393743257820946685e-02
4.207799999999944696e+00,7.551240560949326608e-02
4.307799999999944340e+00,8.629989212513515529e-02
4.407799999999943985e+00,4.314994606256757764e-02
4.507799999999943630e+00,6.472491909385136299e-02
4.607799999999943275e+00,6.472491909385136299e-02
4.707799999999942919e+00,3.236245954692568150e-02
4.807799999999943452e+00,5.393743257820850928e-02
4.907799999999943097e+00,3.236245954692625743e-02
5.007799999999940965e+00,5.393743257821042442e-02
5.107799999999940610e+00,4.314994606256680743e-02
5.207799999999942031e+00,0.000000000000000000e+00
5.307799999999941676e+00,3.236245954692625743e-02
5.407799999999939544e+00,5.393743257821042442e-02
5.507799999999939189e+00,2.157497303128340371e-02
5.607799999999940610e+00,1.078748651564170186e-02
5.707799999999940255e+00,1.078748651564208523e-02
5.807799999999938123e+00,2.157497303128417046e-02
5.907799999999937768e+00,5.393743257820850928e-02
6.007799999999939189e+00,3.236245954692510557e-02
6.107799999999938834e+00,4.314994606256834092e-02
6.207799999999936702e+00,6.472491909385251485e-02
6.307799999999936347e+00,8.629989212513361485e-02
6.407799999999937768e+00,7.551240560949191993e-02
6.507799999999937413e+00,5.393743257821042442e-02
6.607799999999935281e+00,3.236245954692625743e-02
6.707799999999934926e+00,5.393743257820850928e-02
6.807799999999936347e+00,8.629989212513361485e-02
6.907799999999935991e+00,6.472491909385251485e-02
7.007799999999933860e+00,6.472491909385251485e-02
7.107799999999933505e+00,7.551240560949191993e-02
7.207799999999934926e+00,7.551240560949191993e-02
7.307799999999934570e+00,6.472491909385251485e-02
7.407799999999932439e+00,7.551240560949459835e-02
7.507799999999932083e+00,2.157497303128340371e-02
7.607799999999933505e+00,7.551240560949191993e-02
7.707799999999933149e+00,4.314994606256834092e-02
7.807799999999931018e+00,5.393743257821042442e-02
7.907799999999930662e+00,3.236245954692510557e-02
8.007799999999932083e+00,7.551240560949191993e-02
8.107799999999931728e+00,2.157497303128417046e-02
8.207799999999929597e+00,5.393743257821042442e-02
8.307799999999929241e+00,4.314994606256680743e-02
8.407799999999930662e+00,4.314994606256680743e-02
8.507799999999930307e+00,4.314994606256834092e-02
8.607799999999928175e+00,4.314994606256834092e-02
8.707799999999927820e+00,6.472491909385021114e-02
8.807799999999929241e+00,2.157497303128340371e-02
8.907799999999928886e+00,4.314994606256834092e-02
9.007799999999926754e+00,6.472491909385251485e-02
9.107799999999926399e+00,2.157497303128340371e-02
9.207799999999927820e+00,2.157497303128340371e-02
9.307799999999927465e+00,3.236245954692625743e-02
9.407799999999925333e+00,6.472491909385251485e-02
9.507799999999924978e+00,4.314994606256680743e-02
9.607799999999926399e+00,5.393743257820850928e-02
9.707799999999926044e+00,2.157497303128417046e-02
9.807799999999923912e+00,2.157497303128417046e-02
9.907799999999923557e+00,3.236245954692510557e-02
1.000779999999992498e+01,6.472491909385021114e-02
1.010779999999992462e+01,4.314994606256834092e-02
1.020779999999992249e+01,4.314994606256834092e-02
1.030779999999992214e+01,2.157497303128340371e-02
1.040779999999992356e+01,3.236245954692510557e-02
1.050779999999992320e+01,2.157497303128417046e-02
1.060779999999992107e+01,3.236245954692625743e-02
1.070779999999992071e+01,3.236245954692510557e-02
1.080779999999992214e+01,2.157497303128340371e-02
1.090779999999992178e+01,0.000000000000000000e+00
1.100779999999991965e+01,3.236245954692625743e-02
1.110779999999991929e+01,3.236245954692510557e-02
1.120779999999992071e+01,1.078748651564170186e-02
1.130779999999992036e+01,1.078748651564208523e-02
1.140779999999991823e+01,1.078748651564208523e-02
1.150779999999991787e+01,2.157497303128340371e-02
1.160779999999991929e+01,0.000000000000000000e+00
1.170779999999991894e+01,0.000000000000000000e+00
1.180779999999991681e+01,1.078748651564208523e-02
1.190779999999991645e+01,1.078748651564170186e-02
1.200779999999991787e+01,0.000000000000000000e+00
1.210779999999991752e+01,0.000000000000000000e+00
1.220779999999991539e+01,2.157497303128417046e-02
1.230779999999991503e+01,2.157497303128340371e-02
1.240779999999991645e+01,1.078748651564170186e-02
1.250779999999991610e+01,0.000000000000000000e+00
1.260779999999991396e+01,0.000000000000000000e+00
1.270779999999991361e+01,0.000000000000000000e+00
1.280779999999991503e+01,0.000000000000000000e+00
1.290779999999991468e+01,0.000000000000000000e+00
1.300779999999991254e+01,0.000000000000000000e+00
1.310779999999991219e+01,0.000000000000000000e+00
1.320779999999991361e+01,0.000000000000000000e+00
1.330779999999991325e+01,0.000000000000000000e+00
1.340779999999991112e+01,0.000000000000000000e+00
1.350779999999991077e+01,2.157497303128340371e-02
1.360779999999991219e+01,0.000000000000000000e+00
1.370779999999991183e+01,1.078748651564208523e-02
1.380779999999990970e+01,0.000000000000000000e+00
1.390779999999990935e+01,2.157497303128340371e-02
1.400779999999991077e+01,0.000000000000000000e+00
1.410779999999991041e+01,0.000000000000000000e+00
1.420779999999990828e+01,0.000000000000000000e+00
1.430779999999990793e+01,0.000000000000000000e+00
1.440779999999990935e+01,0.000000000000000000e+00
1.450779999999990899e+01,0.000000000000000000e+00
1.460779999999990686e+01,0.000000000000000000e+00
1.470779999999990650e+01,0.000000000000000000e+00
1.480779999999990793e+01,1.078748651564170186e-02
1.490779999999990757e+01,0.000000000000000000e+00
1.500779999999990544e+01,0.000000000000000000e+00
1.510779999999990508e+01,0.000000000000000000e+00
1.520779999999990650e+01,0.000000000000000000e+00
1.530779999999990615e+01,0.000000000000000000e+00
1.540779999999990402e+01,0.000000000000000000e+00
1.550779999999990366e+01,0.000000000000000000e+00
1.560779999999990508e+01,0.000000000000000000e+00
1.570779999999990473e+01,0.000000000000000000e+00
1.580779999999990260e+01,0.000000000000000000e+00
1.590779999999990224e+01,0.000000000000000000e+00
1.600779999999990366e+01,0.000000000000000000e+00
1.610779999999990508e+01,0.000000000000000000e+00
1.620779999999989940e+01,0.000000000000000000e+00
1.630779999999990082e+01,0.000000000000000000e+00
1.640779999999990224e+01,0.000000000000000000e+00
1.650779999999990366e+01,0.000000000000000000e+00
1.660779999999989798e+01,0.000000000000000000e+00
1.670779999999989940e+01,0.000000000000000000e+00
1.680779999999990082e+01,0.000000000000000000e+00
1.690779999999990224e+01,0.000000000000000000e+00
1.700779999999989656e+01,0.000000000000000000e+00
1.710779999999989798e+01,0.000000000000000000e+00
1.720779999999989940e+01,0.000000000000000000e+00
1.730779999999990082e+01,0.000000000000000000e+00
1.740779999999989514e+01,0.000000000000000000e+00
1.750779999999989656e+01,0.000000000000000000e+00
1.760779999999989798e+01,0.000000000000000000e+00
1.770779999999989940e+01,0.000000000000000000e+00
1.780779999999989371e+01,0.000000000000000000e+00
1.790779999999989514e+01,0.000000000000000000e+00
1.800779999999989656e+01,0.000000000000000000e+00
1.810779999999989798e+01,0.000000000000000000e+00
1.820779999999989229e+01,0.000000000000000000e+00
1.830779999999989371e+01,0.000000000000000000e+00
1.840779999999989514e+01,0.000000000000000000e+00
1.850779999999989656e+01,0.000000000000000000e+00
1.860779999999989087e+01,0.000000000000000000e+00
1.870779999999989229e+01,0.000000000000000000e+00
1.880779999999989371e+01,0.000000000000000000e+00
1.890779999999989514e+01,0.000000000000000000e+00
1.900779999999988945e+01,0.000000000000000000e+00
1.910779999999989087e+01,0.000000000000000000e+00
1.920779999999989229e+01,0.000000000000000000e+00
1.930779999999989371e+01,0.000000000000000000e+00
1.940779999999988803e+01,0.000000000000000000e+00
1.950779999999988945e+01,0.000000000000000000e+00
1.960779999999989087e+01,1.078748651564170186e-02
1.970779999999989229e+01,3.236245954692625743e-02
1.980779999999988661e+01,1.078748651564208523e-02
1.990779999999988803e+01,0.000000000000000000e+00
2.000779999999988945e+01,1.078748651564170186e-02
2.010779999999989087e+01,0.000000000000000000e+00
2.020779999999988519e+01,0.000000000000000000e+00
2.030779999999988661e+01,0.000000000000000000e+00
2.040779999999988803e+01,0.000000000000000000e+00
2.050779999999988945e+01,0.000000000000000000e+00
2.060779999999988377e+01,0.000000000000000000e+00
2.070779999999988519e+01,1.078748651564170186e-02
2.080779999999988661e+01,0.000000000000000000e+00
2.090779999999988803e+01,0.000000000000000000e+00
2.100779999999988590e+01,0.000000000000000000e+00
2.110779999999988377e+01,0.000000000000000000e+00
2.120779999999988519e+01,2.157497303128340371e-02
2.130779999999988306e+01,0.000000000000000000e+00
2.140779999999988092e+01,1.078748651564170186e-02
2.150779999999988235e+01,0.000000000000000000e+00
2.160779999999988377e+01,1.078748651564170186e-02
2.170779999999988519e+01,1.078748651564170186e-02
2.180779999999988306e+01,1.078748651564246860e-02
2.190779999999988092e+01,1.078748651564170186e-02
2.200779999999988235e+01,1.078748651564170186e-02
2.210779999999988021e+01,1.078748651564246860e-02
2.220779999999987808e+01,0.000000000000000000e+00
2.230779999999987950e+01,0.000000000000000000e+00
2.240779999999988092e+01,1.078748651564170186e-02
2.250779999999988235e+01,0.000000000000000000e+00
2.260779999999988021e+01,1.078748651564246860e-02
2.270779999999987808e+01,0.000000000000000000e+00
2.280779999999987950e+01,0.000000000000000000e+00
2.290779999999987737e+01,0.000000000000000000e+00
2.300779999999987524e+01,0.000000000000000000e+00
2.310779999999987666e+01,0.000000000000000000e+00
2.320779999999987808e+01,0.000000000000000000e+00
2.330779999999987950e+01,0.000000000000000000e+00
2.340779999999987737e+01,0.000000000000000000e+00
2.350779999999987524e+01,0.000000000000000000e+00
2.360779999999987666e+01,0.000000000000000000e+00
2.370779999999987453e+01,0.000000000000000000e+00
2.380779999999987240e+01,0.000000000000000000e+00
2.390779999999987382e+01,0.000000000000000000e+00
2.400779999999987524e+01,0.000000000000000000e+00
2.410779999999987666e+01,0.000000000000000000e+00
2.420779999999987453e+01,0.000000000000000000e+00
2.430779999999987240e+01,0.000000000000000000e+00
2.440779999999987382e+01,0.000000000000000000e+00
2.450779999999987169e+01,0.000000000000000000e+00
2.460779999999986956e+01,0.000000000000000000e+00
2.470779999999987098e+01,0.000000000000000000e+00
2.480779999999987240e+01,0.000000000000000000e+00
2.490779999999987382e+01,0.000000000000000000e+00
2.500779999999987169e+01,0.000000000000000000e+00
2.510779999999986956e+01,0.000000000000000000e+00
2.520779999999987098e+01,0.000000000000000000e+00
2.530779999999986885e+01,0.000000000000000000e+00
2.540779999999986671e+01,0.000000000000000000e+00
2.550779999999986813e+01,0.000000000000000000e+00
2.560779999999986956e+01,0.000000000000000000e+00
2.570779999999987098e+01,0.000000000000000000e+00
2.580779999999986885e+01,0.000000000000000000e+00
2.590779999999986671e+01,0.000000000000000000e+00
2.600779999999986813e+01,0.000000000000000000e+00
2.610779999999986600e+01,0.000000000000000000e+00
2.620779999999986387e+01,0.000000000000000000e+00
2.630779999999986529e+01,0.000000000000000000e+00
2.640779999999986671e+01,0.000000000000000000e+00
2.650779999999986813e+01,0.000000000000000000e+00
2.660779999999986600e+01,0.000000000000000000e+00
2.670779999999986387e+01,0.000000000000000000e+00
2.680779999999986529e+01,0.000000000000000000e+00
2.690779999999986316e+01,0.000000000000000000e+00
2.700779999999986103e+01,2.157497303128340371e-02
2.710779999999986245e+01,2.157497303128340371e-02
2.720779999999986387e+01,2.157497303128340371e-02
2.730779999999986529e+01,0.000000000000000000e+00
2.740779999999986316e+01,0.000000000000000000e+00
2.750779999999986103e+01,2.157497303128340371e-02
2.760779999999986245e+01,4.314994606256680743e-02
2.770779999999986032e+01,5.393743257821234649e-02
2.780779999999985819e+01,2.157497303128340371e-02
2.790779999999985961e+01,1.078748651564170186e-02
2.800779999999986103e+01,1.078748651564170186e-02
2.810779999999986245e+01,2.157497303128340371e-02
2.820779999999986032e+01,1.078748651564246860e-02
2.830779999999985819e+01,3.236245954692510557e-02
2.840779999999985961e+01,2.157497303128340371e-02
2.850779999999985748e+01,0.000000000000000000e+00
2.860779999999985534e+01,0.000000000000000000e+00
2.870779999999985677e+01,1.078748651564170186e-02
2.880779999999985819e+01,0.000000000000000000e+00
2.890779999999985961e+01,0.000000000000000000e+00
2.900779999999985748e+01,0.000000000000000000e+00
2.910779999999985534e+01,0.000000000000000000e+00
2.920779999999985677e+01,0.000000000000000000e+00
2.930779999999985463e+01,0.000000000000000000e+00
2.940779999999985250e+01,0.000000000000000000e+00
2.950779999999985392e+01,0.000000000000000000e+00
2.960779999999985534e+01,0.000000000000000000e+00
2.970779999999985677e+01,0.000000000000000000e+00
2.980779999999985463e+01,0.000000000000000000e+00
2.990779999999985250e+01,0.000000000000000000e+00
3.000779999999985392e+01,0.000000000000000000e+00
3.010779999999985179e+01,0.000000000000000000e+00
3.020779999999984966e+01,0.000000000000000000e+00
3.030779999999985108e+01,0.000000000000000000e+00
3.040779999999985250e+01,0.000000000000000000e+00
3.050779999999985392e+01,0.000000000000000000e+00
3.060779999999985179e+01,0.000000000000000000e+00
3.070779999999984966e+01,0.000000000000000000e+00
3.080779999999985108e+01,0.000000000000000000e+00
3.090779999999984895e+01,0.000000000000000000e+00
3.100779999999984682e+01,0.000000000000000000e+00
3.110779999999984824e+01,0.000000000000000000e+00
3.120779999999984966e+01,0.000000000000000000e+00
3.130779999999985108e+01,0.000000000000000000e+00
3.140779999999984895e+01,0.000000000000000000e+00
3.150779999999984682e+01,0.000000000000000000e+00
3.160779999999984824e+01,0.000000000000000000e+00
3.170779999999984611e+01,0.000000000000000000e+00
3.180779999999984398e+01,0.000000000000000000e+00
3.190779999999984540e+01,0.000000000000000000e+00
3.200779999999984682e+01,0.000000000000000000e+00
3.210779999999984824e+01,0.000000000000000000e+00
3.220779999999984966e+01,0.000000000000000000e+00
3.230779999999984398e+01,0.000000000000000000e+00
3.240779999999984540e+01,0.000000000000000000e+00
3.250779999999984682e+01,0.000000000000000000e+00
3.260779999999984113e+01,0.000000000000000000e+00
3.270779999999984256e+01,0.000000000000000000e+00
3.280779999999984398e+01,0.000000000000000000e+00
3.290779999999984540e+01,0.000000000000000000e+00
3.300779999999984682e+01,0.000000000000000000e+00
3.310779999999984113e+01,0.000000000000000000e+00
3.320779999999984256e+01,0.000000000000000000e+00
3.330779999999984398e+01,0.000000000000000000e+00
3.340779999999983829e+01,0.000000000000000000e+00
3.350779999999983971e+01,0.000000000000000000e+00
3.360779999999984113e+01,0.000000000000000000e+00
3.370779999999984256e+01,0.000000000000000000e+00
3.380779999999984398e+01,0.000000000000000000e+00
3.390779999999983829e+01,0.000000000000000000e+00
3.400779999999983971e+01,0.000000000000000000e+00
3.410779999999984113e+01,0.000000000000000000e+00
3.420779999999983545e+01,0.000000000000000000e+00
3.430779999999983687e+01,0.000000000000000000e+00
3.440779999999983829e+01,0.000000000000000000e+00
3.450779999999983971e+01,0.000000000000000000e+00
3.460779999999984113e+01,0.000000000000000000e+00
3.470779999999983545e+01,0.000000000000000000e+00
3.480779999999983687e+01,0.000000000000000000e+00
3.490779999999983829e+01,0.000000000000000000e+00
3.500779999999983261e+01,0.000000000000000000e+00
3.510779999999983403e+01,0.000000000000000000e+00
3.520779999999983545e+01,0.000000000000000000e+00
3.530779999999983687e+01,0.000000000000000000e+00
3.540779999999983829e+01,0.000000000000000000e+00
3.550779999999983261e+01,0.000000000000000000e+00
3.560779999999983403e+01,0.000000000000000000e+00
3.570779999999983545e+01,0.000000000000000000e+00
3.580779999999982977e+01,0.000000000000000000e+00
3.590779999999983119e+01,0.000000000000000000e+00
3.600779999999983261e+01,0.000000000000000000e+00
3.610779999999983403e+01,0.000000000000000000e+00
3.620779999999983545e+01,0.000000000000000000e+00
3.630779999999982977e+01,0.000000000000000000e+00
3.640779999999983119e+01,0.000000000000000000e+00
3.650779999999983261e+01,0.000000000000000000e+00
3.660779999999982692e+01,0.000000000000000000e+00
3.670779999999982834e+01,0.000000000000000000e+00
3.680779999999982977e+01,0.000000000000000000e+00
3.690779999999983119e+01,0.000000000000000000e+00
3.700779999999983261e+01,0.000000000000000000e+00
3.710779999999982692e+01,0.000000000000000000e+00
3.720779999999982834e+01,0.000000000000000000e+00
3.730779999999982977e+01,0.000000000000000000e+00
3.740779999999982408e+01,0.000000000000000000e+00
3.750779999999982550e+01,0.000000000000000000e+00
3.760779999999982692e+01,0.000000000000000000e+00
3.770779999999982834e+01,0.000000000000000000e+00
3.780779999999982977e+01,1.078748651564246860e-02
3.790779999999982408e+01,0.000000000000000000e+00
3.800779999999982550e+01,1.078748651564093511e-02
3.810779999999982692e+01,1.078748651564246860e-02
3.820779999999982124e+01,2.157497303128493721e-02
3.830779999999982266e+01,1.078748651564093511e-02
3.840779999999982408e+01,0.000000000000000000e+00
3.850779999999982550e+01,0.000000000000000000e+00
3.860779999999982692e+01,0.000000000000000000e+00
3.870779999999982124e+01,0.000000000000000000e+00
3.880779999999982266e+01,0.000000000000000000e+00
3.890779999999982408e+01,0.000000000000000000e+00
3.900779999999981840e+01,0.000000000000000000e+00
3.910779999999981982e+01,0.000000000000000000e+00
3.920779999999982124e+01,0.000000000000000000e+00
3.930779999999982266e+01,0.000000000000000000e+00
3.940779999999982408e+01,0.000000000000000000e+00
3.950779999999981840e+01,0.000000000000000000e+00
3.960779999999981982e+01,0.000000000000000000e+00
3.970779999999982124e+01,0.000000000000000000e+00
3.980779999999981555e+01,0.000000000000000000e+00
3.990779999999981698e+01,0.000000000000000000e+00
4.000779999999981840e+01,0.000000000000000000e+00
4.010779999999981982e+01,0.000000000000000000e+00
4.020779999999982124e+01,0.000000000000000000e+00
4.030779999999981555e+01,0.000000000000000000e+00
4.040779999999981698e+01,0.000000000000000000e+00
4.050779999999981840e+01,0.000000000000000000e+00
4.060779999999981271e+01,0.000000000000000000e+00
4.070779999999981413e+01,0.000000000000000000e+00
4.080779999999981555e+01,0.000000000000000000e+00
4.090779999999981698e+01,0.000000000000000000e+00
4.100779999999981840e+01,0.000000000000000000e+00
4.110779999999981271e+01,0.000000000000000000e+00
4.120779999999981413e+01,0.000000000000000000e+00
4.130779999999981555e+01,0.000000000000000000e+00
4.140779999999980987e+01,0.000000000000000000e+00
4.150779999999981129e+01,0.000000000000000000e+00
4.160779999999981271e+01,0.000000000000000000e+00
4.170779999999981413e+01,0.000000000000000000e+00
4.180779999999981555e+01,0.000000000000000000e+00
4.190779999999980987e+01,0.000000000000000000e+00
4.200779999999981129e+01,0.000000000000000000e+00
4.210779999999981271e+01,0.000000000000000000e+00
4.220779999999980703e+01,0.000000000000000000e+00
4.230779999999980845e+01,0.000000000000000000e+00
4.240779999999980987e+01,0.000000000000000000e+00
4.250779999999981129e+01,0.000000000000000000e+00
4.260779999999981271e+01,0.000000000000000000e+00
4.270779999999980703e+01,0.000000000000000000e+00
4.280779999999980845e+01,0.000000000000000000e+00
4.290779999999980987e+01,0.000000000000000000e+00
4.300779999999980419e+01,0.000000000000000000e+00
4.310779999999980561e+01,0.000000000000000000e+00
4.320779999999980703e+01,0.000000000000000000e+00
4.330779999999980845e+01,0.000000000000000000e+00
4.340779999999980987e+01,0.000000000000000000e+00
4.350779999999980419e+01,0.000000000000000000e+00
4.360779999999980561e+01,0.000000000000000000e+00
4.370779999999980703e+01,0.000000000000000000e+00
4.380779999999980134e+01,0.000000000000000000e+00
4.390779999999980276e+01,0.000000000000000000e+00
4.400779999999980419e+01,0.000000000000000000e+00
4.410779999999980561e+01,0.000000000000000000e+00
4.420779999999980703e+01,0.000000000000000000e+00
4.430779999999980134e+01,0.000000000000000000e+00
4.440779999999980276e+01,0.000000000000000000e+00
4.450779999999980419e+01,0.000000000000000000e+00
4.460779999999979850e+01,0.000000000000000000e+00
4.470779999999979992e+01,0.000000000000000000e+00
4.480779999999980134e+01,0.000000000000000000e+00
4.490779999999980276e+01,0.000000000000000000e+00
4.500779999999980419e+01,0.000000000000000000e+00
4.510779999999979850e+01,0.000000000000000000e+00
4.520779999999979992e+01,0.000000000000000000e+00
4.530779999999980134e+01,0.000000000000000000e+00
4.540779999999979566e+01,0.000000000000000000e+00
4.550779999999979708e+01,0.000000000000000000e+00
4.560779999999979850e+01,0.000000000000000000e+00
4.570779999999979992e+01,0.000000000000000000e+00
4.580779999999980134e+01,0.000000000000000000e+00
4.590779999999979566e+01,0.000000000000000000e+00
4.600779999999979708e+01,0.000000000000000000e+00
4.610779999999979850e+01,0.000000000000000000e+00
4.620779999999979282e+01,0.000000000000000000e+00
4.630779999999979424e+01,0.000000000000000000e+00
4.640779999999979566e+01,0.000000000000000000e+00
4.650779999999979708e+01,0.000000000000000000e+00
4.660779999999979850e+01,0.000000000000000000e+00
4.670779999999979282e+01,0.000000000000000000e+00
4.680779999999979424e+01,0.000000000000000000e+00
4.690779999999979566e+01,0.000000000000000000e+00
4.700779999999978997e+01,0.000000000000000000e+00
4.710779999999979140e+01,0.000000000000000000e+00
4.720779999999979282e+01,0.000000000000000000e+00
4.730779999999979424e+01,0.000000000000000000e+00
4.740779999999979566e+01,0.000000000000000000e+00
4.750779999999978997e+01,0.000000000000000000e+00
4.760779999999979140e+01,0.000000000000000000e+00
4.770779999999979282e+01,0.000000000000000000e+00
4.780779999999978713e+01,0.000000000000000000e+00
4.790779999999978855e+01,0.000000000000000000e+00
4.800779999999978997e+01,0.000000000000000000e+00
4.810779999999979140e+01,0.000000000000000000e+00
4.820779999999979282e+01,0.000000000000000000e+00
4.830779999999978713e+01,0.000000000000000000e+00
4.840779999999978855e+01,0.000000000000000000e+00
4.850779999999978997e+01,0.000000000000000000e+00
4.860779999999978429e+01,0.000000000000000000e+00
4.870779999999978571e+01,0.000000000000000000e+00
4.880779999999978713e+01,0.000000000000000000e+00
4.890779999999978855e+01,0.000000000000000000e+00
4.900779999999978997e+01,0.000000000000000000e+00
4.910779999999978429e+01,0.000000000000000000e+00
4.920779999999978571e+01,0.000000000000000000e+00
4.930779999999978713e+01,0.000000000000000000e+00
4.940779999999978145e+01,0.000000000000000000e+00
4.950779999999978287e+01,0.000000000000000000e+00
4.960779999999978429e+01,0.000000000000000000e+00
4.970779999999978571e+01,0.000000000000000000e+00
4.980779999999978713e+01,0.000000000000000000e+00
4.990779999999978145e+01,0.000000000000000000e+00
5.000779999999978287e+01,0.000000000000000000e+00
5.010779999999978429e+01,0.000000000000000000e+00
5.020779999999977861e+01,0.000000000000000000e+00
5.030779999999978003e+01,0.000000000000000000e+00
5.040779999999978145e+01,0.000000000000000000e+00
5.050779999999978287e+01,0.000000000000000000e+00
5.060779999999978429e+01,0.000000000000000000e+00
5.070779999999977861e+01,0.000000000000000000e+00
5.080779999999978003e+01,0.000000000000000000e+00
5.090779999999978145e+01,0.000000000000000000e+00
5.100779999999977576e+01,0.000000000000000000e+00
5.110779999999977719e+01,0.000000000000000000e+00
5.120779999999977861e+01,0.000000000000000000e+00
5.130779999999978003e+01,0.000000000000000000e+00
5.140779999999978145e+01,0.000000000000000000e+00
5.150779999999977576e+01,0.000000000000000000e+00
5.160779999999977719e+01,0.000000000000000000e+00
5.170779999999977861e+01,0.000000000000000000e+00
5.180779999999977292e+01,0.000000000000000000e+00
5.190779999999977434e+01,0.000000000000000000e+00
5.200779999999977576e+01,0.000000000000000000e+00
5.210779999999977719e+01,0.000000000000000000e+00
5.220779999999977861e+01,0.000000000000000000e+00
5.230779999999977292e+01,0.000000000000000000e+00
5.240779999999977434e+01,0.000000000000000000e+00
5.250779999999977576e+01,0.000000000000000000e+00
5.260779999999977008e+01,0.000000000000000000e+00
5.270779999999977150e+01,0.000000000000000000e+00
5.280779999999977292e+01,0.000000000000000000e+00
5.290779999999977434e+01,0.000000000000000000e+00
5.300779999999977576e+01,0.000000000000000000e+00
5.310779999999977719e+01,0.000000000000000000e+00
5.320779999999977861e+01,0.000000000000000000e+00
5.330779999999977292e+01,0.000000000000000000e+00
5.340779999999977434e+01,0.000000000000000000e+00
5.350779999999977576e+01,0.000000000000000000e+00
5.360779999999977008e+01,0.000000000000000000e+00
5.370779999999977150e+01,0.000000000000000000e+00
5.380779999999977292e+01,0.000000000000000000e+00
5.390779999999976724e+01,0.000000000000000000e+00
5.400779999999976866e+01,0.000000000000000000e+00
5.410779999999977008e+01,0.000000000000000000e+00
5.420779999999977150e+01,0.000000000000000000e+00
5.430779999999977292e+01,0.000000000000000000e+00
5.440779999999976724e+01,0.000000000000000000e+00
5.450779999999976866e+01,0.000000000000000000e+00
5.460779999999977008e+01,0.000000000000000000e+00
5.470779999999977150e+01,0.000000000000000000e+00
5.480779999999977292e+01,0.000000000000000000e+00
5.490779999999976724e+01,0.000000000000000000e+00
5.500779999999976866e+01,0.000000000000000000e+00
5.510779999999977008e+01,0.000000000000000000e+00
5.520779999999976440e+01,0.000000000000000000e+00
5.530779999999976582e+01,0.000000000000000000e+00
5.540779999999976724e+01,0.000000000000000000e+00
5.550779999999976155e+01,0.000000000000000000e+00
5.560779999999976297e+01,0.000000000000000000e+00
5.570779999999976440e+01,0.000000000000000000e+00
5.580779999999976582e+01,0.000000000000000000e+00
5.590779999999976724e+01,0.000000000000000000e+00
5.600779999999976155e+01,0.000000000000000000e+00
5.610779999999976297e+01,0.000000000000000000e+00
5.620779999999976440e+01,0.000000000000000000e+00
5.630779999999976582e+01,0.000000000000000000e+00
5.640779999999976724e+01,0.000000000000000000e+00
5.650779999999976155e+01,0.000000000000000000e+00
5.660779999999976297e+01,0.000000000000000000e+00
5.670779999999976440e+01,0.000000000000000000e+00
5.680779999999975871e+01,0.000000000000000000e+00
5.690779999999976013e+01,0.000000000000000000e+00
5.700779999999976155e+01,0.000000000000000000e+00
5.710779999999975587e+01,0.000000000000000000e+00
5.720779999999975729e+01,0.000000000000000000e+00
5.730779999999975871e+01,0.000000000000000000e+00
5.740779999999976013e+01,0.000000000000000000e+00
5.750779999999976155e+01,0.000000000000000000e+00
5.760779999999975587e+01,0.000000000000000000e+00
5.770779999999975729e+01,0.000000000000000000e+00
5.780779999999975871e+01,0.000000000000000000e+00
5.790779999999976013e+01,0.000000000000000000e+00
5.800779999999976155e+01,0.000000000000000000e+00
5.810779999999975587e+01,0.000000000000000000e+00
5.820779999999975729e+01,0.000000000000000000e+00
5.830779999999975871e+01,0.000000000000000000e+00
5.840779999999975303e+01,0.000000000000000000e+00
5.850779999999975445e+01,0.000000000000000000e+00
5.860779999999975587e+01,0.000000000000000000e+00
5.870779999999975018e+01,0.000000000000000000e+00
5.880779999999975161e+01,0.000000000000000000e+00
5.890779999999975303e+01,0.000000000000000000e+00
5.900779999999975445e+01,0.000000000000000000e+00
5.910779999999975587e+01,0.000000000000000000e+00
5.920779999999975018e+01,0.000000000000000000e+00
5.930779999999975161e+01,0.000000000000000000e+00
5.940779999999975303e+01,0.000000000000000000e+00
5.950779999999975445e+01,0.000000000000000000e+00
5.960779999999975587e+01,0.000000000000000000e+00
5.970779999999975018e+01,0.000000000000000000e+00
5.980779999999975161e+01,0.000000000000000000e+00
5.990779999999975303e+01,0.000000000000000000e+00
6.000779999999974734e+01,0.000000000000000000e+00
6.010779999999974876e+01,0.000000000000000000e+00
6.020779999999975018e+01,0.000000000000000000e+00
6.030779999999974450e+01,0.000000000000000000e+00
6.040779999999974592e+01,0.000000000000000000e+00
6.050779999999974734e+01,0.000000000000000000e+00
6.060779999999974876e+01,0.000000000000000000e+00
6.070779999999975018e+01,0.000000000000000000e+00
6.080779999999974450e+01,0.000000000000000000e+00
6.090779999999974592e+01,0.000000000000000000e+00
6.100779999999974734e+01,0.000000000000000000e+00
6.110779999999974876e+01,0.000000000000000000e+00
6.120779999999975018e+01,0.000000000000000000e+00
6.130779999999974450e+01,0.000000000000000000e+00
6.140779999999974592e+01,0.000000000000000000e+00
6.150779999999974734e+01,0.000000000000000000e+00
6.160779999999974166e+01,0.000000000000000000e+00
6.170779999999974308e+01,0.000000000000000000e+00
6.180779999999974450e+01,0.000000000000000000e+00
6.190779999999973882e+01,0.000000000000000000e+00
6.200779999999974024e+01,0.000000000000000000e+00
6.210779999999974166e+01,0.000000000000000000e+00
6.220779999999974308e+01,0.000000000000000000e+00
6.230779999999974450e+01,0.000000000000000000e+00
6.240779999999973882e+01,0.000000000000000000e+00
6.250779999999974024e+01,0.000000000000000000e+00
6.260779999999974166e+01,0.000000000000000000e+00
6.270779999999974308e+01,0.000000000000000000e+00
6.280779999999974450e+01,0.000000000000000000e+00
6.290779999999973882e+01,0.000000000000000000e+00
6.300779999999974024e+01,0.000000000000000000e+00
6.310779999999974166e+01,0.000000000000000000e+00
6.320779999999973597e+01,0.000000000000000000e+00
6.330779999999973739e+01,0.000000000000000000e+00
6.340779999999973882e+01,0.000000000000000000e+00
6.350779999999973313e+01,0.000000000000000000e+00
6.360779999999973455e+01,0.000000000000000000e+00
6.370779999999973597e+01,0.000000000000000000e+00
6.380779999999973739e+01,0.000000000000000000e+00
6.390779999999973882e+01,0.000000000000000000e+00
6.400779999999973313e+01,0.000000000000000000e+00
6.410779999999974166e+01,0.000000000000000000e+00
6.420779999999973597e+01,0.000000000000000000e+00
6.430779999999973029e+01,0.000000000000000000e+00
6.440779999999973882e+01,0.000000000000000000e+00
6.450779999999973313e+01,0.000000000000000000e+00
6.460779999999974166e+01,0.000000000000000000e+00
6.470779999999973597e+01,0.000000000000000000e+00
6.480779999999973029e+01,0.000000000000000000e+00
6.490779999999972461e+01,0.000000000000000000e+00
6.500779999999973313e+01,0.000000000000000000e+00
6.510779999999972745e+01,0.000000000000000000e+00
6.520779999999973597e+01,0.000000000000000000e+00
6.530779999999973029e+01,0.000000000000000000e+00
6.540779999999972461e+01,0.000000000000000000e+00
6.550779999999973313e+01,0.000000000000000000e+00
6.560779999999972745e+01,0.000000000000000000e+00
6.570779999999973597e+01,0.000000000000000000e+00
6.580779999999973029e+01,0.000000000000000000e+00
6.590779999999972461e+01,0.000000000000000000e+00
6.600779999999973313e+01,0.000000000000000000e+00
6.610779999999972745e+01,0.000000000000000000e+00
6.620779999999973597e+01,0.000000000000000000e+00
6.630779999999973029e+01,0.000000000000000000e+00
6.640779999999972461e+01,0.000000000000000000e+00
6.650779999999971892e+01,0.000000000000000000e+00
6.660779999999972745e+01,0.000000000000000000e+00
6.670779999999972176e+01,0.000000000000000000e+00
6.680779999999973029e+01,0.000000000000000000e+00
6.690779999999972461e+01,0.000000000000000000e+00
6.700779999999971892e+01,0.000000000000000000e+00
6.710779999999972745e+01,3.236245954692740928e-02
6.720779999999972176e+01,2.157497303128493721e-02
6.730779999999973029e+01,0.000000000000000000e+00
6.740779999999972461e+01,1.078748651564246860e-02
6.750779999999971892e+01,0.000000000000000000e+00
6.760779999999972745e+01,0.000000000000000000e+00
6.770779999999972176e+01,0.000000000000000000e+00
6.780779999999973029e+01,0.000000000000000000e+00
6.790779999999972461e+01,0.000000000000000000e+00
6.800779999999971892e+01,1.078748651564246860e-02
6.810779999999971324e+01,0.000000000000000000e+00
6.820779999999972176e+01,0.000000000000000000e+00
6.830779999999971608e+01,0.000000000000000000e+00
6.840779999999972461e+01,2.157497303128187022e-02
6.850779999999971892e+01,0.000000000000000000e+00
6.860779999999971324e+01,1.078748651564093511e-02
6.870779999999972176e+01,1.078748651564246860e-02
6.880779999999971608e+01,2.157497303128493721e-02
6.890779999999972461e+01,1.078748651564093511e-02
6.900779999999971892e+01,2.157497303128493721e-02
6.910779999999971324e+01,0.000000000000000000e+00
6.920779999999972176e+01,1.078748651564246860e-02
6.930779999999971608e+01,0.000000000000000000e+00
6.940779999999972461e+01,1.078748651564093511e-02
6.950779999999971892e+01,0.000000000000000000e+00
6.960779999999971324e+01,0.000000000000000000e+00
6.970779999999970755e+01,0.000000000000000000e+00
6.980779999999971608e+01,0.000000000000000000e+00
6.990779999999971039e+01,0.000000000000000000e+00
7.000779999999971892e+01,0.000000000000000000e+00
7.010779999999971324e+01,0.000000000000000000e+00
7.020779999999970755e+01,0.000000000000000000e+00
7.030779999999971608e+01,0.000000000000000000e+00
7.040779999999971039e+01,0.000000000000000000e+00
7.050779999999971892e+01,0.000000000000000000e+00
7.060779999999971324e+01,0.000000000000000000e+00
7.070779999999970755e+01,0.000000000000000000e+00
7.080779999999971608e+01,0.000000000000000000e+00
7.090779999999971039e+01,0.000000000000000000e+00
7.100779999999971892e+01,0.000000000000000000e+00
7.110779999999971324e+01,0.000000000000000000e+00
7.120779999999970755e+01,0.000000000000000000e+00
7.130779999999970187e+01,0.000000000000000000e+00
7.140779999999971039e+01,0.000000000000000000e+00
7.150779999999970471e+01,0.000000000000000000e+00
7.160779999999971324e+01,0.000000000000000000e+00
7.170779999999970755e+01,0.000000000000000000e+00
7.180779999999970187e+01,0.000000000000000000e+00
7.190779999999971039e+01,0.000000000000000000e+00
7.200779999999970471e+01,0.000000000000000000e+00
7.210779999999971324e+01,0.000000000000000000e+00
7.220779999999970755e+01,0.000000000000000000e+00
7.230779999999970187e+01,0.000000000000000000e+00
7.240779999999971039e+01,0.000000000000000000e+00
7.250779999999970471e+01,0.000000000000000000e+00
7.260779999999971324e+01,0.000000000000000000e+00
7.270779999999970755e+01,0.000000000000000000e+00
7.280779999999970187e+01,0.000000000000000000e+00
7.290779999999969618e+01,0.000000000000000000e+00
7.300779999999970471e+01,0.000000000000000000e+00
7.310779999999969903e+01,0.000000000000000000e+00
7.320779999999970755e+01,0.000000000000000000e+00
7.330779999999970187e+01,0.000000000000000000e+00
7.340779999999969618e+01,0.000000000000000000e+00
7.350779999999970471e+01,0.000000000000000000e+00
7.360779999999969903e+01,0.000000000000000000e+00
7.370779999999970755e+01,0.000000000000000000e+00
7.380779999999970187e+01,0.000000000000000000e+00
7.390779999999969618e+01,0.000000000000000000e+00
7.400779999999970471e+01,0.000000000000000000e+00
7.410779999999969903e+01,0.000000000000000000e+00
7.420779999999970755e+01,0.000000000000000000e+00
7.430779999999970187e+01,0.000000000000000000e+00
7.440779999999969618e+01,0.000000000000000000e+00
7.450779999999969050e+01,0.000000000000000000e+00
7.460779999999969903e+01,0.000000000000000000e+00
7.470779999999969334e+01,0.000000000000000000e+00
7.480779999999970187e+01,0.000000000000000000e+00
7.490779999999969618e+01,0.000000000000000000e+00
7.500779999999969050e+01,0.000000000000000000e+00
7.510779999999969903e+01,0.000000000000000000e+00
7.520779999999969334e+01,0.000000000000000000e+00
7.530779999999970187e+01,0.000000000000000000e+00
7.540779999999969618e+01,0.000000000000000000e+00
7.550779999999969050e+01,0.000000000000000000e+00
7.560779999999969903e+01,0.000000000000000000e+00
7.570779999999969334e+01,0.000000000000000000e+00
7.580779999999970187e+01,0.000000000000000000e+00
7.590779999999969618e+01,0.000000000000000000e+00
7.600779999999969050e+01,0.000000000000000000e+00
7.610779999999968481e+01,0.000000000000000000e+00
7.620779999999969334e+01,0.000000000000000000e+00
7.630779999999968766e+01,0.000000000000000000e+00
7.640779999999969618e+01,0.000000000000000000e+00
7.650779999999969050e+01,0.000000000000000000e+00
7.660779999999968481e+01,0.000000000000000000e+00
7.670779999999969334e+01,0.000000000000000000e+00
7.680779999999968766e+01,0.000000000000000000e+00
7.690779999999969618e+01,0.000000000000000000e+00
7.700779999999969050e+01,0.000000000000000000e+00
7.710779999999968481e+01,0.000000000000000000e+00
7.720779999999969334e+01,0.000000000000000000e+00
7.730779999999968766e+01,0.000000000000000000e+00
7.740779999999969618e+01,0.000000000000000000e+00
7.750779999999969050e+01,0.000000000000000000e+00
7.760779999999968481e+01,0.000000000000000000e+00
7.770779999999967913e+01,0.000000000000000000e+00
7.780779999999968766e+01,0.000000000000000000e+00
7.790779999999968197e+01,0.000000000000000000e+00
7.800779999999969050e+01,0.000000000000000000e+00
7.810779999999968481e+01,0.000000000000000000e+00
7.820779999999967913e+01,0.000000000000000000e+00
7.830779999999968766e+01,0.000000000000000000e+00
7.840779999999968197e+01,0.000000000000000000e+00
7.850779999999969050e+01,0.000000000000000000e+00
7.860779999999968481e+01,0.000000000000000000e+00
7.870779999999967913e+01,0.000000000000000000e+00
7.880779999999968766e+01,0.000000000000000000e+00
7.890779999999968197e+01,0.000000000000000000e+00
7.900779999999969050e+01,0.000000000000000000e+00
7.910779999999968481e+01,0.000000000000000000e+00
7.920779999999967913e+01,0.000000000000000000e+00
7.930779999999967345e+01,0.000000000000000000e+00
7.940779999999968197e+01,0.000000000000000000e+00
7.950779999999967629e+01,0.000000000000000000e+00
7.960779999999968481e+01,0.000000000000000000e+00
7.970779999999967913e+01,0.000000000000000000e+00
7.980779999999967345e+01,0.000000000000000000e+00
7.990779999999968197e+01,0.000000000000000000e+00
8.000779999999967629e+01,0.000000000000000000e+00
8.010779999999968481e+01,0.000000000000000000e+00
8.020779999999967913e+01,0.000000000000000000e+00
8.030779999999967345e+01,0.000000000000000000e+00
8.040779999999968197e+01,0.000000000000000000e+00
8.050779999999967629e+01,0.000000000000000000e+00
8.060779999999968481e+01,0.000000000000000000e+00
8.070779999999967913e+01,0.000000000000000000e+00
8.080779999999967345e+01,0.000000000000000000e+00
8.090779999999966776e+01,0.000000000000000000e+00
8.100779999999967629e+01,0.000000000000000000e+00
8.110779999999967060e+01,0.000000000000000000e+00
8.120779999999967913e+01,0.000000000000000000e+00
8.130779999999967345e+01,0.000000000000000000e+00
8.140779999999966776e+01,0.000000000000000000e+00
8.150779999999967629e+01,0.000000000000000000e+00
8.160779999999967060e+01,0.000000000000000000e+00
8.170779999999967913e+01,0.000000000000000000e+00
8.180779999999967345e+01,0.000000000000000000e+00
8.190779999999966776e+01,0.000000000000000000e+00
8.200779999999967629e+01,0.000000000000000000e+00
8.210779999999967060e+01,0.000000000000000000e+00
8.220779999999967913e+01,0.000000000000000000e+00
8.230779999999967345e+01,0.000000000000000000e+00
8.240779999999966776e+01,0.000000000000000000e+00
8.250779999999966208e+01,0.000000000000000000e+00
8.260779999999967060e+01,0.000000000000000000e+00
8.270779999999966492e+01,0.000000000000000000e+00
8.280779999999967345e+01,0.000000000000000000e+00
8.290779999999966776e+01,0.000000000000000000e+00
8.300779999999966208e+01,0.000000000000000000e+00
8.310779999999967060e+01,0.000000000000000000e+00
8.320779999999966492e+01,0.000000000000000000e+00
8.330779999999967345e+01,0.000000000000000000e+00
8.340779999999966776e+01,0.000000000000000000e+00
8.350779999999966208e+01,0.000000000000000000e+00
8.360779999999967060e+01,0.000000000000000000e+00
8.370779999999966492e+01,0.000000000000000000e+00
8.380779999999967345e+01,0.000000000000000000e+00
8.390779999999966776e+01,0.000000000000000000e+00
8.400779999999966208e+01,0.000000000000000000e+00
8.410779999999965639e+01,0.000000000000000000e+00
8.420779999999966492e+01,0.000000000000000000e+00
8.430779999999965924e+01,0.000000000000000000e+00
8.440779999999966776e+01,0.000000000000000000e+00
8.450779999999966208e+01,0.000000000000000000e+00
8.460779999999965639e+01,0.000000000000000000e+00
8.470779999999966492e+01,0.000000000000000000e+00
8.480779999999965924e+01,0.000000000000000000e+00
8.490779999999966776e+01,0.000000000000000000e+00
8.500779999999966208e+01,0.000000000000000000e+00
8.510779999999965639e+01,0.000000000000000000e+00
8.520779999999966492e+01,0.000000000000000000e+00
8.530779999999965924e+01,0.000000000000000000e+00
8.540779999999966776e+01,0.000000000000000000e+00
8.550779999999966208e+01,0.000000000000000000e+00
8.560779999999965639e+01,0.000000000000000000e+00
8.570779999999965071e+01,0.000000000000000000e+00
8.580779999999965924e+01,0.000000000000000000e+00
8.590779999999965355e+01,0.000000000000000000e+00
8.600779999999966208e+01,0.000000000000000000e+00
8.610779999999965639e+01,0.000000000000000000e+00
8.620779999999965071e+01,0.000000000000000000e+00
8.630779999999965924e+01,0.000000000000000000e+00
8.640779999999965355e+01,0.000000000000000000e+00
8.650779999999966208e+01,0.000000000000000000e+00
8.660779999999965639e+01,0.000000000000000000e+00
8.670779999999965071e+01,0.000000000000000000e+00
8.680779999999965924e+01,0.000000000000000000e+00
8.690779999999965355e+01,0.000000000000000000e+00
8.700779999999966208e+01,0.000000000000000000e+00
8.710779999999965639e+01,0.000000000000000000e+00
8.720779999999965071e+01,0.000000000000000000e+00
8.730779999999964502e+01,0.000000000000000000e+00
8.740779999999965355e+01,0.000000000000000000e+00
8.750779999999964787e+01,0.000000000000000000e+00
8.760779999999965639e+01,0.000000000000000000e+00
8.770779999999965071e+01,0.000000000000000000e+00
8.780779999999964502e+01,0.000000000000000000e+00
8.790779999999965355e+01,0.000000000000000000e+00
8.800779999999964787e+01,0.000000000000000000e+00
8.810779999999965639e+01,0.000000000000000000e+00
8.820779999999965071e+01,0.000000000000000000e+00
8.830779999999964502e+01,0.000000000000000000e+00
8.840779999999965355e+01,0.000000000000000000e+00
8.850779999999964787e+01,0.000000000000000000e+00
8.860779999999965639e+01,0.000000000000000000e+00
8.870779999999965071e+01,0.000000000000000000e+00
8.880779999999964502e+01,0.000000000000000000e+00
8.890779999999963934e+01,0.000000000000000000e+00
8.900779999999964787e+01,0.000000000000000000e+00
8.910779999999964218e+01,0.000000000000000000e+00
8.920779999999965071e+01,0.000000000000000000e+00
8.930779999999964502e+01,0.000000000000000000e+00
8.940779999999963934e+01,0.000000000000000000e+00
8.950779999999964787e+01,0.000000000000000000e+00
8.960779999999964218e+01,0.000000000000000000e+00
8.970779999999965071e+01,0.000000000000000000e+00
8.980779999999964502e+01,0.000000000000000000e+00
8.990779999999963934e+01,0.000000000000000000e+00
9.000779999999964787e+01,0.000000000000000000e+00
9.010779999999964218e+01,0.000000000000000000e+00
9.020779999999965071e+01,0.000000000000000000e+00
9.030779999999964502e+01,0.000000000000000000e+00
9.040779999999963934e+01,0.000000000000000000e+00
9.050779999999963366e+01,0.000000000000000000e+00
9.060779999999964218e+01,0.000000000000000000e+00
9.070779999999963650e+01,0.000000000000000000e+00
9.080779999999964502e+01,0.000000000000000000e+00
9.090779999999963934e+01,0.000000000000000000e+00
9.100779999999963366e+01,0.000000000000000000e+00
9.110779999999964218e+01,0.000000000000000000e+00
9.120779999999963650e+01,0.000000000000000000e+00
9.130779999999964502e+01,0.000000000000000000e+00
9.140779999999963934e+01,0.000000000000000000e+00
9.150779999999963366e+01,0.000000000000000000e+00
9.160779999999964218e+01,0.000000000000000000e+00
9.170779999999963650e+01,0.000000000000000000e+00
9.180779999999964502e+01,0.000000000000000000e+00
9.190779999999963934e+01,0.000000000000000000e+00
9.200779999999963366e+01,0.000000000000000000e+00
9.210779999999962797e+01,0.000000000000000000e+00
9.220779999999963650e+01,0.000000000000000000e+00
9.230779999999963081e+01,0.000000000000000000e+00
9.240779999999963934e+01,0.000000000000000000e+00
9.250779999999963366e+01,0.000000000000000000e+00
9.260779999999962797e+01,0.000000000000000000e+00
9.270779999999963650e+01,0.000000000000000000e+00
9.280779999999963081e+01,0.000000000000000000e+00
9.290779999999963934e+01,0.000000000000000000e+00
9.300779999999963366e+01,0.000000000000000000e+00
9.310779999999962797e+01,0.000000000000000000e+00
9.320779999999963650e+01,0.000000000000000000e+00
9.330779999999963081e+01,0.000000000000000000e+00
9.340779999999963934e+01,0.000000000000000000e+00
9.350779999999963366e+01,0.000000000000000000e+00
9.360779999999962797e+01,0.000000000000000000e+00
9.370779999999962229e+01,0.000000000000000000e+00
9.380779999999963081e+01,0.000000000000000000e+00
9.390779999999962513e+01,0.000000000000000000e+00
9.400779999999963366e+01,0.000000000000000000e+00
9.410779999999962797e+01,0.000000000000000000e+00
9.420779999999962229e+01,0.000000000000000000e+00
9.430779999999963081e+01,0.000000000000000000e+00
9.440779999999962513e+01,0.000000000000000000e+00
9.450779999999963366e+01,0.000000000000000000e+00
9.460779999999962797e+01,0.000000000000000000e+00
9.470779999999962229e+01,0.000000000000000000e+00
9.480779999999963081e+01,0.000000000000000000e+00
9.490779999999962513e+01,0.000000000000000000e+00
9.500779999999963366e+01,0.000000000000000000e+00
9.510779999999962797e+01,0.000000000000000000e+00
9.520779999999962229e+01,0.000000000000000000e+00
9.530779999999961660e+01,0.000000000000000000e+00
9.540779999999962513e+01,0.000000000000000000e+00
9.550779999999961944e+01,0.000000000000000000e+00
9.560779999999962797e+01,0.000000000000000000e+00
9.570779999999962229e+01,0.000000000000000000e+00
9.580779999999961660e+01,0.000000000000000000e+00
9.590779999999962513e+01,0.000000000000000000e+00
9.600779999999961944e+01,0.000000000000000000e+00
9.610779999999962797e+01,0.000000000000000000e+00
9.620779999999962229e+01,0.000000000000000000e+00
9.630779999999961660e+01,0.000000000000000000e+00
9.640779999999962513e+01,0.000000000000000000e+00
9.650779999999961944e+01,0.000000000000000000e+00
9.660779999999962797e+01,0.000000000000000000e+00
9.670779999999962229e+01,0.000000000000000000e+00
9.680779999999961660e+01,0.000000000000000000e+00
9.690779999999961092e+01,0.000000000000000000e+00
9.700779999999961944e+01,0.000000000000000000e+00
9.710779999999961376e+01,0.000000000000000000e+00
9.720779999999962229e+01,0.000000000000000000e+00
9.730779999999961660e+01,0.000000000000000000e+00
9.740779999999961092e+01,0.000000000000000000e+00
9.750779999999961944e+01,0.000000000000000000e+00
9.760779999999961376e+01,0.000000000000000000e+00
9.770779999999962229e+01,0.000000000000000000e+00
9.780779999999961660e+01,0.000000000000000000e+00
9.790779999999961092e+01,0.000000000000000000e+00
9.800779999999961944e+01,0.000000000000000000e+00
9.810779999999961376e+01,0.000000000000000000e+00
9.820779999999962229e+01,0.000000000000000000e+00
9.830779999999961660e+01,0.000000000000000000e+00
9.840779999999961092e+01,0.000000000000000000e+00
9.850779999999960523e+01,0.000000000000000000e+00
9.860779999999961376e+01,0.000000000000000000e+00
9.870779999999960808e+01,0.000000000000000000e+00
9.880779999999961660e+01,2.157497303128187160e-01
9.890779999999961092e+01,2.265372168284918442e-01
9.900779999999960523e+01,1.078748651564093511e-02
9.910779999999961376e+01,0.000000000000000000e+00
9.920779999999960808e+01,0.000000000000000000e+00
9.930779999999961660e+01,0.000000000000000000e+00
9.940779999999961092e+01,0.000000000000000000e+00
9.950779999999960523e+01,0.000000000000000000e+00
9.960779999999961376e+01,0.000000000000000000e+00
9.970779999999960808e+01,0.000000000000000000e+00
9.980779999999961660e+01,0.000000000000000000e+00
9.990779999999961092e+01,0.000000000000000000e+00
1.000077999999996052e+02,0.000000000000000000e+00
1.001077999999995995e+02,0.000000000000000000e+00
1.002077999999996081e+02,0.000000000000000000e+00
1.003077999999996024e+02,0.000000000000000000e+00
1.004077999999996109e+02,0.000000000000000000e+00
1.005077999999996052e+02,0.000000000000000000e+00
1.006077999999995995e+02,0.000000000000000000e+00
1.007077999999996081e+02,0.000000000000000000e+00
1.008077999999996024e+02,0.000000000000000000e+00
1.009077999999996109e+02,0.000000000000000000e+00
1.010077999999996052e+02,0.000000000000000000e+00
1.011077999999995995e+02,0.000000000000000000e+00
1.012077999999996081e+02,0.000000000000000000e+00
1.013077999999996024e+02,0.000000000000000000e+00
1.014077999999996109e+02,0.000000000000000000e+00
1.015077999999996052e+02,0.000000000000000000e+00
1.016077999999995995e+02,0.000000000000000000e+00
1.017077999999995939e+02,0.000000000000000000e+00
1.018077999999996024e+02,0.000000000000000000e+00
1.019077999999995967e+02,0.000000000000000000e+00
1.020077999999996052e+02,0.000000000000000000e+00
1.021077999999995995e+02,0.000000000000000000e+00
1.022077999999995939e+02,0.000000000000000000e+00
1.023077999999996024e+02,0.000000000000000000e+00
1.024077999999995967e+02,0.000000000000000000e+00
1.025077999999996052e+02,0.000000000000000000e+00
1.026077999999995995e+02,0.000000000000000000e+00
1.027077999999995939e+02,0.000000000000000000e+00
1.028077999999996024e+02,0.000000000000000000e+00
1.029077999999995967e+02,0.000000000000000000e+00
1.030077999999996052e+02,0.000000000000000000e+00
1.031077999999995995e+02,0.000000000000000000e+00
1.032077999999995939e+02,0.000000000000000000e+00
1.033077999999995882e+02,0.000000000000000000e+00
1.034077999999995967e+02,0.000000000000000000e+00
1.035077999999995910e+02,0.000000000000000000e+00
1.036077999999995995e+02,0.000000000000000000e+00
1.037077999999995939e+02,0.000000000000000000e+00
1.038077999999995882e+02,0.000000000000000000e+00
1.039077999999995967e+02,0.000000000000000000e+00
1.040077999999995910e+02,0.000000000000000000e+00
1.041077999999995995e+02,0.000000000000000000e+00
1.042077999999995939e+02,0.000000000000000000e+00
1.043077999999995882e+02,0.000000000000000000e+00
1.044077999999995967e+02,0.000000000000000000e+00
1.045077999999995910e+02,0.000000000000000000e+00
1.046077999999995995e+02,0.000000000000000000e+00
1.047077999999995939e+02,0.000000000000000000e+00
1.048077999999995882e+02,0.000000000000000000e+00
1.049077999999995825e+02,0.000000000000000000e+00
1.050077999999995910e+02,0.000000000000000000e+00
1.051077999999995853e+02,0.000000000000000000e+00
1.052077999999995939e+02,0.000000000000000000e+00
1.053077999999995882e+02,0.000000000000000000e+00
1.054077999999995825e+02,0.000000000000000000e+00
1.055077999999995910e+02,0.000000000000000000e+00
1.056077999999995853e+02,0.000000000000000000e+00
1.057077999999995939e+02,0.000000000000000000e+00
1.058077999999995882e+02,0.000000000000000000e+00
1.059077999999995825e+02,0.000000000000000000e+00
1.060077999999995910e+02,0.000000000000000000e+00
1.061077999999995853e+02,0.000000000000000000e+00
1.062077999999995939e+02,0.000000000000000000e+00
1.063077999999995882e+02,0.000000000000000000e+00
1.064077999999995825e+02,0.000000000000000000e+00
1.065077999999995768e+02,0.000000000000000000e+00
1.066077999999995853e+02,0.000000000000000000e+00
1.067077999999995797e+02,0.000000000000000000e+00
1.068077999999995882e+02,0.000000000000000000e+00
1.069077999999995825e+02,0.000000000000000000e+00
1.070077999999995768e+02,0.000000000000000000e+00
1.071077999999995853e+02,0.000000000000000000e+00
1.072077999999995797e+02,0.000000000000000000e+00
1.073077999999995882e+02,0.000000000000000000e+00
1.074077999999995825e+02,0.000000000000000000e+00
1.075077999999995768e+02,0.000000000000000000e+00
1.076077999999995853e+02,0.000000000000000000e+00
1.077077999999995797e+02,0.000000000000000000e+00
1.078077999999995882e+02,0.000000000000000000e+00
1.079077999999995825e+02,0.000000000000000000e+00
1.080077999999995768e+02,0.000000000000000000e+00
1.081077999999995711e+02,0.000000000000000000e+00
1.082077999999995797e+02,0.000000000000000000e+00
1.083077999999995740e+02,0.000000000000000000e+00
1.084077999999995825e+02,0.000000000000000000e+00
1.085077999999995768e+02,0.000000000000000000e+00
1.086077999999995711e+02,0.000000000000000000e+00
1.087077999999995797e+02,0.000000000000000000e+00
1.088077999999995740e+02,0.000000000000000000e+00
1.089077999999995825e+02,0.000000000000000000e+00
1.090077999999995768e+02,0.000000000000000000e+00
1.091077999999995711e+02,0.000000000000000000e+00
1.092077999999995797e+02,0.000000000000000000e+00
1.093077999999995740e+02,0.000000000000000000e+00
1.094077999999995825e+02,0.000000000000000000e+00
1.095077999999995768e+02,0.000000000000000000e+00
1.096077999999995711e+02,0.000000000000000000e+00
1.097077999999995654e+02,0.000000000000000000e+00
1.098077999999995740e+02,0.000000000000000000e+00
1.099077999999995683e+02,0.000000000000000000e+00
1.100077999999995768e+02,0.000000000000000000e+00
1.101077999999995711e+02,0.000000000000000000e+00
1.102077999999995654e+02,0.000000000000000000e+00
1.103077999999995740e+02,0.000000000000000000e+00
1.104077999999995683e+02,0.000000000000000000e+00
1.105077999999995768e+02,0.000000000000000000e+00
1.106077999999995711e+02,0.000000000000000000e+00
1.107077999999995654e+02,0.000000000000000000e+00
1.108077999999995740e+02,0.000000000000000000e+00
1.109077999999995683e+02,0.000000000000000000e+00
1.110077999999995768e+02,0.000000000000000000e+00
1.111077999999995711e+02,0.000000000000000000e+00
1.112077999999995654e+02,0.000000000000000000e+00
1.113077999999995598e+02,0.000000000000000000e+00
1.114077999999995683e+02,0.000000000000000000e+00
1.115077999999995626e+02,0.000000000000000000e+00
1.116077999999995711e+02,0.000000000000000000e+00
1.117077999999995654e+02,0.000000000000000000e+00
1.118077999999995598e+02,0.000000000000000000e+00
1.119077999999995683e+02,0.000000000000000000e+00
1.120077999999995626e+02,0.000000000000000000e+00
1.121077999999995711e+02,0.000000000000000000e+00
1.122077999999995654e+02,0.000000000000000000e+00
1.123077999999995598e+02,0.000000000000000000e+00
1.124077999999995683e+02,0.000000000000000000e+00
1.125077999999995626e+02,0.000000000000000000e+00
1.126077999999995711e+02,0.000000000000000000e+00
1.127077999999995654e+02,0.000000000000000000e+00
1.128077999999995598e+02,0.000000000000000000e+00
1.129077999999995541e+02,0.000000000000000000e+00
1.130077999999995626e+02,0.000000000000000000e+00
1.131077999999995569e+02,0.000000000000000000e+00
1.132077999999995654e+02,0.000000000000000000e+00
1.133077999999995598e+02,0.000000000000000000e+00
1.134077999999995541e+02,0.000000000000000000e+00
1.135077999999995626e+02,0.000000000000000000e+00
1.136077999999995569e+02,0.000000000000000000e+00
1.137077999999995654e+02,0.000000000000000000e+00
1.138077999999995598e+02,0.000000000000000000e+00
1.139077999999995541e+02,0.000000000000000000e+00
1.140077999999995626e+02,0.000000000000000000e+00
1.141077999999995569e+02,0.000000000000000000e+00
1.142077999999995654e+02,0.000000000000000000e+00
1.143077999999995598e+02,0.000000000000000000e+00
1.144077999999995541e+02,0.000000000000000000e+00
1.145077999999995484e+02,0.000000000000000000e+00
1.146077999999995569e+02,0.000000000000000000e+00
1.147077999999995512e+02,0.000000000000000000e+00
1.148077999999995598e+02,0.000000000000000000e+00
1.149077999999995541e+02,0.000000000000000000e+00
1.150077999999995484e+02,0.000000000000000000e+00
1.151077999999995569e+02,0.000000000000000000e+00
1.152077999999995512e+02,0.000000000000000000e+00
1.153077999999995598e+02,0.000000000000000000e+00
1.154077999999995541e+02,0.000000000000000000e+00
1.155077999999995484e+02,3.236245954692280880e-02
1.156077999999995569e+02,3.236245954692740928e-02
1.157077999999995512e+02,1.078748651564246860e-02
1.158077999999995598e+02,7.551240560948654923e-02
1.159077999999995541e+02,5.393743257821234649e-02
1.160077999999995484e+02,3.236245954692740928e-02
1.161077999999995427e+02,2.157497303128187022e-02
1.162077999999995512e+02,5.393743257821234649e-02
1.163077999999995455e+02,0.000000000000000000e+00
1.164077999999995541e+02,1.078748651564093511e-02
1.165077999999995484e+02,0.000000000000000000e+00
1.166077999999995427e+02,0.000000000000000000e+00
1.167077999999995512e+02,0.000000000000000000e+00
1.168077999999995455e+02,0.000000000000000000e+00
1.169077999999995399e+02,0.000000000000000000e+00
1.170077999999995484e+02,0.000000000000000000e+00
1.171077999999995569e+02,0.000000000000000000e+00
1.172077999999995512e+02,0.000000000000000000e+00
1.173077999999995455e+02,0.000000000000000000e+00
1.174077999999995399e+02,0.000000000000000000e+00
1.175077999999995484e+02,0.000000000000000000e+00
1.176077999999995569e+02,0.000000000000000000e+00
1.177077999999995512e+02,0.000000000000000000e+00
1.178077999999995455e+02,0.000000000000000000e+00
1.179077999999995399e+02,0.000000000000000000e+00
1.180077999999995342e+02,0.000000000000000000e+00
1.181077999999995427e+02,0.000000000000000000e+00
1.182077999999995512e+02,0.000000000000000000e+00
1.183077999999995455e+02,0.000000000000000000e+00
1.184077999999995399e+02,0.000000000000000000e+00
1.185077999999995342e+02,0.000000000000000000e+00
1.186077999999995427e+02,0.000000000000000000e+00
1.187077999999995512e+02,0.000000000000000000e+00
1.188077999999995455e+02,0.000000000000000000e+00
1.189077999999995399e+02,0.000000000000000000e+00
1.190077999999995342e+02,0.000000000000000000e+00
1.191077999999995285e+02,0.000000000000000000e+00
1.192077999999995370e+02,0.000000000000000000e+00
1.193077999999995455e+02,0.000000000000000000e+00
1.194077999999995399e+02,0.000000000000000000e+00
1.195077999999995342e+02,0.000000000000000000e+00
1.196077999999995285e+02,0.000000000000000000e+00
1.197077999999995370e+02,0.000000000000000000e+00
1.198077999999995455e+02,0.000000000000000000e+00
1.199077999999995399e+02,0.000000000000000000e+00
1.200077999999995342e+02,0.000000000000000000e+00
1.201077999999995285e+02,0.000000000000000000e+00
1.202077999999995370e+02,0.000000000000000000e+00
1.203077999999995455e+02,0.000000000000000000e+00
1.204077999999995399e+02,0.000000000000000000e+00
1.205077999999995342e+02,0.000000000000000000e+00
1.206077999999995285e+02,0.000000000000000000e+00
1.207077999999995370e+02,0.000000000000000000e+00
1.208077999999995455e+02,0.000000000000000000e+00
1.209077999999995399e+02,0.000000000000000000e+00
1.210077999999995342e+02,0.000000000000000000e+00
1.211077999999995285e+02,0.000000000000000000e+00
1.212077999999995228e+02,0.000000000000000000e+00
1.213077999999995313e+02,0.000000000000000000e+00
1.214077999999995399e+02,0.000000000000000000e+00
1.215077999999995342e+02,0.000000000000000000e+00
1.216077999999995285e+02,0.000000000000000000e+00
1.217077999999995228e+02,0.000000000000000000e+00
1.218077999999995313e+02,0.000000000000000000e+00
1.219077999999995399e+02,0.000000000000000000e+00
1.220077999999995342e+02,0.000000000000000000e+00
1.221077999999995285e+02,0.000000000000000000e+00
1.222077999999995228e+02,0.000000000000000000e+00
1.223077999999995171e+02,0.000000000000000000e+00
1.224077999999995257e+02,0.000000000000000000e+00
1.225077999999995342e+02,0.000000000000000000e+00
1.226077999999995285e+02,0.000000000000000000e+00
1.227077999999995228e+02,0.000000000000000000e+00
1.228077999999995171e+02,0.000000000000000000e+00
1.229077999999995257e+02,0.000000000000000000e+00
1.230077999999995342e+02,0.000000000000000000e+00
1.231077999999995285e+02,0.000000000000000000e+00
1.232077999999995228e+02,0.000000000000000000e+00
1.233077999999995171e+02,0.000000000000000000e+00
1.234077999999995257e+02,0.000000000000000000e+00
1.235077999999995342e+02,0.000000000000000000e+00
1.236077999999995285e+02,0.000000000000000000e+00
1.237077999999995228e+02,0.000000000000000000e+00
1.238077999999995171e+02,0.000000000000000000e+00
1.239077999999995257e+02,1.078748651563940335e-02
1.240077999999995342e+02,1.078748651564246860e-02
1.241077999999995285e+02,1.078748651564246860e-02
1.242077999999995228e+02,1.078748651564246860e-02
1.243077999999995171e+02,2.157497303128493721e-02
1.244077999999995114e+02,0.000000000000000000e+00
1.245077999999995200e+02,0.000000000000000000e+00
1.246077999999995285e+02,0.000000000000000000e+00
1.247077999999995228e+02,0.000000000000000000e+00
1.248077999999995171e+02,0.000000000000000000e+00
1.249077999999995114e+02,0.000000000000000000e+00
1.250077999999995200e+02,0.000000000000000000e+00
1.251077999999995285e+02,0.000000000000000000e+00
1.252077999999995228e+02,0.000000000000000000e+00
1.253077999999995171e+02,0.000000000000000000e+00
1.254077999999995114e+02,0.000000000000000000e+00
1.255077999999995058e+02,0.000000000000000000e+00
1.256077999999995143e+02,0.000000000000000000e+00
1.257077999999995228e+02,0.000000000000000000e+00
1.258077999999995171e+02,0.000000000000000000e+00
1.259077999999995114e+02,0.000000000000000000e+00
1.260077999999995058e+02,0.000000000000000000e+00
1.261077999999995143e+02,0.000000000000000000e+00
1.262077999999995228e+02,0.000000000000000000e+00
1.263077999999995171e+02,0.000000000000000000e+00
1.264077999999995114e+02,0.000000000000000000e+00
1.265077999999995058e+02,0.000000000000000000e+00
1.266077999999995143e+02,0.000000000000000000e+00
1.267077999999995228e+02,0.000000000000000000e+00
1.268077999999995171e+02,0.000000000000000000e+00
1.269077999999995114e+02,0.000000000000000000e+00
1.270077999999995058e+02,0.000000000000000000e+00
1.271077999999995143e+02,0.000000000000000000e+00
1.272077999999995228e+02,0.000000000000000000e+00
1.273077999999995171e+02,0.000000000000000000e+00
1.274077999999995114e+02,0.000000000000000000e+00
1.275077999999995058e+02,0.000000000000000000e+00
1.276077999999995001e+02,0.000000000000000000e+00
1.277077999999995086e+02,0.000000000000000000e+00
1.278077999999995171e+02,0.000000000000000000e+00
1.279077999999995114e+02,0.000000000000000000e+00
1.280077999999995200e+02,0.000000000000000000e+00
1.281077999999994859e+02,0.000000000000000000e+00
1.282077999999995086e+02,0.000000000000000000e+00
1.283077999999995313e+02,0.000000000000000000e+00
1.284077999999994972e+02,0.000000000000000000e+00
1.285077999999995200e+02,0.000000000000000000e+00
1.286077999999994859e+02,0.000000000000000000e+00
1.287077999999995086e+02,0.000000000000000000e+00
1.288077999999995029e+02,0.000000000000000000e+00
1.289077999999994972e+02,0.000000000000000000e+00
1.290077999999995200e+02,0.000000000000000000e+00
1.291077999999994859e+02,0.000000000000000000e+00
1.292077999999995086e+02,0.000000000000000000e+00
1.293077999999995029e+02,0.000000000000000000e+00
1.294077999999994972e+02,0.000000000000000000e+00
1.295077999999995200e+02,0.000000000000000000e+00
1.296077999999994859e+02,0.000000000000000000e+00
1.297077999999995086e+02,0.000000000000000000e+00
1.298077999999995029e+02,0.000000000000000000e+00
1.299077999999994972e+02,0.000000000000000000e+00
1.300077999999995200e+02,0.000000000000000000e+00
1.301077999999994859e+02,0.000000000000000000e+00
1.302077999999995086e+02,0.000000000000000000e+00
1.303077999999995029e+02,0.000000000000000000e+00
1.304077999999994972e+02,0.000000000000000000e+00
1.305077999999995200e+02,0.000000000000000000e+00
1.306077999999994859e+02,0.000000000000000000e+00
1.307077999999995086e+02,0.000000000000000000e+00
1.308077999999994745e+02,0.000000000000000000e+00
1.309077999999994972e+02,0.000000000000000000e+00
1.310077999999995200e+02,0.000000000000000000e+00
1.311077999999994859e+02,0.000000000000000000e+00
1.312077999999995086e+02,0.000000000000000000e+00
1.313077999999994745e+02,0.000000000000000000e+00
1.314077999999994972e+02,0.000000000000000000e+00
1.315077999999995200e+02,0.000000000000000000e+00
1.316077999999994859e+02,0.000000000000000000e+00
1.317077999999995086e+02,0.000000000000000000e+00
1.318077999999994745e+02,0.000000000000000000e+00
1.319077999999994972e+02,0.000000000000000000e+00
1.320077999999994915e+02,0.000000000000000000e+00
1.321077999999994859e+02,0.000000000000000000e+00
1.322077999999995086e+02,0.000000000000000000e+00
1.323077999999994745e+02,0.000000000000000000e+00
1.324077999999994972e+02,0.000000000000000000e+00
1.325077999999994915e+02,0.000000000000000000e+00
1.326077999999994859e+02,0.000000000000000000e+00
1.327077999999995086e+02,0.000000000000000000e+00
1.328077999999994745e+02,0.000000000000000000e+00
1.329077999999994972e+02,0.000000000000000000e+00
1.330077999999994915e+02,0.000000000000000000e+00
1.331077999999994859e+02,0.000000000000000000e+00
1.332077999999995086e+02,0.000000000000000000e+00
1.333077999999994745e+02,0.000000000000000000e+00
1.334077999999994972e+02,0.000000000000000000e+00
1.335077999999994915e+02,0.000000000000000000e+00
1.336077999999994859e+02,0.000000000000000000e+00
1.337077999999995086e+02,0.000000000000000000e+00
1.338077999999994745e+02,0.000000000000000000e+00
1.339077999999994972e+02,0.000000000000000000e+00
1.340077999999994631e+02,0.000000000000000000e+00
1.341077999999994859e+02,0.000000000000000000e+00
1.342077999999995086e+02,0.000000000000000000e+00
1.343077999999994745e+02,0.000000000000000000e+00
1.344077999999994972e+02,0.000000000000000000e+00
1.345077999999994631e+02,0.000000000000000000e+00
1.346077999999994859e+02,0.000000000000000000e+00
1.347077999999995086e+02,0.000000000000000000e+00
1.348077999999994745e+02,0.000000000000000000e+00
1.349077999999994972e+02,0.000000000000000000e+00
1.350077999999994631e+02,0.000000000000000000e+00
1.351077999999994859e+02,0.000000000000000000e+00
1.352077999999994802e+02,0.000000000000000000e+00
1.353077999999994745e+02,0.000000000000000000e+00
1.354077999999994972e+02,0.000000000000000000e+00
1.355077999999994631e+02,0.000000000000000000e+00
1.356077999999994859e+02,0.000000000000000000e+00
1.357077999999994802e+02,0.000000000000000000e+00
1.358077999999994745e+02,0.000000000000000000e+00
1.359077999999994972e+02,0.000000000000000000e+00
1.360077999999994631e+02,0.000000000000000000e+00
1.361077999999994859e+02,0.000000000000000000e+00
1.362077999999994802e+02,0.000000000000000000e+00
1.363077999999994745e+02,0.000000000000000000e+00
1.364077999999994972e+02,0.000000000000000000e+00
1.365077999999994631e+02,0.000000000000000000e+00
1.366077999999994859e+02,0.000000000000000000e+00
1.367077999999994802e+02,0.000000000000000000e+00
1.368077999999994745e+02,0.000000000000000000e+00
1.369077999999994972e+02,0.000000000000000000e+00
1.370077999999994631e+02,0.000000000000000000e+00
1.371077999999994859e+02,0.000000000000000000e+00
1.372077999999994518e+02,0.000000000000000000e+00
1.373077999999994745e+02,0.000000000000000000e+00
1.374077999999994972e+02,0.000000000000000000e+00
1.375077999999994631e+02,0.000000000000000000e+00
1.376077999999994859e+02,0.000000000000000000e+00
1.377077999999994518e+02,0.000000000000000000e+00
1.378077999999994745e+02,0.000000000000000000e+00
1.379077999999994972e+02,0.000000000000000000e+00
1.380077999999994631e+02,0.000000000000000000e+00
1.381077999999994859e+02,0.000000000000000000e+00
1.382077999999994518e+02,0.000000000000000000e+00
1.383077999999994745e+02,0.000000000000000000e+00
1.384077999999994688e+02,0.000000000000000000e+00
1.385077999999994631e+02,0.000000000000000000e+00
1.386077999999994859e+02,0.000000000000000000e+00
1.387077999999994518e+02,0.000000000000000000e+00
1.388077999999994745e+02,0.000000000000000000e+00
1.389077999999994688e+02,0.000000000000000000e+00
1.390077999999994631e+02,0.000000000000000000e+00
1.391077999999994859e+02,0.000000000000000000e+00
1.392077999999994518e+02,0.000000000000000000e+00
1.393077999999994745e+02,0.000000000000000000e+00
1.394077999999994688e+02,0.000000000000000000e+00
1.395077999999994631e+02,0.000000000000000000e+00
1.396077999999994859e+02,0.000000000000000000e+00
1.397077999999994518e+02,0.000000000000000000e+00
1.398077999999994745e+02,0.000000000000000000e+00
1.399077999999994688e+02,0.000000000000000000e+00
1.400077999999994631e+02,0.000000000000000000e+00
1.401077999999994859e+02,0.000000000000000000e+00
1.402077999999994518e+02,0.000000000000000000e+00
1.403077999999994745e+02,0.000000000000000000e+00
1.404077999999994404e+02,0.000000000000000000e+00
1.405077999999994631e+02,0.000000000000000000e+00
1.406077999999994859e+02,0.000000000000000000e+00
1.407077999999994518e+02,0.000000000000000000e+00
1.408077999999994745e+02,0.000000000000000000e+00
1.409077999999994404e+02,0.000000000000000000e+00
1.410077999999994631e+02,0.000000000000000000e+00
1.411077999999994859e+02,0.000000000000000000e+00
1.412077999999994518e+02,0.000000000000000000e+00
1.413077999999994745e+02,0.000000000000000000e+00
1.414077999999994404e+02,0.000000000000000000e+00
1.415077999999994631e+02,0.000000000000000000e+00
1.416077999999994574e+02,0.000000000000000000e+00
1.417077999999994518e+02,0.000000000000000000e+00
1.418077999999994745e+02,0.000000000000000000e+00
1.419077999999994404e+02,0.000000000000000000e+00
1.420077999999994631e+02,0.000000000000000000e+00
1.421077999999994574e+02,0.000000000000000000e+00
1.422077999999994518e+02,0.000000000000000000e+00
1.423077999999994745e+02,0.000000000000000000e+00
1.424077999999994404e+02,0.000000000000000000e+00
1.425077999999994631e+02,0.000000000000000000e+00
1.426077999999994574e+02,0.000000000000000000e+00
1.427077999999994518e+02,0.000000000000000000e+00
1.428077999999994745e+02,0.000000000000000000e+00
1.429077999999994404e+02,0.000000000000000000e+00
1.430077999999994631e+02,0.000000000000000000e+00
1.431077999999994574e+02,0.000000000000000000e+00
1.432077999999994518e+02,0.000000000000000000e+00
1.433077999999994745e+02,0.000000000000000000e+00
1.434077999999994404e+02,0.000000000000000000e+00
1.435077999999994631e+02,0.000000000000000000e+00
1.436077999999994290e+02,0.000000000000000000e+00
1.437077999999994518e+02,0.000000000000000000e+00
1.438077999999994745e+02,0.000000000000000000e+00
1.439077999999994404e+02,0.000000000000000000e+00
1.440077999999994631e+02,0.000000000000000000e+00
1.441077999999994290e+02,0.000000000000000000e+00
1.442077999999994518e+02,0.000000000000000000e+00
1.443077999999994745e+02,0.000000000000000000e+00
1.444077999999994404e+02,0.000000000000000000e+00
1.445077999999994631e+02,0.000000000000000000e+00
1.446077999999994290e+02,0.000000000000000000e+00
1.447077999999994518e+02,0.000000000000000000e+00
1.448077999999994461e+02,0.000000000000000000e+00
1.449077999999994404e+02,0.000000000000000000e+00
1.450077999999994631e+02,0.000000000000000000e+00
1.451077999999994290e+02,0.000000000000000000e+00
1.452077999999994518e+02,0.000000000000000000e+00
1.453077999999994461e+02,0.000000000000000000e+00
1.454077999999994404e+02,0.000000000000000000e+00
1.455077999999994631e+02,0.000000000000000000e+00
1.456077999999994290e+02,0.000000000000000000e+00
1.457077999999994518e+02,0.000000000000000000e+00
1.458077999999994461e+02,0.000000000000000000e+00
1.459077999999994404e+02,0.000000000000000000e+00
1.460077999999994631e+02,0.000000000000000000e+00
1.461077999999994290e+02,0.000000000000000000e+00
1.462077999999994518e+02,0.000000000000000000e+00
1.463077999999994461e+02,0.000000000000000000e+00
1.464077999999994404e+02,0.000000000000000000e+00
1.465077999999994631e+02,0.000000000000000000e+00
1.466077999999994290e+02,0.000000000000000000e+00
1.467077999999994518e+02,0.000000000000000000e+00
1.468077999999994177e+02,0.000000000000000000e+00
1.469077999999994404e+02,0.000000000000000000e+00
1.470077999999994631e+02,0.000000000000000000e+00
1.471077999999994290e+02,0.000000000000000000e+00
1.472077999999994518e+02,0.000000000000000000e+00
1.473077999999994177e+02,0.000000000000000000e+00
1.474077999999994404e+02,0.000000000000000000e+00
1.475077999999994631e+02,0.000000000000000000e+00
1.476077999999994290e+02,0.000000000000000000e+00
1.477077999999994518e+02,0.000000000000000000e+00
1.478077999999994177e+02,0.000000000000000000e+00
1.479077999999994404e+02,0.000000000000000000e+00
1.480077999999994347e+02,0.000000000000000000e+00
1.481077999999994290e+02,0.000000000000000000e+00
1.482077999999994518e+02,0.000000000000000000e+00
1.483077999999994177e+02,0.000000000000000000e+00
1.484077999999994404e+02,0.000000000000000000e+00
1.485077999999994347e+02,0.000000000000000000e+00
1.486077999999994290e+02,0.000000000000000000e+00
1.487077999999994518e+02,0.000000000000000000e+00
1.488077999999994177e+02,0.000000000000000000e+00
1.489077999999994404e+02,0.000000000000000000e+00
1.490077999999994347e+02,0.000000000000000000e+00
1.491077999999994290e+02,0.000000000000000000e+00
1.492077999999994518e+02,0.000000000000000000e+00
1.493077999999994177e+02,0.000000000000000000e+00
1.494077999999994404e+02,0.000000000000000000e+00
1.495077999999994347e+02,0.000000000000000000e+00
1.496077999999994290e+02,0.000000000000000000e+00
1.497077999999994518e+02,0.000000000000000000e+00
1.498077999999994177e+02,0.000000000000000000e+00
1.499077999999994404e+02,0.000000000000000000e+00
1.500077999999994063e+02,0.000000000000000000e+00
1.501077999999994290e+02,0.000000000000000000e+00
1.502077999999994518e+02,0.000000000000000000e+00
1.503077999999994177e+02,0.000000000000000000e+00
1.504077999999994404e+02,0.000000000000000000e+00
1.505077999999994063e+02,0.000000000000000000e+00
1.506077999999994290e+02,0.000000000000000000e+00
1.507077999999994518e+02,0.000000000000000000e+00
1.508077999999994177e+02,0.000000000000000000e+00
1.509077999999994404e+02,0.000000000000000000e+00
1.510077999999994063e+02,0.000000000000000000e+00
1.511077999999994290e+02,0.000000000000000000e+00
1.512077999999994233e+02,0.000000000000000000e+00
1.513077999999994177e+02,0.000000000000000000e+00
1.514077999999994404e+02,0.000000000000000000e+00
1.515077999999994063e+02,0.000000000000000000e+00
1.516077999999994290e+02,0.000000000000000000e+00
1.517077999999994233e+02,0.000000000000000000e+00
1.518077999999994177e+02,0.000000000000000000e+00
1.519077999999994404e+02,0.000000000000000000e+00
1.520077999999994063e+02,0.000000000000000000e+00
1.521077999999994290e+02,0.000000000000000000e+00
1.522077999999994233e+02,0.000000000000000000e+00
1.523077999999994177e+02,0.000000000000000000e+00
1.524077999999994404e+02,0.000000000000000000e+00
1.525077999999994063e+02,0.000000000000000000e+00
1.526077999999994290e+02,0.000000000000000000e+00
1.527077999999994233e+02,0.000000000000000000e+00
1.528077999999994177e+02,0.000000000000000000e+00
1.529077999999994404e+02,0.000000000000000000e+00
1.530077999999994063e+02,0.000000000000000000e+00
1.531077999999994290e+02,0.000000000000000000e+00
1.532077999999993949e+02,0.000000000000000000e+00
1.533077999999994177e+02,0.000000000000000000e+00
1.534077999999994404e+02,0.000000000000000000e+00
1.535077999999994063e+02,0.000000000000000000e+00
1.536077999999994290e+02,0.000000000000000000e+00
1.537077999999993949e+02,0.000000000000000000e+00
1.538077999999994177e+02,0.000000000000000000e+00
1.539077999999994404e+02,0.000000000000000000e+00
1.540077999999994063e+02,0.000000000000000000e+00
1.541077999999994290e+02,0.000000000000000000e+00
1.542077999999993949e+02,0.000000000000000000e+00
1.543077999999994177e+02,0.000000000000000000e+00
1.544077999999994120e+02,0.000000000000000000e+00
1.545077999999994063e+02,0.000000000000000000e+00
1.546077999999994290e+02,0.000000000000000000e+00
1.547077999999993949e+02,0.000000000000000000e+00
1.548077999999994177e+02,0.000000000000000000e+00
1.549077999999994120e+02,0.000000000000000000e+00
1.550077999999994063e+02,0.000000000000000000e+00
1.551077999999994290e+02,0.000000000000000000e+00
1.552077999999993949e+02,0.000000000000000000e+00
1.553077999999994177e+02,0.000000000000000000e+00
1.554077999999994120e+02,0.000000000000000000e+00
1.555077999999994063e+02,0.000000000000000000e+00
1.556077999999994290e+02,0.000000000000000000e+00
1.557077999999993949e+02,0.000000000000000000e+00
1.558077999999994177e+02,0.000000000000000000e+00
1.559077999999994120e+02,0.000000000000000000e+00
1.560077999999994063e+02,0.000000000000000000e+00
1.561077999999994290e+02,0.000000000000000000e+00
1.562077999999993949e+02,0.000000000000000000e+00
1.563077999999994177e+02,0.000000000000000000e+00
1.564077999999993835e+02,0.000000000000000000e+00
1.565077999999994063e+02,0.000000000000000000e+00
1.566077999999994290e+02,0.000000000000000000e+00
1.567077999999993949e+02,0.000000000000000000e+00
1.568077999999994177e+02,0.000000000000000000e+00
1.569077999999993835e+02,0.000000000000000000e+00
1.570077999999994063e+02,0.000000000000000000e+00
1.571077999999994290e+02,0.000000000000000000e+00
1.572077999999993949e+02,0.000000000000000000e+00
1.573077999999994177e+02,0.000000000000000000e+00
1.574077999999993835e+02,0.000000000000000000e+00
1.575077999999994063e+02,0.000000000000000000e+00
1.576077999999994006e+02,0.000000000000000000e+00
1.577077999999993949e+02,0.000000000000000000e+00
1.578077999999994177e+02,0.000000000000000000e+00
1.579077999999993835e+02,0.000000000000000000e+00
1.580077999999994063e+02,0.000000000000000000e+00
1.581077999999994006e+02,0.000000000000000000e+00
1.582077999999993949e+02,0.000000000000000000e+00
1.583077999999994177e+02,0.000000000000000000e+00
1.584077999999993835e+02,0.000000000000000000e+00
1.585077999999994063e+02,0.000000000000000000e+00
1.586077999999994006e+02,0.000000000000000000e+00
1.587077999999993949e+02,0.000000000000000000e+00
1.588077999999994177e+02,0.000000000000000000e+00
1.589077999999993835e+02,0.000000000000000000e+00
1.590077999999994063e+02,0.000000000000000000e+00
1.591077999999994006e+02,0.000000000000000000e+00
1.592077999999993949e+02,0.000000000000000000e+00
1.593077999999994177e+02,0.000000000000000000e+00
1.594077999999993835e+02,0.000000000000000000e+00
1.595077999999994063e+02,0.000000000000000000e+00
1.596077999999993722e+02,0.000000000000000000e+00
1.597077999999993949e+02,0.000000000000000000e+00
1.598077999999994177e+02,0.000000000000000000e+00
1.599077999999993835e+02,0.000000000000000000e+00
1.600077999999994063e+02,0.000000000000000000e+00
1.601077999999993722e+02,0.000000000000000000e+00
1.602077999999993949e+02,0.000000000000000000e+00
1.603077999999994177e+02,0.000000000000000000e+00
1.604077999999993835e+02,0.000000000000000000e+00
1.605077999999994063e+02,0.000000000000000000e+00
1.606077999999993722e+02,0.000000000000000000e+00
1.607077999999993949e+02,0.000000000000000000e+00
1.608077999999993892e+02,0.000000000000000000e+00
1.609077999999993835e+02,0.000000000000000000e+00
1.610077999999994063e+02,0.000000000000000000e+00
1.611077999999993722e+02,0.000000000000000000e+00
1.612077999999993949e+02,0.000000000000000000e+00
1.613077999999993892e+02,0.000000000000000000e+00
1.614077999999993835e+02,0.000000000000000000e+00
1.615077999999994063e+02,0.000000000000000000e+00
1.616077999999993722e+02,0.000000000000000000e+00
1.617077999999993949e+02,0.000000000000000000e+00
1.618077999999993892e+02,0.000000000000000000e+00
1.619077999999993835e+02,0.000000000000000000e+00
1.620077999999994063e+02,0.000000000000000000e+00
1.621077999999993722e+02,0.000000000000000000e+00
1.622077999999993949e+02,0.000000000000000000e+00
1.623077999999993892e+02,0.000000000000000000e+00
1.624077999999993835e+02,0.000000000000000000e+00
1.625077999999994063e+02,0.000000000000000000e+00
1.626077999999993722e+02,0.000000000000000000e+00
1.627077999999993949e+02,0.000000000000000000e+00
1.628077999999993608e+02,0.000000000000000000e+00
1.629077999999993835e+02,0.000000000000000000e+00
1.630077999999994063e+02,0.000000000000000000e+00
1.631077999999993722e+02,0.000000000000000000e+00
1.632077999999993949e+02,0.000000000000000000e+00
1.633077999999993608e+02,0.000000000000000000e+00
1.634077999999993835e+02,0.000000000000000000e+00
1.635077999999994063e+02,0.000000000000000000e+00
1.636077999999993722e+02,0.000000000000000000e+00
1.637077999999993949e+02,0.000000000000000000e+00
1.638077999999993608e+02,0.000000000000000000e+00
1.639077999999993835e+02,0.000000000000000000e+00
1.640077999999993779e+02,0.000000000000000000e+00
1.641077999999993722e+02,0.000000000000000000e+00
1.642077999999993949e+02,0.000000000000000000e+00
1.643077999999993608e+02,0.000000000000000000e+00
1.644077999999993835e+02,0.000000000000000000e+00
1.645077999999993779e+02,0.000000000000000000e+00
1.646077999999993722e+02,0.000000000000000000e+00
1.647077999999993949e+02,0.000000000000000000e+00
1.648077999999993608e+02,0.000000000000000000e+00
1.649077999999993835e+02,0.000000000000000000e+00
1.650077999999993779e+02,0.000000000000000000e+00
1.651077999999993722e+02,0.000000000000000000e+00
1.652077999999993949e+02,0.000000000000000000e+00
1.653077999999993608e+02,0.000000000000000000e+00
1.654077999999993835e+02,0.000000000000000000e+00
1.655077999999993779e+02,0.000000000000000000e+00
1.656077999999993722e+02,0.000000000000000000e+00
1.657077999999993949e+02,0.000000000000000000e+00
1.658077999999993608e+02,0.000000000000000000e+00
1.659077999999993835e+02,0.000000000000000000e+00
1.660077999999993494e+02,0.000000000000000000e+00
1.661077999999993722e+02,0.000000000000000000e+00
1.662077999999993949e+02,0.000000000000000000e+00
1.663077999999993608e+02,0.000000000000000000e+00
1.664077999999993835e+02,0.000000000000000000e+00
1.665077999999993494e+02,0.000000000000000000e+00
1.666077999999993722e+02,0.000000000000000000e+00
1.667077999999993949e+02,0.000000000000000000e+00
1.668077999999993608e+02,0.000000000000000000e+00
1.669077999999993835e+02,0.000000000000000000e+00
1.670077999999993494e+02,0.000000000000000000e+00
1.671077999999993722e+02,0.000000000000000000e+00
1.672077999999993665e+02,0.000000000000000000e+00
1.673077999999993608e+02,0.000000000000000000e+00
1.674077999999993835e+02,0.000000000000000000e+00
1.675077999999993494e+02,0.000000000000000000e+00
1.676077999999993722e+02,0.000000000000000000e+00
1.677077999999993665e+02,0.000000000000000000e+00
1.678077999999993608e+02,0.000000000000000000e+00
1.679077999999993835e+02,0.000000000000000000e+00
1.680077999999993494e+02,0.000000000000000000e+00
1.681077999999993722e+02,0.000000000000000000e+00
1.682077999999993665e+02,0.000000000000000000e+00
1.683077999999993608e+02,0.000000000000000000e+00
1.684077999999993835e+02,0.000000000000000000e+00
1.685077999999993494e+02,0.000000000000000000e+00
1.686077999999993722e+02,0.000000000000000000e+00
1.687077999999993665e+02,0.000000000000000000e+00
1.688077999999993608e+02,0.000000000000000000e+00
1.689077999999993835e+02,0.000000000000000000e+00
1.690077999999993494e+02,0.000000000000000000e+00
1.691077999999993722e+02,0.000000000000000000e+00
1.692077999999993381e+02,0.000000000000000000e+00
1.693077999999993608e+02,0.000000000000000000e+00
1.694077999999993835e+02,0.000000000000000000e+00
1.695077999999993494e+02,0.000000000000000000e+00
1.696077999999993722e+02,0.000000000000000000e+00
1.697077999999993381e+02,0.000000000000000000e+00
1.698077999999993608e+02,0.000000000000000000e+00
1.699077999999993835e+02,0.000000000000000000e+00
1.700077999999993494e+02,0.000000000000000000e+00
1.701077999999993722e+02,0.000000000000000000e+00
1.702077999999993381e+02,0.000000000000000000e+00
1.703077999999993608e+02,0.000000000000000000e+00
1.704077999999993551e+02,0.000000000000000000e+00
1.705077999999993494e+02,0.000000000000000000e+00
1.706077999999993722e+02,0.000000000000000000e+00
1.707077999999993381e+02,0.000000000000000000e+00
1.708077999999993608e+02,0.000000000000000000e+00
1.709077999999993551e+02,0.000000000000000000e+00
1.710077999999993494e+02,0.000000000000000000e+00
1.711077999999993722e+02,0.000000000000000000e+00
1.712077999999993381e+02,0.000000000000000000e+00
1.713077999999993608e+02,0.000000000000000000e+00
1.714077999999993551e+02,0.000000000000000000e+00
1.715077999999993494e+02,0.000000000000000000e+00
1.716077999999993722e+02,0.000000000000000000e+00
1.717077999999993381e+02,0.000000000000000000e+00
1.718077999999993608e+02,0.000000000000000000e+00
1.719077999999993551e+02,0.000000000000000000e+00
1.720077999999993494e+02,0.000000000000000000e+00
1.721077999999993722e+02,0.000000000000000000e+00
1.722077999999993381e+02,0.000000000000000000e+00
1.723077999999993608e+02,0.000000000000000000e+00
1.724077999999993267e+02,0.000000000000000000e+00
1.725077999999993494e+02,0.000000000000000000e+00
1.726077999999993722e+02,0.000000000000000000e+00
1.727077999999993381e+02,0.000000000000000000e+00
1.728077999999993608e+02,0.000000000000000000e+00
1.729077999999993267e+02,0.000000000000000000e+00
1.730077999999993494e+02,0.000000000000000000e+00
1.731077999999993722e+02,0.000000000000000000e+00
1.732077999999993381e+02,0.000000000000000000e+00
1.733077999999993608e+02,0.000000000000000000e+00
1.734077999999993267e+02,0.000000000000000000e+00
1.735077999999993494e+02,0.000000000000000000e+00
1.736077999999993438e+02,0.000000000000000000e+00
1.737077999999993381e+02,0.000000000000000000e+00
1.738077999999993608e+02,0.000000000000000000e+00
1.739077999999993267e+02,0.000000000000000000e+00
1.740077999999993494e+02,0.000000000000000000e+00
1.741077999999993438e+02,0.000000000000000000e+00
1.742077999999993381e+02,0.000000000000000000e+00
1.743077999999993608e+02,0.000000000000000000e+00
1.744077999999993267e+02,0.000000000000000000e+00
1.745077999999993494e+02,0.000000000000000000e+00
1.746077999999993438e+02,0.000000000000000000e+00
1.747077999999993381e+02,0.000000000000000000e+00
1.748077999999993608e+02,0.000000000000000000e+00
1.749077999999993267e+02,0.000000000000000000e+00
1.750077999999993494e+02,0.000000000000000000e+00
1.751077999999993438e+02,0.000000000000000000e+00
1.752077999999993381e+02,0.000000000000000000e+00
1.753077999999993608e+02,0.000000000000000000e+00
1.754077999999993267e+02,0.000000000000000000e+00
1.755077999999993494e+02,0.000000000000000000e+00
1.756077999999993153e+02,0.000000000000000000e+00
1.757077999999993381e+02,0.000000000000000000e+00
1.758077999999993608e+02,0.000000000000000000e+00
1.759077999999993267e+02,0.000000000000000000e+00
1.760077999999993494e+02,0.000000000000000000e+00
1.761077999999993153e+02,0.000000000000000000e+00
1.762077999999993381e+02,0.000000000000000000e+00
1.763077999999993608e+02,0.000000000000000000e+00
1.764077999999993267e+02,0.000000000000000000e+00
1.765077999999993494e+02,0.000000000000000000e+00
1.766077999999993153e+02,0.000000000000000000e+00
1.767077999999993381e+02,0.000000000000000000e+00
1.768077999999993324e+02,0.000000000000000000e+00
1.769077999999993267e+02,0.000000000000000000e+00
1.770077999999993494e+02,0.000000000000000000e+00
1.771077999999993153e+02,0.000000000000000000e+00
1.772077999999993381e+02,0.000000000000000000e+00
1.773077999999993324e+02,0.000000000000000000e+00
1.774077999999993267e+02,0.000000000000000000e+00
1.775077999999993494e+02,0.000000000000000000e+00
1.776077999999993153e+02,0.000000000000000000e+00
1.777077999999993381e+02,0.000000000000000000e+00
1.778077999999993324e+02,0.000000000000000000e+00
1.779077999999993267e+02,0.000000000000000000e+00
1.780077999999993494e+02,0.000000000000000000e+00
1.781077999999993153e+02,0.000000000000000000e+00
1.782077999999993381e+02,0.000000000000000000e+00
1.783077999999993324e+02,0.000000000000000000e+00
1.784077999999993267e+02,0.000000000000000000e+00
1.785077999999993494e+02,0.000000000000000000e+00
1.786077999999993153e+02,0.000000000000000000e+00
1.787077999999993381e+02,0.000000000000000000e+00
1.788077999999993040e+02,0.000000000000000000e+00
1.789077999999993267e+02,0.000000000000000000e+00
1.790077999999993494e+02,0.000000000000000000e+00
1.791077999999993153e+02,0.000000000000000000e+00
1.792077999999993381e+02,0.000000000000000000e+00
1.793077999999993040e+02,0.000000000000000000e+00
1.794077999999993267e+02,0.000000000000000000e+00
1.795077999999993494e+02,0.000000000000000000e+00
1.796077999999993153e+02,0.000000000000000000e+00
1.797077999999993381e+02,0.000000000000000000e+00
1.798077999999993040e+02,0.000000000000000000e+00
1.799077999999993267e+02,0.000000000000000000e+00
1.800077999999993210e+02,0.000000000000000000e+00
1.801077999999993153e+02,0.000000000000000000e+00
1.802077999999993381e+02,0.000000000000000000e+00
1.803077999999993040e+02,0.000000000000000000e+00
1.804077999999993267e+02,0.000000000000000000e+00
1.805077999999993210e+02,0.000000000000000000e+00
1.806077999999993153e+02,0.000000000000000000e+00
1.807077999999993381e+02,0.000000000000000000e+00
1.808077999999993040e+02,0.000000000000000000e+00
1.809077999999993267e+02,0.000000000000000000e+00
1.810077999999993210e+02,0.000000000000000000e+00
1.811077999999993153e+02,0.000000000000000000e+00
1.812077999999993381e+02,0.000000000000000000e+00
1.813077999999993040e+02,0.000000000000000000e+00
1.814077999999993267e+02,0.000000000000000000e+00
1.815077999999993210e+02,0.000000000000000000e+00
1.816077999999993153e+02,0.000000000000000000e+00
1.817077999999993381e+02,0.000000000000000000e+00
1.818077999999993040e+02,0.000000000000000000e+00
1.819077999999993267e+02,0.000000000000000000e+00
1.820077999999992926e+02,0.000000000000000000e+00
1.821077999999993153e+02,0.000000000000000000e+00
1.822077999999993381e+02,0.000000000000000000e+00
1.823077999999993040e+02,0.000000000000000000e+00
1.824077999999993267e+02,0.000000000000000000e+00
1.825077999999992926e+02,0.000000000000000000e+00
1.826077999999993153e+02,0.000000000000000000e+00
1.827077999999993381e+02,0.000000000000000000e+00
1.828077999999993040e+02,0.000000000000000000e+00
1.829077999999993267e+02,0.000000000000000000e+00
1.830077999999992926e+02,0.000000000000000000e+00
1.831077999999993153e+02,0.000000000000000000e+00
1.832077999999993096e+02,0.000000000000000000e+00
1.833077999999993040e+02,0.000000000000000000e+00
1.834077999999993267e+02,0.000000000000000000e+00
1.835077999999992926e+02,0.000000000000000000e+00
1.836077999999993153e+02,0.000000000000000000e+00
1.837077999999993096e+02,0.000000000000000000e+00
1.838077999999993040e+02,0.000000000000000000e+00
1.839077999999993267e+02,0.000000000000000000e+00
1.840077999999992926e+02,0.000000000000000000e+00
1.841077999999993153e+02,0.000000000000000000e+00
1.842077999999993096e+02,0.000000000000000000e+00
1.843077999999993040e+02,0.000000000000000000e+00
1.844077999999993267e+02,0.000000000000000000e+00
1.845077999999992926e+02,0.000000000000000000e+00
1.846077999999993153e+02,0.000000000000000000e+00
1.847077999999993096e+02,0.000000000000000000e+00
1.848077999999993040e+02,0.000000000000000000e+00
1.849077999999993267e+02,0.000000000000000000e+00
1.850077999999992926e+02,0.000000000000000000e+00
1.851077999999993153e+02,0.000000000000000000e+00
1.852077999999992812e+02,0.000000000000000000e+00
1.853077999999993040e+02,0.000000000000000000e+00
1.854077999999993267e+02,0.000000000000000000e+00
1.855077999999992926e+02,0.000000000000000000e+00
1.856077999999993153e+02,0.000000000000000000e+00
1.857077999999992812e+02,0.000000000000000000e+00
1.858077999999993040e+02,0.000000000000000000e+00
1.859077999999993267e+02,0.000000000000000000e+00
1.860077999999992926e+02,0.000000000000000000e+00
1.861077999999993153e+02,0.000000000000000000e+00
1.862077999999992812e+02,0.000000000000000000e+00
1.863077999999993040e+02,0.000000000000000000e+00
1.864077999999992983e+02,0.000000000000000000e+00
1.865077999999992926e+02,0.000000000000000000e+00
1.866077999999993153e+02,0.000000000000000000e+00
1.867077999999992812e+02,0.000000000000000000e+00
1.868077999999993040e+02,0.000000000000000000e+00
1.869077999999992983e+02,0.000000000000000000e+00
1.870077999999992926e+02,0.000000000000000000e+00
1.871077999999993153e+02,0.000000000000000000e+00
1.872077999999992812e+02,0.000000000000000000e+00
1.873077999999993040e+02,0.000000000000000000e+00
1.874077999999992983e+02,0.000000000000000000e+00
1.875077999999992926e+02,0.000000000000000000e+00
1.876077999999993153e+02,0.000000000000000000e+00
1.877077999999992812e+02,0.000000000000000000e+00
1.878077999999993040e+02,0.000000000000000000e+00
1.879077999999992983e+02,0.000000000000000000e+00
1.880077999999992926e+02,0.000000000000000000e+00
1.881077999999993153e+02,0.000000000000000000e+00
1.882077999999992812e+02,0.000000000000000000e+00
1.883077999999993040e+02,0.000000000000000000e+00
1.884077999999992699e+02,0.000000000000000000e+00
1.885077999999992926e+02,0.000000000000000000e+00
1.886077999999993153e+02,0.000000000000000000e+00
1.887077999999992812e+02,0.000000000000000000e+00
1.888077999999993040e+02,0.000000000000000000e+00
1.889077999999992699e+02,0.000000000000000000e+00
1.890077999999992926e+02,0.000000000000000000e+00
1.891077999999993153e+02,0.000000000000000000e+00
1.892077999999992812e+02,0.000000000000000000e+00
1.893077999999993040e+02,0.000000000000000000e+00
1.894077999999992699e+02,0.000000000000000000e+00
1.895077999999992926e+02,0.000000000000000000e+00
1.896077999999992869e+02,0.000000000000000000e+00
1.897077999999992812e+02,0.000000000000000000e+00
1.898077999999993040e+02,0.000000000000000000e+00
1.899077999999992699e+02,0.000000000000000000e+00
1.900077999999992926e+02,0.000000000000000000e+00
1.901077999999992869e+02,0.000000000000000000e+00
1.902077999999992812e+02,0.000000000000000000e+00
1.903077999999993040e+02,0.000000000000000000e+00
1.904077999999992699e+02,0.000000000000000000e+00
1.905077999999992926e+02,0.000000000000000000e+00
1.906077999999992869e+02,0.000000000000000000e+00
1.907077999999992812e+02,0.000000000000000000e+00
1.908077999999993040e+02,0.000000000000000000e+00
1.909077999999992699e+02,0.000000000000000000e+00
1.910077999999992926e+02,0.000000000000000000e+00
1.911077999999992869e+02,0.000000000000000000e+00
1.912077999999992812e+02,0.000000000000000000e+00
1.913077999999993040e+02,0.000000000000000000e+00
1.914077999999992699e+02,0.000000000000000000e+00
1.915077999999992926e+02,0.000000000000000000e+00
1.916077999999992585e+02,0.000000000000000000e+00
1.917077999999992812e+02,0.000000000000000000e+00
1.918077999999993040e+02,0.000000000000000000e+00
1.919077999999992699e+02,0.000000000000000000e+00
1.920077999999992926e+02,0.000000000000000000e+00
1.921077999999992585e+02,0.000000000000000000e+00
1.922077999999992812e+02,0.000000000000000000e+00
1.923077999999993040e+02,0.000000000000000000e+00
1.924077999999992699e+02,0.000000000000000000e+00
1.925077999999992926e+02,0.000000000000000000e+00
1.926077999999992585e+02,0.000000000000000000e+00
1.927077999999992812e+02,0.000000000000000000e+00
1.928077999999992755e+02,0.000000000000000000e+00
1.929077999999992699e+02,0.000000000000000000e+00
1.930077999999992926e+02,0.000000000000000000e+00
1.931077999999992585e+02,0.000000000000000000e+00
1.932077999999992812e+02,0.000000000000000000e+00
1.933077999999992755e+02,0.000000000000000000e+00
1.934077999999992699e+02,0.000000000000000000e+00
1.935077999999992926e+02,0.000000000000000000e+00
1.936077999999992585e+02,0.000000000000000000e+00
1.937077999999992812e+02,0.000000000000000000e+00
1.938077999999992755e+02,0.000000000000000000e+00
1.939077999999992699e+02,0.000000000000000000e+00
1.940077999999992926e+02,0.000000000000000000e+00
1.941077999999992585e+02,0.000000000000000000e+00
1.942077999999992812e+02,0.000000000000000000e+00
1.943077999999992755e+02,0.000000000000000000e+00
1.944077999999992699e+02,0.000000000000000000e+00
1.945077999999992926e+02,0.000000000000000000e+00
1.946077999999992585e+02,0.000000000000000000e+00
1.947077999999992812e+02,0.000000000000000000e+00
1.948077999999992471e+02,0.000000000000000000e+00
1.949077999999992699e+02,0.000000000000000000e+00
1.950077999999992926e+02,0.000000000000000000e+00
1.951077999999992585e+02,0.000000000000000000e+00
1.952077999999992812e+02,0.000000000000000000e+00
1.953077999999992471e+02,0.000000000000000000e+00
1.954077999999992699e+02,0.000000000000000000e+00
1.955077999999992926e+02,0.000000000000000000e+00
1.956077999999992585e+02,0.000000000000000000e+00
1.957077999999992812e+02,0.000000000000000000e+00
1.958077999999992471e+02,0.000000000000000000e+00
1.959077999999992699e+02,0.000000000000000000e+00
1.960077999999992642e+02,0.000000000000000000e+00
1.961077999999992585e+02,0.000000000000000000e+00
1.962077999999992812e+02,0.000000000000000000e+00
1.963077999999992471e+02,0.000000000000000000e+00
1.964077999999992699e+02,0.000000000000000000e+00
1.965077999999992642e+02,0.000000000000000000e+00
1.966077999999992585e+02,0.000000000000000000e+00
1.967077999999992812e+02,0.000000000000000000e+00
1.968077999999992471e+02,0.000000000000000000e+00
1.969077999999992699e+02,0.000000000000000000e+00
1.970077999999992642e+02,0.000000000000000000e+00
1.971077999999992585e+02,0.000000000000000000e+00
1.972077999999992812e+02,0.000000000000000000e+00
1.973077999999992471e+02,0.000000000000000000e+00
1.974077999999992699e+02,0.000000000000000000e+00
1.975077999999992642e+02,0.000000000000000000e+00
1.976077999999992585e+02,0.000000000000000000e+00
1.977077999999992812e+02,0.000000000000000000e+00
1.978077999999992471e+02,0.000000000000000000e+00
1.979077999999992699e+02,0.000000000000000000e+00
1.980077999999992358e+02,0.000000000000000000e+00
1.981077999999992585e+02,0.000000000000000000e+00
1.982077999999992812e+02,0.000000000000000000e+00
1.983077999999992471e+02,0.000000000000000000e+00
1.984077999999992699e+02,0.000000000000000000e+00
1.985077999999992358e+02,0.000000000000000000e+00
1.986077999999992585e+02,0.000000000000000000e+00
1.987077999999992812e+02,0.000000000000000000e+00
1.988077999999992471e+02,0.000000000000000000e+00
1.989077999999992699e+02,0.000000000000000000e+00
1.990077999999992358e+02,0.000000000000000000e+00
1.991077999999992585e+02,0.000000000000000000e+00
1.992077999999992528e+02,0.000000000000000000e+00
1.993077999999992471e+02,0.000000000000000000e+00
1.994077999999992699e+02,0.000000000000000000e+00
1.995077999999992358e+02,0.000000000000000000e+00
1.996077999999992585e+02,0.000000000000000000e+00
1.997077999999992528e+02,0.000000000000000000e+00
1.998077999999992471e+02,0.000000000000000000e+00
1.999077999999992699e+02,0.000000000000000000e+00
2.000077999999992358e+02,0.000000000000000000e+00
2.001077999999992585e+02,0.000000000000000000e+00
2.002077999999992528e+02,0.000000000000000000e+00
2.003077999999992471e+02,0.000000000000000000e+00
2.004077999999992699e+02,0.000000000000000000e+00
2.005077999999992358e+02,0.000000000000000000e+00
2.006077999999992585e+02,0.000000000000000000e+00
2.007077999999992528e+02,0.000000000000000000e+00
2.008077999999992471e+02,0.000000000000000000e+00
2.009077999999992699e+02,0.000000000000000000e+00
2.010077999999992358e+02,0.000000000000000000e+00
2.011077999999992585e+02,0.000000000000000000e+00
2.012077999999992244e+02,0.000000000000000000e+00
2.013077999999992471e+02,0.000000000000000000e+00
2.014077999999992699e+02,0.000000000000000000e+00
2.015077999999992358e+02,0.000000000000000000e+00
2.016077999999992585e+02,0.000000000000000000e+00
2.017077999999992244e+02,0.000000000000000000e+00
2.018077999999992471e+02,0.000000000000000000e+00
2.019077999999992699e+02,0.000000000000000000e+00
2.020077999999992358e+02,0.000000000000000000e+00
2.021077999999992585e+02,0.000000000000000000e+00
2.022077999999992244e+02,0.000000000000000000e+00
2.023077999999992471e+02,0.000000000000000000e+00
2.024077999999992414e+02,0.000000000000000000e+00
2.025077999999992358e+02,0.000000000000000000e+00
2.026077999999992585e+02,0.000000000000000000e+00
2.027077999999992244e+02,0.000000000000000000e+00
2.028077999999992471e+02,0.000000000000000000e+00
2.029077999999992414e+02,0.000000000000000000e+00
2.030077999999992358e+02,0.000000000000000000e+00
2.031077999999992585e+02,0.000000000000000000e+00
2.032077999999992244e+02,0.000000000000000000e+00
2.033077999999992471e+02,0.000000000000000000e+00
2.034077999999992414e+02,0.000000000000000000e+00
2.035077999999992358e+02,0.000000000000000000e+00
2.036077999999992585e+02,0.000000000000000000e+00
2.037077999999992244e+02,0.000000000000000000e+00
2.038077999999992471e+02,0.000000000000000000e+00
2.039077999999992414e+02,0.000000000000000000e+00
2.040077999999992358e+02,0.000000000000000000e+00
2.041077999999992585e+02,0.000000000000000000e+00
2.042077999999992244e+02,0.000000000000000000e+00
2.043077999999992471e+02,0.000000000000000000e+00
2.044077999999992130e+02,0.000000000000000000e+00
2.045077999999992358e+02,0.000000000000000000e+00
2.046077999999992585e+02,0.000000000000000000e+00
2.047077999999992244e+02,0.000000000000000000e+00
2.048077999999992471e+02,0.000000000000000000e+00
2.049077999999992130e+02,0.000000000000000000e+00
2.050077999999992358e+02,0.000000000000000000e+00
2.051077999999992585e+02,0.000000000000000000e+00
2.052077999999992244e+02,0.000000000000000000e+00
2.053077999999992471e+02,0.000000000000000000e+00
2.054077999999992130e+02,0.000000000000000000e+00
2.055077999999992358e+02,0.000000000000000000e+00
2.056077999999992301e+02,0.000000000000000000e+00
2.057077999999992244e+02,0.000000000000000000e+00
2.058077999999992471e+02,0.000000000000000000e+00
2.059077999999992130e+02,0.000000000000000000e+00
2.060077999999992358e+02,0.000000000000000000e+00
2.061077999999992301e+02,0.000000000000000000e+00
2.062077999999992244e+02,0.000000000000000000e+00
2.063077999999992471e+02,0.000000000000000000e+00
2.064077999999992130e+02,0.000000000000000000e+00
2.065077999999992358e+02,0.000000000000000000e+00
2.066077999999992301e+02,0.000000000000000000e+00
2.067077999999992244e+02,0.000000000000000000e+00
2.068077999999992471e+02,0.000000000000000000e+00
2.069077999999992130e+02,0.000000000000000000e+00
2.070077999999992358e+02,0.000000000000000000e+00
2.071077999999992301e+02,0.000000000000000000e+00
2.072077999999992244e+02,0.000000000000000000e+00
2.073077999999992471e+02,0.000000000000000000e+00
2.074077999999992130e+02,0.000000000000000000e+00
2.075077999999992358e+02,0.000000000000000000e+00
2.076077999999992016e+02,0.000000000000000000e+00
2.077077999999992244e+02,0.000000000000000000e+00
2.078077999999992471e+02,0.000000000000000000e+00
2.079077999999992130e+02,0.000000000000000000e+00
2.080077999999992358e+02,0.000000000000000000e+00
2.081077999999992016e+02,0.000000000000000000e+00
2.082077999999992244e+02,0.000000000000000000e+00
2.083077999999992471e+02,0.000000000000000000e+00
2.084077999999992130e+02,0.000000000000000000e+00
2.085077999999992358e+02,0.000000000000000000e+00
2.086077999999992016e+02,0.000000000000000000e+00
2.087077999999992244e+02,0.000000000000000000e+00
2.088077999999992187e+02,0.000000000000000000e+00
2.089077999999992130e+02,0.000000000000000000e+00
2.090077999999992358e+02,0.000000000000000000e+00
2.091077999999992016e+02,0.000000000000000000e+00
2.092077999999992244e+02,0.000000000000000000e+00
2.093077999999992187e+02,0.000000000000000000e+00
2.094077999999992130e+02,0.000000000000000000e+00
2.095077999999992358e+02,0.000000000000000000e+00
2.096077999999992016e+02,0.000000000000000000e+00
2.097077999999992244e+02,0.000000000000000000e+00
2.098077999999992187e+02,0.000000000000000000e+00
2.099077999999992130e+02,0.000000000000000000e+00
2.100077999999992358e+02,0.000000000000000000e+00
2.101077999999992016e+02,0.000000000000000000e+00
2.102077999999992244e+02,0.000000000000000000e+00
2.103077999999992187e+02,0.000000000000000000e+00
2.104077999999992130e+02,0.000000000000000000e+00
2.105077999999992358e+02,0.000000000000000000e+00
2.106077999999992016e+02,0.000000000000000000e+00
2.107077999999992244e+02,0.000000000000000000e+00
2.108077999999991903e+02,0.000000000000000000e+00
2.109077999999992130e+02,0.000000000000000000e+00
2.110077999999992358e+02,0.000000000000000000e+00
2.111077999999992016e+02,0.000000000000000000e+00
2.112077999999992244e+02,0.000000000000000000e+00
2.113077999999991903e+02,0.000000000000000000e+00
2.114077999999992130e+02,0.000000000000000000e+00
2.115077999999992358e+02,0.000000000000000000e+00
2.116077999999992016e+02,0.000000000000000000e+00
2.117077999999992244e+02,0.000000000000000000e+00
2.118077999999991903e+02,0.000000000000000000e+00
2.119077999999992130e+02,0.000000000000000000e+00
2.120077999999992073e+02,0.000000000000000000e+00
2.121077999999992016e+02,0.000000000000000000e+00
2.122077999999992244e+02,0.000000000000000000e+00
2.123077999999991903e+02,0.000000000000000000e+00
2.124077999999992130e+02,0.000000000000000000e+00
2.125077999999992073e+02,0.000000000000000000e+00
2.126077999999992016e+02,0.000000000000000000e+00
2.127077999999992244e+02,0.000000000000000000e+00
2.128077999999991903e+02,0.000000000000000000e+00
2.129077999999992130e+02,0.000000000000000000e+00
2.130077999999992073e+02,0.000000000000000000e+00
2.131077999999992016e+02,0.000000000000000000e+00
2.132077999999992244e+02,0.000000000000000000e+00
2.133077999999991903e+02,0.000000000000000000e+00
2.134077999999992130e+02,0.000000000000000000e+00
2.135077999999992073e+02,0.000000000000000000e+00
2.136077999999992016e+02,0.000000000000000000e+00
2.137077999999992244e+02,0.000000000000000000e+00
2.138077999999991903e+02,0.000000000000000000e+00
2.139077999999992130e+02,0.000000000000000000e+00
2.140077999999991789e+02,0.000000000000000000e+00
2.141077999999992016e+02,0.000000000000000000e+00
2.142077999999992244e+02,0.000000000000000000e+00
2.143077999999991903e+02,0.000000000000000000e+00
2.144077999999992130e+02,0.000000000000000000e+00
2.145077999999991789e+02,0.000000000000000000e+00
2.146077999999992016e+02,0.000000000000000000e+00
2.147077999999992244e+02,0.000000000000000000e+00
2.148077999999991903e+02,0.000000000000000000e+00
2.149077999999992130e+02,0.000000000000000000e+00
2.150077999999991789e+02,0.000000000000000000e+00
2.151077999999992016e+02,0.000000000000000000e+00
2.152077999999991960e+02,0.000000000000000000e+00
2.153077999999991903e+02,0.000000000000000000e+00
2.154077999999992130e+02,0.000000000000000000e+00
2.155077999999991789e+02,0.000000000000000000e+00
2.156077999999992016e+02,0.000000000000000000e+00
2.157077999999991960e+02,0.000000000000000000e+00
2.158077999999991903e+02,0.000000000000000000e+00
2.159077999999992130e+02,0.000000000000000000e+00
2.160077999999991789e+02,0.000000000000000000e+00
2.161077999999992016e+02,0.000000000000000000e+00
2.162077999999991960e+02,0.000000000000000000e+00
2.163077999999991903e+02,0.000000000000000000e+00
2.164077999999992130e+02,0.000000000000000000e+00
2.165077999999991789e+02,0.000000000000000000e+00
2.166077999999992016e+02,0.000000000000000000e+00
2.167077999999991960e+02,0.000000000000000000e+00
2.168077999999991903e+02,0.000000000000000000e+00
2.169077999999992130e+02,0.000000000000000000e+00
2.170077999999991789e+02,0.000000000000000000e+00
2.171077999999992016e+02,0.000000000000000000e+00
2.172077999999991675e+02,0.000000000000000000e+00
2.173077999999991903e+02,0.000000000000000000e+00
2.174077999999992130e+02,0.000000000000000000e+00
2.175077999999991789e+02,0.000000000000000000e+00
2.176077999999992016e+02,0.000000000000000000e+00
2.177077999999991675e+02,0.000000000000000000e+00
2.178077999999991903e+02,0.000000000000000000e+00
2.179077999999992130e+02,0.000000000000000000e+00
2.180077999999991789e+02,0.000000000000000000e+00
2.181077999999992016e+02,0.000000000000000000e+00
2.182077999999991675e+02,0.000000000000000000e+00
2.183077999999991903e+02,0.000000000000000000e+00
2.184077999999991846e+02,0.000000000000000000e+00
2.185077999999991789e+02,0.000000000000000000e+00
2.186077999999992016e+02,0.000000000000000000e+00
2.187077999999991675e+02,0.000000000000000000e+00
2.188077999999991903e+02,0.000000000000000000e+00
2.189077999999991846e+02,0.000000000000000000e+00
2.190077999999991789e+02,0.000000000000000000e+00
2.191077999999992016e+02,0.000000000000000000e+00
2.192077999999991675e+02,0.000000000000000000e+00
2.193077999999991903e+02,0.000000000000000000e+00
2.194077999999991846e+02,0.000000000000000000e+00
2.195077999999991789e+02,0.000000000000000000e+00
2.196077999999992016e+02,0.000000000000000000e+00
2.197077999999991675e+02,0.000000000000000000e+00
2.198077999999991903e+02,0.000000000000000000e+00
2.199077999999991846e+02,0.000000000000000000e+00
2.200077999999991789e+02,0.000000000000000000e+00
2.201077999999992016e+02,0.000000000000000000e+00
2.202077999999991675e+02,0.000000000000000000e+00
2.203077999999991903e+02,0.000000000000000000e+00
2.204077999999991562e+02,0.000000000000000000e+00
2.205077999999991789e+02,0.000000000000000000e+00
2.206077999999992016e+02,0.000000000000000000e+00
2.207077999999991675e+02,0.000000000000000000e+00
2.208077999999991903e+02,0.000000000000000000e+00
2.209077999999991562e+02,0.000000000000000000e+00
2.210077999999991789e+02,0.000000000000000000e+00
2.211077999999992016e+02,0.000000000000000000e+00
2.212077999999991675e+02,0.000000000000000000e+00
2.213077999999991903e+02,0.000000000000000000e+00
2.214077999999991562e+02,0.000000000000000000e+00
2.215077999999991789e+02,0.000000000000000000e+00
2.216077999999991732e+02,0.000000000000000000e+00
2.217077999999991675e+02,0.000000000000000000e+00
2.218077999999991903e+02,0.000000000000000000e+00
2.219077999999991562e+02,0.000000000000000000e+00
2.220077999999991789e+02,0.000000000000000000e+00
2.221077999999991732e+02,0.000000000000000000e+00
2.222077999999991675e+02,0.000000000000000000e+00
2.223077999999991903e+02,0.000000000000000000e+00
2.224077999999991562e+02,0.000000000000000000e+00
2.225077999999991789e+02,0.000000000000000000e+00
2.226077999999991732e+02,0.000000000000000000e+00
2.227077999999991675e+02,0.000000000000000000e+00
2.228077999999991903e+02,0.000000000000000000e+00
2.229077999999991562e+02,0.000000000000000000e+00
2.230077999999991789e+02,0.000000000000000000e+00
2.231077999999991732e+02,0.000000000000000000e+00
2.232077999999991675e+02,0.000000000000000000e+00
2.233077999999991903e+02,0.000000000000000000e+00
2.234077999999991562e+02,0.000000000000000000e+00
2.235077999999991789e+02,0.000000000000000000e+00
2.236077999999991448e+02,0.000000000000000000e+00
2.237077999999991675e+02,0.000000000000000000e+00
2.238077999999991903e+02,0.000000000000000000e+00
2.239077999999991562e+02,0.000000000000000000e+00
2.240077999999991789e+02,0.000000000000000000e+00
2.241077999999991448e+02,0.000000000000000000e+00
2.242077999999991675e+02,0.000000000000000000e+00
2.243077999999991903e+02,0.000000000000000000e+00
2.244077999999991562e+02,0.000000000000000000e+00
2.245077999999991789e+02,0.000000000000000000e+00
2.246077999999991448e+02,0.000000000000000000e+00
2.247077999999991675e+02,0.000000000000000000e+00
2.248077999999991619e+02,0.000000000000000000e+00
2.249077999999991562e+02,0.000000000000000000e+00
2.250077999999991789e+02,0.000000000000000000e+00
2.251077999999991448e+02,0.000000000000000000e+00
2.252077999999991675e+02,0.000000000000000000e+00
2.253077999999991619e+02,0.000000000000000000e+00
2.254077999999991562e+02,0.000000000000000000e+00
2.255077999999991789e+02,4.314994606256987442e-02
2.256077999999991448e+02,1.078748651564246860e-02
2.257077999999991675e+02,1.078748651564246860e-02
2.258077999999991619e+02,0.000000000000000000e+00
2.259077999999991562e+02,0.000000000000000000e+00
2.260077999999991789e+02,0.000000000000000000e+00
2.261077999999991448e+02,0.000000000000000000e+00
2.262077999999991675e+02,0.000000000000000000e+00
2.263077999999991619e+02,1.078748651563940335e-02
2.264077999999991562e+02,0.000000000000000000e+00
2.265077999999991789e+02,1.078748651564246860e-02
2.266077999999991448e+02,1.078748651564246860e-02
2.267077999999991675e+02,1.078748651564246860e-02
2.268077999999991334e+02,1.078748651564246860e-02
2.269077999999991562e+02,3.236245954691820831e-02
2.270077999999991789e+02,2.157497303128493721e-02
2.271077999999991448e+02,0.000000000000000000e+00
2.272077999999991675e+02,1.078748651564246860e-02
2.273077999999991334e+02,1.078748651564246860e-02
2.274077999999991562e+02,0.000000000000000000e+00
2.275077999999991789e+02,0.000000000000000000e+00
2.276077999999991448e+02,0.000000000000000000e+00
2.277077999999991675e+02,0.000000000000000000e+00
2.278077999999991334e+02,0.000000000000000000e+00
2.279077999999991562e+02,0.000000000000000000e+00
2.280077999999991505e+02,0.000000000000000000e+00
2.281077999999991448e+02,0.000000000000000000e+00
2.282077999999991675e+02,0.000000000000000000e+00
2.283077999999991334e+02,0.000000000000000000e+00
2.284077999999991562e+02,0.000000000000000000e+00
2.285077999999991505e+02,0.000000000000000000e+00
2.286077999999991448e+02,0.000000000000000000e+00
2.287077999999991675e+02,0.000000000000000000e+00
2.288077999999991334e+02,0.000000000000000000e+00
2.289077999999991562e+02,0.000000000000000000e+00
2.290077999999991505e+02,0.000000000000000000e+00
2.291077999999991448e+02,0.000000000000000000e+00
2.292077999999991675e+02,0.000000000000000000e+00
2.293077999999991334e+02,0.000000000000000000e+00
2.294077999999991562e+02,0.000000000000000000e+00
2.295077999999991505e+02,0.000000000000000000e+00
2.296077999999991448e+02,0.000000000000000000e+00
2.297077999999991675e+02,0.000000000000000000e+00
2.298077999999991334e+02,0.000000000000000000e+00
2.299077999999991562e+02,0.000000000000000000e+00
2.300077999999991221e+02,0.000000000000000000e+00
2.301077999999991448e+02,0.000000000000000000e+00
2.302077999999991675e+02,0.000000000000000000e+00
2.303077999999991334e+02,0.000000000000000000e+00
2.304077999999991562e+02,0.000000000000000000e+00
2.305077999999991221e+02,0.000000000000000000e+00
2.306077999999991448e+02,0.000000000000000000e+00
2.307077999999991675e+02,0.000000000000000000e+00
2.308077999999991334e+02,0.000000000000000000e+00
2.309077999999991562e+02,0.000000000000000000e+00
2.310077999999991221e+02,0.000000000000000000e+00
2.311077999999991448e+02,0.000000000000000000e+00
2.312077999999991391e+02,0.000000000000000000e+00
2.313077999999991334e+02,0.000000000000000000e+00
2.314077999999991562e+02,0.000000000000000000e+00
2.315077999999991221e+02,0.000000000000000000e+00
2.316077999999991448e+02,0.000000000000000000e+00
2.317077999999991391e+02,0.000000000000000000e+00
2.318077999999991334e+02,0.000000000000000000e+00
2.319077999999991562e+02,0.000000000000000000e+00
2.320077999999991221e+02,0.000000000000000000e+00
2.321077999999991448e+02,0.000000000000000000e+00
2.322077999999991391e+02,0.000000000000000000e+00
2.323077999999991334e+02,0.000000000000000000e+00
2.324077999999991562e+02,0.000000000000000000e+00
2.325077999999991221e+02,0.000000000000000000e+00
2.326077999999991448e+02,0.000000000000000000e+00
2.327077999999991391e+02,0.000000000000000000e+00
2.328077999999991334e+02,0.000000000000000000e+00
2.329077999999991562e+02,0.000000000000000000e+00
2.330077999999991221e+02,0.000000000000000000e+00
2.331077999999991448e+02,0.000000000000000000e+00
2.332077999999991107e+02,0.000000000000000000e+00
2.333077999999991334e+02,0.000000000000000000e+00
2.334077999999991562e+02,0.000000000000000000e+00
2.335077999999991221e+02,0.000000000000000000e+00
2.336077999999991448e+02,0.000000000000000000e+00
2.337077999999991107e+02,0.000000000000000000e+00
2.338077999999991334e+02,0.000000000000000000e+00
2.339077999999991562e+02,0.000000000000000000e+00
2.340077999999991221e+02,0.000000000000000000e+00
2.341077999999991448e+02,0.000000000000000000e+00
2.342077999999991107e+02,0.000000000000000000e+00
2.343077999999991334e+02,0.000000000000000000e+00
2.344077999999991277e+02,0.000000000000000000e+00
2.345077999999991221e+02,0.000000000000000000e+00
2.346077999999991448e+02,0.000000000000000000e+00
2.347077999999991107e+02,0.000000000000000000e+00
2.348077999999991334e+02,0.000000000000000000e+00
2.349077999999991277e+02,0.000000000000000000e+00
2.350077999999991221e+02,0.000000000000000000e+00
2.351077999999991448e+02,0.000000000000000000e+00
2.352077999999991107e+02,0.000000000000000000e+00
2.353077999999991334e+02,0.000000000000000000e+00
2.354077999999991277e+02,0.000000000000000000e+00
2.355077999999991221e+02,0.000000000000000000e+00
2.356077999999991448e+02,0.000000000000000000e+00
2.357077999999991107e+02,0.000000000000000000e+00
2.358077999999991334e+02,0.000000000000000000e+00
2.359077999999991277e+02,0.000000000000000000e+00
2.360077999999991221e+02,0.000000000000000000e+00
2.361077999999991448e+02,0.000000000000000000e+00
2.362077999999991107e+02,0.000000000000000000e+00
2.363077999999991334e+02,0.000000000000000000e+00
2.364077999999990993e+02,0.000000000000000000e+00
2.365077999999991221e+02,0.000000000000000000e+00
2.366077999999991448e+02,0.000000000000000000e+00
2.367077999999991107e+02,0.000000000000000000e+00
2.368077999999991334e+02,0.000000000000000000e+00
2.369077999999990993e+02,0.000000000000000000e+00
2.370077999999991221e+02,0.000000000000000000e+00
2.371077999999991448e+02,0.000000000000000000e+00
2.372077999999991107e+02,0.000000000000000000e+00
2.373077999999991334e+02,0.000000000000000000e+00
2.374077999999990993e+02,0.000000000000000000e+00
2.375077999999991221e+02,0.000000000000000000e+00
2.376077999999991164e+02,0.000000000000000000e+00
2.377077999999991107e+02,0.000000000000000000e+00
2.378077999999991334e+02,0.000000000000000000e+00
2.379077999999990993e+02,0.000000000000000000e+00
2.380077999999991221e+02,0.000000000000000000e+00
2.381077999999991164e+02,0.000000000000000000e+00
2.382077999999991107e+02,0.000000000000000000e+00
2.383077999999991334e+02,0.000000000000000000e+00
2.384077999999990993e+02,0.000000000000000000e+00
2.385077999999991221e+02,0.000000000000000000e+00
2.386077999999991164e+02,0.000000000000000000e+00
2.387077999999991107e+02,0.000000000000000000e+00
2.388077999999991334e+02,0.000000000000000000e+00
2.389077999999990993e+02,0.000000000000000000e+00
2.390077999999991221e+02,0.000000000000000000e+00
2.391077999999991164e+02,0.000000000000000000e+00
2.392077999999991107e+02,0.000000000000000000e+00
2.393077999999991334e+02,0.000000000000000000e+00
2.394077999999990993e+02,0.000000000000000000e+00
2.395077999999991221e+02,0.000000000000000000e+00
2.396077999999990880e+02,0.000000000000000000e+00
2.397077999999991107e+02,0.000000000000000000e+00
2.398077999999991334e+02,0.000000000000000000e+00
2.399077999999990993e+02,0.000000000000000000e+00
2.400077999999991221e+02,0.000000000000000000e+00
2.401077999999990880e+02,0.000000000000000000e+00
2.402077999999991107e+02,0.000000000000000000e+00
2.403077999999991334e+02,0.000000000000000000e+00
2.404077999999990993e+02,0.000000000000000000e+00
2.405077999999991221e+02,0.000000000000000000e+00
2.406077999999990880e+02,0.000000000000000000e+00
2.407077999999991107e+02,0.000000000000000000e+00
2.408077999999991050e+02,0.000000000000000000e+00
2.409077999999990993e+02,0.000000000000000000e+00
2.410077999999991221e+02,0.000000000000000000e+00
2.411077999999990880e+02,0.000000000000000000e+00
2.412077999999991107e+02,0.000000000000000000e+00
2.413077999999991050e+02,0.000000000000000000e+00
2.414077999999990993e+02,0.000000000000000000e+00
2.415077999999991221e+02,0.000000000000000000e+00
2.416077999999990880e+02,0.000000000000000000e+00
2.417077999999991107e+02,0.000000000000000000e+00
2.418077999999991050e+02,0.000000000000000000e+00
2.419077999999990993e+02,0.000000000000000000e+00
2.420077999999991221e+02,0.000000000000000000e+00
2.421077999999990880e+02,0.000000000000000000e+00
2.422077999999991107e+02,0.000000000000000000e+00
2.423077999999991050e+02,0.000000000000000000e+00
2.424077999999990993e+02,0.000000000000000000e+00
2.425077999999991221e+02,0.000000000000000000e+00
2.426077999999990880e+02,0.000000000000000000e+00
2.427077999999991107e+02,0.000000000000000000e+00
2.428077999999990766e+02,0.000000000000000000e+00
2.429077999999990993e+02,0.000000000000000000e+00
2.430077999999991221e+02,0.000000000000000000e+00
2.431077999999990880e+02,0.000000000000000000e+00
2.432077999999991107e+02,0.000000000000000000e+00
2.433077999999990766e+02,0.000000000000000000e+00
2.434077999999990993e+02,0.000000000000000000e+00
2.435077999999991221e+02,0.000000000000000000e+00
2.436077999999990880e+02,0.000000000000000000e+00
2.437077999999991107e+02,0.000000000000000000e+00
2.438077999999990766e+02,0.000000000000000000e+00
2.439077999999990993e+02,0.000000000000000000e+00
2.440077999999990936e+02,0.000000000000000000e+00
2.441077999999990880e+02,0.000000000000000000e+00
2.442077999999991107e+02,0.000000000000000000e+00
2.443077999999990766e+02,0.000000000000000000e+00
2.444077999999990993e+02,0.000000000000000000e+00
2.445077999999990936e+02,0.000000000000000000e+00
2.446077999999990880e+02,0.000000000000000000e+00
2.447077999999991107e+02,0.000000000000000000e+00
2.448077999999991050e+02,0.000000000000000000e+00
2.449077999999990993e+02,0.000000000000000000e+00
2.450077999999990936e+02,0.000000000000000000e+00
2.451077999999990880e+02,0.000000000000000000e+00
2.452077999999990823e+02,0.000000000000000000e+00
2.453077999999991050e+02,0.000000000000000000e+00
2.454077999999990993e+02,0.000000000000000000e+00
2.455077999999990936e+02,0.000000000000000000e+00
2.456077999999990880e+02,0.000000000000000000e+00
2.457077999999990823e+02,0.000000000000000000e+00
2.458077999999991050e+02,0.000000000000000000e+00
2.459077999999990993e+02,0.000000000000000000e+00
2.460077999999990936e+02,0.000000000000000000e+00
2.461077999999990880e+02,0.000000000000000000e+00
2.462077999999990823e+02,0.000000000000000000e+00
2.463077999999991050e+02,0.000000000000000000e+00
2.464077999999990993e+02,0.000000000000000000e+00
2.465077999999990936e+02,0.000000000000000000e+00
2.466077999999990880e+02,0.000000000000000000e+00
2.467077999999990823e+02,0.000000000000000000e+00
2.468077999999990766e+02,0.000000000000000000e+00
2.469077999999990709e+02,0.000000000000000000e+00
2.470077999999990936e+02,0.000000000000000000e+00
2.471077999999990880e+02,0.000000000000000000e+00
2.472077999999990823e+02,0.000000000000000000e+00
2.473077999999990766e+02,0.000000000000000000e+00
2.474077999999990709e+02,0.000000000000000000e+00
2.475077999999990936e+02,0.000000000000000000e+00
2.476077999999990880e+02,0.000000000000000000e+00
2.477077999999990823e+02,0.000000000000000000e+00
2.478077999999990766e+02,0.000000000000000000e+00
2.479077999999990709e+02,0.000000000000000000e+00
2.480077999999990936e+02,0.000000000000000000e+00
2.481077999999990880e+02,0.000000000000000000e+00
2.482077999999990823e+02,0.000000000000000000e+00
2.483077999999990766e+02,0.000000000000000000e+00
2.484077999999990709e+02,0.000000000000000000e+00
2.485077999999990936e+02,0.000000000000000000e+00
2.486077999999990880e+02,0.000000000000000000e+00
2.487077999999990823e+02,0.000000000000000000e+00
2.488077999999990766e+02,0.000000000000000000e+00
2.489077999999990709e+02,0.000000000000000000e+00
2.490077999999990936e+02,0.000000000000000000e+00
2.491077999999990880e+02,0.000000000000000000e+00
2.492077999999990823e+02,0.000000000000000000e+00
2.493077999999990766e+02,0.000000000000000000e+00
2.494077999999990709e+02,0.000000000000000000e+00
2.495077999999990652e+02,0.000000000000000000e+00
2.496077999999990595e+02,0.000000000000000000e+00
2.497077999999990823e+02,0.000000000000000000e+00
2.498077999999990766e+02,0.000000000000000000e+00
2.499077999999990709e+02,0.000000000000000000e+00
2.500077999999990652e+02,0.000000000000000000e+00
2.501077999999990595e+02,0.000000000000000000e+00
2.502077999999990823e+02,0.000000000000000000e+00
2.503077999999990766e+02,0.000000000000000000e+00
2.504077999999990709e+02,0.000000000000000000e+00
2.505077999999990652e+02,0.000000000000000000e+00
2.506077999999990595e+02,0.000000000000000000e+00
2.507077999999990823e+02,0.000000000000000000e+00
2.508077999999990766e+02,0.000000000000000000e+00
2.509077999999990709e+02,0.000000000000000000e+00
2.510077999999990652e+02,0.000000000000000000e+00
2.511077999999990595e+02,0.000000000000000000e+00
2.512077999999990823e+02,0.000000000000000000e+00
2.513077999999990766e+02,0.000000000000000000e+00
2.514077999999990709e+02,0.000000000000000000e+00
2.515077999999990652e+02,0.000000000000000000e+00
2.516077999999990595e+02,0.000000000000000000e+00
2.517077999999990823e+02,0.000000000000000000e+00
2.518077999999990766e+02,0.000000000000000000e+00
2.519077999999990709e+02,0.000000000000000000e+00
2.520077999999990652e+02,0.000000000000000000e+00
2.521077999999990595e+02,0.000000000000000000e+00
2.522077999999990823e+02,0.000000000000000000e+00
2.523077999999990766e+02,0.000000000000000000e+00
2.524077999999990709e+02,0.000000000000000000e+00
2.525077999999990652e+02,0.000000000000000000e+00
2.526077999999990595e+02,0.000000000000000000e+00
2.527077999999990823e+02,0.000000000000000000e+00
2.528077999999990766e+02,0.000000000000000000e+00
2.529077999999990709e+02,0.000000000000000000e+00
2.530077999999990652e+02,0.000000000000000000e+00
2.531077999999990595e+02,0.000000000000000000e+00
2.532077999999990539e+02,0.000000000000000000e+00
2.533077999999990482e+02,0.000000000000000000e+00
2.534077999999990709e+02,0.000000000000000000e+00
2.535077999999990652e+02,0.000000000000000000e+00
2.536077999999990595e+02,0.000000000000000000e+00
2.537077999999990539e+02,0.000000000000000000e+00
2.538077999999990482e+02,0.000000000000000000e+00
2.539077999999990709e+02,0.000000000000000000e+00
2.540077999999990652e+02,0.000000000000000000e+00
2.541077999999990595e+02,0.000000000000000000e+00
2.542077999999990539e+02,0.000000000000000000e+00
2.543077999999990482e+02,0.000000000000000000e+00
2.544077999999990709e+02,0.000000000000000000e+00
2.545077999999990652e+02,0.000000000000000000e+00
2.546077999999990595e+02,0.000000000000000000e+00
2.547077999999990539e+02,0.000000000000000000e+00
2.548077999999990482e+02,0.000000000000000000e+00
2.549077999999990709e+02,0.000000000000000000e+00
2.550077999999990652e+02,0.000000000000000000e+00
2.551077999999990595e+02,0.000000000000000000e+00
2.552077999999990539e+02,0.000000000000000000e+00
2.553077999999990482e+02,0.000000000000000000e+00
2.554077999999990709e+02,0.000000000000000000e+00
2.555077999999990652e+02,0.000000000000000000e+00
2.556077999999990595e+02,0.000000000000000000e+00
2.557077999999990539e+02,0.000000000000000000e+00
2.558077999999990482e+02,0.000000000000000000e+00
2.559077999999990425e+02,0.000000000000000000e+00
2.560077999999990084e+02,0.000000000000000000e+00
2.561077999999990311e+02,0.000000000000000000e+00
2.562077999999989970e+02,0.000000000000000000e+00
2.563077999999990197e+02,0.000000000000000000e+00
2.564077999999990425e+02,0.000000000000000000e+00
2.565077999999990084e+02,0.000000000000000000e+00
2.566077999999990311e+02,0.000000000000000000e+00
2.567077999999989970e+02,0.000000000000000000e+00
2.568077999999990197e+02,0.000000000000000000e+00
2.569077999999990425e+02,0.000000000000000000e+00
2.570077999999990084e+02,0.000000000000000000e+00
2.571077999999990311e+02,0.000000000000000000e+00
2.572077999999989970e+02,0.000000000000000000e+00
2.573077999999990197e+02,0.000000000000000000e+00
2.574077999999990425e+02,0.000000000000000000e+00
2.575077999999990084e+02,0.000000000000000000e+00
2.576077999999990311e+02,0.000000000000000000e+00
2.577077999999989970e+02,0.000000000000000000e+00
2.578077999999990197e+02,0.000000000000000000e+00
2.579077999999990425e+02,0.000000000000000000e+00
2.580077999999990084e+02,0.000000000000000000e+00
2.581077999999990311e+02,0.000000000000000000e+00
2.582077999999989970e+02,0.000000000000000000e+00
2.583077999999990197e+02,0.000000000000000000e+00
2.584077999999990425e+02,0.000000000000000000e+00
2.585077999999990084e+02,0.000000000000000000e+00
2.586077999999990311e+02,0.000000000000000000e+00
2.587077999999989970e+02,0.000000000000000000e+00
2.588077999999990197e+02,0.000000000000000000e+00
2.589077999999990425e+02,0.000000000000000000e+00
2.590077999999990084e+02,0.000000000000000000e+00
2.591077999999990311e+02,0.000000000000000000e+00
2.592077999999989970e+02,0.000000000000000000e+00
2.593077999999990197e+02,0.000000000000000000e+00
2.594077999999990425e+02,0.000000000000000000e+00
2.595077999999990084e+02,0.000000000000000000e+00
2.596077999999989743e+02,0.000000000000000000e+00
2.597077999999989970e+02,0.000000000000000000e+00
2.598077999999990197e+02,0.000000000000000000e+00
2.599077999999990425e+02,0.000000000000000000e+00
2.600077999999990084e+02,0.000000000000000000e+00
2.601077999999989743e+02,0.000000000000000000e+00
2.602077999999989970e+02,0.000000000000000000e+00
2.603077999999990197e+02,0.000000000000000000e+00
2.604077999999990425e+02,0.000000000000000000e+00
2.605077999999990084e+02,0.000000000000000000e+00
2.606077999999989743e+02,0.000000000000000000e+00
2.607077999999989970e+02,0.000000000000000000e+00
2.608077999999990197e+02,0.000000000000000000e+00
2.609077999999990425e+02,0.000000000000000000e+00
2.610077999999990084e+02,0.000000000000000000e+00
2.611077999999989743e+02,0.000000000000000000e+00
2.612077999999989970e+02,0.000000000000000000e+00
2.613077999999990197e+02,0.000000000000000000e+00
2.614077999999990425e+02,0.000000000000000000e+00
2.615077999999990084e+02,0.000000000000000000e+00
2.616077999999989743e+02,0.000000000000000000e+00
2.617077999999989970e+02,0.000000000000000000e+00
2.618077999999990197e+02,0.000000000000000000e+00
2.619077999999990425e+02,0.000000000000000000e+00
2.620077999999990084e+02,0.000000000000000000e+00
2.621077999999989743e+02,0.000000000000000000e+00
2.622077999999989970e+02,0.000000000000000000e+00
2.623077999999990197e+02,0.000000000000000000e+00
2.624077999999989856e+02,0.000000000000000000e+00
2.625077999999990084e+02,0.000000000000000000e+00
2.626077999999989743e+02,0.000000000000000000e+00
2.627077999999989970e+02,0.000000000000000000e+00
2.628077999999990197e+02,0.000000000000000000e+00
2.629077999999989856e+02,0.000000000000000000e+00
2.630077999999990084e+02,0.000000000000000000e+00
2.631077999999989743e+02,0.000000000000000000e+00
2.632077999999989970e+02,0.000000000000000000e+00
2.633077999999990197e+02,0.000000000000000000e+00
2.634077999999989856e+02,0.000000000000000000e+00
2.635077999999990084e+02,0.000000000000000000e+00
2.636077999999989743e+02,0.000000000000000000e+00
2.637077999999989970e+02,0.000000000000000000e+00
2.638077999999990197e+02,0.000000000000000000e+00
2.639077999999989856e+02,0.000000000000000000e+00
2.640077999999990084e+02,0.000000000000000000e+00
2.641077999999989743e+02,0.000000000000000000e+00
2.642077999999989970e+02,0.000000000000000000e+00
2.643077999999990197e+02,0.000000000000000000e+00
2.644077999999989856e+02,0.000000000000000000e+00
2.645077999999990084e+02,0.000000000000000000e+00
2.646077999999989743e+02,0.000000000000000000e+00
2.647077999999989970e+02,0.000000000000000000e+00
2.648077999999990197e+02,0.000000000000000000e+00
2.649077999999989856e+02,0.000000000000000000e+00
2.650077999999990084e+02,0.000000000000000000e+00
2.651077999999989743e+02,0.000000000000000000e+00
2.652077999999989970e+02,0.000000000000000000e+00
2.653077999999990197e+02,0.000000000000000000e+00
2.654077999999989856e+02,0.000000000000000000e+00
2.655077999999990084e+02,0.000000000000000000e+00
2.656077999999989743e+02,0.000000000000000000e+00
2.657077999999989970e+02,0.000000000000000000e+00
2.658077999999990197e+02,0.000000000000000000e+00
2.659077999999989856e+02,0.000000000000000000e+00
2.660077999999989515e+02,0.000000000000000000e+00
2.661077999999989743e+02,0.000000000000000000e+00
2.662077999999989970e+02,0.000000000000000000e+00
2.663077999999990197e+02,0.000000000000000000e+00
2.664077999999989856e+02,0.000000000000000000e+00
2.665077999999989515e+02,0.000000000000000000e+00
2.666077999999989743e+02,0.000000000000000000e+00
2.667077999999989970e+02,0.000000000000000000e+00
2.668077999999990197e+02,0.000000000000000000e+00
2.669077999999989856e+02,0.000000000000000000e+00
2.670077999999989515e+02,0.000000000000000000e+00
2.671077999999989743e+02,0.000000000000000000e+00
2.672077999999989970e+02,0.000000000000000000e+00
2.673077999999990197e+02,0.000000000000000000e+00
2.674077999999989856e+02,0.000000000000000000e+00
2.675077999999989515e+02,0.000000000000000000e+00
2.676077999999989743e+02,0.000000000000000000e+00
2.677077999999989970e+02,0.000000000000000000e+00
2.678077999999990197e+02,0.000000000000000000e+00
2.679077999999989856e+02,0.000000000000000000e+00
2.680077999999989515e+02,0.000000000000000000e+00
2.681077999999989743e+02,0.000000000000000000e+00
2.682077999999989970e+02,0.000000000000000000e+00
2.683077999999990197e+02,0.000000000000000000e+00
2.684077999999989856e+02,0.000000000000000000e+00
2.685077999999989515e+02,0.000000000000000000e+00
2.686077999999989743e+02,0.000000000000000000e+00
2.687077999999989970e+02,0.000000000000000000e+00
2.688077999999989629e+02,0.000000000000000000e+00
2.689077999999989856e+02,0.000000000000000000e+00
2.690077999999989515e+02,0.000000000000000000e+00
2.691077999999989743e+02,0.000000000000000000e+00
2.692077999999989970e+02,0.000000000000000000e+00
2.693077999999989629e+02,0.000000000000000000e+00
2.694077999999989856e+02,0.000000000000000000e+00
2.695077999999989515e+02,0.000000000000000000e+00
2.696077999999989743e+02,0.000000000000000000e+00
2.697077999999989970e+02,0.000000000000000000e+00
2.698077999999989629e+02,0.000000000000000000e+00
2.699077999999989856e+02,0.000000000000000000e+00
2.700077999999989515e+02,0.000000000000000000e+00
2.701077999999989743e+02,0.000000000000000000e+00
2.702077999999989970e+02,0.000000000000000000e+00
2.703077999999989629e+02,0.000000000000000000e+00
2.704077999999989856e+02,0.000000000000000000e+00
2.705077999999989515e+02,0.000000000000000000e+00
2.706077999999989743e+02,0.000000000000000000e+00
2.707077999999989970e+02,0.000000000000000000e+00
2.708077999999989629e+02,0.000000000000000000e+00
2.709077999999989856e+02,0.000000000000000000e+00
2.710077999999989515e+02,0.000000000000000000e+00
2.711077999999989743e+02,0.000000000000000000e+00
2.712077999999989970e+02,0.000000000000000000e+00
2.713077999999989629e+02,0.000000000000000000e+00
2.714077999999989856e+02,0.000000000000000000e+00
2.715077999999989515e+02,0.000000000000000000e+00
2.716077999999989743e+02,0.000000000000000000e+00
2.717077999999989970e+02,0.000000000000000000e+00
2.718077999999989629e+02,0.000000000000000000e+00
2.719077999999989856e+02,0.000000000000000000e+00
2.720077999999989515e+02,0.000000000000000000e+00
2.721077999999989743e+02,0.000000000000000000e+00
2.722077999999989970e+02,0.000000000000000000e+00
2.723077999999989629e+02,0.000000000000000000e+00
2.724077999999989288e+02,0.000000000000000000e+00
2.725077999999989515e+02,0.000000000000000000e+00
2.726077999999989743e+02,0.000000000000000000e+00
2.727077999999989970e+02,0.000000000000000000e+00
2.728077999999989629e+02,0.000000000000000000e+00
2.729077999999989288e+02,0.000000000000000000e+00
2.730077999999989515e+02,0.000000000000000000e+00
2.731077999999989743e+02,0.000000000000000000e+00
2.732077999999989970e+02,0.000000000000000000e+00
2.733077999999989629e+02,0.000000000000000000e+00
2.734077999999989288e+02,0.000000000000000000e+00
2.735077999999989515e+02,0.000000000000000000e+00
2.736077999999989743e+02,0.000000000000000000e+00
2.737077999999989970e+02,0.000000000000000000e+00
2.738077999999989629e+02,0.000000000000000000e+00
2.739077999999989288e+02,0.000000000000000000e+00
2.740077999999989515e+02,0.000000000000000000e+00
2.741077999999989743e+02,0.000000000000000000e+00
2.742077999999989970e+02,0.000000000000000000e+00
2.743077999999989629e+02,0.000000000000000000e+00
2.744077999999989288e+02,0.000000000000000000e+00
2.745077999999989515e+02,0.000000000000000000e+00
2.746077999999989743e+02,0.000000000000000000e+00
2.747077999999989970e+02,0.000000000000000000e+00
2.748077999999989629e+02,0.000000000000000000e+00
2.749077999999989288e+02,0.000000000000000000e+00
2.750077999999989515e+02,0.000000000000000000e+00
2.751077999999989743e+02,0.000000000000000000e+00
2.752077999999989402e+02,0.000000000000000000e+00
2.753077999999989629e+02,0.000000000000000000e+00
2.754077999999989288e+02,0.000000000000000000e+00
2.755077999999989515e+02,0.000000000000000000e+00
2.756077999999989743e+02,0.000000000000000000e+00
2.757077999999989402e+02,0.000000000000000000e+00
2.758077999999989629e+02,0.000000000000000000e+00
2.759077999999989288e+02,0.000000000000000000e+00
2.760077999999989515e+02,0.000000000000000000e+00
2.761077999999989743e+02,0.000000000000000000e+00
2.762077999999989402e+02,0.000000000000000000e+00
2.763077999999989629e+02,0.000000000000000000e+00
2.764077999999989288e+02,0.000000000000000000e+00
2.765077999999989515e+02,0.000000000000000000e+00
2.766077999999989743e+02,0.000000000000000000e+00
2.767077999999989402e+02,0.000000000000000000e+00
2.768077999999989629e+02,0.000000000000000000e+00
2.769077999999989288e+02,0.000000000000000000e+00
2.770077999999989515e+02,0.000000000000000000e+00
2.771077999999989743e+02,0.000000000000000000e+00
2.772077999999989402e+02,0.000000000000000000e+00
2.773077999999989629e+02,0.000000000000000000e+00
2.774077999999989288e+02,0.000000000000000000e+00
2.775077999999989515e+02,0.000000000000000000e+00
2.776077999999989743e+02,0.000000000000000000e+00
2.777077999999989402e+02,0.000000000000000000e+00
2.778077999999989629e+02,0.000000000000000000e+00
2.779077999999989288e+02,0.000000000000000000e+00
2.780077999999989515e+02,0.000000000000000000e+00
2.781077999999989743e+02,0.000000000000000000e+00
2.782077999999989402e+02,0.000000000000000000e+00
2.783077999999989629e+02,0.000000000000000000e+00
2.784077999999989288e+02,0.000000000000000000e+00
2.785077999999989515e+02,0.000000000000000000e+00
2.786077999999989743e+02,0.000000000000000000e+00
2.787077999999989402e+02,0.000000000000000000e+00
2.788077999999989061e+02,0.000000000000000000e+00
2.789077999999989288e+02,0.000000000000000000e+00
2.790077999999989515e+02,0.000000000000000000e+00
2.791077999999989743e+02,0.000000000000000000e+00
2.792077999999989402e+02,0.000000000000000000e+00
2.793077999999989061e+02,0.000000000000000000e+00
2.794077999999989288e+02,0.000000000000000000e+00
2.795077999999989515e+02,0.000000000000000000e+00
2.796077999999989743e+02,0.000000000000000000e+00
2.797077999999989402e+02,0.000000000000000000e+00
2.798077999999989061e+02,0.000000000000000000e+00
2.799077999999989288e+02,0.000000000000000000e+00
2.800077999999989515e+02,0.000000000000000000e+00
2.801077999999989743e+02,0.000000000000000000e+00
2.802077999999989402e+02,0.000000000000000000e+00
2.803077999999989061e+02,0.000000000000000000e+00
2.804077999999989288e+02,0.000000000000000000e+00
2.805077999999989515e+02,0.000000000000000000e+00
2.806077999999989743e+02,0.000000000000000000e+00
2.807077999999989402e+02,0.000000000000000000e+00
2.808077999999989061e+02,0.000000000000000000e+00
2.809077999999989288e+02,0.000000000000000000e+00
2.810077999999989515e+02,0.000000000000000000e+00
2.811077999999989743e+02,0.000000000000000000e+00
2.812077999999989402e+02,0.000000000000000000e+00
2.813077999999989061e+02,0.000000000000000000e+00
2.814077999999989288e+02,0.000000000000000000e+00
2.815077999999989515e+02,0.000000000000000000e+00
2.816077999999989174e+02,0.000000000000000000e+00
2.817077999999989402e+02,0.000000000000000000e+00
2.818077999999989061e+02,0.000000000000000000e+00
2.819077999999989288e+02,0.000000000000000000e+00
2.820077999999989515e+02,0.000000000000000000e+00
2.821077999999989174e+02,0.000000000000000000e+00
2.822077999999989402e+02,0.000000000000000000e+00
2.823077999999989061e+02,0.000000000000000000e+00
2.824077999999989288e+02,0.000000000000000000e+00
2.825077999999989515e+02,0.000000000000000000e+00
2.826077999999989174e+02,0.000000000000000000e+00
2.827077999999989402e+02,0.000000000000000000e+00
2.828077999999989061e+02,0.000000000000000000e+00
2.829077999999989288e+02,0.000000000000000000e+00
2.830077999999989515e+02,0.000000000000000000e+00
2.831077999999989174e+02,0.000000000000000000e+00
2.832077999999989402e+02,0.000000000000000000e+00
2.833077999999989061e+02,0.000000000000000000e+00
2.834077999999989288e+02,0.000000000000000000e+00
2.835077999999989515e+02,0.000000000000000000e+00
2.836077999999989174e+02,0.000000000000000000e+00
2.837077999999989402e+02,0.000000000000000000e+00
2.838077999999989061e+02,0.000000000000000000e+00
2.839077999999989288e+02,0.000000000000000000e+00
2.840077999999989515e+02,0.000000000000000000e+00
2.841077999999989174e+02,0.000000000000000000e+00
2.842077999999989402e+02,0.000000000000000000e+00
2.843077999999989061e+02,0.000000000000000000e+00
2.844077999999989288e+02,0.000000000000000000e+00
2.845077999999989515e+02,0.000000000000000000e+00
2.846077999999989174e+02,0.000000000000000000e+00
2.847077999999989402e+02,0.000000000000000000e+00
2.848077999999989061e+02,0.000000000000000000e+00
2.849077999999989288e+02,0.000000000000000000e+00
2.850077999999989515e+02,0.000000000000000000e+00
2.851077999999989174e+02,0.000000000000000000e+00
2.852077999999988833e+02,0.000000000000000000e+00
2.853077999999989061e+02,0.000000000000000000e+00
2.854077999999989288e+02,0.000000000000000000e+00
2.855077999999989515e+02,0.000000000000000000e+00
2.856077999999989174e+02,0.000000000000000000e+00
2.857077999999988833e+02,0.000000000000000000e+00
2.858077999999989061e+02,0.000000000000000000e+00
2.859077999999989288e+02,0.000000000000000000e+00
2.860077999999989515e+02,0.000000000000000000e+00
2.861077999999989174e+02,0.000000000000000000e+00
2.862077999999988833e+02,0.000000000000000000e+00
2.863077999999989061e+02,0.000000000000000000e+00
2.864077999999989288e+02,0.000000000000000000e+00
2.865077999999989515e+02,0.000000000000000000e+00
2.866077999999989174e+02,0.000000000000000000e+00
2.867077999999988833e+02,0.000000000000000000e+00
2.868077999999989061e+02,0.000000000000000000e+00
2.869077999999989288e+02,0.000000000000000000e+00
2.870077999999989515e+02,0.000000000000000000e+00
2.871077999999989174e+02,0.000000000000000000e+00
2.872077999999988833e+02,0.000000000000000000e+00
2.873077999999989061e+02,0.000000000000000000e+00
2.874077999999989288e+02,0.000000000000000000e+00
2.875077999999989515e+02,0.000000000000000000e+00
2.876077999999989174e+02,0.000000000000000000e+00
2.877077999999988833e+02,0.000000000000000000e+00
2.878077999999989061e+02,0.000000000000000000e+00
2.879077999999989288e+02,0.000000000000000000e+00
2.880077999999988947e+02,0.000000000000000000e+00
2.881077999999989174e+02,0.000000000000000000e+00
2.882077999999988833e+02,0.000000000000000000e+00
2.883077999999989061e+02,0.000000000000000000e+00
2.884077999999989288e+02,0.000000000000000000e+00
2.885077999999988947e+02,0.000000000000000000e+00
2.886077999999989174e+02,0.000000000000000000e+00
2.887077999999988833e+02,0.000000000000000000e+00
2.888077999999989061e+02,0.000000000000000000e+00
2.889077999999989288e+02,0.000000000000000000e+00
2.890077999999988947e+02,0.000000000000000000e+00
2.891077999999989174e+02,0.000000000000000000e+00
2.892077999999988833e+02,0.000000000000000000e+00
2.893077999999989061e+02,0.000000000000000000e+00
2.894077999999989288e+02,0.000000000000000000e+00
2.895077999999988947e+02,0.000000000000000000e+00
2.896077999999989174e+02,0.000000000000000000e+00
2.897077999999988833e+02,0.000000000000000000e+00
2.898077999999989061e+02,0.000000000000000000e+00
2.899077999999989288e+02,0.000000000000000000e+00
2.900077999999988947e+02,0.000000000000000000e+00
2.901077999999989174e+02,0.000000000000000000e+00
2.902077999999988833e+02,0.000000000000000000e+00
2.903077999999989061e+02,0.000000000000000000e+00
2.904077999999989288e+02,0.000000000000000000e+00
2.905077999999988947e+02,0.000000000000000000e+00
2.906077999999989174e+02,0.000000000000000000e+00
2.907077999999988833e+02,0.000000000000000000e+00
2.908077999999989061e+02,0.000000000000000000e+00
2.909077999999989288e+02,0.000000000000000000e+00
2.910077999999988947e+02,0.000000000000000000e+00
2.911077999999989174e+02,0.000000000000000000e+00
2.912077999999988833e+02,0.000000000000000000e+00
2.913077999999989061e+02,0.000000000000000000e+00
2.914077999999989288e+02,0.000000000000000000e+00
2.915077999999988947e+02,0.000000000000000000e+00
2.916077999999988606e+02,0.000000000000000000e+00
2.917077999999988833e+02,0.000000000000000000e+00
2.918077999999989061e+02,0.000000000000000000e+00
2.919077999999989288e+02,0.000000000000000000e+00
2.920077999999988947e+02,0.000000000000000000e+00
2.921077999999988606e+02,0.000000000000000000e+00
2.922077999999988833e+02,0.000000000000000000e+00
2.923077999999989061e+02,0.000000000000000000e+00
2.924077999999989288e+02,0.000000000000000000e+00
2.925077999999988947e+02,0.000000000000000000e+00
2.926077999999988606e+02,0.000000000000000000e+00
2.927077999999988833e+02,0.000000000000000000e+00
2.928077999999989061e+02,0.000000000000000000e+00
2.929077999999989288e+02,0.000000000000000000e+00
2.930077999999988947e+02,0.000000000000000000e+00
2.931077999999988606e+02,0.000000000000000000e+00
2.932077999999988833e+02,0.000000000000000000e+00
2.933077999999989061e+02,0.000000000000000000e+00
2.934077999999989288e+02,0.000000000000000000e+00
2.935077999999988947e+02,0.000000000000000000e+00
2.936077999999988606e+02,0.000000000000000000e+00
2.937077999999988833e+02,0.000000000000000000e+00
2.938077999999989061e+02,0.000000000000000000e+00
2.939077999999989288e+02,0.000000000000000000e+00
2.940077999999988947e+02,0.000000000000000000e+00
2.941077999999988606e+02,0.000000000000000000e+00
2.942077999999988833e+02,0.000000000000000000e+00
2.943077999999989061e+02,0.000000000000000000e+00
2.944077999999988720e+02,0.000000000000000000e+00
2.945077999999988947e+02,0.000000000000000000e+00
2.946077999999988606e+02,0.000000000000000000e+00
2.947077999999988833e+02,0.000000000000000000e+00
2.948077999999989061e+02,0.000000000000000000e+00
2.949077999999988720e+02,0.000000000000000000e+00
2.950077999999988947e+02,0.000000000000000000e+00
2.951077999999988606e+02,0.000000000000000000e+00
2.952077999999988833e+02,0.000000000000000000e+00
2.953077999999989061e+02,0.000000000000000000e+00
2.954077999999988720e+02,0.000000000000000000e+00
2.955077999999988947e+02,0.000000000000000000e+00
2.956077999999988606e+02,0.000000000000000000e+00
2.957077999999988833e+02,0.000000000000000000e+00
2.958077999999989061e+02,0.000000000000000000e+00
2.959077999999988720e+02,0.000000000000000000e+00
2.960077999999988947e+02,0.000000000000000000e+00
2.961077999999988606e+02,0.000000000000000000e+00
2.962077999999988833e+02,0.000000000000000000e+00
2.963077999999989061e+02,0.000000000000000000e+00
2.964077999999988720e+02,0.000000000000000000e+00
2.965077999999988947e+02,0.000000000000000000e+00
2.966077999999988606e+02,0.000000000000000000e+00
2.967077999999988833e+02,0.000000000000000000e+00
2.968077999999989061e+02,0.000000000000000000e+00
2.969077999999988720e+02,0.000000000000000000e+00
2.970077999999988947e+02,0.000000000000000000e+00
2.971077999999988606e+02,0.000000000000000000e+00
2.972077999999988833e+02,0.000000000000000000e+00
2.973077999999989061e+02,0.000000000000000000e+00
2.974077999999988720e+02,0.000000000000000000e+00
2.975077999999988947e+02,0.000000000000000000e+00
2.976077999999988606e+02,0.000000000000000000e+00
2.977077999999988833e+02,0.000000000000000000e+00
2.978077999999989061e+02,0.000000000000000000e+00
2.979077999999988720e+02,0.000000000000000000e+00
2.980077999999988378e+02,0.000000000000000000e+00
2.981077999999988606e+02,0.000000000000000000e+00
2.982077999999988833e+02,0.000000000000000000e+00
2.983077999999989061e+02,0.000000000000000000e+00
2.984077999999988720e+02,0.000000000000000000e+00
2.985077999999988378e+02,0.000000000000000000e+00
2.986077999999988606e+02,0.000000000000000000e+00
2.987077999999988833e+02,0.000000000000000000e+00
2.988077999999989061e+02,0.000000000000000000e+00
2.989077999999988720e+02,0.000000000000000000e+00
2.990077999999988378e+02,0.000000000000000000e+00
2.991077999999988606e+02,0.000000000000000000e+00
2.992077999999988833e+02,0.000000000000000000e+00
2.993077999999989061e+02,0.000000000000000000e+00
2.994077999999988720e+02,0.000000000000000000e+00
2.995077999999988378e+02,0.000000000000000000e+00
2.996077999999988606e+02,0.000000000000000000e+00
2.997077999999988833e+02,0.000000000000000000e+00
2.998077999999989061e+02,0.000000000000000000e+00
2.999077999999988720e+02,0.000000000000000000e+00
3.000077999999988378e+02,0.000000000000000000e+00
3.001077999999988606e+02,0.000000000000000000e+00
3.002077999999988833e+02,0.000000000000000000e+00
3.003077999999989061e+02,0.000000000000000000e+00
3.004077999999988720e+02,0.000000000000000000e+00
3.005077999999988378e+02,0.000000000000000000e+00
3.006077999999988606e+02,0.000000000000000000e+00
3.007077999999988833e+02,0.000000000000000000e+00
3.008077999999988492e+02,0.000000000000000000e+00
3.009077999999988720e+02,0.000000000000000000e+00
3.010077999999988378e+02,0.000000000000000000e+00
3.011077999999988606e+02,0.000000000000000000e+00
3.012077999999988833e+02,0.000000000000000000e+00
3.013077999999988492e+02,0.000000000000000000e+00
3.014077999999988720e+02,0.000000000000000000e+00
3.015077999999988378e+02,0.000000000000000000e+00
3.016077999999988606e+02,0.000000000000000000e+00
3.017077999999988833e+02,0.000000000000000000e+00
3.018077999999988492e+02,0.000000000000000000e+00
3.019077999999988720e+02,0.000000000000000000e+00
3.020077999999988378e+02,0.000000000000000000e+00
3.021077999999988606e+02,0.000000000000000000e+00
3.022077999999988833e+02,0.000000000000000000e+00
3.023077999999988492e+02,0.000000000000000000e+00
3.024077999999988720e+02,0.000000000000000000e+00
3.025077999999988378e+02,0.000000000000000000e+00
3.026077999999988606e+02,0.000000000000000000e+00
3.027077999999988833e+02,0.000000000000000000e+00
3.028077999999988492e+02,0.000000000000000000e+00
3.029077999999988720e+02,0.000000000000000000e+00
3.030077999999988378e+02,0.000000000000000000e+00
3.031077999999988606e+02,0.000000000000000000e+00
3.032077999999988833e+02,0.000000000000000000e+00
3.033077999999988492e+02,0.000000000000000000e+00
3.034077999999988720e+02,0.000000000000000000e+00
3.035077999999988378e+02,0.000000000000000000e+00
3.036077999999988606e+02,0.000000000000000000e+00
3.037077999999988833e+02,0.000000000000000000e+00
3.038077999999988492e+02,0.000000000000000000e+00
3.039077999999988720e+02,0.000000000000000000e+00
3.040077999999988378e+02,0.000000000000000000e+00
3.041077999999988606e+02,0.000000000000000000e+00
3.042077999999988833e+02,0.000000000000000000e+00
3.043077999999988492e+02,0.000000000000000000e+00
3.044077999999988151e+02,0.000000000000000000e+00
3.045077999999988378e+02,0.000000000000000000e+00
3.046077999999988606e+02,0.000000000000000000e+00
3.047077999999988833e+02,0.000000000000000000e+00
3.048077999999988492e+02,0.000000000000000000e+00
3.049077999999988151e+02,0.000000000000000000e+00
3.050077999999988378e+02,0.000000000000000000e+00
3.051077999999988606e+02,0.000000000000000000e+00
3.052077999999988833e+02,0.000000000000000000e+00
3.053077999999988492e+02,0.000000000000000000e+00
3.054077999999988151e+02,0.000000000000000000e+00
3.055077999999988378e+02,0.000000000000000000e+00
3.056077999999988606e+02,0.000000000000000000e+00
3.057077999999988833e+02,0.000000000000000000e+00
3.058077999999988492e+02,0.000000000000000000e+00
3.059077999999988151e+02,0.000000000000000000e+00
3.060077999999988378e+02,0.000000000000000000e+00
3.061077999999988606e+02,0.000000000000000000e+00
3.062077999999988833e+02,0.000000000000000000e+00
3.063077999999988492e+02,0.000000000000000000e+00
3.064077999999988151e+02,0.000000000000000000e+00
3.065077999999988378e+02,0.000000000000000000e+00
3.066077999999988606e+02,0.000000000000000000e+00
3.067077999999988833e+02,0.000000000000000000e+00
3.068077999999988492e+02,0.000000000000000000e+00
3.069077999999988151e+02,0.000000000000000000e+00
3.070077999999988378e+02,0.000000000000000000e+00
3.071077999999988606e+02,0.000000000000000000e+00
3.072077999999988265e+02,0.000000000000000000e+00
3.073077999999988492e+02,0.000000000000000000e+00
3.074077999999988151e+02,0.000000000000000000e+00
3.075077999999988378e+02,0.000000000000000000e+00
3.076077999999988606e+02,0.000000000000000000e+00
3.077077999999988265e+02,0.000000000000000000e+00
3.078077999999988492e+02,0.000000000000000000e+00
3.079077999999988151e+02,0.000000000000000000e+00
3.080077999999988378e+02,0.000000000000000000e+00
3.081077999999988606e+02,0.000000000000000000e+00
3.082077999999988265e+02,0.000000000000000000e+00
3.083077999999988492e+02,0.000000000000000000e+00
3.084077999999988151e+02,0.000000000000000000e+00
3.085077999999988378e+02,0.000000000000000000e+00
3.086077999999988606e+02,0.000000000000000000e+00
3.087077999999988265e+02,0.000000000000000000e+00
3.088077999999988492e+02,0.000000000000000000e+00
3.089077999999988151e+02,0.000000000000000000e+00
3.090077999999988378e+02,0.000000000000000000e+00
3.091077999999988606e+02,0.000000000000000000e+00
3.092077999999988265e+02,0.000000000000000000e+00
3.093077999999988492e+02,0.000000000000000000e+00
3.094077999999988151e+02,0.000000000000000000e+00
3.095077999999988378e+02,0.000000000000000000e+00
3.096077999999988606e+02,0.000000000000000000e+00
3.097077999999988265e+02,0.000000000000000000e+00
3.098077999999988492e+02,0.000000000000000000e+00
3.099077999999988151e+02,0.000000000000000000e+00
3.100077999999988378e+02,0.000000000000000000e+00
3.101077999999988606e+02,0.000000000000000000e+00
3.102077999999988265e+02,0.000000000000000000e+00
3.103077999999988492e+02,0.000000000000000000e+00
3.104077999999988151e+02,0.000000000000000000e+00
3.105077999999988378e+02,0.000000000000000000e+00
3.106077999999988606e+02,0.000000000000000000e+00
3.107077999999988265e+02,0.000000000000000000e+00
3.108077999999987924e+02,0.000000000000000000e+00
3.109077999999988151e+02,0.000000000000000000e+00
3.110077999999988378e+02,0.000000000000000000e+00
3.111077999999988606e+02,0.000000000000000000e+00
3.112077999999988265e+02,0.000000000000000000e+00
3.113077999999987924e+02,0.000000000000000000e+00
3.114077999999988151e+02,0.000000000000000000e+00
3.115077999999988378e+02,0.000000000000000000e+00
3.116077999999988606e+02,0.000000000000000000e+00
3.117077999999988265e+02,0.000000000000000000e+00
3.118077999999987924e+02,0.000000000000000000e+00
3.119077999999988151e+02,0.000000000000000000e+00
3.120077999999988378e+02,0.000000000000000000e+00
3.121077999999988606e+02,0.000000000000000000e+00
3.122077999999988265e+02,0.000000000000000000e+00
3.123077999999987924e+02,0.000000000000000000e+00
3.124077999999988151e+02,0.000000000000000000e+00
3.125077999999988378e+02,0.000000000000000000e+00
3.126077999999988606e+02,0.000000000000000000e+00
3.127077999999988265e+02,0.000000000000000000e+00
3.128077999999987924e+02,0.000000000000000000e+00
3.129077999999988151e+02,0.000000000000000000e+00
3.130077999999988378e+02,0.000000000000000000e+00
3.131077999999988606e+02,0.000000000000000000e+00
3.132077999999988265e+02,0.000000000000000000e+00
3.133077999999987924e+02,0.000000000000000000e+00
3.134077999999988151e+02,0.000000000000000000e+00
3.135077999999988378e+02,0.000000000000000000e+00
3.136077999999988037e+02,0.000000000000000000e+00
3.137077999999988265e+02,0.000000000000000000e+00
3.138077999999987924e+02,0.000000000000000000e+00
3.139077999999988151e+02,0.000000000000000000e+00
3.140077999999988378e+02,0.000000000000000000e+00
3.141077999999988037e+02,0.000000000000000000e+00
3.142077999999988265e+02,0.000000000000000000e+00
3.143077999999987924e+02,0.000000000000000000e+00
3.144077999999988151e+02,0.000000000000000000e+00
3.145077999999988378e+02,0.000000000000000000e+00
3.146077999999988037e+02,0.000000000000000000e+00
3.147077999999988265e+02,0.000000000000000000e+00
3.148077999999987924e+02,0.000000000000000000e+00
3.149077999999988151e+02,0.000000000000000000e+00
3.150077999999988378e+02,0.000000000000000000e+00
3.151077999999988037e+02,0.000000000000000000e+00
3.152077999999988265e+02,0.000000000000000000e+00
3.153077999999987924e+02,0.000000000000000000e+00
3.154077999999988151e+02,0.000000000000000000e+00
3.155077999999988378e+02,0.000000000000000000e+00
3.156077999999988037e+02,0.000000000000000000e+00
3.157077999999988265e+02,0.000000000000000000e+00
3.158077999999987924e+02,0.000000000000000000e+00
3.159077999999988151e+02,0.000000000000000000e+00
3.160077999999988378e+02,0.000000000000000000e+00
3.161077999999988037e+02,0.000000000000000000e+00
3.162077999999988265e+02,0.000000000000000000e+00
3.163077999999987924e+02,0.000000000000000000e+00
3.164077999999988151e+02,0.000000000000000000e+00
3.165077999999988378e+02,0.000000000000000000e+00
3.166077999999988037e+02,0.000000000000000000e+00
3.167077999999988265e+02,0.000000000000000000e+00
3.168077999999987924e+02,0.000000000000000000e+00
3.169077999999988151e+02,0.000000000000000000e+00
3.170077999999988378e+02,0.000000000000000000e+00
3.171077999999988037e+02,0.000000000000000000e+00
3.172077999999987696e+02,0.000000000000000000e+00
3.173077999999987924e+02,0.000000000000000000e+00
3.174077999999988151e+02,0.000000000000000000e+00
3.175077999999988378e+02,0.000000000000000000e+00
3.176077999999988037e+02,0.000000000000000000e+00
3.177077999999987696e+02,0.000000000000000000e+00
3.178077999999987924e+02,0.000000000000000000e+00
3.179077999999988151e+02,0.000000000000000000e+00
3.180077999999988378e+02,0.000000000000000000e+00
3.181077999999988037e+02,0.000000000000000000e+00
3.182077999999987696e+02,0.000000000000000000e+00
3.183077999999987924e+02,0.000000000000000000e+00
3.184077999999988151e+02,0.000000000000000000e+00
3.185077999999988378e+02,0.000000000000000000e+00
3.186077999999988037e+02,0.000000000000000000e+00
3.187077999999987696e+02,0.000000000000000000e+00
3.188077999999987924e+02,0.000000000000000000e+00
3.189077999999988151e+02,0.000000000000000000e+00
3.190077999999988378e+02,0.000000000000000000e+00
3.191077999999988037e+02,0.000000000000000000e+00
3.192077999999987696e+02,0.000000000000000000e+00
3.193077999999987924e+02,0.000000000000000000e+00
3.194077999999988151e+02,0.000000000000000000e+00
3.195077999999988378e+02,0.000000000000000000e+00
3.196077999999988037e+02,0.000000000000000000e+00
3.197077999999987696e+02,0.000000000000000000e+00
3.198077999999987924e+02,0.000000000000000000e+00
3.199077999999988151e+02,0.000000000000000000e+00
3.200077999999987810e+02,0.000000000000000000e+00
3.201077999999988037e+02,0.000000000000000000e+00
3.202077999999987696e+02,0.000000000000000000e+00
3.203077999999987924e+02,0.000000000000000000e+00
3.204077999999988151e+02,0.000000000000000000e+00
3.205077999999987810e+02,0.000000000000000000e+00
3.206077999999988037e+02,0.000000000000000000e+00
3.207077999999987696e+02,0.000000000000000000e+00
3.208077999999987924e+02,0.000000000000000000e+00
3.209077999999988151e+02,0.000000000000000000e+00
3.210077999999987810e+02,0.000000000000000000e+00
3.211077999999988037e+02,0.000000000000000000e+00
3.212077999999987696e+02,0.000000000000000000e+00
3.213077999999987924e+02,0.000000000000000000e+00
3.214077999999988151e+02,0.000000000000000000e+00
3.215077999999987810e+02,0.000000000000000000e+00
3.216077999999988037e+02,0.000000000000000000e+00
3.217077999999987696e+02,0.000000000000000000e+00
3.218077999999987924e+02,0.000000000000000000e+00
3.219077999999988151e+02,0.000000000000000000e+00
3.220077999999987810e+02,0.000000000000000000e+00
3.221077999999988037e+02,0.000000000000000000e+00
3.222077999999987696e+02,0.000000000000000000e+00
3.223077999999987924e+02,0.000000000000000000e+00
3.224077999999988151e+02,0.000000000000000000e+00
3.225077999999987810e+02,0.000000000000000000e+00
3.226077999999988037e+02,0.000000000000000000e+00
3.227077999999987696e+02,0.000000000000000000e+00
3.228077999999987924e+02,0.000000000000000000e+00
3.229077999999988151e+02,0.000000000000000000e+00
3.230077999999987810e+02,0.000000000000000000e+00
3.231077999999988037e+02,0.000000000000000000e+00
3.232077999999987696e+02,0.000000000000000000e+00
3.233077999999987924e+02,0.000000000000000000e+00
3.234077999999988151e+02,0.000000000000000000e+00
3.235077999999987810e+02,0.000000000000000000e+00
3.236077999999987469e+02,0.000000000000000000e+00
3.237077999999987696e+02,0.000000000000000000e+00
3.238077999999987924e+02,0.000000000000000000e+00
3.239077999999988151e+02,0.000000000000000000e+00
3.240077999999987810e+02,0.000000000000000000e+00
3.241077999999987469e+02,0.000000000000000000e+00
3.242077999999987696e+02,0.000000000000000000e+00
3.243077999999987924e+02,0.000000000000000000e+00
3.244077999999988151e+02,0.000000000000000000e+00
3.245077999999987810e+02,0.000000000000000000e+00
3.246077999999987469e+02,0.000000000000000000e+00
3.247077999999987696e+02,0.000000000000000000e+00
3.248077999999987924e+02,0.000000000000000000e+00
3.249077999999988151e+02,0.000000000000000000e+00
3.250077999999987810e+02,0.000000000000000000e+00
3.251077999999987469e+02,0.000000000000000000e+00
3.252077999999987696e+02,0.000000000000000000e+00
3.253077999999987924e+02,0.000000000000000000e+00
3.254077999999988151e+02,0.000000000000000000e+00
3.255077999999987810e+02,0.000000000000000000e+00
3.256077999999987469e+02,0.000000000000000000e+00
3.257077999999987696e+02,0.000000000000000000e+00
3.258077999999987924e+02,0.000000000000000000e+00
3.259077999999988151e+02,0.000000000000000000e+00
3.260077999999987810e+02,0.000000000000000000e+00
3.261077999999987469e+02,0.000000000000000000e+00
3.262077999999987696e+02,0.000000000000000000e+00
3.263077999999987924e+02,0.000000000000000000e+00
3.264077999999987583e+02,0.000000000000000000e+00
3.265077999999987810e+02,0.000000000000000000e+00
3.266077999999987469e+02,0.000000000000000000e+00
3.267077999999987696e+02,0.000000000000000000e+00
3.268077999999987924e+02,0.000000000000000000e+00
3.269077999999987583e+02,0.000000000000000000e+00
3.270077999999987810e+02,0.000000000000000000e+00
3.271077999999987469e+02,0.000000000000000000e+00
3.272077999999987696e+02,0.000000000000000000e+00
3.273077999999987924e+02,0.000000000000000000e+00
3.274077999999987583e+02,0.000000000000000000e+00
3.275077999999987810e+02,0.000000000000000000e+00
3.276077999999987469e+02,0.000000000000000000e+00
3.277077999999987696e+02,0.000000000000000000e+00
3.278077999999987924e+02,0.000000000000000000e+00
3.279077999999987583e+02,0.000000000000000000e+00
3.280077999999987810e+02,0.000000000000000000e+00
3.281077999999987469e+02,0.000000000000000000e+00
3.282077999999987696e+02,0.000000000000000000e+00
3.283077999999987924e+02,0.000000000000000000e+00
3.284077999999987583e+02,0.000000000000000000e+00
3.285077999999987810e+02,0.000000000000000000e+00
3.286077999999987469e+02,0.000000000000000000e+00
3.287077999999987696e+02,0.000000000000000000e+00
3.288077999999987924e+02,0.000000000000000000e+00
3.289077999999987583e+02,0.000000000000000000e+00
3.290077999999987810e+02,0.000000000000000000e+00
3.291077999999987469e+02,0.000000000000000000e+00
3.292077999999987696e+02,0.000000000000000000e+00
3.293077999999987924e+02,0.000000000000000000e+00
3.294077999999987583e+02,0.000000000000000000e+00
3.295077999999987810e+02,0.000000000000000000e+00
3.296077999999987469e+02,0.000000000000000000e+00
3.297077999999987696e+02,0.000000000000000000e+00
3.298077999999987924e+02,0.000000000000000000e+00
3.299077999999987583e+02,0.000000000000000000e+00
3.300077999999987242e+02,0.000000000000000000e+00
3.301077999999987469e+02,0.000000000000000000e+00
3.302077999999987696e+02,0.000000000000000000e+00
3.303077999999987924e+02,0.000000000000000000e+00
3.304077999999987583e+02,0.000000000000000000e+00
3.305077999999987242e+02,0.000000000000000000e+00
3.306077999999987469e+02,0.000000000000000000e+00
3.307077999999987696e+02,0.000000000000000000e+00
3.308077999999987924e+02,0.000000000000000000e+00
3.309077999999987583e+02,0.000000000000000000e+00
3.310077999999987242e+02,0.000000000000000000e+00
3.311077999999987469e+02,0.000000000000000000e+00
3.312077999999987696e+02,0.000000000000000000e+00
3.313077999999987924e+02,0.000000000000000000e+00
3.314077999999987583e+02,0.000000000000000000e+00
3.315077999999987242e+02,0.000000000000000000e+00
3.316077999999987469e+02,0.000000000000000000e+00
3.317077999999987696e+02,0.000000000000000000e+00
3.318077999999987924e+02,0.000000000000000000e+00
3.319077999999987583e+02,0.000000000000000000e+00
3.320077999999987242e+02,0.000000000000000000e+00
3.321077999999987469e+02,0.000000000000000000e+00
3.322077999999987696e+02,0.000000000000000000e+00
3.323077999999987924e+02,0.000000000000000000e+00
3.324077999999987583e+02,0.000000000000000000e+00
3.325077999999987242e+02,0.000000000000000000e+00
3.326077999999987469e+02,0.000000000000000000e+00
3.327077999999987696e+02,0.000000000000000000e+00
3.328077999999987355e+02,0.000000000000000000e+00
3.329077999999987583e+02,0.000000000000000000e+00
3.330077999999987242e+02,0.000000000000000000e+00
3.331077999999987469e+02,0.000000000000000000e+00
3.332077999999987696e+02,0.000000000000000000e+00
3.333077999999987355e+02,0.000000000000000000e+00
3.334077999999987583e+02,0.000000000000000000e+00
3.335077999999987242e+02,0.000000000000000000e+00
3.336077999999987469e+02,0.000000000000000000e+00
3.337077999999987696e+02,0.000000000000000000e+00
3.338077999999987355e+02,0.000000000000000000e+00
3.339077999999987583e+02,0.000000000000000000e+00
3.340077999999987242e+02,0.000000000000000000e+00
3.341077999999987469e+02,0.000000000000000000e+00
3.342077999999987696e+02,0.000000000000000000e+00
3.343077999999987355e+02,0.000000000000000000e+00
3.344077999999987583e+02,0.000000000000000000e+00
3.345077999999987242e+02,0.000000000000000000e+00
3.346077999999987469e+02,0.000000000000000000e+00
3.347077999999987696e+02,0.000000000000000000e+00
3.348077999999987355e+02,0.000000000000000000e+00
3.349077999999987583e+02,0.000000000000000000e+00
3.350077999999987242e+02,0.000000000000000000e+00
3.351077999999987469e+02,0.000000000000000000e+00
3.352077999999987696e+02,0.000000000000000000e+00
3.353077999999987355e+02,0.000000000000000000e+00
3.354077999999987583e+02,0.000000000000000000e+00
3.355077999999987242e+02,0.000000000000000000e+00
3.356077999999987469e+02,0.000000000000000000e+00
3.357077999999987696e+02,0.000000000000000000e+00
3.358077999999987355e+02,0.000000000000000000e+00
3.359077999999987583e+02,0.000000000000000000e+00
3.360077999999987242e+02,0.000000000000000000e+00
3.361077999999987469e+02,0.000000000000000000e+00
3.362077999999987696e+02,0.000000000000000000e+00
3.363077999999987355e+02,0.000000000000000000e+00
3.364077999999987014e+02,0.000000000000000000e+00
3.365077999999987242e+02,0.000000000000000000e+00
3.366077999999987469e+02,0.000000000000000000e+00
3.367077999999987696e+02,0.000000000000000000e+00
3.368077999999987355e+02,0.000000000000000000e+00
3.369077999999987014e+02,0.000000000000000000e+00
3.370077999999987242e+02,0.000000000000000000e+00
3.371077999999987469e+02,0.000000000000000000e+00
3.372077999999987696e+02,0.000000000000000000e+00
3.373077999999987355e+02,0.000000000000000000e+00
3.374077999999987014e+02,0.000000000000000000e+00
3.375077999999987242e+02,0.000000000000000000e+00
3.376077999999987469e+02,0.000000000000000000e+00
3.377077999999987696e+02,0.000000000000000000e+00
3.378077999999987355e+02,0.000000000000000000e+00
3.379077999999987014e+02,0.000000000000000000e+00
3.380077999999987242e+02,0.000000000000000000e+00
3.381077999999987469e+02,0.000000000000000000e+00
3.382077999999987696e+02,0.000000000000000000e+00
3.383077999999987355e+02,0.000000000000000000e+00
3.384077999999987014e+02,0.000000000000000000e+00
3.385077999999987242e+02,0.000000000000000000e+00
3.386077999999987469e+02,0.000000000000000000e+00
3.387077999999987696e+02,0.000000000000000000e+00
3.388077999999987355e+02,0.000000000000000000e+00
3.389077999999987014e+02,0.000000000000000000e+00
3.390077999999987242e+02,0.000000000000000000e+00
3.391077999999987469e+02,0.000000000000000000e+00
3.392077999999987128e+02,0.000000000000000000e+00
3.393077999999987355e+02,0.000000000000000000e+00
3.394077999999987014e+02,0.000000000000000000e+00
3.395077999999987242e+02,0.000000000000000000e+00
3.396077999999987469e+02,0.000000000000000000e+00
3.397077999999987128e+02,0.000000000000000000e+00
3.398077999999987355e+02,0.000000000000000000e+00
3.399077999999987014e+02,0.000000000000000000e+00
3.400077999999987242e+02,0.000000000000000000e+00
3.401077999999987469e+02,0.000000000000000000e+00
3.402077999999987128e+02,0.000000000000000000e+00
3.403077999999987355e+02,0.000000000000000000e+00
3.404077999999987014e+02,0.000000000000000000e+00
3.405077999999987242e+02,0.000000000000000000e+00
3.406077999999987469e+02,0.000000000000000000e+00
3.407077999999987128e+02,0.000000000000000000e+00
3.408077999999987355e+02,0.000000000000000000e+00
3.409077999999987014e+02,0.000000000000000000e+00
3.410077999999987242e+02,0.000000000000000000e+00
3.411077999999987469e+02,0.000000000000000000e+00
3.412077999999987128e+02,0.000000000000000000e+00
3.413077999999987355e+02,0.000000000000000000e+00
3.414077999999987014e+02,0.000000000000000000e+00
3.415077999999987242e+02,0.000000000000000000e+00
3.416077999999987469e+02,0.000000000000000000e+00
3.417077999999987128e+02,0.000000000000000000e+00
3.418077999999987355e+02,0.000000000000000000e+00
3.419077999999987014e+02,0.000000000000000000e+00
3.420077999999987242e+02,0.000000000000000000e+00
3.421077999999987469e+02,0.000000000000000000e+00
3.422077999999987128e+02,0.000000000000000000e+00
3.423077999999987355e+02,0.000000000000000000e+00
3.424077999999987014e+02,0.000000000000000000e+00
3.425077999999987242e+02,0.000000000000000000e+00
3.426077999999987469e+02,0.000000000000000000e+00
3.427077999999987128e+02,0.000000000000000000e+00
3.428077999999986787e+02,0.000000000000000000e+00
3.429077999999987014e+02,0.000000000000000000e+00
3.430077999999987242e+02,0.000000000000000000e+00
3.431077999999987469e+02,0.000000000000000000e+00
3.432077999999987128e+02,0.000000000000000000e+00
3.433077999999986787e+02,0.000000000000000000e+00
3.434077999999987014e+02,0.000000000000000000e+00
3.435077999999987242e+02,0.000000000000000000e+00
3.436077999999987469e+02,0.000000000000000000e+00
3.437077999999987128e+02,0.000000000000000000e+00
3.438077999999986787e+02,0.000000000000000000e+00
3.439077999999987014e+02,0.000000000000000000e+00
3.440077999999987242e+02,0.000000000000000000e+00
3.441077999999987469e+02,0.000000000000000000e+00
3.442077999999987128e+02,0.000000000000000000e+00
3.443077999999986787e+02,0.000000000000000000e+00
3.444077999999987014e+02,0.000000000000000000e+00
3.445077999999987242e+02,0.000000000000000000e+00
3.446077999999987469e+02,0.000000000000000000e+00
3.447077999999987128e+02,0.000000000000000000e+00
3.448077999999986787e+02,0.000000000000000000e+00
3.449077999999987014e+02,0.000000000000000000e+00
3.450077999999987242e+02,0.000000000000000000e+00
3.451077999999987469e+02,0.000000000000000000e+00
3.452077999999987128e+02,0.000000000000000000e+00
3.453077999999986787e+02,0.000000000000000000e+00
3.454077999999987014e+02,0.000000000000000000e+00
3.455077999999987242e+02,0.000000000000000000e+00
3.456077999999986901e+02,0.000000000000000000e+00
3.457077999999987128e+02,0.000000000000000000e+00
3.458077999999986787e+02,0.000000000000000000e+00
3.459077999999987014e+02,0.000000000000000000e+00
3.460077999999987242e+02,0.000000000000000000e+00
3.461077999999986901e+02,0.000000000000000000e+00
3.462077999999987128e+02,0.000000000000000000e+00
3.463077999999986787e+02,0.000000000000000000e+00
3.464077999999987014e+02,0.000000000000000000e+00
3.465077999999987242e+02,0.000000000000000000e+00
3.466077999999986901e+02,0.000000000000000000e+00
3.467077999999987128e+02,0.000000000000000000e+00
3.468077999999986787e+02,0.000000000000000000e+00
3.469077999999987014e+02,0.000000000000000000e+00
3.470077999999987242e+02,0.000000000000000000e+00
3.471077999999986901e+02,0.000000000000000000e+00
3.472077999999987128e+02,0.000000000000000000e+00
3.473077999999986787e+02,0.000000000000000000e+00
3.474077999999987014e+02,0.000000000000000000e+00
3.475077999999987242e+02,0.000000000000000000e+00
3.476077999999986901e+02,0.000000000000000000e+00
3.477077999999987128e+02,0.000000000000000000e+00
3.478077999999986787e+02,0.000000000000000000e+00
3.479077999999987014e+02,0.000000000000000000e+00
3.480077999999987242e+02,0.000000000000000000e+00
3.481077999999986901e+02,0.000000000000000000e+00
3.482077999999987128e+02,0.000000000000000000e+00
3.483077999999986787e+02,0.000000000000000000e+00
3.484077999999987014e+02,0.000000000000000000e+00
3.485077999999987242e+02,0.000000000000000000e+00
3.486077999999986901e+02,0.000000000000000000e+00
3.487077999999987128e+02,0.000000000000000000e+00
3.488077999999986787e+02,0.000000000000000000e+00
3.489077999999987014e+02,0.000000000000000000e+00
3.490077999999987242e+02,0.000000000000000000e+00
3.491077999999986901e+02,0.000000000000000000e+00
3.492077999999986559e+02,0.000000000000000000e+00
3.493077999999986787e+02,0.000000000000000000e+00
3.494077999999987014e+02,0.000000000000000000e+00
3.495077999999987242e+02,0.000000000000000000e+00
3.496077999999986901e+02,0.000000000000000000e+00
3.497077999999986559e+02,0.000000000000000000e+00
3.498077999999986787e+02,0.000000000000000000e+00
3.499077999999987014e+02,0.000000000000000000e+00
3.500077999999987242e+02,0.000000000000000000e+00
3.501077999999986901e+02,0.000000000000000000e+00
3.502077999999986559e+02,0.000000000000000000e+00
3.503077999999986787e+02,0.000000000000000000e+00
3.504077999999987014e+02,0.000000000000000000e+00
3.505077999999987242e+02,0.000000000000000000e+00
3.506077999999986901e+02,0.000000000000000000e+00
3.507077999999986559e+02,0.000000000000000000e+00
3.508077999999986787e+02,0.000000000000000000e+00
3.509077999999987014e+02,0.000000000000000000e+00
3.510077999999987242e+02,0.000000000000000000e+00
3.511077999999986901e+02,0.000000000000000000e+00
3.512077999999986559e+02,0.000000000000000000e+00
3.513077999999986787e+02,0.000000000000000000e+00
3.514077999999987014e+02,0.000000000000000000e+00
3.515077999999987242e+02,0.000000000000000000e+00
3.516077999999986901e+02,0.000000000000000000e+00
3.517077999999986559e+02,0.000000000000000000e+00
3.518077999999986787e+02,0.000000000000000000e+00
3.519077999999987014e+02,0.000000000000000000e+00
3.520077999999986673e+02,0.000000000000000000e+00
3.521077999999986901e+02,0.000000000000000000e+00
3.522077999999986559e+02,0.000000000000000000e+00
3.523077999999986787e+02,0.000000000000000000e+00
3.524077999999987014e+02,0.000000000000000000e+00
3.525077999999986673e+02,0.000000000000000000e+00
3.526077999999986901e+02,0.000000000000000000e+00
3.527077999999986559e+02,0.000000000000000000e+00
3.528077999999986787e+02,0.000000000000000000e+00
3.529077999999987014e+02,0.000000000000000000e+00
3.530077999999986673e+02,0.000000000000000000e+00
3.531077999999986901e+02,0.000000000000000000e+00
3.532077999999986559e+02,0.000000000000000000e+00
3.533077999999986787e+02,0.000000000000000000e+00
3.534077999999987014e+02,0.000000000000000000e+00
3.535077999999986673e+02,0.000000000000000000e+00
3.536077999999986901e+02,0.000000000000000000e+00
3.537077999999986559e+02,0.000000000000000000e+00
3.538077999999986787e+02,0.000000000000000000e+00
3.539077999999987014e+02,0.000000000000000000e+00
3.540077999999986673e+02,0.000000000000000000e+00
3.541077999999986901e+02,0.000000000000000000e+00
3.542077999999986559e+02,0.000000000000000000e+00
3.543077999999986787e+02,0.000000000000000000e+00
3.544077999999987014e+02,0.000000000000000000e+00
3.545077999999986673e+02,0.000000000000000000e+00
3.546077999999986901e+02,0.000000000000000000e+00
3.547077999999986559e+02,0.000000000000000000e+00
3.548077999999986787e+02,0.000000000000000000e+00
3.549077999999987014e+02,0.000000000000000000e+00
3.550077999999986673e+02,0.000000000000000000e+00
3.551077999999986901e+02,0.000000000000000000e+00
3.552077999999986559e+02,0.000000000000000000e+00
3.553077999999986787e+02,0.000000000000000000e+00
3.554077999999987014e+02,0.000000000000000000e+00
3.555077999999986673e+02,0.000000000000000000e+00
3.556077999999986332e+02,0.000000000000000000e+00
3.557077999999986559e+02,0.000000000000000000e+00
3.558077999999986787e+02,0.000000000000000000e+00
3.559077999999987014e+02,0.000000000000000000e+00
3.560077999999986673e+02,0.000000000000000000e+00
3.561077999999986332e+02,0.000000000000000000e+00
3.562077999999986559e+02,0.000000000000000000e+00
3.563077999999986787e+02,0.000000000000000000e+00
3.564077999999987014e+02,0.000000000000000000e+00
3.565077999999986673e+02,0.000000000000000000e+00
3.566077999999986332e+02,0.000000000000000000e+00
3.567077999999986559e+02,0.000000000000000000e+00
3.568077999999986787e+02,0.000000000000000000e+00
3.569077999999987014e+02,0.000000000000000000e+00
3.570077999999986673e+02,0.000000000000000000e+00
3.571077999999986332e+02,0.000000000000000000e+00
3.572077999999986559e+02,0.000000000000000000e+00
3.573077999999986787e+02,0.000000000000000000e+00
3.574077999999987014e+02,0.000000000000000000e+00
3.575077999999986673e+02,0.000000000000000000e+00
3.576077999999986332e+02,0.000000000000000000e+00
3.577077999999986559e+02,0.000000000000000000e+00
3.578077999999986787e+02,0.000000000000000000e+00
3.579077999999987014e+02,0.000000000000000000e+00
3.580077999999986673e+02,0.000000000000000000e+00
3.581077999999986332e+02,0.000000000000000000e+00
3.582077999999986559e+02,0.000000000000000000e+00
3.583077999999986787e+02,0.000000000000000000e+00
3.584077999999986446e+02,0.000000000000000000e+00
3.585077999999986673e+02,0.000000000000000000e+00
3.586077999999986332e+02,0.000000000000000000e+00
3.587077999999986559e+02,0.000000000000000000e+00
3.588077999999986787e+02,0.000000000000000000e+00
3.589077999999986446e+02,0.000000000000000000e+00
3.590077999999986673e+02,0.000000000000000000e+00
3.591077999999986332e+02,0.000000000000000000e+00
3.592077999999986559e+02,0.000000000000000000e+00
3.593077999999986787e+02,0.000000000000000000e+00
3.594077999999986446e+02,0.000000000000000000e+00
3.595077999999986673e+02,0.000000000000000000e+00
3.596077999999986332e+02,0.000000000000000000e+00
3.597077999999986559e+02,0.000000000000000000e+00
3.598077999999986787e+02,0.000000000000000000e+00
3.599077999999986446e+02,0.000000000000000000e+00
3.600077999999986673e+02,0.000000000000000000e+00
3.601077999999986332e+02,0.000000000000000000e+00
3.602077999999986559e+02,0.000000000000000000e+00
3.603077999999986787e+02,0.000000000000000000e+00
3.604077999999986446e+02,0.000000000000000000e+00
3.605077999999986673e+02,0.000000000000000000e+00
3.606077999999986332e+02,0.000000000000000000e+00
3.607077999999986559e+02,0.000000000000000000e+00
3.608077999999986787e+02,0.000000000000000000e+00
3.609077999999986446e+02,0.000000000000000000e+00
3.610077999999986673e+02,0.000000000000000000e+00
3.611077999999986332e+02,0.000000000000000000e+00
3.612077999999986559e+02,0.000000000000000000e+00
3.613077999999986787e+02,0.000000000000000000e+00
3.614077999999986446e+02,0.000000000000000000e+00
3.615077999999986673e+02,0.000000000000000000e+00
3.616077999999986332e+02,0.000000000000000000e+00
3.617077999999986559e+02,0.000000000000000000e+00
3.618077999999986787e+02,0.000000000000000000e+00
3.619077999999986446e+02,0.000000000000000000e+00
3.620077999999986105e+02,0.000000000000000000e+00
3.621077999999986332e+02,0.000000000000000000e+00
3.622077999999986559e+02,0.000000000000000000e+00
3.623077999999986787e+02,0.000000000000000000e+00
3.624077999999986446e+02,0.000000000000000000e+00
3.625077999999986105e+02,0.000000000000000000e+00
3.626077999999986332e+02,0.000000000000000000e+00
3.627077999999986559e+02,0.000000000000000000e+00
3.628077999999986787e+02,0.000000000000000000e+00
3.629077999999986446e+02,0.000000000000000000e+00
3.630077999999986105e+02,0.000000000000000000e+00
3.631077999999986332e+02,0.000000000000000000e+00
3.632077999999986559e+02,0.000000000000000000e+00
3.633077999999986787e+02,0.000000000000000000e+00
3.634077999999986446e+02,0.000000000000000000e+00
3.635077999999986105e+02,0.000000000000000000e+00
3.636077999999986332e+02,0.000000000000000000e+00
3.637077999999986559e+02,0.000000000000000000e+00
3.638077999999986787e+02,0.000000000000000000e+00
3.639077999999986446e+02,0.000000000000000000e+00
3.640077999999986105e+02,0.000000000000000000e+00
3.641077999999986332e+02,0.000000000000000000e+00
3.642077999999986559e+02,0.000000000000000000e+00
3.643077999999986787e+02,0.000000000000000000e+00
3.644077999999986446e+02,0.000000000000000000e+00
3.645077999999986105e+02,0.000000000000000000e+00
3.646077999999986332e+02,0.000000000000000000e+00
3.647077999999986559e+02,0.000000000000000000e+00
3.648077999999986218e+02,0.000000000000000000e+00
3.649077999999986446e+02,0.000000000000000000e+00
3.650077999999986105e+02,0.000000000000000000e+00
3.651077999999986332e+02,0.000000000000000000e+00
3.652077999999986559e+02,0.000000000000000000e+00
3.653077999999986218e+02,0.000000000000000000e+00
3.654077999999986446e+02,0.000000000000000000e+00
3.655077999999986105e+02,0.000000000000000000e+00
3.656077999999986332e+02,0.000000000000000000e+00
3.657077999999986559e+02,0.000000000000000000e+00
3.658077999999986218e+02,0.000000000000000000e+00
3.659077999999986446e+02,0.000000000000000000e+00
3.660077999999986105e+02,0.000000000000000000e+00
3.661077999999986332e+02,0.000000000000000000e+00
3.662077999999986559e+02,0.000000000000000000e+00
3.663077999999986218e+02,0.000000000000000000e+00
3.664077999999986446e+02,0.000000000000000000e+00
3.665077999999986105e+02,0.000000000000000000e+00
3.666077999999986332e+02,0.000000000000000000e+00
3.667077999999986559e+02,0.000000000000000000e+00
3.668077999999986218e+02,0.000000000000000000e+00
3.669077999999986446e+02,0.000000000000000000e+00
3.670077999999986105e+02,0.000000000000000000e+00
3.671077999999986332e+02,0.000000000000000000e+00
3.672077999999986559e+02,0.000000000000000000e+00
3.673077999999986218e+02,0.000000000000000000e+00
3.674077999999986446e+02,0.000000000000000000e+00
3.675077999999986105e+02,0.000000000000000000e+00
3.676077999999986332e+02,0.000000000000000000e+00
3.677077999999986559e+02,0.000000000000000000e+00
3.678077999999986218e+02,0.000000000000000000e+00
3.679077999999986446e+02,0.000000000000000000e+00
3.680077999999986105e+02,0.000000000000000000e+00
3.681077999999986332e+02,0.000000000000000000e+00
3.682077999999986559e+02,0.000000000000000000e+00
3.683077999999986218e+02,0.000000000000000000e+00
3.684077999999985877e+02,0.000000000000000000e+00
3.685077999999986105e+02,0.000000000000000000e+00
3.686077999999986332e+02,0.000000000000000000e+00
3.687077999999986559e+02,0.000000000000000000e+00
3.688077999999986218e+02,0.000000000000000000e+00
3.689077999999985877e+02,0.000000000000000000e+00
3.690077999999986105e+02,0.000000000000000000e+00
3.691077999999986332e+02,0.000000000000000000e+00
3.692077999999986559e+02,0.000000000000000000e+00
3.693077999999986218e+02,0.000000000000000000e+00
3.694077999999985877e+02,0.000000000000000000e+00
3.695077999999986105e+02,0.000000000000000000e+00
3.696077999999986332e+02,0.000000000000000000e+00
3.697077999999986559e+02,0.000000000000000000e+00
3.698077999999986218e+02,0.000000000000000000e+00
3.699077999999985877e+02,0.000000000000000000e+00
3.700077999999986105e+02,0.000000000000000000e+00
3.701077999999986332e+02,0.000000000000000000e+00
3.702077999999986559e+02,0.000000000000000000e+00
3.703077999999986218e+02,0.000000000000000000e+00
3.704077999999985877e+02,0.000000000000000000e+00
3.705077999999986105e+02,0.000000000000000000e+00
3.706077999999986332e+02,0.000000000000000000e+00
3.707077999999986559e+02,0.000000000000000000e+00
3.708077999999986218e+02,0.000000000000000000e+00
3.709077999999985877e+02,0.000000000000000000e+00
3.710077999999986105e+02,0.000000000000000000e+00
3.711077999999986332e+02,0.000000000000000000e+00
3.712077999999985991e+02,0.000000000000000000e+00
3.713077999999986218e+02,0.000000000000000000e+00
3.714077999999985877e+02,0.000000000000000000e+00
3.715077999999986105e+02,0.000000000000000000e+00
3.716077999999986332e+02,0.000000000000000000e+00
3.717077999999985991e+02,0.000000000000000000e+00
3.718077999999986218e+02,0.000000000000000000e+00
3.719077999999985877e+02,0.000000000000000000e+00
3.720077999999986105e+02,0.000000000000000000e+00
3.721077999999986332e+02,0.000000000000000000e+00
3.722077999999985991e+02,0.000000000000000000e+00
3.723077999999986218e+02,0.000000000000000000e+00
3.724077999999985877e+02,0.000000000000000000e+00
3.725077999999986105e+02,0.000000000000000000e+00
3.726077999999986332e+02,0.000000000000000000e+00
3.727077999999985991e+02,0.000000000000000000e+00
3.728077999999986218e+02,0.000000000000000000e+00
3.729077999999985877e+02,0.000000000000000000e+00
3.730077999999986105e+02,0.000000000000000000e+00
3.731077999999986332e+02,0.000000000000000000e+00
3.732077999999985991e+02,0.000000000000000000e+00
3.733077999999986218e+02,0.000000000000000000e+00
3.734077999999985877e+02,0.000000000000000000e+00
3.735077999999986105e+02,0.000000000000000000e+00
3.736077999999986332e+02,0.000000000000000000e+00
3.737077999999985991e+02,0.000000000000000000e+00
3.738077999999986218e+02,0.000000000000000000e+00
3.739077999999985877e+02,0.000000000000000000e+00
3.740077999999986105e+02,0.000000000000000000e+00
3.741077999999986332e+02,0.000000000000000000e+00
3.742077999999985991e+02,0.000000000000000000e+00
3.743077999999986218e+02,0.000000000000000000e+00
3.744077999999985877e+02,0.000000000000000000e+00
3.745077999999986105e+02,0.000000000000000000e+00
3.746077999999986332e+02,0.000000000000000000e+00
3.747077999999985991e+02,0.000000000000000000e+00
3.748077999999985650e+02,0.000000000000000000e+00
3.749077999999985877e+02,0.000000000000000000e+00
3.750077999999986105e+02,0.000000000000000000e+00
3.751077999999986332e+02,0.000000000000000000e+00
3.752077999999985991e+02,0.000000000000000000e+00
3.753077999999985650e+02,0.000000000000000000e+00
3.754077999999985877e+02,0.000000000000000000e+00
3.755077999999986105e+02,0.000000000000000000e+00
3.756077999999986332e+02,0.000000000000000000e+00
3.757077999999985991e+02,0.000000000000000000e+00
3.758077999999985650e+02,0.000000000000000000e+00
3.759077999999985877e+02,0.000000000000000000e+00
3.760077999999986105e+02,0.000000000000000000e+00
3.761077999999986332e+02,0.000000000000000000e+00
3.762077999999985991e+02,0.000000000000000000e+00
3.763077999999985650e+02,0.000000000000000000e+00
3.764077999999985877e+02,0.000000000000000000e+00
3.765077999999986105e+02,0.000000000000000000e+00
3.766077999999986332e+02,0.000000000000000000e+00
3.767077999999985991e+02,0.000000000000000000e+00
3.768077999999985650e+02,0.000000000000000000e+00
3.769077999999985877e+02,0.000000000000000000e+00
3.770077999999986105e+02,0.000000000000000000e+00
3.771077999999986332e+02,0.000000000000000000e+00
3.772077999999985991e+02,0.000000000000000000e+00
3.773077999999985650e+02,0.000000000000000000e+00
3.774077999999985877e+02,0.000000000000000000e+00
3.775077999999986105e+02,0.000000000000000000e+00
3.776077999999985764e+02,0.000000000000000000e+00
3.777077999999985991e+02,0.000000000000000000e+00
3.778077999999985650e+02,0.000000000000000000e+00
3.779077999999985877e+02,0.000000000000000000e+00
3.780077999999986105e+02,0.000000000000000000e+00
3.781077999999985764e+02,0.000000000000000000e+00
3.782077999999985991e+02,0.000000000000000000e+00
3.783077999999985650e+02,0.000000000000000000e+00
3.784077999999985877e+02,0.000000000000000000e+00
3.785077999999986105e+02,0.000000000000000000e+00
3.786077999999985764e+02,0.000000000000000000e+00
3.787077999999985991e+02,0.000000000000000000e+00
3.788077999999985650e+02,0.000000000000000000e+00
3.789077999999985877e+02,0.000000000000000000e+00
3.790077999999986105e+02,0.000000000000000000e+00
3.791077999999985764e+02,0.000000000000000000e+00
3.792077999999985991e+02,0.000000000000000000e+00
3.793077999999985650e+02,0.000000000000000000e+00
3.794077999999985877e+02,0.000000000000000000e+00
3.795077999999986105e+02,0.000000000000000000e+00
3.796077999999985764e+02,0.000000000000000000e+00
3.797077999999985991e+02,0.000000000000000000e+00
3.798077999999985650e+02,0.000000000000000000e+00
3.799077999999985877e+02,0.000000000000000000e+00
3.800077999999986105e+02,0.000000000000000000e+00
3.801077999999985764e+02,0.000000000000000000e+00
3.802077999999985991e+02,0.000000000000000000e+00
3.803077999999985650e+02,0.000000000000000000e+00
3.804077999999985877e+02,0.000000000000000000e+00
3.805077999999986105e+02,0.000000000000000000e+00
3.806077999999985764e+02,0.000000000000000000e+00
3.807077999999985991e+02,0.000000000000000000e+00
3.808077999999985650e+02,0.000000000000000000e+00
3.809077999999985877e+02,0.000000000000000000e+00
3.810077999999986105e+02,0.000000000000000000e+00
3.811077999999985764e+02,0.000000000000000000e+00
3.812077999999985423e+02,0.000000000000000000e+00
3.813077999999985650e+02,0.000000000000000000e+00
3.814077999999985877e+02,0.000000000000000000e+00
3.815077999999986105e+02,0.000000000000000000e+00
3.816077999999985764e+02,0.000000000000000000e+00
3.817077999999985423e+02,0.000000000000000000e+00
3.818077999999985650e+02,0.000000000000000000e+00
3.819077999999985877e+02,0.000000000000000000e+00
3.820077999999986105e+02,0.000000000000000000e+00
3.821077999999985764e+02,0.000000000000000000e+00
3.822077999999985423e+02,0.000000000000000000e+00
3.823077999999985650e+02,0.000000000000000000e+00
3.824077999999985877e+02,0.000000000000000000e+00
3.825077999999986105e+02,0.000000000000000000e+00
3.826077999999985764e+02,0.000000000000000000e+00
3.827077999999985423e+02,0.000000000000000000e+00
3.828077999999985650e+02,0.000000000000000000e+00
3.829077999999985877e+02,0.000000000000000000e+00
3.830077999999986105e+02,0.000000000000000000e+00
3.831077999999985764e+02,0.000000000000000000e+00
3.832077999999985423e+02,0.000000000000000000e+00
3.833077999999985650e+02,0.000000000000000000e+00
3.834077999999985877e+02,0.000000000000000000e+00
3.835077999999986105e+02,0.000000000000000000e+00
3.836077999999985764e+02,0.000000000000000000e+00
3.837077999999985423e+02,0.000000000000000000e+00
3.838077999999985650e+02,0.000000000000000000e+00
3.839077999999985877e+02,0.000000000000000000e+00
3.840077999999985536e+02,0.000000000000000000e+00
3.841077999999985764e+02,0.000000000000000000e+00
3.842077999999985423e+02,0.000000000000000000e+00
3.843077999999985650e+02,0.000000000000000000e+00
3.844077999999985877e+02,0.000000000000000000e+00
3.845077999999985536e+02,0.000000000000000000e+00
3.846077999999985764e+02,0.000000000000000000e+00
3.847077999999985423e+02,0.000000000000000000e+00
3.848077999999985650e+02,0.000000000000000000e+00
3.849077999999985877e+02,0.000000000000000000e+00
3.850077999999985536e+02,0.000000000000000000e+00
3.851077999999985764e+02,0.000000000000000000e+00
3.852077999999985423e+02,0.000000000000000000e+00
3.853077999999985650e+02,0.000000000000000000e+00
3.854077999999985877e+02,0.000000000000000000e+00
3.855077999999985536e+02,0.000000000000000000e+00
3.856077999999985764e+02,0.000000000000000000e+00
3.857077999999985423e+02,0.000000000000000000e+00
3.858077999999985650e+02,0.000000000000000000e+00
3.859077999999985877e+02,0.000000000000000000e+00
3.860077999999985536e+02,0.000000000000000000e+00
3.861077999999985764e+02,0.000000000000000000e+00
3.862077999999985423e+02,0.000000000000000000e+00
3.863077999999985650e+02,0.000000000000000000e+00
3.864077999999985877e+02,0.000000000000000000e+00
3.865077999999985536e+02,0.000000000000000000e+00
3.866077999999985764e+02,0.000000000000000000e+00
3.867077999999985423e+02,0.000000000000000000e+00
3.868077999999985650e+02,0.000000000000000000e+00
3.869077999999985877e+02,0.000000000000000000e+00
3.870077999999985536e+02,0.000000000000000000e+00
3.871077999999985764e+02,0.000000000000000000e+00
3.872077999999985423e+02,0.000000000000000000e+00
3.873077999999985650e+02,0.000000000000000000e+00
3.874077999999985877e+02,0.000000000000000000e+00
3.875077999999985536e+02,0.000000000000000000e+00
3.876077999999985195e+02,0.000000000000000000e+00
3.877077999999985423e+02,0.000000000000000000e+00
3.878077999999985650e+02,0.000000000000000000e+00
3.879077999999985877e+02,0.000000000000000000e+00
3.880077999999985536e+02,0.000000000000000000e+00
3.881077999999985195e+02,0.000000000000000000e+00
3.882077999999985423e+02,0.000000000000000000e+00
3.883077999999985650e+02,0.000000000000000000e+00
3.884077999999985877e+02,0.000000000000000000e+00
3.885077999999985536e+02,0.000000000000000000e+00
3.886077999999985195e+02,0.000000000000000000e+00
3.887077999999985423e+02,0.000000000000000000e+00
3.888077999999985650e+02,0.000000000000000000e+00
3.889077999999985877e+02,0.000000000000000000e+00
3.890077999999985536e+02,0.000000000000000000e+00
3.891077999999985195e+02,0.000000000000000000e+00
3.892077999999985423e+02,0.000000000000000000e+00
3.893077999999985650e+02,0.000000000000000000e+00
3.894077999999985877e+02,0.000000000000000000e+00
3.895077999999985536e+02,0.000000000000000000e+00
3.896077999999985195e+02,0.000000000000000000e+00
3.897077999999985423e+02,0.000000000000000000e+00
3.898077999999985650e+02,0.000000000000000000e+00
3.899077999999985877e+02,0.000000000000000000e+00
3.900077999999985536e+02,0.000000000000000000e+00
3.901077999999985195e+02,0.000000000000000000e+00
3.902077999999985423e+02,0.000000000000000000e+00
3.903077999999985650e+02,0.000000000000000000e+00
3.904077999999985309e+02,0.000000000000000000e+00
3.905077999999985536e+02,0.000000000000000000e+00
3.906077999999985195e+02,0.000000000000000000e+00
3.907077999999985423e+02,0.000000000000000000e+00
3.908077999999985650e+02,0.000000000000000000e+00
3.909077999999985309e+02,0.000000000000000000e+00
3.910077999999985536e+02,0.000000000000000000e+00
3.911077999999985195e+02,0.000000000000000000e+00
3.912077999999985423e+02,0.000000000000000000e+00
3.913077999999985650e+02,0.000000000000000000e+00
3.914077999999985309e+02,0.000000000000000000e+00
3.915077999999985536e+02,0.000000000000000000e+00
3.916077999999985195e+02,0.000000000000000000e+00
3.917077999999985423e+02,0.000000000000000000e+00
3.918077999999985650e+02,0.000000000000000000e+00
3.919077999999985309e+02,0.000000000000000000e+00
3.920077999999985536e+02,0.000000000000000000e+00
3.921077999999985195e+02,0.000000000000000000e+00
3.922077999999985423e+02,0.000000000000000000e+00
3.923077999999985650e+02,0.000000000000000000e+00
3.924077999999985309e+02,0.000000000000000000e+00
3.925077999999985536e+02,0.000000000000000000e+00
3.926077999999985195e+02,0.000000000000000000e+00
3.927077999999985423e+02,0.000000000000000000e+00
3.928077999999985650e+02,0.000000000000000000e+00
3.929077999999985309e+02,0.000000000000000000e+00
3.930077999999985536e+02,0.000000000000000000e+00
3.931077999999985195e+02,0.000000000000000000e+00
3.932077999999985423e+02,0.000000000000000000e+00
3.933077999999985650e+02,0.000000000000000000e+00
3.934077999999985309e+02,0.000000000000000000e+00
3.935077999999985536e+02,0.000000000000000000e+00
3.936077999999985195e+02,0.000000000000000000e+00
3.937077999999985423e+02,0.000000000000000000e+00
3.938077999999985650e+02,0.000000000000000000e+00
3.939077999999985309e+02,0.000000000000000000e+00
3.940077999999984968e+02,0.000000000000000000e+00
3.941077999999985195e+02,0.000000000000000000e+00
3.942077999999985423e+02,0.000000000000000000e+00
3.943077999999985650e+02,0.000000000000000000e+00
3.944077999999985309e+02,0.000000000000000000e+00
3.945077999999984968e+02,0.000000000000000000e+00
3.946077999999985195e+02,0.000000000000000000e+00
3.947077999999985423e+02,0.000000000000000000e+00
3.948077999999985650e+02,0.000000000000000000e+00
3.949077999999985309e+02,0.000000000000000000e+00
3.950077999999984968e+02,0.000000000000000000e+00
3.951077999999985195e+02,0.000000000000000000e+00
3.952077999999985423e+02,0.000000000000000000e+00
3.953077999999985650e+02,0.000000000000000000e+00
3.954077999999985309e+02,0.000000000000000000e+00
3.955077999999984968e+02,0.000000000000000000e+00
3.956077999999985195e+02,0.000000000000000000e+00
3.957077999999985423e+02,0.000000000000000000e+00
3.958077999999985650e+02,0.000000000000000000e+00
3.959077999999985309e+02,0.000000000000000000e+00
3.960077999999984968e+02,0.000000000000000000e+00
3.961077999999985195e+02,0.000000000000000000e+00
3.962077999999985423e+02,0.000000000000000000e+00
3.963077999999985650e+02,0.000000000000000000e+00
3.964077999999985309e+02,0.000000000000000000e+00
3.965077999999984968e+02,0.000000000000000000e+00
3.966077999999985195e+02,0.000000000000000000e+00
3.967077999999985423e+02,0.000000000000000000e+00
3.968077999999985082e+02,0.000000000000000000e+00
3.969077999999985309e+02,0.000000000000000000e+00
3.970077999999984968e+02,0.000000000000000000e+00
3.971077999999985195e+02,0.000000000000000000e+00
3.972077999999985423e+02,0.000000000000000000e+00
3.973077999999985082e+02,0.000000000000000000e+00
3.974077999999985309e+02,0.000000000000000000e+00
3.975077999999984968e+02,0.000000000000000000e+00
3.976077999999985195e+02,0.000000000000000000e+00
3.977077999999985423e+02,0.000000000000000000e+00
3.978077999999985082e+02,0.000000000000000000e+00
3.979077999999985309e+02,0.000000000000000000e+00
3.980077999999984968e+02,0.000000000000000000e+00
3.981077999999985195e+02,0.000000000000000000e+00
3.982077999999985423e+02,0.000000000000000000e+00
3.983077999999985082e+02,0.000000000000000000e+00
3.984077999999985309e+02,0.000000000000000000e+00
3.985077999999984968e+02,0.000000000000000000e+00
3.986077999999985195e+02,0.000000000000000000e+00
3.987077999999985423e+02,0.000000000000000000e+00
3.988077999999985082e+02,0.000000000000000000e+00
3.989077999999985309e+02,0.000000000000000000e+00
3.990077999999984968e+02,0.000000000000000000e+00
3.991077999999985195e+02,0.000000000000000000e+00
3.992077999999985423e+02,0.000000000000000000e+00
3.993077999999985082e+02,0.000000000000000000e+00
3.994077999999985309e+02,0.000000000000000000e+00
3.995077999999984968e+02,0.000000000000000000e+00
3.996077999999985195e+02,0.000000000000000000e+00
3.997077999999985423e+02,0.000000000000000000e+00
3.998077999999985082e+02,0.000000000000000000e+00
3.999077999999985309e+02,0.000000000000000000e+00
4.000077999999984968e+02,0.000000000000000000e+00
4.001077999999985195e+02,0.000000000000000000e+00
4.002077999999985423e+02,0.000000000000000000e+00
4.003077999999985082e+02,0.000000000000000000e+00
4.004077999999984740e+02,0.000000000000000000e+00
4.005077999999984968e+02,0.000000000000000000e+00
4.006077999999985195e+02,0.000000000000000000e+00
4.007077999999985423e+02,0.000000000000000000e+00
4.008077999999985082e+02,0.000000000000000000e+00
4.009077999999984740e+02,0.000000000000000000e+00
4.010077999999984968e+02,0.000000000000000000e+00
4.011077999999985195e+02,0.000000000000000000e+00
4.012077999999985423e+02,0.000000000000000000e+00
4.013077999999985082e+02,0.000000000000000000e+00
4.014077999999984740e+02,0.000000000000000000e+00
4.015077999999984968e+02,0.000000000000000000e+00
4.016077999999985195e+02,0.000000000000000000e+00
4.017077999999985423e+02,0.000000000000000000e+00
4.018077999999985082e+02,0.000000000000000000e+00
4.019077999999984740e+02,0.000000000000000000e+00
4.020077999999984968e+02,0.000000000000000000e+00
4.021077999999985195e+02,0.000000000000000000e+00
4.022077999999985423e+02,0.000000000000000000e+00
4.023077999999985082e+02,0.000000000000000000e+00
4.024077999999984740e+02,0.000000000000000000e+00
4.025077999999984968e+02,0.000000000000000000e+00
4.026077999999985195e+02,0.000000000000000000e+00
4.027077999999985423e+02,0.000000000000000000e+00
4.028077999999985082e+02,0.000000000000000000e+00
4.029077999999984740e+02,0.000000000000000000e+00
4.030077999999984968e+02,0.000000000000000000e+00
4.031077999999985195e+02,0.000000000000000000e+00
4.032077999999984854e+02,0.000000000000000000e+00
4.033077999999985082e+02,0.000000000000000000e+00
4.034077999999984740e+02,0.000000000000000000e+00
4.035077999999984968e+02,0.000000000000000000e+00
4.036077999999985195e+02,0.000000000000000000e+00
4.037077999999984854e+02,0.000000000000000000e+00
4.038077999999985082e+02,0.000000000000000000e+00
4.039077999999984740e+02,0.000000000000000000e+00
4.040077999999984968e+02,0.000000000000000000e+00
4.041077999999985195e+02,0.000000000000000000e+00
4.042077999999984854e+02,0.000000000000000000e+00
4.043077999999985082e+02,0.000000000000000000e+00
4.044077999999984740e+02,0.000000000000000000e+00
4.045077999999984968e+02,0.000000000000000000e+00
4.046077999999985195e+02,0.000000000000000000e+00
4.047077999999984854e+02,0.000000000000000000e+00
4.048077999999985082e+02,0.000000000000000000e+00
4.049077999999984740e+02,0.000000000000000000e+00
4.050077999999984968e+02,0.000000000000000000e+00
4.051077999999985195e+02,0.000000000000000000e+00
4.052077999999984854e+02,0.000000000000000000e+00
4.053077999999985082e+02,0.000000000000000000e+00
4.054077999999984740e+02,0.000000000000000000e+00
4.055077999999984968e+02,0.000000000000000000e+00
4.056077999999985195e+02,0.000000000000000000e+00
4.057077999999984854e+02,0.000000000000000000e+00
4.058077999999985082e+02,0.000000000000000000e+00
4.059077999999984740e+02,0.000000000000000000e+00
4.060077999999984968e+02,0.000000000000000000e+00
4.061077999999985195e+02,0.000000000000000000e+00
4.062077999999984854e+02,0.000000000000000000e+00
4.063077999999985082e+02,0.000000000000000000e+00
4.064077999999984740e+02,0.000000000000000000e+00
4.065077999999984968e+02,0.000000000000000000e+00
4.066077999999985195e+02,0.000000000000000000e+00
4.067077999999984854e+02,0.000000000000000000e+00
4.068077999999984513e+02,0.000000000000000000e+00
4.069077999999984740e+02,0.000000000000000000e+00
4.070077999999984968e+02,0.000000000000000000e+00
4.071077999999985195e+02,0.000000000000000000e+00
4.072077999999984854e+02,0.000000000000000000e+00
4.073077999999984513e+02,0.000000000000000000e+00
4.074077999999984740e+02,0.000000000000000000e+00
4.075077999999984968e+02,0.000000000000000000e+00
4.076077999999985195e+02,0.000000000000000000e+00
4.077077999999984854e+02,0.000000000000000000e+00
4.078077999999984513e+02,0.000000000000000000e+00
4.079077999999984740e+02,0.000000000000000000e+00
4.080077999999984968e+02,0.000000000000000000e+00
4.081077999999985195e+02,0.000000000000000000e+00
4.082077999999984854e+02,0.000000000000000000e+00
4.083077999999984513e+02,0.000000000000000000e+00
4.084077999999984740e+02,0.000000000000000000e+00
4.085077999999984968e+02,0.000000000000000000e+00
4.086077999999985195e+02,0.000000000000000000e+00
4.087077999999984854e+02,0.000000000000000000e+00
4.088077999999984513e+02,0.000000000000000000e+00
4.089077999999984740e+02,0.000000000000000000e+00
4.090077999999984968e+02,0.000000000000000000e+00
4.091077999999985195e+02,0.000000000000000000e+00
4.092077999999984854e+02,0.000000000000000000e+00
4.093077999999984513e+02,0.000000000000000000e+00
4.094077999999984740e+02,0.000000000000000000e+00
4.095077999999984968e+02,0.000000000000000000e+00
4.096077999999984627e+02,0.000000000000000000e+00
4.097077999999984854e+02,0.000000000000000000e+00
4.098077999999984513e+02,0.000000000000000000e+00
4.099077999999984740e+02,0.000000000000000000e+00
4.100077999999984968e+02,0.000000000000000000e+00
4.101077999999984627e+02,0.000000000000000000e+00
4.102077999999984854e+02,0.000000000000000000e+00
4.103077999999984513e+02,0.000000000000000000e+00
4.104077999999984740e+02,0.000000000000000000e+00
4.105077999999984968e+02,0.000000000000000000e+00
4.106077999999984627e+02,0.000000000000000000e+00
4.107077999999984854e+02,0.000000000000000000e+00
4.108077999999984513e+02,0.000000000000000000e+00
4.109077999999984740e+02,0.000000000000000000e+00
4.110077999999984968e+02,0.000000000000000000e+00
4.111077999999984627e+02,0.000000000000000000e+00
4.112077999999984854e+02,0.000000000000000000e+00
4.113077999999984513e+02,0.000000000000000000e+00
4.114077999999984740e+02,0.000000000000000000e+00
4.115077999999984968e+02,0.000000000000000000e+00
4.116077999999984627e+02,0.000000000000000000e+00
4.117077999999984854e+02,0.000000000000000000e+00
4.118077999999984513e+02,0.000000000000000000e+00
4.119077999999984740e+02,0.000000000000000000e+00
4.120077999999984968e+02,0.000000000000000000e+00
4.121077999999984627e+02,0.000000000000000000e+00
4.122077999999984854e+02,0.000000000000000000e+00
4.123077999999984513e+02,0.000000000000000000e+00
4.124077999999984740e+02,0.000000000000000000e+00
4.125077999999984968e+02,0.000000000000000000e+00
4.126077999999984627e+02,0.000000000000000000e+00
4.127077999999984854e+02,0.000000000000000000e+00
4.128077999999984513e+02,0.000000000000000000e+00
4.129077999999984740e+02,0.000000000000000000e+00
4.130077999999984968e+02,0.000000000000000000e+00
4.131077999999984627e+02,0.000000000000000000e+00
4.132077999999984286e+02,0.000000000000000000e+00
4.133077999999984513e+02,0.000000000000000000e+00
4.134077999999984740e+02,0.000000000000000000e+00
4.135077999999984968e+02,0.000000000000000000e+00
4.136077999999984627e+02,0.000000000000000000e+00
4.137077999999984286e+02,0.000000000000000000e+00
4.138077999999984513e+02,0.000000000000000000e+00
4.139077999999984740e+02,0.000000000000000000e+00
4.140077999999984968e+02,0.000000000000000000e+00
4.141077999999984627e+02,0.000000000000000000e+00
4.142077999999984286e+02,0.000000000000000000e+00
4.143077999999984513e+02,0.000000000000000000e+00
4.144077999999984740e+02,0.000000000000000000e+00
4.145077999999984968e+02,0.000000000000000000e+00
4.146077999999984627e+02,0.000000000000000000e+00
4.147077999999984286e+02,0.000000000000000000e+00
4.148077999999984513e+02,0.000000000000000000e+00
4.149077999999984740e+02,0.000000000000000000e+00
4.150077999999984968e+02,0.000000000000000000e+00
4.151077999999984627e+02,0.000000000000000000e+00
4.152077999999984286e+02,0.000000000000000000e+00
4.153077999999984513e+02,0.000000000000000000e+00
4.154077999999984740e+02,0.000000000000000000e+00
4.155077999999984968e+02,0.000000000000000000e+00
4.156077999999984627e+02,0.000000000000000000e+00
4.157077999999984286e+02,0.000000000000000000e+00
4.158077999999984513e+02,0.000000000000000000e+00
4.159077999999984740e+02,0.000000000000000000e+00
4.160077999999984399e+02,0.000000000000000000e+00
4.161077999999984627e+02,0.000000000000000000e+00
4.162077999999984286e+02,0.000000000000000000e+00
4.163077999999984513e+02,0.000000000000000000e+00
4.164077999999984740e+02,0.000000000000000000e+00
4.165077999999984399e+02,0.000000000000000000e+00
4.166077999999984627e+02,0.000000000000000000e+00
4.167077999999984286e+02,0.000000000000000000e+00
4.168077999999984513e+02,0.000000000000000000e+00
4.169077999999984740e+02,0.000000000000000000e+00
4.170077999999984399e+02,0.000000000000000000e+00
4.171077999999984627e+02,0.000000000000000000e+00
4.172077999999984286e+02,0.000000000000000000e+00
4.173077999999984513e+02,0.000000000000000000e+00
4.174077999999984740e+02,0.000000000000000000e+00
4.175077999999984399e+02,0.000000000000000000e+00
4.176077999999984627e+02,0.000000000000000000e+00
4.177077999999984286e+02,0.000000000000000000e+00
4.178077999999984513e+02,0.000000000000000000e+00
4.179077999999984740e+02,0.000000000000000000e+00
4.180077999999984399e+02,0.000000000000000000e+00
4.181077999999984627e+02,0.000000000000000000e+00
4.182077999999984286e+02,0.000000000000000000e+00
4.183077999999984513e+02,0.000000000000000000e+00
4.184077999999984740e+02,0.000000000000000000e+00
4.185077999999984399e+02,0.000000000000000000e+00
4.186077999999984627e+02,0.000000000000000000e+00
4.187077999999984286e+02,0.000000000000000000e+00
4.188077999999984513e+02,0.000000000000000000e+00
4.189077999999984740e+02,0.000000000000000000e+00
4.190077999999984399e+02,0.000000000000000000e+00
4.191077999999984627e+02,0.000000000000000000e+00
4.192077999999984286e+02,0.000000000000000000e+00
4.193077999999984513e+02,0.000000000000000000e+00
4.194077999999984740e+02,0.000000000000000000e+00
4.195077999999984399e+02,0.000000000000000000e+00
4.196077999999984058e+02,0.000000000000000000e+00
4.197077999999984286e+02,0.000000000000000000e+00
4.198077999999984513e+02,0.000000000000000000e+00
4.199077999999984740e+02,0.000000000000000000e+00
4.200077999999984399e+02,0.000000000000000000e+00
4.201077999999984058e+02,0.000000000000000000e+00
4.202077999999984286e+02,0.000000000000000000e+00
4.203077999999984513e+02,0.000000000000000000e+00
4.204077999999984740e+02,0.000000000000000000e+00
4.205077999999984399e+02,0.000000000000000000e+00
4.206077999999984058e+02,0.000000000000000000e+00
4.207077999999984286e+02,0.000000000000000000e+00
4.208077999999984513e+02,0.000000000000000000e+00
4.209077999999984740e+02,0.000000000000000000e+00
4.210077999999984399e+02,0.000000000000000000e+00
4.211077999999984058e+02,0.000000000000000000e+00
4.212077999999984286e+02,0.000000000000000000e+00
4.213077999999984513e+02,0.000000000000000000e+00
4.214077999999984740e+02,0.000000000000000000e+00
4.215077999999984399e+02,0.000000000000000000e+00
4.216077999999984058e+02,0.000000000000000000e+00
4.217077999999984286e+02,0.000000000000000000e+00
4.218077999999984513e+02,0.000000000000000000e+00
4.219077999999984740e+02,0.000000000000000000e+00
4.220077999999984399e+02,0.000000000000000000e+00
4.221077999999984058e+02,0.000000000000000000e+00
4.222077999999984286e+02,0.000000000000000000e+00
4.223077999999984513e+02,0.000000000000000000e+00
4.224077999999984172e+02,0.000000000000000000e+00
4.225077999999984399e+02,0.000000000000000000e+00
4.226077999999984058e+02,0.000000000000000000e+00
4.227077999999984286e+02,0.000000000000000000e+00
4.228077999999984513e+02,0.000000000000000000e+00
4.229077999999984172e+02,0.000000000000000000e+00
4.230077999999984399e+02,0.000000000000000000e+00
4.231077999999984058e+02,0.000000000000000000e+00
4.232077999999984286e+02,0.000000000000000000e+00
4.233077999999984513e+02,0.000000000000000000e+00
4.234077999999984172e+02,0.000000000000000000e+00
4.235077999999984399e+02,0.000000000000000000e+00
4.236077999999984058e+02,0.000000000000000000e+00
4.237077999999984286e+02,0.000000000000000000e+00
4.238077999999984513e+02,0.000000000000000000e+00
4.239077999999984172e+02,0.000000000000000000e+00
4.240077999999984399e+02,0.000000000000000000e+00
4.241077999999984058e+02,0.000000000000000000e+00
4.242077999999984286e+02,0.000000000000000000e+00
4.243077999999984513e+02,0.000000000000000000e+00
4.244077999999984172e+02,0.000000000000000000e+00
4.245077999999984399e+02,0.000000000000000000e+00
4.246077999999984058e+02,0.000000000000000000e+00
4.247077999999984286e+02,0.000000000000000000e+00
4.248077999999984513e+02,0.000000000000000000e+00
4.249077999999984172e+02,0.000000000000000000e+00
4.250077999999984399e+02,0.000000000000000000e+00
4.251077999999984058e+02,0.000000000000000000e+00
4.252077999999984286e+02,0.000000000000000000e+00
4.253077999999984513e+02,0.000000000000000000e+00
4.254077999999984172e+02,0.000000000000000000e+00
4.255077999999984399e+02,0.000000000000000000e+00
4.256077999999984058e+02,0.000000000000000000e+00
4.257077999999984286e+02,0.000000000000000000e+00
4.258077999999984513e+02,0.000000000000000000e+00
4.259077999999984172e+02,0.000000000000000000e+00
4.260077999999983831e+02,0.000000000000000000e+00
4.261077999999984058e+02,0.000000000000000000e+00
4.262077999999984286e+02,0.000000000000000000e+00
4.263077999999984513e+02,0.000000000000000000e+00
4.264077999999984172e+02,0.000000000000000000e+00
4.265077999999983831e+02,0.000000000000000000e+00
4.266077999999984058e+02,0.000000000000000000e+00
4.267077999999984286e+02,0.000000000000000000e+00
4.268077999999984513e+02,0.000000000000000000e+00
4.269077999999984172e+02,0.000000000000000000e+00
4.270077999999983831e+02,0.000000000000000000e+00
4.271077999999984058e+02,0.000000000000000000e+00
4.272077999999984286e+02,0.000000000000000000e+00
4.273077999999984513e+02,0.000000000000000000e+00
4.274077999999984172e+02,0.000000000000000000e+00
4.275077999999983831e+02,0.000000000000000000e+00
4.276077999999984058e+02,0.000000000000000000e+00
4.277077999999984286e+02,0.000000000000000000e+00
4.278077999999984513e+02,0.000000000000000000e+00
4.279077999999984172e+02,0.000000000000000000e+00
4.280077999999983831e+02,0.000000000000000000e+00
4.281077999999984058e+02,0.000000000000000000e+00
4.282077999999984286e+02,0.000000000000000000e+00
4.283077999999984513e+02,0.000000000000000000e+00
4.284077999999984172e+02,0.000000000000000000e+00
4.285077999999983831e+02,0.000000000000000000e+00
4.286077999999984058e+02,0.000000000000000000e+00
4.287077999999984286e+02,0.000000000000000000e+00
4.288077999999983945e+02,0.000000000000000000e+00
4.289077999999984172e+02,0.000000000000000000e+00
4.290077999999983831e+02,0.000000000000000000e+00
4.291077999999984058e+02,0.000000000000000000e+00
4.292077999999984286e+02,0.000000000000000000e+00
4.293077999999983945e+02,0.000000000000000000e+00
4.294077999999984172e+02,0.000000000000000000e+00
4.295077999999983831e+02,0.000000000000000000e+00
4.296077999999984058e+02,0.000000000000000000e+00
4.297077999999984286e+02,0.000000000000000000e+00
4.298077999999983945e+02,0.000000000000000000e+00
4.299077999999984172e+02,0.000000000000000000e+00
4.300077999999983831e+02,0.000000000000000000e+00
4.301077999999984058e+02,0.000000000000000000e+00
4.302077999999984286e+02,0.000000000000000000e+00
4.303077999999983945e+02,0.000000000000000000e+00
4.304077999999984172e+02,0.000000000000000000e+00
4.305077999999983831e+02,0.000000000000000000e+00
4.306077999999984058e+02,0.000000000000000000e+00
4.307077999999984286e+02,0.000000000000000000e+00
4.308077999999983945e+02,0.000000000000000000e+00
4.309077999999984172e+02,0.000000000000000000e+00
4.310077999999983831e+02,0.000000000000000000e+00
4.311077999999984058e+02,0.000000000000000000e+00
4.312077999999984286e+02,0.000000000000000000e+00
4.313077999999983945e+02,0.000000000000000000e+00
4.314077999999984172e+02,0.000000000000000000e+00
4.315077999999983831e+02,0.000000000000000000e+00
4.316077999999984058e+02,0.000000000000000000e+00
4.317077999999984286e+02,0.000000000000000000e+00
4.318077999999983945e+02,0.000000000000000000e+00
4.319077999999984172e+02,0.000000000000000000e+00
4.320077999999983831e+02,0.000000000000000000e+00
4.321077999999984058e+02,0.000000000000000000e+00
4.322077999999984286e+02,0.000000000000000000e+00
4.323077999999983945e+02,0.000000000000000000e+00
4.324077999999983604e+02,0.000000000000000000e+00
4.325077999999983831e+02,0.000000000000000000e+00
4.326077999999984058e+02,0.000000000000000000e+00
4.327077999999984286e+02,0.000000000000000000e+00
4.328077999999983945e+02,0.000000000000000000e+00
4.329077999999983604e+02,0.000000000000000000e+00
4.330077999999983831e+02,0.000000000000000000e+00
4.331077999999984058e+02,0.000000000000000000e+00
4.332077999999984286e+02,0.000000000000000000e+00
4.333077999999983945e+02,0.000000000000000000e+00
4.334077999999983604e+02,0.000000000000000000e+00
4.335077999999983831e+02,0.000000000000000000e+00
4.336077999999984058e+02,0.000000000000000000e+00
4.337077999999984286e+02,0.000000000000000000e+00
4.338077999999983945e+02,0.000000000000000000e+00
4.339077999999983604e+02,0.000000000000000000e+00
4.340077999999983831e+02,0.000000000000000000e+00
4.341077999999984058e+02,0.000000000000000000e+00
4.342077999999984286e+02,0.000000000000000000e+00
4.343077999999983945e+02,0.000000000000000000e+00
4.344077999999983604e+02,0.000000000000000000e+00
4.345077999999983831e+02,0.000000000000000000e+00
4.346077999999984058e+02,0.000000000000000000e+00
4.347077999999984286e+02,0.000000000000000000e+00
4.348077999999983945e+02,0.000000000000000000e+00
4.349077999999983604e+02,0.000000000000000000e+00
4.350077999999983831e+02,0.000000000000000000e+00
4.351077999999984058e+02,0.000000000000000000e+00
4.352077999999983717e+02,0.000000000000000000e+00
4.353077999999983945e+02,0.000000000000000000e+00
4.354077999999983604e+02,0.000000000000000000e+00
4.355077999999983831e+02,0.000000000000000000e+00
4.356077999999984058e+02,0.000000000000000000e+00
4.357077999999983717e+02,0.000000000000000000e+00
4.358077999999983945e+02,0.000000000000000000e+00
4.359077999999983604e+02,0.000000000000000000e+00
4.360077999999983831e+02,0.000000000000000000e+00
4.361077999999984058e+02,0.000000000000000000e+00
4.362077999999983717e+02,0.000000000000000000e+00
4.363077999999983945e+02,0.000000000000000000e+00
4.364077999999983604e+02,0.000000000000000000e+00
4.365077999999983831e+02,0.000000000000000000e+00
4.366077999999984058e+02,0.000000000000000000e+00
4.367077999999983717e+02,0.000000000000000000e+00
4.368077999999983945e+02,0.000000000000000000e+00
4.369077999999983604e+02,0.000000000000000000e+00
4.370077999999983831e+02,0.000000000000000000e+00
4.371077999999984058e+02,0.000000000000000000e+00
4.372077999999983717e+02,0.000000000000000000e+00
4.373077999999983945e+02,0.000000000000000000e+00
4.374077999999983604e+02,0.000000000000000000e+00
4.375077999999983831e+02,0.000000000000000000e+00
4.376077999999984058e+02,0.000000000000000000e+00
4.377077999999983717e+02,0.000000000000000000e+00
4.378077999999983945e+02,0.000000000000000000e+00
4.379077999999983604e+02,0.000000000000000000e+00
4.380077999999983831e+02,0.000000000000000000e+00
4.381077999999984058e+02,0.000000000000000000e+00
4.382077999999983717e+02,0.000000000000000000e+00
4.383077999999983945e+02,0.000000000000000000e+00
4.384077999999983604e+02,0.000000000000000000e+00
4.385077999999983831e+02,0.000000000000000000e+00
4.386077999999984058e+02,0.000000000000000000e+00
4.387077999999983717e+02,0.000000000000000000e+00
4.388077999999983376e+02,0.000000000000000000e+00
4.389077999999983604e+02,0.000000000000000000e+00
4.390077999999983831e+02,0.000000000000000000e+00
4.391077999999984058e+02,0.000000000000000000e+00
4.392077999999983717e+02,0.000000000000000000e+00
4.393077999999983376e+02,0.000000000000000000e+00
4.394077999999983604e+02,0.000000000000000000e+00
4.395077999999983831e+02,0.000000000000000000e+00
4.396077999999984058e+02,0.000000000000000000e+00
4.397077999999983717e+02,0.000000000000000000e+00
4.398077999999983376e+02,0.000000000000000000e+00
4.399077999999983604e+02,0.000000000000000000e+00
4.400077999999983831e+02,0.000000000000000000e+00
4.401077999999984058e+02,0.000000000000000000e+00
4.402077999999983717e+02,0.000000000000000000e+00
4.403077999999983376e+02,0.000000000000000000e+00
4.404077999999983604e+02,0.000000000000000000e+00
4.405077999999983831e+02,0.000000000000000000e+00
4.406077999999984058e+02,0.000000000000000000e+00
4.407077999999983717e+02,0.000000000000000000e+00
4.408077999999983376e+02,0.000000000000000000e+00
4.409077999999983604e+02,0.000000000000000000e+00
4.410077999999983831e+02,0.000000000000000000e+00
4.411077999999984058e+02,0.000000000000000000e+00
4.412077999999983717e+02,0.000000000000000000e+00
4.413077999999983376e+02,0.000000000000000000e+00
4.414077999999983604e+02,0.000000000000000000e+00
4.415077999999983831e+02,0.000000000000000000e+00
4.416077999999983490e+02,0.000000000000000000e+00
4.417077999999983717e+02,0.000000000000000000e+00
4.418077999999983376e+02,0.000000000000000000e+00
4.419077999999983604e+02,0.000000000000000000e+00
4.420077999999983831e+02,0.000000000000000000e+00
4.421077999999983490e+02,0.000000000000000000e+00
4.422077999999983717e+02,0.000000000000000000e+00
4.423077999999983376e+02,0.000000000000000000e+00
4.424077999999983604e+02,0.000000000000000000e+00
4.425077999999983831e+02,0.000000000000000000e+00
4.426077999999983490e+02,0.000000000000000000e+00
4.427077999999983717e+02,0.000000000000000000e+00
4.428077999999983376e+02,0.000000000000000000e+00
4.429077999999983604e+02,0.000000000000000000e+00
4.430077999999983831e+02,0.000000000000000000e+00
4.431077999999983490e+02,0.000000000000000000e+00
4.432077999999983717e+02,0.000000000000000000e+00
4.433077999999983376e+02,0.000000000000000000e+00
4.434077999999983604e+02,0.000000000000000000e+00
4.435077999999983831e+02,0.000000000000000000e+00
4.436077999999983490e+02,0.000000000000000000e+00
4.437077999999983717e+02,0.000000000000000000e+00
4.438077999999983376e+02,0.000000000000000000e+00
4.439077999999983604e+02,0.000000000000000000e+00
4.440077999999983831e+02,0.000000000000000000e+00
4.441077999999983490e+02,0.000000000000000000e+00
4.442077999999983717e+02,0.000000000000000000e+00
4.443077999999983376e+02,0.000000000000000000e+00
4.444077999999983604e+02,0.000000000000000000e+00
4.445077999999983831e+02,0.000000000000000000e+00
4.446077999999983490e+02,0.000000000000000000e+00
4.447077999999983717e+02,0.000000000000000000e+00
4.448077999999983376e+02,0.000000000000000000e+00
4.449077999999983604e+02,0.000000000000000000e+00
4.450077999999983831e+02,0.000000000000000000e+00
4.451077999999983490e+02,0.000000000000000000e+00
4.452077999999983149e+02,0.000000000000000000e+00
4.453077999999983376e+02,0.000000000000000000e+00
4.454077999999983604e+02,0.000000000000000000e+00
4.455077999999983831e+02,0.000000000000000000e+00
4.456077999999983490e+02,0.000000000000000000e+00
4.457077999999983149e+02,0.000000000000000000e+00
4.458077999999983376e+02,0.000000000000000000e+00
4.459077999999983604e+02,0.000000000000000000e+00
4.460077999999983831e+02,0.000000000000000000e+00
4.461077999999983490e+02,0.000000000000000000e+00
4.462077999999983149e+02,0.000000000000000000e+00
4.463077999999983376e+02,0.000000000000000000e+00
4.464077999999983604e+02,0.000000000000000000e+00
4.465077999999983831e+02,0.000000000000000000e+00
4.466077999999983490e+02,0.000000000000000000e+00
4.467077999999983149e+02,0.000000000000000000e+00
4.468077999999983376e+02,0.000000000000000000e+00
4.469077999999983604e+02,0.000000000000000000e+00
4.470077999999983831e+02,0.000000000000000000e+00
4.471077999999983490e+02,0.000000000000000000e+00
4.472077999999983149e+02,0.000000000000000000e+00
4.473077999999983376e+02,0.000000000000000000e+00
4.474077999999983604e+02,0.000000000000000000e+00
4.475077999999983831e+02,0.000000000000000000e+00
4.476077999999983490e+02,0.000000000000000000e+00
4.477077999999983149e+02,0.000000000000000000e+00
4.478077999999983376e+02,0.000000000000000000e+00
4.479077999999983604e+02,0.000000000000000000e+00
4.480077999999983263e+02,0.000000000000000000e+00
4.481077999999983490e+02,0.000000000000000000e+00
4.482077999999983149e+02,0.000000000000000000e+00
4.483077999999983376e+02,0.000000000000000000e+00
4.484077999999983604e+02,0.000000000000000000e+00
4.485077999999983263e+02,0.000000000000000000e+00
4.486077999999983490e+02,0.000000000000000000e+00
4.487077999999983149e+02,0.000000000000000000e+00
4.488077999999983376e+02,0.000000000000000000e+00
4.489077999999983604e+02,0.000000000000000000e+00
4.490077999999983263e+02,0.000000000000000000e+00
4.491077999999983490e+02,0.000000000000000000e+00
4.492077999999983149e+02,0.000000000000000000e+00
4.493077999999983376e+02,0.000000000000000000e+00
4.494077999999983604e+02,0.000000000000000000e+00
4.495077999999983263e+02,0.000000000000000000e+00
4.496077999999983490e+02,0.000000000000000000e+00
4.497077999999983149e+02,0.000000000000000000e+00
4.498077999999983376e+02,0.000000000000000000e+00
4.499077999999983604e+02,0.000000000000000000e+00
4.500077999999983263e+02,0.000000000000000000e+00
4.501077999999983490e+02,0.000000000000000000e+00
4.502077999999983149e+02,0.000000000000000000e+00
4.503077999999983376e+02,0.000000000000000000e+00
4.504077999999983604e+02,0.000000000000000000e+00
4.505077999999983263e+02,0.000000000000000000e+00
4.506077999999983490e+02,0.000000000000000000e+00
4.507077999999983149e+02,0.000000000000000000e+00
4.508077999999983376e+02,0.000000000000000000e+00
4.509077999999983604e+02,0.000000000000000000e+00
4.510077999999983263e+02,0.000000000000000000e+00
4.511077999999983490e+02,0.000000000000000000e+00
4.512077999999983149e+02,0.000000000000000000e+00
4.513077999999983376e+02,0.000000000000000000e+00
4.514077999999983604e+02,0.000000000000000000e+00
4.515077999999983263e+02,0.000000000000000000e+00
4.516077999999982922e+02,0.000000000000000000e+00
4.517077999999983149e+02,0.000000000000000000e+00
4.518077999999983376e+02,0.000000000000000000e+00
4.519077999999983604e+02,0.000000000000000000e+00
4.520077999999983263e+02,0.000000000000000000e+00
4.521077999999982922e+02,0.000000000000000000e+00
4.522077999999983149e+02,0.000000000000000000e+00
4.523077999999983376e+02,0.000000000000000000e+00
4.524077999999983604e+02,0.000000000000000000e+00
4.525077999999983263e+02,0.000000000000000000e+00
4.526077999999982922e+02,0.000000000000000000e+00
4.527077999999983149e+02,0.000000000000000000e+00
4.528077999999983376e+02,0.000000000000000000e+00
4.529077999999983604e+02,0.000000000000000000e+00
4.530077999999983263e+02,0.000000000000000000e+00
4.531077999999982922e+02,0.000000000000000000e+00
4.532077999999983149e+02,0.000000000000000000e+00
4.533077999999983376e+02,0.000000000000000000e+00
4.534077999999983604e+02,0.000000000000000000e+00
4.535077999999983263e+02,0.000000000000000000e+00
4.536077999999982922e+02,0.000000000000000000e+00
4.537077999999983149e+02,0.000000000000000000e+00
4.538077999999983376e+02,0.000000000000000000e+00
4.539077999999983604e+02,0.000000000000000000e+00
4.540077999999983263e+02,0.000000000000000000e+00
4.541077999999982922e+02,0.000000000000000000e+00
4.542077999999983149e+02,0.000000000000000000e+00
4.543077999999983376e+02,0.000000000000000000e+00
4.544077999999983035e+02,0.000000000000000000e+00
4.545077999999983263e+02,0.000000000000000000e+00
4.546077999999982922e+02,0.000000000000000000e+00
4.547077999999983149e+02,0.000000000000000000e+00
4.548077999999983376e+02,0.000000000000000000e+00
4.549077999999983035e+02,0.000000000000000000e+00
4.550077999999983263e+02,0.000000000000000000e+00
4.551077999999982922e+02,0.000000000000000000e+00
4.552077999999983149e+02,0.000000000000000000e+00
4.553077999999983376e+02,0.000000000000000000e+00
4.554077999999983035e+02,0.000000000000000000e+00
4.555077999999983263e+02,0.000000000000000000e+00
4.556077999999982922e+02,0.000000000000000000e+00
4.557077999999983149e+02,0.000000000000000000e+00
4.558077999999983376e+02,0.000000000000000000e+00
4.559077999999983035e+02,0.000000000000000000e+00
4.560077999999983263e+02,0.000000000000000000e+00
4.561077999999982922e+02,0.000000000000000000e+00
4.562077999999983149e+02,0.000000000000000000e+00
4.563077999999983376e+02,0.000000000000000000e+00
4.564077999999983035e+02,0.000000000000000000e+00
4.565077999999983263e+02,0.000000000000000000e+00
4.566077999999982922e+02,0.000000000000000000e+00
4.567077999999983149e+02,0.000000000000000000e+00
4.568077999999983376e+02,0.000000000000000000e+00
4.569077999999983035e+02,0.000000000000000000e+00
4.570077999999983263e+02,0.000000000000000000e+00
4.571077999999982922e+02,0.000000000000000000e+00
4.572077999999983149e+02,0.000000000000000000e+00
4.573077999999983376e+02,0.000000000000000000e+00
4.574077999999983035e+02,0.000000000000000000e+00
4.575077999999983263e+02,0.000000000000000000e+00
4.576077999999982922e+02,0.000000000000000000e+00
4.577077999999983149e+02,0.000000000000000000e+00
4.578077999999983376e+02,0.000000000000000000e+00
4.579077999999983035e+02,0.000000000000000000e+00
4.580077999999982694e+02,0.000000000000000000e+00
4.581077999999982922e+02,0.000000000000000000e+00
4.582077999999983149e+02,0.000000000000000000e+00
4.583077999999983376e+02,0.000000000000000000e+00
4.584077999999983035e+02,0.000000000000000000e+00
4.585077999999982694e+02,0.000000000000000000e+00
4.586077999999982922e+02,0.000000000000000000e+00
4.587077999999983149e+02,0.000000000000000000e+00
4.588077999999983376e+02,0.000000000000000000e+00
4.589077999999983035e+02,0.000000000000000000e+00
4.590077999999982694e+02,0.000000000000000000e+00
4.591077999999982922e+02,0.000000000000000000e+00
4.592077999999983149e+02,0.000000000000000000e+00
4.593077999999983376e+02,0.000000000000000000e+00
4.594077999999983035e+02,0.000000000000000000e+00
4.595077999999982694e+02,0.000000000000000000e+00
4.596077999999982922e+02,0.000000000000000000e+00
4.597077999999983149e+02,0.000000000000000000e+00
4.598077999999983376e+02,0.000000000000000000e+00
4.599077999999983035e+02,0.000000000000000000e+00
4.600077999999982694e+02,0.000000000000000000e+00
4.601077999999982922e+02,0.000000000000000000e+00
4.602077999999983149e+02,0.000000000000000000e+00
4.603077999999983376e+02,0.000000000000000000e+00
4.604077999999983035e+02,0.000000000000000000e+00
4.605077999999982694e+02,0.000000000000000000e+00
4.606077999999982922e+02,0.000000000000000000e+00
4.607077999999983149e+02,0.000000000000000000e+00
4.608077999999982808e+02,0.000000000000000000e+00
4.609077999999983035e+02,0.000000000000000000e+00
4.610077999999982694e+02,0.000000000000000000e+00
4.611077999999982922e+02,0.000000000000000000e+00
4.612077999999983149e+02,0.000000000000000000e+00
4.613077999999982808e+02,0.000000000000000000e+00
4.614077999999983035e+02,0.000000000000000000e+00
4.615077999999982694e+02,0.000000000000000000e+00
4.616077999999982922e+02,0.000000000000000000e+00
4.617077999999983149e+02,0.000000000000000000e+00
4.618077999999982808e+02,0.000000000000000000e+00
4.619077999999983035e+02,0.000000000000000000e+00
4.620077999999982694e+02,0.000000000000000000e+00
4.621077999999982922e+02,0.000000000000000000e+00
4.622077999999983149e+02,0.000000000000000000e+00
4.623077999999982808e+02,0.000000000000000000e+00
4.624077999999983035e+02,0.000000000000000000e+00
4.625077999999982694e+02,0.000000000000000000e+00
4.626077999999982922e+02,0.000000000000000000e+00
4.627077999999983149e+02,0.000000000000000000e+00
4.628077999999982808e+02,0.000000000000000000e+00
4.629077999999983035e+02,0.000000000000000000e+00
4.630077999999982694e+02,0.000000000000000000e+00
4.631077999999982922e+02,0.000000000000000000e+00
4.632077999999983149e+02,0.000000000000000000e+00
4.633077999999982808e+02,0.000000000000000000e+00
4.634077999999983035e+02,0.000000000000000000e+00
4.635077999999982694e+02,0.000000000000000000e+00
4.636077999999982922e+02,0.000000000000000000e+00
4.637077999999983149e+02,0.000000000000000000e+00
4.638077999999982808e+02,0.000000000000000000e+00
4.639077999999983035e+02,0.000000000000000000e+00
4.640077999999982694e+02,0.000000000000000000e+00
4.641077999999982922e+02,0.000000000000000000e+00
4.642077999999983149e+02,0.000000000000000000e+00
4.643077999999982808e+02,0.000000000000000000e+00
4.644077999999982467e+02,0.000000000000000000e+00
4.645077999999982694e+02,0.000000000000000000e+00
4.646077999999982922e+02,0.000000000000000000e+00
4.647077999999983149e+02,0.000000000000000000e+00
4.648077999999982808e+02,0.000000000000000000e+00
4.649077999999982467e+02,0.000000000000000000e+00
4.650077999999982694e+02,0.000000000000000000e+00
4.651077999999982922e+02,0.000000000000000000e+00
4.652077999999983149e+02,0.000000000000000000e+00
4.653077999999982808e+02,0.000000000000000000e+00
4.654077999999982467e+02,0.000000000000000000e+00
4.655077999999982694e+02,0.000000000000000000e+00
4.656077999999982922e+02,0.000000000000000000e+00
4.657077999999983149e+02,0.000000000000000000e+00
4.658077999999982808e+02,0.000000000000000000e+00
4.659077999999982467e+02,0.000000000000000000e+00
4.660077999999982694e+02,0.000000000000000000e+00
4.661077999999982922e+02,0.000000000000000000e+00
4.662077999999983149e+02,0.000000000000000000e+00
4.663077999999982808e+02,0.000000000000000000e+00
4.664077999999982467e+02,0.000000000000000000e+00
4.665077999999982694e+02,0.000000000000000000e+00
4.666077999999982922e+02,0.000000000000000000e+00
4.667077999999983149e+02,0.000000000000000000e+00
4.668077999999982808e+02,0.000000000000000000e+00
4.669077999999982467e+02,0.000000000000000000e+00
4.670077999999982694e+02,0.000000000000000000e+00
4.671077999999982922e+02,0.000000000000000000e+00
4.672077999999982580e+02,0.000000000000000000e+00
4.673077999999982808e+02,0.000000000000000000e+00
4.674077999999982467e+02,0.000000000000000000e+00
4.675077999999982694e+02,0.000000000000000000e+00
4.676077999999982922e+02,0.000000000000000000e+00
4.677077999999982580e+02,0.000000000000000000e+00
4.678077999999982808e+02,0.000000000000000000e+00
4.679077999999982467e+02,0.000000000000000000e+00
4.680077999999982694e+02,0.000000000000000000e+00
4.681077999999982922e+02,0.000000000000000000e+00
4.682077999999982580e+02,0.000000000000000000e+00
4.683077999999982808e+02,0.000000000000000000e+00
4.684077999999982467e+02,0.000000000000000000e+00
4.685077999999982694e+02,0.000000000000000000e+00
4.686077999999982922e+02,0.000000000000000000e+00
4.687077999999982580e+02,0.000000000000000000e+00
4.688077999999982808e+02,0.000000000000000000e+00
4.689077999999982467e+02,0.000000000000000000e+00
4.690077999999982694e+02,0.000000000000000000e+00
4.691077999999982922e+02,0.000000000000000000e+00
4.692077999999982580e+02,0.000000000000000000e+00
4.693077999999982808e+02,0.000000000000000000e+00
4.694077999999982467e+02,0.000000000000000000e+00
4.695077999999982694e+02,0.000000000000000000e+00
4.696077999999982922e+02,0.000000000000000000e+00
4.697077999999982580e+02,0.000000000000000000e+00
4.698077999999982808e+02,0.000000000000000000e+00
4.699077999999982467e+02,0.000000000000000000e+00
4.700077999999982694e+02,0.000000000000000000e+00
4.701077999999982922e+02,0.000000000000000000e+00
4.702077999999982580e+02,0.000000000000000000e+00
4.703077999999982808e+02,0.000000000000000000e+00
4.704077999999982467e+02,0.000000000000000000e+00
4.705077999999982694e+02,0.000000000000000000e+00
4.706077999999982922e+02,0.000000000000000000e+00
4.707077999999982580e+02,0.000000000000000000e+00
4.708077999999982239e+02,0.000000000000000000e+00
4.709077999999982467e+02,0.000000000000000000e+00
4.710077999999982694e+02,0.000000000000000000e+00
4.711077999999982922e+02,0.000000000000000000e+00
4.712077999999982580e+02,0.000000000000000000e+00
4.713077999999982239e+02,0.000000000000000000e+00
4.714077999999982467e+02,0.000000000000000000e+00
4.715077999999982694e+02,0.000000000000000000e+00
4.716077999999982922e+02,0.000000000000000000e+00
4.717077999999982580e+02,0.000000000000000000e+00
4.718077999999982239e+02,0.000000000000000000e+00
4.719077999999982467e+02,0.000000000000000000e+00
4.720077999999982694e+02,0.000000000000000000e+00
4.721077999999982922e+02,0.000000000000000000e+00
4.722077999999982580e+02,0.000000000000000000e+00
4.723077999999982239e+02,0.000000000000000000e+00
4.724077999999982467e+02,0.000000000000000000e+00
4.725077999999982694e+02,0.000000000000000000e+00
4.726077999999982922e+02,0.000000000000000000e+00
4.727077999999982580e+02,0.000000000000000000e+00
4.728077999999982239e+02,0.000000000000000000e+00
4.729077999999982467e+02,0.000000000000000000e+00
4.730077999999982694e+02,0.000000000000000000e+00
4.731077999999982922e+02,0.000000000000000000e+00
4.732077999999982580e+02,0.000000000000000000e+00
4.733077999999982239e+02,0.000000000000000000e+00
4.734077999999982467e+02,0.000000000000000000e+00
4.735077999999982694e+02,0.000000000000000000e+00
4.736077999999982353e+02,0.000000000000000000e+00
4.737077999999982580e+02,0.000000000000000000e+00
4.738077999999982239e+02,0.000000000000000000e+00
4.739077999999982467e+02,0.000000000000000000e+00
4.740077999999982694e+02,0.000000000000000000e+00
4.741077999999982353e+02,0.000000000000000000e+00
4.742077999999982580e+02,0.000000000000000000e+00
4.743077999999982239e+02,0.000000000000000000e+00
4.744077999999982467e+02,0.000000000000000000e+00
4.745077999999982694e+02,0.000000000000000000e+00
4.746077999999982353e+02,0.000000000000000000e+00
4.747077999999982580e+02,0.000000000000000000e+00
4.748077999999982239e+02,0.000000000000000000e+00
4.749077999999982467e+02,0.000000000000000000e+00
4.750077999999982694e+02,0.000000000000000000e+00
4.751077999999982353e+02,0.000000000000000000e+00
4.752077999999982580e+02,0.000000000000000000e+00
4.753077999999982239e+02,0.000000000000000000e+00
4.754077999999982467e+02,0.000000000000000000e+00
4.755077999999982694e+02,0.000000000000000000e+00
4.756077999999982353e+02,0.000000000000000000e+00
4.757077999999982580e+02,0.000000000000000000e+00
4.758077999999982239e+02,0.000000000000000000e+00
4.759077999999982467e+02,0.000000000000000000e+00
4.760077999999982694e+02,0.000000000000000000e+00
4.761077999999982353e+02,0.000000000000000000e+00
4.762077999999982580e+02,0.000000000000000000e+00
4.763077999999982239e+02,0.000000000000000000e+00
4.764077999999982467e+02,0.000000000000000000e+00
4.765077999999982694e+02,0.000000000000000000e+00
4.766077999999982353e+02,0.000000000000000000e+00
4.767077999999982580e+02,0.000000000000000000e+00
4.768077999999982239e+02,0.000000000000000000e+00
4.769077999999982467e+02,0.000000000000000000e+00
4.770077999999982694e+02,0.000000000000000000e+00
4.771077999999982353e+02,0.000000000000000000e+00
4.772077999999982012e+02,0.000000000000000000e+00
4.773077999999982239e+02,0.000000000000000000e+00
4.774077999999982467e+02,0.000000000000000000e+00
4.775077999999982694e+02,0.000000000000000000e+00
4.776077999999982353e+02,0.000000000000000000e+00
4.777077999999982012e+02,0.000000000000000000e+00
4.778077999999982239e+02,0.000000000000000000e+00
4.779077999999982467e+02,0.000000000000000000e+00
4.780077999999982694e+02,0.000000000000000000e+00
4.781077999999982353e+02,0.000000000000000000e+00
4.782077999999982012e+02,0.000000000000000000e+00
4.783077999999982239e+02,0.000000000000000000e+00
4.784077999999982467e+02,0.000000000000000000e+00
4.785077999999982694e+02,0.000000000000000000e+00
4.786077999999982353e+02,0.000000000000000000e+00
4.787077999999982012e+02,0.000000000000000000e+00
4.788077999999982239e+02,0.000000000000000000e+00
4.789077999999982467e+02,0.000000000000000000e+00
4.790077999999982694e+02,0.000000000000000000e+00
4.791077999999982353e+02,0.000000000000000000e+00
4.792077999999982012e+02,0.000000000000000000e+00
4.793077999999982239e+02,0.000000000000000000e+00
4.794077999999982467e+02,0.000000000000000000e+00
4.795077999999982694e+02,0.000000000000000000e+00
4.796077999999982353e+02,0.000000000000000000e+00
4.797077999999982012e+02,0.000000000000000000e+00
4.798077999999982239e+02,0.000000000000000000e+00
4.799077999999982467e+02,0.000000000000000000e+00
4.800077999999982126e+02,0.000000000000000000e+00
4.801077999999982353e+02,0.000000000000000000e+00
4.802077999999982012e+02,0.000000000000000000e+00
4.803077999999982239e+02,0.000000000000000000e+00
4.804077999999982467e+02,0.000000000000000000e+00
4.805077999999982126e+02,0.000000000000000000e+00
4.806077999999982353e+02,0.000000000000000000e+00
4.807077999999982012e+02,0.000000000000000000e+00
4.808077999999982239e+02,0.000000000000000000e+00
4.809077999999982467e+02,0.000000000000000000e+00
4.810077999999982126e+02,0.000000000000000000e+00
4.811077999999982353e+02,0.000000000000000000e+00
4.812077999999982012e+02,0.000000000000000000e+00
4.813077999999982239e+02,0.000000000000000000e+00
4.814077999999982467e+02,0.000000000000000000e+00
4.815077999999982126e+02,0.000000000000000000e+00
4.816077999999982353e+02,0.000000000000000000e+00
4.817077999999982012e+02,0.000000000000000000e+00
4.818077999999982239e+02,0.000000000000000000e+00
4.819077999999982467e+02,0.000000000000000000e+00
4.820077999999982126e+02,0.000000000000000000e+00
4.821077999999982353e+02,0.000000000000000000e+00
4.822077999999982012e+02,0.000000000000000000e+00
4.823077999999982239e+02,0.000000000000000000e+00
4.824077999999982467e+02,0.000000000000000000e+00
4.825077999999982126e+02,0.000000000000000000e+00
4.826077999999982353e+02,0.000000000000000000e+00
4.827077999999982012e+02,0.000000000000000000e+00
4.828077999999982239e+02,0.000000000000000000e+00
4.829077999999982467e+02,0.000000000000000000e+00
4.830077999999982126e+02,0.000000000000000000e+00
4.831077999999982353e+02,0.000000000000000000e+00
4.832077999999982012e+02,0.000000000000000000e+00
4.833077999999982239e+02,0.000000000000000000e+00
4.834077999999982467e+02,0.000000000000000000e+00
4.835077999999982126e+02,0.000000000000000000e+00
4.836077999999981785e+02,0.000000000000000000e+00
4.837077999999982012e+02,0.000000000000000000e+00
4.838077999999982239e+02,0.000000000000000000e+00
4.839077999999982467e+02,0.000000000000000000e+00
4.840077999999982126e+02,0.000000000000000000e+00
4.841077999999981785e+02,0.000000000000000000e+00
4.842077999999982012e+02,0.000000000000000000e+00
4.843077999999982239e+02,0.000000000000000000e+00
4.844077999999982467e+02,0.000000000000000000e+00
4.845077999999982126e+02,0.000000000000000000e+00
4.846077999999981785e+02,0.000000000000000000e+00
4.847077999999982012e+02,0.000000000000000000e+00
4.848077999999982239e+02,0.000000000000000000e+00
4.849077999999982467e+02,0.000000000000000000e+00
4.850077999999982126e+02,0.000000000000000000e+00
4.851077999999981785e+02,0.000000000000000000e+00
4.852077999999982012e+02,0.000000000000000000e+00
4.853077999999982239e+02,0.000000000000000000e+00
4.854077999999982467e+02,0.000000000000000000e+00
4.855077999999982126e+02,0.000000000000000000e+00
4.856077999999981785e+02,0.000000000000000000e+00
4.857077999999982012e+02,0.000000000000000000e+00
4.858077999999982239e+02,0.000000000000000000e+00
4.859077999999982467e+02,0.000000000000000000e+00
4.860077999999982126e+02,0.000000000000000000e+00
4.861077999999981785e+02,0.000000000000000000e+00
4.862077999999982012e+02,0.000000000000000000e+00
4.863077999999982239e+02,0.000000000000000000e+00
4.864077999999981898e+02,0.000000000000000000e+00
4.865077999999982126e+02,0.000000000000000000e+00
4.866077999999981785e+02,0.000000000000000000e+00
4.867077999999982012e+02,0.000000000000000000e+00
4.868077999999982239e+02,0.000000000000000000e+00
4.869077999999981898e+02,0.000000000000000000e+00
4.870077999999982126e+02,0.000000000000000000e+00
4.871077999999981785e+02,0.000000000000000000e+00
4.872077999999982012e+02,0.000000000000000000e+00
4.873077999999982239e+02,0.000000000000000000e+00
4.874077999999981898e+02,0.000000000000000000e+00
4.875077999999982126e+02,0.000000000000000000e+00
4.876077999999981785e+02,0.000000000000000000e+00
4.877077999999982012e+02,0.000000000000000000e+00
4.878077999999982239e+02,0.000000000000000000e+00
4.879077999999981898e+02,0.000000000000000000e+00
4.880077999999982126e+02,0.000000000000000000e+00
4.881077999999981785e+02,0.000000000000000000e+00
4.882077999999982012e+02,0.000000000000000000e+00
4.883077999999982239e+02,0.000000000000000000e+00
4.884077999999981898e+02,0.000000000000000000e+00
4.885077999999982126e+02,0.000000000000000000e+00
4.886077999999981785e+02,0.000000000000000000e+00
4.887077999999982012e+02,0.000000000000000000e+00
4.888077999999982239e+02,0.000000000000000000e+00
4.889077999999981898e+02,0.000000000000000000e+00
4.890077999999982126e+02,0.000000000000000000e+00
4.891077999999981785e+02,0.000000000000000000e+00
4.892077999999982012e+02,0.000000000000000000e+00
4.893077999999982239e+02,0.000000000000000000e+00
4.894077999999981898e+02,0.000000000000000000e+00
4.895077999999982126e+02,0.000000000000000000e+00
4.896077999999981785e+02,0.000000000000000000e+00
4.897077999999982012e+02,0.000000000000000000e+00
4.898077999999982239e+02,0.000000000000000000e+00
4.899077999999981898e+02,0.000000000000000000e+00
4.900077999999981557e+02,0.000000000000000000e+00
4.901077999999981785e+02,0.000000000000000000e+00
4.902077999999982012e+02,0.000000000000000000e+00
4.903077999999982239e+02,0.000000000000000000e+00
4.904077999999981898e+02,0.000000000000000000e+00
4.905077999999981557e+02,0.000000000000000000e+00
4.906077999999981785e+02,0.000000000000000000e+00
4.907077999999982012e+02,0.000000000000000000e+00
4.908077999999982239e+02,0.000000000000000000e+00
4.909077999999981898e+02,0.000000000000000000e+00
4.910077999999981557e+02,0.000000000000000000e+00
4.911077999999981785e+02,0.000000000000000000e+00
4.912077999999982012e+02,0.000000000000000000e+00
4.913077999999982239e+02,0.000000000000000000e+00
4.914077999999981898e+02,0.000000000000000000e+00
4.915077999999981557e+02,0.000000000000000000e+00
4.916077999999981785e+02,0.000000000000000000e+00
4.917077999999982012e+02,0.000000000000000000e+00
4.918077999999982239e+02,0.000000000000000000e+00
4.919077999999981898e+02,0.000000000000000000e+00
4.920077999999981557e+02,0.000000000000000000e+00
4.921077999999981785e+02,0.000000000000000000e+00
4.922077999999982012e+02,0.000000000000000000e+00
4.923077999999982239e+02,0.000000000000000000e+00
4.924077999999981898e+02,0.000000000000000000e+00
4.925077999999981557e+02,0.000000000000000000e+00
4.926077999999981785e+02,0.000000000000000000e+00
4.927077999999982012e+02,0.000000000000000000e+00
4.928077999999981671e+02,0.000000000000000000e+00
4.929077999999981898e+02,0.000000000000000000e+00
4.930077999999981557e+02,0.000000000000000000e+00
4.931077999999981785e+02,0.000000000000000000e+00
4.932077999999982012e+02,0.000000000000000000e+00
4.933077999999981671e+02,0.000000000000000000e+00
4.934077999999981898e+02,0.000000000000000000e+00
4.935077999999981557e+02,0.000000000000000000e+00
4.936077999999981785e+02,0.000000000000000000e+00
4.937077999999982012e+02,0.000000000000000000e+00
4.938077999999981671e+02,0.000000000000000000e+00
4.939077999999981898e+02,0.000000000000000000e+00
4.940077999999981557e+02,0.000000000000000000e+00
4.941077999999981785e+02,0.000000000000000000e+00
4.942077999999982012e+02,0.000000000000000000e+00
4.943077999999981671e+02,0.000000000000000000e+00
4.944077999999981898e+02,0.000000000000000000e+00
4.945077999999981557e+02,0.000000000000000000e+00
4.946077999999981785e+02,0.000000000000000000e+00
4.947077999999982012e+02,0.000000000000000000e+00
4.948077999999981671e+02,0.000000000000000000e+00
4.949077999999981898e+02,0.000000000000000000e+00
4.950077999999981557e+02,0.000000000000000000e+00
4.951077999999981785e+02,0.000000000000000000e+00
4.952077999999982012e+02,0.000000000000000000e+00
4.953077999999981671e+02,0.000000000000000000e+00
4.954077999999981898e+02,0.000000000000000000e+00
4.955077999999981557e+02,0.000000000000000000e+00
4.956077999999981785e+02,0.000000000000000000e+00
4.957077999999982012e+02,0.000000000000000000e+00
4.958077999999981671e+02,0.000000000000000000e+00
4.959077999999981898e+02,0.000000000000000000e+00
4.960077999999981557e+02,0.000000000000000000e+00
4.961077999999981785e+02,0.000000000000000000e+00
4.962077999999982012e+02,0.000000000000000000e+00
4.963077999999981671e+02,0.000000000000000000e+00
4.964077999999981330e+02,0.000000000000000000e+00
4.965077999999981557e+02,0.000000000000000000e+00
4.966077999999981785e+02,0.000000000000000000e+00
4.967077999999982012e+02,0.000000000000000000e+00
4.968077999999981671e+02,0.000000000000000000e+00
4.969077999999981330e+02,0.000000000000000000e+00
4.970077999999981557e+02,0.000000000000000000e+00
4.971077999999981785e+02,0.000000000000000000e+00
4.972077999999982012e+02,0.000000000000000000e+00
4.973077999999981671e+02,0.000000000000000000e+00
4.974077999999981330e+02,0.000000000000000000e+00
4.975077999999981557e+02,0.000000000000000000e+00
4.976077999999981785e+02,0.000000000000000000e+00
4.977077999999982012e+02,0.000000000000000000e+00
4.978077999999981671e+02,0.000000000000000000e+00
4.979077999999981330e+02,0.000000000000000000e+00
4.980077999999981557e+02,0.000000000000000000e+00
4.981077999999981785e+02,0.000000000000000000e+00
4.982077999999982012e+02,0.000000000000000000e+00
4.983077999999981671e+02,0.000000000000000000e+00
4.984077999999981330e+02,0.000000000000000000e+00
4.985077999999981557e+02,0.000000000000000000e+00
4.986077999999981785e+02,0.000000000000000000e+00
4.987077999999982012e+02,0.000000000000000000e+00
4.988077999999981671e+02,0.000000000000000000e+00
4.989077999999981330e+02,0.000000000000000000e+00
4.990077999999981557e+02,0.000000000000000000e+00
4.991077999999981785e+02,0.000000000000000000e+00
4.992077999999981444e+02,0.000000000000000000e+00
4.993077999999981671e+02,0.000000000000000000e+00
4.994077999999981330e+02,0.000000000000000000e+00
4.995077999999981557e+02,0.000000000000000000e+00
4.996077999999981785e+02,0.000000000000000000e+00
4.997077999999981444e+02,0.000000000000000000e+00
4.998077999999981671e+02,0.000000000000000000e+00
4.999077999999981330e+02,0.000000000000000000e+00
5.000077999999981557e+02,0.000000000000000000e+00
5.001077999999981785e+02,0.000000000000000000e+00
5.002077999999981444e+02,0.000000000000000000e+00
5.003077999999981671e+02,0.000000000000000000e+00
5.004077999999981330e+02,0.000000000000000000e+00
5.005077999999981557e+02,0.000000000000000000e+00
5.006077999999981785e+02,0.000000000000000000e+00
5.007077999999981444e+02,0.000000000000000000e+00
5.008077999999981671e+02,0.000000000000000000e+00
5.009077999999981898e+02,0.000000000000000000e+00
5.010077999999981557e+02,0.000000000000000000e+00
5.011077999999981216e+02,0.000000000000000000e+00
5.012077999999981444e+02,0.000000000000000000e+00
5.013077999999981671e+02,0.000000000000000000e+00
5.014077999999981898e+02,0.000000000000000000e+00
5.015077999999981557e+02,0.000000000000000000e+00
5.016077999999981216e+02,0.000000000000000000e+00
5.017077999999981444e+02,0.000000000000000000e+00
5.018077999999981671e+02,0.000000000000000000e+00
5.019077999999981898e+02,0.000000000000000000e+00
5.020077999999981557e+02,0.000000000000000000e+00
5.021077999999981216e+02,0.000000000000000000e+00
5.022077999999981444e+02,0.000000000000000000e+00
5.023077999999981671e+02,0.000000000000000000e+00
5.024077999999981898e+02,0.000000000000000000e+00
5.025077999999981557e+02,0.000000000000000000e+00
5.026077999999981216e+02,0.000000000000000000e+00
5.027077999999981444e+02,0.000000000000000000e+00
5.028077999999981671e+02,0.000000000000000000e+00
5.029077999999981898e+02,0.000000000000000000e+00
5.030077999999981557e+02,0.000000000000000000e+00
5.031077999999981216e+02,0.000000000000000000e+00
5.032077999999981444e+02,0.000000000000000000e+00
5.033077999999981671e+02,0.000000000000000000e+00
5.034077999999981898e+02,0.000000000000000000e+00
5.035077999999981557e+02,0.000000000000000000e+00
5.036077999999981216e+02,0.000000000000000000e+00
5.037077999999981444e+02,0.000000000000000000e+00
5.038077999999981671e+02,0.000000000000000000e+00
5.039077999999981898e+02,0.000000000000000000e+00
5.040077999999981557e+02,0.000000000000000000e+00
5.041077999999981216e+02,0.000000000000000000e+00
5.042077999999981444e+02,0.000000000000000000e+00
5.043077999999981671e+02,0.000000000000000000e+00
5.044077999999981330e+02,0.000000000000000000e+00
5.045077999999980989e+02,0.000000000000000000e+00
5.046077999999981216e+02,0.000000000000000000e+00
5.047077999999981444e+02,0.000000000000000000e+00
5.048077999999981671e+02,0.000000000000000000e+00
5.049077999999981330e+02,0.000000000000000000e+00
5.050077999999980989e+02,0.000000000000000000e+00
5.051077999999981216e+02,0.000000000000000000e+00
5.052077999999981444e+02,0.000000000000000000e+00
5.053077999999981671e+02,0.000000000000000000e+00
5.054077999999981330e+02,0.000000000000000000e+00
5.055077999999980989e+02,0.000000000000000000e+00
5.056077999999981216e+02,0.000000000000000000e+00
5.057077999999981444e+02,0.000000000000000000e+00
5.058077999999981671e+02,0.000000000000000000e+00
5.059077999999981330e+02,0.000000000000000000e+00
5.060077999999980989e+02,0.000000000000000000e+00
5.061077999999981216e+02,0.000000000000000000e+00
5.062077999999981444e+02,0.000000000000000000e+00
5.063077999999981671e+02,0.000000000000000000e+00
5.064077999999981330e+02,0.000000000000000000e+00
5.065077999999980989e+02,0.000000000000000000e+00
5.066077999999981216e+02,0.000000000000000000e+00
5.067077999999981444e+02,0.000000000000000000e+00
5.068077999999981671e+02,0.000000000000000000e+00
5.069077999999981330e+02,0.000000000000000000e+00
5.070077999999980989e+02,0.000000000000000000e+00
5.071077999999981216e+02,0.000000000000000000e+00
5.072077999999981444e+02,0.000000000000000000e+00
5.073077999999981671e+02,0.000000000000000000e+00
5.074077999999981330e+02,0.000000000000000000e+00
5.075077999999980989e+02,0.000000000000000000e+00
5.076077999999981216e+02,0.000000000000000000e+00
5.077077999999981444e+02,0.000000000000000000e+00
5.078077999999981671e+02,0.000000000000000000e+00
5.079077999999981330e+02,0.000000000000000000e+00
5.080077999999980989e+02,0.000000000000000000e+00
5.081077999999981216e+02,0.000000000000000000e+00
5.082077999999981444e+02,0.000000000000000000e+00
5.083077999999981671e+02,0.000000000000000000e+00
5.084077999999981330e+02,0.000000000000000000e+00
5.085077999999980989e+02,0.000000000000000000e+00
5.086077999999981216e+02,0.000000000000000000e+00
5.087077999999981444e+02,0.000000000000000000e+00
5.088077999999981671e+02,0.000000000000000000e+00
5.089077999999981330e+02,0.000000000000000000e+00
5.090077999999980989e+02,0.000000000000000000e+00
5.091077999999981216e+02,0.000000000000000000e+00
5.092077999999981444e+02,0.000000000000000000e+00
5.093077999999981671e+02,0.000000000000000000e+00
5.094077999999981330e+02,0.000000000000000000e+00
5.095077999999980989e+02,0.000000000000000000e+00
5.096077999999981216e+02,0.000000000000000000e+00
5.097077999999981444e+02,0.000000000000000000e+00
5.098077999999981671e+02,0.000000000000000000e+00
5.099077999999981330e+02,0.000000000000000000e+00
5.100077999999980989e+02,0.000000000000000000e+00
5.101077999999981216e+02,0.000000000000000000e+00
5.102077999999981444e+02,2.157497303127880670e-02
5.103077999999981103e+02,2.157497303130333222e-02
5.104077999999980761e+02,1.078748651563940335e-02
5.105077999999980989e+02,1.078748651563940335e-02
