-125.2268_-103.1909
-1.258629999999999995e+02,8.979078746521117855e-04
-1.257630000000000052e+02,0.000000000000000000e+00
-1.256630000000000109e+02,0.000000000000000000e+00
-1.255630000000000166e+02,0.000000000000000000e+00
-1.254630000000000223e+02,9.876986621173229966e-03
-1.253630000000000280e+02,3.322259136212813574e-02
-1.252630000000000337e+02,6.464936697495204942e-02
-1.251630000000000393e+02,8.889287959055906796e-02
-1.250630000000000450e+02,1.077489449582534065e-01
-1.249630000000000507e+02,1.104426685822097604e-01
-1.248630000000000564e+02,1.050552213342970803e-01
-1.247630000000000621e+02,1.059531292089491844e-01
-1.246630000000000678e+02,1.212175630780350927e-01
-1.245630000000000734e+02,1.158301158301224265e-01
-1.244630000000000791e+02,1.086468528329055244e-01
-1.243630000000000848e+02,1.059531292089491844e-01
-1.242630000000000905e+02,1.104426685822097604e-01
-1.241630000000000962e+02,1.077489449582534065e-01
-1.240630000000001019e+02,9.517823471312383821e-02
-1.239630000000001075e+02,8.440334021729850589e-02
-1.238630000000001132e+02,8.170961659334216587e-02
-1.237630000000001189e+02,8.619915596660272794e-02
-1.236630000000001246e+02,7.901589296938583973e-02
-1.235630000000001303e+02,8.260752446799428383e-02
-1.234630000000001360e+02,7.901589296938583973e-02
-1.233630000000001417e+02,9.517823471312383821e-02
-1.232630000000001473e+02,9.697405046242807414e-02
-1.231630000000001530e+02,9.607614258777597005e-02
-1.230630000000001587e+02,9.428032683847174800e-02
-1.229630000000001644e+02,8.530124809195060998e-02
-1.228630000000001701e+02,7.991380084403794382e-02
-1.227630000000001758e+02,7.452635359612527766e-02
-1.226630000000001814e+02,7.093472209751683355e-02
-1.225630000000001871e+02,7.632216934542949971e-02
-1.224630000000001928e+02,7.542426147077738174e-02
-1.223630000000001985e+02,6.913890634821259762e-02
-1.222630000000002042e+02,7.183262997216893764e-02
-1.221630000000002099e+02,6.554727484960415351e-02
-1.220630000000002156e+02,6.015982760169148735e-02
-1.219630000000002212e+02,5.387447247912670323e-02
-1.218630000000002269e+02,4.579330160725769705e-02
-1.217630000000002326e+02,4.579330160725769705e-02
-1.216630000000002383e+02,4.848702523121403707e-02
-1.215630000000002440e+02,5.387447247912670323e-02
-1.214630000000002497e+02,4.758911735656191910e-02
-1.213630000000002553e+02,5.297656460447459220e-02
-1.212630000000002610e+02,5.836401185238726530e-02
-1.211630000000002667e+02,5.477238035377881425e-02
-1.210630000000002724e+02,5.387447247912670323e-02
-1.209630000000002781e+02,5.118074885517037015e-02
-1.208630000000002838e+02,4.579330160725769705e-02
-1.207630000000002894e+02,5.387447247912670323e-02
-1.206630000000002951e+02,5.028284098051825912e-02
-1.205630000000003008e+02,4.758911735656191910e-02
-1.204630000000003065e+02,4.489539373260558602e-02
-1.203630000000003122e+02,4.220167010864925294e-02
-1.202630000000003179e+02,4.220167010864925294e-02
-1.201630000000003236e+02,3.861003861004080190e-02
-1.200630000000003292e+02,3.142677561282391369e-02
-1.199630000000003349e+02,2.963095986351968816e-02
-1.198630000000003406e+02,2.963095986351968816e-02
-1.197630000000003463e+02,2.514142049025912956e-02
-1.196630000000003520e+02,2.514142049025912956e-02
-1.195630000000003577e+02,1.616234174373801236e-02
-1.194630000000003633e+02,1.526443386908589959e-02
-1.193630000000003690e+02,1.167280237047745202e-02
-1.192630000000003747e+02,2.065188111699857096e-02
-1.191630000000003804e+02,2.244769686630279301e-02
-1.190630000000003861e+02,2.334560474095490404e-02
-1.189630000000003918e+02,3.052886773817179919e-02
-1.188630000000003974e+02,3.142677561282391369e-02
-1.187630000000004031e+02,3.501840711143235779e-02
-1.186630000000004088e+02,3.052886773817179919e-02
-1.185630000000004145e+02,4.309957798330136397e-02
-1.184630000000004202e+02,4.309957798330136397e-02
-1.183630000000004259e+02,4.579330160725769705e-02
-1.182630000000004316e+02,4.758911735656191910e-02
-1.181630000000004372e+02,4.848702523121403707e-02
-1.180630000000004429e+02,4.848702523121403707e-02
-1.179630000000004486e+02,4.669120948190980808e-02
-1.178630000000004543e+02,4.399748585795347500e-02
-1.177630000000004600e+02,3.861003861004080190e-02
-1.176630000000004657e+02,3.861003861004080190e-02
-1.175630000000004713e+02,3.950794648469291986e-02
-1.174630000000004770e+02,4.130376223399714192e-02
-1.173630000000004827e+02,3.412049923678024677e-02
-1.172630000000004884e+02,3.771213073538869087e-02
-1.171630000000004941e+02,2.963095986351968816e-02
-1.170630000000004998e+02,3.591631498608446882e-02
-1.169630000000005055e+02,3.052886773817179919e-02
-1.168630000000005111e+02,3.052886773817179919e-02
-1.167630000000005168e+02,3.771213073538869087e-02
-1.166630000000005225e+02,4.220167010864925294e-02
-1.165630000000005282e+02,3.232468348747602471e-02
-1.164630000000005339e+02,3.232468348747602471e-02
-1.163630000000005396e+02,2.783514411421546264e-02
-1.162630000000005452e+02,2.693723623956335161e-02
-1.161630000000005509e+02,2.963095986351968816e-02
-1.160630000000005566e+02,3.142677561282391369e-02
-1.159630000000005623e+02,3.412049923678024677e-02
-1.158630000000005680e+02,2.783514411421546264e-02
-1.157630000000005737e+02,3.771213073538869087e-02
-1.156630000000005793e+02,3.412049923678024677e-02
-1.155630000000005850e+02,3.322259136212813574e-02
-1.154630000000005907e+02,3.412049923678024677e-02
-1.153630000000005964e+02,2.873305198886757714e-02
-1.152630000000006021e+02,3.142677561282391369e-02
-1.151630000000006078e+02,2.693723623956335161e-02
-1.150630000000006135e+02,2.514142049025912956e-02
-1.149630000000006191e+02,2.873305198886757714e-02
-1.148630000000006248e+02,3.232468348747602471e-02
-1.147630000000006305e+02,2.514142049025912956e-02
-1.146630000000006362e+02,2.783514411421546264e-02
-1.145630000000006419e+02,5.746610397773515427e-02
-1.144630000000006476e+02,5.387447247912670323e-02
-1.143630000000006532e+02,6.554727484960415351e-02
-1.142630000000006589e+02,6.285355122564782737e-02
-1.141630000000006646e+02,4.669120948190980808e-02
-1.140630000000006703e+02,5.297656460447459220e-02
-1.139630000000006760e+02,6.015982760169148735e-02
-1.138630000000006817e+02,5.477238035377881425e-02
-1.137630000000006874e+02,5.118074885517037015e-02
-1.136630000000006930e+02,4.579330160725769705e-02
-1.135630000000006987e+02,4.579330160725769705e-02
-1.134630000000007044e+02,3.412049923678024677e-02
-1.133630000000007101e+02,3.142677561282391369e-02
-1.132630000000007158e+02,2.334560474095490404e-02
-1.131630000000007215e+02,2.514142049025912956e-02
-1.130630000000007271e+02,2.693723623956335161e-02
-1.129630000000007328e+02,2.873305198886757714e-02
-1.128630000000007385e+02,2.514142049025912956e-02
-1.127630000000007442e+02,2.424351261560701853e-02
-1.126630000000007499e+02,3.501840711143235779e-02
-1.125630000000007556e+02,3.052886773817179919e-02
-1.124630000000007612e+02,3.591631498608446882e-02
-1.123630000000007669e+02,3.412049923678024677e-02
-1.122630000000007726e+02,2.783514411421546264e-02
-1.121630000000007783e+02,2.514142049025912956e-02
-1.120630000000007840e+02,2.693723623956335161e-02
-1.119630000000007897e+02,2.963095986351968816e-02
-1.118630000000007954e+02,3.412049923678024677e-02
-1.117630000000008010e+02,2.693723623956335161e-02
-1.116630000000008067e+02,2.963095986351968816e-02
-1.115630000000008124e+02,2.783514411421546264e-02
-1.114630000000008181e+02,2.873305198886757714e-02
-1.113630000000008238e+02,1.706024961839012338e-02
-1.112630000000008295e+02,1.526443386908589959e-02
-1.111630000000008351e+02,1.795815749304223441e-02
-1.110630000000008408e+02,1.885606536769434544e-02
-1.109630000000008465e+02,1.885606536769434544e-02
-1.108630000000008522e+02,1.885606536769434544e-02
-1.107630000000008579e+02,1.706024961839012338e-02
-1.106630000000008636e+02,2.244769686630279301e-02
-1.105630000000008692e+02,2.154978899165068199e-02
-1.104630000000008749e+02,1.885606536769434544e-02
-1.103630000000008806e+02,1.706024961839012338e-02
-1.102630000000008863e+02,1.346861811978167581e-02
-1.101630000000008920e+02,1.526443386908589959e-02
-1.100630000000008977e+02,1.346861811978167581e-02
-1.099630000000009034e+02,1.526443386908589959e-02
-1.098630000000009090e+02,1.257071024512956478e-02
-1.097630000000009147e+02,9.876986621173229966e-03
-1.096630000000009204e+02,9.876986621173229966e-03
-1.095630000000009261e+02,8.979078746521117205e-03
-1.094630000000009318e+02,8.979078746521117205e-03
-1.093630000000009375e+02,4.489539373260558602e-03
-1.092630000000009431e+02,8.081170871869006178e-03
-1.091630000000009488e+02,3.591631498608447142e-03
-1.090630000000009545e+02,7.183262997216894284e-03
-1.089630000000009602e+02,5.387447247912670496e-03
-1.088630000000009659e+02,2.693723623956335248e-03
-1.087630000000009716e+02,2.693723623956335248e-03
-1.086630000000009773e+02,1.795815749304223571e-03
-1.085630000000009829e+02,2.693723623956335248e-03
-1.084630000000009886e+02,7.183262997216894284e-03
-1.083630000000009943e+02,9.876986621173229966e-03
-1.082630000000010000e+02,8.081170871869006178e-03
-1.081630000000010057e+02,9.876986621173229966e-03
-1.080630000000010114e+02,9.876986621173229966e-03
-1.079630000000010170e+02,5.387447247912670496e-03
-1.078630000000010227e+02,1.257071024512956478e-02
-1.077630000000010284e+02,1.257071024512956478e-02
-1.076630000000010341e+02,1.616234174373801236e-02
-1.075630000000010398e+02,1.167280237047745202e-02
-1.074630000000010455e+02,1.436652599443378857e-02
-1.073630000000010511e+02,8.979078746521117205e-03
-1.072630000000010568e+02,1.346861811978167581e-02
-1.071630000000010625e+02,9.876986621173229966e-03
-1.070630000000010682e+02,8.979078746521117205e-03
-1.069630000000010739e+02,8.081170871869006178e-03
-1.068630000000010796e+02,9.876986621173229966e-03
-1.067630000000010853e+02,8.979078746521117205e-03
-1.066630000000010909e+02,1.167280237047745202e-02
-1.065630000000010966e+02,7.183262997216894284e-03
-1.064630000000011023e+02,8.979078746521117205e-03
-1.063630000000011080e+02,8.979078746521117205e-03
-1.062630000000011137e+02,9.876986621173229966e-03
-1.061630000000011194e+02,8.979078746521117205e-03
-1.060630000000011250e+02,8.081170871869006178e-03
-1.059630000000011307e+02,1.526443386908589959e-02
-1.058630000000011364e+02,8.081170871869006178e-03
-1.057630000000011421e+02,8.081170871869006178e-03
-1.056630000000011478e+02,4.489539373260558602e-03
-1.055630000000011535e+02,4.489539373260558602e-03
-1.054630000000011592e+02,8.081170871869006178e-03
-1.053630000000011648e+02,1.167280237047745202e-02
-1.052630000000011705e+02,2.154978899165068199e-02
-1.051630000000011762e+02,1.885606536769434544e-02
-1.050630000000011819e+02,2.334560474095490404e-02
-1.049630000000011876e+02,2.693723623956335161e-02
-1.048630000000011933e+02,1.795815749304223441e-02
-1.047630000000011989e+02,1.975397324234645993e-02
-1.046630000000012046e+02,1.975397324234645993e-02
-1.045630000000012103e+02,2.154978899165068199e-02
-1.044630000000012160e+02,1.616234174373801236e-02
-1.043630000000012217e+02,1.436652599443378857e-02
-1.042630000000012274e+02,1.706024961839012338e-02
-1.041630000000012330e+02,2.154978899165068199e-02
-1.040630000000012387e+02,1.616234174373801236e-02
-1.039630000000012444e+02,1.257071024512956478e-02
-1.038630000000012501e+02,1.975397324234645993e-02
-1.037630000000012558e+02,2.065188111699857096e-02
-1.036630000000012615e+02,2.693723623956335161e-02
-1.035630000000012672e+02,1.795815749304223441e-02
-1.034630000000012728e+02,1.526443386908589959e-02
-1.033630000000012785e+02,2.334560474095490404e-02
-1.032630000000012842e+02,1.706024961839012338e-02
-1.031630000000012899e+02,1.975397324234645993e-02
-1.030630000000012956e+02,1.616234174373801236e-02
-1.029630000000013013e+02,1.616234174373801236e-02
-1.028630000000013069e+02,1.257071024512956478e-02
-1.027630000000013126e+02,8.081170871869006178e-03
-1.026630000000013183e+02,6.285355122564782390e-03
-1.025630000000013240e+02,6.285355122564782390e-03
-1.024630000000013297e+02,6.285355122564782390e-03
-1.023630000000013354e+02,7.183262997216894284e-03
-1.022630000000013410e+02,8.979078746521117205e-03
-1.021630000000013467e+02,8.081170871869006178e-03
-1.020630000000013524e+02,6.285355122564782390e-03
-1.019630000000013581e+02,3.591631498608447142e-03
-1.018630000000013638e+02,2.693723623956335248e-03
-1.017630000000013695e+02,7.183262997216894284e-03
-1.016630000000013752e+02,9.876986621173229966e-03
-1.015630000000013808e+02,6.285355122564782390e-03
-1.014630000000013865e+02,1.795815749304223571e-03
-1.013630000000013922e+02,9.876986621173229966e-03
-1.012630000000013979e+02,1.077489449582534099e-02
-1.011630000000014036e+02,9.876986621173229966e-03
-1.010630000000014093e+02,6.285355122564782390e-03
-1.009630000000014149e+02,3.591631498608447142e-03
-1.008630000000014206e+02,8.081170871869006178e-03
-1.007630000000014263e+02,8.081170871869006178e-03
-1.006630000000014320e+02,4.489539373260558602e-03
-1.005630000000014377e+02,4.489539373260558602e-03
-1.004630000000014434e+02,6.285355122564782390e-03
-1.003630000000014491e+02,4.489539373260558602e-03
-1.002630000000014547e+02,3.591631498608447142e-03
-1.001630000000014604e+02,6.285355122564782390e-03
-1.000630000000014661e+02,1.795815749304223571e-03
-9.996300000000147179e+01,2.693723623956335248e-03
-9.986300000000147747e+01,5.387447247912670496e-03
-9.976300000000148316e+01,2.693723623956335248e-03
-9.966300000000148884e+01,1.795815749304223571e-03
-9.956300000000149453e+01,1.795815749304223571e-03
-9.946300000000150021e+01,0.000000000000000000e+00
-9.936300000000150590e+01,8.979078746521117855e-04
-9.926300000000151158e+01,8.979078746521117855e-04
-9.916300000000151726e+01,2.693723623956335248e-03
-9.906300000000152295e+01,2.693723623956335248e-03
-9.896300000000152863e+01,2.693723623956335248e-03
-9.886300000000153432e+01,3.591631498608447142e-03
-9.876300000000154000e+01,2.693723623956335248e-03
-9.866300000000154569e+01,2.693723623956335248e-03
-9.856300000000155137e+01,3.591631498608447142e-03
-9.846300000000155705e+01,4.489539373260558602e-03
-9.836300000000156274e+01,5.387447247912670496e-03
-9.826300000000156842e+01,5.387447247912670496e-03
-9.816300000000157411e+01,8.081170871869006178e-03
-9.806300000000157979e+01,1.167280237047745202e-02
-9.796300000000158548e+01,1.257071024512956478e-02
-9.786300000000159116e+01,9.876986621173229966e-03
-9.776300000000159685e+01,1.526443386908589959e-02
-9.766300000000160253e+01,1.257071024512956478e-02
-9.756300000000160821e+01,1.436652599443378857e-02
-9.746300000000161390e+01,1.795815749304223441e-02
-9.736300000000161958e+01,1.616234174373801236e-02
-9.726300000000162527e+01,9.876986621173229966e-03
-9.716300000000163095e+01,1.526443386908589959e-02
-9.706300000000163664e+01,1.885606536769434544e-02
-9.696300000000164232e+01,1.436652599443378857e-02
-9.686300000000164800e+01,7.183262997216894284e-03
-9.676300000000165369e+01,9.876986621173229966e-03
-9.666300000000165937e+01,8.081170871869006178e-03
-9.656300000000166506e+01,7.183262997216894284e-03
-9.646300000000167074e+01,3.591631498608447142e-03
-9.636300000000167643e+01,1.795815749304223571e-03
-9.626300000000168211e+01,1.795815749304223571e-03
-9.616300000000168779e+01,5.387447247912670496e-03
-9.606300000000169348e+01,2.693723623956335248e-03
-9.596300000000169916e+01,2.693723623956335248e-03
-9.586300000000170485e+01,2.693723623956335248e-03
-9.576300000000171053e+01,3.591631498608447142e-03
-9.566300000000171622e+01,5.387447247912670496e-03
-9.556300000000172190e+01,2.693723623956335248e-03
-9.546300000000172759e+01,3.591631498608447142e-03
-9.536300000000173327e+01,1.795815749304223571e-03
-9.526300000000173895e+01,2.693723623956335248e-03
-9.516300000000174464e+01,1.795815749304223571e-03
-9.506300000000175032e+01,1.795815749304223571e-03
-9.496300000000175601e+01,1.795815749304223571e-03
-9.486300000000176169e+01,4.489539373260558602e-03
-9.476300000000176738e+01,1.795815749304223571e-03
-9.466300000000177306e+01,0.000000000000000000e+00
-9.456300000000177874e+01,2.693723623956335248e-03
-9.446300000000178443e+01,1.795815749304223571e-03
-9.436300000000179011e+01,2.693723623956335248e-03
-9.426300000000179580e+01,3.591631498608447142e-03
-9.416300000000180148e+01,2.693723623956335248e-03
-9.406300000000180717e+01,3.591631498608447142e-03
-9.396300000000181285e+01,2.693723623956335248e-03
-9.386300000000181853e+01,2.693723623956335248e-03
-9.376300000000182422e+01,1.795815749304223571e-03
-9.366300000000182990e+01,1.795815749304223571e-03
-9.356300000000183559e+01,1.795815749304223571e-03
-9.346300000000184127e+01,8.979078746521117855e-04
-9.336300000000184696e+01,1.795815749304223571e-03
-9.326300000000185264e+01,0.000000000000000000e+00
-9.316300000000185833e+01,2.693723623956335248e-03
-9.306300000000186401e+01,3.591631498608447142e-03
-9.296300000000186969e+01,7.183262997216894284e-03
-9.286300000000187538e+01,2.693723623956335248e-03
-9.276300000000188106e+01,0.000000000000000000e+00
-9.266300000000188675e+01,0.000000000000000000e+00
-9.256300000000189243e+01,0.000000000000000000e+00
-9.246300000000189812e+01,1.795815749304223571e-03
-9.236300000000190380e+01,3.591631498608447142e-03
-9.226300000000190948e+01,8.979078746521117855e-04
-9.216300000000191517e+01,0.000000000000000000e+00
-9.206300000000192085e+01,8.979078746521117855e-04
-9.196300000000192654e+01,1.795815749304223571e-03
-9.186300000000193222e+01,1.795815749304223571e-03
-9.176300000000193791e+01,8.979078746521117855e-04
-9.166300000000194359e+01,0.000000000000000000e+00
-9.156300000000194927e+01,8.979078746521117855e-04
-9.146300000000195496e+01,1.795815749304223571e-03
-9.136300000000196064e+01,0.000000000000000000e+00
-9.126300000000196633e+01,0.000000000000000000e+00
-9.116300000000197201e+01,8.979078746521117855e-04
-9.106300000000197770e+01,1.795815749304223571e-03
-9.096300000000198338e+01,2.693723623956335248e-03
-9.086300000000198906e+01,2.693723623956335248e-03
-9.076300000000199475e+01,1.795815749304223571e-03
-9.066300000000200043e+01,1.795815749304223571e-03
-9.056300000000200612e+01,7.183262997216894284e-03
-9.046300000000201180e+01,6.285355122564782390e-03
-9.036300000000201749e+01,3.591631498608447142e-03
-9.026300000000202317e+01,1.795815749304223571e-03
-9.016300000000202886e+01,1.795815749304223571e-03
-9.006300000000203454e+01,2.693723623956335248e-03
-8.996300000000204022e+01,0.000000000000000000e+00
-8.986300000000204591e+01,0.000000000000000000e+00
-8.976300000000205159e+01,0.000000000000000000e+00
-8.966300000000205728e+01,8.979078746521117855e-04
-8.956300000000206296e+01,8.979078746521117855e-04
-8.946300000000206865e+01,0.000000000000000000e+00
-8.936300000000207433e+01,0.000000000000000000e+00
-8.926300000000208001e+01,0.000000000000000000e+00
-8.916300000000208570e+01,0.000000000000000000e+00
-8.906300000000209138e+01,0.000000000000000000e+00
-8.896300000000209707e+01,0.000000000000000000e+00
-8.886300000000210275e+01,0.000000000000000000e+00
-8.876300000000210844e+01,0.000000000000000000e+00
-8.866300000000211412e+01,0.000000000000000000e+00
-8.856300000000211980e+01,0.000000000000000000e+00
-8.846300000000212549e+01,0.000000000000000000e+00
-8.836300000000213117e+01,0.000000000000000000e+00
-8.826300000000213686e+01,0.000000000000000000e+00
-8.816300000000214254e+01,0.000000000000000000e+00
-8.806300000000214823e+01,0.000000000000000000e+00
-8.796300000000215391e+01,0.000000000000000000e+00
-8.786300000000215960e+01,0.000000000000000000e+00
-8.776300000000216528e+01,0.000000000000000000e+00
-8.766300000000217096e+01,0.000000000000000000e+00
-8.756300000000217665e+01,0.000000000000000000e+00
-8.746300000000218233e+01,8.979078746521117855e-04
-8.736300000000218802e+01,4.489539373260558602e-03
-8.726300000000219370e+01,8.979078746521117855e-04
-8.716300000000219939e+01,7.183262997216894284e-03
-8.706300000000220507e+01,5.387447247912670496e-03
-8.696300000000221075e+01,4.489539373260558602e-03
-8.686300000000221644e+01,3.591631498608447142e-03
-8.676300000000222212e+01,8.081170871869006178e-03
-8.666300000000222781e+01,7.183262997216894284e-03
-8.656300000000223349e+01,4.489539373260558602e-03
-8.646300000000223918e+01,1.795815749304223571e-03
-8.636300000000224486e+01,8.979078746521117205e-03
-8.626300000000225054e+01,5.387447247912670496e-03
-8.616300000000225623e+01,3.591631498608447142e-03
-8.606300000000226191e+01,1.795815749304223571e-03
-8.596300000000226760e+01,8.979078746521117855e-04
-8.586300000000227328e+01,1.795815749304223571e-03
-8.576300000000227897e+01,8.979078746521117855e-04
-8.566300000000228465e+01,8.979078746521117855e-04
-8.556300000000229034e+01,0.000000000000000000e+00
-8.546300000000229602e+01,0.000000000000000000e+00
-8.536300000000230170e+01,0.000000000000000000e+00
-8.526300000000230739e+01,8.979078746521117855e-04
-8.516300000000231307e+01,0.000000000000000000e+00
-8.506300000000231876e+01,0.000000000000000000e+00
-8.496300000000232444e+01,8.979078746521117855e-04
-8.486300000000233013e+01,0.000000000000000000e+00
-8.476300000000233581e+01,8.979078746521117855e-04
-8.466300000000234149e+01,0.000000000000000000e+00
-8.456300000000234718e+01,0.000000000000000000e+00
-8.446300000000235286e+01,0.000000000000000000e+00
-8.436300000000235855e+01,0.000000000000000000e+00
-8.426300000000236423e+01,0.000000000000000000e+00
-8.416300000000236992e+01,0.000000000000000000e+00
-8.406300000000237560e+01,8.979078746521117855e-04
-8.396300000000238128e+01,0.000000000000000000e+00
-8.386300000000238697e+01,8.979078746521117855e-04
-8.376300000000239265e+01,1.795815749304223571e-03
-8.366300000000239834e+01,8.979078746521117855e-04
-8.356300000000240402e+01,8.979078746521117855e-04
-8.346300000000240971e+01,0.000000000000000000e+00
-8.336300000000241539e+01,0.000000000000000000e+00
-8.326300000000242107e+01,0.000000000000000000e+00
-8.316300000000242676e+01,0.000000000000000000e+00
-8.306300000000243244e+01,8.979078746521117855e-04
-8.296300000000243813e+01,0.000000000000000000e+00
-8.286300000000244381e+01,0.000000000000000000e+00
-8.276300000000244950e+01,0.000000000000000000e+00
-8.266300000000245518e+01,0.000000000000000000e+00
-8.256300000000246087e+01,0.000000000000000000e+00
-8.246300000000246655e+01,0.000000000000000000e+00
-8.236300000000247223e+01,0.000000000000000000e+00
-8.226300000000247792e+01,0.000000000000000000e+00
-8.216300000000248360e+01,0.000000000000000000e+00
-8.206300000000248929e+01,0.000000000000000000e+00
-8.196300000000249497e+01,0.000000000000000000e+00
-8.186300000000250066e+01,0.000000000000000000e+00
-8.176300000000250634e+01,0.000000000000000000e+00
-8.166300000000251202e+01,0.000000000000000000e+00
-8.156300000000251771e+01,0.000000000000000000e+00
-8.146300000000252339e+01,0.000000000000000000e+00
-8.136300000000252908e+01,0.000000000000000000e+00
-8.126300000000253476e+01,0.000000000000000000e+00
-8.116300000000254045e+01,0.000000000000000000e+00
-8.106300000000254613e+01,0.000000000000000000e+00
-8.096300000000255181e+01,0.000000000000000000e+00
-8.086300000000255750e+01,0.000000000000000000e+00
-8.076300000000256318e+01,0.000000000000000000e+00
-8.066300000000256887e+01,0.000000000000000000e+00
-8.056300000000257455e+01,0.000000000000000000e+00
-8.046300000000258024e+01,0.000000000000000000e+00
-8.036300000000258592e+01,0.000000000000000000e+00
-8.026300000000259161e+01,8.979078746521117855e-04
-8.016300000000259729e+01,1.795815749304223571e-03
-8.006300000000260297e+01,0.000000000000000000e+00
-7.996300000000260866e+01,0.000000000000000000e+00
-7.986300000000261434e+01,1.795815749304223571e-03
-7.976300000000262003e+01,3.591631498608447142e-03
-7.966300000000262571e+01,0.000000000000000000e+00
-7.956300000000263140e+01,0.000000000000000000e+00
-7.946300000000263708e+01,0.000000000000000000e+00
-7.936300000000264276e+01,0.000000000000000000e+00
-7.926300000000264845e+01,0.000000000000000000e+00
-7.916300000000265413e+01,0.000000000000000000e+00
-7.906300000000265982e+01,0.000000000000000000e+00
-7.896300000000266550e+01,0.000000000000000000e+00
-7.886300000000267119e+01,0.000000000000000000e+00
-7.876300000000267687e+01,0.000000000000000000e+00
-7.866300000000268255e+01,0.000000000000000000e+00
-7.856300000000268824e+01,0.000000000000000000e+00
-7.846300000000269392e+01,0.000000000000000000e+00
-7.836300000000269961e+01,0.000000000000000000e+00
-7.826300000000270529e+01,0.000000000000000000e+00
-7.816300000000271098e+01,0.000000000000000000e+00
-7.806300000000271666e+01,1.795815749304223571e-03
-7.796300000000272235e+01,1.795815749304223571e-03
-7.786300000000272803e+01,4.489539373260558602e-03
-7.776300000000273371e+01,7.183262997216894284e-03
-7.766300000000273940e+01,8.081170871869006178e-03
-7.756300000000274508e+01,5.387447247912670496e-03
-7.746300000000275077e+01,4.489539373260558602e-03
-7.736300000000275645e+01,8.979078746521117205e-03
-7.726300000000276214e+01,3.591631498608447142e-03
-7.716300000000276782e+01,2.693723623956335248e-03
-7.706300000000277350e+01,7.183262997216894284e-03
-7.696300000000277919e+01,3.591631498608447142e-03
-7.686300000000278487e+01,2.693723623956335248e-03
-7.676300000000279056e+01,1.795815749304223571e-03
-7.666300000000279624e+01,8.979078746521117855e-04
-7.656300000000280193e+01,8.979078746521117855e-04
-7.646300000000280761e+01,8.979078746521117855e-04
-7.636300000000281329e+01,2.693723623956335248e-03
-7.626300000000281898e+01,0.000000000000000000e+00
-7.616300000000282466e+01,8.979078746521117855e-04
-7.606300000000283035e+01,8.979078746521117855e-04
-7.596300000000283603e+01,1.795815749304223571e-03
-7.586300000000284172e+01,0.000000000000000000e+00
-7.576300000000284740e+01,0.000000000000000000e+00
-7.566300000000285308e+01,0.000000000000000000e+00
-7.556300000000285877e+01,0.000000000000000000e+00
-7.546300000000286445e+01,8.979078746521117855e-04
-7.536300000000287014e+01,1.795815749304223571e-03
-7.526300000000287582e+01,0.000000000000000000e+00
-7.516300000000288151e+01,0.000000000000000000e+00
-7.506300000000288719e+01,0.000000000000000000e+00
-7.496300000000289288e+01,0.000000000000000000e+00
-7.486300000000289856e+01,0.000000000000000000e+00
-7.476300000000290424e+01,0.000000000000000000e+00
-7.466300000000290993e+01,0.000000000000000000e+00
-7.456300000000291561e+01,0.000000000000000000e+00
-7.446300000000292130e+01,0.000000000000000000e+00
-7.436300000000292698e+01,0.000000000000000000e+00
-7.426300000000293267e+01,0.000000000000000000e+00
-7.416300000000293835e+01,0.000000000000000000e+00
-7.406300000000294403e+01,0.000000000000000000e+00
-7.396300000000294972e+01,0.000000000000000000e+00
-7.386300000000295540e+01,0.000000000000000000e+00
-7.376300000000296109e+01,0.000000000000000000e+00
-7.366300000000296677e+01,0.000000000000000000e+00
-7.356300000000297246e+01,0.000000000000000000e+00
-7.346300000000297814e+01,0.000000000000000000e+00
-7.336300000000298382e+01,0.000000000000000000e+00
-7.326300000000298951e+01,0.000000000000000000e+00
-7.316300000000299519e+01,0.000000000000000000e+00
-7.306300000000300088e+01,0.000000000000000000e+00
-7.296300000000300656e+01,0.000000000000000000e+00
-7.286300000000301225e+01,0.000000000000000000e+00
-7.276300000000301793e+01,0.000000000000000000e+00
-7.266300000000302362e+01,0.000000000000000000e+00
-7.256300000000302930e+01,0.000000000000000000e+00
-7.246300000000303498e+01,0.000000000000000000e+00
-7.236300000000304067e+01,0.000000000000000000e+00
-7.226300000000304635e+01,0.000000000000000000e+00
-7.216300000000305204e+01,0.000000000000000000e+00
-7.206300000000305772e+01,0.000000000000000000e+00
-7.196300000000306341e+01,0.000000000000000000e+00
-7.186300000000306909e+01,0.000000000000000000e+00
-7.176300000000307477e+01,0.000000000000000000e+00
-7.166300000000308046e+01,0.000000000000000000e+00
-7.156300000000308614e+01,0.000000000000000000e+00
-7.146300000000309183e+01,0.000000000000000000e+00
-7.136300000000309751e+01,0.000000000000000000e+00
-7.126300000000310320e+01,0.000000000000000000e+00
-7.116300000000310888e+01,0.000000000000000000e+00
-7.106300000000311456e+01,0.000000000000000000e+00
-7.096300000000312025e+01,0.000000000000000000e+00
-7.086300000000312593e+01,8.979078746521117855e-04
-7.076300000000313162e+01,0.000000000000000000e+00
-7.066300000000313730e+01,0.000000000000000000e+00
-7.056300000000314299e+01,0.000000000000000000e+00
-7.046300000000314867e+01,1.795815749304223571e-03
-7.036300000000315435e+01,0.000000000000000000e+00
-7.026300000000316004e+01,0.000000000000000000e+00
-7.016300000000316572e+01,0.000000000000000000e+00
-7.006300000000317141e+01,0.000000000000000000e+00
-6.996300000000317709e+01,0.000000000000000000e+00
-6.986300000000318278e+01,0.000000000000000000e+00
-6.976300000000318846e+01,0.000000000000000000e+00
-6.966300000000319415e+01,0.000000000000000000e+00
-6.956300000000319983e+01,0.000000000000000000e+00
-6.946300000000320551e+01,0.000000000000000000e+00
-6.936300000000321120e+01,0.000000000000000000e+00
-6.926300000000321688e+01,0.000000000000000000e+00
-6.916300000000322257e+01,0.000000000000000000e+00
-6.906300000000322825e+01,0.000000000000000000e+00
-6.896300000000323394e+01,0.000000000000000000e+00
-6.886300000000323962e+01,0.000000000000000000e+00
-6.876300000000324530e+01,0.000000000000000000e+00
-6.866300000000325099e+01,0.000000000000000000e+00
-6.856300000000325667e+01,0.000000000000000000e+00
-6.846300000000326236e+01,0.000000000000000000e+00
-6.836300000000326804e+01,0.000000000000000000e+00
-6.826300000000327373e+01,0.000000000000000000e+00
-6.816300000000327941e+01,0.000000000000000000e+00
-6.806300000000328509e+01,0.000000000000000000e+00
-6.796300000000329078e+01,0.000000000000000000e+00
-6.786300000000329646e+01,0.000000000000000000e+00
-6.776300000000330215e+01,0.000000000000000000e+00
-6.766300000000330783e+01,0.000000000000000000e+00
-6.756300000000331352e+01,0.000000000000000000e+00
-6.746300000000331920e+01,0.000000000000000000e+00
-6.736300000000332489e+01,0.000000000000000000e+00
-6.726300000000333057e+01,0.000000000000000000e+00
-6.716300000000333625e+01,8.979078746521117855e-04
-6.706300000000334194e+01,3.591631498608447142e-03
-6.696300000000334762e+01,4.489539373260558602e-03
-6.686300000000335331e+01,0.000000000000000000e+00
-6.676300000000335899e+01,0.000000000000000000e+00
-6.666300000000336468e+01,2.693723623956335248e-03
-6.656300000000337036e+01,8.979078746521117855e-04
-6.646300000000337604e+01,0.000000000000000000e+00
-6.636300000000338173e+01,2.693723623956335248e-03
-6.626300000000338741e+01,0.000000000000000000e+00
-6.616300000000339310e+01,8.979078746521117855e-04
-6.606300000000339878e+01,0.000000000000000000e+00
-6.596300000000340447e+01,0.000000000000000000e+00
-6.586300000000341015e+01,0.000000000000000000e+00
-6.576300000000341583e+01,0.000000000000000000e+00
-6.566300000000342152e+01,0.000000000000000000e+00
-6.556300000000342720e+01,0.000000000000000000e+00
-6.546300000000343289e+01,0.000000000000000000e+00
-6.536300000000343857e+01,0.000000000000000000e+00
-6.526300000000344426e+01,0.000000000000000000e+00
-6.516300000000344994e+01,0.000000000000000000e+00
-6.506300000000345563e+01,0.000000000000000000e+00
-6.496300000000346131e+01,0.000000000000000000e+00
-6.486300000000346699e+01,0.000000000000000000e+00
-6.476300000000347268e+01,0.000000000000000000e+00
-6.466300000000347836e+01,0.000000000000000000e+00
-6.456300000000348405e+01,0.000000000000000000e+00
-6.446300000000348973e+01,0.000000000000000000e+00
-6.436300000000349542e+01,0.000000000000000000e+00
-6.426300000000350110e+01,0.000000000000000000e+00
-6.416300000000350678e+01,0.000000000000000000e+00
-6.406300000000351247e+01,0.000000000000000000e+00
-6.396300000000351815e+01,0.000000000000000000e+00
-6.386300000000352384e+01,0.000000000000000000e+00
-6.376300000000352952e+01,0.000000000000000000e+00
-6.366300000000353521e+01,0.000000000000000000e+00
-6.356300000000354089e+01,0.000000000000000000e+00
-6.346300000000354657e+01,0.000000000000000000e+00
-6.336300000000355226e+01,0.000000000000000000e+00
-6.326300000000355794e+01,0.000000000000000000e+00
-6.316300000000356363e+01,0.000000000000000000e+00
-6.306300000000356931e+01,0.000000000000000000e+00
-6.296300000000357500e+01,0.000000000000000000e+00
-6.286300000000358068e+01,0.000000000000000000e+00
-6.276300000000358636e+01,0.000000000000000000e+00
-6.266300000000359205e+01,0.000000000000000000e+00
-6.256300000000359773e+01,0.000000000000000000e+00
-6.246300000000360342e+01,0.000000000000000000e+00
-6.236300000000360910e+01,0.000000000000000000e+00
-6.226300000000361479e+01,0.000000000000000000e+00
-6.216300000000362047e+01,0.000000000000000000e+00
-6.206300000000362616e+01,0.000000000000000000e+00
-6.196300000000363184e+01,0.000000000000000000e+00
-6.186300000000363752e+01,0.000000000000000000e+00
-6.176300000000364321e+01,0.000000000000000000e+00
-6.166300000000364889e+01,0.000000000000000000e+00
-6.156300000000365458e+01,0.000000000000000000e+00
-6.146300000000366026e+01,0.000000000000000000e+00
-6.136300000000366595e+01,0.000000000000000000e+00
-6.126300000000367163e+01,0.000000000000000000e+00
-6.116300000000367731e+01,0.000000000000000000e+00
-6.106300000000368300e+01,0.000000000000000000e+00
-6.096300000000368868e+01,0.000000000000000000e+00
-6.086300000000369437e+01,0.000000000000000000e+00
-6.076300000000370005e+01,0.000000000000000000e+00
-6.066300000000370574e+01,0.000000000000000000e+00
-6.056300000000371142e+01,0.000000000000000000e+00
-6.046300000000371710e+01,0.000000000000000000e+00
-6.036300000000372279e+01,0.000000000000000000e+00
-6.026300000000372847e+01,0.000000000000000000e+00
-6.016300000000373416e+01,1.795815749304223571e-03
-6.006300000000373984e+01,2.693723623956335248e-03
-5.996300000000374553e+01,1.795815749304223571e-03
-5.986300000000375121e+01,8.979078746521117855e-04
-5.976300000000375690e+01,8.979078746521117855e-04
-5.966300000000376258e+01,8.979078746521117855e-04
-5.956300000000376826e+01,8.979078746521117855e-04
-5.946300000000377395e+01,0.000000000000000000e+00
-5.936300000000377963e+01,0.000000000000000000e+00
-5.926300000000378532e+01,0.000000000000000000e+00
-5.916300000000379100e+01,8.979078746521117855e-04
-5.906300000000379669e+01,0.000000000000000000e+00
-5.896300000000380237e+01,0.000000000000000000e+00
-5.886300000000380805e+01,0.000000000000000000e+00
-5.876300000000381374e+01,0.000000000000000000e+00
-5.866300000000381942e+01,0.000000000000000000e+00
-5.856300000000382511e+01,0.000000000000000000e+00
-5.846300000000383079e+01,0.000000000000000000e+00
-5.836300000000383648e+01,0.000000000000000000e+00
-5.826300000000384216e+01,0.000000000000000000e+00
-5.816300000000384784e+01,0.000000000000000000e+00
-5.806300000000385353e+01,0.000000000000000000e+00
-5.796300000000385921e+01,0.000000000000000000e+00
-5.786300000000386490e+01,3.591631498608447142e-03
-5.776300000000387058e+01,2.693723623956335248e-03
-5.766300000000387627e+01,5.387447247912670496e-03
-5.756300000000388195e+01,4.489539373260558602e-03
-5.746300000000388764e+01,2.693723623956335248e-03
-5.736300000000389332e+01,1.795815749304223571e-03
-5.726300000000389900e+01,1.795815749304223571e-03
-5.716300000000390469e+01,1.795815749304223571e-03
-5.706300000000391037e+01,4.489539373260558602e-03
-5.696300000000391606e+01,5.387447247912670496e-03
-5.686300000000392174e+01,8.979078746521117205e-03
-5.676300000000392743e+01,1.346861811978167581e-02
-5.666300000000393311e+01,9.876986621173229966e-03
-5.656300000000393879e+01,7.183262997216894284e-03
-5.646300000000394448e+01,3.591631498608447142e-03
-5.636300000000395016e+01,7.183262997216894284e-03
-5.626300000000395585e+01,3.591631498608447142e-03
-5.616300000000396153e+01,4.489539373260558602e-03
-5.606300000000396722e+01,8.979078746521117855e-04
-5.596300000000397290e+01,2.693723623956335248e-03
-5.586300000000397858e+01,2.693723623956335248e-03
-5.576300000000398427e+01,1.795815749304223571e-03
-5.566300000000398995e+01,0.000000000000000000e+00
-5.556300000000399564e+01,0.000000000000000000e+00
-5.546300000000400132e+01,0.000000000000000000e+00
-5.536300000000400701e+01,8.979078746521117855e-04
-5.526300000000401269e+01,0.000000000000000000e+00
-5.516300000000401837e+01,0.000000000000000000e+00
-5.506300000000402406e+01,0.000000000000000000e+00
-5.496300000000402974e+01,0.000000000000000000e+00
-5.486300000000403543e+01,0.000000000000000000e+00
-5.476300000000404111e+01,0.000000000000000000e+00
-5.466300000000404680e+01,0.000000000000000000e+00
-5.456300000000405248e+01,0.000000000000000000e+00
-5.446300000000405817e+01,0.000000000000000000e+00
-5.436300000000406385e+01,0.000000000000000000e+00
-5.426300000000406953e+01,0.000000000000000000e+00
-5.416300000000407522e+01,0.000000000000000000e+00
-5.406300000000408090e+01,0.000000000000000000e+00
-5.396300000000408659e+01,0.000000000000000000e+00
-5.386300000000409227e+01,0.000000000000000000e+00
-5.376300000000409796e+01,0.000000000000000000e+00
-5.366300000000410364e+01,0.000000000000000000e+00
-5.356300000000410932e+01,0.000000000000000000e+00
-5.346300000000411501e+01,0.000000000000000000e+00
-5.336300000000412069e+01,0.000000000000000000e+00
-5.326300000000412638e+01,0.000000000000000000e+00
-5.316300000000413206e+01,0.000000000000000000e+00
-5.306300000000413775e+01,0.000000000000000000e+00
-5.296300000000414343e+01,0.000000000000000000e+00
-5.286300000000414911e+01,0.000000000000000000e+00
-5.276300000000415480e+01,0.000000000000000000e+00
-5.266300000000416048e+01,0.000000000000000000e+00
-5.256300000000416617e+01,0.000000000000000000e+00
-5.246300000000417185e+01,0.000000000000000000e+00
-5.236300000000417754e+01,0.000000000000000000e+00
-5.226300000000418322e+01,0.000000000000000000e+00
-5.216300000000418891e+01,0.000000000000000000e+00
-5.206300000000419459e+01,0.000000000000000000e+00
-5.196300000000420027e+01,0.000000000000000000e+00
-5.186300000000420596e+01,0.000000000000000000e+00
-5.176300000000421164e+01,0.000000000000000000e+00
-5.166300000000421733e+01,0.000000000000000000e+00
-5.156300000000422301e+01,0.000000000000000000e+00
-5.146300000000422870e+01,0.000000000000000000e+00
-5.136300000000423438e+01,0.000000000000000000e+00
-5.126300000000424006e+01,0.000000000000000000e+00
-5.116300000000424575e+01,0.000000000000000000e+00
-5.106300000000425143e+01,0.000000000000000000e+00
-5.096300000000425712e+01,0.000000000000000000e+00
-5.086300000000426280e+01,0.000000000000000000e+00
-5.076300000000426849e+01,0.000000000000000000e+00
-5.066300000000427417e+01,0.000000000000000000e+00
-5.056300000000427985e+01,0.000000000000000000e+00
-5.046300000000428554e+01,0.000000000000000000e+00
-5.036300000000429122e+01,0.000000000000000000e+00
-5.026300000000429691e+01,0.000000000000000000e+00
-5.016300000000430259e+01,0.000000000000000000e+00
-5.006300000000430828e+01,0.000000000000000000e+00
-4.996300000000431396e+01,0.000000000000000000e+00
-4.986300000000431965e+01,0.000000000000000000e+00
-4.976300000000432533e+01,0.000000000000000000e+00
-4.966300000000433101e+01,0.000000000000000000e+00
-4.956300000000433670e+01,0.000000000000000000e+00
-4.946300000000434238e+01,0.000000000000000000e+00
-4.936300000000434807e+01,2.693723623956335248e-03
-4.926300000000435375e+01,0.000000000000000000e+00
-4.916300000000435944e+01,0.000000000000000000e+00
-4.906300000000436512e+01,0.000000000000000000e+00
-4.896300000000437080e+01,0.000000000000000000e+00
-4.886300000000437649e+01,0.000000000000000000e+00
-4.876300000000438217e+01,0.000000000000000000e+00
-4.866300000000438786e+01,0.000000000000000000e+00
-4.856300000000439354e+01,0.000000000000000000e+00
-4.846300000000439923e+01,0.000000000000000000e+00
-4.836300000000440491e+01,0.000000000000000000e+00
-4.826300000000441059e+01,0.000000000000000000e+00
-4.816300000000441628e+01,0.000000000000000000e+00
-4.806300000000442196e+01,0.000000000000000000e+00
-4.796300000000442765e+01,0.000000000000000000e+00
-4.786300000000443333e+01,0.000000000000000000e+00
-4.776300000000443902e+01,0.000000000000000000e+00
-4.766300000000444470e+01,0.000000000000000000e+00
-4.756300000000445038e+01,0.000000000000000000e+00
-4.746300000000445607e+01,0.000000000000000000e+00
-4.736300000000446175e+01,0.000000000000000000e+00
-4.726300000000446744e+01,0.000000000000000000e+00
-4.716300000000447312e+01,8.979078746521117855e-04
-4.706300000000447881e+01,1.795815749304223571e-03
-4.696300000000448449e+01,0.000000000000000000e+00
-4.686300000000449018e+01,2.693723623956335248e-03
-4.676300000000449586e+01,0.000000000000000000e+00
-4.666300000000450154e+01,0.000000000000000000e+00
-4.656300000000450723e+01,0.000000000000000000e+00
-4.646300000000451291e+01,0.000000000000000000e+00
-4.636300000000451860e+01,1.795815749304223571e-03
-4.626300000000452428e+01,8.979078746521117855e-04
-4.616300000000452997e+01,3.591631498608447142e-03
-4.606300000000453565e+01,5.387447247912670496e-03
-4.596300000000454133e+01,4.489539373260558602e-03
-4.586300000000454702e+01,0.000000000000000000e+00
-4.576300000000455270e+01,0.000000000000000000e+00
-4.566300000000455839e+01,0.000000000000000000e+00
-4.556300000000456407e+01,8.979078746521117855e-04
-4.546300000000456976e+01,1.795815749304223571e-03
-4.536300000000457544e+01,0.000000000000000000e+00
-4.526300000000458112e+01,0.000000000000000000e+00
-4.516300000000458681e+01,0.000000000000000000e+00
-4.506300000000459249e+01,0.000000000000000000e+00
-4.496300000000459818e+01,0.000000000000000000e+00
-4.486300000000460386e+01,0.000000000000000000e+00
-4.476300000000460955e+01,0.000000000000000000e+00
-4.466300000000461523e+01,0.000000000000000000e+00
-4.456300000000462092e+01,0.000000000000000000e+00
-4.446300000000462660e+01,0.000000000000000000e+00
-4.436300000000463228e+01,0.000000000000000000e+00
-4.426300000000463797e+01,0.000000000000000000e+00
-4.416300000000464365e+01,0.000000000000000000e+00
-4.406300000000464934e+01,0.000000000000000000e+00
-4.396300000000465502e+01,0.000000000000000000e+00
-4.386300000000466071e+01,0.000000000000000000e+00
-4.376300000000466639e+01,0.000000000000000000e+00
-4.366300000000467207e+01,0.000000000000000000e+00
-4.356300000000467776e+01,0.000000000000000000e+00
-4.346300000000468344e+01,0.000000000000000000e+00
-4.336300000000468913e+01,0.000000000000000000e+00
-4.326300000000469481e+01,0.000000000000000000e+00
-4.316300000000470050e+01,0.000000000000000000e+00
-4.306300000000470618e+01,0.000000000000000000e+00
-4.296300000000471186e+01,0.000000000000000000e+00
-4.286300000000471755e+01,0.000000000000000000e+00
-4.276300000000472323e+01,0.000000000000000000e+00
-4.266300000000472892e+01,0.000000000000000000e+00
-4.256300000000473460e+01,0.000000000000000000e+00
-4.246300000000474029e+01,0.000000000000000000e+00
-4.236300000000474597e+01,0.000000000000000000e+00
-4.226300000000475166e+01,0.000000000000000000e+00
-4.216300000000475734e+01,0.000000000000000000e+00
-4.206300000000476302e+01,0.000000000000000000e+00
-4.196300000000476871e+01,0.000000000000000000e+00
-4.186300000000477439e+01,0.000000000000000000e+00
-4.176300000000478008e+01,0.000000000000000000e+00
-4.166300000000478576e+01,0.000000000000000000e+00
-4.156300000000479145e+01,0.000000000000000000e+00
-4.146300000000479713e+01,0.000000000000000000e+00
-4.136300000000480281e+01,0.000000000000000000e+00
-4.126300000000480850e+01,0.000000000000000000e+00
-4.116300000000481418e+01,0.000000000000000000e+00
-4.106300000000481987e+01,0.000000000000000000e+00
-4.096300000000482555e+01,0.000000000000000000e+00
-4.086300000000483124e+01,0.000000000000000000e+00
-4.076300000000483692e+01,0.000000000000000000e+00
-4.066300000000484260e+01,0.000000000000000000e+00
-4.056300000000484829e+01,0.000000000000000000e+00
-4.046300000000485397e+01,0.000000000000000000e+00
-4.036300000000485966e+01,0.000000000000000000e+00
-4.026300000000486534e+01,0.000000000000000000e+00
-4.016300000000487103e+01,0.000000000000000000e+00
-4.006300000000487671e+01,8.979078746521117855e-04
-3.996300000000488239e+01,0.000000000000000000e+00
-3.986300000000488808e+01,0.000000000000000000e+00
-3.976300000000489376e+01,0.000000000000000000e+00
-3.966300000000489945e+01,0.000000000000000000e+00
-3.956300000000490513e+01,0.000000000000000000e+00
-3.946300000000491082e+01,0.000000000000000000e+00
-3.936300000000491650e+01,0.000000000000000000e+00
-3.926300000000492219e+01,0.000000000000000000e+00
-3.916300000000492787e+01,0.000000000000000000e+00
-3.906300000000493355e+01,0.000000000000000000e+00
-3.896300000000493924e+01,0.000000000000000000e+00
-3.886300000000494492e+01,0.000000000000000000e+00
-3.876300000000495061e+01,0.000000000000000000e+00
-3.866300000000495629e+01,0.000000000000000000e+00
-3.856300000000496198e+01,0.000000000000000000e+00
-3.846300000000496766e+01,0.000000000000000000e+00
-3.836300000000497334e+01,0.000000000000000000e+00
-3.826300000000497903e+01,0.000000000000000000e+00
-3.816300000000498471e+01,0.000000000000000000e+00
-3.806300000000499040e+01,0.000000000000000000e+00
-3.796300000000499608e+01,0.000000000000000000e+00
-3.786300000000500177e+01,0.000000000000000000e+00
-3.776300000000500745e+01,8.979078746521117855e-04
-3.766300000000501313e+01,0.000000000000000000e+00
-3.756300000000501882e+01,8.979078746521117855e-04
-3.746300000000502450e+01,0.000000000000000000e+00
-3.736300000000503019e+01,0.000000000000000000e+00
-3.726300000000503587e+01,0.000000000000000000e+00
-3.716300000000504156e+01,0.000000000000000000e+00
-3.706300000000504724e+01,8.979078746521117855e-04
-3.696300000000505293e+01,0.000000000000000000e+00
-3.686300000000505861e+01,8.979078746521117855e-04
-3.676300000000506429e+01,1.795815749304223571e-03
-3.666300000000506998e+01,1.795815749304223571e-03
-3.656300000000507566e+01,0.000000000000000000e+00
-3.646300000000508135e+01,0.000000000000000000e+00
-3.636300000000508703e+01,0.000000000000000000e+00
-3.626300000000509272e+01,0.000000000000000000e+00
-3.616300000000509840e+01,8.979078746521117855e-04
-3.606300000000510408e+01,0.000000000000000000e+00
-3.596300000000510977e+01,0.000000000000000000e+00
-3.586300000000511545e+01,0.000000000000000000e+00
-3.576300000000512114e+01,0.000000000000000000e+00
-3.566300000000512682e+01,0.000000000000000000e+00
-3.556300000000513251e+01,0.000000000000000000e+00
-3.546300000000513819e+01,0.000000000000000000e+00
-3.536300000000514387e+01,0.000000000000000000e+00
-3.526300000000514956e+01,0.000000000000000000e+00
-3.516300000000515524e+01,0.000000000000000000e+00
-3.506300000000516093e+01,0.000000000000000000e+00
-3.496300000000516661e+01,0.000000000000000000e+00
-3.486300000000517230e+01,0.000000000000000000e+00
-3.476300000000517798e+01,0.000000000000000000e+00
-3.466300000000518367e+01,0.000000000000000000e+00
-3.456300000000518935e+01,0.000000000000000000e+00
-3.446300000000519503e+01,0.000000000000000000e+00
-3.436300000000520072e+01,0.000000000000000000e+00
-3.426300000000520640e+01,0.000000000000000000e+00
-3.416300000000521209e+01,0.000000000000000000e+00
-3.406300000000521777e+01,0.000000000000000000e+00
-3.396300000000522346e+01,0.000000000000000000e+00
-3.386300000000522914e+01,0.000000000000000000e+00
-3.376300000000523482e+01,0.000000000000000000e+00
-3.366300000000524051e+01,0.000000000000000000e+00
-3.356300000000524619e+01,0.000000000000000000e+00
-3.346300000000525188e+01,0.000000000000000000e+00
-3.336300000000525756e+01,0.000000000000000000e+00
-3.326300000000526325e+01,0.000000000000000000e+00
-3.316300000000526893e+01,0.000000000000000000e+00
-3.306300000000527461e+01,0.000000000000000000e+00
-3.296300000000528030e+01,0.000000000000000000e+00
-3.286300000000528598e+01,0.000000000000000000e+00
-3.276300000000529167e+01,0.000000000000000000e+00
-3.266300000000529735e+01,0.000000000000000000e+00
-3.256300000000530304e+01,0.000000000000000000e+00
-3.246300000000530872e+01,0.000000000000000000e+00
-3.236300000000531440e+01,0.000000000000000000e+00
-3.226300000000532009e+01,0.000000000000000000e+00
-3.216300000000532577e+01,0.000000000000000000e+00
-3.206300000000533146e+01,0.000000000000000000e+00
-3.196300000000533714e+01,0.000000000000000000e+00
-3.186300000000534283e+01,0.000000000000000000e+00
-3.176300000000534851e+01,0.000000000000000000e+00
-3.166300000000535420e+01,0.000000000000000000e+00
-3.156300000000535988e+01,0.000000000000000000e+00
-3.146300000000536556e+01,0.000000000000000000e+00
-3.136300000000537125e+01,0.000000000000000000e+00
-3.126300000000537693e+01,0.000000000000000000e+00
-3.116300000000538262e+01,0.000000000000000000e+00
-3.106300000000538830e+01,0.000000000000000000e+00
-3.096300000000539399e+01,0.000000000000000000e+00
-3.086300000000539967e+01,0.000000000000000000e+00
-3.076300000000540535e+01,0.000000000000000000e+00
-3.066300000000541104e+01,0.000000000000000000e+00
-3.056300000000541672e+01,0.000000000000000000e+00
-3.046300000000542241e+01,0.000000000000000000e+00
-3.036300000000542809e+01,0.000000000000000000e+00
-3.026300000000543378e+01,0.000000000000000000e+00
-3.016300000000543946e+01,0.000000000000000000e+00
-3.006300000000544514e+01,0.000000000000000000e+00
-2.996300000000545083e+01,0.000000000000000000e+00
-2.986300000000545651e+01,0.000000000000000000e+00
-2.976300000000546220e+01,0.000000000000000000e+00
-2.966300000000546788e+01,0.000000000000000000e+00
-2.956300000000547357e+01,0.000000000000000000e+00
-2.946300000000547925e+01,0.000000000000000000e+00
-2.936300000000548494e+01,0.000000000000000000e+00
-2.926300000000549062e+01,0.000000000000000000e+00
-2.916300000000549630e+01,0.000000000000000000e+00
-2.906300000000550199e+01,0.000000000000000000e+00
-2.896300000000550767e+01,0.000000000000000000e+00
-2.886300000000551336e+01,0.000000000000000000e+00
-2.876300000000551904e+01,0.000000000000000000e+00
-2.866300000000552473e+01,0.000000000000000000e+00
-2.856300000000553041e+01,0.000000000000000000e+00
-2.846300000000553609e+01,0.000000000000000000e+00
-2.836300000000554178e+01,0.000000000000000000e+00
-2.826300000000554746e+01,0.000000000000000000e+00
-2.816300000000555315e+01,0.000000000000000000e+00
-2.806300000000555883e+01,0.000000000000000000e+00
-2.796300000000556452e+01,0.000000000000000000e+00
-2.786300000000557020e+01,0.000000000000000000e+00
-2.776300000000557588e+01,0.000000000000000000e+00
-2.766300000000558157e+01,0.000000000000000000e+00
-2.756300000000558725e+01,0.000000000000000000e+00
-2.746300000000559294e+01,0.000000000000000000e+00
-2.736300000000559862e+01,0.000000000000000000e+00
-2.726300000000560431e+01,0.000000000000000000e+00
-2.716300000000560999e+01,0.000000000000000000e+00
-2.706300000000561568e+01,0.000000000000000000e+00
-2.696300000000562136e+01,0.000000000000000000e+00
-2.686300000000562704e+01,0.000000000000000000e+00
-2.676300000000563273e+01,0.000000000000000000e+00
-2.666300000000563841e+01,2.065188111699857096e-02
-2.656300000000564410e+01,5.118074885517037015e-02
-2.646300000000564978e+01,4.848702523121403707e-02
-2.636300000000565547e+01,2.693723623956335161e-02
-2.626300000000566115e+01,1.526443386908589959e-02
-2.616300000000566683e+01,2.154978899165068199e-02
-2.606300000000567252e+01,1.795815749304223441e-02
-2.596300000000567820e+01,5.387447247912670496e-03
-2.586300000000568389e+01,0.000000000000000000e+00
-2.576300000000568957e+01,0.000000000000000000e+00
-2.566300000000569526e+01,1.167280237047745202e-02
-2.556300000000570094e+01,7.183262997216894284e-03
-2.546300000000570662e+01,0.000000000000000000e+00
-2.536300000000571231e+01,0.000000000000000000e+00
-2.526300000000571799e+01,0.000000000000000000e+00
-2.516300000000572368e+01,0.000000000000000000e+00
-2.506300000000572936e+01,0.000000000000000000e+00
-2.496300000000573505e+01,0.000000000000000000e+00
-2.486300000000574073e+01,0.000000000000000000e+00
-2.476300000000574641e+01,0.000000000000000000e+00
-2.466300000000575210e+01,0.000000000000000000e+00
-2.456300000000575778e+01,0.000000000000000000e+00
-2.446300000000576347e+01,0.000000000000000000e+00
-2.436300000000576915e+01,0.000000000000000000e+00
-2.426300000000577484e+01,0.000000000000000000e+00
-2.416300000000578052e+01,0.000000000000000000e+00
-2.406300000000578621e+01,0.000000000000000000e+00
-2.396300000000579189e+01,0.000000000000000000e+00
-2.386300000000579757e+01,0.000000000000000000e+00
-2.376300000000580326e+01,0.000000000000000000e+00
-2.366300000000580894e+01,0.000000000000000000e+00
-2.356300000000581463e+01,0.000000000000000000e+00
-2.346300000000582031e+01,0.000000000000000000e+00
-2.336300000000582600e+01,0.000000000000000000e+00
-2.326300000000583168e+01,0.000000000000000000e+00
-2.316300000000583736e+01,0.000000000000000000e+00
-2.306300000000584305e+01,0.000000000000000000e+00
-2.296300000000584873e+01,0.000000000000000000e+00
-2.286300000000585442e+01,0.000000000000000000e+00
-2.276300000000586010e+01,0.000000000000000000e+00
-2.266300000000586579e+01,0.000000000000000000e+00
-2.256300000000587147e+01,0.000000000000000000e+00
-2.246300000000587715e+01,0.000000000000000000e+00
-2.236300000000588284e+01,0.000000000000000000e+00
-2.226300000000588852e+01,0.000000000000000000e+00
-2.216300000000589421e+01,0.000000000000000000e+00
-2.206300000000589989e+01,2.693723623956335248e-03
-2.196300000000590558e+01,1.346861811978167581e-02
-2.186300000000591126e+01,1.795815749304223441e-02
-2.176300000000591695e+01,1.257071024512956478e-02
-2.166300000000592263e+01,5.387447247912670496e-03
-2.156300000000592831e+01,7.183262997216894284e-03
-2.146300000000593400e+01,6.285355122564782390e-03
-2.136300000000593968e+01,3.591631498608447142e-03
-2.126300000000594537e+01,0.000000000000000000e+00
-2.116300000000595105e+01,0.000000000000000000e+00
-2.106300000000595674e+01,1.795815749304223571e-03
-2.096300000000596242e+01,4.489539373260558602e-03
-2.086300000000596810e+01,0.000000000000000000e+00
-2.076300000000597379e+01,0.000000000000000000e+00
-2.066300000000597947e+01,0.000000000000000000e+00
-2.056300000000598516e+01,0.000000000000000000e+00
-2.046300000000599084e+01,0.000000000000000000e+00
-2.036300000000599653e+01,0.000000000000000000e+00
-2.026300000000600221e+01,0.000000000000000000e+00
-2.016300000000600789e+01,0.000000000000000000e+00
-2.006300000000601358e+01,0.000000000000000000e+00
-1.996300000000601926e+01,0.000000000000000000e+00
-1.986300000000602495e+01,0.000000000000000000e+00
-1.976300000000603063e+01,0.000000000000000000e+00
-1.966300000000603632e+01,0.000000000000000000e+00
-1.956300000000604200e+01,0.000000000000000000e+00
-1.946300000000604769e+01,0.000000000000000000e+00
-1.936300000000605337e+01,0.000000000000000000e+00
-1.926300000000605905e+01,0.000000000000000000e+00
-1.916300000000606474e+01,0.000000000000000000e+00
-1.906300000000607042e+01,0.000000000000000000e+00
-1.896300000000607611e+01,0.000000000000000000e+00
-1.886300000000608179e+01,0.000000000000000000e+00
-1.876300000000608748e+01,0.000000000000000000e+00
-1.866300000000609316e+01,0.000000000000000000e+00
-1.856300000000609884e+01,0.000000000000000000e+00
-1.846300000000610453e+01,0.000000000000000000e+00
-1.836300000000611021e+01,0.000000000000000000e+00
-1.826300000000611590e+01,0.000000000000000000e+00
-1.816300000000612158e+01,0.000000000000000000e+00
-1.806300000000612727e+01,0.000000000000000000e+00
-1.796300000000613295e+01,0.000000000000000000e+00
-1.786300000000613863e+01,0.000000000000000000e+00
-1.776300000000614432e+01,0.000000000000000000e+00
-1.766300000000615000e+01,0.000000000000000000e+00
-1.756300000000615569e+01,0.000000000000000000e+00
-1.746300000000616137e+01,0.000000000000000000e+00
-1.736300000000616706e+01,0.000000000000000000e+00
-1.726300000000617274e+01,0.000000000000000000e+00
-1.716300000000617842e+01,0.000000000000000000e+00
-1.706300000000618411e+01,0.000000000000000000e+00
-1.696300000000618979e+01,0.000000000000000000e+00
-1.686300000000619548e+01,0.000000000000000000e+00
-1.676300000000620116e+01,0.000000000000000000e+00
-1.666300000000620685e+01,0.000000000000000000e+00
-1.656300000000621253e+01,0.000000000000000000e+00
-1.646300000000621822e+01,0.000000000000000000e+00
-1.636300000000622390e+01,0.000000000000000000e+00
-1.626300000000622958e+01,0.000000000000000000e+00
-1.616300000000623527e+01,0.000000000000000000e+00
-1.606300000000624095e+01,0.000000000000000000e+00
-1.596300000000624664e+01,0.000000000000000000e+00
-1.586300000000625232e+01,2.065188111699857096e-02
-1.576300000000625801e+01,3.412049923678024677e-02
-1.566300000000626369e+01,1.795815749304223571e-03
-1.556300000000626937e+01,0.000000000000000000e+00
-1.546300000000627506e+01,0.000000000000000000e+00
-1.536300000000628074e+01,0.000000000000000000e+00
-1.526300000000628643e+01,0.000000000000000000e+00
-1.516300000000629211e+01,0.000000000000000000e+00
-1.506300000000629780e+01,0.000000000000000000e+00
-1.496300000000630348e+01,0.000000000000000000e+00
-1.486300000000630916e+01,0.000000000000000000e+00
-1.476300000000631485e+01,0.000000000000000000e+00
-1.466300000000632053e+01,0.000000000000000000e+00
-1.456300000000632622e+01,0.000000000000000000e+00
-1.446300000000633190e+01,0.000000000000000000e+00
-1.436300000000633759e+01,0.000000000000000000e+00
-1.426300000000634327e+01,0.000000000000000000e+00
-1.416300000000634896e+01,0.000000000000000000e+00
-1.406300000000635464e+01,0.000000000000000000e+00
-1.396300000000636032e+01,0.000000000000000000e+00
-1.386300000000636601e+01,0.000000000000000000e+00
-1.376300000000637169e+01,0.000000000000000000e+00
-1.366300000000637738e+01,0.000000000000000000e+00
-1.356300000000638306e+01,0.000000000000000000e+00
-1.346300000000638875e+01,0.000000000000000000e+00
-1.336300000000639443e+01,0.000000000000000000e+00
-1.326300000000640011e+01,0.000000000000000000e+00
-1.316300000000640580e+01,0.000000000000000000e+00
-1.306300000000641148e+01,0.000000000000000000e+00
-1.296300000000641717e+01,0.000000000000000000e+00
-1.286300000000642285e+01,0.000000000000000000e+00
-1.276300000000642854e+01,0.000000000000000000e+00
-1.266300000000643422e+01,0.000000000000000000e+00
-1.256300000000643990e+01,0.000000000000000000e+00
-1.246300000000644559e+01,0.000000000000000000e+00
-1.236300000000645127e+01,0.000000000000000000e+00
-1.226300000000645696e+01,0.000000000000000000e+00
-1.216300000000646264e+01,0.000000000000000000e+00
-1.206300000000646833e+01,0.000000000000000000e+00
-1.196300000000647401e+01,0.000000000000000000e+00
-1.186300000000647970e+01,0.000000000000000000e+00
-1.176300000000648538e+01,0.000000000000000000e+00
-1.166300000000649106e+01,0.000000000000000000e+00
-1.156300000000649675e+01,0.000000000000000000e+00
-1.146300000000650243e+01,0.000000000000000000e+00
-1.136300000000650812e+01,0.000000000000000000e+00
-1.126300000000651380e+01,1.795815749304223571e-03
-1.116300000000651949e+01,1.167280237047745202e-02
-1.106300000000652517e+01,5.387447247912670496e-03
-1.096300000000653085e+01,0.000000000000000000e+00
-1.086300000000653654e+01,0.000000000000000000e+00
-1.076300000000654222e+01,0.000000000000000000e+00
-1.066300000000654791e+01,0.000000000000000000e+00
-1.056300000000655359e+01,0.000000000000000000e+00
-1.046300000000655928e+01,0.000000000000000000e+00
-1.036300000000656496e+01,0.000000000000000000e+00
-1.026300000000657064e+01,0.000000000000000000e+00
-1.016300000000657633e+01,0.000000000000000000e+00
-1.006300000000658201e+01,0.000000000000000000e+00
-9.963000000006587697e+00,0.000000000000000000e+00
-9.863000000006593382e+00,3.591631498608447142e-03
-9.763000000006599066e+00,9.876986621173229966e-03
-9.663000000006604751e+00,1.167280237047745202e-02
-9.563000000006610435e+00,1.706024961839012338e-02
-9.463000000006616119e+00,1.885606536769434544e-02
-9.363000000006621804e+00,2.065188111699857096e-02
-9.263000000006627488e+00,2.244769686630279301e-02
-9.163000000006633172e+00,1.616234174373801236e-02
-9.063000000006638857e+00,1.346861811978167581e-02
-8.963000000006644541e+00,5.387447247912670496e-03
-8.863000000006650225e+00,7.183262997216894284e-03
-8.763000000006655910e+00,5.387447247912670496e-03
-8.663000000006661594e+00,2.693723623956335248e-03
-8.563000000006667278e+00,1.795815749304223571e-03
-8.463000000006672963e+00,1.795815749304223571e-03
-8.363000000006678647e+00,1.795815749304223571e-03
-8.263000000006684331e+00,1.795815749304223571e-03
-8.163000000006690016e+00,0.000000000000000000e+00
-8.063000000006695700e+00,0.000000000000000000e+00
-7.963000000006701384e+00,0.000000000000000000e+00
-7.863000000006707069e+00,2.693723623956335248e-03
-7.763000000006712753e+00,2.693723623956335248e-03
-7.663000000006718437e+00,1.795815749304223571e-03
-7.563000000006724122e+00,4.489539373260558602e-03
-7.463000000006729806e+00,7.183262997216894284e-03
-7.363000000006735490e+00,3.591631498608447142e-03
-7.263000000006741175e+00,1.795815749304223571e-03
-7.163000000006746859e+00,1.795815749304223571e-03
-7.063000000006752543e+00,1.795815749304223571e-03
-6.963000000006758228e+00,1.795815749304223571e-03
-6.863000000006763912e+00,8.979078746521117855e-04
-6.763000000006769596e+00,0.000000000000000000e+00
-6.663000000006775281e+00,0.000000000000000000e+00
-6.563000000006780965e+00,9.876986621173229966e-03
-6.463000000006786649e+00,9.876986621173229966e-03
-6.363000000006792334e+00,8.979078746521117855e-04
-6.263000000006798018e+00,0.000000000000000000e+00
-6.163000000006803702e+00,0.000000000000000000e+00
-6.063000000006809387e+00,0.000000000000000000e+00
-5.963000000006815071e+00,0.000000000000000000e+00
-5.863000000006820756e+00,0.000000000000000000e+00
-5.763000000006826440e+00,0.000000000000000000e+00
-5.663000000006832124e+00,0.000000000000000000e+00
-5.563000000006837809e+00,0.000000000000000000e+00
-5.463000000006843493e+00,0.000000000000000000e+00
-5.363000000006849177e+00,0.000000000000000000e+00
-5.263000000006854862e+00,0.000000000000000000e+00
-5.163000000006860546e+00,0.000000000000000000e+00
-5.063000000006866230e+00,0.000000000000000000e+00
-4.963000000006871915e+00,0.000000000000000000e+00
-4.863000000006877599e+00,0.000000000000000000e+00
-4.763000000006883283e+00,0.000000000000000000e+00
-4.663000000006888968e+00,0.000000000000000000e+00
-4.563000000006894652e+00,0.000000000000000000e+00
-4.463000000006900336e+00,0.000000000000000000e+00
-4.363000000006906021e+00,0.000000000000000000e+00
-4.263000000006911705e+00,0.000000000000000000e+00
-4.163000000006917389e+00,0.000000000000000000e+00
-4.063000000006923074e+00,0.000000000000000000e+00
-3.963000000006928758e+00,0.000000000000000000e+00
-3.863000000006934442e+00,0.000000000000000000e+00
-3.763000000006940127e+00,0.000000000000000000e+00
-3.663000000006945811e+00,0.000000000000000000e+00
-3.563000000006951495e+00,0.000000000000000000e+00
-3.463000000006957180e+00,0.000000000000000000e+00
-3.363000000006962864e+00,0.000000000000000000e+00
-3.263000000006968548e+00,0.000000000000000000e+00
-3.163000000006974233e+00,0.000000000000000000e+00
-3.063000000006979917e+00,0.000000000000000000e+00
-2.963000000006985601e+00,0.000000000000000000e+00
-2.863000000006991286e+00,0.000000000000000000e+00
-2.763000000006996970e+00,0.000000000000000000e+00
-2.663000000007002654e+00,0.000000000000000000e+00
-2.563000000007008339e+00,0.000000000000000000e+00
-2.463000000007014023e+00,0.000000000000000000e+00
-2.363000000007019707e+00,0.000000000000000000e+00
-2.263000000007025392e+00,0.000000000000000000e+00
-2.163000000007031076e+00,0.000000000000000000e+00
-2.063000000007036761e+00,0.000000000000000000e+00
-1.963000000007042445e+00,0.000000000000000000e+00
-1.863000000007048129e+00,4.489539373260558602e-03
-1.763000000007053814e+00,1.795815749304223571e-03
-1.663000000007059498e+00,0.000000000000000000e+00
-1.563000000007065182e+00,0.000000000000000000e+00
-1.463000000007070867e+00,0.000000000000000000e+00
-1.363000000007076551e+00,0.000000000000000000e+00
-1.263000000007082235e+00,0.000000000000000000e+00
-1.163000000007087920e+00,1.795815749304223571e-03
-1.063000000007093604e+00,2.693723623956335248e-03
-9.630000000070992883e-01,1.795815749304223571e-03
-8.630000000071049726e-01,2.693723623956335248e-03
-7.630000000071106570e-01,2.693723623956335248e-03
-6.630000000071163413e-01,2.693723623956335248e-03
-5.630000000071220256e-01,2.693723623956335248e-03
-4.630000000071277100e-01,8.979078746521117855e-04
-3.630000000071333943e-01,8.979078746521117855e-04
-2.630000000071390787e-01,2.693723623956335248e-03
-1.630000000071447630e-01,4.489539373260558602e-03
-6.300000000715044735e-02,1.795815749304223571e-03
3.699999999284386831e-02,0.000000000000000000e+00
1.369999999928381840e-01,2.693723623956335248e-03
2.369999999928324996e-01,8.979078746521117855e-04
3.369999999928268153e-01,0.000000000000000000e+00
4.369999999928211309e-01,0.000000000000000000e+00
5.369999999928154466e-01,0.000000000000000000e+00
6.369999999928097623e-01,0.000000000000000000e+00
7.369999999928040779e-01,8.979078746521117855e-04
8.369999999927983936e-01,0.000000000000000000e+00
9.369999999927927092e-01,3.591631498608447142e-03
1.036999999992787025e+00,6.285355122564782390e-03
1.136999999992781341e+00,5.387447247912670496e-03
1.236999999992775656e+00,6.285355122564782390e-03
1.336999999992769972e+00,8.081170871869006178e-03
1.436999999992764288e+00,3.591631498608447142e-03
1.536999999992758603e+00,7.183262997216894284e-03
1.636999999992752919e+00,0.000000000000000000e+00
1.736999999992747235e+00,0.000000000000000000e+00
1.836999999992741550e+00,0.000000000000000000e+00
1.936999999992735866e+00,0.000000000000000000e+00
2.036999999992730181e+00,0.000000000000000000e+00
2.136999999992724497e+00,0.000000000000000000e+00
2.236999999992718813e+00,0.000000000000000000e+00
2.336999999992713128e+00,0.000000000000000000e+00
2.436999999992707444e+00,0.000000000000000000e+00
2.536999999992701760e+00,0.000000000000000000e+00
2.636999999992696075e+00,0.000000000000000000e+00
2.736999999992690391e+00,0.000000000000000000e+00
2.836999999992684707e+00,8.979078746521117855e-04
2.936999999992679022e+00,1.795815749304223571e-03
3.036999999992673338e+00,0.000000000000000000e+00
3.136999999992667654e+00,0.000000000000000000e+00
3.236999999992661969e+00,5.387447247912670496e-03
3.336999999992656285e+00,0.000000000000000000e+00
3.436999999992650601e+00,0.000000000000000000e+00
3.536999999992644916e+00,0.000000000000000000e+00
3.636999999992639232e+00,0.000000000000000000e+00
3.736999999992633548e+00,0.000000000000000000e+00
3.836999999992627863e+00,0.000000000000000000e+00
3.936999999992622179e+00,0.000000000000000000e+00
4.036999999992616495e+00,0.000000000000000000e+00
4.136999999992610810e+00,0.000000000000000000e+00
4.236999999992605126e+00,0.000000000000000000e+00
4.336999999992599442e+00,0.000000000000000000e+00
4.436999999992593757e+00,0.000000000000000000e+00
4.536999999992588073e+00,0.000000000000000000e+00
4.636999999992582389e+00,0.000000000000000000e+00
4.736999999992576704e+00,0.000000000000000000e+00
4.836999999992571020e+00,0.000000000000000000e+00
4.936999999992565336e+00,0.000000000000000000e+00
5.036999999992559651e+00,0.000000000000000000e+00
5.136999999992553967e+00,0.000000000000000000e+00
5.236999999992548283e+00,0.000000000000000000e+00
5.336999999992542598e+00,0.000000000000000000e+00
5.436999999992536914e+00,0.000000000000000000e+00
5.536999999992531230e+00,0.000000000000000000e+00
5.636999999992525545e+00,0.000000000000000000e+00
5.736999999992519861e+00,0.000000000000000000e+00
5.836999999992514176e+00,0.000000000000000000e+00
5.936999999992508492e+00,0.000000000000000000e+00
6.036999999992502808e+00,0.000000000000000000e+00
6.136999999992497123e+00,0.000000000000000000e+00
6.236999999992491439e+00,0.000000000000000000e+00
6.336999999992485755e+00,0.000000000000000000e+00
6.436999999992480070e+00,0.000000000000000000e+00
6.536999999992474386e+00,0.000000000000000000e+00
6.636999999992468702e+00,0.000000000000000000e+00
6.736999999992463017e+00,0.000000000000000000e+00
6.836999999992457333e+00,0.000000000000000000e+00
6.936999999992451649e+00,0.000000000000000000e+00
7.036999999992445964e+00,0.000000000000000000e+00
7.136999999992440280e+00,0.000000000000000000e+00
7.236999999992434596e+00,0.000000000000000000e+00
7.336999999992428911e+00,0.000000000000000000e+00
7.436999999992423227e+00,0.000000000000000000e+00
7.536999999992417543e+00,0.000000000000000000e+00
7.636999999992411858e+00,0.000000000000000000e+00
7.736999999992406174e+00,0.000000000000000000e+00
7.836999999992400490e+00,0.000000000000000000e+00
7.936999999992394805e+00,0.000000000000000000e+00
8.036999999992389121e+00,0.000000000000000000e+00
8.136999999992383437e+00,0.000000000000000000e+00
8.236999999992377752e+00,0.000000000000000000e+00
8.336999999992372068e+00,0.000000000000000000e+00
8.436999999992366384e+00,0.000000000000000000e+00
8.536999999992360699e+00,0.000000000000000000e+00
8.636999999992355015e+00,0.000000000000000000e+00
8.736999999992349331e+00,0.000000000000000000e+00
8.836999999992343646e+00,0.000000000000000000e+00
8.936999999992337962e+00,0.000000000000000000e+00
9.036999999992332278e+00,0.000000000000000000e+00
9.136999999992326593e+00,0.000000000000000000e+00
9.236999999992320909e+00,0.000000000000000000e+00
9.336999999992315225e+00,0.000000000000000000e+00
9.436999999992309540e+00,0.000000000000000000e+00
9.536999999992303856e+00,0.000000000000000000e+00
9.636999999992298171e+00,1.795815749304223571e-03
9.736999999992292487e+00,8.979078746521117855e-04
9.836999999992286803e+00,0.000000000000000000e+00
9.936999999992281118e+00,8.979078746521117855e-04
1.003699999999227543e+01,1.795815749304223571e-03
1.013699999999226975e+01,0.000000000000000000e+00
1.023699999999226407e+01,1.795815749304223571e-03
1.033699999999225838e+01,8.979078746521117855e-04
1.043699999999225270e+01,1.795815749304223571e-03
1.053699999999224701e+01,4.489539373260558602e-03
1.063699999999224133e+01,3.591631498608447142e-03
1.073699999999223564e+01,8.979078746521117855e-04
1.083699999999222996e+01,2.693723623956335248e-03
1.093699999999222428e+01,0.000000000000000000e+00
1.103699999999221859e+01,0.000000000000000000e+00
1.113699999999221291e+01,0.000000000000000000e+00
1.123699999999220722e+01,0.000000000000000000e+00
1.133699999999220154e+01,0.000000000000000000e+00
1.143699999999219585e+01,0.000000000000000000e+00
1.153699999999219017e+01,0.000000000000000000e+00
1.163699999999218448e+01,0.000000000000000000e+00
1.173699999999217880e+01,0.000000000000000000e+00
1.183699999999217312e+01,0.000000000000000000e+00
1.193699999999216743e+01,0.000000000000000000e+00
1.203699999999216175e+01,0.000000000000000000e+00
1.213699999999215606e+01,0.000000000000000000e+00
1.223699999999215038e+01,8.979078746521117855e-04
1.233699999999214469e+01,0.000000000000000000e+00
1.243699999999213901e+01,0.000000000000000000e+00
1.253699999999213333e+01,1.795815749304223571e-03
1.263699999999212764e+01,0.000000000000000000e+00
1.273699999999212196e+01,0.000000000000000000e+00
1.283699999999211627e+01,0.000000000000000000e+00
1.293699999999211059e+01,0.000000000000000000e+00
1.303699999999210490e+01,0.000000000000000000e+00
1.313699999999209922e+01,0.000000000000000000e+00
1.323699999999209354e+01,0.000000000000000000e+00
1.333699999999208785e+01,0.000000000000000000e+00
1.343699999999208217e+01,0.000000000000000000e+00
1.353699999999207648e+01,0.000000000000000000e+00
1.363699999999207080e+01,0.000000000000000000e+00
1.373699999999206511e+01,0.000000000000000000e+00
1.383699999999205943e+01,0.000000000000000000e+00
1.393699999999205374e+01,0.000000000000000000e+00
1.403699999999204806e+01,0.000000000000000000e+00
1.413699999999204238e+01,0.000000000000000000e+00
1.423699999999203669e+01,0.000000000000000000e+00
1.433699999999203101e+01,0.000000000000000000e+00
1.443699999999202532e+01,0.000000000000000000e+00
1.453699999999201964e+01,0.000000000000000000e+00
1.463699999999201395e+01,0.000000000000000000e+00
1.473699999999200827e+01,0.000000000000000000e+00
1.483699999999200259e+01,0.000000000000000000e+00
1.493699999999199690e+01,0.000000000000000000e+00
1.503699999999199122e+01,0.000000000000000000e+00
1.513699999999198553e+01,0.000000000000000000e+00
1.523699999999197985e+01,0.000000000000000000e+00
1.533699999999197416e+01,0.000000000000000000e+00
1.543699999999196848e+01,0.000000000000000000e+00
1.553699999999196280e+01,0.000000000000000000e+00
1.563699999999195711e+01,0.000000000000000000e+00
1.573699999999195143e+01,0.000000000000000000e+00
1.583699999999194574e+01,0.000000000000000000e+00
1.593699999999194006e+01,0.000000000000000000e+00
1.603699999999193437e+01,0.000000000000000000e+00
1.613699999999192869e+01,0.000000000000000000e+00
1.623699999999192300e+01,0.000000000000000000e+00
1.633699999999191732e+01,0.000000000000000000e+00
1.643699999999191164e+01,0.000000000000000000e+00
1.653699999999190595e+01,0.000000000000000000e+00
1.663699999999190027e+01,0.000000000000000000e+00
1.673699999999189458e+01,0.000000000000000000e+00
1.683699999999188890e+01,0.000000000000000000e+00
1.693699999999188321e+01,0.000000000000000000e+00
1.703699999999187753e+01,0.000000000000000000e+00
1.713699999999187185e+01,0.000000000000000000e+00
1.723699999999186616e+01,0.000000000000000000e+00
1.733699999999186048e+01,0.000000000000000000e+00
1.743699999999185479e+01,0.000000000000000000e+00
1.753699999999184911e+01,0.000000000000000000e+00
1.763699999999184342e+01,0.000000000000000000e+00
1.773699999999183774e+01,0.000000000000000000e+00
1.783699999999183206e+01,0.000000000000000000e+00
1.793699999999182637e+01,0.000000000000000000e+00
1.803699999999182069e+01,0.000000000000000000e+00
1.813699999999181500e+01,0.000000000000000000e+00
1.823699999999180932e+01,0.000000000000000000e+00
1.833699999999180363e+01,0.000000000000000000e+00
1.843699999999179795e+01,0.000000000000000000e+00
1.853699999999179227e+01,0.000000000000000000e+00
1.863699999999178658e+01,0.000000000000000000e+00
1.873699999999178090e+01,0.000000000000000000e+00
1.883699999999177521e+01,0.000000000000000000e+00
1.893699999999176953e+01,8.979078746521117855e-04
1.903699999999176384e+01,0.000000000000000000e+00
1.913699999999175816e+01,0.000000000000000000e+00
1.923699999999175247e+01,0.000000000000000000e+00
1.933699999999174679e+01,8.979078746521117855e-04
1.943699999999174111e+01,0.000000000000000000e+00
1.953699999999173542e+01,0.000000000000000000e+00
1.963699999999172974e+01,0.000000000000000000e+00
1.973699999999172405e+01,0.000000000000000000e+00
1.983699999999171837e+01,8.979078746521117855e-04
1.993699999999171268e+01,0.000000000000000000e+00
2.003699999999170700e+01,0.000000000000000000e+00
2.013699999999170132e+01,0.000000000000000000e+00
2.023699999999169563e+01,0.000000000000000000e+00
2.033699999999168995e+01,0.000000000000000000e+00
2.043699999999168426e+01,0.000000000000000000e+00
2.053699999999167858e+01,0.000000000000000000e+00
2.063699999999167289e+01,0.000000000000000000e+00
2.073699999999166721e+01,0.000000000000000000e+00
2.083699999999166153e+01,0.000000000000000000e+00
2.093699999999165584e+01,0.000000000000000000e+00
2.103699999999165016e+01,0.000000000000000000e+00
2.113699999999164447e+01,0.000000000000000000e+00
2.123699999999163879e+01,0.000000000000000000e+00
2.133699999999163310e+01,0.000000000000000000e+00
2.143699999999162742e+01,0.000000000000000000e+00
2.153699999999162173e+01,0.000000000000000000e+00
2.163699999999161605e+01,0.000000000000000000e+00
2.173699999999161037e+01,0.000000000000000000e+00
2.183699999999160468e+01,0.000000000000000000e+00
2.193699999999159900e+01,0.000000000000000000e+00
2.203699999999159331e+01,0.000000000000000000e+00
2.213699999999158763e+01,0.000000000000000000e+00
2.223699999999158194e+01,0.000000000000000000e+00
2.233699999999157626e+01,0.000000000000000000e+00
2.243699999999157058e+01,0.000000000000000000e+00
2.253699999999156489e+01,0.000000000000000000e+00
2.263699999999155921e+01,0.000000000000000000e+00
2.273699999999155352e+01,0.000000000000000000e+00
2.283699999999154784e+01,0.000000000000000000e+00
2.293699999999154215e+01,0.000000000000000000e+00
2.303699999999153647e+01,0.000000000000000000e+00
2.313699999999153079e+01,0.000000000000000000e+00
2.323699999999152510e+01,0.000000000000000000e+00
2.333699999999151942e+01,0.000000000000000000e+00
2.343699999999151373e+01,0.000000000000000000e+00
2.353699999999150805e+01,0.000000000000000000e+00
2.363699999999150236e+01,0.000000000000000000e+00
2.373699999999149668e+01,0.000000000000000000e+00
2.383699999999149099e+01,0.000000000000000000e+00
2.393699999999148531e+01,0.000000000000000000e+00
2.403699999999147963e+01,0.000000000000000000e+00
2.413699999999147394e+01,0.000000000000000000e+00
2.423699999999146826e+01,0.000000000000000000e+00
2.433699999999146257e+01,0.000000000000000000e+00
2.443699999999145689e+01,0.000000000000000000e+00
2.453699999999145120e+01,0.000000000000000000e+00
2.463699999999144552e+01,0.000000000000000000e+00
2.473699999999143984e+01,0.000000000000000000e+00
2.483699999999143415e+01,0.000000000000000000e+00
2.493699999999142847e+01,0.000000000000000000e+00
2.503699999999142278e+01,0.000000000000000000e+00
2.513699999999141710e+01,0.000000000000000000e+00
2.523699999999141141e+01,0.000000000000000000e+00
2.533699999999140573e+01,0.000000000000000000e+00
2.543699999999140005e+01,0.000000000000000000e+00
2.553699999999139436e+01,0.000000000000000000e+00
2.563699999999138868e+01,0.000000000000000000e+00
2.573699999999138299e+01,0.000000000000000000e+00
2.583699999999137731e+01,0.000000000000000000e+00
2.593699999999137162e+01,0.000000000000000000e+00
2.603699999999136594e+01,0.000000000000000000e+00
2.613699999999136026e+01,0.000000000000000000e+00
2.623699999999135457e+01,0.000000000000000000e+00
2.633699999999134889e+01,0.000000000000000000e+00
2.643699999999134320e+01,0.000000000000000000e+00
2.653699999999133752e+01,0.000000000000000000e+00
2.663699999999133183e+01,0.000000000000000000e+00
2.673699999999132615e+01,0.000000000000000000e+00
2.683699999999132046e+01,0.000000000000000000e+00
2.693699999999131478e+01,0.000000000000000000e+00
2.703699999999130910e+01,0.000000000000000000e+00
2.713699999999130341e+01,0.000000000000000000e+00
2.723699999999129773e+01,0.000000000000000000e+00
2.733699999999129204e+01,0.000000000000000000e+00
2.743699999999128636e+01,0.000000000000000000e+00
2.753699999999128067e+01,0.000000000000000000e+00
2.763699999999127499e+01,0.000000000000000000e+00
2.773699999999126931e+01,0.000000000000000000e+00
2.783699999999126362e+01,0.000000000000000000e+00
2.793699999999125794e+01,0.000000000000000000e+00
2.803699999999125225e+01,0.000000000000000000e+00
2.813699999999124657e+01,0.000000000000000000e+00
2.823699999999124088e+01,0.000000000000000000e+00
2.833699999999123520e+01,0.000000000000000000e+00
2.843699999999122952e+01,0.000000000000000000e+00
2.853699999999122383e+01,0.000000000000000000e+00
2.863699999999121815e+01,0.000000000000000000e+00
2.873699999999121246e+01,0.000000000000000000e+00
2.883699999999120678e+01,0.000000000000000000e+00
2.893699999999120109e+01,0.000000000000000000e+00
2.903699999999119541e+01,0.000000000000000000e+00
2.913699999999118972e+01,0.000000000000000000e+00
2.923699999999118404e+01,0.000000000000000000e+00
2.933699999999117836e+01,0.000000000000000000e+00
2.943699999999117267e+01,0.000000000000000000e+00
2.953699999999116699e+01,0.000000000000000000e+00
2.963699999999116130e+01,0.000000000000000000e+00
2.973699999999115562e+01,0.000000000000000000e+00
2.983699999999114993e+01,0.000000000000000000e+00
2.993699999999114425e+01,0.000000000000000000e+00
3.003699999999113857e+01,0.000000000000000000e+00
3.013699999999113288e+01,0.000000000000000000e+00
3.023699999999112720e+01,0.000000000000000000e+00
3.033699999999112151e+01,0.000000000000000000e+00
3.043699999999111583e+01,0.000000000000000000e+00
3.053699999999111014e+01,0.000000000000000000e+00
3.063699999999110446e+01,0.000000000000000000e+00
3.073699999999109878e+01,0.000000000000000000e+00
3.083699999999109309e+01,0.000000000000000000e+00
3.093699999999108741e+01,0.000000000000000000e+00
3.103699999999108172e+01,0.000000000000000000e+00
3.113699999999107604e+01,0.000000000000000000e+00
3.123699999999107035e+01,0.000000000000000000e+00
3.133699999999106467e+01,0.000000000000000000e+00
3.143699999999105898e+01,0.000000000000000000e+00
3.153699999999105330e+01,0.000000000000000000e+00
3.163699999999104762e+01,0.000000000000000000e+00
3.173699999999104193e+01,0.000000000000000000e+00
3.183699999999103625e+01,0.000000000000000000e+00
3.193699999999103056e+01,0.000000000000000000e+00
3.203699999999102488e+01,0.000000000000000000e+00
3.213699999999101919e+01,0.000000000000000000e+00
3.223699999999101351e+01,0.000000000000000000e+00
3.233699999999100783e+01,0.000000000000000000e+00
3.243699999999100214e+01,0.000000000000000000e+00
3.253699999999099646e+01,0.000000000000000000e+00
3.263699999999099077e+01,0.000000000000000000e+00
3.273699999999098509e+01,0.000000000000000000e+00
3.283699999999097940e+01,0.000000000000000000e+00
3.293699999999097372e+01,0.000000000000000000e+00
3.303699999999096804e+01,0.000000000000000000e+00
3.313699999999096235e+01,0.000000000000000000e+00
3.323699999999095667e+01,0.000000000000000000e+00
3.333699999999095098e+01,0.000000000000000000e+00
3.343699999999094530e+01,0.000000000000000000e+00
3.353699999999093961e+01,0.000000000000000000e+00
3.363699999999093393e+01,0.000000000000000000e+00
3.373699999999092825e+01,0.000000000000000000e+00
3.383699999999092256e+01,0.000000000000000000e+00
3.393699999999091688e+01,0.000000000000000000e+00
3.403699999999091119e+01,0.000000000000000000e+00
3.413699999999090551e+01,0.000000000000000000e+00
3.423699999999089982e+01,0.000000000000000000e+00
3.433699999999089414e+01,0.000000000000000000e+00
3.443699999999088845e+01,0.000000000000000000e+00
3.453699999999088277e+01,0.000000000000000000e+00
3.463699999999087709e+01,0.000000000000000000e+00
3.473699999999087140e+01,0.000000000000000000e+00
3.483699999999086572e+01,0.000000000000000000e+00
3.493699999999086003e+01,0.000000000000000000e+00
3.503699999999085435e+01,0.000000000000000000e+00
3.513699999999084866e+01,0.000000000000000000e+00
3.523699999999084298e+01,0.000000000000000000e+00
3.533699999999083730e+01,0.000000000000000000e+00
3.543699999999083161e+01,0.000000000000000000e+00
3.553699999999082593e+01,0.000000000000000000e+00
3.563699999999082024e+01,0.000000000000000000e+00
3.573699999999081456e+01,0.000000000000000000e+00
3.583699999999080887e+01,0.000000000000000000e+00
3.593699999999080319e+01,0.000000000000000000e+00
3.603699999999079751e+01,0.000000000000000000e+00
3.613699999999079182e+01,0.000000000000000000e+00
3.623699999999078614e+01,0.000000000000000000e+00
3.633699999999078045e+01,0.000000000000000000e+00
3.643699999999077477e+01,0.000000000000000000e+00
3.653699999999076908e+01,0.000000000000000000e+00
3.663699999999076340e+01,0.000000000000000000e+00
3.673699999999075771e+01,0.000000000000000000e+00
3.683699999999075203e+01,0.000000000000000000e+00
3.693699999999074635e+01,0.000000000000000000e+00
3.703699999999074066e+01,0.000000000000000000e+00
3.713699999999073498e+01,0.000000000000000000e+00
3.723699999999072929e+01,0.000000000000000000e+00
3.733699999999072361e+01,0.000000000000000000e+00
3.743699999999071792e+01,0.000000000000000000e+00
3.753699999999071224e+01,0.000000000000000000e+00
3.763699999999070656e+01,0.000000000000000000e+00
3.773699999999070087e+01,0.000000000000000000e+00
3.783699999999069519e+01,0.000000000000000000e+00
3.793699999999068950e+01,0.000000000000000000e+00
3.803699999999068382e+01,0.000000000000000000e+00
3.813699999999067813e+01,0.000000000000000000e+00
3.823699999999067245e+01,0.000000000000000000e+00
3.833699999999066677e+01,0.000000000000000000e+00
3.843699999999066108e+01,0.000000000000000000e+00
3.853699999999065540e+01,0.000000000000000000e+00
3.863699999999064971e+01,0.000000000000000000e+00
3.873699999999064403e+01,0.000000000000000000e+00
3.883699999999063834e+01,0.000000000000000000e+00
3.893699999999063266e+01,0.000000000000000000e+00
3.903699999999062697e+01,0.000000000000000000e+00
3.913699999999062129e+01,0.000000000000000000e+00
3.923699999999061561e+01,0.000000000000000000e+00
3.933699999999060992e+01,0.000000000000000000e+00
3.943699999999060424e+01,0.000000000000000000e+00
3.953699999999059855e+01,0.000000000000000000e+00
3.963699999999059287e+01,0.000000000000000000e+00
3.973699999999058718e+01,0.000000000000000000e+00
3.983699999999058150e+01,0.000000000000000000e+00
3.993699999999057582e+01,0.000000000000000000e+00
4.003699999999057013e+01,0.000000000000000000e+00
4.013699999999056445e+01,0.000000000000000000e+00
4.023699999999055876e+01,0.000000000000000000e+00
4.033699999999055308e+01,0.000000000000000000e+00
4.043699999999054739e+01,0.000000000000000000e+00
4.053699999999054171e+01,0.000000000000000000e+00
4.063699999999053603e+01,0.000000000000000000e+00
4.073699999999053034e+01,0.000000000000000000e+00
4.083699999999052466e+01,0.000000000000000000e+00
4.093699999999051897e+01,0.000000000000000000e+00
4.103699999999051329e+01,0.000000000000000000e+00
4.113699999999050760e+01,0.000000000000000000e+00
4.123699999999050192e+01,0.000000000000000000e+00
4.133699999999049624e+01,0.000000000000000000e+00
4.143699999999049055e+01,0.000000000000000000e+00
4.153699999999048487e+01,0.000000000000000000e+00
4.163699999999047918e+01,0.000000000000000000e+00
4.173699999999047350e+01,0.000000000000000000e+00
4.183699999999046781e+01,0.000000000000000000e+00
4.193699999999046213e+01,0.000000000000000000e+00
4.203699999999045644e+01,0.000000000000000000e+00
4.213699999999045076e+01,0.000000000000000000e+00
4.223699999999044508e+01,0.000000000000000000e+00
4.233699999999043939e+01,0.000000000000000000e+00
4.243699999999043371e+01,0.000000000000000000e+00
4.253699999999042802e+01,0.000000000000000000e+00
4.263699999999042234e+01,0.000000000000000000e+00
4.273699999999041665e+01,0.000000000000000000e+00
4.283699999999041097e+01,0.000000000000000000e+00
4.293699999999040529e+01,0.000000000000000000e+00
4.303699999999039960e+01,0.000000000000000000e+00
4.313699999999039392e+01,0.000000000000000000e+00
4.323699999999038823e+01,0.000000000000000000e+00
4.333699999999038255e+01,0.000000000000000000e+00
4.343699999999037686e+01,0.000000000000000000e+00
4.353699999999037118e+01,0.000000000000000000e+00
4.363699999999036550e+01,0.000000000000000000e+00
4.373699999999035981e+01,0.000000000000000000e+00
4.383699999999035413e+01,0.000000000000000000e+00
4.393699999999034844e+01,0.000000000000000000e+00
4.403699999999034276e+01,0.000000000000000000e+00
4.413699999999033707e+01,0.000000000000000000e+00
4.423699999999033139e+01,0.000000000000000000e+00
4.433699999999032570e+01,0.000000000000000000e+00
4.443699999999032002e+01,0.000000000000000000e+00
4.453699999999031434e+01,0.000000000000000000e+00
4.463699999999030865e+01,0.000000000000000000e+00
4.473699999999030297e+01,0.000000000000000000e+00
4.483699999999029728e+01,0.000000000000000000e+00
4.493699999999029160e+01,0.000000000000000000e+00
4.503699999999028591e+01,0.000000000000000000e+00
4.513699999999028023e+01,0.000000000000000000e+00
4.523699999999027455e+01,0.000000000000000000e+00
4.533699999999026886e+01,0.000000000000000000e+00
4.543699999999026318e+01,0.000000000000000000e+00
4.553699999999025749e+01,0.000000000000000000e+00
4.563699999999025181e+01,0.000000000000000000e+00
4.573699999999024612e+01,0.000000000000000000e+00
4.583699999999024044e+01,0.000000000000000000e+00
4.593699999999023476e+01,0.000000000000000000e+00
4.603699999999022907e+01,0.000000000000000000e+00
4.613699999999022339e+01,0.000000000000000000e+00
4.623699999999021770e+01,0.000000000000000000e+00
4.633699999999021202e+01,0.000000000000000000e+00
4.643699999999020633e+01,0.000000000000000000e+00
4.653699999999020065e+01,0.000000000000000000e+00
4.663699999999019496e+01,0.000000000000000000e+00
4.673699999999018928e+01,0.000000000000000000e+00
4.683699999999018360e+01,0.000000000000000000e+00
4.693699999999017791e+01,0.000000000000000000e+00
4.703699999999017223e+01,0.000000000000000000e+00
4.713699999999016654e+01,0.000000000000000000e+00
4.723699999999016086e+01,0.000000000000000000e+00
4.733699999999015517e+01,0.000000000000000000e+00
4.743699999999014949e+01,0.000000000000000000e+00
4.753699999999014381e+01,0.000000000000000000e+00
4.763699999999013812e+01,0.000000000000000000e+00
4.773699999999013244e+01,0.000000000000000000e+00
4.783699999999012675e+01,0.000000000000000000e+00
4.793699999999012107e+01,0.000000000000000000e+00
4.803699999999011538e+01,0.000000000000000000e+00
4.813699999999010970e+01,0.000000000000000000e+00
4.823699999999010402e+01,0.000000000000000000e+00
4.833699999999009833e+01,0.000000000000000000e+00
4.843699999999009265e+01,0.000000000000000000e+00
4.853699999999008696e+01,0.000000000000000000e+00
4.863699999999008128e+01,0.000000000000000000e+00
4.873699999999007559e+01,0.000000000000000000e+00
4.883699999999006991e+01,0.000000000000000000e+00
4.893699999999006423e+01,0.000000000000000000e+00
4.903699999999005854e+01,0.000000000000000000e+00
4.913699999999005286e+01,0.000000000000000000e+00
4.923699999999004717e+01,0.000000000000000000e+00
4.933699999999004149e+01,0.000000000000000000e+00
4.943699999999003580e+01,0.000000000000000000e+00
4.953699999999003012e+01,0.000000000000000000e+00
4.963699999999002443e+01,0.000000000000000000e+00
4.973699999999001875e+01,0.000000000000000000e+00
4.983699999999001307e+01,0.000000000000000000e+00
4.993699999999000738e+01,0.000000000000000000e+00
5.003699999999000170e+01,0.000000000000000000e+00
5.013699999998999601e+01,0.000000000000000000e+00
5.023699999998999033e+01,0.000000000000000000e+00
5.033699999998998464e+01,0.000000000000000000e+00
5.043699999998997896e+01,0.000000000000000000e+00
5.053699999998997328e+01,0.000000000000000000e+00
5.063699999998996759e+01,0.000000000000000000e+00
5.073699999998996191e+01,0.000000000000000000e+00
5.083699999998995622e+01,0.000000000000000000e+00
5.093699999998995054e+01,0.000000000000000000e+00
5.103699999998994485e+01,0.000000000000000000e+00
5.113699999998993917e+01,0.000000000000000000e+00
5.123699999998993349e+01,0.000000000000000000e+00
5.133699999998992780e+01,0.000000000000000000e+00
5.143699999998992212e+01,0.000000000000000000e+00
5.153699999998991643e+01,0.000000000000000000e+00
5.163699999998991075e+01,0.000000000000000000e+00
5.173699999998990506e+01,0.000000000000000000e+00
5.183699999998989938e+01,0.000000000000000000e+00
5.193699999998989369e+01,0.000000000000000000e+00
5.203699999998988801e+01,0.000000000000000000e+00
5.213699999998988233e+01,0.000000000000000000e+00
5.223699999998987664e+01,0.000000000000000000e+00
5.233699999998987096e+01,0.000000000000000000e+00
5.243699999998986527e+01,0.000000000000000000e+00
5.253699999998985959e+01,0.000000000000000000e+00
5.263699999998985390e+01,0.000000000000000000e+00
5.273699999998984822e+01,0.000000000000000000e+00
5.283699999998984254e+01,0.000000000000000000e+00
5.293699999998983685e+01,0.000000000000000000e+00
5.303699999998983117e+01,0.000000000000000000e+00
5.313699999998982548e+01,0.000000000000000000e+00
5.323699999998981980e+01,0.000000000000000000e+00
5.333699999998981411e+01,0.000000000000000000e+00
5.343699999998980843e+01,0.000000000000000000e+00
5.353699999998980275e+01,0.000000000000000000e+00
5.363699999998979706e+01,0.000000000000000000e+00
5.373699999998979138e+01,0.000000000000000000e+00
5.383699999998978569e+01,0.000000000000000000e+00
5.393699999998978001e+01,0.000000000000000000e+00
5.403699999998977432e+01,0.000000000000000000e+00
5.413699999998976864e+01,0.000000000000000000e+00
5.423699999998976296e+01,0.000000000000000000e+00
5.433699999998975727e+01,0.000000000000000000e+00
5.443699999998975159e+01,0.000000000000000000e+00
5.453699999998974590e+01,0.000000000000000000e+00
5.463699999998974022e+01,0.000000000000000000e+00
5.473699999998973453e+01,0.000000000000000000e+00
5.483699999998972885e+01,0.000000000000000000e+00
5.493699999998972316e+01,0.000000000000000000e+00
5.503699999998971748e+01,0.000000000000000000e+00
5.513699999998971180e+01,0.000000000000000000e+00
5.523699999998970611e+01,0.000000000000000000e+00
5.533699999998970043e+01,0.000000000000000000e+00
5.543699999998969474e+01,0.000000000000000000e+00
5.553699999998968906e+01,0.000000000000000000e+00
5.563699999998968337e+01,0.000000000000000000e+00
5.573699999998967769e+01,0.000000000000000000e+00
5.583699999998967201e+01,0.000000000000000000e+00
5.593699999998966632e+01,0.000000000000000000e+00
5.603699999998966064e+01,0.000000000000000000e+00
5.613699999998965495e+01,0.000000000000000000e+00
5.623699999998964927e+01,0.000000000000000000e+00
5.633699999998964358e+01,0.000000000000000000e+00
5.643699999998963790e+01,0.000000000000000000e+00
5.653699999998963222e+01,0.000000000000000000e+00
5.663699999998962653e+01,0.000000000000000000e+00
5.673699999998962085e+01,0.000000000000000000e+00
5.683699999998961516e+01,0.000000000000000000e+00
5.693699999998960948e+01,0.000000000000000000e+00
5.703699999998960379e+01,0.000000000000000000e+00
5.713699999998959811e+01,0.000000000000000000e+00
5.723699999998959242e+01,0.000000000000000000e+00
5.733699999998958674e+01,0.000000000000000000e+00
5.743699999998958106e+01,0.000000000000000000e+00
5.753699999998957537e+01,0.000000000000000000e+00
5.763699999998956969e+01,0.000000000000000000e+00
5.773699999998956400e+01,0.000000000000000000e+00
5.783699999998955832e+01,0.000000000000000000e+00
5.793699999998955263e+01,0.000000000000000000e+00
5.803699999998954695e+01,0.000000000000000000e+00
5.813699999998954127e+01,0.000000000000000000e+00
5.823699999998953558e+01,0.000000000000000000e+00
5.833699999998952990e+01,0.000000000000000000e+00
5.843699999998952421e+01,0.000000000000000000e+00
5.853699999998951853e+01,0.000000000000000000e+00
5.863699999998951284e+01,0.000000000000000000e+00
5.873699999998950716e+01,0.000000000000000000e+00
5.883699999998950148e+01,0.000000000000000000e+00
5.893699999998949579e+01,0.000000000000000000e+00
5.903699999998949011e+01,0.000000000000000000e+00
5.913699999998948442e+01,0.000000000000000000e+00
5.923699999998947874e+01,0.000000000000000000e+00
5.933699999998947305e+01,0.000000000000000000e+00
5.943699999998946737e+01,0.000000000000000000e+00
5.953699999998946168e+01,0.000000000000000000e+00
5.963699999998945600e+01,0.000000000000000000e+00
5.973699999998945032e+01,0.000000000000000000e+00
5.983699999998944463e+01,0.000000000000000000e+00
5.993699999998943895e+01,0.000000000000000000e+00
6.003699999998943326e+01,0.000000000000000000e+00
6.013699999998942758e+01,0.000000000000000000e+00
6.023699999998942189e+01,0.000000000000000000e+00
6.033699999998941621e+01,0.000000000000000000e+00
6.043699999998941053e+01,0.000000000000000000e+00
6.053699999998940484e+01,0.000000000000000000e+00
6.063699999998939916e+01,0.000000000000000000e+00
6.073699999998939347e+01,0.000000000000000000e+00
6.083699999998938779e+01,0.000000000000000000e+00
6.093699999998938210e+01,0.000000000000000000e+00
6.103699999998937642e+01,0.000000000000000000e+00
6.113699999998937074e+01,0.000000000000000000e+00
6.123699999998936505e+01,0.000000000000000000e+00
6.133699999998935937e+01,0.000000000000000000e+00
6.143699999998935368e+01,0.000000000000000000e+00
6.153699999998934800e+01,0.000000000000000000e+00
6.163699999998934231e+01,0.000000000000000000e+00
6.173699999998933663e+01,0.000000000000000000e+00
6.183699999998933095e+01,0.000000000000000000e+00
6.193699999998932526e+01,0.000000000000000000e+00
6.203699999998931958e+01,0.000000000000000000e+00
6.213699999998931389e+01,0.000000000000000000e+00
6.223699999998930821e+01,0.000000000000000000e+00
6.233699999998930252e+01,0.000000000000000000e+00
6.243699999998929684e+01,0.000000000000000000e+00
6.253699999998929115e+01,0.000000000000000000e+00
6.263699999998928547e+01,0.000000000000000000e+00
6.273699999998927979e+01,0.000000000000000000e+00
6.283699999998927410e+01,0.000000000000000000e+00
6.293699999998926842e+01,0.000000000000000000e+00
6.303699999998926273e+01,0.000000000000000000e+00
6.313699999998925705e+01,0.000000000000000000e+00
6.323699999998925136e+01,0.000000000000000000e+00
6.333699999998924568e+01,0.000000000000000000e+00
6.343699999998924000e+01,0.000000000000000000e+00
6.353699999998923431e+01,0.000000000000000000e+00
6.363699999998922863e+01,0.000000000000000000e+00
6.373699999998922294e+01,0.000000000000000000e+00
6.383699999998921726e+01,0.000000000000000000e+00
6.393699999998921157e+01,0.000000000000000000e+00
6.403699999998920589e+01,0.000000000000000000e+00
6.413699999998920021e+01,0.000000000000000000e+00
6.423699999998919452e+01,0.000000000000000000e+00
6.433699999998918884e+01,0.000000000000000000e+00
6.443699999998918315e+01,0.000000000000000000e+00
6.453699999998917747e+01,0.000000000000000000e+00
6.463699999998917178e+01,0.000000000000000000e+00
6.473699999998916610e+01,0.000000000000000000e+00
6.483699999998916041e+01,0.000000000000000000e+00
6.493699999998915473e+01,0.000000000000000000e+00
6.503699999998914905e+01,0.000000000000000000e+00
6.513699999998914336e+01,0.000000000000000000e+00
6.523699999998913768e+01,0.000000000000000000e+00
6.533699999998913199e+01,0.000000000000000000e+00
6.543699999998912631e+01,0.000000000000000000e+00
6.553699999998912062e+01,0.000000000000000000e+00
6.563699999998911494e+01,0.000000000000000000e+00
6.573699999998910926e+01,0.000000000000000000e+00
6.583699999998910357e+01,0.000000000000000000e+00
6.593699999998909789e+01,0.000000000000000000e+00
6.603699999998909220e+01,0.000000000000000000e+00
6.613699999998908652e+01,0.000000000000000000e+00
6.623699999998908083e+01,0.000000000000000000e+00
6.633699999998907515e+01,0.000000000000000000e+00
6.643699999998906947e+01,0.000000000000000000e+00
6.653699999998906378e+01,0.000000000000000000e+00
6.663699999998905810e+01,0.000000000000000000e+00
6.673699999998905241e+01,0.000000000000000000e+00
6.683699999998904673e+01,0.000000000000000000e+00
6.693699999998904104e+01,0.000000000000000000e+00
6.703699999998903536e+01,0.000000000000000000e+00
6.713699999998902967e+01,0.000000000000000000e+00
6.723699999998902399e+01,0.000000000000000000e+00
6.733699999998901831e+01,0.000000000000000000e+00
6.743699999998901262e+01,0.000000000000000000e+00
6.753699999998900694e+01,0.000000000000000000e+00
6.763699999998900125e+01,0.000000000000000000e+00
6.773699999998899557e+01,0.000000000000000000e+00
6.783699999998898988e+01,0.000000000000000000e+00
6.793699999998898420e+01,0.000000000000000000e+00
6.803699999998897852e+01,0.000000000000000000e+00
6.813699999998897283e+01,0.000000000000000000e+00
6.823699999998896715e+01,0.000000000000000000e+00
6.833699999998896146e+01,0.000000000000000000e+00
6.843699999998895578e+01,0.000000000000000000e+00
6.853699999998895009e+01,0.000000000000000000e+00
6.863699999998894441e+01,0.000000000000000000e+00
6.873699999998893873e+01,0.000000000000000000e+00
6.883699999998893304e+01,0.000000000000000000e+00
6.893699999998892736e+01,0.000000000000000000e+00
6.903699999998892167e+01,0.000000000000000000e+00
6.913699999998891599e+01,0.000000000000000000e+00
6.923699999998891030e+01,0.000000000000000000e+00
6.933699999998890462e+01,0.000000000000000000e+00
6.943699999998889894e+01,0.000000000000000000e+00
6.953699999998889325e+01,0.000000000000000000e+00
6.963699999998888757e+01,0.000000000000000000e+00
6.973699999998888188e+01,0.000000000000000000e+00
6.983699999998887620e+01,0.000000000000000000e+00
6.993699999998887051e+01,0.000000000000000000e+00
7.003699999998886483e+01,0.000000000000000000e+00
7.013699999998885914e+01,0.000000000000000000e+00
7.023699999998885346e+01,0.000000000000000000e+00
7.033699999998884778e+01,0.000000000000000000e+00
7.043699999998884209e+01,0.000000000000000000e+00
7.053699999998883641e+01,0.000000000000000000e+00
7.063699999998883072e+01,0.000000000000000000e+00
7.073699999998882504e+01,0.000000000000000000e+00
7.083699999998881935e+01,0.000000000000000000e+00
7.093699999998881367e+01,0.000000000000000000e+00
7.103699999998880799e+01,0.000000000000000000e+00
7.113699999998880230e+01,0.000000000000000000e+00
7.123699999998879662e+01,0.000000000000000000e+00
7.133699999998879093e+01,0.000000000000000000e+00
7.143699999998878525e+01,0.000000000000000000e+00
7.153699999998877956e+01,0.000000000000000000e+00
7.163699999998877388e+01,0.000000000000000000e+00
7.173699999998876820e+01,0.000000000000000000e+00
7.183699999998876251e+01,0.000000000000000000e+00
7.193699999998875683e+01,0.000000000000000000e+00
7.203699999998875114e+01,0.000000000000000000e+00
7.213699999998874546e+01,0.000000000000000000e+00
7.223699999998873977e+01,0.000000000000000000e+00
7.233699999998873409e+01,0.000000000000000000e+00
7.243699999998872840e+01,0.000000000000000000e+00
7.253699999998872272e+01,0.000000000000000000e+00
7.263699999998871704e+01,0.000000000000000000e+00
7.273699999998871135e+01,0.000000000000000000e+00
7.283699999998870567e+01,0.000000000000000000e+00
7.293699999998869998e+01,0.000000000000000000e+00
7.303699999998869430e+01,0.000000000000000000e+00
7.313699999998868861e+01,0.000000000000000000e+00
7.323699999998868293e+01,0.000000000000000000e+00
7.333699999998867725e+01,1.795815749304223571e-03
7.343699999998867156e+01,5.387447247912670496e-03
7.353699999998866588e+01,7.183262997216894284e-03
7.363699999998866019e+01,7.183262997216894284e-03
7.373699999998865451e+01,8.081170871869006178e-03
7.383699999998864882e+01,5.387447247912670496e-03
7.393699999998864314e+01,5.387447247912670496e-03
7.403699999998863746e+01,4.489539373260558602e-03
7.413699999998863177e+01,1.795815749304223571e-03
7.423699999998862609e+01,1.795815749304223571e-03
7.433699999998862040e+01,1.795815749304223571e-03
7.443699999998861472e+01,1.795815749304223571e-03
7.453699999998860903e+01,0.000000000000000000e+00
7.463699999998860335e+01,8.979078746521117855e-04
7.473699999998859766e+01,8.979078746521117855e-04
7.483699999998859198e+01,0.000000000000000000e+00
7.493699999998858630e+01,0.000000000000000000e+00
7.503699999998858061e+01,0.000000000000000000e+00
7.513699999998857493e+01,0.000000000000000000e+00
7.523699999998856924e+01,0.000000000000000000e+00
7.533699999998856356e+01,0.000000000000000000e+00
7.543699999998855787e+01,0.000000000000000000e+00
7.553699999998855219e+01,0.000000000000000000e+00
7.563699999998854651e+01,0.000000000000000000e+00
7.573699999998854082e+01,0.000000000000000000e+00
7.583699999998853514e+01,0.000000000000000000e+00
7.593699999998852945e+01,0.000000000000000000e+00
7.603699999998852377e+01,0.000000000000000000e+00
7.613699999998851808e+01,0.000000000000000000e+00
7.623699999998851240e+01,0.000000000000000000e+00
7.633699999998850672e+01,0.000000000000000000e+00
7.643699999998850103e+01,0.000000000000000000e+00
7.653699999998849535e+01,0.000000000000000000e+00
7.663699999998848966e+01,0.000000000000000000e+00
7.673699999998848398e+01,0.000000000000000000e+00
7.683699999998847829e+01,0.000000000000000000e+00
7.693699999998847261e+01,0.000000000000000000e+00
7.703699999998846693e+01,0.000000000000000000e+00
7.713699999998846124e+01,0.000000000000000000e+00
7.723699999998845556e+01,0.000000000000000000e+00
7.733699999998844987e+01,0.000000000000000000e+00
7.743699999998844419e+01,0.000000000000000000e+00
7.753699999998843850e+01,0.000000000000000000e+00
7.763699999998843282e+01,0.000000000000000000e+00
7.773699999998842713e+01,0.000000000000000000e+00
7.783699999998842145e+01,0.000000000000000000e+00
7.793699999998841577e+01,0.000000000000000000e+00
7.803699999998841008e+01,0.000000000000000000e+00
7.813699999998840440e+01,0.000000000000000000e+00
7.823699999998839871e+01,0.000000000000000000e+00
7.833699999998839303e+01,0.000000000000000000e+00
7.843699999998838734e+01,0.000000000000000000e+00
7.853699999998838166e+01,0.000000000000000000e+00
7.863699999998837598e+01,0.000000000000000000e+00
7.873699999998837029e+01,0.000000000000000000e+00
7.883699999998836461e+01,0.000000000000000000e+00
7.893699999998835892e+01,0.000000000000000000e+00
7.903699999998835324e+01,0.000000000000000000e+00
7.913699999998834755e+01,0.000000000000000000e+00
7.923699999998834187e+01,0.000000000000000000e+00
7.933699999998833619e+01,0.000000000000000000e+00
7.943699999998833050e+01,0.000000000000000000e+00
7.953699999998832482e+01,0.000000000000000000e+00
7.963699999998831913e+01,0.000000000000000000e+00
7.973699999998831345e+01,0.000000000000000000e+00
7.983699999998830776e+01,0.000000000000000000e+00
7.993699999998830208e+01,0.000000000000000000e+00
8.003699999998829639e+01,0.000000000000000000e+00
8.013699999998829071e+01,0.000000000000000000e+00
8.023699999998828503e+01,0.000000000000000000e+00
8.033699999998827934e+01,0.000000000000000000e+00
8.043699999998827366e+01,0.000000000000000000e+00
8.053699999998826797e+01,0.000000000000000000e+00
8.063699999998826229e+01,0.000000000000000000e+00
8.073699999998825660e+01,0.000000000000000000e+00
8.083699999998825092e+01,0.000000000000000000e+00
8.093699999998824524e+01,0.000000000000000000e+00
8.103699999998823955e+01,0.000000000000000000e+00
8.113699999998823387e+01,0.000000000000000000e+00
8.123699999998822818e+01,0.000000000000000000e+00
8.133699999998822250e+01,0.000000000000000000e+00
8.143699999998821681e+01,0.000000000000000000e+00
8.153699999998821113e+01,0.000000000000000000e+00
8.163699999998820545e+01,0.000000000000000000e+00
8.173699999998819976e+01,0.000000000000000000e+00
8.183699999998819408e+01,0.000000000000000000e+00
8.193699999998818839e+01,0.000000000000000000e+00
8.203699999998818271e+01,0.000000000000000000e+00
8.213699999998817702e+01,0.000000000000000000e+00
8.223699999998817134e+01,0.000000000000000000e+00
8.233699999998816565e+01,0.000000000000000000e+00
8.243699999998815997e+01,0.000000000000000000e+00
8.253699999998815429e+01,0.000000000000000000e+00
8.263699999998814860e+01,0.000000000000000000e+00
8.273699999998814292e+01,0.000000000000000000e+00
8.283699999998813723e+01,0.000000000000000000e+00
8.293699999998813155e+01,0.000000000000000000e+00
8.303699999998812586e+01,0.000000000000000000e+00
8.313699999998812018e+01,0.000000000000000000e+00
8.323699999998811450e+01,0.000000000000000000e+00
8.333699999998810881e+01,0.000000000000000000e+00
8.343699999998810313e+01,0.000000000000000000e+00
8.353699999998809744e+01,0.000000000000000000e+00
8.363699999998809176e+01,0.000000000000000000e+00
8.373699999998808607e+01,0.000000000000000000e+00
8.383699999998808039e+01,0.000000000000000000e+00
8.393699999998807471e+01,0.000000000000000000e+00
8.403699999998806902e+01,0.000000000000000000e+00
8.413699999998806334e+01,8.979078746521117855e-04
8.423699999998805765e+01,6.285355122564782390e-03
8.433699999998805197e+01,8.979078746521117855e-04
8.443699999998804628e+01,2.693723623956335248e-03
8.453699999998804060e+01,8.979078746521117855e-04
8.463699999998803492e+01,1.795815749304223571e-03
8.473699999998802923e+01,0.000000000000000000e+00
8.483699999998802355e+01,0.000000000000000000e+00
8.493699999998801786e+01,0.000000000000000000e+00
8.503699999998801218e+01,0.000000000000000000e+00
8.513699999998800649e+01,0.000000000000000000e+00
8.523699999998800081e+01,0.000000000000000000e+00
8.533699999998799512e+01,0.000000000000000000e+00
8.543699999998798944e+01,0.000000000000000000e+00
8.553699999998798376e+01,0.000000000000000000e+00
8.563699999998797807e+01,0.000000000000000000e+00
8.573699999998797239e+01,0.000000000000000000e+00
8.583699999998796670e+01,0.000000000000000000e+00
8.593699999998796102e+01,0.000000000000000000e+00
8.603699999998795533e+01,0.000000000000000000e+00
8.613699999998794965e+01,0.000000000000000000e+00
8.623699999998794397e+01,0.000000000000000000e+00
8.633699999998793828e+01,0.000000000000000000e+00
8.643699999998793260e+01,0.000000000000000000e+00
8.653699999998792691e+01,0.000000000000000000e+00
8.663699999998792123e+01,0.000000000000000000e+00
8.673699999998791554e+01,0.000000000000000000e+00
8.683699999998790986e+01,0.000000000000000000e+00
8.693699999998790418e+01,0.000000000000000000e+00
8.703699999998789849e+01,0.000000000000000000e+00
8.713699999998789281e+01,0.000000000000000000e+00
8.723699999998788712e+01,0.000000000000000000e+00
8.733699999998788144e+01,0.000000000000000000e+00
8.743699999998787575e+01,0.000000000000000000e+00
8.753699999998787007e+01,0.000000000000000000e+00
8.763699999998786438e+01,0.000000000000000000e+00
8.773699999998785870e+01,0.000000000000000000e+00
8.783699999998785302e+01,0.000000000000000000e+00
8.793699999998784733e+01,0.000000000000000000e+00
8.803699999998784165e+01,0.000000000000000000e+00
8.813699999998783596e+01,0.000000000000000000e+00
8.823699999998783028e+01,0.000000000000000000e+00
8.833699999998782459e+01,0.000000000000000000e+00
8.843699999998781891e+01,0.000000000000000000e+00
8.853699999998781323e+01,0.000000000000000000e+00
8.863699999998780754e+01,0.000000000000000000e+00
8.873699999998780186e+01,0.000000000000000000e+00
8.883699999998779617e+01,0.000000000000000000e+00
8.893699999998779049e+01,0.000000000000000000e+00
8.903699999998778480e+01,0.000000000000000000e+00
8.913699999998777912e+01,0.000000000000000000e+00
8.923699999998777344e+01,0.000000000000000000e+00
8.933699999998776775e+01,0.000000000000000000e+00
8.943699999998776207e+01,0.000000000000000000e+00
8.953699999998775638e+01,0.000000000000000000e+00
8.963699999998775070e+01,0.000000000000000000e+00
8.973699999998774501e+01,0.000000000000000000e+00
8.983699999998773933e+01,0.000000000000000000e+00
8.993699999998773364e+01,0.000000000000000000e+00
9.003699999998772796e+01,0.000000000000000000e+00
9.013699999998772228e+01,0.000000000000000000e+00
9.023699999998771659e+01,0.000000000000000000e+00
9.033699999998771091e+01,0.000000000000000000e+00
9.043699999998770522e+01,0.000000000000000000e+00
9.053699999998769954e+01,0.000000000000000000e+00
9.063699999998769385e+01,0.000000000000000000e+00
9.073699999998768817e+01,0.000000000000000000e+00
9.083699999998768249e+01,0.000000000000000000e+00
9.093699999998767680e+01,0.000000000000000000e+00
9.103699999998767112e+01,0.000000000000000000e+00
9.113699999998766543e+01,0.000000000000000000e+00
9.123699999998765975e+01,0.000000000000000000e+00
9.133699999998765406e+01,0.000000000000000000e+00
9.143699999998764838e+01,0.000000000000000000e+00
9.153699999998764270e+01,0.000000000000000000e+00
9.163699999998763701e+01,0.000000000000000000e+00
9.173699999998763133e+01,0.000000000000000000e+00
9.183699999998762564e+01,0.000000000000000000e+00
9.193699999998761996e+01,0.000000000000000000e+00
9.203699999998761427e+01,0.000000000000000000e+00
9.213699999998760859e+01,0.000000000000000000e+00
9.223699999998760291e+01,8.979078746521117855e-04
9.233699999998759722e+01,2.693723623956335248e-03
9.243699999998759154e+01,1.795815749304223571e-03
9.253699999998758585e+01,1.795815749304223571e-03
9.263699999998758017e+01,8.979078746521117855e-04
9.273699999998757448e+01,8.979078746521117855e-04
9.283699999998756880e+01,8.979078746521117855e-04
9.293699999998756311e+01,0.000000000000000000e+00
9.303699999998755743e+01,0.000000000000000000e+00
9.313699999998755175e+01,0.000000000000000000e+00
9.323699999998754606e+01,8.979078746521117855e-04
9.333699999998754038e+01,0.000000000000000000e+00
9.343699999998753469e+01,0.000000000000000000e+00
9.353699999998752901e+01,2.693723623956335248e-03
9.363699999998752332e+01,0.000000000000000000e+00
9.373699999998751764e+01,8.979078746521117855e-04
9.383699999998751196e+01,0.000000000000000000e+00
9.393699999998750627e+01,8.979078746521117855e-04
9.403699999998750059e+01,0.000000000000000000e+00
9.413699999998749490e+01,0.000000000000000000e+00
9.423699999998748922e+01,0.000000000000000000e+00
9.433699999998748353e+01,0.000000000000000000e+00
9.443699999998747785e+01,0.000000000000000000e+00
9.453699999998747217e+01,0.000000000000000000e+00
9.463699999998746648e+01,0.000000000000000000e+00
9.473699999998746080e+01,0.000000000000000000e+00
9.483699999998745511e+01,0.000000000000000000e+00
9.493699999998744943e+01,0.000000000000000000e+00
9.503699999998744374e+01,0.000000000000000000e+00
9.513699999998743806e+01,0.000000000000000000e+00
9.523699999998743237e+01,0.000000000000000000e+00
9.533699999998742669e+01,0.000000000000000000e+00
9.543699999998742101e+01,0.000000000000000000e+00
9.553699999998741532e+01,0.000000000000000000e+00
9.563699999998740964e+01,0.000000000000000000e+00
9.573699999998740395e+01,0.000000000000000000e+00
9.583699999998739827e+01,0.000000000000000000e+00
9.593699999998739258e+01,0.000000000000000000e+00
9.603699999998738690e+01,0.000000000000000000e+00
9.613699999998738122e+01,0.000000000000000000e+00
9.623699999998737553e+01,0.000000000000000000e+00
9.633699999998736985e+01,0.000000000000000000e+00
9.643699999998736416e+01,0.000000000000000000e+00
9.653699999998735848e+01,0.000000000000000000e+00
9.663699999998735279e+01,0.000000000000000000e+00
9.673699999998734711e+01,0.000000000000000000e+00
9.683699999998734143e+01,0.000000000000000000e+00
9.693699999998733574e+01,0.000000000000000000e+00
9.703699999998733006e+01,0.000000000000000000e+00
9.713699999998732437e+01,0.000000000000000000e+00
9.723699999998731869e+01,0.000000000000000000e+00
9.733699999998731300e+01,0.000000000000000000e+00
9.743699999998730732e+01,0.000000000000000000e+00
9.753699999998730163e+01,0.000000000000000000e+00
9.763699999998729595e+01,0.000000000000000000e+00
9.773699999998729027e+01,0.000000000000000000e+00
9.783699999998728458e+01,0.000000000000000000e+00
9.793699999998727890e+01,0.000000000000000000e+00
9.803699999998727321e+01,0.000000000000000000e+00
9.813699999998726753e+01,0.000000000000000000e+00
9.823699999998726184e+01,0.000000000000000000e+00
9.833699999998725616e+01,0.000000000000000000e+00
9.843699999998725048e+01,0.000000000000000000e+00
9.853699999998724479e+01,0.000000000000000000e+00
9.863699999998723911e+01,0.000000000000000000e+00
9.873699999998723342e+01,0.000000000000000000e+00
9.883699999998722774e+01,0.000000000000000000e+00
9.893699999998722205e+01,0.000000000000000000e+00
9.903699999998721637e+01,0.000000000000000000e+00
9.913699999998721069e+01,0.000000000000000000e+00
9.923699999998720500e+01,0.000000000000000000e+00
9.933699999998719932e+01,0.000000000000000000e+00
9.943699999998719363e+01,0.000000000000000000e+00
9.953699999998718795e+01,0.000000000000000000e+00
9.963699999998718226e+01,0.000000000000000000e+00
9.973699999998717658e+01,0.000000000000000000e+00
9.983699999998717090e+01,0.000000000000000000e+00
9.993699999998716521e+01,0.000000000000000000e+00
1.000369999999871595e+02,0.000000000000000000e+00
1.001369999999871538e+02,0.000000000000000000e+00
1.002369999999871482e+02,0.000000000000000000e+00
1.003369999999871425e+02,1.795815749304223571e-03
1.004369999999871368e+02,2.693723623956335248e-03
1.005369999999871311e+02,3.591631498608447142e-03
1.006369999999871254e+02,3.591631498608447142e-03
1.007369999999871197e+02,2.693723623956335248e-03
1.008369999999871141e+02,1.795815749304223571e-03
1.009369999999871084e+02,1.795815749304223571e-03
1.010369999999871027e+02,3.591631498608447142e-03
1.011369999999870970e+02,7.183262997216894284e-03
1.012369999999870913e+02,1.077489449582534099e-02
1.013369999999870856e+02,1.346861811978167581e-02
1.014369999999870799e+02,8.979078746521117205e-03
1.015369999999870743e+02,7.183262997216894284e-03
1.016369999999870686e+02,6.285355122564782390e-03
1.017369999999870629e+02,8.081170871869006178e-03
1.018369999999870572e+02,3.591631498608447142e-03
1.019369999999870515e+02,8.979078746521117855e-04
1.020369999999870458e+02,1.795815749304223571e-03
1.021369999999870402e+02,2.693723623956335248e-03
1.022369999999870345e+02,3.591631498608447142e-03
1.023369999999870288e+02,0.000000000000000000e+00
1.024369999999870231e+02,0.000000000000000000e+00
1.025369999999870174e+02,0.000000000000000000e+00
1.026369999999870117e+02,8.979078746521117855e-04
1.027369999999870060e+02,0.000000000000000000e+00
1.028369999999870004e+02,0.000000000000000000e+00
1.029369999999869947e+02,0.000000000000000000e+00
1.030369999999869890e+02,8.979078746521117855e-04
1.031369999999869833e+02,1.795815749304223571e-03
1.032369999999869776e+02,0.000000000000000000e+00
1.033369999999869719e+02,0.000000000000000000e+00
1.034369999999869663e+02,0.000000000000000000e+00
1.035369999999869606e+02,0.000000000000000000e+00
1.036369999999869549e+02,0.000000000000000000e+00
1.037369999999869492e+02,0.000000000000000000e+00
1.038369999999869435e+02,0.000000000000000000e+00
1.039369999999869378e+02,0.000000000000000000e+00
1.040369999999869322e+02,0.000000000000000000e+00
1.041369999999869265e+02,0.000000000000000000e+00
1.042369999999869208e+02,0.000000000000000000e+00
1.043369999999869151e+02,0.000000000000000000e+00
1.044369999999869094e+02,0.000000000000000000e+00
1.045369999999869037e+02,0.000000000000000000e+00
1.046369999999868980e+02,0.000000000000000000e+00
1.047369999999868924e+02,0.000000000000000000e+00
1.048369999999868867e+02,0.000000000000000000e+00
1.049369999999868810e+02,0.000000000000000000e+00
1.050369999999868753e+02,0.000000000000000000e+00
1.051369999999868696e+02,0.000000000000000000e+00
1.052369999999868639e+02,0.000000000000000000e+00
1.053369999999868583e+02,0.000000000000000000e+00
1.054369999999868526e+02,0.000000000000000000e+00
1.055369999999868469e+02,0.000000000000000000e+00
1.056369999999868412e+02,0.000000000000000000e+00
1.057369999999868355e+02,0.000000000000000000e+00
1.058369999999868298e+02,0.000000000000000000e+00
1.059369999999868242e+02,0.000000000000000000e+00
1.060369999999868185e+02,0.000000000000000000e+00
1.061369999999868128e+02,0.000000000000000000e+00
1.062369999999868071e+02,0.000000000000000000e+00
1.063369999999868014e+02,0.000000000000000000e+00
1.064369999999867957e+02,0.000000000000000000e+00
1.065369999999867900e+02,0.000000000000000000e+00
1.066369999999867844e+02,0.000000000000000000e+00
1.067369999999867787e+02,0.000000000000000000e+00
1.068369999999867730e+02,0.000000000000000000e+00
1.069369999999867673e+02,0.000000000000000000e+00
1.070369999999867616e+02,0.000000000000000000e+00
1.071369999999867559e+02,0.000000000000000000e+00
1.072369999999867503e+02,0.000000000000000000e+00
1.073369999999867446e+02,0.000000000000000000e+00
1.074369999999867389e+02,0.000000000000000000e+00
1.075369999999867332e+02,0.000000000000000000e+00
1.076369999999867275e+02,0.000000000000000000e+00
1.077369999999867218e+02,0.000000000000000000e+00
1.078369999999867161e+02,0.000000000000000000e+00
1.079369999999867105e+02,0.000000000000000000e+00
1.080369999999867048e+02,0.000000000000000000e+00
1.081369999999866991e+02,0.000000000000000000e+00
1.082369999999866934e+02,0.000000000000000000e+00
1.083369999999866877e+02,0.000000000000000000e+00
1.084369999999866820e+02,0.000000000000000000e+00
1.085369999999866764e+02,0.000000000000000000e+00
1.086369999999866707e+02,0.000000000000000000e+00
1.087369999999866650e+02,0.000000000000000000e+00
1.088369999999866593e+02,0.000000000000000000e+00
1.089369999999866536e+02,0.000000000000000000e+00
1.090369999999866479e+02,0.000000000000000000e+00
1.091369999999866423e+02,0.000000000000000000e+00
1.092369999999866366e+02,0.000000000000000000e+00
1.093369999999866309e+02,0.000000000000000000e+00
1.094369999999866252e+02,0.000000000000000000e+00
1.095369999999866195e+02,0.000000000000000000e+00
1.096369999999866138e+02,0.000000000000000000e+00
1.097369999999866081e+02,0.000000000000000000e+00
1.098369999999866025e+02,0.000000000000000000e+00
1.099369999999865968e+02,0.000000000000000000e+00
1.100369999999865911e+02,0.000000000000000000e+00
1.101369999999865854e+02,0.000000000000000000e+00
1.102369999999865797e+02,0.000000000000000000e+00
1.103369999999865740e+02,0.000000000000000000e+00
1.104369999999865684e+02,0.000000000000000000e+00
1.105369999999865627e+02,0.000000000000000000e+00
1.106369999999865570e+02,0.000000000000000000e+00
1.107369999999865513e+02,0.000000000000000000e+00
1.108369999999865456e+02,0.000000000000000000e+00
1.109369999999865399e+02,0.000000000000000000e+00
1.110369999999865342e+02,0.000000000000000000e+00
1.111369999999865286e+02,1.795815749304223571e-03
1.112369999999865229e+02,8.979078746521117855e-04
1.113369999999865172e+02,2.693723623956335248e-03
1.114369999999865115e+02,0.000000000000000000e+00
1.115369999999865058e+02,0.000000000000000000e+00
1.116369999999865001e+02,0.000000000000000000e+00
1.117369999999864945e+02,8.979078746521117855e-04
1.118369999999864888e+02,1.795815749304223571e-03
1.119369999999864831e+02,2.693723623956335248e-03
1.120369999999864774e+02,7.183262997216894284e-03
1.121369999999864717e+02,3.591631498608447142e-03
1.122369999999864660e+02,0.000000000000000000e+00
1.123369999999864604e+02,0.000000000000000000e+00
1.124369999999864547e+02,3.591631498608447142e-03
1.125369999999864490e+02,0.000000000000000000e+00
1.126369999999864433e+02,0.000000000000000000e+00
1.127369999999864376e+02,0.000000000000000000e+00
1.128369999999864319e+02,0.000000000000000000e+00
1.129369999999864262e+02,0.000000000000000000e+00
1.130369999999864206e+02,0.000000000000000000e+00
1.131369999999864149e+02,0.000000000000000000e+00
1.132369999999864092e+02,0.000000000000000000e+00
1.133369999999864035e+02,0.000000000000000000e+00
1.134369999999863978e+02,0.000000000000000000e+00
1.135369999999863921e+02,0.000000000000000000e+00
1.136369999999863865e+02,0.000000000000000000e+00
1.137369999999863808e+02,0.000000000000000000e+00
1.138369999999863751e+02,0.000000000000000000e+00
1.139369999999863694e+02,0.000000000000000000e+00
1.140369999999863637e+02,0.000000000000000000e+00
1.141369999999863580e+02,0.000000000000000000e+00
1.142369999999863523e+02,0.000000000000000000e+00
1.143369999999863467e+02,0.000000000000000000e+00
1.144369999999863410e+02,0.000000000000000000e+00
1.145369999999863353e+02,0.000000000000000000e+00
1.146369999999863296e+02,0.000000000000000000e+00
1.147369999999863239e+02,0.000000000000000000e+00
1.148369999999863182e+02,0.000000000000000000e+00
1.149369999999863126e+02,0.000000000000000000e+00
1.150369999999863069e+02,0.000000000000000000e+00
1.151369999999863012e+02,0.000000000000000000e+00
1.152369999999862955e+02,0.000000000000000000e+00
1.153369999999862898e+02,0.000000000000000000e+00
1.154369999999862841e+02,0.000000000000000000e+00
1.155369999999862785e+02,0.000000000000000000e+00
1.156369999999862728e+02,0.000000000000000000e+00
1.157369999999862671e+02,0.000000000000000000e+00
1.158369999999862614e+02,0.000000000000000000e+00
1.159369999999862557e+02,0.000000000000000000e+00
1.160369999999862500e+02,0.000000000000000000e+00
1.161369999999862443e+02,0.000000000000000000e+00
1.162369999999862387e+02,0.000000000000000000e+00
1.163369999999862330e+02,0.000000000000000000e+00
1.164369999999862273e+02,0.000000000000000000e+00
1.165369999999862216e+02,0.000000000000000000e+00
1.166369999999862159e+02,0.000000000000000000e+00
1.167369999999862102e+02,0.000000000000000000e+00
1.168369999999862046e+02,0.000000000000000000e+00
1.169369999999861989e+02,0.000000000000000000e+00
1.170369999999861932e+02,0.000000000000000000e+00
1.171369999999861875e+02,0.000000000000000000e+00
1.172369999999861818e+02,0.000000000000000000e+00
1.173369999999861761e+02,0.000000000000000000e+00
1.174369999999861705e+02,0.000000000000000000e+00
1.175369999999861648e+02,0.000000000000000000e+00
1.176369999999861591e+02,0.000000000000000000e+00
1.177369999999861534e+02,0.000000000000000000e+00
1.178369999999861477e+02,0.000000000000000000e+00
1.179369999999861420e+02,0.000000000000000000e+00
1.180369999999861363e+02,0.000000000000000000e+00
1.181369999999861307e+02,0.000000000000000000e+00
1.182369999999861250e+02,0.000000000000000000e+00
1.183369999999861193e+02,0.000000000000000000e+00
1.184369999999861136e+02,0.000000000000000000e+00
1.185369999999861079e+02,0.000000000000000000e+00
1.186369999999861022e+02,0.000000000000000000e+00
1.187369999999860966e+02,0.000000000000000000e+00
1.188369999999860909e+02,0.000000000000000000e+00
1.189369999999860852e+02,0.000000000000000000e+00
1.190369999999860795e+02,0.000000000000000000e+00
1.191369999999860738e+02,0.000000000000000000e+00
1.192369999999860681e+02,0.000000000000000000e+00
1.193369999999860624e+02,0.000000000000000000e+00
1.194369999999860568e+02,0.000000000000000000e+00
1.195369999999860511e+02,0.000000000000000000e+00
1.196369999999860454e+02,0.000000000000000000e+00
1.197369999999860397e+02,0.000000000000000000e+00
1.198369999999860340e+02,0.000000000000000000e+00
1.199369999999860283e+02,0.000000000000000000e+00
1.200369999999860227e+02,0.000000000000000000e+00
1.201369999999860170e+02,0.000000000000000000e+00
1.202369999999860113e+02,0.000000000000000000e+00
1.203369999999860056e+02,0.000000000000000000e+00
1.204369999999859999e+02,8.979078746521117855e-04
1.205369999999859942e+02,0.000000000000000000e+00
1.206369999999859886e+02,8.979078746521117855e-04
1.207369999999859829e+02,0.000000000000000000e+00
1.208369999999859772e+02,0.000000000000000000e+00
1.209369999999859715e+02,0.000000000000000000e+00
1.210369999999859658e+02,0.000000000000000000e+00
1.211369999999859601e+02,8.979078746521117855e-04
1.212369999999859544e+02,8.979078746521117855e-04
1.213369999999859488e+02,1.795815749304223571e-03
1.214369999999859431e+02,1.795815749304223571e-03
1.215369999999859374e+02,0.000000000000000000e+00
1.216369999999859317e+02,0.000000000000000000e+00
1.217369999999859260e+02,8.979078746521117855e-04
1.218369999999859203e+02,0.000000000000000000e+00
1.219369999999859147e+02,0.000000000000000000e+00
1.220369999999859090e+02,0.000000000000000000e+00
1.221369999999859033e+02,0.000000000000000000e+00
1.222369999999858976e+02,0.000000000000000000e+00
1.223369999999858919e+02,0.000000000000000000e+00
1.224369999999858862e+02,0.000000000000000000e+00
1.225369999999858805e+02,0.000000000000000000e+00
1.226369999999858749e+02,0.000000000000000000e+00
1.227369999999858692e+02,0.000000000000000000e+00
1.228369999999858635e+02,0.000000000000000000e+00
1.229369999999858578e+02,0.000000000000000000e+00
1.230369999999858521e+02,0.000000000000000000e+00
1.231369999999858464e+02,0.000000000000000000e+00
1.232369999999858408e+02,0.000000000000000000e+00
1.233369999999858351e+02,0.000000000000000000e+00
1.234369999999858294e+02,0.000000000000000000e+00
1.235369999999858237e+02,0.000000000000000000e+00
1.236369999999858180e+02,0.000000000000000000e+00
1.237369999999858123e+02,0.000000000000000000e+00
1.238369999999858067e+02,0.000000000000000000e+00
1.239369999999858010e+02,0.000000000000000000e+00
1.240369999999857953e+02,0.000000000000000000e+00
1.241369999999857896e+02,0.000000000000000000e+00
1.242369999999857839e+02,0.000000000000000000e+00
1.243369999999857782e+02,0.000000000000000000e+00
1.244369999999857725e+02,0.000000000000000000e+00
1.245369999999857669e+02,0.000000000000000000e+00
1.246369999999857612e+02,0.000000000000000000e+00
1.247369999999857555e+02,0.000000000000000000e+00
1.248369999999857498e+02,0.000000000000000000e+00
1.249369999999857441e+02,0.000000000000000000e+00
1.250369999999857384e+02,0.000000000000000000e+00
1.251369999999857328e+02,0.000000000000000000e+00
1.252369999999857271e+02,0.000000000000000000e+00
1.253369999999857214e+02,0.000000000000000000e+00
1.254369999999857157e+02,0.000000000000000000e+00
1.255369999999857100e+02,0.000000000000000000e+00
1.256369999999857043e+02,0.000000000000000000e+00
1.257369999999856987e+02,0.000000000000000000e+00
1.258369999999856930e+02,0.000000000000000000e+00
1.259369999999856873e+02,0.000000000000000000e+00
1.260369999999856816e+02,0.000000000000000000e+00
1.261369999999856759e+02,0.000000000000000000e+00
1.262369999999856702e+02,0.000000000000000000e+00
1.263369999999856645e+02,0.000000000000000000e+00
1.264369999999856589e+02,0.000000000000000000e+00
1.265369999999856532e+02,0.000000000000000000e+00
1.266369999999856475e+02,0.000000000000000000e+00
1.267369999999856418e+02,0.000000000000000000e+00
1.268369999999856361e+02,0.000000000000000000e+00
1.269369999999856304e+02,0.000000000000000000e+00
1.270369999999856248e+02,0.000000000000000000e+00
1.271369999999856191e+02,0.000000000000000000e+00
1.272369999999856134e+02,0.000000000000000000e+00
1.273369999999856077e+02,0.000000000000000000e+00
1.274369999999856020e+02,0.000000000000000000e+00
1.275369999999855963e+02,0.000000000000000000e+00
1.276369999999855906e+02,0.000000000000000000e+00
1.277369999999855850e+02,0.000000000000000000e+00
1.278369999999855793e+02,0.000000000000000000e+00
1.279369999999855736e+02,0.000000000000000000e+00
1.280369999999855679e+02,0.000000000000000000e+00
1.281369999999855622e+02,0.000000000000000000e+00
1.282369999999855565e+02,0.000000000000000000e+00
1.283369999999855509e+02,0.000000000000000000e+00
1.284369999999855452e+02,0.000000000000000000e+00
1.285369999999855395e+02,0.000000000000000000e+00
1.286369999999855338e+02,0.000000000000000000e+00
1.287369999999855281e+02,0.000000000000000000e+00
1.288369999999855224e+02,0.000000000000000000e+00
1.289369999999855168e+02,0.000000000000000000e+00
1.290369999999855111e+02,0.000000000000000000e+00
1.291369999999855054e+02,0.000000000000000000e+00
1.292369999999854997e+02,0.000000000000000000e+00
1.293369999999854940e+02,0.000000000000000000e+00
1.294369999999854883e+02,0.000000000000000000e+00
1.295369999999854826e+02,0.000000000000000000e+00
1.296369999999854770e+02,0.000000000000000000e+00
1.297369999999854713e+02,0.000000000000000000e+00
1.298369999999854656e+02,0.000000000000000000e+00
1.299369999999854599e+02,0.000000000000000000e+00
1.300369999999854542e+02,0.000000000000000000e+00
1.301369999999854485e+02,0.000000000000000000e+00
1.302369999999854429e+02,0.000000000000000000e+00
1.303369999999854087e+02,0.000000000000000000e+00
1.304369999999854031e+02,0.000000000000000000e+00
1.305369999999854258e+02,0.000000000000000000e+00
1.306369999999854201e+02,0.000000000000000000e+00
1.307369999999853860e+02,0.000000000000000000e+00
1.308369999999853803e+02,0.000000000000000000e+00
1.309369999999854031e+02,0.000000000000000000e+00
1.310369999999853974e+02,0.000000000000000000e+00
1.311369999999853633e+02,0.000000000000000000e+00
1.312369999999853576e+02,0.000000000000000000e+00
1.313369999999853803e+02,0.000000000000000000e+00
1.314369999999853746e+02,0.000000000000000000e+00
1.315369999999853405e+02,0.000000000000000000e+00
1.316369999999853349e+02,0.000000000000000000e+00
1.317369999999853576e+02,0.000000000000000000e+00
1.318369999999853519e+02,0.000000000000000000e+00
1.319369999999853178e+02,0.000000000000000000e+00
1.320369999999853121e+02,0.000000000000000000e+00
1.321369999999853349e+02,0.000000000000000000e+00
1.322369999999853292e+02,0.000000000000000000e+00
1.323369999999852951e+02,0.000000000000000000e+00
1.324369999999852894e+02,0.000000000000000000e+00
1.325369999999853121e+02,0.000000000000000000e+00
1.326369999999853064e+02,0.000000000000000000e+00
1.327369999999852723e+02,0.000000000000000000e+00
1.328369999999852666e+02,0.000000000000000000e+00
1.329369999999852894e+02,0.000000000000000000e+00
1.330369999999852837e+02,0.000000000000000000e+00
1.331369999999852496e+02,0.000000000000000000e+00
1.332369999999852439e+02,0.000000000000000000e+00
1.333369999999852666e+02,0.000000000000000000e+00
1.334369999999852610e+02,0.000000000000000000e+00
1.335369999999852269e+02,0.000000000000000000e+00
1.336369999999852212e+02,0.000000000000000000e+00
1.337369999999852439e+02,0.000000000000000000e+00
1.338369999999852382e+02,0.000000000000000000e+00
1.339369999999852041e+02,0.000000000000000000e+00
1.340369999999851984e+02,0.000000000000000000e+00
1.341369999999852212e+02,0.000000000000000000e+00
1.342369999999852155e+02,0.000000000000000000e+00
1.343369999999851814e+02,0.000000000000000000e+00
1.344369999999851757e+02,0.000000000000000000e+00
1.345369999999851984e+02,0.000000000000000000e+00
1.346369999999851927e+02,0.000000000000000000e+00
1.347369999999851586e+02,0.000000000000000000e+00
1.348369999999851530e+02,0.000000000000000000e+00
1.349369999999851757e+02,0.000000000000000000e+00
1.350369999999851700e+02,0.000000000000000000e+00
1.351369999999851359e+02,0.000000000000000000e+00
1.352369999999851302e+02,0.000000000000000000e+00
1.353369999999851530e+02,0.000000000000000000e+00
1.354369999999851473e+02,0.000000000000000000e+00
1.355369999999851132e+02,0.000000000000000000e+00
1.356369999999851075e+02,0.000000000000000000e+00
1.357369999999851302e+02,0.000000000000000000e+00
1.358369999999851245e+02,0.000000000000000000e+00
1.359369999999850904e+02,0.000000000000000000e+00
1.360369999999850847e+02,0.000000000000000000e+00
1.361369999999851075e+02,0.000000000000000000e+00
1.362369999999851018e+02,0.000000000000000000e+00
1.363369999999850677e+02,0.000000000000000000e+00
1.364369999999850620e+02,0.000000000000000000e+00
1.365369999999850847e+02,0.000000000000000000e+00
1.366369999999850791e+02,0.000000000000000000e+00
1.367369999999850450e+02,0.000000000000000000e+00
1.368369999999850393e+02,0.000000000000000000e+00
1.369369999999850620e+02,0.000000000000000000e+00
1.370369999999850563e+02,0.000000000000000000e+00
1.371369999999850222e+02,0.000000000000000000e+00
1.372369999999850165e+02,0.000000000000000000e+00
1.373369999999850393e+02,0.000000000000000000e+00
1.374369999999850336e+02,0.000000000000000000e+00
1.375369999999849995e+02,0.000000000000000000e+00
1.376369999999849938e+02,0.000000000000000000e+00
1.377369999999850165e+02,0.000000000000000000e+00
1.378369999999850108e+02,0.000000000000000000e+00
1.379369999999849767e+02,0.000000000000000000e+00
1.380369999999849711e+02,0.000000000000000000e+00
1.381369999999849938e+02,0.000000000000000000e+00
1.382369999999849881e+02,0.000000000000000000e+00
1.383369999999849540e+02,0.000000000000000000e+00
1.384369999999849483e+02,0.000000000000000000e+00
1.385369999999849711e+02,0.000000000000000000e+00
1.386369999999849654e+02,0.000000000000000000e+00
1.387369999999849313e+02,0.000000000000000000e+00
1.388369999999849256e+02,0.000000000000000000e+00
1.389369999999849483e+02,0.000000000000000000e+00
1.390369999999849426e+02,0.000000000000000000e+00
1.391369999999849085e+02,0.000000000000000000e+00
1.392369999999849028e+02,0.000000000000000000e+00
1.393369999999849256e+02,0.000000000000000000e+00
1.394369999999849199e+02,0.000000000000000000e+00
1.395369999999848858e+02,0.000000000000000000e+00
1.396369999999848801e+02,0.000000000000000000e+00
1.397369999999849028e+02,0.000000000000000000e+00
1.398369999999848972e+02,0.000000000000000000e+00
1.399369999999848631e+02,0.000000000000000000e+00
1.400369999999848574e+02,0.000000000000000000e+00
1.401369999999848801e+02,0.000000000000000000e+00
1.402369999999848744e+02,0.000000000000000000e+00
1.403369999999848403e+02,0.000000000000000000e+00
1.404369999999848346e+02,0.000000000000000000e+00
1.405369999999848574e+02,0.000000000000000000e+00
1.406369999999848517e+02,0.000000000000000000e+00
1.407369999999848176e+02,0.000000000000000000e+00
1.408369999999848119e+02,0.000000000000000000e+00
1.409369999999848346e+02,0.000000000000000000e+00
1.410369999999848289e+02,0.000000000000000000e+00
1.411369999999847948e+02,0.000000000000000000e+00
1.412369999999847892e+02,0.000000000000000000e+00
1.413369999999848119e+02,0.000000000000000000e+00
1.414369999999848062e+02,0.000000000000000000e+00
1.415369999999847721e+02,0.000000000000000000e+00
1.416369999999847664e+02,0.000000000000000000e+00
1.417369999999847892e+02,0.000000000000000000e+00
1.418369999999847835e+02,0.000000000000000000e+00
1.419369999999847494e+02,0.000000000000000000e+00
1.420369999999847437e+02,0.000000000000000000e+00
1.421369999999847664e+02,0.000000000000000000e+00
1.422369999999847607e+02,0.000000000000000000e+00
1.423369999999847266e+02,0.000000000000000000e+00
1.424369999999847209e+02,0.000000000000000000e+00
1.425369999999847437e+02,0.000000000000000000e+00
1.426369999999847380e+02,0.000000000000000000e+00
1.427369999999847039e+02,0.000000000000000000e+00
1.428369999999846982e+02,0.000000000000000000e+00
1.429369999999847209e+02,0.000000000000000000e+00
1.430369999999847153e+02,0.000000000000000000e+00
1.431369999999846812e+02,0.000000000000000000e+00
1.432369999999846755e+02,0.000000000000000000e+00
1.433369999999846982e+02,0.000000000000000000e+00
1.434369999999846925e+02,0.000000000000000000e+00
1.435369999999846584e+02,0.000000000000000000e+00
1.436369999999846527e+02,0.000000000000000000e+00
1.437369999999846755e+02,0.000000000000000000e+00
1.438369999999846698e+02,0.000000000000000000e+00
1.439369999999846357e+02,0.000000000000000000e+00
1.440369999999846300e+02,0.000000000000000000e+00
1.441369999999846527e+02,0.000000000000000000e+00
1.442369999999846470e+02,0.000000000000000000e+00
1.443369999999846129e+02,0.000000000000000000e+00
1.444369999999846073e+02,0.000000000000000000e+00
1.445369999999846300e+02,0.000000000000000000e+00
1.446369999999846243e+02,0.000000000000000000e+00
1.447369999999845902e+02,0.000000000000000000e+00
1.448369999999845845e+02,0.000000000000000000e+00
1.449369999999846073e+02,0.000000000000000000e+00
1.450369999999846016e+02,0.000000000000000000e+00
1.451369999999845675e+02,0.000000000000000000e+00
1.452369999999845618e+02,0.000000000000000000e+00
1.453369999999845845e+02,0.000000000000000000e+00
1.454369999999845788e+02,0.000000000000000000e+00
1.455369999999845447e+02,0.000000000000000000e+00
1.456369999999845390e+02,0.000000000000000000e+00
1.457369999999845618e+02,0.000000000000000000e+00
1.458369999999845561e+02,0.000000000000000000e+00
1.459369999999845220e+02,0.000000000000000000e+00
1.460369999999845163e+02,0.000000000000000000e+00
1.461369999999845390e+02,0.000000000000000000e+00
1.462369999999845334e+02,0.000000000000000000e+00
1.463369999999844993e+02,0.000000000000000000e+00
1.464369999999844936e+02,0.000000000000000000e+00
1.465369999999845163e+02,0.000000000000000000e+00
1.466369999999845106e+02,0.000000000000000000e+00
1.467369999999844765e+02,0.000000000000000000e+00
1.468369999999844708e+02,0.000000000000000000e+00
1.469369999999844936e+02,0.000000000000000000e+00
1.470369999999844879e+02,0.000000000000000000e+00
1.471369999999844538e+02,0.000000000000000000e+00
1.472369999999844481e+02,0.000000000000000000e+00
1.473369999999844708e+02,0.000000000000000000e+00
1.474369999999844651e+02,0.000000000000000000e+00
1.475369999999844310e+02,0.000000000000000000e+00
1.476369999999844254e+02,0.000000000000000000e+00
1.477369999999844481e+02,0.000000000000000000e+00
1.478369999999844424e+02,0.000000000000000000e+00
1.479369999999844083e+02,0.000000000000000000e+00
1.480369999999844026e+02,0.000000000000000000e+00
1.481369999999844254e+02,0.000000000000000000e+00
1.482369999999844197e+02,0.000000000000000000e+00
1.483369999999843856e+02,0.000000000000000000e+00
1.484369999999843799e+02,0.000000000000000000e+00
1.485369999999844026e+02,0.000000000000000000e+00
1.486369999999843969e+02,0.000000000000000000e+00
1.487369999999843628e+02,0.000000000000000000e+00
1.488369999999843571e+02,0.000000000000000000e+00
1.489369999999843799e+02,0.000000000000000000e+00
1.490369999999843742e+02,0.000000000000000000e+00
1.491369999999843401e+02,0.000000000000000000e+00
1.492369999999843344e+02,0.000000000000000000e+00
1.493369999999843571e+02,0.000000000000000000e+00
1.494369999999843515e+02,0.000000000000000000e+00
1.495369999999843174e+02,0.000000000000000000e+00
1.496369999999843117e+02,0.000000000000000000e+00
1.497369999999843344e+02,0.000000000000000000e+00
1.498369999999843287e+02,0.000000000000000000e+00
1.499369999999842946e+02,0.000000000000000000e+00
1.500369999999842889e+02,0.000000000000000000e+00
1.501369999999843117e+02,0.000000000000000000e+00
1.502369999999843060e+02,0.000000000000000000e+00
1.503369999999842719e+02,0.000000000000000000e+00
1.504369999999842662e+02,0.000000000000000000e+00
1.505369999999842889e+02,0.000000000000000000e+00
1.506369999999842832e+02,0.000000000000000000e+00
1.507369999999842491e+02,0.000000000000000000e+00
1.508369999999842435e+02,0.000000000000000000e+00
1.509369999999842662e+02,0.000000000000000000e+00
1.510369999999842605e+02,0.000000000000000000e+00
1.511369999999842264e+02,0.000000000000000000e+00
1.512369999999842207e+02,0.000000000000000000e+00
1.513369999999842435e+02,0.000000000000000000e+00
1.514369999999842378e+02,0.000000000000000000e+00
1.515369999999842037e+02,0.000000000000000000e+00
1.516369999999841980e+02,0.000000000000000000e+00
1.517369999999842207e+02,0.000000000000000000e+00
1.518369999999842150e+02,0.000000000000000000e+00
1.519369999999841809e+02,0.000000000000000000e+00
1.520369999999841752e+02,0.000000000000000000e+00
1.521369999999841980e+02,0.000000000000000000e+00
1.522369999999841923e+02,0.000000000000000000e+00
1.523369999999841582e+02,0.000000000000000000e+00
1.524369999999841525e+02,0.000000000000000000e+00
1.525369999999841752e+02,0.000000000000000000e+00
1.526369999999841696e+02,0.000000000000000000e+00
1.527369999999841355e+02,0.000000000000000000e+00
1.528369999999841298e+02,0.000000000000000000e+00
1.529369999999841525e+02,0.000000000000000000e+00
1.530369999999841468e+02,0.000000000000000000e+00
1.531369999999841127e+02,0.000000000000000000e+00
1.532369999999841070e+02,0.000000000000000000e+00
1.533369999999841298e+02,0.000000000000000000e+00
1.534369999999841241e+02,0.000000000000000000e+00
1.535369999999840900e+02,0.000000000000000000e+00
1.536369999999840843e+02,0.000000000000000000e+00
1.537369999999841070e+02,0.000000000000000000e+00
1.538369999999841014e+02,0.000000000000000000e+00
1.539369999999840672e+02,0.000000000000000000e+00
1.540369999999840616e+02,0.000000000000000000e+00
1.541369999999840843e+02,0.000000000000000000e+00
1.542369999999840786e+02,0.000000000000000000e+00
1.543369999999840445e+02,0.000000000000000000e+00
1.544369999999840388e+02,0.000000000000000000e+00
1.545369999999840616e+02,0.000000000000000000e+00
1.546369999999840559e+02,0.000000000000000000e+00
1.547369999999840218e+02,0.000000000000000000e+00
1.548369999999840161e+02,0.000000000000000000e+00
1.549369999999840388e+02,0.000000000000000000e+00
1.550369999999840331e+02,0.000000000000000000e+00
1.551369999999839990e+02,0.000000000000000000e+00
1.552369999999839933e+02,0.000000000000000000e+00
1.553369999999840161e+02,0.000000000000000000e+00
1.554369999999840104e+02,0.000000000000000000e+00
1.555369999999839763e+02,0.000000000000000000e+00
1.556369999999839706e+02,0.000000000000000000e+00
1.557369999999839933e+02,0.000000000000000000e+00
1.558369999999839877e+02,0.000000000000000000e+00
1.559369999999839536e+02,0.000000000000000000e+00
1.560369999999839479e+02,0.000000000000000000e+00
1.561369999999839706e+02,0.000000000000000000e+00
1.562369999999839649e+02,0.000000000000000000e+00
1.563369999999839308e+02,0.000000000000000000e+00
1.564369999999839251e+02,0.000000000000000000e+00
1.565369999999839479e+02,0.000000000000000000e+00
1.566369999999839422e+02,0.000000000000000000e+00
1.567369999999839081e+02,0.000000000000000000e+00
1.568369999999839024e+02,0.000000000000000000e+00
1.569369999999839251e+02,0.000000000000000000e+00
1.570369999999839195e+02,0.000000000000000000e+00
1.571369999999838853e+02,0.000000000000000000e+00
1.572369999999838797e+02,0.000000000000000000e+00
1.573369999999839024e+02,0.000000000000000000e+00
1.574369999999838967e+02,0.000000000000000000e+00
1.575369999999838626e+02,0.000000000000000000e+00
1.576369999999838569e+02,0.000000000000000000e+00
1.577369999999838797e+02,0.000000000000000000e+00
1.578369999999838740e+02,0.000000000000000000e+00
1.579369999999838399e+02,0.000000000000000000e+00
1.580369999999838342e+02,0.000000000000000000e+00
1.581369999999838569e+02,0.000000000000000000e+00
1.582369999999838512e+02,0.000000000000000000e+00
1.583369999999838171e+02,0.000000000000000000e+00
1.584369999999838114e+02,0.000000000000000000e+00
1.585369999999838342e+02,0.000000000000000000e+00
1.586369999999838285e+02,0.000000000000000000e+00
1.587369999999837944e+02,0.000000000000000000e+00
1.588369999999837887e+02,0.000000000000000000e+00
1.589369999999838114e+02,0.000000000000000000e+00
1.590369999999838058e+02,0.000000000000000000e+00
1.591369999999837717e+02,0.000000000000000000e+00
1.592369999999837660e+02,0.000000000000000000e+00
1.593369999999837887e+02,0.000000000000000000e+00
1.594369999999837830e+02,0.000000000000000000e+00
1.595369999999837489e+02,0.000000000000000000e+00
1.596369999999837432e+02,0.000000000000000000e+00
1.597369999999837660e+02,0.000000000000000000e+00
1.598369999999837603e+02,0.000000000000000000e+00
1.599369999999837262e+02,0.000000000000000000e+00
1.600369999999837205e+02,0.000000000000000000e+00
1.601369999999837432e+02,0.000000000000000000e+00
1.602369999999837376e+02,0.000000000000000000e+00
1.603369999999837034e+02,0.000000000000000000e+00
1.604369999999836978e+02,0.000000000000000000e+00
1.605369999999837205e+02,0.000000000000000000e+00
1.606369999999837148e+02,0.000000000000000000e+00
1.607369999999836807e+02,0.000000000000000000e+00
1.608369999999836750e+02,0.000000000000000000e+00
1.609369999999836978e+02,0.000000000000000000e+00
1.610369999999836921e+02,0.000000000000000000e+00
1.611369999999836580e+02,0.000000000000000000e+00
1.612369999999836523e+02,0.000000000000000000e+00
1.613369999999836750e+02,0.000000000000000000e+00
1.614369999999836693e+02,0.000000000000000000e+00
1.615369999999836352e+02,0.000000000000000000e+00
1.616369999999836296e+02,0.000000000000000000e+00
1.617369999999836523e+02,0.000000000000000000e+00
1.618369999999836466e+02,0.000000000000000000e+00
1.619369999999836125e+02,0.000000000000000000e+00
1.620369999999836068e+02,0.000000000000000000e+00
1.621369999999836296e+02,0.000000000000000000e+00
1.622369999999836239e+02,0.000000000000000000e+00
1.623369999999835898e+02,0.000000000000000000e+00
1.624369999999835841e+02,0.000000000000000000e+00
1.625369999999836068e+02,0.000000000000000000e+00
1.626369999999836011e+02,0.000000000000000000e+00
1.627369999999835670e+02,0.000000000000000000e+00
1.628369999999835613e+02,0.000000000000000000e+00
1.629369999999835841e+02,0.000000000000000000e+00
1.630369999999835784e+02,0.000000000000000000e+00
1.631369999999835443e+02,0.000000000000000000e+00
1.632369999999835386e+02,0.000000000000000000e+00
1.633369999999835613e+02,0.000000000000000000e+00
1.634369999999835557e+02,0.000000000000000000e+00
1.635369999999835215e+02,0.000000000000000000e+00
1.636369999999835159e+02,0.000000000000000000e+00
1.637369999999835386e+02,0.000000000000000000e+00
1.638369999999835329e+02,0.000000000000000000e+00
1.639369999999834988e+02,0.000000000000000000e+00
1.640369999999834931e+02,0.000000000000000000e+00
1.641369999999835159e+02,0.000000000000000000e+00
1.642369999999835102e+02,0.000000000000000000e+00
1.643369999999834761e+02,0.000000000000000000e+00
1.644369999999834704e+02,0.000000000000000000e+00
1.645369999999834931e+02,0.000000000000000000e+00
1.646369999999834874e+02,0.000000000000000000e+00
1.647369999999834533e+02,0.000000000000000000e+00
1.648369999999834477e+02,0.000000000000000000e+00
1.649369999999834704e+02,0.000000000000000000e+00
1.650369999999834647e+02,0.000000000000000000e+00
1.651369999999834306e+02,0.000000000000000000e+00
1.652369999999834249e+02,0.000000000000000000e+00
1.653369999999834477e+02,0.000000000000000000e+00
1.654369999999834420e+02,0.000000000000000000e+00
1.655369999999834079e+02,0.000000000000000000e+00
1.656369999999834022e+02,0.000000000000000000e+00
1.657369999999834249e+02,0.000000000000000000e+00
1.658369999999834192e+02,0.000000000000000000e+00
1.659369999999833851e+02,0.000000000000000000e+00
1.660369999999833794e+02,0.000000000000000000e+00
1.661369999999834022e+02,0.000000000000000000e+00
1.662369999999833965e+02,0.000000000000000000e+00
1.663369999999833624e+02,0.000000000000000000e+00
1.664369999999833567e+02,0.000000000000000000e+00
1.665369999999833794e+02,0.000000000000000000e+00
1.666369999999833738e+02,0.000000000000000000e+00
1.667369999999833396e+02,0.000000000000000000e+00
1.668369999999833340e+02,0.000000000000000000e+00
1.669369999999833567e+02,0.000000000000000000e+00
1.670369999999833510e+02,0.000000000000000000e+00
1.671369999999833169e+02,0.000000000000000000e+00
1.672369999999833112e+02,0.000000000000000000e+00
1.673369999999833340e+02,0.000000000000000000e+00
1.674369999999833283e+02,0.000000000000000000e+00
1.675369999999832942e+02,0.000000000000000000e+00
1.676369999999832885e+02,0.000000000000000000e+00
1.677369999999833112e+02,0.000000000000000000e+00
1.678369999999833055e+02,0.000000000000000000e+00
1.679369999999832714e+02,0.000000000000000000e+00
1.680369999999832658e+02,0.000000000000000000e+00
1.681369999999832885e+02,0.000000000000000000e+00
1.682369999999832828e+02,0.000000000000000000e+00
1.683369999999832487e+02,0.000000000000000000e+00
1.684369999999832430e+02,0.000000000000000000e+00
1.685369999999832658e+02,0.000000000000000000e+00
1.686369999999832601e+02,0.000000000000000000e+00
1.687369999999832260e+02,0.000000000000000000e+00
1.688369999999832203e+02,0.000000000000000000e+00
1.689369999999832430e+02,0.000000000000000000e+00
1.690369999999832373e+02,0.000000000000000000e+00
1.691369999999832032e+02,0.000000000000000000e+00
1.692369999999831975e+02,0.000000000000000000e+00
1.693369999999832203e+02,0.000000000000000000e+00
1.694369999999832146e+02,0.000000000000000000e+00
1.695369999999831805e+02,0.000000000000000000e+00
1.696369999999831748e+02,0.000000000000000000e+00
1.697369999999831975e+02,0.000000000000000000e+00
1.698369999999831919e+02,0.000000000000000000e+00
1.699369999999831577e+02,0.000000000000000000e+00
1.700369999999831521e+02,0.000000000000000000e+00
1.701369999999831748e+02,0.000000000000000000e+00
1.702369999999831691e+02,0.000000000000000000e+00
1.703369999999831350e+02,0.000000000000000000e+00
1.704369999999831293e+02,0.000000000000000000e+00
1.705369999999831521e+02,0.000000000000000000e+00
1.706369999999831464e+02,0.000000000000000000e+00
1.707369999999831123e+02,0.000000000000000000e+00
1.708369999999831066e+02,0.000000000000000000e+00
1.709369999999831293e+02,0.000000000000000000e+00
1.710369999999831236e+02,0.000000000000000000e+00
1.711369999999830895e+02,0.000000000000000000e+00
1.712369999999830839e+02,0.000000000000000000e+00
1.713369999999831066e+02,0.000000000000000000e+00
1.714369999999831009e+02,0.000000000000000000e+00
1.715369999999830668e+02,0.000000000000000000e+00
1.716369999999830611e+02,0.000000000000000000e+00
1.717369999999830839e+02,0.000000000000000000e+00
1.718369999999830782e+02,0.000000000000000000e+00
1.719369999999830441e+02,0.000000000000000000e+00
1.720369999999830384e+02,0.000000000000000000e+00
1.721369999999830611e+02,0.000000000000000000e+00
1.722369999999830554e+02,0.000000000000000000e+00
1.723369999999830213e+02,0.000000000000000000e+00
1.724369999999830156e+02,0.000000000000000000e+00
1.725369999999830384e+02,0.000000000000000000e+00
1.726369999999830327e+02,0.000000000000000000e+00
1.727369999999829986e+02,0.000000000000000000e+00
1.728369999999829929e+02,0.000000000000000000e+00
1.729369999999830156e+02,0.000000000000000000e+00
1.730369999999830100e+02,0.000000000000000000e+00
1.731369999999829759e+02,0.000000000000000000e+00
1.732369999999829702e+02,0.000000000000000000e+00
1.733369999999829929e+02,0.000000000000000000e+00
1.734369999999829872e+02,0.000000000000000000e+00
1.735369999999829531e+02,0.000000000000000000e+00
1.736369999999829474e+02,0.000000000000000000e+00
1.737369999999829702e+02,0.000000000000000000e+00
1.738369999999829645e+02,0.000000000000000000e+00
1.739369999999829304e+02,0.000000000000000000e+00
1.740369999999829247e+02,0.000000000000000000e+00
1.741369999999829474e+02,0.000000000000000000e+00
1.742369999999829417e+02,0.000000000000000000e+00
1.743369999999829076e+02,0.000000000000000000e+00
1.744369999999829020e+02,0.000000000000000000e+00
1.745369999999829247e+02,0.000000000000000000e+00
1.746369999999829190e+02,0.000000000000000000e+00
1.747369999999828849e+02,0.000000000000000000e+00
1.748369999999828792e+02,0.000000000000000000e+00
1.749369999999829020e+02,0.000000000000000000e+00
1.750369999999828963e+02,0.000000000000000000e+00
1.751369999999828622e+02,0.000000000000000000e+00
1.752369999999828565e+02,0.000000000000000000e+00
1.753369999999828792e+02,0.000000000000000000e+00
1.754369999999828735e+02,0.000000000000000000e+00
1.755369999999828394e+02,0.000000000000000000e+00
1.756369999999828337e+02,0.000000000000000000e+00
1.757369999999828565e+02,0.000000000000000000e+00
1.758369999999828508e+02,0.000000000000000000e+00
1.759369999999828167e+02,0.000000000000000000e+00
1.760369999999828110e+02,0.000000000000000000e+00
1.761369999999828337e+02,0.000000000000000000e+00
1.762369999999828281e+02,0.000000000000000000e+00
1.763369999999827940e+02,0.000000000000000000e+00
1.764369999999827883e+02,0.000000000000000000e+00
1.765369999999828110e+02,0.000000000000000000e+00
1.766369999999828053e+02,0.000000000000000000e+00
1.767369999999827712e+02,0.000000000000000000e+00
1.768369999999827655e+02,0.000000000000000000e+00
1.769369999999827883e+02,0.000000000000000000e+00
1.770369999999827826e+02,0.000000000000000000e+00
1.771369999999827485e+02,0.000000000000000000e+00
1.772369999999827428e+02,0.000000000000000000e+00
1.773369999999827655e+02,0.000000000000000000e+00
1.774369999999827598e+02,0.000000000000000000e+00
1.775369999999827257e+02,0.000000000000000000e+00
1.776369999999827201e+02,0.000000000000000000e+00
1.777369999999827428e+02,0.000000000000000000e+00
1.778369999999827371e+02,0.000000000000000000e+00
1.779369999999827030e+02,0.000000000000000000e+00
1.780369999999826973e+02,0.000000000000000000e+00
1.781369999999827201e+02,0.000000000000000000e+00
1.782369999999827144e+02,0.000000000000000000e+00
1.783369999999826803e+02,0.000000000000000000e+00
1.784369999999826746e+02,0.000000000000000000e+00
1.785369999999826973e+02,0.000000000000000000e+00
1.786369999999826916e+02,0.000000000000000000e+00
1.787369999999826575e+02,0.000000000000000000e+00
1.788369999999826518e+02,0.000000000000000000e+00
1.789369999999826746e+02,0.000000000000000000e+00
1.790369999999826689e+02,0.000000000000000000e+00
1.791369999999826348e+02,0.000000000000000000e+00
1.792369999999826291e+02,0.000000000000000000e+00
1.793369999999826518e+02,0.000000000000000000e+00
1.794369999999826462e+02,0.000000000000000000e+00
1.795369999999826121e+02,0.000000000000000000e+00
1.796369999999826064e+02,0.000000000000000000e+00
1.797369999999826291e+02,0.000000000000000000e+00
1.798369999999826234e+02,0.000000000000000000e+00
1.799369999999825893e+02,0.000000000000000000e+00
1.800369999999825836e+02,0.000000000000000000e+00
1.801369999999826064e+02,0.000000000000000000e+00
1.802369999999826007e+02,0.000000000000000000e+00
1.803369999999825666e+02,0.000000000000000000e+00
1.804369999999825609e+02,0.000000000000000000e+00
1.805369999999825836e+02,0.000000000000000000e+00
1.806369999999825779e+02,0.000000000000000000e+00
1.807369999999825438e+02,0.000000000000000000e+00
1.808369999999825382e+02,0.000000000000000000e+00
1.809369999999825609e+02,0.000000000000000000e+00
1.810369999999825552e+02,0.000000000000000000e+00
1.811369999999825211e+02,0.000000000000000000e+00
1.812369999999825154e+02,0.000000000000000000e+00
1.813369999999825382e+02,0.000000000000000000e+00
1.814369999999825325e+02,0.000000000000000000e+00
1.815369999999824984e+02,0.000000000000000000e+00
1.816369999999824927e+02,0.000000000000000000e+00
1.817369999999825154e+02,0.000000000000000000e+00
1.818369999999825097e+02,0.000000000000000000e+00
1.819369999999824756e+02,0.000000000000000000e+00
1.820369999999824699e+02,0.000000000000000000e+00
1.821369999999824927e+02,0.000000000000000000e+00
1.822369999999824870e+02,0.000000000000000000e+00
1.823369999999824529e+02,0.000000000000000000e+00
1.824369999999824472e+02,0.000000000000000000e+00
1.825369999999824699e+02,0.000000000000000000e+00
1.826369999999824643e+02,0.000000000000000000e+00
1.827369999999824302e+02,0.000000000000000000e+00
1.828369999999824245e+02,0.000000000000000000e+00
1.829369999999824472e+02,0.000000000000000000e+00
1.830369999999824415e+02,0.000000000000000000e+00
1.831369999999824074e+02,0.000000000000000000e+00
1.832369999999824017e+02,0.000000000000000000e+00
1.833369999999824245e+02,0.000000000000000000e+00
1.834369999999824188e+02,0.000000000000000000e+00
1.835369999999823847e+02,0.000000000000000000e+00
1.836369999999823790e+02,0.000000000000000000e+00
1.837369999999824017e+02,0.000000000000000000e+00
1.838369999999823960e+02,0.000000000000000000e+00
1.839369999999823619e+02,0.000000000000000000e+00
1.840369999999823563e+02,0.000000000000000000e+00
1.841369999999823790e+02,0.000000000000000000e+00
1.842369999999823733e+02,0.000000000000000000e+00
1.843369999999823392e+02,0.000000000000000000e+00
1.844369999999823335e+02,0.000000000000000000e+00
1.845369999999823563e+02,0.000000000000000000e+00
1.846369999999823506e+02,0.000000000000000000e+00
1.847369999999823165e+02,0.000000000000000000e+00
1.848369999999823108e+02,0.000000000000000000e+00
1.849369999999823335e+02,0.000000000000000000e+00
1.850369999999823278e+02,0.000000000000000000e+00
1.851369999999822937e+02,0.000000000000000000e+00
1.852369999999822880e+02,0.000000000000000000e+00
1.853369999999823108e+02,0.000000000000000000e+00
1.854369999999823051e+02,0.000000000000000000e+00
1.855369999999822710e+02,0.000000000000000000e+00
1.856369999999822653e+02,0.000000000000000000e+00
1.857369999999822880e+02,0.000000000000000000e+00
1.858369999999822824e+02,0.000000000000000000e+00
1.859369999999822483e+02,0.000000000000000000e+00
1.860369999999822426e+02,0.000000000000000000e+00
1.861369999999822653e+02,0.000000000000000000e+00
1.862369999999822596e+02,0.000000000000000000e+00
1.863369999999822255e+02,0.000000000000000000e+00
1.864369999999822198e+02,0.000000000000000000e+00
1.865369999999822426e+02,0.000000000000000000e+00
1.866369999999822369e+02,0.000000000000000000e+00
1.867369999999822028e+02,0.000000000000000000e+00
1.868369999999821971e+02,0.000000000000000000e+00
1.869369999999822198e+02,0.000000000000000000e+00
1.870369999999822141e+02,0.000000000000000000e+00
1.871369999999821800e+02,0.000000000000000000e+00
1.872369999999821744e+02,0.000000000000000000e+00
1.873369999999821971e+02,0.000000000000000000e+00
1.874369999999821914e+02,0.000000000000000000e+00
1.875369999999821573e+02,0.000000000000000000e+00
1.876369999999821516e+02,0.000000000000000000e+00
1.877369999999821744e+02,0.000000000000000000e+00
1.878369999999821687e+02,0.000000000000000000e+00
1.879369999999821346e+02,0.000000000000000000e+00
1.880369999999821289e+02,0.000000000000000000e+00
1.881369999999821516e+02,0.000000000000000000e+00
1.882369999999821459e+02,0.000000000000000000e+00
1.883369999999821118e+02,0.000000000000000000e+00
1.884369999999821061e+02,0.000000000000000000e+00
1.885369999999821289e+02,0.000000000000000000e+00
1.886369999999821232e+02,0.000000000000000000e+00
1.887369999999820891e+02,0.000000000000000000e+00
1.888369999999820834e+02,0.000000000000000000e+00
1.889369999999821061e+02,0.000000000000000000e+00
1.890369999999821005e+02,0.000000000000000000e+00
1.891369999999820664e+02,0.000000000000000000e+00
1.892369999999820607e+02,0.000000000000000000e+00
1.893369999999820834e+02,0.000000000000000000e+00
1.894369999999820777e+02,0.000000000000000000e+00
1.895369999999820436e+02,0.000000000000000000e+00
1.896369999999820379e+02,0.000000000000000000e+00
1.897369999999820607e+02,0.000000000000000000e+00
1.898369999999820550e+02,0.000000000000000000e+00
1.899369999999820209e+02,0.000000000000000000e+00
1.900369999999820152e+02,0.000000000000000000e+00
1.901369999999820379e+02,0.000000000000000000e+00
1.902369999999820323e+02,0.000000000000000000e+00
1.903369999999819981e+02,0.000000000000000000e+00
1.904369999999819925e+02,0.000000000000000000e+00
1.905369999999820152e+02,0.000000000000000000e+00
1.906369999999820095e+02,0.000000000000000000e+00
1.907369999999819754e+02,0.000000000000000000e+00
1.908369999999819697e+02,0.000000000000000000e+00
1.909369999999819925e+02,0.000000000000000000e+00
1.910369999999819868e+02,0.000000000000000000e+00
1.911369999999819527e+02,0.000000000000000000e+00
1.912369999999819470e+02,0.000000000000000000e+00
1.913369999999819697e+02,0.000000000000000000e+00
1.914369999999819640e+02,0.000000000000000000e+00
1.915369999999819299e+02,0.000000000000000000e+00
1.916369999999819242e+02,0.000000000000000000e+00
1.917369999999819470e+02,0.000000000000000000e+00
1.918369999999819413e+02,0.000000000000000000e+00
1.919369999999819072e+02,0.000000000000000000e+00
1.920369999999819015e+02,0.000000000000000000e+00
1.921369999999819242e+02,0.000000000000000000e+00
1.922369999999819186e+02,0.000000000000000000e+00
1.923369999999818845e+02,0.000000000000000000e+00
1.924369999999818788e+02,0.000000000000000000e+00
1.925369999999819015e+02,0.000000000000000000e+00
1.926369999999818958e+02,0.000000000000000000e+00
1.927369999999818617e+02,0.000000000000000000e+00
1.928369999999818560e+02,0.000000000000000000e+00
1.929369999999818788e+02,0.000000000000000000e+00
1.930369999999818731e+02,0.000000000000000000e+00
1.931369999999818390e+02,0.000000000000000000e+00
1.932369999999818333e+02,0.000000000000000000e+00
1.933369999999818560e+02,0.000000000000000000e+00
1.934369999999818504e+02,0.000000000000000000e+00
1.935369999999818162e+02,0.000000000000000000e+00
1.936369999999818106e+02,0.000000000000000000e+00
1.937369999999818333e+02,0.000000000000000000e+00
1.938369999999818276e+02,0.000000000000000000e+00
1.939369999999817935e+02,0.000000000000000000e+00
1.940369999999817878e+02,0.000000000000000000e+00
1.941369999999818106e+02,0.000000000000000000e+00
1.942369999999818049e+02,0.000000000000000000e+00
1.943369999999817708e+02,0.000000000000000000e+00
1.944369999999817651e+02,0.000000000000000000e+00
1.945369999999817878e+02,0.000000000000000000e+00
1.946369999999817821e+02,0.000000000000000000e+00
1.947369999999817480e+02,0.000000000000000000e+00
1.948369999999817423e+02,0.000000000000000000e+00
1.949369999999817651e+02,0.000000000000000000e+00
1.950369999999817594e+02,0.000000000000000000e+00
1.951369999999817253e+02,0.000000000000000000e+00
1.952369999999817196e+02,0.000000000000000000e+00
1.953369999999817423e+02,0.000000000000000000e+00
1.954369999999817367e+02,0.000000000000000000e+00
1.955369999999817026e+02,0.000000000000000000e+00
1.956369999999816969e+02,0.000000000000000000e+00
1.957369999999817196e+02,0.000000000000000000e+00
1.958369999999817139e+02,0.000000000000000000e+00
1.959369999999816798e+02,0.000000000000000000e+00
1.960369999999816741e+02,0.000000000000000000e+00
1.961369999999816969e+02,0.000000000000000000e+00
1.962369999999816912e+02,0.000000000000000000e+00
1.963369999999816571e+02,0.000000000000000000e+00
1.964369999999816514e+02,0.000000000000000000e+00
1.965369999999816741e+02,0.000000000000000000e+00
1.966369999999816685e+02,0.000000000000000000e+00
1.967369999999816343e+02,0.000000000000000000e+00
1.968369999999816287e+02,0.000000000000000000e+00
1.969369999999816514e+02,0.000000000000000000e+00
1.970369999999816457e+02,0.000000000000000000e+00
1.971369999999816116e+02,0.000000000000000000e+00
1.972369999999816059e+02,0.000000000000000000e+00
1.973369999999816287e+02,0.000000000000000000e+00
1.974369999999816230e+02,0.000000000000000000e+00
1.975369999999815889e+02,0.000000000000000000e+00
1.976369999999815832e+02,0.000000000000000000e+00
1.977369999999816059e+02,0.000000000000000000e+00
1.978369999999816002e+02,0.000000000000000000e+00
1.979369999999815661e+02,0.000000000000000000e+00
1.980369999999815604e+02,0.000000000000000000e+00
1.981369999999815832e+02,0.000000000000000000e+00
1.982369999999815775e+02,0.000000000000000000e+00
1.983369999999815434e+02,0.000000000000000000e+00
1.984369999999815377e+02,0.000000000000000000e+00
1.985369999999815604e+02,0.000000000000000000e+00
1.986369999999815548e+02,0.000000000000000000e+00
1.987369999999815207e+02,0.000000000000000000e+00
1.988369999999815150e+02,0.000000000000000000e+00
1.989369999999815377e+02,0.000000000000000000e+00
1.990369999999815320e+02,0.000000000000000000e+00
1.991369999999814979e+02,0.000000000000000000e+00
1.992369999999814922e+02,0.000000000000000000e+00
1.993369999999815150e+02,0.000000000000000000e+00
1.994369999999815093e+02,0.000000000000000000e+00
1.995369999999814752e+02,0.000000000000000000e+00
1.996369999999814695e+02,0.000000000000000000e+00
1.997369999999814922e+02,0.000000000000000000e+00
1.998369999999814866e+02,0.000000000000000000e+00
1.999369999999814524e+02,0.000000000000000000e+00
2.000369999999814468e+02,0.000000000000000000e+00
2.001369999999814695e+02,0.000000000000000000e+00
2.002369999999814638e+02,0.000000000000000000e+00
2.003369999999814297e+02,0.000000000000000000e+00
2.004369999999814240e+02,0.000000000000000000e+00
2.005369999999814468e+02,0.000000000000000000e+00
2.006369999999814411e+02,0.000000000000000000e+00
2.007369999999814070e+02,0.000000000000000000e+00
2.008369999999814013e+02,0.000000000000000000e+00
2.009369999999814240e+02,0.000000000000000000e+00
2.010369999999814183e+02,0.000000000000000000e+00
2.011369999999813842e+02,0.000000000000000000e+00
2.012369999999813786e+02,0.000000000000000000e+00
2.013369999999814013e+02,0.000000000000000000e+00
2.014369999999813956e+02,0.000000000000000000e+00
2.015369999999813615e+02,0.000000000000000000e+00
2.016369999999813558e+02,0.000000000000000000e+00
2.017369999999813786e+02,0.000000000000000000e+00
2.018369999999813729e+02,0.000000000000000000e+00
2.019369999999813388e+02,0.000000000000000000e+00
2.020369999999813331e+02,0.000000000000000000e+00
2.021369999999813558e+02,0.000000000000000000e+00
2.022369999999813501e+02,0.000000000000000000e+00
2.023369999999813160e+02,0.000000000000000000e+00
2.024369999999813103e+02,0.000000000000000000e+00
2.025369999999813331e+02,0.000000000000000000e+00
2.026369999999813274e+02,0.000000000000000000e+00
2.027369999999812933e+02,0.000000000000000000e+00
2.028369999999812876e+02,0.000000000000000000e+00
2.029369999999813103e+02,0.000000000000000000e+00
2.030369999999813047e+02,0.000000000000000000e+00
2.031369999999812705e+02,0.000000000000000000e+00
2.032369999999812649e+02,0.000000000000000000e+00
2.033369999999812876e+02,0.000000000000000000e+00
2.034369999999812819e+02,0.000000000000000000e+00
2.035369999999812478e+02,0.000000000000000000e+00
2.036369999999812421e+02,0.000000000000000000e+00
2.037369999999812649e+02,0.000000000000000000e+00
2.038369999999812592e+02,0.000000000000000000e+00
2.039369999999812251e+02,0.000000000000000000e+00
2.040369999999812194e+02,0.000000000000000000e+00
2.041369999999812421e+02,0.000000000000000000e+00
2.042369999999812364e+02,0.000000000000000000e+00
2.043369999999812023e+02,0.000000000000000000e+00
2.044369999999811967e+02,0.000000000000000000e+00
2.045369999999812194e+02,0.000000000000000000e+00
2.046369999999812137e+02,0.000000000000000000e+00
2.047369999999811796e+02,0.000000000000000000e+00
2.048369999999811739e+02,0.000000000000000000e+00
2.049369999999811967e+02,0.000000000000000000e+00
2.050369999999811910e+02,0.000000000000000000e+00
2.051369999999811569e+02,0.000000000000000000e+00
2.052369999999811512e+02,0.000000000000000000e+00
2.053369999999811739e+02,0.000000000000000000e+00
2.054369999999811682e+02,0.000000000000000000e+00
2.055369999999811341e+02,0.000000000000000000e+00
2.056369999999811284e+02,0.000000000000000000e+00
2.057369999999811512e+02,0.000000000000000000e+00
2.058369999999811455e+02,0.000000000000000000e+00
2.059369999999811114e+02,0.000000000000000000e+00
2.060369999999811057e+02,0.000000000000000000e+00
2.061369999999811284e+02,0.000000000000000000e+00
2.062369999999811228e+02,0.000000000000000000e+00
2.063369999999810886e+02,0.000000000000000000e+00
2.064369999999810830e+02,0.000000000000000000e+00
2.065369999999811057e+02,0.000000000000000000e+00
2.066369999999811000e+02,0.000000000000000000e+00
2.067369999999810659e+02,0.000000000000000000e+00
2.068369999999810602e+02,0.000000000000000000e+00
2.069369999999810830e+02,0.000000000000000000e+00
2.070369999999810773e+02,0.000000000000000000e+00
2.071369999999810432e+02,0.000000000000000000e+00
2.072369999999810375e+02,0.000000000000000000e+00
2.073369999999810602e+02,0.000000000000000000e+00
2.074369999999810545e+02,0.000000000000000000e+00
2.075369999999810204e+02,0.000000000000000000e+00
2.076369999999810148e+02,0.000000000000000000e+00
2.077369999999810375e+02,0.000000000000000000e+00
2.078369999999810318e+02,0.000000000000000000e+00
2.079369999999809977e+02,0.000000000000000000e+00
2.080369999999809920e+02,0.000000000000000000e+00
2.081369999999810148e+02,0.000000000000000000e+00
2.082369999999810091e+02,0.000000000000000000e+00
2.083369999999809750e+02,0.000000000000000000e+00
2.084369999999809693e+02,0.000000000000000000e+00
2.085369999999809920e+02,0.000000000000000000e+00
2.086369999999809863e+02,0.000000000000000000e+00
2.087369999999809522e+02,0.000000000000000000e+00
2.088369999999809465e+02,0.000000000000000000e+00
2.089369999999809693e+02,0.000000000000000000e+00
2.090369999999809636e+02,0.000000000000000000e+00
2.091369999999809295e+02,0.000000000000000000e+00
2.092369999999809238e+02,0.000000000000000000e+00
2.093369999999809465e+02,0.000000000000000000e+00
2.094369999999809409e+02,0.000000000000000000e+00
2.095369999999809068e+02,0.000000000000000000e+00
2.096369999999809011e+02,0.000000000000000000e+00
2.097369999999809238e+02,0.000000000000000000e+00
2.098369999999809181e+02,0.000000000000000000e+00
2.099369999999808840e+02,0.000000000000000000e+00
2.100369999999808783e+02,0.000000000000000000e+00
2.101369999999809011e+02,0.000000000000000000e+00
2.102369999999808954e+02,0.000000000000000000e+00
2.103369999999808613e+02,0.000000000000000000e+00
2.104369999999808556e+02,0.000000000000000000e+00
2.105369999999808783e+02,0.000000000000000000e+00
2.106369999999808726e+02,0.000000000000000000e+00
2.107369999999808385e+02,0.000000000000000000e+00
2.108369999999808329e+02,0.000000000000000000e+00
2.109369999999808556e+02,0.000000000000000000e+00
2.110369999999808499e+02,0.000000000000000000e+00
2.111369999999808158e+02,0.000000000000000000e+00
2.112369999999808101e+02,0.000000000000000000e+00
2.113369999999808329e+02,0.000000000000000000e+00
2.114369999999808272e+02,0.000000000000000000e+00
2.115369999999807931e+02,0.000000000000000000e+00
2.116369999999807874e+02,0.000000000000000000e+00
2.117369999999808101e+02,0.000000000000000000e+00
2.118369999999808044e+02,0.000000000000000000e+00
2.119369999999807703e+02,0.000000000000000000e+00
2.120369999999807646e+02,0.000000000000000000e+00
2.121369999999807874e+02,0.000000000000000000e+00
2.122369999999807817e+02,0.000000000000000000e+00
2.123369999999807476e+02,0.000000000000000000e+00
2.124369999999807419e+02,0.000000000000000000e+00
2.125369999999807646e+02,0.000000000000000000e+00
2.126369999999807590e+02,0.000000000000000000e+00
2.127369999999807249e+02,0.000000000000000000e+00
2.128369999999807192e+02,0.000000000000000000e+00
2.129369999999807419e+02,0.000000000000000000e+00
2.130369999999807362e+02,0.000000000000000000e+00
2.131369999999807021e+02,0.000000000000000000e+00
2.132369999999806964e+02,0.000000000000000000e+00
2.133369999999807192e+02,0.000000000000000000e+00
2.134369999999807135e+02,0.000000000000000000e+00
2.135369999999806794e+02,0.000000000000000000e+00
2.136369999999806737e+02,0.000000000000000000e+00
2.137369999999806964e+02,0.000000000000000000e+00
2.138369999999806907e+02,0.000000000000000000e+00
2.139369999999806566e+02,0.000000000000000000e+00
2.140369999999806510e+02,0.000000000000000000e+00
2.141369999999806737e+02,0.000000000000000000e+00
2.142369999999806680e+02,0.000000000000000000e+00
2.143369999999806339e+02,0.000000000000000000e+00
2.144369999999806282e+02,0.000000000000000000e+00
2.145369999999806510e+02,0.000000000000000000e+00
2.146369999999806453e+02,0.000000000000000000e+00
2.147369999999806112e+02,0.000000000000000000e+00
2.148369999999806055e+02,0.000000000000000000e+00
2.149369999999806282e+02,0.000000000000000000e+00
2.150369999999806225e+02,0.000000000000000000e+00
2.151369999999805884e+02,0.000000000000000000e+00
2.152369999999805827e+02,0.000000000000000000e+00
2.153369999999806055e+02,0.000000000000000000e+00
2.154369999999805998e+02,0.000000000000000000e+00
2.155369999999805657e+02,0.000000000000000000e+00
2.156369999999805600e+02,0.000000000000000000e+00
2.157369999999805827e+02,0.000000000000000000e+00
2.158369999999805771e+02,0.000000000000000000e+00
2.159369999999805430e+02,0.000000000000000000e+00
2.160369999999805373e+02,0.000000000000000000e+00
2.161369999999805600e+02,0.000000000000000000e+00
2.162369999999805543e+02,0.000000000000000000e+00
2.163369999999805202e+02,0.000000000000000000e+00
2.164369999999805145e+02,0.000000000000000000e+00
2.165369999999805373e+02,0.000000000000000000e+00
2.166369999999805316e+02,0.000000000000000000e+00
2.167369999999804975e+02,0.000000000000000000e+00
2.168369999999804918e+02,0.000000000000000000e+00
2.169369999999805145e+02,0.000000000000000000e+00
2.170369999999805088e+02,0.000000000000000000e+00
2.171369999999804747e+02,0.000000000000000000e+00
2.172369999999804691e+02,0.000000000000000000e+00
2.173369999999804918e+02,0.000000000000000000e+00
2.174369999999804861e+02,0.000000000000000000e+00
2.175369999999804520e+02,0.000000000000000000e+00
2.176369999999804463e+02,0.000000000000000000e+00
2.177369999999804691e+02,0.000000000000000000e+00
2.178369999999804634e+02,0.000000000000000000e+00
2.179369999999804293e+02,0.000000000000000000e+00
2.180369999999804236e+02,0.000000000000000000e+00
2.181369999999804463e+02,0.000000000000000000e+00
2.182369999999804406e+02,0.000000000000000000e+00
2.183369999999804065e+02,0.000000000000000000e+00
2.184369999999804008e+02,0.000000000000000000e+00
2.185369999999804236e+02,0.000000000000000000e+00
2.186369999999804179e+02,0.000000000000000000e+00
2.187369999999803838e+02,0.000000000000000000e+00
2.188369999999803781e+02,0.000000000000000000e+00
2.189369999999804008e+02,0.000000000000000000e+00
2.190369999999803952e+02,0.000000000000000000e+00
2.191369999999803611e+02,0.000000000000000000e+00
2.192369999999803554e+02,0.000000000000000000e+00
2.193369999999803781e+02,0.000000000000000000e+00
2.194369999999803724e+02,0.000000000000000000e+00
2.195369999999803383e+02,0.000000000000000000e+00
2.196369999999803326e+02,0.000000000000000000e+00
2.197369999999803554e+02,0.000000000000000000e+00
2.198369999999803497e+02,0.000000000000000000e+00
2.199369999999803156e+02,0.000000000000000000e+00
2.200369999999803099e+02,0.000000000000000000e+00
2.201369999999803326e+02,0.000000000000000000e+00
2.202369999999803269e+02,0.000000000000000000e+00
2.203369999999802928e+02,0.000000000000000000e+00
2.204369999999802872e+02,0.000000000000000000e+00
2.205369999999803099e+02,0.000000000000000000e+00
2.206369999999803042e+02,0.000000000000000000e+00
2.207369999999802701e+02,0.000000000000000000e+00
2.208369999999802644e+02,0.000000000000000000e+00
2.209369999999802872e+02,0.000000000000000000e+00
2.210369999999802815e+02,0.000000000000000000e+00
2.211369999999802474e+02,0.000000000000000000e+00
2.212369999999802417e+02,0.000000000000000000e+00
2.213369999999802644e+02,0.000000000000000000e+00
2.214369999999802587e+02,0.000000000000000000e+00
2.215369999999802246e+02,0.000000000000000000e+00
2.216369999999802189e+02,0.000000000000000000e+00
2.217369999999802417e+02,0.000000000000000000e+00
2.218369999999802360e+02,0.000000000000000000e+00
2.219369999999802019e+02,0.000000000000000000e+00
2.220369999999801962e+02,0.000000000000000000e+00
2.221369999999802189e+02,0.000000000000000000e+00
2.222369999999802133e+02,0.000000000000000000e+00
2.223369999999801792e+02,0.000000000000000000e+00
2.224369999999801735e+02,0.000000000000000000e+00
2.225369999999801962e+02,0.000000000000000000e+00
2.226369999999801905e+02,0.000000000000000000e+00
2.227369999999801564e+02,0.000000000000000000e+00
2.228369999999801507e+02,0.000000000000000000e+00
2.229369999999801735e+02,0.000000000000000000e+00
2.230369999999801678e+02,0.000000000000000000e+00
2.231369999999801337e+02,0.000000000000000000e+00
2.232369999999801280e+02,0.000000000000000000e+00
2.233369999999801507e+02,0.000000000000000000e+00
2.234369999999801450e+02,0.000000000000000000e+00
2.235369999999801109e+02,0.000000000000000000e+00
2.236369999999801053e+02,0.000000000000000000e+00
2.237369999999801280e+02,0.000000000000000000e+00
2.238369999999801223e+02,0.000000000000000000e+00
2.239369999999800882e+02,0.000000000000000000e+00
2.240369999999800825e+02,0.000000000000000000e+00
2.241369999999801053e+02,0.000000000000000000e+00
2.242369999999800996e+02,0.000000000000000000e+00
2.243369999999800655e+02,0.000000000000000000e+00
2.244369999999800598e+02,0.000000000000000000e+00
2.245369999999800825e+02,0.000000000000000000e+00
2.246369999999800768e+02,0.000000000000000000e+00
2.247369999999800427e+02,0.000000000000000000e+00
2.248369999999800370e+02,0.000000000000000000e+00
2.249369999999800598e+02,0.000000000000000000e+00
2.250369999999800541e+02,0.000000000000000000e+00
2.251369999999800200e+02,0.000000000000000000e+00
2.252369999999800143e+02,0.000000000000000000e+00
2.253369999999800370e+02,0.000000000000000000e+00
2.254369999999800314e+02,0.000000000000000000e+00
2.255369999999799973e+02,0.000000000000000000e+00
2.256369999999799916e+02,0.000000000000000000e+00
2.257369999999800143e+02,0.000000000000000000e+00
2.258369999999800086e+02,0.000000000000000000e+00
2.259369999999799745e+02,0.000000000000000000e+00
2.260369999999799688e+02,0.000000000000000000e+00
2.261369999999799916e+02,0.000000000000000000e+00
2.262369999999799859e+02,0.000000000000000000e+00
2.263369999999799518e+02,0.000000000000000000e+00
2.264369999999799461e+02,0.000000000000000000e+00
2.265369999999799688e+02,0.000000000000000000e+00
2.266369999999799631e+02,0.000000000000000000e+00
2.267369999999799290e+02,0.000000000000000000e+00
2.268369999999799234e+02,0.000000000000000000e+00
2.269369999999799461e+02,0.000000000000000000e+00
2.270369999999799404e+02,0.000000000000000000e+00
2.271369999999799063e+02,0.000000000000000000e+00
2.272369999999799006e+02,0.000000000000000000e+00
2.273369999999799234e+02,0.000000000000000000e+00
2.274369999999799177e+02,0.000000000000000000e+00
2.275369999999798836e+02,0.000000000000000000e+00
2.276369999999798779e+02,0.000000000000000000e+00
2.277369999999799006e+02,0.000000000000000000e+00
2.278369999999798949e+02,0.000000000000000000e+00
2.279369999999798608e+02,0.000000000000000000e+00
2.280369999999798551e+02,0.000000000000000000e+00
2.281369999999798779e+02,0.000000000000000000e+00
2.282369999999798722e+02,0.000000000000000000e+00
2.283369999999798381e+02,0.000000000000000000e+00
2.284369999999798324e+02,0.000000000000000000e+00
2.285369999999798551e+02,0.000000000000000000e+00
2.286369999999798495e+02,0.000000000000000000e+00
2.287369999999798154e+02,0.000000000000000000e+00
2.288369999999798097e+02,0.000000000000000000e+00
2.289369999999798324e+02,0.000000000000000000e+00
2.290369999999798267e+02,0.000000000000000000e+00
2.291369999999797926e+02,0.000000000000000000e+00
2.292369999999797869e+02,0.000000000000000000e+00
2.293369999999798097e+02,0.000000000000000000e+00
2.294369999999798040e+02,0.000000000000000000e+00
2.295369999999797699e+02,0.000000000000000000e+00
2.296369999999797642e+02,0.000000000000000000e+00
2.297369999999797869e+02,0.000000000000000000e+00
2.298369999999797813e+02,0.000000000000000000e+00
2.299369999999797471e+02,0.000000000000000000e+00
2.300369999999797415e+02,0.000000000000000000e+00
2.301369999999797642e+02,0.000000000000000000e+00
2.302369999999797585e+02,0.000000000000000000e+00
2.303369999999797244e+02,0.000000000000000000e+00
2.304369999999797187e+02,0.000000000000000000e+00
2.305369999999797415e+02,0.000000000000000000e+00
2.306369999999797358e+02,0.000000000000000000e+00
2.307369999999797017e+02,0.000000000000000000e+00
2.308369999999796960e+02,0.000000000000000000e+00
2.309369999999797187e+02,0.000000000000000000e+00
2.310369999999797130e+02,0.000000000000000000e+00
2.311369999999796789e+02,0.000000000000000000e+00
2.312369999999796732e+02,0.000000000000000000e+00
2.313369999999796960e+02,0.000000000000000000e+00
2.314369999999796903e+02,0.000000000000000000e+00
2.315369999999796562e+02,0.000000000000000000e+00
2.316369999999796505e+02,0.000000000000000000e+00
2.317369999999796732e+02,0.000000000000000000e+00
2.318369999999796676e+02,0.000000000000000000e+00
2.319369999999796335e+02,0.000000000000000000e+00
2.320369999999796278e+02,0.000000000000000000e+00
2.321369999999796505e+02,0.000000000000000000e+00
2.322369999999796448e+02,0.000000000000000000e+00
2.323369999999796107e+02,0.000000000000000000e+00
2.324369999999796050e+02,0.000000000000000000e+00
2.325369999999796278e+02,0.000000000000000000e+00
2.326369999999796221e+02,0.000000000000000000e+00
2.327369999999795880e+02,0.000000000000000000e+00
2.328369999999795823e+02,0.000000000000000000e+00
2.329369999999796050e+02,0.000000000000000000e+00
2.330369999999795994e+02,0.000000000000000000e+00
2.331369999999795652e+02,0.000000000000000000e+00
2.332369999999795596e+02,0.000000000000000000e+00
2.333369999999795823e+02,0.000000000000000000e+00
2.334369999999795766e+02,0.000000000000000000e+00
2.335369999999795425e+02,0.000000000000000000e+00
2.336369999999795368e+02,0.000000000000000000e+00
2.337369999999795596e+02,0.000000000000000000e+00
2.338369999999795539e+02,0.000000000000000000e+00
2.339369999999795198e+02,0.000000000000000000e+00
2.340369999999795141e+02,0.000000000000000000e+00
2.341369999999795368e+02,0.000000000000000000e+00
2.342369999999795311e+02,0.000000000000000000e+00
2.343369999999794970e+02,0.000000000000000000e+00
2.344369999999794913e+02,0.000000000000000000e+00
2.345369999999795141e+02,0.000000000000000000e+00
2.346369999999795084e+02,0.000000000000000000e+00
2.347369999999794743e+02,0.000000000000000000e+00
2.348369999999794686e+02,0.000000000000000000e+00
2.349369999999794913e+02,0.000000000000000000e+00
2.350369999999794857e+02,0.000000000000000000e+00
2.351369999999794516e+02,0.000000000000000000e+00
2.352369999999794459e+02,0.000000000000000000e+00
2.353369999999794686e+02,0.000000000000000000e+00
2.354369999999794629e+02,0.000000000000000000e+00
2.355369999999794288e+02,0.000000000000000000e+00
2.356369999999794231e+02,0.000000000000000000e+00
2.357369999999794459e+02,0.000000000000000000e+00
2.358369999999794402e+02,0.000000000000000000e+00
2.359369999999794061e+02,0.000000000000000000e+00
2.360369999999794004e+02,0.000000000000000000e+00
2.361369999999794231e+02,0.000000000000000000e+00
2.362369999999794175e+02,0.000000000000000000e+00
2.363369999999793833e+02,0.000000000000000000e+00
2.364369999999793777e+02,0.000000000000000000e+00
2.365369999999794004e+02,0.000000000000000000e+00
2.366369999999793947e+02,0.000000000000000000e+00
2.367369999999793606e+02,0.000000000000000000e+00
2.368369999999793549e+02,0.000000000000000000e+00
2.369369999999793777e+02,0.000000000000000000e+00
2.370369999999793720e+02,0.000000000000000000e+00
2.371369999999793379e+02,0.000000000000000000e+00
2.372369999999793322e+02,0.000000000000000000e+00
2.373369999999793549e+02,0.000000000000000000e+00
2.374369999999793492e+02,0.000000000000000000e+00
2.375369999999793151e+02,0.000000000000000000e+00
2.376369999999793095e+02,0.000000000000000000e+00
2.377369999999793322e+02,0.000000000000000000e+00
2.378369999999793265e+02,0.000000000000000000e+00
2.379369999999792924e+02,0.000000000000000000e+00
2.380369999999792867e+02,0.000000000000000000e+00
2.381369999999793095e+02,0.000000000000000000e+00
2.382369999999793038e+02,0.000000000000000000e+00
2.383369999999792697e+02,0.000000000000000000e+00
2.384369999999792640e+02,0.000000000000000000e+00
2.385369999999792867e+02,0.000000000000000000e+00
2.386369999999792810e+02,0.000000000000000000e+00
2.387369999999792469e+02,0.000000000000000000e+00
2.388369999999792412e+02,0.000000000000000000e+00
2.389369999999792640e+02,0.000000000000000000e+00
2.390369999999792583e+02,0.000000000000000000e+00
2.391369999999792242e+02,0.000000000000000000e+00
2.392369999999792185e+02,0.000000000000000000e+00
2.393369999999792412e+02,0.000000000000000000e+00
2.394369999999792356e+02,0.000000000000000000e+00
2.395369999999792014e+02,0.000000000000000000e+00
2.396369999999791958e+02,0.000000000000000000e+00
2.397369999999792185e+02,0.000000000000000000e+00
2.398369999999792128e+02,0.000000000000000000e+00
2.399369999999791787e+02,0.000000000000000000e+00
2.400369999999791730e+02,0.000000000000000000e+00
2.401369999999791958e+02,0.000000000000000000e+00
2.402369999999791901e+02,0.000000000000000000e+00
2.403369999999791560e+02,0.000000000000000000e+00
2.404369999999791503e+02,0.000000000000000000e+00
2.405369999999791730e+02,0.000000000000000000e+00
2.406369999999791673e+02,0.000000000000000000e+00
2.407369999999791332e+02,0.000000000000000000e+00
2.408369999999791276e+02,0.000000000000000000e+00
2.409369999999791503e+02,0.000000000000000000e+00
2.410369999999791446e+02,0.000000000000000000e+00
2.411369999999791105e+02,0.000000000000000000e+00
2.412369999999791048e+02,0.000000000000000000e+00
2.413369999999791276e+02,0.000000000000000000e+00
2.414369999999791219e+02,0.000000000000000000e+00
2.415369999999790878e+02,0.000000000000000000e+00
2.416369999999790821e+02,0.000000000000000000e+00
2.417369999999791048e+02,0.000000000000000000e+00
2.418369999999790991e+02,0.000000000000000000e+00
2.419369999999790650e+02,0.000000000000000000e+00
2.420369999999790593e+02,0.000000000000000000e+00
2.421369999999790821e+02,0.000000000000000000e+00
2.422369999999790764e+02,0.000000000000000000e+00
2.423369999999790423e+02,0.000000000000000000e+00
2.424369999999790366e+02,0.000000000000000000e+00
2.425369999999790593e+02,0.000000000000000000e+00
2.426369999999790537e+02,0.000000000000000000e+00
2.427369999999790195e+02,0.000000000000000000e+00
2.428369999999790139e+02,0.000000000000000000e+00
2.429369999999790366e+02,0.000000000000000000e+00
2.430369999999790309e+02,0.000000000000000000e+00
2.431369999999789968e+02,0.000000000000000000e+00
2.432369999999789911e+02,0.000000000000000000e+00
2.433369999999790139e+02,0.000000000000000000e+00
2.434369999999790082e+02,0.000000000000000000e+00
2.435369999999789741e+02,0.000000000000000000e+00
2.436369999999789684e+02,0.000000000000000000e+00
2.437369999999789911e+02,0.000000000000000000e+00
2.438369999999789854e+02,0.000000000000000000e+00
2.439369999999789513e+02,0.000000000000000000e+00
2.440369999999789457e+02,0.000000000000000000e+00
2.441369999999789684e+02,0.000000000000000000e+00
2.442369999999789627e+02,0.000000000000000000e+00
2.443369999999789286e+02,0.000000000000000000e+00
2.444369999999789229e+02,0.000000000000000000e+00
2.445369999999789457e+02,0.000000000000000000e+00
2.446369999999789400e+02,0.000000000000000000e+00
2.447369999999789059e+02,0.000000000000000000e+00
2.448369999999789002e+02,0.000000000000000000e+00
2.449369999999789229e+02,0.000000000000000000e+00
2.450369999999789172e+02,0.000000000000000000e+00
2.451369999999788831e+02,0.000000000000000000e+00
2.452369999999788774e+02,0.000000000000000000e+00
2.453369999999789002e+02,0.000000000000000000e+00
2.454369999999788945e+02,0.000000000000000000e+00
2.455369999999788604e+02,0.000000000000000000e+00
2.456369999999788547e+02,0.000000000000000000e+00
2.457369999999788774e+02,0.000000000000000000e+00
2.458369999999788718e+02,0.000000000000000000e+00
2.459369999999788376e+02,0.000000000000000000e+00
2.460369999999788320e+02,0.000000000000000000e+00
2.461369999999788547e+02,0.000000000000000000e+00
2.462369999999788490e+02,0.000000000000000000e+00
2.463369999999788149e+02,0.000000000000000000e+00
2.464369999999788092e+02,0.000000000000000000e+00
2.465369999999788320e+02,0.000000000000000000e+00
2.466369999999788263e+02,0.000000000000000000e+00
2.467369999999787922e+02,0.000000000000000000e+00
2.468369999999787865e+02,0.000000000000000000e+00
2.469369999999788092e+02,0.000000000000000000e+00
2.470369999999788035e+02,0.000000000000000000e+00
2.471369999999787694e+02,0.000000000000000000e+00
2.472369999999787638e+02,0.000000000000000000e+00
2.473369999999787865e+02,0.000000000000000000e+00
2.474369999999787808e+02,0.000000000000000000e+00
2.475369999999787467e+02,0.000000000000000000e+00
2.476369999999787410e+02,0.000000000000000000e+00
2.477369999999787638e+02,0.000000000000000000e+00
2.478369999999787581e+02,0.000000000000000000e+00
2.479369999999787240e+02,0.000000000000000000e+00
2.480369999999787183e+02,0.000000000000000000e+00
2.481369999999787410e+02,0.000000000000000000e+00
2.482369999999787353e+02,0.000000000000000000e+00
2.483369999999787012e+02,0.000000000000000000e+00
2.484369999999786955e+02,0.000000000000000000e+00
2.485369999999787183e+02,0.000000000000000000e+00
2.486369999999787126e+02,0.000000000000000000e+00
2.487369999999786785e+02,0.000000000000000000e+00
2.488369999999786728e+02,0.000000000000000000e+00
2.489369999999786955e+02,0.000000000000000000e+00
2.490369999999786899e+02,0.000000000000000000e+00
2.491369999999786558e+02,0.000000000000000000e+00
2.492369999999786501e+02,0.000000000000000000e+00
2.493369999999786728e+02,0.000000000000000000e+00
2.494369999999786671e+02,0.000000000000000000e+00
2.495369999999786330e+02,0.000000000000000000e+00
2.496369999999786273e+02,0.000000000000000000e+00
2.497369999999786501e+02,0.000000000000000000e+00
2.498369999999786444e+02,0.000000000000000000e+00
2.499369999999786103e+02,0.000000000000000000e+00
2.500369999999786046e+02,0.000000000000000000e+00
2.501369999999786273e+02,0.000000000000000000e+00
2.502369999999786216e+02,0.000000000000000000e+00
2.503369999999785875e+02,0.000000000000000000e+00
2.504369999999785819e+02,0.000000000000000000e+00
2.505369999999786046e+02,0.000000000000000000e+00
2.506369999999785989e+02,0.000000000000000000e+00
2.507369999999785648e+02,0.000000000000000000e+00
2.508369999999785591e+02,0.000000000000000000e+00
2.509369999999785819e+02,0.000000000000000000e+00
2.510369999999785762e+02,0.000000000000000000e+00
2.511369999999785421e+02,0.000000000000000000e+00
2.512369999999785364e+02,0.000000000000000000e+00
2.513369999999785591e+02,0.000000000000000000e+00
2.514369999999785534e+02,0.000000000000000000e+00
2.515369999999785193e+02,0.000000000000000000e+00
2.516369999999785136e+02,0.000000000000000000e+00
2.517369999999785364e+02,0.000000000000000000e+00
2.518369999999785307e+02,0.000000000000000000e+00
2.519369999999784966e+02,0.000000000000000000e+00
2.520369999999784909e+02,0.000000000000000000e+00
2.521369999999785136e+02,0.000000000000000000e+00
2.522369999999785080e+02,0.000000000000000000e+00
2.523369999999784739e+02,0.000000000000000000e+00
2.524369999999784682e+02,0.000000000000000000e+00
2.525369999999784909e+02,0.000000000000000000e+00
2.526369999999784852e+02,0.000000000000000000e+00
2.527369999999784511e+02,0.000000000000000000e+00
2.528369999999784454e+02,0.000000000000000000e+00
2.529369999999784682e+02,0.000000000000000000e+00
2.530369999999784625e+02,0.000000000000000000e+00
2.531369999999784284e+02,0.000000000000000000e+00
2.532369999999784227e+02,0.000000000000000000e+00
2.533369999999784454e+02,0.000000000000000000e+00
2.534369999999784397e+02,0.000000000000000000e+00
2.535369999999784056e+02,0.000000000000000000e+00
2.536369999999784000e+02,0.000000000000000000e+00
2.537369999999784227e+02,0.000000000000000000e+00
2.538369999999784170e+02,0.000000000000000000e+00
2.539369999999783829e+02,0.000000000000000000e+00
2.540369999999783772e+02,0.000000000000000000e+00
2.541369999999784000e+02,0.000000000000000000e+00
2.542369999999783943e+02,0.000000000000000000e+00
2.543369999999783602e+02,0.000000000000000000e+00
2.544369999999783545e+02,0.000000000000000000e+00
2.545369999999783772e+02,0.000000000000000000e+00
2.546369999999783715e+02,0.000000000000000000e+00
2.547369999999783374e+02,0.000000000000000000e+00
2.548369999999783317e+02,0.000000000000000000e+00
2.549369999999783545e+02,0.000000000000000000e+00
2.550369999999783488e+02,0.000000000000000000e+00
2.551369999999783147e+02,0.000000000000000000e+00
2.552369999999783090e+02,0.000000000000000000e+00
2.553369999999783317e+02,0.000000000000000000e+00
2.554369999999783261e+02,0.000000000000000000e+00
2.555369999999782920e+02,0.000000000000000000e+00
2.556369999999782863e+02,0.000000000000000000e+00
2.557369999999783090e+02,0.000000000000000000e+00
2.558369999999783033e+02,0.000000000000000000e+00
2.559369999999782692e+02,0.000000000000000000e+00
2.560369999999782635e+02,0.000000000000000000e+00
2.561369999999782863e+02,0.000000000000000000e+00
2.562369999999782522e+02,0.000000000000000000e+00
2.563369999999782749e+02,0.000000000000000000e+00
2.564369999999782408e+02,0.000000000000000000e+00
2.565369999999782635e+02,0.000000000000000000e+00
2.566369999999782294e+02,0.000000000000000000e+00
2.567369999999782522e+02,0.000000000000000000e+00
2.568369999999782181e+02,0.000000000000000000e+00
2.569369999999782408e+02,0.000000000000000000e+00
2.570369999999782067e+02,0.000000000000000000e+00
2.571369999999782294e+02,0.000000000000000000e+00
2.572369999999781953e+02,0.000000000000000000e+00
2.573369999999782181e+02,0.000000000000000000e+00
2.574369999999781840e+02,0.000000000000000000e+00
2.575369999999782067e+02,0.000000000000000000e+00
2.576369999999781726e+02,0.000000000000000000e+00
2.577369999999781953e+02,0.000000000000000000e+00
2.578369999999781612e+02,0.000000000000000000e+00
2.579369999999781840e+02,0.000000000000000000e+00
2.580369999999781498e+02,0.000000000000000000e+00
2.581369999999781726e+02,0.000000000000000000e+00
2.582369999999781385e+02,0.000000000000000000e+00
2.583369999999781612e+02,0.000000000000000000e+00
2.584369999999781271e+02,0.000000000000000000e+00
2.585369999999781498e+02,0.000000000000000000e+00
2.586369999999781157e+02,0.000000000000000000e+00
2.587369999999781385e+02,0.000000000000000000e+00
2.588369999999781044e+02,0.000000000000000000e+00
2.589369999999781271e+02,0.000000000000000000e+00
2.590369999999780930e+02,0.000000000000000000e+00
2.591369999999781157e+02,0.000000000000000000e+00
2.592369999999780816e+02,0.000000000000000000e+00
2.593369999999781044e+02,0.000000000000000000e+00
2.594369999999780703e+02,0.000000000000000000e+00
2.595369999999780930e+02,0.000000000000000000e+00
2.596369999999780589e+02,0.000000000000000000e+00
2.597369999999780816e+02,0.000000000000000000e+00
2.598369999999780475e+02,0.000000000000000000e+00
2.599369999999780703e+02,0.000000000000000000e+00
2.600369999999780362e+02,0.000000000000000000e+00
2.601369999999780589e+02,0.000000000000000000e+00
2.602369999999780248e+02,0.000000000000000000e+00
2.603369999999780475e+02,0.000000000000000000e+00
2.604369999999780134e+02,0.000000000000000000e+00
2.605369999999780362e+02,0.000000000000000000e+00
2.606369999999780021e+02,0.000000000000000000e+00
2.607369999999780248e+02,0.000000000000000000e+00
2.608369999999779907e+02,0.000000000000000000e+00
2.609369999999780134e+02,0.000000000000000000e+00
2.610369999999779793e+02,0.000000000000000000e+00
2.611369999999780021e+02,0.000000000000000000e+00
2.612369999999779679e+02,0.000000000000000000e+00
2.613369999999779907e+02,0.000000000000000000e+00
2.614369999999779566e+02,0.000000000000000000e+00
2.615369999999779793e+02,0.000000000000000000e+00
2.616369999999779452e+02,0.000000000000000000e+00
2.617369999999779679e+02,0.000000000000000000e+00
2.618369999999779338e+02,0.000000000000000000e+00
2.619369999999779566e+02,0.000000000000000000e+00
2.620369999999779225e+02,0.000000000000000000e+00
2.621369999999779452e+02,0.000000000000000000e+00
2.622369999999779111e+02,0.000000000000000000e+00
2.623369999999779338e+02,0.000000000000000000e+00
2.624369999999778997e+02,0.000000000000000000e+00
2.625369999999779225e+02,0.000000000000000000e+00
2.626369999999778884e+02,0.000000000000000000e+00
2.627369999999779111e+02,0.000000000000000000e+00
2.628369999999778770e+02,0.000000000000000000e+00
2.629369999999778997e+02,0.000000000000000000e+00
2.630369999999778656e+02,0.000000000000000000e+00
2.631369999999778884e+02,0.000000000000000000e+00
2.632369999999778543e+02,0.000000000000000000e+00
2.633369999999778770e+02,0.000000000000000000e+00
2.634369999999778429e+02,0.000000000000000000e+00
2.635369999999778656e+02,0.000000000000000000e+00
2.636369999999778315e+02,0.000000000000000000e+00
2.637369999999778543e+02,0.000000000000000000e+00
2.638369999999778202e+02,0.000000000000000000e+00
2.639369999999778429e+02,0.000000000000000000e+00
2.640369999999778088e+02,0.000000000000000000e+00
2.641369999999778315e+02,0.000000000000000000e+00
2.642369999999777974e+02,0.000000000000000000e+00
2.643369999999778202e+02,0.000000000000000000e+00
2.644369999999777860e+02,0.000000000000000000e+00
2.645369999999778088e+02,0.000000000000000000e+00
2.646369999999777747e+02,0.000000000000000000e+00
2.647369999999777974e+02,0.000000000000000000e+00
2.648369999999777633e+02,0.000000000000000000e+00
2.649369999999777860e+02,0.000000000000000000e+00
2.650369999999777519e+02,0.000000000000000000e+00
2.651369999999777747e+02,0.000000000000000000e+00
2.652369999999777406e+02,0.000000000000000000e+00
2.653369999999777633e+02,0.000000000000000000e+00
2.654369999999777292e+02,0.000000000000000000e+00
2.655369999999777519e+02,0.000000000000000000e+00
2.656369999999777178e+02,0.000000000000000000e+00
2.657369999999777406e+02,0.000000000000000000e+00
2.658369999999777065e+02,0.000000000000000000e+00
2.659369999999777292e+02,0.000000000000000000e+00
2.660369999999776951e+02,0.000000000000000000e+00
2.661369999999777178e+02,0.000000000000000000e+00
2.662369999999776837e+02,0.000000000000000000e+00
2.663369999999777065e+02,0.000000000000000000e+00
2.664369999999776724e+02,0.000000000000000000e+00
2.665369999999776951e+02,0.000000000000000000e+00
2.666369999999776610e+02,0.000000000000000000e+00
2.667369999999776837e+02,0.000000000000000000e+00
2.668369999999776496e+02,0.000000000000000000e+00
2.669369999999776724e+02,0.000000000000000000e+00
2.670369999999776383e+02,0.000000000000000000e+00
2.671369999999776610e+02,0.000000000000000000e+00
2.672369999999776269e+02,0.000000000000000000e+00
2.673369999999776496e+02,0.000000000000000000e+00
2.674369999999776155e+02,0.000000000000000000e+00
2.675369999999776383e+02,0.000000000000000000e+00
2.676369999999776041e+02,0.000000000000000000e+00
2.677369999999776269e+02,0.000000000000000000e+00
2.678369999999775928e+02,0.000000000000000000e+00
2.679369999999776155e+02,0.000000000000000000e+00
2.680369999999775814e+02,0.000000000000000000e+00
2.681369999999776041e+02,0.000000000000000000e+00
2.682369999999775700e+02,0.000000000000000000e+00
2.683369999999775928e+02,0.000000000000000000e+00
2.684369999999775587e+02,0.000000000000000000e+00
2.685369999999775814e+02,0.000000000000000000e+00
2.686369999999775473e+02,0.000000000000000000e+00
2.687369999999775700e+02,0.000000000000000000e+00
2.688369999999775359e+02,0.000000000000000000e+00
2.689369999999775587e+02,0.000000000000000000e+00
2.690369999999775246e+02,0.000000000000000000e+00
2.691369999999775473e+02,0.000000000000000000e+00
2.692369999999775132e+02,0.000000000000000000e+00
2.693369999999775359e+02,0.000000000000000000e+00
2.694369999999775018e+02,0.000000000000000000e+00
2.695369999999775246e+02,0.000000000000000000e+00
2.696369999999774905e+02,0.000000000000000000e+00
2.697369999999775132e+02,0.000000000000000000e+00
2.698369999999774791e+02,0.000000000000000000e+00
2.699369999999775018e+02,0.000000000000000000e+00
2.700369999999774677e+02,0.000000000000000000e+00
2.701369999999774905e+02,0.000000000000000000e+00
2.702369999999774564e+02,0.000000000000000000e+00
2.703369999999774791e+02,0.000000000000000000e+00
2.704369999999774450e+02,8.979078746518565643e-04
2.705369999999774677e+02,2.693723623955569801e-03
2.706369999999774336e+02,1.795815749304733797e-03
2.707369999999774564e+02,5.387447247914201390e-03
2.708369999999774222e+02,5.387447247911139603e-03
2.709369999999774450e+02,5.387447247911139603e-03
2.710369999999774109e+02,2.693723623957100695e-03
2.711369999999774336e+02,1.795815749304733797e-03
2.712369999999773995e+02,1.795815749303713129e-03
2.713369999999774222e+02,1.795815749303713129e-03
2.714369999999773881e+02,8.979078746523668983e-04
2.715369999999774109e+02,0.000000000000000000e+00
2.716369999999773768e+02,0.000000000000000000e+00
2.717369999999773995e+02,1.795815749303713129e-03
2.718369999999773654e+02,0.000000000000000000e+00
2.719369999999773881e+02,0.000000000000000000e+00
2.720369999999773540e+02,0.000000000000000000e+00
2.721369999999773768e+02,0.000000000000000000e+00
2.722369999999773427e+02,0.000000000000000000e+00
2.723369999999773654e+02,0.000000000000000000e+00
2.724369999999773313e+02,0.000000000000000000e+00
2.725369999999773540e+02,0.000000000000000000e+00
2.726369999999773199e+02,0.000000000000000000e+00
2.727369999999773427e+02,0.000000000000000000e+00
2.728369999999773086e+02,0.000000000000000000e+00
2.729369999999773313e+02,0.000000000000000000e+00
2.730369999999772972e+02,0.000000000000000000e+00
2.731369999999773199e+02,0.000000000000000000e+00
2.732369999999772858e+02,0.000000000000000000e+00
2.733369999999773086e+02,0.000000000000000000e+00
2.734369999999772745e+02,0.000000000000000000e+00
2.735369999999772972e+02,0.000000000000000000e+00
2.736369999999772631e+02,0.000000000000000000e+00
2.737369999999772858e+02,0.000000000000000000e+00
2.738369999999772517e+02,0.000000000000000000e+00
2.739369999999772745e+02,0.000000000000000000e+00
2.740369999999772403e+02,0.000000000000000000e+00
2.741369999999772631e+02,0.000000000000000000e+00
2.742369999999772290e+02,0.000000000000000000e+00
2.743369999999772517e+02,0.000000000000000000e+00
2.744369999999772176e+02,0.000000000000000000e+00
2.745369999999772403e+02,0.000000000000000000e+00
2.746369999999772062e+02,0.000000000000000000e+00
2.747369999999772290e+02,0.000000000000000000e+00
2.748369999999771949e+02,0.000000000000000000e+00
2.749369999999772176e+02,0.000000000000000000e+00
2.750369999999771835e+02,0.000000000000000000e+00
2.751369999999772062e+02,0.000000000000000000e+00
2.752369999999771721e+02,0.000000000000000000e+00
2.753369999999771949e+02,0.000000000000000000e+00
2.754369999999771608e+02,0.000000000000000000e+00
2.755369999999771835e+02,0.000000000000000000e+00
2.756369999999771494e+02,0.000000000000000000e+00
2.757369999999771721e+02,0.000000000000000000e+00
2.758369999999771380e+02,0.000000000000000000e+00
2.759369999999771608e+02,0.000000000000000000e+00
2.760369999999771267e+02,0.000000000000000000e+00
2.761369999999771494e+02,0.000000000000000000e+00
2.762369999999771153e+02,0.000000000000000000e+00
2.763369999999771380e+02,0.000000000000000000e+00
2.764369999999771039e+02,0.000000000000000000e+00
2.765369999999771267e+02,0.000000000000000000e+00
2.766369999999770926e+02,0.000000000000000000e+00
2.767369999999771153e+02,0.000000000000000000e+00
2.768369999999770812e+02,0.000000000000000000e+00
2.769369999999771039e+02,0.000000000000000000e+00
2.770369999999770698e+02,0.000000000000000000e+00
2.771369999999770926e+02,0.000000000000000000e+00
2.772369999999770585e+02,0.000000000000000000e+00
2.773369999999770812e+02,0.000000000000000000e+00
2.774369999999770471e+02,0.000000000000000000e+00
2.775369999999770698e+02,0.000000000000000000e+00
2.776369999999770357e+02,0.000000000000000000e+00
2.777369999999770585e+02,0.000000000000000000e+00
2.778369999999770243e+02,0.000000000000000000e+00
2.779369999999770471e+02,0.000000000000000000e+00
2.780369999999770130e+02,0.000000000000000000e+00
2.781369999999770357e+02,0.000000000000000000e+00
2.782369999999770016e+02,0.000000000000000000e+00
2.783369999999770243e+02,0.000000000000000000e+00
2.784369999999769902e+02,0.000000000000000000e+00
2.785369999999770130e+02,0.000000000000000000e+00
2.786369999999769789e+02,0.000000000000000000e+00
2.787369999999770016e+02,0.000000000000000000e+00
2.788369999999769675e+02,0.000000000000000000e+00
2.789369999999769902e+02,0.000000000000000000e+00
2.790369999999769561e+02,0.000000000000000000e+00
2.791369999999769789e+02,0.000000000000000000e+00
2.792369999999769448e+02,0.000000000000000000e+00
2.793369999999769675e+02,0.000000000000000000e+00
2.794369999999769334e+02,0.000000000000000000e+00
2.795369999999769561e+02,0.000000000000000000e+00
2.796369999999769220e+02,0.000000000000000000e+00
2.797369999999769448e+02,0.000000000000000000e+00
2.798369999999769107e+02,0.000000000000000000e+00
2.799369999999769334e+02,0.000000000000000000e+00
2.800369999999768993e+02,0.000000000000000000e+00
2.801369999999769220e+02,0.000000000000000000e+00
2.802369999999768879e+02,0.000000000000000000e+00
2.803369999999769107e+02,0.000000000000000000e+00
2.804369999999768766e+02,0.000000000000000000e+00
2.805369999999768993e+02,0.000000000000000000e+00
2.806369999999768652e+02,0.000000000000000000e+00
2.807369999999768879e+02,0.000000000000000000e+00
2.808369999999768538e+02,0.000000000000000000e+00
2.809369999999768766e+02,0.000000000000000000e+00
2.810369999999768424e+02,0.000000000000000000e+00
2.811369999999768652e+02,0.000000000000000000e+00
2.812369999999768311e+02,8.979078746518565643e-04
2.813369999999768538e+02,1.795815749303713129e-03
2.814369999999768197e+02,0.000000000000000000e+00
2.815369999999768424e+02,2.693723623957100695e-03
2.816369999999768083e+02,2.693723623955569801e-03
2.817369999999768311e+02,0.000000000000000000e+00
2.818369999999767970e+02,0.000000000000000000e+00
2.819369999999768197e+02,0.000000000000000000e+00
2.820369999999767856e+02,0.000000000000000000e+00
2.821369999999768083e+02,0.000000000000000000e+00
2.822369999999767742e+02,0.000000000000000000e+00
2.823369999999767970e+02,0.000000000000000000e+00
2.824369999999767629e+02,0.000000000000000000e+00
2.825369999999767856e+02,0.000000000000000000e+00
2.826369999999767515e+02,0.000000000000000000e+00
2.827369999999767742e+02,0.000000000000000000e+00
2.828369999999767401e+02,0.000000000000000000e+00
2.829369999999767629e+02,0.000000000000000000e+00
2.830369999999767288e+02,0.000000000000000000e+00
2.831369999999767515e+02,0.000000000000000000e+00
2.832369999999767174e+02,0.000000000000000000e+00
2.833369999999767401e+02,0.000000000000000000e+00
2.834369999999767060e+02,0.000000000000000000e+00
2.835369999999767288e+02,0.000000000000000000e+00
2.836369999999766947e+02,0.000000000000000000e+00
2.837369999999767174e+02,0.000000000000000000e+00
2.838369999999766833e+02,0.000000000000000000e+00
2.839369999999767060e+02,0.000000000000000000e+00
2.840369999999766719e+02,0.000000000000000000e+00
2.841369999999766947e+02,0.000000000000000000e+00
2.842369999999766605e+02,0.000000000000000000e+00
2.843369999999766833e+02,0.000000000000000000e+00
2.844369999999766492e+02,0.000000000000000000e+00
2.845369999999766719e+02,0.000000000000000000e+00
2.846369999999766378e+02,0.000000000000000000e+00
2.847369999999766605e+02,0.000000000000000000e+00
2.848369999999766264e+02,0.000000000000000000e+00
2.849369999999766492e+02,0.000000000000000000e+00
2.850369999999766151e+02,0.000000000000000000e+00
2.851369999999766378e+02,0.000000000000000000e+00
2.852369999999766037e+02,0.000000000000000000e+00
2.853369999999766264e+02,0.000000000000000000e+00
2.854369999999765923e+02,0.000000000000000000e+00
2.855369999999766151e+02,0.000000000000000000e+00
2.856369999999765810e+02,0.000000000000000000e+00
2.857369999999766037e+02,0.000000000000000000e+00
2.858369999999765696e+02,0.000000000000000000e+00
2.859369999999765923e+02,0.000000000000000000e+00
2.860369999999765582e+02,0.000000000000000000e+00
2.861369999999765810e+02,0.000000000000000000e+00
2.862369999999765469e+02,0.000000000000000000e+00
2.863369999999765696e+02,0.000000000000000000e+00
2.864369999999765355e+02,0.000000000000000000e+00
2.865369999999765582e+02,0.000000000000000000e+00
2.866369999999765241e+02,0.000000000000000000e+00
2.867369999999765469e+02,0.000000000000000000e+00
2.868369999999765128e+02,0.000000000000000000e+00
2.869369999999765355e+02,0.000000000000000000e+00
2.870369999999765014e+02,0.000000000000000000e+00
2.871369999999765241e+02,0.000000000000000000e+00
2.872369999999764900e+02,0.000000000000000000e+00
2.873369999999765128e+02,0.000000000000000000e+00
2.874369999999764786e+02,0.000000000000000000e+00
2.875369999999765014e+02,0.000000000000000000e+00
2.876369999999764673e+02,0.000000000000000000e+00
2.877369999999764900e+02,0.000000000000000000e+00
2.878369999999764559e+02,0.000000000000000000e+00
2.879369999999764786e+02,0.000000000000000000e+00
2.880369999999764445e+02,0.000000000000000000e+00
2.881369999999764673e+02,0.000000000000000000e+00
2.882369999999764332e+02,0.000000000000000000e+00
2.883369999999764559e+02,0.000000000000000000e+00
2.884369999999764218e+02,0.000000000000000000e+00
2.885369999999764445e+02,0.000000000000000000e+00
2.886369999999764104e+02,0.000000000000000000e+00
2.887369999999764332e+02,0.000000000000000000e+00
2.888369999999763991e+02,0.000000000000000000e+00
2.889369999999764218e+02,0.000000000000000000e+00
2.890369999999763877e+02,0.000000000000000000e+00
2.891369999999764104e+02,0.000000000000000000e+00
2.892369999999763763e+02,0.000000000000000000e+00
2.893369999999763991e+02,0.000000000000000000e+00
2.894369999999763650e+02,0.000000000000000000e+00
2.895369999999763877e+02,0.000000000000000000e+00
2.896369999999763536e+02,0.000000000000000000e+00
2.897369999999763763e+02,0.000000000000000000e+00
2.898369999999763422e+02,0.000000000000000000e+00
2.899369999999763650e+02,0.000000000000000000e+00
2.900369999999763309e+02,0.000000000000000000e+00
2.901369999999763536e+02,0.000000000000000000e+00
2.902369999999763195e+02,0.000000000000000000e+00
2.903369999999763422e+02,0.000000000000000000e+00
2.904369999999763081e+02,0.000000000000000000e+00
2.905369999999763309e+02,0.000000000000000000e+00
2.906369999999762967e+02,8.979078746523668983e-04
2.907369999999763195e+02,0.000000000000000000e+00
2.908369999999762854e+02,1.795815749303713129e-03
2.909369999999763081e+02,0.000000000000000000e+00
2.910369999999762740e+02,0.000000000000000000e+00
2.911369999999762967e+02,0.000000000000000000e+00
2.912369999999762626e+02,0.000000000000000000e+00
2.913369999999762854e+02,0.000000000000000000e+00
2.914369999999762513e+02,0.000000000000000000e+00
2.915369999999762740e+02,0.000000000000000000e+00
2.916369999999762399e+02,0.000000000000000000e+00
2.917369999999762626e+02,0.000000000000000000e+00
2.918369999999762285e+02,0.000000000000000000e+00
2.919369999999762513e+02,0.000000000000000000e+00
2.920369999999762172e+02,0.000000000000000000e+00
2.921369999999762399e+02,0.000000000000000000e+00
2.922369999999762058e+02,0.000000000000000000e+00
2.923369999999762285e+02,0.000000000000000000e+00
2.924369999999761944e+02,0.000000000000000000e+00
2.925369999999762172e+02,0.000000000000000000e+00
2.926369999999761831e+02,0.000000000000000000e+00
2.927369999999762058e+02,0.000000000000000000e+00
2.928369999999761717e+02,0.000000000000000000e+00
2.929369999999761944e+02,0.000000000000000000e+00
2.930369999999761603e+02,0.000000000000000000e+00
2.931369999999761831e+02,0.000000000000000000e+00
2.932369999999761490e+02,0.000000000000000000e+00
2.933369999999761717e+02,0.000000000000000000e+00
2.934369999999761376e+02,0.000000000000000000e+00
2.935369999999761603e+02,0.000000000000000000e+00
2.936369999999761262e+02,0.000000000000000000e+00
2.937369999999761490e+02,0.000000000000000000e+00
2.938369999999761149e+02,0.000000000000000000e+00
2.939369999999761376e+02,0.000000000000000000e+00
2.940369999999761035e+02,0.000000000000000000e+00
2.941369999999761262e+02,0.000000000000000000e+00
2.942369999999760921e+02,0.000000000000000000e+00
2.943369999999761149e+02,0.000000000000000000e+00
2.944369999999760807e+02,0.000000000000000000e+00
2.945369999999761035e+02,0.000000000000000000e+00
2.946369999999760694e+02,0.000000000000000000e+00
2.947369999999760921e+02,0.000000000000000000e+00
2.948369999999760580e+02,0.000000000000000000e+00
2.949369999999760807e+02,0.000000000000000000e+00
2.950369999999760466e+02,0.000000000000000000e+00
2.951369999999760694e+02,0.000000000000000000e+00
2.952369999999760353e+02,0.000000000000000000e+00
2.953369999999760580e+02,0.000000000000000000e+00
2.954369999999760239e+02,0.000000000000000000e+00
2.955369999999760466e+02,0.000000000000000000e+00
2.956369999999760125e+02,0.000000000000000000e+00
2.957369999999760353e+02,0.000000000000000000e+00
2.958369999999760012e+02,0.000000000000000000e+00
2.959369999999760239e+02,0.000000000000000000e+00
2.960369999999759898e+02,0.000000000000000000e+00
2.961369999999760125e+02,0.000000000000000000e+00
2.962369999999759784e+02,0.000000000000000000e+00
2.963369999999760012e+02,0.000000000000000000e+00
2.964369999999759671e+02,0.000000000000000000e+00
2.965369999999759898e+02,0.000000000000000000e+00
2.966369999999759557e+02,0.000000000000000000e+00
2.967369999999759784e+02,0.000000000000000000e+00
2.968369999999759443e+02,0.000000000000000000e+00
2.969369999999759671e+02,0.000000000000000000e+00
2.970369999999759330e+02,0.000000000000000000e+00
2.971369999999759557e+02,0.000000000000000000e+00
2.972369999999759216e+02,0.000000000000000000e+00
2.973369999999759443e+02,0.000000000000000000e+00
2.974369999999759102e+02,0.000000000000000000e+00
2.975369999999759330e+02,0.000000000000000000e+00
2.976369999999758988e+02,0.000000000000000000e+00
2.977369999999759216e+02,0.000000000000000000e+00
2.978369999999758875e+02,0.000000000000000000e+00
2.979369999999759102e+02,0.000000000000000000e+00
2.980369999999758761e+02,0.000000000000000000e+00
2.981369999999758988e+02,0.000000000000000000e+00
2.982369999999758647e+02,0.000000000000000000e+00
2.983369999999758875e+02,0.000000000000000000e+00
2.984369999999758534e+02,0.000000000000000000e+00
2.985369999999758761e+02,0.000000000000000000e+00
2.986369999999758420e+02,0.000000000000000000e+00
2.987369999999758647e+02,0.000000000000000000e+00
2.988369999999758306e+02,0.000000000000000000e+00
2.989369999999758534e+02,0.000000000000000000e+00
2.990369999999758193e+02,0.000000000000000000e+00
2.991369999999758420e+02,0.000000000000000000e+00
2.992369999999758079e+02,0.000000000000000000e+00
2.993369999999758306e+02,0.000000000000000000e+00
2.994369999999757965e+02,0.000000000000000000e+00
2.995369999999758193e+02,0.000000000000000000e+00
2.996369999999757852e+02,0.000000000000000000e+00
2.997369999999758079e+02,0.000000000000000000e+00
2.998369999999757738e+02,0.000000000000000000e+00
2.999369999999757965e+02,0.000000000000000000e+00
3.000369999999757624e+02,0.000000000000000000e+00
3.001369999999757852e+02,0.000000000000000000e+00
3.002369999999757511e+02,0.000000000000000000e+00
3.003369999999757738e+02,0.000000000000000000e+00
3.004369999999757397e+02,0.000000000000000000e+00
3.005369999999757624e+02,0.000000000000000000e+00
3.006369999999757283e+02,0.000000000000000000e+00
3.007369999999757511e+02,0.000000000000000000e+00
3.008369999999757169e+02,0.000000000000000000e+00
3.009369999999757397e+02,0.000000000000000000e+00
3.010369999999757056e+02,0.000000000000000000e+00
3.011369999999757283e+02,0.000000000000000000e+00
3.012369999999756942e+02,0.000000000000000000e+00
3.013369999999757169e+02,0.000000000000000000e+00
3.014369999999756828e+02,0.000000000000000000e+00
3.015369999999757056e+02,0.000000000000000000e+00
3.016369999999756715e+02,0.000000000000000000e+00
3.017369999999756942e+02,0.000000000000000000e+00
3.018369999999756601e+02,0.000000000000000000e+00
3.019369999999756828e+02,0.000000000000000000e+00
3.020369999999756487e+02,0.000000000000000000e+00
3.021369999999756715e+02,0.000000000000000000e+00
3.022369999999756374e+02,0.000000000000000000e+00
3.023369999999756601e+02,0.000000000000000000e+00
3.024369999999756260e+02,0.000000000000000000e+00
3.025369999999756487e+02,0.000000000000000000e+00
3.026369999999756146e+02,0.000000000000000000e+00
3.027369999999756374e+02,0.000000000000000000e+00
3.028369999999756033e+02,0.000000000000000000e+00
3.029369999999756260e+02,0.000000000000000000e+00
3.030369999999755919e+02,0.000000000000000000e+00
3.031369999999756146e+02,0.000000000000000000e+00
3.032369999999755805e+02,0.000000000000000000e+00
3.033369999999756033e+02,0.000000000000000000e+00
3.034369999999755692e+02,0.000000000000000000e+00
3.035369999999755919e+02,0.000000000000000000e+00
3.036369999999755578e+02,0.000000000000000000e+00
3.037369999999755805e+02,0.000000000000000000e+00
3.038369999999755464e+02,0.000000000000000000e+00
3.039369999999755692e+02,0.000000000000000000e+00
3.040369999999755350e+02,0.000000000000000000e+00
3.041369999999755578e+02,0.000000000000000000e+00
3.042369999999755237e+02,0.000000000000000000e+00
3.043369999999755464e+02,0.000000000000000000e+00
3.044369999999755123e+02,0.000000000000000000e+00
3.045369999999755350e+02,0.000000000000000000e+00
3.046369999999755009e+02,0.000000000000000000e+00
3.047369999999755237e+02,0.000000000000000000e+00
3.048369999999754896e+02,0.000000000000000000e+00
3.049369999999755123e+02,0.000000000000000000e+00
3.050369999999754782e+02,0.000000000000000000e+00
3.051369999999755009e+02,0.000000000000000000e+00
3.052369999999754668e+02,0.000000000000000000e+00
3.053369999999754896e+02,0.000000000000000000e+00
3.054369999999754555e+02,0.000000000000000000e+00
3.055369999999754782e+02,0.000000000000000000e+00
3.056369999999754441e+02,0.000000000000000000e+00
3.057369999999754668e+02,0.000000000000000000e+00
3.058369999999754327e+02,0.000000000000000000e+00
3.059369999999754555e+02,0.000000000000000000e+00
3.060369999999754214e+02,0.000000000000000000e+00
3.061369999999754441e+02,0.000000000000000000e+00
3.062369999999754100e+02,0.000000000000000000e+00
3.063369999999754327e+02,0.000000000000000000e+00
3.064369999999753986e+02,0.000000000000000000e+00
3.065369999999754214e+02,0.000000000000000000e+00
3.066369999999753873e+02,0.000000000000000000e+00
3.067369999999754100e+02,0.000000000000000000e+00
3.068369999999753759e+02,0.000000000000000000e+00
3.069369999999753986e+02,0.000000000000000000e+00
3.070369999999753645e+02,0.000000000000000000e+00
3.071369999999753873e+02,0.000000000000000000e+00
3.072369999999753531e+02,0.000000000000000000e+00
3.073369999999753759e+02,0.000000000000000000e+00
3.074369999999753418e+02,0.000000000000000000e+00
3.075369999999753645e+02,0.000000000000000000e+00
3.076369999999753304e+02,0.000000000000000000e+00
3.077369999999753531e+02,0.000000000000000000e+00
3.078369999999753190e+02,0.000000000000000000e+00
3.079369999999753418e+02,0.000000000000000000e+00
3.080369999999753077e+02,0.000000000000000000e+00
3.081369999999753304e+02,0.000000000000000000e+00
3.082369999999752963e+02,0.000000000000000000e+00
3.083369999999753190e+02,0.000000000000000000e+00
3.084369999999752849e+02,0.000000000000000000e+00
3.085369999999753077e+02,0.000000000000000000e+00
3.086369999999752736e+02,0.000000000000000000e+00
3.087369999999752963e+02,0.000000000000000000e+00
3.088369999999752622e+02,0.000000000000000000e+00
3.089369999999752849e+02,0.000000000000000000e+00
3.090369999999752508e+02,0.000000000000000000e+00
3.091369999999752736e+02,0.000000000000000000e+00
3.092369999999752395e+02,0.000000000000000000e+00
3.093369999999752622e+02,0.000000000000000000e+00
3.094369999999752281e+02,0.000000000000000000e+00
3.095369999999752508e+02,0.000000000000000000e+00
3.096369999999752167e+02,0.000000000000000000e+00
3.097369999999752395e+02,0.000000000000000000e+00
3.098369999999752054e+02,0.000000000000000000e+00
3.099369999999752281e+02,0.000000000000000000e+00
3.100369999999751940e+02,0.000000000000000000e+00
3.101369999999752167e+02,0.000000000000000000e+00
3.102369999999751826e+02,0.000000000000000000e+00
3.103369999999752054e+02,0.000000000000000000e+00
3.104369999999751712e+02,0.000000000000000000e+00
3.105369999999751940e+02,0.000000000000000000e+00
3.106369999999751599e+02,0.000000000000000000e+00
3.107369999999751826e+02,0.000000000000000000e+00
3.108369999999751485e+02,0.000000000000000000e+00
3.109369999999751712e+02,0.000000000000000000e+00
3.110369999999751371e+02,0.000000000000000000e+00
3.111369999999751599e+02,0.000000000000000000e+00
3.112369999999751258e+02,0.000000000000000000e+00
3.113369999999751485e+02,0.000000000000000000e+00
3.114369999999751144e+02,0.000000000000000000e+00
3.115369999999751371e+02,0.000000000000000000e+00
3.116369999999751030e+02,0.000000000000000000e+00
3.117369999999751258e+02,0.000000000000000000e+00
3.118369999999750917e+02,0.000000000000000000e+00
3.119369999999751144e+02,0.000000000000000000e+00
3.120369999999750803e+02,0.000000000000000000e+00
3.121369999999751030e+02,0.000000000000000000e+00
3.122369999999750689e+02,0.000000000000000000e+00
3.123369999999750917e+02,0.000000000000000000e+00
3.124369999999750576e+02,0.000000000000000000e+00
3.125369999999750803e+02,0.000000000000000000e+00
3.126369999999750462e+02,0.000000000000000000e+00
3.127369999999750689e+02,0.000000000000000000e+00
3.128369999999750348e+02,0.000000000000000000e+00
3.129369999999750576e+02,0.000000000000000000e+00
3.130369999999750235e+02,0.000000000000000000e+00
3.131369999999750462e+02,0.000000000000000000e+00
3.132369999999750121e+02,0.000000000000000000e+00
3.133369999999750348e+02,0.000000000000000000e+00
3.134369999999750007e+02,0.000000000000000000e+00
3.135369999999750235e+02,0.000000000000000000e+00
3.136369999999749894e+02,0.000000000000000000e+00
3.137369999999750121e+02,0.000000000000000000e+00
3.138369999999749780e+02,0.000000000000000000e+00
3.139369999999750007e+02,0.000000000000000000e+00
3.140369999999749666e+02,0.000000000000000000e+00
3.141369999999749894e+02,0.000000000000000000e+00
3.142369999999749552e+02,0.000000000000000000e+00
3.143369999999749780e+02,0.000000000000000000e+00
3.144369999999749439e+02,0.000000000000000000e+00
3.145369999999749666e+02,0.000000000000000000e+00
3.146369999999749325e+02,0.000000000000000000e+00
3.147369999999749552e+02,0.000000000000000000e+00
3.148369999999749211e+02,0.000000000000000000e+00
3.149369999999749439e+02,0.000000000000000000e+00
3.150369999999749098e+02,0.000000000000000000e+00
3.151369999999749325e+02,0.000000000000000000e+00
3.152369999999748984e+02,0.000000000000000000e+00
3.153369999999749211e+02,0.000000000000000000e+00
3.154369999999748870e+02,0.000000000000000000e+00
3.155369999999749098e+02,0.000000000000000000e+00
3.156369999999748757e+02,0.000000000000000000e+00
3.157369999999748984e+02,0.000000000000000000e+00
3.158369999999748643e+02,0.000000000000000000e+00
3.159369999999748870e+02,0.000000000000000000e+00
3.160369999999748529e+02,0.000000000000000000e+00
3.161369999999748757e+02,0.000000000000000000e+00
3.162369999999748416e+02,0.000000000000000000e+00
3.163369999999748643e+02,0.000000000000000000e+00
3.164369999999748302e+02,0.000000000000000000e+00
3.165369999999748529e+02,0.000000000000000000e+00
3.166369999999748188e+02,0.000000000000000000e+00
3.167369999999748416e+02,0.000000000000000000e+00
3.168369999999748075e+02,0.000000000000000000e+00
3.169369999999748302e+02,0.000000000000000000e+00
3.170369999999747961e+02,0.000000000000000000e+00
3.171369999999748188e+02,0.000000000000000000e+00
3.172369999999747847e+02,0.000000000000000000e+00
3.173369999999748075e+02,0.000000000000000000e+00
3.174369999999747733e+02,0.000000000000000000e+00
3.175369999999747961e+02,0.000000000000000000e+00
3.176369999999747620e+02,0.000000000000000000e+00
3.177369999999747847e+02,0.000000000000000000e+00
3.178369999999747506e+02,0.000000000000000000e+00
3.179369999999747733e+02,0.000000000000000000e+00
3.180369999999747392e+02,0.000000000000000000e+00
3.181369999999747620e+02,0.000000000000000000e+00
3.182369999999747279e+02,0.000000000000000000e+00
3.183369999999747506e+02,0.000000000000000000e+00
3.184369999999747165e+02,0.000000000000000000e+00
3.185369999999747392e+02,0.000000000000000000e+00
3.186369999999747051e+02,0.000000000000000000e+00
3.187369999999747279e+02,0.000000000000000000e+00
3.188369999999746938e+02,0.000000000000000000e+00
3.189369999999747165e+02,0.000000000000000000e+00
3.190369999999746824e+02,0.000000000000000000e+00
3.191369999999747051e+02,0.000000000000000000e+00
3.192369999999746710e+02,0.000000000000000000e+00
3.193369999999746938e+02,0.000000000000000000e+00
3.194369999999746597e+02,0.000000000000000000e+00
3.195369999999746824e+02,0.000000000000000000e+00
3.196369999999746483e+02,0.000000000000000000e+00
3.197369999999746710e+02,0.000000000000000000e+00
3.198369999999746369e+02,0.000000000000000000e+00
3.199369999999746597e+02,0.000000000000000000e+00
3.200369999999746256e+02,0.000000000000000000e+00
3.201369999999746483e+02,0.000000000000000000e+00
3.202369999999746142e+02,0.000000000000000000e+00
3.203369999999746369e+02,0.000000000000000000e+00
3.204369999999746028e+02,0.000000000000000000e+00
3.205369999999746256e+02,0.000000000000000000e+00
3.206369999999745914e+02,0.000000000000000000e+00
3.207369999999746142e+02,0.000000000000000000e+00
3.208369999999745801e+02,0.000000000000000000e+00
3.209369999999746028e+02,0.000000000000000000e+00
3.210369999999745687e+02,0.000000000000000000e+00
3.211369999999745914e+02,0.000000000000000000e+00
3.212369999999745573e+02,0.000000000000000000e+00
3.213369999999745801e+02,0.000000000000000000e+00
3.214369999999745460e+02,0.000000000000000000e+00
3.215369999999745687e+02,0.000000000000000000e+00
3.216369999999745346e+02,0.000000000000000000e+00
3.217369999999745573e+02,0.000000000000000000e+00
3.218369999999745232e+02,0.000000000000000000e+00
3.219369999999745460e+02,0.000000000000000000e+00
3.220369999999745119e+02,0.000000000000000000e+00
3.221369999999745346e+02,0.000000000000000000e+00
3.222369999999745005e+02,0.000000000000000000e+00
3.223369999999745232e+02,0.000000000000000000e+00
3.224369999999744891e+02,0.000000000000000000e+00
3.225369999999745119e+02,0.000000000000000000e+00
3.226369999999744778e+02,0.000000000000000000e+00
3.227369999999745005e+02,0.000000000000000000e+00
3.228369999999744664e+02,0.000000000000000000e+00
3.229369999999744891e+02,0.000000000000000000e+00
3.230369999999744550e+02,0.000000000000000000e+00
3.231369999999744778e+02,0.000000000000000000e+00
3.232369999999744437e+02,0.000000000000000000e+00
3.233369999999744664e+02,0.000000000000000000e+00
3.234369999999744323e+02,0.000000000000000000e+00
3.235369999999744550e+02,0.000000000000000000e+00
3.236369999999744209e+02,0.000000000000000000e+00
3.237369999999744437e+02,0.000000000000000000e+00
3.238369999999744095e+02,0.000000000000000000e+00
3.239369999999744323e+02,0.000000000000000000e+00
3.240369999999743982e+02,0.000000000000000000e+00
3.241369999999744209e+02,0.000000000000000000e+00
3.242369999999743868e+02,0.000000000000000000e+00
3.243369999999744095e+02,0.000000000000000000e+00
3.244369999999743754e+02,0.000000000000000000e+00
3.245369999999743982e+02,0.000000000000000000e+00
3.246369999999743641e+02,0.000000000000000000e+00
3.247369999999743868e+02,0.000000000000000000e+00
3.248369999999743527e+02,0.000000000000000000e+00
3.249369999999743754e+02,0.000000000000000000e+00
3.250369999999743413e+02,0.000000000000000000e+00
3.251369999999743641e+02,0.000000000000000000e+00
3.252369999999743300e+02,0.000000000000000000e+00
3.253369999999743527e+02,0.000000000000000000e+00
3.254369999999743186e+02,0.000000000000000000e+00
3.255369999999743413e+02,0.000000000000000000e+00
3.256369999999743072e+02,0.000000000000000000e+00
3.257369999999743300e+02,0.000000000000000000e+00
3.258369999999742959e+02,0.000000000000000000e+00
3.259369999999743186e+02,0.000000000000000000e+00
3.260369999999742845e+02,0.000000000000000000e+00
3.261369999999743072e+02,0.000000000000000000e+00
3.262369999999742731e+02,0.000000000000000000e+00
3.263369999999742959e+02,0.000000000000000000e+00
3.264369999999742618e+02,0.000000000000000000e+00
3.265369999999742845e+02,0.000000000000000000e+00
3.266369999999742504e+02,0.000000000000000000e+00
3.267369999999742731e+02,0.000000000000000000e+00
3.268369999999742390e+02,0.000000000000000000e+00
3.269369999999742618e+02,0.000000000000000000e+00
3.270369999999742276e+02,0.000000000000000000e+00
3.271369999999742504e+02,0.000000000000000000e+00
3.272369999999742163e+02,0.000000000000000000e+00
3.273369999999742390e+02,0.000000000000000000e+00
3.274369999999742049e+02,0.000000000000000000e+00
3.275369999999742276e+02,0.000000000000000000e+00
3.276369999999741935e+02,0.000000000000000000e+00
3.277369999999742163e+02,0.000000000000000000e+00
3.278369999999741822e+02,0.000000000000000000e+00
3.279369999999742049e+02,0.000000000000000000e+00
3.280369999999741708e+02,0.000000000000000000e+00
3.281369999999741935e+02,0.000000000000000000e+00
3.282369999999741594e+02,0.000000000000000000e+00
3.283369999999741822e+02,0.000000000000000000e+00
3.284369999999741481e+02,0.000000000000000000e+00
3.285369999999741708e+02,0.000000000000000000e+00
3.286369999999741367e+02,0.000000000000000000e+00
3.287369999999741594e+02,0.000000000000000000e+00
3.288369999999741253e+02,0.000000000000000000e+00
3.289369999999741481e+02,0.000000000000000000e+00
3.290369999999741140e+02,0.000000000000000000e+00
3.291369999999741367e+02,0.000000000000000000e+00
3.292369999999741026e+02,0.000000000000000000e+00
3.293369999999741253e+02,0.000000000000000000e+00
3.294369999999740912e+02,0.000000000000000000e+00
3.295369999999741140e+02,0.000000000000000000e+00
3.296369999999740799e+02,0.000000000000000000e+00
3.297369999999741026e+02,0.000000000000000000e+00
3.298369999999740685e+02,0.000000000000000000e+00
3.299369999999740912e+02,0.000000000000000000e+00
3.300369999999740571e+02,0.000000000000000000e+00
3.301369999999740799e+02,0.000000000000000000e+00
3.302369999999740457e+02,0.000000000000000000e+00
3.303369999999740685e+02,0.000000000000000000e+00
3.304369999999740344e+02,0.000000000000000000e+00
3.305369999999740571e+02,0.000000000000000000e+00
3.306369999999740230e+02,0.000000000000000000e+00
3.307369999999740457e+02,0.000000000000000000e+00
3.308369999999740116e+02,0.000000000000000000e+00
3.309369999999740344e+02,0.000000000000000000e+00
3.310369999999740003e+02,0.000000000000000000e+00
3.311369999999740230e+02,0.000000000000000000e+00
3.312369999999739889e+02,0.000000000000000000e+00
3.313369999999740116e+02,0.000000000000000000e+00
3.314369999999739775e+02,0.000000000000000000e+00
3.315369999999740003e+02,0.000000000000000000e+00
3.316369999999739662e+02,0.000000000000000000e+00
3.317369999999739889e+02,0.000000000000000000e+00
3.318369999999739548e+02,0.000000000000000000e+00
3.319369999999739775e+02,0.000000000000000000e+00
3.320369999999739434e+02,0.000000000000000000e+00
3.321369999999739662e+02,0.000000000000000000e+00
3.322369999999739321e+02,0.000000000000000000e+00
3.323369999999739548e+02,0.000000000000000000e+00
3.324369999999739207e+02,0.000000000000000000e+00
3.325369999999739434e+02,0.000000000000000000e+00
3.326369999999739093e+02,0.000000000000000000e+00
3.327369999999739321e+02,0.000000000000000000e+00
3.328369999999738980e+02,0.000000000000000000e+00
3.329369999999739207e+02,0.000000000000000000e+00
3.330369999999738866e+02,0.000000000000000000e+00
3.331369999999739093e+02,0.000000000000000000e+00
3.332369999999738752e+02,0.000000000000000000e+00
3.333369999999738980e+02,0.000000000000000000e+00
3.334369999999738639e+02,0.000000000000000000e+00
3.335369999999738866e+02,0.000000000000000000e+00
3.336369999999738525e+02,0.000000000000000000e+00
3.337369999999738752e+02,0.000000000000000000e+00
3.338369999999738411e+02,0.000000000000000000e+00
3.339369999999738639e+02,0.000000000000000000e+00
3.340369999999738297e+02,0.000000000000000000e+00
3.341369999999738525e+02,0.000000000000000000e+00
3.342369999999738184e+02,0.000000000000000000e+00
3.343369999999738411e+02,0.000000000000000000e+00
3.344369999999738070e+02,0.000000000000000000e+00
3.345369999999738297e+02,0.000000000000000000e+00
3.346369999999737956e+02,0.000000000000000000e+00
3.347369999999738184e+02,0.000000000000000000e+00
3.348369999999737843e+02,0.000000000000000000e+00
3.349369999999738070e+02,0.000000000000000000e+00
3.350369999999737729e+02,0.000000000000000000e+00
3.351369999999737956e+02,0.000000000000000000e+00
3.352369999999737615e+02,0.000000000000000000e+00
3.353369999999737843e+02,0.000000000000000000e+00
3.354369999999737502e+02,0.000000000000000000e+00
3.355369999999737729e+02,0.000000000000000000e+00
3.356369999999737388e+02,0.000000000000000000e+00
3.357369999999737615e+02,0.000000000000000000e+00
3.358369999999737274e+02,0.000000000000000000e+00
3.359369999999737502e+02,0.000000000000000000e+00
3.360369999999737161e+02,0.000000000000000000e+00
3.361369999999737388e+02,0.000000000000000000e+00
3.362369999999737047e+02,0.000000000000000000e+00
3.363369999999737274e+02,0.000000000000000000e+00
3.364369999999736933e+02,0.000000000000000000e+00
3.365369999999737161e+02,0.000000000000000000e+00
3.366369999999736820e+02,0.000000000000000000e+00
3.367369999999737047e+02,0.000000000000000000e+00
3.368369999999736706e+02,0.000000000000000000e+00
3.369369999999736933e+02,0.000000000000000000e+00
3.370369999999736592e+02,0.000000000000000000e+00
3.371369999999736820e+02,0.000000000000000000e+00
3.372369999999736478e+02,0.000000000000000000e+00
3.373369999999736706e+02,0.000000000000000000e+00
3.374369999999736365e+02,0.000000000000000000e+00
3.375369999999736592e+02,0.000000000000000000e+00
3.376369999999736251e+02,0.000000000000000000e+00
3.377369999999736478e+02,0.000000000000000000e+00
3.378369999999736137e+02,0.000000000000000000e+00
3.379369999999736365e+02,0.000000000000000000e+00
3.380369999999736024e+02,0.000000000000000000e+00
3.381369999999736251e+02,0.000000000000000000e+00
3.382369999999735910e+02,0.000000000000000000e+00
3.383369999999736137e+02,0.000000000000000000e+00
3.384369999999735796e+02,0.000000000000000000e+00
3.385369999999736024e+02,0.000000000000000000e+00
3.386369999999735683e+02,0.000000000000000000e+00
3.387369999999735910e+02,0.000000000000000000e+00
3.388369999999735569e+02,0.000000000000000000e+00
3.389369999999735796e+02,0.000000000000000000e+00
3.390369999999735455e+02,0.000000000000000000e+00
3.391369999999735683e+02,0.000000000000000000e+00
3.392369999999735342e+02,0.000000000000000000e+00
3.393369999999735569e+02,0.000000000000000000e+00
3.394369999999735228e+02,0.000000000000000000e+00
3.395369999999735455e+02,0.000000000000000000e+00
3.396369999999735114e+02,0.000000000000000000e+00
3.397369999999735342e+02,0.000000000000000000e+00
3.398369999999735001e+02,0.000000000000000000e+00
3.399369999999735228e+02,0.000000000000000000e+00
3.400369999999734887e+02,0.000000000000000000e+00
3.401369999999735114e+02,0.000000000000000000e+00
3.402369999999734773e+02,0.000000000000000000e+00
3.403369999999735001e+02,0.000000000000000000e+00
3.404369999999734659e+02,0.000000000000000000e+00
3.405369999999734887e+02,0.000000000000000000e+00
3.406369999999734546e+02,0.000000000000000000e+00
3.407369999999734773e+02,0.000000000000000000e+00
3.408369999999734432e+02,0.000000000000000000e+00
3.409369999999734659e+02,0.000000000000000000e+00
3.410369999999734318e+02,0.000000000000000000e+00
3.411369999999734546e+02,0.000000000000000000e+00
3.412369999999734205e+02,0.000000000000000000e+00
3.413369999999734432e+02,0.000000000000000000e+00
3.414369999999734091e+02,0.000000000000000000e+00
3.415369999999734318e+02,0.000000000000000000e+00
3.416369999999733977e+02,0.000000000000000000e+00
3.417369999999734205e+02,0.000000000000000000e+00
3.418369999999733864e+02,0.000000000000000000e+00
3.419369999999734091e+02,0.000000000000000000e+00
3.420369999999733750e+02,0.000000000000000000e+00
3.421369999999733977e+02,0.000000000000000000e+00
3.422369999999733636e+02,0.000000000000000000e+00
3.423369999999733864e+02,0.000000000000000000e+00
3.424369999999733523e+02,0.000000000000000000e+00
3.425369999999733750e+02,0.000000000000000000e+00
3.426369999999733409e+02,0.000000000000000000e+00
3.427369999999733636e+02,0.000000000000000000e+00
3.428369999999733295e+02,0.000000000000000000e+00
3.429369999999733523e+02,0.000000000000000000e+00
3.430369999999733182e+02,0.000000000000000000e+00
3.431369999999733409e+02,0.000000000000000000e+00
3.432369999999733068e+02,0.000000000000000000e+00
3.433369999999733295e+02,0.000000000000000000e+00
3.434369999999732954e+02,0.000000000000000000e+00
3.435369999999733182e+02,0.000000000000000000e+00
3.436369999999732840e+02,0.000000000000000000e+00
3.437369999999733068e+02,0.000000000000000000e+00
3.438369999999732727e+02,0.000000000000000000e+00
3.439369999999732954e+02,0.000000000000000000e+00
3.440369999999732613e+02,0.000000000000000000e+00
3.441369999999732840e+02,0.000000000000000000e+00
3.442369999999732499e+02,0.000000000000000000e+00
3.443369999999732727e+02,0.000000000000000000e+00
3.444369999999732386e+02,0.000000000000000000e+00
3.445369999999732613e+02,0.000000000000000000e+00
3.446369999999732272e+02,0.000000000000000000e+00
3.447369999999732499e+02,0.000000000000000000e+00
3.448369999999732158e+02,0.000000000000000000e+00
3.449369999999732386e+02,0.000000000000000000e+00
3.450369999999732045e+02,0.000000000000000000e+00
3.451369999999732272e+02,0.000000000000000000e+00
3.452369999999731931e+02,0.000000000000000000e+00
3.453369999999732158e+02,0.000000000000000000e+00
3.454369999999731817e+02,0.000000000000000000e+00
3.455369999999732045e+02,0.000000000000000000e+00
3.456369999999731704e+02,0.000000000000000000e+00
3.457369999999731931e+02,0.000000000000000000e+00
3.458369999999731590e+02,0.000000000000000000e+00
3.459369999999731817e+02,0.000000000000000000e+00
3.460369999999731476e+02,0.000000000000000000e+00
3.461369999999731704e+02,0.000000000000000000e+00
3.462369999999731363e+02,0.000000000000000000e+00
3.463369999999731590e+02,0.000000000000000000e+00
3.464369999999731249e+02,0.000000000000000000e+00
3.465369999999731476e+02,0.000000000000000000e+00
3.466369999999731135e+02,0.000000000000000000e+00
3.467369999999731363e+02,0.000000000000000000e+00
3.468369999999731021e+02,0.000000000000000000e+00
3.469369999999731249e+02,0.000000000000000000e+00
3.470369999999730908e+02,0.000000000000000000e+00
3.471369999999731135e+02,0.000000000000000000e+00
3.472369999999730794e+02,0.000000000000000000e+00
3.473369999999731021e+02,0.000000000000000000e+00
3.474369999999730680e+02,0.000000000000000000e+00
3.475369999999730908e+02,0.000000000000000000e+00
3.476369999999730567e+02,0.000000000000000000e+00
3.477369999999730794e+02,0.000000000000000000e+00
3.478369999999730453e+02,0.000000000000000000e+00
3.479369999999730680e+02,0.000000000000000000e+00
3.480369999999730339e+02,0.000000000000000000e+00
3.481369999999730567e+02,0.000000000000000000e+00
3.482369999999730226e+02,0.000000000000000000e+00
3.483369999999730453e+02,0.000000000000000000e+00
3.484369999999730112e+02,0.000000000000000000e+00
3.485369999999730339e+02,0.000000000000000000e+00
3.486369999999729998e+02,0.000000000000000000e+00
3.487369999999730226e+02,0.000000000000000000e+00
3.488369999999729885e+02,0.000000000000000000e+00
3.489369999999730112e+02,0.000000000000000000e+00
3.490369999999729771e+02,0.000000000000000000e+00
3.491369999999729998e+02,0.000000000000000000e+00
3.492369999999729657e+02,0.000000000000000000e+00
3.493369999999729885e+02,0.000000000000000000e+00
3.494369999999729544e+02,0.000000000000000000e+00
3.495369999999729771e+02,0.000000000000000000e+00
3.496369999999729430e+02,0.000000000000000000e+00
3.497369999999729657e+02,0.000000000000000000e+00
3.498369999999729316e+02,0.000000000000000000e+00
3.499369999999729544e+02,0.000000000000000000e+00
3.500369999999729203e+02,0.000000000000000000e+00
3.501369999999729430e+02,0.000000000000000000e+00
3.502369999999729089e+02,0.000000000000000000e+00
3.503369999999729316e+02,0.000000000000000000e+00
3.504369999999728975e+02,0.000000000000000000e+00
3.505369999999729203e+02,0.000000000000000000e+00
3.506369999999728861e+02,0.000000000000000000e+00
3.507369999999729089e+02,0.000000000000000000e+00
3.508369999999728748e+02,0.000000000000000000e+00
3.509369999999728975e+02,0.000000000000000000e+00
3.510369999999728634e+02,0.000000000000000000e+00
3.511369999999728861e+02,0.000000000000000000e+00
3.512369999999728520e+02,0.000000000000000000e+00
3.513369999999728748e+02,0.000000000000000000e+00
3.514369999999728407e+02,0.000000000000000000e+00
3.515369999999728634e+02,0.000000000000000000e+00
3.516369999999728293e+02,0.000000000000000000e+00
3.517369999999728520e+02,0.000000000000000000e+00
3.518369999999728179e+02,0.000000000000000000e+00
3.519369999999728407e+02,0.000000000000000000e+00
3.520369999999728066e+02,0.000000000000000000e+00
3.521369999999728293e+02,0.000000000000000000e+00
3.522369999999727952e+02,0.000000000000000000e+00
3.523369999999728179e+02,0.000000000000000000e+00
3.524369999999727838e+02,0.000000000000000000e+00
3.525369999999728066e+02,0.000000000000000000e+00
3.526369999999727725e+02,0.000000000000000000e+00
3.527369999999727952e+02,0.000000000000000000e+00
3.528369999999727611e+02,0.000000000000000000e+00
3.529369999999727838e+02,0.000000000000000000e+00
3.530369999999727497e+02,0.000000000000000000e+00
3.531369999999727725e+02,0.000000000000000000e+00
3.532369999999727384e+02,0.000000000000000000e+00
3.533369999999727611e+02,0.000000000000000000e+00
3.534369999999727270e+02,0.000000000000000000e+00
3.535369999999727497e+02,0.000000000000000000e+00
3.536369999999727156e+02,0.000000000000000000e+00
3.537369999999727384e+02,0.000000000000000000e+00
3.538369999999727042e+02,0.000000000000000000e+00
3.539369999999727270e+02,0.000000000000000000e+00
3.540369999999726929e+02,0.000000000000000000e+00
3.541369999999727156e+02,0.000000000000000000e+00
3.542369999999726815e+02,0.000000000000000000e+00
3.543369999999727042e+02,0.000000000000000000e+00
3.544369999999726701e+02,0.000000000000000000e+00
3.545369999999726929e+02,0.000000000000000000e+00
3.546369999999726588e+02,0.000000000000000000e+00
3.547369999999726815e+02,0.000000000000000000e+00
3.548369999999726474e+02,0.000000000000000000e+00
3.549369999999726701e+02,0.000000000000000000e+00
3.550369999999726360e+02,0.000000000000000000e+00
3.551369999999726588e+02,0.000000000000000000e+00
3.552369999999726247e+02,0.000000000000000000e+00
3.553369999999726474e+02,0.000000000000000000e+00
3.554369999999726133e+02,0.000000000000000000e+00
3.555369999999726360e+02,0.000000000000000000e+00
3.556369999999726019e+02,0.000000000000000000e+00
3.557369999999726247e+02,0.000000000000000000e+00
3.558369999999725906e+02,0.000000000000000000e+00
3.559369999999726133e+02,0.000000000000000000e+00
3.560369999999725792e+02,0.000000000000000000e+00
3.561369999999726019e+02,0.000000000000000000e+00
3.562369999999725678e+02,0.000000000000000000e+00
3.563369999999725906e+02,0.000000000000000000e+00
3.564369999999725565e+02,0.000000000000000000e+00
3.565369999999725792e+02,0.000000000000000000e+00
3.566369999999725451e+02,0.000000000000000000e+00
3.567369999999725678e+02,0.000000000000000000e+00
3.568369999999725337e+02,0.000000000000000000e+00
3.569369999999725565e+02,0.000000000000000000e+00
3.570369999999725223e+02,0.000000000000000000e+00
3.571369999999725451e+02,0.000000000000000000e+00
3.572369999999725110e+02,0.000000000000000000e+00
3.573369999999725337e+02,0.000000000000000000e+00
3.574369999999724996e+02,0.000000000000000000e+00
3.575369999999725223e+02,0.000000000000000000e+00
3.576369999999724882e+02,0.000000000000000000e+00
3.577369999999725110e+02,0.000000000000000000e+00
3.578369999999724769e+02,0.000000000000000000e+00
3.579369999999724996e+02,0.000000000000000000e+00
3.580369999999724655e+02,0.000000000000000000e+00
3.581369999999724882e+02,0.000000000000000000e+00
3.582369999999724541e+02,0.000000000000000000e+00
3.583369999999724769e+02,0.000000000000000000e+00
3.584369999999724428e+02,0.000000000000000000e+00
3.585369999999724655e+02,0.000000000000000000e+00
3.586369999999724314e+02,0.000000000000000000e+00
3.587369999999724541e+02,0.000000000000000000e+00
3.588369999999724200e+02,0.000000000000000000e+00
3.589369999999724428e+02,0.000000000000000000e+00
3.590369999999724087e+02,0.000000000000000000e+00
3.591369999999724314e+02,0.000000000000000000e+00
3.592369999999723973e+02,0.000000000000000000e+00
3.593369999999724200e+02,0.000000000000000000e+00
3.594369999999723859e+02,0.000000000000000000e+00
3.595369999999724087e+02,0.000000000000000000e+00
3.596369999999723746e+02,0.000000000000000000e+00
3.597369999999723973e+02,0.000000000000000000e+00
3.598369999999723632e+02,0.000000000000000000e+00
3.599369999999723859e+02,0.000000000000000000e+00
3.600369999999723518e+02,0.000000000000000000e+00
3.601369999999723746e+02,0.000000000000000000e+00
3.602369999999723404e+02,0.000000000000000000e+00
3.603369999999723632e+02,0.000000000000000000e+00
3.604369999999723291e+02,0.000000000000000000e+00
3.605369999999723518e+02,0.000000000000000000e+00
3.606369999999723177e+02,0.000000000000000000e+00
3.607369999999723404e+02,0.000000000000000000e+00
3.608369999999723063e+02,0.000000000000000000e+00
3.609369999999723291e+02,0.000000000000000000e+00
3.610369999999722950e+02,0.000000000000000000e+00
3.611369999999723177e+02,0.000000000000000000e+00
3.612369999999722836e+02,0.000000000000000000e+00
3.613369999999723063e+02,0.000000000000000000e+00
3.614369999999722722e+02,0.000000000000000000e+00
3.615369999999722950e+02,0.000000000000000000e+00
3.616369999999722609e+02,0.000000000000000000e+00
3.617369999999722836e+02,0.000000000000000000e+00
3.618369999999722495e+02,0.000000000000000000e+00
3.619369999999722722e+02,0.000000000000000000e+00
3.620369999999722381e+02,0.000000000000000000e+00
3.621369999999722609e+02,0.000000000000000000e+00
3.622369999999722268e+02,0.000000000000000000e+00
3.623369999999722495e+02,0.000000000000000000e+00
3.624369999999722154e+02,0.000000000000000000e+00
3.625369999999722381e+02,0.000000000000000000e+00
3.626369999999722040e+02,0.000000000000000000e+00
3.627369999999722268e+02,0.000000000000000000e+00
3.628369999999721927e+02,0.000000000000000000e+00
3.629369999999722154e+02,0.000000000000000000e+00
3.630369999999721813e+02,0.000000000000000000e+00
3.631369999999722040e+02,0.000000000000000000e+00
3.632369999999721699e+02,0.000000000000000000e+00
3.633369999999721927e+02,0.000000000000000000e+00
3.634369999999721585e+02,0.000000000000000000e+00
3.635369999999721813e+02,0.000000000000000000e+00
3.636369999999721472e+02,0.000000000000000000e+00
3.637369999999721699e+02,0.000000000000000000e+00
3.638369999999721358e+02,0.000000000000000000e+00
3.639369999999721585e+02,0.000000000000000000e+00
3.640369999999721244e+02,0.000000000000000000e+00
3.641369999999721472e+02,0.000000000000000000e+00
3.642369999999721131e+02,0.000000000000000000e+00
3.643369999999721358e+02,0.000000000000000000e+00
3.644369999999721017e+02,0.000000000000000000e+00
3.645369999999721244e+02,0.000000000000000000e+00
3.646369999999720903e+02,0.000000000000000000e+00
3.647369999999721131e+02,0.000000000000000000e+00
3.648369999999720790e+02,0.000000000000000000e+00
3.649369999999721017e+02,0.000000000000000000e+00
3.650369999999720676e+02,0.000000000000000000e+00
3.651369999999720903e+02,0.000000000000000000e+00
3.652369999999720562e+02,0.000000000000000000e+00
3.653369999999720790e+02,0.000000000000000000e+00
3.654369999999720449e+02,0.000000000000000000e+00
3.655369999999720676e+02,0.000000000000000000e+00
3.656369999999720335e+02,0.000000000000000000e+00
3.657369999999720562e+02,0.000000000000000000e+00
3.658369999999720221e+02,0.000000000000000000e+00
3.659369999999720449e+02,0.000000000000000000e+00
3.660369999999720108e+02,0.000000000000000000e+00
3.661369999999720335e+02,0.000000000000000000e+00
3.662369999999719994e+02,0.000000000000000000e+00
3.663369999999720221e+02,0.000000000000000000e+00
3.664369999999719880e+02,0.000000000000000000e+00
3.665369999999720108e+02,0.000000000000000000e+00
3.666369999999719766e+02,0.000000000000000000e+00
3.667369999999719994e+02,0.000000000000000000e+00
3.668369999999719653e+02,0.000000000000000000e+00
3.669369999999719880e+02,0.000000000000000000e+00
3.670369999999719539e+02,0.000000000000000000e+00
3.671369999999719766e+02,0.000000000000000000e+00
3.672369999999719425e+02,0.000000000000000000e+00
3.673369999999719653e+02,0.000000000000000000e+00
3.674369999999719312e+02,0.000000000000000000e+00
3.675369999999719539e+02,0.000000000000000000e+00
3.676369999999719198e+02,0.000000000000000000e+00
3.677369999999719425e+02,0.000000000000000000e+00
3.678369999999719084e+02,0.000000000000000000e+00
3.679369999999719312e+02,0.000000000000000000e+00
3.680369999999718971e+02,0.000000000000000000e+00
3.681369999999719198e+02,0.000000000000000000e+00
3.682369999999718857e+02,0.000000000000000000e+00
3.683369999999719084e+02,0.000000000000000000e+00
3.684369999999718743e+02,0.000000000000000000e+00
3.685369999999718971e+02,0.000000000000000000e+00
3.686369999999718630e+02,0.000000000000000000e+00
3.687369999999718857e+02,0.000000000000000000e+00
3.688369999999718516e+02,0.000000000000000000e+00
3.689369999999718743e+02,0.000000000000000000e+00
3.690369999999718402e+02,0.000000000000000000e+00
3.691369999999718630e+02,0.000000000000000000e+00
3.692369999999718289e+02,0.000000000000000000e+00
3.693369999999718516e+02,0.000000000000000000e+00
3.694369999999718175e+02,0.000000000000000000e+00
3.695369999999718402e+02,0.000000000000000000e+00
3.696369999999718061e+02,0.000000000000000000e+00
3.697369999999718289e+02,0.000000000000000000e+00
3.698369999999717948e+02,0.000000000000000000e+00
3.699369999999718175e+02,0.000000000000000000e+00
3.700369999999717834e+02,0.000000000000000000e+00
3.701369999999718061e+02,0.000000000000000000e+00
3.702369999999717720e+02,0.000000000000000000e+00
3.703369999999717948e+02,0.000000000000000000e+00
3.704369999999717606e+02,0.000000000000000000e+00
3.705369999999717834e+02,0.000000000000000000e+00
3.706369999999717493e+02,0.000000000000000000e+00
3.707369999999717720e+02,0.000000000000000000e+00
3.708369999999717379e+02,0.000000000000000000e+00
3.709369999999717606e+02,0.000000000000000000e+00
3.710369999999717265e+02,0.000000000000000000e+00
3.711369999999717493e+02,0.000000000000000000e+00
3.712369999999717152e+02,0.000000000000000000e+00
3.713369999999717379e+02,0.000000000000000000e+00
3.714369999999717038e+02,0.000000000000000000e+00
3.715369999999717265e+02,0.000000000000000000e+00
3.716369999999716924e+02,0.000000000000000000e+00
3.717369999999717152e+02,0.000000000000000000e+00
3.718369999999716811e+02,0.000000000000000000e+00
3.719369999999717038e+02,0.000000000000000000e+00
3.720369999999716697e+02,0.000000000000000000e+00
3.721369999999716924e+02,0.000000000000000000e+00
3.722369999999716583e+02,0.000000000000000000e+00
3.723369999999716811e+02,0.000000000000000000e+00
3.724369999999716470e+02,0.000000000000000000e+00
3.725369999999716697e+02,0.000000000000000000e+00
3.726369999999716356e+02,0.000000000000000000e+00
3.727369999999716583e+02,0.000000000000000000e+00
3.728369999999716242e+02,0.000000000000000000e+00
3.729369999999716470e+02,0.000000000000000000e+00
3.730369999999716129e+02,0.000000000000000000e+00
3.731369999999716356e+02,0.000000000000000000e+00
3.732369999999716015e+02,0.000000000000000000e+00
3.733369999999716242e+02,0.000000000000000000e+00
3.734369999999715901e+02,0.000000000000000000e+00
3.735369999999716129e+02,0.000000000000000000e+00
3.736369999999715787e+02,0.000000000000000000e+00
3.737369999999716015e+02,0.000000000000000000e+00
3.738369999999715674e+02,0.000000000000000000e+00
3.739369999999715901e+02,0.000000000000000000e+00
3.740369999999715560e+02,0.000000000000000000e+00
3.741369999999715787e+02,0.000000000000000000e+00
3.742369999999715446e+02,0.000000000000000000e+00
3.743369999999715674e+02,0.000000000000000000e+00
3.744369999999715333e+02,0.000000000000000000e+00
3.745369999999715560e+02,0.000000000000000000e+00
3.746369999999715219e+02,0.000000000000000000e+00
3.747369999999715446e+02,0.000000000000000000e+00
3.748369999999715105e+02,0.000000000000000000e+00
3.749369999999715333e+02,0.000000000000000000e+00
3.750369999999714992e+02,0.000000000000000000e+00
3.751369999999715219e+02,0.000000000000000000e+00
3.752369999999714878e+02,0.000000000000000000e+00
3.753369999999715105e+02,0.000000000000000000e+00
3.754369999999714764e+02,0.000000000000000000e+00
3.755369999999714992e+02,0.000000000000000000e+00
3.756369999999714651e+02,0.000000000000000000e+00
3.757369999999714878e+02,0.000000000000000000e+00
3.758369999999714537e+02,0.000000000000000000e+00
3.759369999999714764e+02,0.000000000000000000e+00
3.760369999999714423e+02,0.000000000000000000e+00
3.761369999999714651e+02,0.000000000000000000e+00
3.762369999999714310e+02,0.000000000000000000e+00
3.763369999999714537e+02,0.000000000000000000e+00
3.764369999999714196e+02,0.000000000000000000e+00
3.765369999999714423e+02,0.000000000000000000e+00
3.766369999999714082e+02,0.000000000000000000e+00
3.767369999999714310e+02,0.000000000000000000e+00
3.768369999999713968e+02,0.000000000000000000e+00
3.769369999999714196e+02,0.000000000000000000e+00
3.770369999999713855e+02,0.000000000000000000e+00
3.771369999999714082e+02,0.000000000000000000e+00
3.772369999999713741e+02,0.000000000000000000e+00
3.773369999999713968e+02,0.000000000000000000e+00
3.774369999999713627e+02,0.000000000000000000e+00
3.775369999999713855e+02,0.000000000000000000e+00
3.776369999999713514e+02,0.000000000000000000e+00
3.777369999999713741e+02,0.000000000000000000e+00
3.778369999999713400e+02,0.000000000000000000e+00
3.779369999999713627e+02,0.000000000000000000e+00
3.780369999999713286e+02,0.000000000000000000e+00
3.781369999999713514e+02,0.000000000000000000e+00
3.782369999999713173e+02,0.000000000000000000e+00
3.783369999999713400e+02,0.000000000000000000e+00
3.784369999999713059e+02,0.000000000000000000e+00
3.785369999999713286e+02,0.000000000000000000e+00
3.786369999999712945e+02,0.000000000000000000e+00
3.787369999999713173e+02,0.000000000000000000e+00
3.788369999999712832e+02,0.000000000000000000e+00
3.789369999999713059e+02,0.000000000000000000e+00
3.790369999999712718e+02,0.000000000000000000e+00
3.791369999999712945e+02,0.000000000000000000e+00
3.792369999999712604e+02,0.000000000000000000e+00
3.793369999999712832e+02,0.000000000000000000e+00
3.794369999999712491e+02,0.000000000000000000e+00
3.795369999999712718e+02,0.000000000000000000e+00
3.796369999999712377e+02,0.000000000000000000e+00
3.797369999999712604e+02,0.000000000000000000e+00
3.798369999999712263e+02,0.000000000000000000e+00
3.799369999999712491e+02,0.000000000000000000e+00
3.800369999999712149e+02,0.000000000000000000e+00
3.801369999999712377e+02,0.000000000000000000e+00
3.802369999999712036e+02,0.000000000000000000e+00
3.803369999999712263e+02,0.000000000000000000e+00
3.804369999999711922e+02,0.000000000000000000e+00
3.805369999999712149e+02,0.000000000000000000e+00
3.806369999999711808e+02,0.000000000000000000e+00
3.807369999999712036e+02,0.000000000000000000e+00
3.808369999999711695e+02,0.000000000000000000e+00
3.809369999999711922e+02,0.000000000000000000e+00
3.810369999999711581e+02,0.000000000000000000e+00
3.811369999999711808e+02,0.000000000000000000e+00
3.812369999999711467e+02,0.000000000000000000e+00
3.813369999999711695e+02,0.000000000000000000e+00
3.814369999999711354e+02,0.000000000000000000e+00
3.815369999999711581e+02,0.000000000000000000e+00
3.816369999999711240e+02,0.000000000000000000e+00
3.817369999999711467e+02,0.000000000000000000e+00
3.818369999999711126e+02,0.000000000000000000e+00
3.819369999999711354e+02,0.000000000000000000e+00
3.820369999999711013e+02,0.000000000000000000e+00
3.821369999999711240e+02,0.000000000000000000e+00
3.822369999999710899e+02,0.000000000000000000e+00
3.823369999999711126e+02,0.000000000000000000e+00
3.824369999999710785e+02,0.000000000000000000e+00
3.825369999999711013e+02,0.000000000000000000e+00
3.826369999999710672e+02,0.000000000000000000e+00
3.827369999999710899e+02,0.000000000000000000e+00
3.828369999999710558e+02,0.000000000000000000e+00
3.829369999999710785e+02,0.000000000000000000e+00
3.830369999999710444e+02,0.000000000000000000e+00
3.831369999999710672e+02,0.000000000000000000e+00
3.832369999999710330e+02,0.000000000000000000e+00
3.833369999999710558e+02,0.000000000000000000e+00
3.834369999999710217e+02,0.000000000000000000e+00
3.835369999999710444e+02,0.000000000000000000e+00
3.836369999999710103e+02,0.000000000000000000e+00
3.837369999999710330e+02,0.000000000000000000e+00
3.838369999999709989e+02,0.000000000000000000e+00
3.839369999999710217e+02,0.000000000000000000e+00
3.840369999999709876e+02,0.000000000000000000e+00
3.841369999999710103e+02,0.000000000000000000e+00
3.842369999999709762e+02,0.000000000000000000e+00
3.843369999999709989e+02,0.000000000000000000e+00
3.844369999999709648e+02,0.000000000000000000e+00
3.845369999999709876e+02,0.000000000000000000e+00
3.846369999999709535e+02,0.000000000000000000e+00
3.847369999999709762e+02,0.000000000000000000e+00
3.848369999999709421e+02,0.000000000000000000e+00
3.849369999999709648e+02,0.000000000000000000e+00
3.850369999999709307e+02,1.795815749304733797e-03
3.851369999999709535e+02,3.591631498609467593e-03
3.852369999999709194e+02,1.795815749303713129e-03
3.853369999999709421e+02,1.795815749303713129e-03
3.854369999999709080e+02,5.387447247914201390e-03
3.855369999999709307e+02,1.795815749304733797e-03
3.856369999999708966e+02,8.979078746518565643e-04
3.857369999999709194e+02,1.795815749303713129e-03
3.858369999999708853e+02,2.693723623957100695e-03
3.859369999999709080e+02,3.591631498609467593e-03
3.860369999999708739e+02,1.795815749303713129e-03
3.861369999999708966e+02,8.979078746518565643e-04
3.862369999999709194e+02,8.979078746518565643e-04
3.863369999999708853e+02,1.795815749305754681e-03
3.864369999999708511e+02,8.979078746518565643e-04
3.865369999999708739e+02,0.000000000000000000e+00
3.866369999999708398e+02,0.000000000000000000e+00
3.867369999999708057e+02,0.000000000000000000e+00
3.868369999999708284e+02,8.979078746518565643e-04
3.869369999999708511e+02,0.000000000000000000e+00
3.870369999999708739e+02,0.000000000000000000e+00
3.871369999999708398e+02,0.000000000000000000e+00
3.872369999999708057e+02,0.000000000000000000e+00
3.873369999999708284e+02,0.000000000000000000e+00
3.874369999999707943e+02,0.000000000000000000e+00
3.875369999999707602e+02,0.000000000000000000e+00
3.876369999999707829e+02,0.000000000000000000e+00
3.877369999999708057e+02,0.000000000000000000e+00
3.878369999999708284e+02,0.000000000000000000e+00
3.879369999999707943e+02,0.000000000000000000e+00
3.880369999999707602e+02,0.000000000000000000e+00
3.881369999999707829e+02,0.000000000000000000e+00
3.882369999999707488e+02,0.000000000000000000e+00
3.883369999999707147e+02,0.000000000000000000e+00
3.884369999999707375e+02,0.000000000000000000e+00
3.885369999999707602e+02,0.000000000000000000e+00
3.886369999999707829e+02,0.000000000000000000e+00
3.887369999999707488e+02,0.000000000000000000e+00
3.888369999999707147e+02,0.000000000000000000e+00
3.889369999999707375e+02,0.000000000000000000e+00
3.890369999999707034e+02,0.000000000000000000e+00
3.891369999999706693e+02,0.000000000000000000e+00
3.892369999999706920e+02,0.000000000000000000e+00
3.893369999999707147e+02,0.000000000000000000e+00
3.894369999999707375e+02,0.000000000000000000e+00
3.895369999999707034e+02,0.000000000000000000e+00
3.896369999999706693e+02,0.000000000000000000e+00
3.897369999999706920e+02,0.000000000000000000e+00
3.898369999999706579e+02,0.000000000000000000e+00
3.899369999999706238e+02,0.000000000000000000e+00
3.900369999999706465e+02,0.000000000000000000e+00
3.901369999999706693e+02,0.000000000000000000e+00
3.902369999999706920e+02,0.000000000000000000e+00
3.903369999999706579e+02,0.000000000000000000e+00
3.904369999999706238e+02,0.000000000000000000e+00
3.905369999999706465e+02,0.000000000000000000e+00
3.906369999999706124e+02,0.000000000000000000e+00
3.907369999999705783e+02,0.000000000000000000e+00
3.908369999999706010e+02,0.000000000000000000e+00
3.909369999999706238e+02,0.000000000000000000e+00
3.910369999999706465e+02,0.000000000000000000e+00
3.911369999999706124e+02,0.000000000000000000e+00
3.912369999999705783e+02,0.000000000000000000e+00
3.913369999999706010e+02,0.000000000000000000e+00
3.914369999999705669e+02,0.000000000000000000e+00
3.915369999999705328e+02,0.000000000000000000e+00
3.916369999999705556e+02,0.000000000000000000e+00
3.917369999999705783e+02,0.000000000000000000e+00
3.918369999999706010e+02,0.000000000000000000e+00
3.919369999999705669e+02,0.000000000000000000e+00
3.920369999999705328e+02,0.000000000000000000e+00
3.921369999999705556e+02,0.000000000000000000e+00
3.922369999999705215e+02,0.000000000000000000e+00
3.923369999999704874e+02,0.000000000000000000e+00
3.924369999999705101e+02,0.000000000000000000e+00
3.925369999999705328e+02,0.000000000000000000e+00
3.926369999999705556e+02,0.000000000000000000e+00
3.927369999999705215e+02,0.000000000000000000e+00
3.928369999999704874e+02,0.000000000000000000e+00
3.929369999999705101e+02,0.000000000000000000e+00
3.930369999999704760e+02,0.000000000000000000e+00
3.931369999999704419e+02,0.000000000000000000e+00
3.932369999999704646e+02,0.000000000000000000e+00
3.933369999999704874e+02,0.000000000000000000e+00
3.934369999999705101e+02,0.000000000000000000e+00
3.935369999999704760e+02,0.000000000000000000e+00
3.936369999999704419e+02,0.000000000000000000e+00
3.937369999999704646e+02,0.000000000000000000e+00
3.938369999999704305e+02,0.000000000000000000e+00
3.939369999999703964e+02,0.000000000000000000e+00
3.940369999999704191e+02,0.000000000000000000e+00
3.941369999999704419e+02,0.000000000000000000e+00
3.942369999999704646e+02,0.000000000000000000e+00
3.943369999999704305e+02,0.000000000000000000e+00
3.944369999999703964e+02,0.000000000000000000e+00
3.945369999999704191e+02,0.000000000000000000e+00
3.946369999999703850e+02,0.000000000000000000e+00
3.947369999999703509e+02,0.000000000000000000e+00
3.948369999999703737e+02,0.000000000000000000e+00
3.949369999999703964e+02,0.000000000000000000e+00
3.950369999999704191e+02,0.000000000000000000e+00
3.951369999999703850e+02,0.000000000000000000e+00
3.952369999999703509e+02,0.000000000000000000e+00
3.953369999999703737e+02,0.000000000000000000e+00
3.954369999999703396e+02,0.000000000000000000e+00
3.955369999999703055e+02,0.000000000000000000e+00
3.956369999999703282e+02,0.000000000000000000e+00
3.957369999999703509e+02,0.000000000000000000e+00
3.958369999999703737e+02,2.693723623955569801e-03
3.959369999999703396e+02,0.000000000000000000e+00
3.960369999999703055e+02,0.000000000000000000e+00
3.961369999999703282e+02,2.693723623955569801e-03
3.962369999999702941e+02,0.000000000000000000e+00
3.963369999999702600e+02,0.000000000000000000e+00
3.964369999999702827e+02,0.000000000000000000e+00
3.965369999999703055e+02,0.000000000000000000e+00
3.966369999999703282e+02,2.693723623955569801e-03
3.967369999999702941e+02,0.000000000000000000e+00
3.968369999999702600e+02,0.000000000000000000e+00
3.969369999999702827e+02,0.000000000000000000e+00
3.970369999999702486e+02,0.000000000000000000e+00
3.971369999999702145e+02,0.000000000000000000e+00
3.972369999999702372e+02,0.000000000000000000e+00
3.973369999999702600e+02,0.000000000000000000e+00
3.974369999999702827e+02,0.000000000000000000e+00
3.975369999999702486e+02,0.000000000000000000e+00
3.976369999999702145e+02,0.000000000000000000e+00
3.977369999999702372e+02,0.000000000000000000e+00
3.978369999999702031e+02,0.000000000000000000e+00
3.979369999999701690e+02,0.000000000000000000e+00
3.980369999999701918e+02,0.000000000000000000e+00
3.981369999999702145e+02,0.000000000000000000e+00
3.982369999999702372e+02,0.000000000000000000e+00
3.983369999999702031e+02,0.000000000000000000e+00
3.984369999999701690e+02,0.000000000000000000e+00
3.985369999999701918e+02,0.000000000000000000e+00
3.986369999999701577e+02,0.000000000000000000e+00
3.987369999999701236e+02,0.000000000000000000e+00
3.988369999999701463e+02,0.000000000000000000e+00
3.989369999999701690e+02,0.000000000000000000e+00
3.990369999999701918e+02,0.000000000000000000e+00
3.991369999999701577e+02,0.000000000000000000e+00
3.992369999999701236e+02,0.000000000000000000e+00
3.993369999999701463e+02,0.000000000000000000e+00
3.994369999999701122e+02,0.000000000000000000e+00
3.995369999999700781e+02,0.000000000000000000e+00
3.996369999999701008e+02,0.000000000000000000e+00
3.997369999999701236e+02,0.000000000000000000e+00
3.998369999999701463e+02,0.000000000000000000e+00
3.999369999999701122e+02,0.000000000000000000e+00
4.000369999999700781e+02,0.000000000000000000e+00
4.001369999999701008e+02,0.000000000000000000e+00
4.002369999999700667e+02,0.000000000000000000e+00
4.003369999999700326e+02,0.000000000000000000e+00
4.004369999999700553e+02,0.000000000000000000e+00
4.005369999999700781e+02,0.000000000000000000e+00
4.006369999999701008e+02,0.000000000000000000e+00
4.007369999999700667e+02,0.000000000000000000e+00
4.008369999999700326e+02,0.000000000000000000e+00
4.009369999999700553e+02,0.000000000000000000e+00
4.010369999999700212e+02,0.000000000000000000e+00
4.011369999999699871e+02,0.000000000000000000e+00
4.012369999999700099e+02,0.000000000000000000e+00
4.013369999999700326e+02,0.000000000000000000e+00
4.014369999999700553e+02,0.000000000000000000e+00
4.015369999999700212e+02,0.000000000000000000e+00
4.016369999999699871e+02,0.000000000000000000e+00
4.017369999999700099e+02,0.000000000000000000e+00
4.018369999999699758e+02,0.000000000000000000e+00
4.019369999999699417e+02,0.000000000000000000e+00
4.020369999999699644e+02,0.000000000000000000e+00
4.021369999999699871e+02,0.000000000000000000e+00
4.022369999999700099e+02,0.000000000000000000e+00
4.023369999999699758e+02,0.000000000000000000e+00
4.024369999999699417e+02,0.000000000000000000e+00
4.025369999999699644e+02,0.000000000000000000e+00
4.026369999999699303e+02,0.000000000000000000e+00
4.027369999999698962e+02,0.000000000000000000e+00
4.028369999999699189e+02,0.000000000000000000e+00
4.029369999999699417e+02,0.000000000000000000e+00
4.030369999999699644e+02,0.000000000000000000e+00
4.031369999999699303e+02,0.000000000000000000e+00
4.032369999999698962e+02,0.000000000000000000e+00
4.033369999999699189e+02,0.000000000000000000e+00
4.034369999999698848e+02,0.000000000000000000e+00
4.035369999999698507e+02,0.000000000000000000e+00
4.036369999999698734e+02,0.000000000000000000e+00
4.037369999999698962e+02,0.000000000000000000e+00
4.038369999999699189e+02,0.000000000000000000e+00
4.039369999999698848e+02,0.000000000000000000e+00
4.040369999999698507e+02,0.000000000000000000e+00
4.041369999999698734e+02,0.000000000000000000e+00
4.042369999999698393e+02,0.000000000000000000e+00
4.043369999999698052e+02,0.000000000000000000e+00
4.044369999999698280e+02,0.000000000000000000e+00
4.045369999999698507e+02,0.000000000000000000e+00
4.046369999999698734e+02,0.000000000000000000e+00
4.047369999999698393e+02,0.000000000000000000e+00
4.048369999999698052e+02,0.000000000000000000e+00
4.049369999999698280e+02,0.000000000000000000e+00
4.050369999999697939e+02,0.000000000000000000e+00
4.051369999999697598e+02,8.979078746518565643e-04
4.052369999999697825e+02,0.000000000000000000e+00
4.053369999999698052e+02,0.000000000000000000e+00
4.054369999999698280e+02,8.979078746518565643e-04
4.055369999999697939e+02,0.000000000000000000e+00
4.056369999999697598e+02,0.000000000000000000e+00
4.057369999999697825e+02,0.000000000000000000e+00
4.058369999999697484e+02,0.000000000000000000e+00
4.059369999999697143e+02,8.979078746518565643e-04
4.060369999999697370e+02,0.000000000000000000e+00
4.061369999999697598e+02,0.000000000000000000e+00
4.062369999999697825e+02,0.000000000000000000e+00
4.063369999999697484e+02,0.000000000000000000e+00
4.064369999999697143e+02,0.000000000000000000e+00
4.065369999999697370e+02,0.000000000000000000e+00
4.066369999999697029e+02,0.000000000000000000e+00
4.067369999999696688e+02,0.000000000000000000e+00
4.068369999999696915e+02,0.000000000000000000e+00
4.069369999999697143e+02,0.000000000000000000e+00
4.070369999999697370e+02,0.000000000000000000e+00
4.071369999999697029e+02,0.000000000000000000e+00
4.072369999999696688e+02,0.000000000000000000e+00
4.073369999999696915e+02,0.000000000000000000e+00
4.074369999999696574e+02,0.000000000000000000e+00
4.075369999999696233e+02,0.000000000000000000e+00
4.076369999999696461e+02,0.000000000000000000e+00
4.077369999999696688e+02,0.000000000000000000e+00
4.078369999999696915e+02,0.000000000000000000e+00
4.079369999999696574e+02,0.000000000000000000e+00
4.080369999999696233e+02,0.000000000000000000e+00
4.081369999999696461e+02,0.000000000000000000e+00
4.082369999999696120e+02,0.000000000000000000e+00
4.083369999999695779e+02,0.000000000000000000e+00
4.084369999999696006e+02,0.000000000000000000e+00
4.085369999999696233e+02,0.000000000000000000e+00
4.086369999999696461e+02,0.000000000000000000e+00
4.087369999999696120e+02,0.000000000000000000e+00
4.088369999999695779e+02,0.000000000000000000e+00
4.089369999999696006e+02,0.000000000000000000e+00
4.090369999999695665e+02,0.000000000000000000e+00
4.091369999999695324e+02,0.000000000000000000e+00
4.092369999999695551e+02,0.000000000000000000e+00
4.093369999999695779e+02,0.000000000000000000e+00
4.094369999999696006e+02,0.000000000000000000e+00
4.095369999999695665e+02,0.000000000000000000e+00
4.096369999999695324e+02,0.000000000000000000e+00
4.097369999999695551e+02,0.000000000000000000e+00
4.098369999999695210e+02,0.000000000000000000e+00
4.099369999999694869e+02,0.000000000000000000e+00
4.100369999999695096e+02,0.000000000000000000e+00
4.101369999999695324e+02,0.000000000000000000e+00
4.102369999999695551e+02,0.000000000000000000e+00
4.103369999999695210e+02,0.000000000000000000e+00
4.104369999999694869e+02,0.000000000000000000e+00
4.105369999999695096e+02,0.000000000000000000e+00
4.106369999999694755e+02,0.000000000000000000e+00
4.107369999999694414e+02,0.000000000000000000e+00
4.108369999999694642e+02,0.000000000000000000e+00
4.109369999999694869e+02,0.000000000000000000e+00
4.110369999999695096e+02,0.000000000000000000e+00
4.111369999999694755e+02,0.000000000000000000e+00
4.112369999999694414e+02,0.000000000000000000e+00
4.113369999999694642e+02,0.000000000000000000e+00
4.114369999999694301e+02,0.000000000000000000e+00
4.115369999999693960e+02,0.000000000000000000e+00
4.116369999999694187e+02,0.000000000000000000e+00
4.117369999999694414e+02,0.000000000000000000e+00
4.118369999999694642e+02,0.000000000000000000e+00
4.119369999999694301e+02,0.000000000000000000e+00
4.120369999999693960e+02,0.000000000000000000e+00
4.121369999999694187e+02,0.000000000000000000e+00
4.122369999999693846e+02,0.000000000000000000e+00
4.123369999999693505e+02,0.000000000000000000e+00
4.124369999999693732e+02,0.000000000000000000e+00
4.125369999999693960e+02,0.000000000000000000e+00
4.126369999999694187e+02,0.000000000000000000e+00
4.127369999999693846e+02,0.000000000000000000e+00
4.128369999999693505e+02,0.000000000000000000e+00
4.129369999999693732e+02,0.000000000000000000e+00
4.130369999999693391e+02,0.000000000000000000e+00
4.131369999999693050e+02,0.000000000000000000e+00
4.132369999999693277e+02,0.000000000000000000e+00
4.133369999999693505e+02,0.000000000000000000e+00
4.134369999999693732e+02,0.000000000000000000e+00
4.135369999999693391e+02,0.000000000000000000e+00
4.136369999999693050e+02,0.000000000000000000e+00
4.137369999999693277e+02,0.000000000000000000e+00
4.138369999999692936e+02,0.000000000000000000e+00
4.139369999999692595e+02,0.000000000000000000e+00
4.140369999999692823e+02,0.000000000000000000e+00
4.141369999999693050e+02,0.000000000000000000e+00
4.142369999999693277e+02,0.000000000000000000e+00
4.143369999999692936e+02,0.000000000000000000e+00
4.144369999999692595e+02,0.000000000000000000e+00
4.145369999999692823e+02,0.000000000000000000e+00
4.146369999999692482e+02,0.000000000000000000e+00
4.147369999999692141e+02,0.000000000000000000e+00
4.148369999999692368e+02,0.000000000000000000e+00
4.149369999999692595e+02,0.000000000000000000e+00
4.150369999999692823e+02,0.000000000000000000e+00
4.151369999999692482e+02,0.000000000000000000e+00
4.152369999999692141e+02,0.000000000000000000e+00
4.153369999999692368e+02,0.000000000000000000e+00
4.154369999999692027e+02,0.000000000000000000e+00
4.155369999999691686e+02,0.000000000000000000e+00
4.156369999999691913e+02,0.000000000000000000e+00
4.157369999999692141e+02,0.000000000000000000e+00
4.158369999999692368e+02,0.000000000000000000e+00
4.159369999999692027e+02,0.000000000000000000e+00
4.160369999999691686e+02,0.000000000000000000e+00
4.161369999999691913e+02,0.000000000000000000e+00
4.162369999999691572e+02,0.000000000000000000e+00
4.163369999999691231e+02,0.000000000000000000e+00
4.164369999999691458e+02,0.000000000000000000e+00
4.165369999999691686e+02,0.000000000000000000e+00
4.166369999999691913e+02,0.000000000000000000e+00
4.167369999999691572e+02,0.000000000000000000e+00
4.168369999999691231e+02,0.000000000000000000e+00
4.169369999999691458e+02,0.000000000000000000e+00
4.170369999999691117e+02,0.000000000000000000e+00
4.171369999999690776e+02,0.000000000000000000e+00
4.172369999999691004e+02,0.000000000000000000e+00
4.173369999999691231e+02,0.000000000000000000e+00
4.174369999999691458e+02,0.000000000000000000e+00
4.175369999999691117e+02,0.000000000000000000e+00
4.176369999999690776e+02,0.000000000000000000e+00
4.177369999999691004e+02,0.000000000000000000e+00
4.178369999999690663e+02,0.000000000000000000e+00
4.179369999999690322e+02,0.000000000000000000e+00
4.180369999999690549e+02,0.000000000000000000e+00
4.181369999999690776e+02,0.000000000000000000e+00
4.182369999999691004e+02,0.000000000000000000e+00
4.183369999999690663e+02,0.000000000000000000e+00
4.184369999999690322e+02,0.000000000000000000e+00
4.185369999999690549e+02,0.000000000000000000e+00
4.186369999999690208e+02,0.000000000000000000e+00
4.187369999999689867e+02,0.000000000000000000e+00
4.188369999999690094e+02,0.000000000000000000e+00
4.189369999999690322e+02,0.000000000000000000e+00
4.190369999999690549e+02,0.000000000000000000e+00
4.191369999999690208e+02,0.000000000000000000e+00
4.192369999999689867e+02,0.000000000000000000e+00
4.193369999999690094e+02,0.000000000000000000e+00
4.194369999999689753e+02,0.000000000000000000e+00
4.195369999999689412e+02,0.000000000000000000e+00
4.196369999999689639e+02,0.000000000000000000e+00
4.197369999999689867e+02,0.000000000000000000e+00
4.198369999999690094e+02,0.000000000000000000e+00
4.199369999999689753e+02,0.000000000000000000e+00
4.200369999999689412e+02,0.000000000000000000e+00
4.201369999999689639e+02,0.000000000000000000e+00
4.202369999999689298e+02,0.000000000000000000e+00
4.203369999999688957e+02,0.000000000000000000e+00
4.204369999999689185e+02,0.000000000000000000e+00
4.205369999999689412e+02,0.000000000000000000e+00
4.206369999999689639e+02,0.000000000000000000e+00
4.207369999999689298e+02,0.000000000000000000e+00
4.208369999999688957e+02,0.000000000000000000e+00
4.209369999999689185e+02,0.000000000000000000e+00
4.210369999999688844e+02,0.000000000000000000e+00
4.211369999999688503e+02,0.000000000000000000e+00
4.212369999999688730e+02,0.000000000000000000e+00
4.213369999999688957e+02,0.000000000000000000e+00
4.214369999999689185e+02,0.000000000000000000e+00
4.215369999999688844e+02,0.000000000000000000e+00
4.216369999999688503e+02,0.000000000000000000e+00
4.217369999999688730e+02,0.000000000000000000e+00
4.218369999999688389e+02,0.000000000000000000e+00
4.219369999999688048e+02,0.000000000000000000e+00
4.220369999999688275e+02,0.000000000000000000e+00
4.221369999999688503e+02,0.000000000000000000e+00
4.222369999999688730e+02,0.000000000000000000e+00
4.223369999999688389e+02,0.000000000000000000e+00
4.224369999999688048e+02,0.000000000000000000e+00
4.225369999999688275e+02,0.000000000000000000e+00
4.226369999999687934e+02,0.000000000000000000e+00
4.227369999999687593e+02,0.000000000000000000e+00
4.228369999999687820e+02,0.000000000000000000e+00
4.229369999999688048e+02,0.000000000000000000e+00
4.230369999999688275e+02,0.000000000000000000e+00
4.231369999999687934e+02,0.000000000000000000e+00
4.232369999999687593e+02,0.000000000000000000e+00
4.233369999999687820e+02,0.000000000000000000e+00
4.234369999999687479e+02,0.000000000000000000e+00
4.235369999999687138e+02,0.000000000000000000e+00
4.236369999999687366e+02,0.000000000000000000e+00
4.237369999999687593e+02,0.000000000000000000e+00
4.238369999999687820e+02,0.000000000000000000e+00
4.239369999999687479e+02,0.000000000000000000e+00
4.240369999999687138e+02,0.000000000000000000e+00
4.241369999999687366e+02,0.000000000000000000e+00
4.242369999999687025e+02,0.000000000000000000e+00
4.243369999999686684e+02,0.000000000000000000e+00
4.244369999999686911e+02,0.000000000000000000e+00
4.245369999999687138e+02,0.000000000000000000e+00
4.246369999999687366e+02,0.000000000000000000e+00
4.247369999999687025e+02,0.000000000000000000e+00
4.248369999999686684e+02,0.000000000000000000e+00
4.249369999999686911e+02,0.000000000000000000e+00
4.250369999999686570e+02,0.000000000000000000e+00
4.251369999999686229e+02,0.000000000000000000e+00
4.252369999999686456e+02,0.000000000000000000e+00
4.253369999999686684e+02,0.000000000000000000e+00
4.254369999999686911e+02,0.000000000000000000e+00
4.255369999999686570e+02,0.000000000000000000e+00
4.256369999999686229e+02,0.000000000000000000e+00
4.257369999999686456e+02,0.000000000000000000e+00
4.258369999999686115e+02,0.000000000000000000e+00
4.259369999999685774e+02,0.000000000000000000e+00
4.260369999999686002e+02,0.000000000000000000e+00
4.261369999999686229e+02,0.000000000000000000e+00
4.262369999999686456e+02,0.000000000000000000e+00
4.263369999999686115e+02,0.000000000000000000e+00
4.264369999999685774e+02,0.000000000000000000e+00
4.265369999999686002e+02,0.000000000000000000e+00
4.266369999999685660e+02,0.000000000000000000e+00
4.267369999999685319e+02,0.000000000000000000e+00
4.268369999999685547e+02,0.000000000000000000e+00
4.269369999999685774e+02,0.000000000000000000e+00
4.270369999999686002e+02,0.000000000000000000e+00
4.271369999999685660e+02,0.000000000000000000e+00
4.272369999999685319e+02,0.000000000000000000e+00
4.273369999999685547e+02,0.000000000000000000e+00
4.274369999999685206e+02,0.000000000000000000e+00
4.275369999999684865e+02,0.000000000000000000e+00
4.276369999999685092e+02,0.000000000000000000e+00
4.277369999999685319e+02,0.000000000000000000e+00
4.278369999999685547e+02,0.000000000000000000e+00
4.279369999999685206e+02,0.000000000000000000e+00
4.280369999999684865e+02,0.000000000000000000e+00
4.281369999999685092e+02,0.000000000000000000e+00
4.282369999999684751e+02,0.000000000000000000e+00
4.283369999999684410e+02,0.000000000000000000e+00
4.284369999999684637e+02,0.000000000000000000e+00
4.285369999999684865e+02,0.000000000000000000e+00
4.286369999999685092e+02,0.000000000000000000e+00
4.287369999999684751e+02,0.000000000000000000e+00
4.288369999999684410e+02,0.000000000000000000e+00
4.289369999999684637e+02,0.000000000000000000e+00
4.290369999999684296e+02,0.000000000000000000e+00
4.291369999999683955e+02,0.000000000000000000e+00
4.292369999999684183e+02,0.000000000000000000e+00
4.293369999999684410e+02,0.000000000000000000e+00
4.294369999999684637e+02,0.000000000000000000e+00
4.295369999999684296e+02,0.000000000000000000e+00
4.296369999999683955e+02,0.000000000000000000e+00
4.297369999999684183e+02,0.000000000000000000e+00
4.298369999999683841e+02,0.000000000000000000e+00
4.299369999999683500e+02,0.000000000000000000e+00
4.300369999999683728e+02,0.000000000000000000e+00
4.301369999999683955e+02,0.000000000000000000e+00
4.302369999999684183e+02,0.000000000000000000e+00
4.303369999999683841e+02,0.000000000000000000e+00
4.304369999999683500e+02,0.000000000000000000e+00
4.305369999999683728e+02,0.000000000000000000e+00
4.306369999999683387e+02,0.000000000000000000e+00
4.307369999999683046e+02,0.000000000000000000e+00
4.308369999999683273e+02,0.000000000000000000e+00
4.309369999999683500e+02,0.000000000000000000e+00
4.310369999999683728e+02,0.000000000000000000e+00
4.311369999999683387e+02,0.000000000000000000e+00
4.312369999999683046e+02,0.000000000000000000e+00
4.313369999999683273e+02,0.000000000000000000e+00
4.314369999999682932e+02,0.000000000000000000e+00
4.315369999999682591e+02,0.000000000000000000e+00
4.316369999999682818e+02,0.000000000000000000e+00
4.317369999999683046e+02,0.000000000000000000e+00
4.318369999999683273e+02,0.000000000000000000e+00
4.319369999999682932e+02,0.000000000000000000e+00
4.320369999999682591e+02,0.000000000000000000e+00
4.321369999999682818e+02,0.000000000000000000e+00
4.322369999999682477e+02,0.000000000000000000e+00
4.323369999999682136e+02,0.000000000000000000e+00
4.324369999999682364e+02,0.000000000000000000e+00
4.325369999999682591e+02,0.000000000000000000e+00
4.326369999999682818e+02,0.000000000000000000e+00
4.327369999999682477e+02,0.000000000000000000e+00
4.328369999999682136e+02,0.000000000000000000e+00
4.329369999999682364e+02,0.000000000000000000e+00
4.330369999999682022e+02,0.000000000000000000e+00
4.331369999999681681e+02,0.000000000000000000e+00
4.332369999999681909e+02,0.000000000000000000e+00
4.333369999999682136e+02,0.000000000000000000e+00
4.334369999999682364e+02,0.000000000000000000e+00
4.335369999999682022e+02,0.000000000000000000e+00
4.336369999999681681e+02,0.000000000000000000e+00
4.337369999999681909e+02,0.000000000000000000e+00
4.338369999999681568e+02,0.000000000000000000e+00
4.339369999999681227e+02,0.000000000000000000e+00
4.340369999999681454e+02,0.000000000000000000e+00
4.341369999999681681e+02,0.000000000000000000e+00
4.342369999999681909e+02,0.000000000000000000e+00
4.343369999999681568e+02,0.000000000000000000e+00
4.344369999999681227e+02,0.000000000000000000e+00
4.345369999999681454e+02,0.000000000000000000e+00
4.346369999999681113e+02,0.000000000000000000e+00
4.347369999999680772e+02,0.000000000000000000e+00
4.348369999999680999e+02,0.000000000000000000e+00
4.349369999999681227e+02,0.000000000000000000e+00
4.350369999999681454e+02,0.000000000000000000e+00
4.351369999999681113e+02,0.000000000000000000e+00
4.352369999999680772e+02,0.000000000000000000e+00
4.353369999999680999e+02,0.000000000000000000e+00
4.354369999999680658e+02,0.000000000000000000e+00
4.355369999999680317e+02,0.000000000000000000e+00
4.356369999999680545e+02,0.000000000000000000e+00
4.357369999999680772e+02,0.000000000000000000e+00
4.358369999999680999e+02,0.000000000000000000e+00
4.359369999999680658e+02,0.000000000000000000e+00
4.360369999999680317e+02,0.000000000000000000e+00
4.361369999999680545e+02,0.000000000000000000e+00
4.362369999999680203e+02,0.000000000000000000e+00
4.363369999999679862e+02,0.000000000000000000e+00
4.364369999999680090e+02,0.000000000000000000e+00
4.365369999999680317e+02,0.000000000000000000e+00
4.366369999999680545e+02,0.000000000000000000e+00
4.367369999999680203e+02,0.000000000000000000e+00
4.368369999999679862e+02,0.000000000000000000e+00
4.369369999999680090e+02,0.000000000000000000e+00
4.370369999999679749e+02,0.000000000000000000e+00
4.371369999999679408e+02,0.000000000000000000e+00
4.372369999999679635e+02,0.000000000000000000e+00
4.373369999999679862e+02,0.000000000000000000e+00
4.374369999999680090e+02,0.000000000000000000e+00
4.375369999999679749e+02,0.000000000000000000e+00
4.376369999999679408e+02,0.000000000000000000e+00
4.377369999999679635e+02,0.000000000000000000e+00
4.378369999999679294e+02,0.000000000000000000e+00
4.379369999999678953e+02,0.000000000000000000e+00
4.380369999999679180e+02,0.000000000000000000e+00
4.381369999999679408e+02,0.000000000000000000e+00
4.382369999999679635e+02,0.000000000000000000e+00
4.383369999999679294e+02,0.000000000000000000e+00
4.384369999999678953e+02,0.000000000000000000e+00
4.385369999999679180e+02,0.000000000000000000e+00
4.386369999999678839e+02,0.000000000000000000e+00
4.387369999999678498e+02,0.000000000000000000e+00
4.388369999999678726e+02,0.000000000000000000e+00
4.389369999999678953e+02,0.000000000000000000e+00
4.390369999999679180e+02,0.000000000000000000e+00
4.391369999999678839e+02,0.000000000000000000e+00
4.392369999999678498e+02,0.000000000000000000e+00
4.393369999999678726e+02,0.000000000000000000e+00
4.394369999999678384e+02,0.000000000000000000e+00
4.395369999999678043e+02,0.000000000000000000e+00
4.396369999999678271e+02,0.000000000000000000e+00
4.397369999999678498e+02,0.000000000000000000e+00
4.398369999999678726e+02,0.000000000000000000e+00
4.399369999999678384e+02,0.000000000000000000e+00
4.400369999999678043e+02,0.000000000000000000e+00
4.401369999999678271e+02,0.000000000000000000e+00
4.402369999999677930e+02,0.000000000000000000e+00
4.403369999999677589e+02,0.000000000000000000e+00
4.404369999999677816e+02,0.000000000000000000e+00
4.405369999999678043e+02,0.000000000000000000e+00
4.406369999999678271e+02,0.000000000000000000e+00
4.407369999999677930e+02,0.000000000000000000e+00
4.408369999999677589e+02,0.000000000000000000e+00
4.409369999999677816e+02,0.000000000000000000e+00
4.410369999999677475e+02,0.000000000000000000e+00
4.411369999999677134e+02,0.000000000000000000e+00
4.412369999999677361e+02,0.000000000000000000e+00
4.413369999999677589e+02,0.000000000000000000e+00
4.414369999999677816e+02,0.000000000000000000e+00
4.415369999999677475e+02,0.000000000000000000e+00
4.416369999999677134e+02,0.000000000000000000e+00
4.417369999999677361e+02,0.000000000000000000e+00
4.418369999999677020e+02,0.000000000000000000e+00
4.419369999999676679e+02,0.000000000000000000e+00
4.420369999999676907e+02,0.000000000000000000e+00
4.421369999999677134e+02,0.000000000000000000e+00
4.422369999999677361e+02,0.000000000000000000e+00
4.423369999999677020e+02,0.000000000000000000e+00
4.424369999999676679e+02,0.000000000000000000e+00
4.425369999999676907e+02,0.000000000000000000e+00
4.426369999999676565e+02,0.000000000000000000e+00
4.427369999999676224e+02,0.000000000000000000e+00
4.428369999999676452e+02,0.000000000000000000e+00
4.429369999999676679e+02,0.000000000000000000e+00
4.430369999999676907e+02,0.000000000000000000e+00
4.431369999999676565e+02,0.000000000000000000e+00
4.432369999999676224e+02,0.000000000000000000e+00
4.433369999999676452e+02,0.000000000000000000e+00
4.434369999999676111e+02,0.000000000000000000e+00
4.435369999999675770e+02,0.000000000000000000e+00
4.436369999999675997e+02,0.000000000000000000e+00
4.437369999999676224e+02,0.000000000000000000e+00
4.438369999999676452e+02,0.000000000000000000e+00
4.439369999999676111e+02,0.000000000000000000e+00
4.440369999999675770e+02,0.000000000000000000e+00
4.441369999999675997e+02,0.000000000000000000e+00
4.442369999999675656e+02,0.000000000000000000e+00
4.443369999999675315e+02,0.000000000000000000e+00
4.444369999999675542e+02,0.000000000000000000e+00
4.445369999999675770e+02,0.000000000000000000e+00
4.446369999999675997e+02,0.000000000000000000e+00
4.447369999999675656e+02,0.000000000000000000e+00
4.448369999999675315e+02,0.000000000000000000e+00
4.449369999999675542e+02,0.000000000000000000e+00
4.450369999999675201e+02,0.000000000000000000e+00
4.451369999999674860e+02,0.000000000000000000e+00
4.452369999999675088e+02,0.000000000000000000e+00
4.453369999999675315e+02,0.000000000000000000e+00
4.454369999999675542e+02,0.000000000000000000e+00
4.455369999999675201e+02,0.000000000000000000e+00
4.456369999999674860e+02,0.000000000000000000e+00
4.457369999999675088e+02,0.000000000000000000e+00
4.458369999999674747e+02,0.000000000000000000e+00
4.459369999999674405e+02,0.000000000000000000e+00
4.460369999999674633e+02,0.000000000000000000e+00
4.461369999999674860e+02,0.000000000000000000e+00
4.462369999999675088e+02,0.000000000000000000e+00
4.463369999999674747e+02,0.000000000000000000e+00
4.464369999999674405e+02,0.000000000000000000e+00
4.465369999999674633e+02,0.000000000000000000e+00
4.466369999999674292e+02,0.000000000000000000e+00
4.467369999999673951e+02,0.000000000000000000e+00
4.468369999999674178e+02,0.000000000000000000e+00
4.469369999999674405e+02,0.000000000000000000e+00
4.470369999999674633e+02,0.000000000000000000e+00
4.471369999999674292e+02,0.000000000000000000e+00
4.472369999999673951e+02,0.000000000000000000e+00
4.473369999999674178e+02,0.000000000000000000e+00
4.474369999999673837e+02,0.000000000000000000e+00
4.475369999999673496e+02,0.000000000000000000e+00
4.476369999999673723e+02,0.000000000000000000e+00
4.477369999999673951e+02,0.000000000000000000e+00
4.478369999999674178e+02,0.000000000000000000e+00
4.479369999999673837e+02,0.000000000000000000e+00
4.480369999999673496e+02,0.000000000000000000e+00
4.481369999999673723e+02,0.000000000000000000e+00
4.482369999999673382e+02,0.000000000000000000e+00
4.483369999999673041e+02,0.000000000000000000e+00
4.484369999999673269e+02,0.000000000000000000e+00
4.485369999999673496e+02,0.000000000000000000e+00
4.486369999999673723e+02,0.000000000000000000e+00
4.487369999999673382e+02,0.000000000000000000e+00
4.488369999999673041e+02,0.000000000000000000e+00
4.489369999999673269e+02,0.000000000000000000e+00
4.490369999999672928e+02,0.000000000000000000e+00
4.491369999999672586e+02,0.000000000000000000e+00
4.492369999999672814e+02,0.000000000000000000e+00
4.493369999999673041e+02,0.000000000000000000e+00
4.494369999999673269e+02,0.000000000000000000e+00
4.495369999999672928e+02,0.000000000000000000e+00
4.496369999999672586e+02,0.000000000000000000e+00
4.497369999999672814e+02,0.000000000000000000e+00
4.498369999999672473e+02,0.000000000000000000e+00
4.499369999999672132e+02,0.000000000000000000e+00
4.500369999999672359e+02,0.000000000000000000e+00
4.501369999999672586e+02,0.000000000000000000e+00
4.502369999999672814e+02,0.000000000000000000e+00
4.503369999999672473e+02,0.000000000000000000e+00
4.504369999999672132e+02,0.000000000000000000e+00
4.505369999999672359e+02,0.000000000000000000e+00
4.506369999999672018e+02,0.000000000000000000e+00
4.507369999999671677e+02,0.000000000000000000e+00
4.508369999999671904e+02,0.000000000000000000e+00
4.509369999999672132e+02,0.000000000000000000e+00
4.510369999999672359e+02,0.000000000000000000e+00
4.511369999999672018e+02,0.000000000000000000e+00
4.512369999999671677e+02,0.000000000000000000e+00
4.513369999999671904e+02,0.000000000000000000e+00
4.514369999999671563e+02,0.000000000000000000e+00
4.515369999999671222e+02,0.000000000000000000e+00
4.516369999999671450e+02,0.000000000000000000e+00
4.517369999999671677e+02,0.000000000000000000e+00
4.518369999999671904e+02,0.000000000000000000e+00
4.519369999999671563e+02,0.000000000000000000e+00
4.520369999999671222e+02,0.000000000000000000e+00
4.521369999999671450e+02,0.000000000000000000e+00
4.522369999999671109e+02,0.000000000000000000e+00
4.523369999999670767e+02,0.000000000000000000e+00
4.524369999999670995e+02,0.000000000000000000e+00
4.525369999999671222e+02,0.000000000000000000e+00
4.526369999999671450e+02,0.000000000000000000e+00
4.527369999999671109e+02,0.000000000000000000e+00
4.528369999999670767e+02,0.000000000000000000e+00
4.529369999999670995e+02,0.000000000000000000e+00
4.530369999999670654e+02,0.000000000000000000e+00
4.531369999999670313e+02,0.000000000000000000e+00
4.532369999999670540e+02,0.000000000000000000e+00
4.533369999999670767e+02,0.000000000000000000e+00
4.534369999999670995e+02,0.000000000000000000e+00
4.535369999999670654e+02,0.000000000000000000e+00
4.536369999999670313e+02,0.000000000000000000e+00
4.537369999999670540e+02,0.000000000000000000e+00
4.538369999999670199e+02,0.000000000000000000e+00
4.539369999999669858e+02,0.000000000000000000e+00
4.540369999999670085e+02,0.000000000000000000e+00
4.541369999999670313e+02,0.000000000000000000e+00
4.542369999999670540e+02,0.000000000000000000e+00
4.543369999999670199e+02,0.000000000000000000e+00
4.544369999999669858e+02,0.000000000000000000e+00
4.545369999999670085e+02,0.000000000000000000e+00
4.546369999999669744e+02,0.000000000000000000e+00
4.547369999999669403e+02,0.000000000000000000e+00
4.548369999999669631e+02,0.000000000000000000e+00
4.549369999999669858e+02,0.000000000000000000e+00
4.550369999999670085e+02,0.000000000000000000e+00
4.551369999999669744e+02,0.000000000000000000e+00
4.552369999999669403e+02,0.000000000000000000e+00
4.553369999999669631e+02,0.000000000000000000e+00
4.554369999999669290e+02,0.000000000000000000e+00
4.555369999999668948e+02,0.000000000000000000e+00
4.556369999999669176e+02,0.000000000000000000e+00
4.557369999999669403e+02,0.000000000000000000e+00
4.558369999999669631e+02,0.000000000000000000e+00
4.559369999999669290e+02,0.000000000000000000e+00
4.560369999999668948e+02,0.000000000000000000e+00
4.561369999999669176e+02,0.000000000000000000e+00
4.562369999999668835e+02,0.000000000000000000e+00
4.563369999999668494e+02,0.000000000000000000e+00
4.564369999999668721e+02,0.000000000000000000e+00
4.565369999999668948e+02,0.000000000000000000e+00
4.566369999999669176e+02,0.000000000000000000e+00
4.567369999999668835e+02,0.000000000000000000e+00
4.568369999999668494e+02,0.000000000000000000e+00
4.569369999999668721e+02,0.000000000000000000e+00
4.570369999999668380e+02,0.000000000000000000e+00
4.571369999999668039e+02,0.000000000000000000e+00
4.572369999999668266e+02,0.000000000000000000e+00
4.573369999999668494e+02,0.000000000000000000e+00
4.574369999999668721e+02,0.000000000000000000e+00
4.575369999999668380e+02,0.000000000000000000e+00
4.576369999999668039e+02,0.000000000000000000e+00
4.577369999999668266e+02,0.000000000000000000e+00
4.578369999999667925e+02,0.000000000000000000e+00
4.579369999999667584e+02,0.000000000000000000e+00
4.580369999999667812e+02,0.000000000000000000e+00
4.581369999999668039e+02,0.000000000000000000e+00
4.582369999999668266e+02,0.000000000000000000e+00
4.583369999999667925e+02,0.000000000000000000e+00
4.584369999999667584e+02,0.000000000000000000e+00
4.585369999999667812e+02,0.000000000000000000e+00
4.586369999999667471e+02,0.000000000000000000e+00
4.587369999999667129e+02,0.000000000000000000e+00
4.588369999999667357e+02,0.000000000000000000e+00
4.589369999999667584e+02,0.000000000000000000e+00
4.590369999999667812e+02,0.000000000000000000e+00
4.591369999999667471e+02,0.000000000000000000e+00
4.592369999999667129e+02,0.000000000000000000e+00
4.593369999999667357e+02,0.000000000000000000e+00
4.594369999999667016e+02,0.000000000000000000e+00
4.595369999999666675e+02,0.000000000000000000e+00
4.596369999999666902e+02,0.000000000000000000e+00
4.597369999999667129e+02,0.000000000000000000e+00
4.598369999999667357e+02,0.000000000000000000e+00
4.599369999999667016e+02,0.000000000000000000e+00
4.600369999999666675e+02,0.000000000000000000e+00
4.601369999999666902e+02,0.000000000000000000e+00
4.602369999999666561e+02,0.000000000000000000e+00
4.603369999999666220e+02,0.000000000000000000e+00
4.604369999999666447e+02,0.000000000000000000e+00
4.605369999999666675e+02,0.000000000000000000e+00
4.606369999999666902e+02,0.000000000000000000e+00
4.607369999999666561e+02,0.000000000000000000e+00
4.608369999999666220e+02,0.000000000000000000e+00
4.609369999999666447e+02,0.000000000000000000e+00
4.610369999999666106e+02,0.000000000000000000e+00
4.611369999999665765e+02,0.000000000000000000e+00
4.612369999999665993e+02,0.000000000000000000e+00
4.613369999999666220e+02,0.000000000000000000e+00
4.614369999999666447e+02,0.000000000000000000e+00
4.615369999999666106e+02,0.000000000000000000e+00
4.616369999999665765e+02,0.000000000000000000e+00
4.617369999999665993e+02,0.000000000000000000e+00
4.618369999999665652e+02,0.000000000000000000e+00
4.619369999999665310e+02,0.000000000000000000e+00
4.620369999999665538e+02,0.000000000000000000e+00
4.621369999999665765e+02,0.000000000000000000e+00
4.622369999999665993e+02,0.000000000000000000e+00
4.623369999999665652e+02,0.000000000000000000e+00
4.624369999999665310e+02,0.000000000000000000e+00
4.625369999999665538e+02,0.000000000000000000e+00
4.626369999999665197e+02,0.000000000000000000e+00
4.627369999999664856e+02,0.000000000000000000e+00
4.628369999999665083e+02,0.000000000000000000e+00
4.629369999999665310e+02,0.000000000000000000e+00
4.630369999999665538e+02,0.000000000000000000e+00
4.631369999999665197e+02,0.000000000000000000e+00
4.632369999999664856e+02,0.000000000000000000e+00
4.633369999999665083e+02,0.000000000000000000e+00
4.634369999999664742e+02,0.000000000000000000e+00
4.635369999999664401e+02,0.000000000000000000e+00
4.636369999999664628e+02,0.000000000000000000e+00
4.637369999999664856e+02,0.000000000000000000e+00
4.638369999999665083e+02,0.000000000000000000e+00
4.639369999999664742e+02,0.000000000000000000e+00
4.640369999999664401e+02,0.000000000000000000e+00
4.641369999999664628e+02,0.000000000000000000e+00
4.642369999999664287e+02,0.000000000000000000e+00
4.643369999999663946e+02,0.000000000000000000e+00
4.644369999999664174e+02,0.000000000000000000e+00
4.645369999999664401e+02,0.000000000000000000e+00
4.646369999999664628e+02,0.000000000000000000e+00
4.647369999999664287e+02,0.000000000000000000e+00
4.648369999999663946e+02,0.000000000000000000e+00
4.649369999999664174e+02,0.000000000000000000e+00
4.650369999999663833e+02,0.000000000000000000e+00
4.651369999999663492e+02,0.000000000000000000e+00
4.652369999999663719e+02,0.000000000000000000e+00
4.653369999999663946e+02,0.000000000000000000e+00
4.654369999999664174e+02,0.000000000000000000e+00
4.655369999999663833e+02,0.000000000000000000e+00
4.656369999999663492e+02,0.000000000000000000e+00
4.657369999999663719e+02,0.000000000000000000e+00
4.658369999999663378e+02,0.000000000000000000e+00
4.659369999999663037e+02,0.000000000000000000e+00
4.660369999999663264e+02,0.000000000000000000e+00
4.661369999999663492e+02,0.000000000000000000e+00
4.662369999999663719e+02,0.000000000000000000e+00
4.663369999999663378e+02,0.000000000000000000e+00
4.664369999999663037e+02,0.000000000000000000e+00
4.665369999999663264e+02,0.000000000000000000e+00
4.666369999999662923e+02,0.000000000000000000e+00
4.667369999999662582e+02,0.000000000000000000e+00
4.668369999999662809e+02,0.000000000000000000e+00
4.669369999999663037e+02,0.000000000000000000e+00
4.670369999999663264e+02,0.000000000000000000e+00
4.671369999999662923e+02,0.000000000000000000e+00
4.672369999999662582e+02,0.000000000000000000e+00
4.673369999999662809e+02,0.000000000000000000e+00
4.674369999999662468e+02,0.000000000000000000e+00
4.675369999999662127e+02,0.000000000000000000e+00
4.676369999999662355e+02,0.000000000000000000e+00
4.677369999999662582e+02,0.000000000000000000e+00
4.678369999999662809e+02,0.000000000000000000e+00
4.679369999999662468e+02,0.000000000000000000e+00
4.680369999999662127e+02,0.000000000000000000e+00
4.681369999999662355e+02,0.000000000000000000e+00
4.682369999999662014e+02,0.000000000000000000e+00
4.683369999999661673e+02,0.000000000000000000e+00
4.684369999999661900e+02,0.000000000000000000e+00
4.685369999999662127e+02,0.000000000000000000e+00
4.686369999999662355e+02,0.000000000000000000e+00
4.687369999999662014e+02,0.000000000000000000e+00
4.688369999999661673e+02,0.000000000000000000e+00
4.689369999999661900e+02,0.000000000000000000e+00
4.690369999999661559e+02,0.000000000000000000e+00
4.691369999999661218e+02,0.000000000000000000e+00
4.692369999999661445e+02,0.000000000000000000e+00
4.693369999999661673e+02,0.000000000000000000e+00
4.694369999999661900e+02,0.000000000000000000e+00
4.695369999999661559e+02,0.000000000000000000e+00
4.696369999999661218e+02,0.000000000000000000e+00
4.697369999999661445e+02,0.000000000000000000e+00
4.698369999999661104e+02,0.000000000000000000e+00
4.699369999999660763e+02,0.000000000000000000e+00
4.700369999999660990e+02,0.000000000000000000e+00
4.701369999999661218e+02,0.000000000000000000e+00
4.702369999999661445e+02,0.000000000000000000e+00
4.703369999999661104e+02,0.000000000000000000e+00
4.704369999999660763e+02,0.000000000000000000e+00
4.705369999999660990e+02,0.000000000000000000e+00
4.706369999999660649e+02,0.000000000000000000e+00
4.707369999999660308e+02,0.000000000000000000e+00
4.708369999999660536e+02,0.000000000000000000e+00
4.709369999999660763e+02,0.000000000000000000e+00
4.710369999999660990e+02,0.000000000000000000e+00
4.711369999999660649e+02,0.000000000000000000e+00
4.712369999999660308e+02,0.000000000000000000e+00
4.713369999999660536e+02,0.000000000000000000e+00
4.714369999999660195e+02,0.000000000000000000e+00
4.715369999999659854e+02,0.000000000000000000e+00
4.716369999999660081e+02,0.000000000000000000e+00
4.717369999999660308e+02,0.000000000000000000e+00
4.718369999999660536e+02,0.000000000000000000e+00
4.719369999999660195e+02,0.000000000000000000e+00
4.720369999999659854e+02,0.000000000000000000e+00
4.721369999999660081e+02,0.000000000000000000e+00
4.722369999999659740e+02,0.000000000000000000e+00
4.723369999999659399e+02,0.000000000000000000e+00
4.724369999999659626e+02,0.000000000000000000e+00
4.725369999999659854e+02,0.000000000000000000e+00
4.726369999999660081e+02,0.000000000000000000e+00
4.727369999999659740e+02,0.000000000000000000e+00
4.728369999999659399e+02,0.000000000000000000e+00
4.729369999999659626e+02,0.000000000000000000e+00
4.730369999999659285e+02,0.000000000000000000e+00
4.731369999999658944e+02,0.000000000000000000e+00
4.732369999999659171e+02,0.000000000000000000e+00
4.733369999999659399e+02,0.000000000000000000e+00
4.734369999999659626e+02,0.000000000000000000e+00
4.735369999999659285e+02,0.000000000000000000e+00
4.736369999999658944e+02,0.000000000000000000e+00
4.737369999999659171e+02,0.000000000000000000e+00
4.738369999999658830e+02,0.000000000000000000e+00
4.739369999999658489e+02,0.000000000000000000e+00
4.740369999999658717e+02,0.000000000000000000e+00
4.741369999999658944e+02,0.000000000000000000e+00
4.742369999999659171e+02,0.000000000000000000e+00
4.743369999999658830e+02,0.000000000000000000e+00
4.744369999999658489e+02,0.000000000000000000e+00
4.745369999999658717e+02,0.000000000000000000e+00
4.746369999999658376e+02,0.000000000000000000e+00
4.747369999999658035e+02,0.000000000000000000e+00
4.748369999999658262e+02,0.000000000000000000e+00
4.749369999999658489e+02,0.000000000000000000e+00
4.750369999999658717e+02,0.000000000000000000e+00
4.751369999999658376e+02,0.000000000000000000e+00
4.752369999999658035e+02,0.000000000000000000e+00
4.753369999999658262e+02,0.000000000000000000e+00
4.754369999999657921e+02,0.000000000000000000e+00
4.755369999999657580e+02,0.000000000000000000e+00
4.756369999999657807e+02,0.000000000000000000e+00
4.757369999999658035e+02,0.000000000000000000e+00
4.758369999999658262e+02,0.000000000000000000e+00
4.759369999999657921e+02,0.000000000000000000e+00
4.760369999999657580e+02,0.000000000000000000e+00
4.761369999999657807e+02,0.000000000000000000e+00
4.762369999999657466e+02,0.000000000000000000e+00
4.763369999999657125e+02,0.000000000000000000e+00
4.764369999999657352e+02,0.000000000000000000e+00
4.765369999999657580e+02,0.000000000000000000e+00
4.766369999999657807e+02,0.000000000000000000e+00
4.767369999999657466e+02,0.000000000000000000e+00
4.768369999999657125e+02,0.000000000000000000e+00
4.769369999999657352e+02,0.000000000000000000e+00
4.770369999999657011e+02,0.000000000000000000e+00
4.771369999999656670e+02,0.000000000000000000e+00
4.772369999999656898e+02,0.000000000000000000e+00
4.773369999999657125e+02,0.000000000000000000e+00
4.774369999999657352e+02,0.000000000000000000e+00
4.775369999999657011e+02,0.000000000000000000e+00
4.776369999999656670e+02,0.000000000000000000e+00
4.777369999999656898e+02,0.000000000000000000e+00
4.778369999999656557e+02,0.000000000000000000e+00
4.779369999999656216e+02,0.000000000000000000e+00
4.780369999999656443e+02,0.000000000000000000e+00
4.781369999999656670e+02,0.000000000000000000e+00
4.782369999999656898e+02,0.000000000000000000e+00
4.783369999999656557e+02,0.000000000000000000e+00
4.784369999999656216e+02,0.000000000000000000e+00
4.785369999999656443e+02,0.000000000000000000e+00
4.786369999999656102e+02,0.000000000000000000e+00
4.787369999999655761e+02,0.000000000000000000e+00
4.788369999999655988e+02,0.000000000000000000e+00
4.789369999999656216e+02,0.000000000000000000e+00
4.790369999999656443e+02,0.000000000000000000e+00
4.791369999999656102e+02,0.000000000000000000e+00
4.792369999999655761e+02,0.000000000000000000e+00
4.793369999999655988e+02,0.000000000000000000e+00
4.794369999999655647e+02,0.000000000000000000e+00
4.795369999999655306e+02,0.000000000000000000e+00
4.796369999999655533e+02,0.000000000000000000e+00
4.797369999999655761e+02,0.000000000000000000e+00
4.798369999999655988e+02,0.000000000000000000e+00
4.799369999999655647e+02,0.000000000000000000e+00
4.800369999999655306e+02,0.000000000000000000e+00
4.801369999999655533e+02,0.000000000000000000e+00
4.802369999999655192e+02,0.000000000000000000e+00
4.803369999999654851e+02,0.000000000000000000e+00
4.804369999999655079e+02,0.000000000000000000e+00
4.805369999999655306e+02,0.000000000000000000e+00
4.806369999999655533e+02,0.000000000000000000e+00
4.807369999999655192e+02,0.000000000000000000e+00
4.808369999999654851e+02,0.000000000000000000e+00
4.809369999999655079e+02,0.000000000000000000e+00
4.810369999999654738e+02,0.000000000000000000e+00
4.811369999999654397e+02,0.000000000000000000e+00
4.812369999999654624e+02,0.000000000000000000e+00
4.813369999999654851e+02,0.000000000000000000e+00
4.814369999999655079e+02,0.000000000000000000e+00
4.815369999999654738e+02,0.000000000000000000e+00
4.816369999999654397e+02,0.000000000000000000e+00
4.817369999999654624e+02,0.000000000000000000e+00
4.818369999999654283e+02,0.000000000000000000e+00
4.819369999999653942e+02,0.000000000000000000e+00
4.820369999999654169e+02,0.000000000000000000e+00
4.821369999999654397e+02,0.000000000000000000e+00
4.822369999999654624e+02,0.000000000000000000e+00
4.823369999999654283e+02,0.000000000000000000e+00
4.824369999999653942e+02,0.000000000000000000e+00
4.825369999999654169e+02,0.000000000000000000e+00
4.826369999999653828e+02,0.000000000000000000e+00
4.827369999999653487e+02,0.000000000000000000e+00
4.828369999999653714e+02,0.000000000000000000e+00
4.829369999999653942e+02,0.000000000000000000e+00
4.830369999999654169e+02,0.000000000000000000e+00
4.831369999999653828e+02,0.000000000000000000e+00
4.832369999999653487e+02,0.000000000000000000e+00
4.833369999999653714e+02,0.000000000000000000e+00
4.834369999999653373e+02,0.000000000000000000e+00
4.835369999999653032e+02,0.000000000000000000e+00
4.836369999999653260e+02,0.000000000000000000e+00
4.837369999999653487e+02,0.000000000000000000e+00
4.838369999999653714e+02,0.000000000000000000e+00
4.839369999999653373e+02,0.000000000000000000e+00
4.840369999999653032e+02,0.000000000000000000e+00
4.841369999999653260e+02,0.000000000000000000e+00
4.842369999999652919e+02,0.000000000000000000e+00
4.843369999999652578e+02,0.000000000000000000e+00
4.844369999999652805e+02,0.000000000000000000e+00
4.845369999999653032e+02,0.000000000000000000e+00
4.846369999999653260e+02,0.000000000000000000e+00
4.847369999999652919e+02,0.000000000000000000e+00
4.848369999999652578e+02,0.000000000000000000e+00
4.849369999999652805e+02,0.000000000000000000e+00
4.850369999999652464e+02,0.000000000000000000e+00
4.851369999999652123e+02,0.000000000000000000e+00
4.852369999999652350e+02,0.000000000000000000e+00
4.853369999999652578e+02,0.000000000000000000e+00
4.854369999999652805e+02,0.000000000000000000e+00
4.855369999999652464e+02,0.000000000000000000e+00
4.856369999999652123e+02,0.000000000000000000e+00
4.857369999999652350e+02,0.000000000000000000e+00
4.858369999999652009e+02,0.000000000000000000e+00
4.859369999999651668e+02,0.000000000000000000e+00
4.860369999999651895e+02,0.000000000000000000e+00
4.861369999999652123e+02,0.000000000000000000e+00
4.862369999999652350e+02,0.000000000000000000e+00
4.863369999999652009e+02,0.000000000000000000e+00
4.864369999999651668e+02,0.000000000000000000e+00
4.865369999999651895e+02,0.000000000000000000e+00
4.866369999999651554e+02,0.000000000000000000e+00
4.867369999999651213e+02,0.000000000000000000e+00
4.868369999999651441e+02,0.000000000000000000e+00
4.869369999999651668e+02,0.000000000000000000e+00
4.870369999999651895e+02,0.000000000000000000e+00
4.871369999999651554e+02,0.000000000000000000e+00
4.872369999999651213e+02,0.000000000000000000e+00
4.873369999999651441e+02,0.000000000000000000e+00
4.874369999999651100e+02,0.000000000000000000e+00
4.875369999999650759e+02,0.000000000000000000e+00
4.876369999999650986e+02,0.000000000000000000e+00
4.877369999999651213e+02,0.000000000000000000e+00
4.878369999999651441e+02,0.000000000000000000e+00
4.879369999999651100e+02,0.000000000000000000e+00
4.880369999999650759e+02,0.000000000000000000e+00
4.881369999999650986e+02,0.000000000000000000e+00
4.882369999999650645e+02,0.000000000000000000e+00
4.883369999999650304e+02,0.000000000000000000e+00
4.884369999999650531e+02,0.000000000000000000e+00
4.885369999999650759e+02,0.000000000000000000e+00
4.886369999999650986e+02,0.000000000000000000e+00
4.887369999999650645e+02,0.000000000000000000e+00
4.888369999999650304e+02,0.000000000000000000e+00
4.889369999999650531e+02,0.000000000000000000e+00
4.890369999999650190e+02,0.000000000000000000e+00
4.891369999999649849e+02,0.000000000000000000e+00
4.892369999999650076e+02,0.000000000000000000e+00
4.893369999999650304e+02,0.000000000000000000e+00
4.894369999999650531e+02,0.000000000000000000e+00
4.895369999999650190e+02,0.000000000000000000e+00
4.896369999999649849e+02,0.000000000000000000e+00
4.897369999999650076e+02,0.000000000000000000e+00
4.898369999999649735e+02,0.000000000000000000e+00
4.899369999999649394e+02,0.000000000000000000e+00
4.900369999999649622e+02,0.000000000000000000e+00
4.901369999999649849e+02,0.000000000000000000e+00
4.902369999999650076e+02,0.000000000000000000e+00
4.903369999999649735e+02,0.000000000000000000e+00
4.904369999999649394e+02,0.000000000000000000e+00
4.905369999999649622e+02,0.000000000000000000e+00
4.906369999999649281e+02,0.000000000000000000e+00
4.907369999999648940e+02,0.000000000000000000e+00
4.908369999999649167e+02,0.000000000000000000e+00
4.909369999999649394e+02,0.000000000000000000e+00
4.910369999999649622e+02,0.000000000000000000e+00
4.911369999999649281e+02,0.000000000000000000e+00
4.912369999999648940e+02,0.000000000000000000e+00
4.913369999999649167e+02,0.000000000000000000e+00
4.914369999999648826e+02,0.000000000000000000e+00
4.915369999999648485e+02,0.000000000000000000e+00
4.916369999999648712e+02,0.000000000000000000e+00
4.917369999999648940e+02,0.000000000000000000e+00
4.918369999999649167e+02,0.000000000000000000e+00
4.919369999999648826e+02,0.000000000000000000e+00
4.920369999999648485e+02,0.000000000000000000e+00
4.921369999999648712e+02,0.000000000000000000e+00
4.922369999999648371e+02,0.000000000000000000e+00
4.923369999999648030e+02,0.000000000000000000e+00
4.924369999999648257e+02,0.000000000000000000e+00
4.925369999999648485e+02,0.000000000000000000e+00
4.926369999999648712e+02,0.000000000000000000e+00
4.927369999999648371e+02,0.000000000000000000e+00
4.928369999999648030e+02,0.000000000000000000e+00
4.929369999999648257e+02,0.000000000000000000e+00
4.930369999999647916e+02,0.000000000000000000e+00
4.931369999999647575e+02,0.000000000000000000e+00
4.932369999999647803e+02,0.000000000000000000e+00
4.933369999999648030e+02,0.000000000000000000e+00
4.934369999999648257e+02,0.000000000000000000e+00
4.935369999999647916e+02,0.000000000000000000e+00
4.936369999999647575e+02,0.000000000000000000e+00
4.937369999999647803e+02,0.000000000000000000e+00
4.938369999999647462e+02,0.000000000000000000e+00
4.939369999999647121e+02,0.000000000000000000e+00
4.940369999999647348e+02,0.000000000000000000e+00
4.941369999999647575e+02,0.000000000000000000e+00
4.942369999999647803e+02,0.000000000000000000e+00
4.943369999999647462e+02,0.000000000000000000e+00
4.944369999999647121e+02,0.000000000000000000e+00
4.945369999999647348e+02,0.000000000000000000e+00
4.946369999999647007e+02,0.000000000000000000e+00
4.947369999999646666e+02,0.000000000000000000e+00
4.948369999999646893e+02,0.000000000000000000e+00
4.949369999999647121e+02,0.000000000000000000e+00
4.950369999999647348e+02,0.000000000000000000e+00
4.951369999999647007e+02,0.000000000000000000e+00
4.952369999999646666e+02,0.000000000000000000e+00
4.953369999999646893e+02,0.000000000000000000e+00
4.954369999999646552e+02,0.000000000000000000e+00
4.955369999999646211e+02,0.000000000000000000e+00
4.956369999999646438e+02,0.000000000000000000e+00
4.957369999999646666e+02,0.000000000000000000e+00
4.958369999999646893e+02,0.000000000000000000e+00
4.959369999999646552e+02,0.000000000000000000e+00
4.960369999999646211e+02,0.000000000000000000e+00
4.961369999999646438e+02,0.000000000000000000e+00
4.962369999999646097e+02,0.000000000000000000e+00
4.963369999999645756e+02,0.000000000000000000e+00
4.964369999999645984e+02,0.000000000000000000e+00
4.965369999999646211e+02,0.000000000000000000e+00
4.966369999999646438e+02,0.000000000000000000e+00
4.967369999999646097e+02,0.000000000000000000e+00
4.968369999999645756e+02,0.000000000000000000e+00
4.969369999999645984e+02,0.000000000000000000e+00
4.970369999999645643e+02,0.000000000000000000e+00
4.971369999999645302e+02,0.000000000000000000e+00
4.972369999999645529e+02,0.000000000000000000e+00
4.973369999999645756e+02,0.000000000000000000e+00
4.974369999999645984e+02,0.000000000000000000e+00
4.975369999999645643e+02,0.000000000000000000e+00
4.976369999999645302e+02,0.000000000000000000e+00
4.977369999999645529e+02,0.000000000000000000e+00
4.978369999999645188e+02,0.000000000000000000e+00
4.979369999999644847e+02,0.000000000000000000e+00
4.980369999999645074e+02,0.000000000000000000e+00
4.981369999999645302e+02,0.000000000000000000e+00
4.982369999999645529e+02,0.000000000000000000e+00
4.983369999999645188e+02,0.000000000000000000e+00
4.984369999999644847e+02,0.000000000000000000e+00
4.985369999999645074e+02,0.000000000000000000e+00
4.986369999999644733e+02,0.000000000000000000e+00
4.987369999999644392e+02,0.000000000000000000e+00
4.988369999999644619e+02,0.000000000000000000e+00
4.989369999999644847e+02,0.000000000000000000e+00
4.990369999999645074e+02,0.000000000000000000e+00
4.991369999999644733e+02,0.000000000000000000e+00
4.992369999999644392e+02,0.000000000000000000e+00
4.993369999999644619e+02,0.000000000000000000e+00
4.994369999999644278e+02,0.000000000000000000e+00
4.995369999999643937e+02,0.000000000000000000e+00
4.996369999999644165e+02,0.000000000000000000e+00
4.997369999999644392e+02,0.000000000000000000e+00
4.998369999999644619e+02,0.000000000000000000e+00
4.999369999999644278e+02,0.000000000000000000e+00
5.000369999999643937e+02,0.000000000000000000e+00
5.001369999999644165e+02,0.000000000000000000e+00
5.002369999999643824e+02,0.000000000000000000e+00
5.003369999999643483e+02,0.000000000000000000e+00
5.004369999999643710e+02,0.000000000000000000e+00
5.005369999999643937e+02,0.000000000000000000e+00
5.006369999999644165e+02,0.000000000000000000e+00
5.007369999999643824e+02,0.000000000000000000e+00
5.008369999999643483e+02,0.000000000000000000e+00
5.009369999999643710e+02,0.000000000000000000e+00
5.010369999999643369e+02,0.000000000000000000e+00
5.011369999999643028e+02,0.000000000000000000e+00
5.012369999999643255e+02,0.000000000000000000e+00
5.013369999999643483e+02,0.000000000000000000e+00
5.014369999999643710e+02,0.000000000000000000e+00
5.015369999999643369e+02,0.000000000000000000e+00
5.016369999999643028e+02,0.000000000000000000e+00
5.017369999999643255e+02,0.000000000000000000e+00
5.018369999999642914e+02,0.000000000000000000e+00
5.019369999999642573e+02,0.000000000000000000e+00
5.020369999999642801e+02,0.000000000000000000e+00
5.021369999999643028e+02,0.000000000000000000e+00
5.022369999999643255e+02,0.000000000000000000e+00
5.023369999999642914e+02,0.000000000000000000e+00
5.024369999999642573e+02,0.000000000000000000e+00
5.025369999999642801e+02,0.000000000000000000e+00
5.026369999999642459e+02,0.000000000000000000e+00
5.027369999999642118e+02,0.000000000000000000e+00
5.028369999999642346e+02,0.000000000000000000e+00
5.029369999999642573e+02,0.000000000000000000e+00
5.030369999999642801e+02,0.000000000000000000e+00
5.031369999999642459e+02,0.000000000000000000e+00
5.032369999999642118e+02,0.000000000000000000e+00
5.033369999999642346e+02,0.000000000000000000e+00
5.034369999999642005e+02,0.000000000000000000e+00
5.035369999999641664e+02,0.000000000000000000e+00
5.036369999999641891e+02,0.000000000000000000e+00
5.037369999999642118e+02,0.000000000000000000e+00
5.038369999999642346e+02,0.000000000000000000e+00
5.039369999999642005e+02,0.000000000000000000e+00
5.040369999999641664e+02,0.000000000000000000e+00
5.041369999999641891e+02,0.000000000000000000e+00
5.042369999999641550e+02,0.000000000000000000e+00
5.043369999999641209e+02,0.000000000000000000e+00
5.044369999999641436e+02,0.000000000000000000e+00
5.045369999999641664e+02,0.000000000000000000e+00
5.046369999999641891e+02,0.000000000000000000e+00
5.047369999999641550e+02,0.000000000000000000e+00
5.048369999999641209e+02,0.000000000000000000e+00
5.049369999999641436e+02,0.000000000000000000e+00
5.050369999999641095e+02,0.000000000000000000e+00
5.051369999999640754e+02,0.000000000000000000e+00
5.052369999999640982e+02,0.000000000000000000e+00
5.053369999999641209e+02,0.000000000000000000e+00
5.054369999999641436e+02,0.000000000000000000e+00
5.055369999999641095e+02,0.000000000000000000e+00
5.056369999999640754e+02,0.000000000000000000e+00
5.057369999999640982e+02,0.000000000000000000e+00
5.058369999999640640e+02,0.000000000000000000e+00
5.059369999999640299e+02,0.000000000000000000e+00
5.060369999999640527e+02,0.000000000000000000e+00
5.061369999999640754e+02,0.000000000000000000e+00
5.062369999999640982e+02,0.000000000000000000e+00
5.063369999999640640e+02,0.000000000000000000e+00
5.064369999999640299e+02,0.000000000000000000e+00
5.065369999999640527e+02,0.000000000000000000e+00
5.066369999999640186e+02,0.000000000000000000e+00
5.067369999999639845e+02,0.000000000000000000e+00
5.068369999999640072e+02,0.000000000000000000e+00
5.069369999999640299e+02,0.000000000000000000e+00
5.070369999999640527e+02,0.000000000000000000e+00
5.071369999999640186e+02,0.000000000000000000e+00
5.072369999999639845e+02,0.000000000000000000e+00
5.073369999999640072e+02,0.000000000000000000e+00
5.074369999999639731e+02,0.000000000000000000e+00
5.075369999999639390e+02,0.000000000000000000e+00
5.076369999999639617e+02,0.000000000000000000e+00
5.077369999999639845e+02,0.000000000000000000e+00
5.078369999999640072e+02,0.000000000000000000e+00
5.079369999999639731e+02,0.000000000000000000e+00
5.080369999999639390e+02,0.000000000000000000e+00
5.081369999999639617e+02,0.000000000000000000e+00
5.082369999999639276e+02,0.000000000000000000e+00
5.083369999999638935e+02,0.000000000000000000e+00
5.084369999999639163e+02,0.000000000000000000e+00
5.085369999999639390e+02,0.000000000000000000e+00
5.086369999999639617e+02,0.000000000000000000e+00
5.087369999999639276e+02,0.000000000000000000e+00
5.088369999999638935e+02,0.000000000000000000e+00
5.089369999999639163e+02,0.000000000000000000e+00
5.090369999999638821e+02,0.000000000000000000e+00
5.091369999999638480e+02,0.000000000000000000e+00
5.092369999999638708e+02,0.000000000000000000e+00
5.093369999999638935e+02,0.000000000000000000e+00
5.094369999999639163e+02,0.000000000000000000e+00
5.095369999999638821e+02,0.000000000000000000e+00
5.096369999999638480e+02,0.000000000000000000e+00
5.097369999999638708e+02,0.000000000000000000e+00
5.098369999999638367e+02,0.000000000000000000e+00
5.099369999999638026e+02,0.000000000000000000e+00
5.100369999999638253e+02,0.000000000000000000e+00
5.101369999999638480e+02,0.000000000000000000e+00
5.102369999999638708e+02,0.000000000000000000e+00
5.103369999999638367e+02,0.000000000000000000e+00
5.104369999999638026e+02,0.000000000000000000e+00
5.105369999999638253e+02,0.000000000000000000e+00
5.106369999999637912e+02,0.000000000000000000e+00
5.107369999999637571e+02,0.000000000000000000e+00
5.108369999999637798e+02,0.000000000000000000e+00
5.109369999999638026e+02,0.000000000000000000e+00
5.110369999999638253e+02,0.000000000000000000e+00
5.111369999999637912e+02,0.000000000000000000e+00
5.112369999999637571e+02,0.000000000000000000e+00
5.113369999999637798e+02,0.000000000000000000e+00
5.114369999999637457e+02,0.000000000000000000e+00
5.115369999999637116e+02,0.000000000000000000e+00
5.116369999999637344e+02,0.000000000000000000e+00
5.117369999999637571e+02,0.000000000000000000e+00
5.118369999999637798e+02,0.000000000000000000e+00
5.119369999999637457e+02,0.000000000000000000e+00
5.120369999999636548e+02,0.000000000000000000e+00
5.121369999999637912e+02,0.000000000000000000e+00
5.122369999999637002e+02,0.000000000000000000e+00
5.123369999999636093e+02,0.000000000000000000e+00
5.124369999999637457e+02,0.000000000000000000e+00
5.125369999999636548e+02,0.000000000000000000e+00
5.126369999999637912e+02,0.000000000000000000e+00
5.127369999999637002e+02,0.000000000000000000e+00
5.128369999999636093e+02,0.000000000000000000e+00
5.129369999999637457e+02,0.000000000000000000e+00
5.130369999999636548e+02,0.000000000000000000e+00
5.131369999999635638e+02,0.000000000000000000e+00
5.132369999999637002e+02,0.000000000000000000e+00
5.133369999999636093e+02,0.000000000000000000e+00
5.134369999999637457e+02,0.000000000000000000e+00
5.135369999999636548e+02,0.000000000000000000e+00
5.136369999999635638e+02,0.000000000000000000e+00
5.137369999999637002e+02,0.000000000000000000e+00
5.138369999999636093e+02,0.000000000000000000e+00
5.139369999999635183e+02,0.000000000000000000e+00
5.140369999999636548e+02,0.000000000000000000e+00
5.141369999999635638e+02,0.000000000000000000e+00
5.142369999999637002e+02,0.000000000000000000e+00
5.143369999999636093e+02,0.000000000000000000e+00
5.144369999999635183e+02,0.000000000000000000e+00
5.145369999999636548e+02,0.000000000000000000e+00
5.146369999999635638e+02,0.000000000000000000e+00
5.147369999999634729e+02,0.000000000000000000e+00
5.148369999999636093e+02,0.000000000000000000e+00
5.149369999999635183e+02,0.000000000000000000e+00
5.150369999999636548e+02,0.000000000000000000e+00
5.151369999999635638e+02,0.000000000000000000e+00
5.152369999999634729e+02,0.000000000000000000e+00
5.153369999999636093e+02,0.000000000000000000e+00
5.154369999999635183e+02,0.000000000000000000e+00
5.155369999999634274e+02,0.000000000000000000e+00
5.156369999999635638e+02,0.000000000000000000e+00
5.157369999999634729e+02,0.000000000000000000e+00
5.158369999999636093e+02,0.000000000000000000e+00
5.159369999999635183e+02,0.000000000000000000e+00
5.160369999999634274e+02,0.000000000000000000e+00
5.161369999999635638e+02,0.000000000000000000e+00
5.162369999999634729e+02,0.000000000000000000e+00
5.163369999999633819e+02,0.000000000000000000e+00
5.164369999999635183e+02,0.000000000000000000e+00
5.165369999999634274e+02,0.000000000000000000e+00
5.166369999999635638e+02,0.000000000000000000e+00
5.167369999999634729e+02,0.000000000000000000e+00
5.168369999999633819e+02,0.000000000000000000e+00
5.169369999999635183e+02,0.000000000000000000e+00
5.170369999999634274e+02,0.000000000000000000e+00
5.171369999999633364e+02,0.000000000000000000e+00
5.172369999999634729e+02,0.000000000000000000e+00
5.173369999999633819e+02,0.000000000000000000e+00
5.174369999999635183e+02,0.000000000000000000e+00
5.175369999999634274e+02,0.000000000000000000e+00
5.176369999999633364e+02,0.000000000000000000e+00
5.177369999999634729e+02,0.000000000000000000e+00
5.178369999999633819e+02,0.000000000000000000e+00
5.179369999999632910e+02,0.000000000000000000e+00
5.180369999999634274e+02,0.000000000000000000e+00
5.181369999999633364e+02,0.000000000000000000e+00
5.182369999999634729e+02,0.000000000000000000e+00
5.183369999999633819e+02,0.000000000000000000e+00
5.184369999999632910e+02,0.000000000000000000e+00
5.185369999999634274e+02,0.000000000000000000e+00
5.186369999999633364e+02,0.000000000000000000e+00
5.187369999999632455e+02,0.000000000000000000e+00
5.188369999999633819e+02,0.000000000000000000e+00
5.189369999999632910e+02,0.000000000000000000e+00
5.190369999999634274e+02,0.000000000000000000e+00
5.191369999999633364e+02,0.000000000000000000e+00
5.192369999999632455e+02,0.000000000000000000e+00
5.193369999999633819e+02,0.000000000000000000e+00
5.194369999999632910e+02,0.000000000000000000e+00
5.195369999999632000e+02,0.000000000000000000e+00
5.196369999999633364e+02,0.000000000000000000e+00
5.197369999999632455e+02,0.000000000000000000e+00
5.198369999999633819e+02,0.000000000000000000e+00
5.199369999999632910e+02,0.000000000000000000e+00
5.200369999999632000e+02,0.000000000000000000e+00
5.201369999999633364e+02,0.000000000000000000e+00
5.202369999999632455e+02,0.000000000000000000e+00
5.203369999999631546e+02,0.000000000000000000e+00
5.204369999999632910e+02,0.000000000000000000e+00
5.205369999999632000e+02,0.000000000000000000e+00
5.206369999999633364e+02,0.000000000000000000e+00
5.207369999999632455e+02,0.000000000000000000e+00
5.208369999999631546e+02,0.000000000000000000e+00
5.209369999999632910e+02,0.000000000000000000e+00
5.210369999999632000e+02,0.000000000000000000e+00
5.211369999999631091e+02,0.000000000000000000e+00
5.212369999999632455e+02,0.000000000000000000e+00
5.213369999999631546e+02,0.000000000000000000e+00
5.214369999999632910e+02,0.000000000000000000e+00
5.215369999999632000e+02,0.000000000000000000e+00
5.216369999999631091e+02,0.000000000000000000e+00
5.217369999999632455e+02,0.000000000000000000e+00
5.218369999999631546e+02,0.000000000000000000e+00
5.219369999999630636e+02,0.000000000000000000e+00
5.220369999999632000e+02,0.000000000000000000e+00
5.221369999999631091e+02,0.000000000000000000e+00
5.222369999999632455e+02,0.000000000000000000e+00
5.223369999999631546e+02,0.000000000000000000e+00
5.224369999999630636e+02,0.000000000000000000e+00
5.225369999999632000e+02,0.000000000000000000e+00
5.226369999999631091e+02,0.000000000000000000e+00
5.227369999999630181e+02,0.000000000000000000e+00
5.228369999999631546e+02,0.000000000000000000e+00
5.229369999999630636e+02,0.000000000000000000e+00
5.230369999999632000e+02,0.000000000000000000e+00
5.231369999999631091e+02,0.000000000000000000e+00
5.232369999999630181e+02,0.000000000000000000e+00
5.233369999999631546e+02,0.000000000000000000e+00
5.234369999999630636e+02,0.000000000000000000e+00
5.235369999999629727e+02,0.000000000000000000e+00
5.236369999999631091e+02,0.000000000000000000e+00
5.237369999999630181e+02,0.000000000000000000e+00
5.238369999999631546e+02,0.000000000000000000e+00
5.239369999999630636e+02,0.000000000000000000e+00
5.240369999999629727e+02,0.000000000000000000e+00
5.241369999999631091e+02,0.000000000000000000e+00
5.242369999999630181e+02,0.000000000000000000e+00
5.243369999999629272e+02,0.000000000000000000e+00
5.244369999999630636e+02,0.000000000000000000e+00
5.245369999999629727e+02,0.000000000000000000e+00
5.246369999999631091e+02,0.000000000000000000e+00
5.247369999999630181e+02,0.000000000000000000e+00
5.248369999999629272e+02,0.000000000000000000e+00
5.249369999999630636e+02,0.000000000000000000e+00
5.250369999999629727e+02,0.000000000000000000e+00
5.251369999999628817e+02,0.000000000000000000e+00
5.252369999999630181e+02,0.000000000000000000e+00
5.253369999999629272e+02,0.000000000000000000e+00
5.254369999999630636e+02,0.000000000000000000e+00
5.255369999999629727e+02,0.000000000000000000e+00
5.256369999999628817e+02,0.000000000000000000e+00
5.257369999999630181e+02,0.000000000000000000e+00
5.258369999999629272e+02,0.000000000000000000e+00
5.259369999999628362e+02,0.000000000000000000e+00
5.260369999999629727e+02,0.000000000000000000e+00
5.261369999999628817e+02,0.000000000000000000e+00
5.262369999999630181e+02,0.000000000000000000e+00
5.263369999999629272e+02,0.000000000000000000e+00
5.264369999999628362e+02,0.000000000000000000e+00
5.265369999999629727e+02,0.000000000000000000e+00
5.266369999999628817e+02,0.000000000000000000e+00
5.267369999999627908e+02,0.000000000000000000e+00
5.268369999999629272e+02,0.000000000000000000e+00
5.269369999999628362e+02,0.000000000000000000e+00
5.270369999999629727e+02,0.000000000000000000e+00
5.271369999999628817e+02,0.000000000000000000e+00
5.272369999999627908e+02,0.000000000000000000e+00
5.273369999999629272e+02,0.000000000000000000e+00
5.274369999999628362e+02,0.000000000000000000e+00
5.275369999999627453e+02,0.000000000000000000e+00
5.276369999999628817e+02,0.000000000000000000e+00
5.277369999999627908e+02,0.000000000000000000e+00
5.278369999999629272e+02,0.000000000000000000e+00
5.279369999999628362e+02,0.000000000000000000e+00
5.280369999999627453e+02,0.000000000000000000e+00
5.281369999999628817e+02,0.000000000000000000e+00
5.282369999999627908e+02,0.000000000000000000e+00
5.283369999999626998e+02,0.000000000000000000e+00
5.284369999999628362e+02,0.000000000000000000e+00
5.285369999999627453e+02,0.000000000000000000e+00
5.286369999999628817e+02,0.000000000000000000e+00
5.287369999999627908e+02,0.000000000000000000e+00
5.288369999999626998e+02,0.000000000000000000e+00
5.289369999999628362e+02,0.000000000000000000e+00
5.290369999999627453e+02,0.000000000000000000e+00
5.291369999999626543e+02,0.000000000000000000e+00
5.292369999999627908e+02,0.000000000000000000e+00
5.293369999999626998e+02,0.000000000000000000e+00
5.294369999999628362e+02,0.000000000000000000e+00
5.295369999999627453e+02,0.000000000000000000e+00
5.296369999999626543e+02,0.000000000000000000e+00
5.297369999999627908e+02,0.000000000000000000e+00
5.298369999999626998e+02,0.000000000000000000e+00
5.299369999999626089e+02,0.000000000000000000e+00
5.300369999999627453e+02,0.000000000000000000e+00
5.301369999999626543e+02,0.000000000000000000e+00
5.302369999999627908e+02,0.000000000000000000e+00
5.303369999999626998e+02,0.000000000000000000e+00
5.304369999999626089e+02,0.000000000000000000e+00
5.305369999999627453e+02,0.000000000000000000e+00
5.306369999999626543e+02,0.000000000000000000e+00
5.307369999999625634e+02,0.000000000000000000e+00
5.308369999999626998e+02,0.000000000000000000e+00
5.309369999999626089e+02,0.000000000000000000e+00
5.310369999999627453e+02,0.000000000000000000e+00
5.311369999999626543e+02,0.000000000000000000e+00
5.312369999999625634e+02,0.000000000000000000e+00
5.313369999999626998e+02,0.000000000000000000e+00
5.314369999999626089e+02,0.000000000000000000e+00
5.315369999999625179e+02,0.000000000000000000e+00
5.316369999999626543e+02,0.000000000000000000e+00
5.317369999999625634e+02,0.000000000000000000e+00
5.318369999999626998e+02,0.000000000000000000e+00
5.319369999999626089e+02,0.000000000000000000e+00
5.320369999999625179e+02,0.000000000000000000e+00
5.321369999999626543e+02,0.000000000000000000e+00
5.322369999999625634e+02,0.000000000000000000e+00
5.323369999999624724e+02,0.000000000000000000e+00
5.324369999999626089e+02,0.000000000000000000e+00
5.325369999999625179e+02,0.000000000000000000e+00
5.326369999999626543e+02,0.000000000000000000e+00
5.327369999999625634e+02,0.000000000000000000e+00
5.328369999999624724e+02,0.000000000000000000e+00
5.329369999999626089e+02,0.000000000000000000e+00
5.330369999999625179e+02,0.000000000000000000e+00
5.331369999999624270e+02,0.000000000000000000e+00
5.332369999999625634e+02,0.000000000000000000e+00
5.333369999999624724e+02,0.000000000000000000e+00
5.334369999999626089e+02,0.000000000000000000e+00
5.335369999999625179e+02,0.000000000000000000e+00
5.336369999999624270e+02,0.000000000000000000e+00
5.337369999999625634e+02,0.000000000000000000e+00
5.338369999999624724e+02,0.000000000000000000e+00
5.339369999999623815e+02,0.000000000000000000e+00
5.340369999999625179e+02,0.000000000000000000e+00
5.341369999999624270e+02,0.000000000000000000e+00
5.342369999999625634e+02,0.000000000000000000e+00
5.343369999999624724e+02,0.000000000000000000e+00
5.344369999999623815e+02,0.000000000000000000e+00
5.345369999999625179e+02,0.000000000000000000e+00
5.346369999999624270e+02,0.000000000000000000e+00
5.347369999999623360e+02,0.000000000000000000e+00
5.348369999999624724e+02,0.000000000000000000e+00
5.349369999999623815e+02,0.000000000000000000e+00
5.350369999999625179e+02,0.000000000000000000e+00
5.351369999999624270e+02,0.000000000000000000e+00
5.352369999999623360e+02,0.000000000000000000e+00
5.353369999999624724e+02,0.000000000000000000e+00
5.354369999999623815e+02,0.000000000000000000e+00
5.355369999999622905e+02,0.000000000000000000e+00
5.356369999999624270e+02,0.000000000000000000e+00
5.357369999999623360e+02,0.000000000000000000e+00
5.358369999999624724e+02,0.000000000000000000e+00
5.359369999999623815e+02,0.000000000000000000e+00
5.360369999999622905e+02,0.000000000000000000e+00
5.361369999999624270e+02,0.000000000000000000e+00
5.362369999999623360e+02,0.000000000000000000e+00
5.363369999999622451e+02,0.000000000000000000e+00
5.364369999999623815e+02,0.000000000000000000e+00
5.365369999999622905e+02,0.000000000000000000e+00
5.366369999999624270e+02,0.000000000000000000e+00
5.367369999999623360e+02,0.000000000000000000e+00
5.368369999999622451e+02,0.000000000000000000e+00
5.369369999999623815e+02,0.000000000000000000e+00
5.370369999999622905e+02,0.000000000000000000e+00
5.371369999999621996e+02,0.000000000000000000e+00
5.372369999999623360e+02,0.000000000000000000e+00
5.373369999999622451e+02,0.000000000000000000e+00
5.374369999999623815e+02,0.000000000000000000e+00
5.375369999999622905e+02,0.000000000000000000e+00
5.376369999999621996e+02,0.000000000000000000e+00
5.377369999999623360e+02,0.000000000000000000e+00
5.378369999999622451e+02,0.000000000000000000e+00
5.379369999999621541e+02,0.000000000000000000e+00
5.380369999999622905e+02,0.000000000000000000e+00
5.381369999999621996e+02,0.000000000000000000e+00
5.382369999999623360e+02,0.000000000000000000e+00
5.383369999999622451e+02,0.000000000000000000e+00
5.384369999999621541e+02,0.000000000000000000e+00
5.385369999999622905e+02,0.000000000000000000e+00
5.386369999999621996e+02,0.000000000000000000e+00
5.387369999999621086e+02,0.000000000000000000e+00
5.388369999999622451e+02,0.000000000000000000e+00
5.389369999999621541e+02,0.000000000000000000e+00
5.390369999999622905e+02,0.000000000000000000e+00
5.391369999999621996e+02,0.000000000000000000e+00
5.392369999999621086e+02,0.000000000000000000e+00
5.393369999999622451e+02,0.000000000000000000e+00
5.394369999999621541e+02,0.000000000000000000e+00
5.395369999999620632e+02,0.000000000000000000e+00
5.396369999999621996e+02,0.000000000000000000e+00
5.397369999999621086e+02,0.000000000000000000e+00
5.398369999999622451e+02,0.000000000000000000e+00
5.399369999999621541e+02,0.000000000000000000e+00
5.400369999999620632e+02,0.000000000000000000e+00
5.401369999999621996e+02,0.000000000000000000e+00
5.402369999999621086e+02,0.000000000000000000e+00
5.403369999999620177e+02,0.000000000000000000e+00
5.404369999999621541e+02,0.000000000000000000e+00
5.405369999999620632e+02,0.000000000000000000e+00
5.406369999999621996e+02,0.000000000000000000e+00
5.407369999999621086e+02,0.000000000000000000e+00
5.408369999999620177e+02,0.000000000000000000e+00
5.409369999999621541e+02,0.000000000000000000e+00
5.410369999999620632e+02,0.000000000000000000e+00
5.411369999999619722e+02,0.000000000000000000e+00
5.412369999999621086e+02,0.000000000000000000e+00
5.413369999999620177e+02,0.000000000000000000e+00
5.414369999999621541e+02,0.000000000000000000e+00
5.415369999999620632e+02,0.000000000000000000e+00
5.416369999999619722e+02,0.000000000000000000e+00
5.417369999999621086e+02,0.000000000000000000e+00
5.418369999999620177e+02,0.000000000000000000e+00
5.419369999999619267e+02,0.000000000000000000e+00
5.420369999999620632e+02,0.000000000000000000e+00
5.421369999999619722e+02,0.000000000000000000e+00
5.422369999999621086e+02,0.000000000000000000e+00
5.423369999999620177e+02,0.000000000000000000e+00
5.424369999999619267e+02,0.000000000000000000e+00
5.425369999999620632e+02,0.000000000000000000e+00
5.426369999999619722e+02,0.000000000000000000e+00
5.427369999999618813e+02,0.000000000000000000e+00
5.428369999999620177e+02,0.000000000000000000e+00
5.429369999999619267e+02,0.000000000000000000e+00
5.430369999999620632e+02,0.000000000000000000e+00
5.431369999999619722e+02,0.000000000000000000e+00
5.432369999999618813e+02,0.000000000000000000e+00
5.433369999999620177e+02,0.000000000000000000e+00
5.434369999999619267e+02,0.000000000000000000e+00
5.435369999999618358e+02,0.000000000000000000e+00
5.436369999999619722e+02,0.000000000000000000e+00
5.437369999999618813e+02,0.000000000000000000e+00
5.438369999999620177e+02,0.000000000000000000e+00
5.439369999999619267e+02,0.000000000000000000e+00
5.440369999999618358e+02,0.000000000000000000e+00
5.441369999999619722e+02,0.000000000000000000e+00
5.442369999999618813e+02,0.000000000000000000e+00
5.443369999999617903e+02,0.000000000000000000e+00
5.444369999999619267e+02,0.000000000000000000e+00
5.445369999999618358e+02,0.000000000000000000e+00
5.446369999999619722e+02,0.000000000000000000e+00
5.447369999999618813e+02,0.000000000000000000e+00
5.448369999999617903e+02,0.000000000000000000e+00
5.449369999999619267e+02,0.000000000000000000e+00
5.450369999999618358e+02,0.000000000000000000e+00
5.451369999999617448e+02,0.000000000000000000e+00
5.452369999999618813e+02,0.000000000000000000e+00
5.453369999999617903e+02,0.000000000000000000e+00
5.454369999999619267e+02,0.000000000000000000e+00
5.455369999999618358e+02,0.000000000000000000e+00
5.456369999999617448e+02,0.000000000000000000e+00
5.457369999999618813e+02,0.000000000000000000e+00
5.458369999999617903e+02,0.000000000000000000e+00
5.459369999999616994e+02,0.000000000000000000e+00
5.460369999999618358e+02,0.000000000000000000e+00
5.461369999999617448e+02,0.000000000000000000e+00
5.462369999999618813e+02,0.000000000000000000e+00
5.463369999999617903e+02,0.000000000000000000e+00
5.464369999999616994e+02,0.000000000000000000e+00
5.465369999999618358e+02,0.000000000000000000e+00
5.466369999999617448e+02,0.000000000000000000e+00
5.467369999999616539e+02,0.000000000000000000e+00
5.468369999999617903e+02,0.000000000000000000e+00
5.469369999999616994e+02,0.000000000000000000e+00
5.470369999999618358e+02,0.000000000000000000e+00
5.471369999999617448e+02,0.000000000000000000e+00
5.472369999999616539e+02,0.000000000000000000e+00
5.473369999999617903e+02,0.000000000000000000e+00
5.474369999999616994e+02,0.000000000000000000e+00
5.475369999999616084e+02,0.000000000000000000e+00
5.476369999999617448e+02,0.000000000000000000e+00
5.477369999999616539e+02,0.000000000000000000e+00
5.478369999999617903e+02,0.000000000000000000e+00
5.479369999999616994e+02,0.000000000000000000e+00
5.480369999999616084e+02,0.000000000000000000e+00
5.481369999999617448e+02,0.000000000000000000e+00
5.482369999999616539e+02,0.000000000000000000e+00
5.483369999999615629e+02,0.000000000000000000e+00
5.484369999999616994e+02,0.000000000000000000e+00
5.485369999999616084e+02,0.000000000000000000e+00
5.486369999999617448e+02,0.000000000000000000e+00
5.487369999999616539e+02,0.000000000000000000e+00
5.488369999999615629e+02,0.000000000000000000e+00
5.489369999999616994e+02,0.000000000000000000e+00
5.490369999999616084e+02,0.000000000000000000e+00
5.491369999999615175e+02,0.000000000000000000e+00
5.492369999999616539e+02,0.000000000000000000e+00
5.493369999999615629e+02,0.000000000000000000e+00
5.494369999999616994e+02,0.000000000000000000e+00
5.495369999999616084e+02,0.000000000000000000e+00
5.496369999999615175e+02,0.000000000000000000e+00
5.497369999999616539e+02,0.000000000000000000e+00
5.498369999999615629e+02,0.000000000000000000e+00
5.499369999999614720e+02,0.000000000000000000e+00
5.500369999999616084e+02,0.000000000000000000e+00
5.501369999999615175e+02,0.000000000000000000e+00
5.502369999999616539e+02,0.000000000000000000e+00
5.503369999999615629e+02,0.000000000000000000e+00
5.504369999999614720e+02,0.000000000000000000e+00
5.505369999999616084e+02,0.000000000000000000e+00
5.506369999999615175e+02,0.000000000000000000e+00
5.507369999999614265e+02,0.000000000000000000e+00
5.508369999999615629e+02,0.000000000000000000e+00
5.509369999999614720e+02,0.000000000000000000e+00
5.510369999999616084e+02,0.000000000000000000e+00
5.511369999999615175e+02,0.000000000000000000e+00
5.512369999999614265e+02,0.000000000000000000e+00
5.513369999999615629e+02,0.000000000000000000e+00
5.514369999999614720e+02,0.000000000000000000e+00
5.515369999999613810e+02,0.000000000000000000e+00
5.516369999999615175e+02,0.000000000000000000e+00
5.517369999999614265e+02,0.000000000000000000e+00
5.518369999999615629e+02,0.000000000000000000e+00
5.519369999999614720e+02,0.000000000000000000e+00
5.520369999999613810e+02,0.000000000000000000e+00
5.521369999999615175e+02,0.000000000000000000e+00
5.522369999999614265e+02,0.000000000000000000e+00
5.523369999999613356e+02,0.000000000000000000e+00
5.524369999999614720e+02,0.000000000000000000e+00
5.525369999999613810e+02,0.000000000000000000e+00
5.526369999999615175e+02,0.000000000000000000e+00
5.527369999999614265e+02,0.000000000000000000e+00
5.528369999999613356e+02,0.000000000000000000e+00
5.529369999999614720e+02,0.000000000000000000e+00
5.530369999999613810e+02,0.000000000000000000e+00
5.531369999999612901e+02,0.000000000000000000e+00
5.532369999999614265e+02,0.000000000000000000e+00
5.533369999999613356e+02,0.000000000000000000e+00
5.534369999999614720e+02,0.000000000000000000e+00
5.535369999999613810e+02,0.000000000000000000e+00
5.536369999999612901e+02,0.000000000000000000e+00
5.537369999999614265e+02,0.000000000000000000e+00
5.538369999999613356e+02,0.000000000000000000e+00
5.539369999999612446e+02,0.000000000000000000e+00
5.540369999999613810e+02,0.000000000000000000e+00
5.541369999999612901e+02,0.000000000000000000e+00
5.542369999999614265e+02,0.000000000000000000e+00
5.543369999999613356e+02,0.000000000000000000e+00
5.544369999999612446e+02,0.000000000000000000e+00
5.545369999999613810e+02,0.000000000000000000e+00
5.546369999999612901e+02,0.000000000000000000e+00
5.547369999999611991e+02,0.000000000000000000e+00
5.548369999999613356e+02,0.000000000000000000e+00
5.549369999999612446e+02,0.000000000000000000e+00
5.550369999999613810e+02,0.000000000000000000e+00
5.551369999999612901e+02,0.000000000000000000e+00
5.552369999999611991e+02,0.000000000000000000e+00
5.553369999999613356e+02,0.000000000000000000e+00
5.554369999999612446e+02,0.000000000000000000e+00
5.555369999999611537e+02,0.000000000000000000e+00
5.556369999999612901e+02,0.000000000000000000e+00
5.557369999999611991e+02,0.000000000000000000e+00
5.558369999999613356e+02,0.000000000000000000e+00
5.559369999999612446e+02,0.000000000000000000e+00
5.560369999999611537e+02,0.000000000000000000e+00
5.561369999999612901e+02,0.000000000000000000e+00
5.562369999999611991e+02,0.000000000000000000e+00
5.563369999999611082e+02,0.000000000000000000e+00
5.564369999999612446e+02,0.000000000000000000e+00
5.565369999999611537e+02,0.000000000000000000e+00
5.566369999999612901e+02,0.000000000000000000e+00
5.567369999999611991e+02,0.000000000000000000e+00
5.568369999999611082e+02,0.000000000000000000e+00
5.569369999999612446e+02,0.000000000000000000e+00
5.570369999999611537e+02,0.000000000000000000e+00
5.571369999999610627e+02,0.000000000000000000e+00
5.572369999999611991e+02,0.000000000000000000e+00
5.573369999999611082e+02,0.000000000000000000e+00
5.574369999999612446e+02,0.000000000000000000e+00
5.575369999999611537e+02,0.000000000000000000e+00
5.576369999999610627e+02,0.000000000000000000e+00
5.577369999999611991e+02,0.000000000000000000e+00
5.578369999999611082e+02,0.000000000000000000e+00
5.579369999999610172e+02,0.000000000000000000e+00
5.580369999999611537e+02,0.000000000000000000e+00
5.581369999999610627e+02,0.000000000000000000e+00
5.582369999999611991e+02,0.000000000000000000e+00
5.583369999999611082e+02,0.000000000000000000e+00
5.584369999999610172e+02,0.000000000000000000e+00
5.585369999999611537e+02,0.000000000000000000e+00
5.586369999999610627e+02,0.000000000000000000e+00
5.587369999999609718e+02,0.000000000000000000e+00
5.588369999999611082e+02,0.000000000000000000e+00
5.589369999999610172e+02,0.000000000000000000e+00
5.590369999999611537e+02,0.000000000000000000e+00
5.591369999999610627e+02,0.000000000000000000e+00
5.592369999999609718e+02,0.000000000000000000e+00
5.593369999999611082e+02,0.000000000000000000e+00
5.594369999999610172e+02,0.000000000000000000e+00
5.595369999999609263e+02,0.000000000000000000e+00
5.596369999999610627e+02,0.000000000000000000e+00
5.597369999999609718e+02,0.000000000000000000e+00
5.598369999999611082e+02,0.000000000000000000e+00
5.599369999999610172e+02,0.000000000000000000e+00
5.600369999999609263e+02,0.000000000000000000e+00
5.601369999999610627e+02,0.000000000000000000e+00
5.602369999999609718e+02,0.000000000000000000e+00
5.603369999999608808e+02,0.000000000000000000e+00
5.604369999999610172e+02,0.000000000000000000e+00
5.605369999999609263e+02,0.000000000000000000e+00
5.606369999999610627e+02,0.000000000000000000e+00
5.607369999999609718e+02,0.000000000000000000e+00
5.608369999999608808e+02,0.000000000000000000e+00
5.609369999999610172e+02,0.000000000000000000e+00
5.610369999999609263e+02,0.000000000000000000e+00
5.611369999999608353e+02,0.000000000000000000e+00
5.612369999999609718e+02,0.000000000000000000e+00
5.613369999999608808e+02,0.000000000000000000e+00
5.614369999999610172e+02,0.000000000000000000e+00
5.615369999999609263e+02,0.000000000000000000e+00
5.616369999999608353e+02,0.000000000000000000e+00
5.617369999999609718e+02,0.000000000000000000e+00
5.618369999999608808e+02,0.000000000000000000e+00
5.619369999999607899e+02,0.000000000000000000e+00
5.620369999999609263e+02,0.000000000000000000e+00
5.621369999999608353e+02,0.000000000000000000e+00
5.622369999999609718e+02,0.000000000000000000e+00
5.623369999999608808e+02,0.000000000000000000e+00
5.624369999999607899e+02,0.000000000000000000e+00
5.625369999999609263e+02,0.000000000000000000e+00
5.626369999999608353e+02,0.000000000000000000e+00
5.627369999999607444e+02,0.000000000000000000e+00
5.628369999999608808e+02,0.000000000000000000e+00
5.629369999999607899e+02,0.000000000000000000e+00
5.630369999999609263e+02,0.000000000000000000e+00
5.631369999999608353e+02,0.000000000000000000e+00
5.632369999999607444e+02,0.000000000000000000e+00
5.633369999999608808e+02,0.000000000000000000e+00
5.634369999999607899e+02,0.000000000000000000e+00
5.635369999999606989e+02,0.000000000000000000e+00
5.636369999999608353e+02,0.000000000000000000e+00
5.637369999999607444e+02,0.000000000000000000e+00
5.638369999999608808e+02,0.000000000000000000e+00
5.639369999999607899e+02,0.000000000000000000e+00
5.640369999999606989e+02,0.000000000000000000e+00
5.641369999999608353e+02,0.000000000000000000e+00
5.642369999999607444e+02,0.000000000000000000e+00
5.643369999999606534e+02,0.000000000000000000e+00
5.644369999999607899e+02,0.000000000000000000e+00
5.645369999999606989e+02,0.000000000000000000e+00
5.646369999999608353e+02,0.000000000000000000e+00
5.647369999999607444e+02,0.000000000000000000e+00
5.648369999999606534e+02,0.000000000000000000e+00
5.649369999999607899e+02,0.000000000000000000e+00
5.650369999999606989e+02,0.000000000000000000e+00
5.651369999999606080e+02,0.000000000000000000e+00
5.652369999999607444e+02,0.000000000000000000e+00
5.653369999999606534e+02,0.000000000000000000e+00
5.654369999999607899e+02,0.000000000000000000e+00
5.655369999999606989e+02,0.000000000000000000e+00
5.656369999999606080e+02,0.000000000000000000e+00
5.657369999999607444e+02,0.000000000000000000e+00
5.658369999999606534e+02,0.000000000000000000e+00
5.659369999999605625e+02,0.000000000000000000e+00
5.660369999999606989e+02,0.000000000000000000e+00
5.661369999999606080e+02,0.000000000000000000e+00
5.662369999999607444e+02,0.000000000000000000e+00
5.663369999999606534e+02,0.000000000000000000e+00
5.664369999999605625e+02,0.000000000000000000e+00
5.665369999999606989e+02,0.000000000000000000e+00
5.666369999999606080e+02,0.000000000000000000e+00
5.667369999999605170e+02,0.000000000000000000e+00
5.668369999999606534e+02,0.000000000000000000e+00
5.669369999999605625e+02,0.000000000000000000e+00
5.670369999999606989e+02,0.000000000000000000e+00
5.671369999999606080e+02,0.000000000000000000e+00
5.672369999999605170e+02,0.000000000000000000e+00
5.673369999999606534e+02,0.000000000000000000e+00
5.674369999999605625e+02,0.000000000000000000e+00
5.675369999999604715e+02,0.000000000000000000e+00
5.676369999999606080e+02,0.000000000000000000e+00
5.677369999999605170e+02,0.000000000000000000e+00
5.678369999999606534e+02,0.000000000000000000e+00
5.679369999999605625e+02,0.000000000000000000e+00
5.680369999999604715e+02,0.000000000000000000e+00
5.681369999999606080e+02,0.000000000000000000e+00
5.682369999999605170e+02,0.000000000000000000e+00
5.683369999999604261e+02,0.000000000000000000e+00
5.684369999999605625e+02,0.000000000000000000e+00
5.685369999999604715e+02,0.000000000000000000e+00
5.686369999999606080e+02,0.000000000000000000e+00
5.687369999999605170e+02,0.000000000000000000e+00
5.688369999999604261e+02,0.000000000000000000e+00
5.689369999999605625e+02,0.000000000000000000e+00
5.690369999999604715e+02,0.000000000000000000e+00
5.691369999999603806e+02,0.000000000000000000e+00
5.692369999999605170e+02,0.000000000000000000e+00
5.693369999999604261e+02,0.000000000000000000e+00
5.694369999999605625e+02,0.000000000000000000e+00
5.695369999999604715e+02,0.000000000000000000e+00
5.696369999999603806e+02,0.000000000000000000e+00
5.697369999999605170e+02,0.000000000000000000e+00
5.698369999999604261e+02,0.000000000000000000e+00
5.699369999999603351e+02,0.000000000000000000e+00
5.700369999999604715e+02,0.000000000000000000e+00
5.701369999999603806e+02,0.000000000000000000e+00
5.702369999999605170e+02,0.000000000000000000e+00
5.703369999999604261e+02,0.000000000000000000e+00
5.704369999999603351e+02,0.000000000000000000e+00
5.705369999999604715e+02,0.000000000000000000e+00
5.706369999999603806e+02,0.000000000000000000e+00
5.707369999999602896e+02,0.000000000000000000e+00
5.708369999999604261e+02,0.000000000000000000e+00
5.709369999999603351e+02,0.000000000000000000e+00
5.710369999999604715e+02,0.000000000000000000e+00
5.711369999999603806e+02,0.000000000000000000e+00
5.712369999999602896e+02,0.000000000000000000e+00
5.713369999999604261e+02,0.000000000000000000e+00
5.714369999999603351e+02,0.000000000000000000e+00
5.715369999999602442e+02,0.000000000000000000e+00
5.716369999999603806e+02,0.000000000000000000e+00
5.717369999999602896e+02,0.000000000000000000e+00
5.718369999999604261e+02,0.000000000000000000e+00
5.719369999999603351e+02,0.000000000000000000e+00
5.720369999999602442e+02,0.000000000000000000e+00
5.721369999999603806e+02,0.000000000000000000e+00
5.722369999999602896e+02,0.000000000000000000e+00
5.723369999999601987e+02,0.000000000000000000e+00
5.724369999999603351e+02,0.000000000000000000e+00
5.725369999999602442e+02,0.000000000000000000e+00
5.726369999999603806e+02,0.000000000000000000e+00
5.727369999999602896e+02,0.000000000000000000e+00
5.728369999999601987e+02,0.000000000000000000e+00
5.729369999999603351e+02,0.000000000000000000e+00
5.730369999999602442e+02,0.000000000000000000e+00
5.731369999999601532e+02,0.000000000000000000e+00
5.732369999999602896e+02,0.000000000000000000e+00
5.733369999999601987e+02,0.000000000000000000e+00
5.734369999999603351e+02,0.000000000000000000e+00
5.735369999999602442e+02,0.000000000000000000e+00
5.736369999999601532e+02,0.000000000000000000e+00
5.737369999999602896e+02,0.000000000000000000e+00
5.738369999999601987e+02,0.000000000000000000e+00
5.739369999999601077e+02,0.000000000000000000e+00
5.740369999999602442e+02,0.000000000000000000e+00
5.741369999999601532e+02,0.000000000000000000e+00
5.742369999999602896e+02,0.000000000000000000e+00
5.743369999999601987e+02,0.000000000000000000e+00
5.744369999999601077e+02,0.000000000000000000e+00
5.745369999999602442e+02,0.000000000000000000e+00
5.746369999999601532e+02,0.000000000000000000e+00
5.747369999999600623e+02,0.000000000000000000e+00
5.748369999999601987e+02,0.000000000000000000e+00
5.749369999999601077e+02,0.000000000000000000e+00
5.750369999999602442e+02,0.000000000000000000e+00
5.751369999999601532e+02,0.000000000000000000e+00
5.752369999999600623e+02,0.000000000000000000e+00
5.753369999999601987e+02,0.000000000000000000e+00
5.754369999999601077e+02,0.000000000000000000e+00
5.755369999999600168e+02,0.000000000000000000e+00
5.756369999999601532e+02,0.000000000000000000e+00
5.757369999999600623e+02,0.000000000000000000e+00
5.758369999999601987e+02,0.000000000000000000e+00
5.759369999999601077e+02,0.000000000000000000e+00
5.760369999999600168e+02,0.000000000000000000e+00
5.761369999999601532e+02,0.000000000000000000e+00
5.762369999999600623e+02,0.000000000000000000e+00
5.763369999999599713e+02,0.000000000000000000e+00
5.764369999999601077e+02,0.000000000000000000e+00
5.765369999999600168e+02,0.000000000000000000e+00
5.766369999999601532e+02,0.000000000000000000e+00
5.767369999999600623e+02,0.000000000000000000e+00
5.768369999999599713e+02,0.000000000000000000e+00
5.769369999999601077e+02,0.000000000000000000e+00
5.770369999999600168e+02,0.000000000000000000e+00
5.771369999999599258e+02,0.000000000000000000e+00
5.772369999999600623e+02,0.000000000000000000e+00
5.773369999999599713e+02,0.000000000000000000e+00
5.774369999999601077e+02,0.000000000000000000e+00
5.775369999999600168e+02,0.000000000000000000e+00
5.776369999999599258e+02,0.000000000000000000e+00
5.777369999999600623e+02,0.000000000000000000e+00
5.778369999999599713e+02,0.000000000000000000e+00
5.779369999999598804e+02,0.000000000000000000e+00
5.780369999999600168e+02,0.000000000000000000e+00
5.781369999999599258e+02,0.000000000000000000e+00
5.782369999999600623e+02,0.000000000000000000e+00
5.783369999999599713e+02,0.000000000000000000e+00
5.784369999999598804e+02,0.000000000000000000e+00
5.785369999999600168e+02,0.000000000000000000e+00
5.786369999999599258e+02,0.000000000000000000e+00
5.787369999999598349e+02,0.000000000000000000e+00
5.788369999999599713e+02,0.000000000000000000e+00
5.789369999999598804e+02,0.000000000000000000e+00
5.790369999999600168e+02,0.000000000000000000e+00
5.791369999999599258e+02,0.000000000000000000e+00
5.792369999999598349e+02,0.000000000000000000e+00
5.793369999999599713e+02,0.000000000000000000e+00
5.794369999999598804e+02,0.000000000000000000e+00
5.795369999999597894e+02,0.000000000000000000e+00
5.796369999999599258e+02,0.000000000000000000e+00
5.797369999999598349e+02,0.000000000000000000e+00
5.798369999999599713e+02,0.000000000000000000e+00
5.799369999999598804e+02,0.000000000000000000e+00
5.800369999999597894e+02,0.000000000000000000e+00
5.801369999999599258e+02,0.000000000000000000e+00
5.802369999999598349e+02,0.000000000000000000e+00
5.803369999999597439e+02,0.000000000000000000e+00
5.804369999999598804e+02,0.000000000000000000e+00
5.805369999999597894e+02,0.000000000000000000e+00
5.806369999999599258e+02,0.000000000000000000e+00
5.807369999999598349e+02,0.000000000000000000e+00
5.808369999999597439e+02,0.000000000000000000e+00
5.809369999999598804e+02,0.000000000000000000e+00
5.810369999999597894e+02,0.000000000000000000e+00
5.811369999999596985e+02,0.000000000000000000e+00
5.812369999999598349e+02,0.000000000000000000e+00
5.813369999999597439e+02,0.000000000000000000e+00
5.814369999999598804e+02,0.000000000000000000e+00
5.815369999999597894e+02,0.000000000000000000e+00
5.816369999999596985e+02,0.000000000000000000e+00
5.817369999999598349e+02,0.000000000000000000e+00
5.818369999999597439e+02,0.000000000000000000e+00
5.819369999999596530e+02,0.000000000000000000e+00
5.820369999999597894e+02,0.000000000000000000e+00
5.821369999999596985e+02,0.000000000000000000e+00
5.822369999999598349e+02,0.000000000000000000e+00
5.823369999999597439e+02,0.000000000000000000e+00
5.824369999999596530e+02,0.000000000000000000e+00
5.825369999999597894e+02,0.000000000000000000e+00
5.826369999999596985e+02,0.000000000000000000e+00
5.827369999999596075e+02,0.000000000000000000e+00
5.828369999999597439e+02,0.000000000000000000e+00
5.829369999999596530e+02,0.000000000000000000e+00
5.830369999999597894e+02,0.000000000000000000e+00
5.831369999999596985e+02,0.000000000000000000e+00
5.832369999999596075e+02,0.000000000000000000e+00
5.833369999999597439e+02,0.000000000000000000e+00
5.834369999999596530e+02,0.000000000000000000e+00
5.835369999999595620e+02,0.000000000000000000e+00
5.836369999999596985e+02,0.000000000000000000e+00
5.837369999999596075e+02,0.000000000000000000e+00
5.838369999999597439e+02,0.000000000000000000e+00
5.839369999999596530e+02,0.000000000000000000e+00
5.840369999999595620e+02,0.000000000000000000e+00
5.841369999999596985e+02,0.000000000000000000e+00
5.842369999999596075e+02,0.000000000000000000e+00
5.843369999999595166e+02,0.000000000000000000e+00
5.844369999999596530e+02,0.000000000000000000e+00
5.845369999999595620e+02,0.000000000000000000e+00
5.846369999999596985e+02,0.000000000000000000e+00
5.847369999999596075e+02,0.000000000000000000e+00
5.848369999999595166e+02,0.000000000000000000e+00
5.849369999999596530e+02,0.000000000000000000e+00
5.850369999999595620e+02,0.000000000000000000e+00
5.851369999999594711e+02,0.000000000000000000e+00
5.852369999999596075e+02,0.000000000000000000e+00
5.853369999999595166e+02,0.000000000000000000e+00
5.854369999999596530e+02,0.000000000000000000e+00
5.855369999999595620e+02,0.000000000000000000e+00
5.856369999999594711e+02,0.000000000000000000e+00
5.857369999999596075e+02,0.000000000000000000e+00
5.858369999999595166e+02,0.000000000000000000e+00
5.859369999999594256e+02,0.000000000000000000e+00
5.860369999999595620e+02,0.000000000000000000e+00
5.861369999999594711e+02,0.000000000000000000e+00
5.862369999999596075e+02,0.000000000000000000e+00
5.863369999999595166e+02,0.000000000000000000e+00
5.864369999999594256e+02,0.000000000000000000e+00
5.865369999999595620e+02,0.000000000000000000e+00
5.866369999999594711e+02,0.000000000000000000e+00
5.867369999999593801e+02,0.000000000000000000e+00
5.868369999999595166e+02,0.000000000000000000e+00
5.869369999999594256e+02,0.000000000000000000e+00
5.870369999999595620e+02,0.000000000000000000e+00
5.871369999999594711e+02,0.000000000000000000e+00
5.872369999999593801e+02,0.000000000000000000e+00
5.873369999999595166e+02,0.000000000000000000e+00
5.874369999999594256e+02,0.000000000000000000e+00
5.875369999999593347e+02,0.000000000000000000e+00
5.876369999999594711e+02,0.000000000000000000e+00
5.877369999999593801e+02,0.000000000000000000e+00
5.878369999999595166e+02,0.000000000000000000e+00
5.879369999999594256e+02,0.000000000000000000e+00
5.880369999999593347e+02,0.000000000000000000e+00
5.881369999999594711e+02,0.000000000000000000e+00
5.882369999999593801e+02,0.000000000000000000e+00
5.883369999999592892e+02,0.000000000000000000e+00
5.884369999999594256e+02,0.000000000000000000e+00
5.885369999999593347e+02,0.000000000000000000e+00
5.886369999999594711e+02,0.000000000000000000e+00
5.887369999999593801e+02,0.000000000000000000e+00
5.888369999999592892e+02,0.000000000000000000e+00
5.889369999999594256e+02,0.000000000000000000e+00
5.890369999999593347e+02,0.000000000000000000e+00
5.891369999999592437e+02,0.000000000000000000e+00
5.892369999999593801e+02,0.000000000000000000e+00
5.893369999999592892e+02,0.000000000000000000e+00
5.894369999999594256e+02,0.000000000000000000e+00
5.895369999999593347e+02,0.000000000000000000e+00
5.896369999999592437e+02,0.000000000000000000e+00
5.897369999999593801e+02,0.000000000000000000e+00
5.898369999999592892e+02,0.000000000000000000e+00
5.899369999999591982e+02,0.000000000000000000e+00
5.900369999999593347e+02,0.000000000000000000e+00
5.901369999999592437e+02,0.000000000000000000e+00
5.902369999999593801e+02,0.000000000000000000e+00
5.903369999999592892e+02,0.000000000000000000e+00
5.904369999999591982e+02,0.000000000000000000e+00
5.905369999999593347e+02,0.000000000000000000e+00
5.906369999999592437e+02,0.000000000000000000e+00
5.907369999999591528e+02,0.000000000000000000e+00
5.908369999999592892e+02,0.000000000000000000e+00
5.909369999999591982e+02,0.000000000000000000e+00
5.910369999999593347e+02,0.000000000000000000e+00
5.911369999999592437e+02,0.000000000000000000e+00
5.912369999999591528e+02,0.000000000000000000e+00
5.913369999999592892e+02,0.000000000000000000e+00
5.914369999999591982e+02,0.000000000000000000e+00
5.915369999999591073e+02,0.000000000000000000e+00
5.916369999999592437e+02,0.000000000000000000e+00
5.917369999999591528e+02,0.000000000000000000e+00
5.918369999999592892e+02,0.000000000000000000e+00
5.919369999999591982e+02,0.000000000000000000e+00
5.920369999999591073e+02,0.000000000000000000e+00
5.921369999999592437e+02,0.000000000000000000e+00
5.922369999999591528e+02,0.000000000000000000e+00
5.923369999999590618e+02,0.000000000000000000e+00
5.924369999999591982e+02,0.000000000000000000e+00
5.925369999999591073e+02,0.000000000000000000e+00
5.926369999999592437e+02,0.000000000000000000e+00
5.927369999999591528e+02,0.000000000000000000e+00
5.928369999999590618e+02,0.000000000000000000e+00
5.929369999999591982e+02,0.000000000000000000e+00
5.930369999999591073e+02,0.000000000000000000e+00
5.931369999999590163e+02,0.000000000000000000e+00
5.932369999999591528e+02,0.000000000000000000e+00
5.933369999999590618e+02,0.000000000000000000e+00
5.934369999999591982e+02,0.000000000000000000e+00
5.935369999999591073e+02,0.000000000000000000e+00
5.936369999999590163e+02,0.000000000000000000e+00
5.937369999999591528e+02,0.000000000000000000e+00
5.938369999999590618e+02,0.000000000000000000e+00
5.939369999999589709e+02,0.000000000000000000e+00
5.940369999999591073e+02,0.000000000000000000e+00
5.941369999999590163e+02,0.000000000000000000e+00
5.942369999999591528e+02,0.000000000000000000e+00
5.943369999999590618e+02,0.000000000000000000e+00
5.944369999999589709e+02,0.000000000000000000e+00
5.945369999999591073e+02,0.000000000000000000e+00
5.946369999999590163e+02,0.000000000000000000e+00
5.947369999999589254e+02,0.000000000000000000e+00
5.948369999999590618e+02,0.000000000000000000e+00
5.949369999999589709e+02,0.000000000000000000e+00
5.950369999999591073e+02,0.000000000000000000e+00
5.951369999999590163e+02,0.000000000000000000e+00
5.952369999999589254e+02,0.000000000000000000e+00
5.953369999999590618e+02,0.000000000000000000e+00
5.954369999999589709e+02,0.000000000000000000e+00
5.955369999999588799e+02,0.000000000000000000e+00
5.956369999999590163e+02,0.000000000000000000e+00
5.957369999999589254e+02,0.000000000000000000e+00
5.958369999999590618e+02,0.000000000000000000e+00
5.959369999999589709e+02,0.000000000000000000e+00
5.960369999999588799e+02,0.000000000000000000e+00
5.961369999999590163e+02,0.000000000000000000e+00
5.962369999999589254e+02,0.000000000000000000e+00
5.963369999999588345e+02,0.000000000000000000e+00
5.964369999999589709e+02,0.000000000000000000e+00
5.965369999999588799e+02,0.000000000000000000e+00
5.966369999999590163e+02,0.000000000000000000e+00
5.967369999999589254e+02,0.000000000000000000e+00
5.968369999999588345e+02,0.000000000000000000e+00
5.969369999999589709e+02,0.000000000000000000e+00
5.970369999999588799e+02,0.000000000000000000e+00
5.971369999999587890e+02,0.000000000000000000e+00
5.972369999999589254e+02,0.000000000000000000e+00
5.973369999999588345e+02,0.000000000000000000e+00
5.974369999999589709e+02,0.000000000000000000e+00
5.975369999999588799e+02,0.000000000000000000e+00
5.976369999999587890e+02,0.000000000000000000e+00
5.977369999999589254e+02,0.000000000000000000e+00
5.978369999999588345e+02,0.000000000000000000e+00
5.979369999999587435e+02,0.000000000000000000e+00
5.980369999999588799e+02,0.000000000000000000e+00
5.981369999999587890e+02,0.000000000000000000e+00
5.982369999999589254e+02,0.000000000000000000e+00
5.983369999999588345e+02,0.000000000000000000e+00
5.984369999999587435e+02,0.000000000000000000e+00
5.985369999999588799e+02,0.000000000000000000e+00
5.986369999999587890e+02,0.000000000000000000e+00
5.987369999999586980e+02,0.000000000000000000e+00
5.988369999999588345e+02,0.000000000000000000e+00
5.989369999999587435e+02,0.000000000000000000e+00
5.990369999999588799e+02,0.000000000000000000e+00
5.991369999999587890e+02,0.000000000000000000e+00
5.992369999999586980e+02,0.000000000000000000e+00
5.993369999999588345e+02,0.000000000000000000e+00
5.994369999999587435e+02,0.000000000000000000e+00
5.995369999999586526e+02,0.000000000000000000e+00
5.996369999999587890e+02,0.000000000000000000e+00
5.997369999999586980e+02,0.000000000000000000e+00
5.998369999999588345e+02,0.000000000000000000e+00
5.999369999999587435e+02,0.000000000000000000e+00
6.000369999999586526e+02,0.000000000000000000e+00
6.001369999999587890e+02,0.000000000000000000e+00
6.002369999999586980e+02,0.000000000000000000e+00
6.003369999999586071e+02,0.000000000000000000e+00
6.004369999999587435e+02,0.000000000000000000e+00
6.005369999999586526e+02,0.000000000000000000e+00
6.006369999999587890e+02,0.000000000000000000e+00
6.007369999999586980e+02,0.000000000000000000e+00
6.008369999999586071e+02,0.000000000000000000e+00
6.009369999999587435e+02,0.000000000000000000e+00
6.010369999999586526e+02,0.000000000000000000e+00
6.011369999999585616e+02,0.000000000000000000e+00
6.012369999999586980e+02,0.000000000000000000e+00
6.013369999999586071e+02,0.000000000000000000e+00
6.014369999999587435e+02,0.000000000000000000e+00
6.015369999999586526e+02,0.000000000000000000e+00
6.016369999999585616e+02,0.000000000000000000e+00
6.017369999999586980e+02,0.000000000000000000e+00
6.018369999999586071e+02,0.000000000000000000e+00
6.019369999999585161e+02,0.000000000000000000e+00
6.020369999999586526e+02,0.000000000000000000e+00
6.021369999999585616e+02,0.000000000000000000e+00
6.022369999999586980e+02,0.000000000000000000e+00
6.023369999999586071e+02,0.000000000000000000e+00
6.024369999999585161e+02,0.000000000000000000e+00
6.025369999999586526e+02,0.000000000000000000e+00
6.026369999999585616e+02,0.000000000000000000e+00
6.027369999999584707e+02,0.000000000000000000e+00
6.028369999999586071e+02,0.000000000000000000e+00
6.029369999999585161e+02,0.000000000000000000e+00
6.030369999999586526e+02,0.000000000000000000e+00
6.031369999999585616e+02,0.000000000000000000e+00
6.032369999999584707e+02,0.000000000000000000e+00
6.033369999999586071e+02,0.000000000000000000e+00
6.034369999999585161e+02,0.000000000000000000e+00
6.035369999999584252e+02,0.000000000000000000e+00
6.036369999999585616e+02,0.000000000000000000e+00
6.037369999999584707e+02,0.000000000000000000e+00
6.038369999999586071e+02,0.000000000000000000e+00
6.039369999999585161e+02,0.000000000000000000e+00
6.040369999999584252e+02,0.000000000000000000e+00
6.041369999999585616e+02,0.000000000000000000e+00
6.042369999999584707e+02,0.000000000000000000e+00
6.043369999999583797e+02,0.000000000000000000e+00
6.044369999999585161e+02,0.000000000000000000e+00
6.045369999999584252e+02,0.000000000000000000e+00
6.046369999999585616e+02,0.000000000000000000e+00
6.047369999999584707e+02,0.000000000000000000e+00
6.048369999999583797e+02,0.000000000000000000e+00
6.049369999999585161e+02,0.000000000000000000e+00
6.050369999999584252e+02,0.000000000000000000e+00
6.051369999999583342e+02,0.000000000000000000e+00
6.052369999999584707e+02,0.000000000000000000e+00
6.053369999999583797e+02,0.000000000000000000e+00
6.054369999999585161e+02,0.000000000000000000e+00
6.055369999999584252e+02,0.000000000000000000e+00
6.056369999999583342e+02,0.000000000000000000e+00
6.057369999999584707e+02,0.000000000000000000e+00
6.058369999999583797e+02,0.000000000000000000e+00
6.059369999999582888e+02,0.000000000000000000e+00
6.060369999999584252e+02,0.000000000000000000e+00
6.061369999999583342e+02,0.000000000000000000e+00
6.062369999999584707e+02,0.000000000000000000e+00
6.063369999999583797e+02,0.000000000000000000e+00
6.064369999999582888e+02,0.000000000000000000e+00
6.065369999999584252e+02,0.000000000000000000e+00
6.066369999999583342e+02,0.000000000000000000e+00
6.067369999999582433e+02,0.000000000000000000e+00
6.068369999999583797e+02,0.000000000000000000e+00
6.069369999999582888e+02,0.000000000000000000e+00
6.070369999999584252e+02,0.000000000000000000e+00
6.071369999999583342e+02,0.000000000000000000e+00
6.072369999999582433e+02,0.000000000000000000e+00
6.073369999999583797e+02,0.000000000000000000e+00
6.074369999999582888e+02,0.000000000000000000e+00
6.075369999999581978e+02,0.000000000000000000e+00
6.076369999999583342e+02,0.000000000000000000e+00
6.077369999999582433e+02,0.000000000000000000e+00
6.078369999999583797e+02,0.000000000000000000e+00
6.079369999999582888e+02,0.000000000000000000e+00
6.080369999999581978e+02,0.000000000000000000e+00
6.081369999999583342e+02,0.000000000000000000e+00
6.082369999999582433e+02,0.000000000000000000e+00
6.083369999999581523e+02,0.000000000000000000e+00
6.084369999999582888e+02,0.000000000000000000e+00
6.085369999999581978e+02,0.000000000000000000e+00
6.086369999999583342e+02,0.000000000000000000e+00
6.087369999999582433e+02,0.000000000000000000e+00
6.088369999999581523e+02,0.000000000000000000e+00
6.089369999999582888e+02,0.000000000000000000e+00
6.090369999999581978e+02,0.000000000000000000e+00
6.091369999999581069e+02,0.000000000000000000e+00
6.092369999999582433e+02,0.000000000000000000e+00
6.093369999999581523e+02,0.000000000000000000e+00
6.094369999999582888e+02,0.000000000000000000e+00
6.095369999999581978e+02,0.000000000000000000e+00
6.096369999999581069e+02,0.000000000000000000e+00
6.097369999999582433e+02,0.000000000000000000e+00
6.098369999999581523e+02,0.000000000000000000e+00
6.099369999999580614e+02,0.000000000000000000e+00
6.100369999999581978e+02,0.000000000000000000e+00
6.101369999999581069e+02,0.000000000000000000e+00
6.102369999999582433e+02,0.000000000000000000e+00
6.103369999999581523e+02,0.000000000000000000e+00
6.104369999999580614e+02,0.000000000000000000e+00
6.105369999999581978e+02,0.000000000000000000e+00
6.106369999999581069e+02,0.000000000000000000e+00
6.107369999999580159e+02,0.000000000000000000e+00
6.108369999999581523e+02,0.000000000000000000e+00
6.109369999999580614e+02,0.000000000000000000e+00
6.110369999999581978e+02,0.000000000000000000e+00
6.111369999999581069e+02,0.000000000000000000e+00
6.112369999999580159e+02,0.000000000000000000e+00
6.113369999999581523e+02,0.000000000000000000e+00
6.114369999999580614e+02,0.000000000000000000e+00
6.115369999999579704e+02,0.000000000000000000e+00
6.116369999999581069e+02,0.000000000000000000e+00
6.117369999999580159e+02,0.000000000000000000e+00
6.118369999999581523e+02,0.000000000000000000e+00
6.119369999999580614e+02,0.000000000000000000e+00
6.120369999999579704e+02,0.000000000000000000e+00
6.121369999999581069e+02,0.000000000000000000e+00
6.122369999999580159e+02,0.000000000000000000e+00
6.123369999999579250e+02,0.000000000000000000e+00
6.124369999999580614e+02,0.000000000000000000e+00
6.125369999999579704e+02,0.000000000000000000e+00
6.126369999999581069e+02,0.000000000000000000e+00
6.127369999999580159e+02,0.000000000000000000e+00
6.128369999999579250e+02,0.000000000000000000e+00
6.129369999999580614e+02,0.000000000000000000e+00
6.130369999999579704e+02,0.000000000000000000e+00
6.131369999999578795e+02,0.000000000000000000e+00
6.132369999999580159e+02,0.000000000000000000e+00
6.133369999999579250e+02,0.000000000000000000e+00
6.134369999999580614e+02,0.000000000000000000e+00
6.135369999999579704e+02,0.000000000000000000e+00
6.136369999999578795e+02,0.000000000000000000e+00
6.137369999999580159e+02,0.000000000000000000e+00
6.138369999999579250e+02,0.000000000000000000e+00
6.139369999999578340e+02,0.000000000000000000e+00
6.140369999999579704e+02,0.000000000000000000e+00
6.141369999999578795e+02,0.000000000000000000e+00
6.142369999999580159e+02,0.000000000000000000e+00
6.143369999999579250e+02,0.000000000000000000e+00
6.144369999999578340e+02,0.000000000000000000e+00
6.145369999999579704e+02,0.000000000000000000e+00
6.146369999999578795e+02,0.000000000000000000e+00
6.147369999999577885e+02,0.000000000000000000e+00
6.148369999999579250e+02,0.000000000000000000e+00
6.149369999999578340e+02,0.000000000000000000e+00
6.150369999999579704e+02,0.000000000000000000e+00
6.151369999999578795e+02,0.000000000000000000e+00
6.152369999999577885e+02,0.000000000000000000e+00
6.153369999999579250e+02,0.000000000000000000e+00
6.154369999999578340e+02,0.000000000000000000e+00
6.155369999999577431e+02,0.000000000000000000e+00
6.156369999999578795e+02,0.000000000000000000e+00
6.157369999999577885e+02,0.000000000000000000e+00
6.158369999999579250e+02,0.000000000000000000e+00
6.159369999999578340e+02,0.000000000000000000e+00
6.160369999999577431e+02,0.000000000000000000e+00
6.161369999999578795e+02,0.000000000000000000e+00
6.162369999999577885e+02,0.000000000000000000e+00
6.163369999999576976e+02,0.000000000000000000e+00
6.164369999999578340e+02,0.000000000000000000e+00
6.165369999999577431e+02,0.000000000000000000e+00
6.166369999999578795e+02,0.000000000000000000e+00
6.167369999999577885e+02,0.000000000000000000e+00
6.168369999999576976e+02,0.000000000000000000e+00
6.169369999999578340e+02,0.000000000000000000e+00
6.170369999999577431e+02,0.000000000000000000e+00
6.171369999999576521e+02,0.000000000000000000e+00
6.172369999999577885e+02,0.000000000000000000e+00
6.173369999999576976e+02,0.000000000000000000e+00
6.174369999999578340e+02,0.000000000000000000e+00
6.175369999999577431e+02,0.000000000000000000e+00
6.176369999999576521e+02,0.000000000000000000e+00
6.177369999999577885e+02,0.000000000000000000e+00
6.178369999999576976e+02,0.000000000000000000e+00
6.179369999999576066e+02,0.000000000000000000e+00
6.180369999999577431e+02,0.000000000000000000e+00
6.181369999999576521e+02,0.000000000000000000e+00
6.182369999999577885e+02,0.000000000000000000e+00
6.183369999999576976e+02,0.000000000000000000e+00
6.184369999999576066e+02,0.000000000000000000e+00
6.185369999999577431e+02,0.000000000000000000e+00
6.186369999999576521e+02,0.000000000000000000e+00
6.187369999999575612e+02,0.000000000000000000e+00
6.188369999999576976e+02,0.000000000000000000e+00
6.189369999999576066e+02,0.000000000000000000e+00
6.190369999999577431e+02,0.000000000000000000e+00
6.191369999999576521e+02,0.000000000000000000e+00
6.192369999999575612e+02,0.000000000000000000e+00
6.193369999999576976e+02,0.000000000000000000e+00
6.194369999999576066e+02,0.000000000000000000e+00
6.195369999999575157e+02,0.000000000000000000e+00
6.196369999999576521e+02,0.000000000000000000e+00
6.197369999999575612e+02,0.000000000000000000e+00
6.198369999999576976e+02,0.000000000000000000e+00
6.199369999999576066e+02,0.000000000000000000e+00
6.200369999999575157e+02,0.000000000000000000e+00
6.201369999999576521e+02,0.000000000000000000e+00
6.202369999999575612e+02,0.000000000000000000e+00
6.203369999999574702e+02,0.000000000000000000e+00
6.204369999999576066e+02,0.000000000000000000e+00
6.205369999999575157e+02,0.000000000000000000e+00
6.206369999999576521e+02,0.000000000000000000e+00
6.207369999999575612e+02,0.000000000000000000e+00
6.208369999999574702e+02,0.000000000000000000e+00
6.209369999999576066e+02,0.000000000000000000e+00
6.210369999999575157e+02,0.000000000000000000e+00
6.211369999999574247e+02,0.000000000000000000e+00
6.212369999999575612e+02,0.000000000000000000e+00
6.213369999999574702e+02,0.000000000000000000e+00
6.214369999999576066e+02,0.000000000000000000e+00
6.215369999999575157e+02,0.000000000000000000e+00
6.216369999999574247e+02,0.000000000000000000e+00
6.217369999999575612e+02,0.000000000000000000e+00
6.218369999999574702e+02,0.000000000000000000e+00
6.219369999999573793e+02,0.000000000000000000e+00
6.220369999999575157e+02,0.000000000000000000e+00
6.221369999999574247e+02,0.000000000000000000e+00
6.222369999999575612e+02,0.000000000000000000e+00
6.223369999999574702e+02,0.000000000000000000e+00
6.224369999999573793e+02,0.000000000000000000e+00
6.225369999999575157e+02,0.000000000000000000e+00
6.226369999999574247e+02,0.000000000000000000e+00
6.227369999999573338e+02,0.000000000000000000e+00
6.228369999999574702e+02,0.000000000000000000e+00
6.229369999999573793e+02,0.000000000000000000e+00
6.230369999999575157e+02,0.000000000000000000e+00
6.231369999999574247e+02,0.000000000000000000e+00
6.232369999999573338e+02,0.000000000000000000e+00
6.233369999999574702e+02,0.000000000000000000e+00
6.234369999999573793e+02,0.000000000000000000e+00
6.235369999999572883e+02,0.000000000000000000e+00
6.236369999999574247e+02,0.000000000000000000e+00
6.237369999999573338e+02,0.000000000000000000e+00
6.238369999999574702e+02,0.000000000000000000e+00
6.239369999999573793e+02,0.000000000000000000e+00
6.240369999999572883e+02,0.000000000000000000e+00
6.241369999999574247e+02,0.000000000000000000e+00
6.242369999999573338e+02,0.000000000000000000e+00
6.243369999999572428e+02,0.000000000000000000e+00
6.244369999999573793e+02,0.000000000000000000e+00
6.245369999999572883e+02,0.000000000000000000e+00
6.246369999999574247e+02,0.000000000000000000e+00
6.247369999999573338e+02,0.000000000000000000e+00
6.248369999999572428e+02,0.000000000000000000e+00
6.249369999999573793e+02,0.000000000000000000e+00
6.250369999999572883e+02,0.000000000000000000e+00
6.251369999999571974e+02,0.000000000000000000e+00
6.252369999999573338e+02,0.000000000000000000e+00
6.253369999999572428e+02,0.000000000000000000e+00
6.254369999999573793e+02,0.000000000000000000e+00
6.255369999999572883e+02,0.000000000000000000e+00
6.256369999999571974e+02,0.000000000000000000e+00
6.257369999999573338e+02,0.000000000000000000e+00
6.258369999999572428e+02,0.000000000000000000e+00
6.259369999999571519e+02,0.000000000000000000e+00
6.260369999999572883e+02,0.000000000000000000e+00
6.261369999999571974e+02,0.000000000000000000e+00
6.262369999999573338e+02,0.000000000000000000e+00
6.263369999999572428e+02,0.000000000000000000e+00
6.264369999999571519e+02,0.000000000000000000e+00
6.265369999999572883e+02,0.000000000000000000e+00
6.266369999999571974e+02,0.000000000000000000e+00
6.267369999999571064e+02,0.000000000000000000e+00
6.268369999999572428e+02,0.000000000000000000e+00
6.269369999999571519e+02,0.000000000000000000e+00
6.270369999999572883e+02,0.000000000000000000e+00
6.271369999999571974e+02,0.000000000000000000e+00
6.272369999999571064e+02,0.000000000000000000e+00
6.273369999999572428e+02,0.000000000000000000e+00
6.274369999999571519e+02,0.000000000000000000e+00
6.275369999999570609e+02,0.000000000000000000e+00
6.276369999999571974e+02,0.000000000000000000e+00
6.277369999999571064e+02,0.000000000000000000e+00
6.278369999999572428e+02,0.000000000000000000e+00
6.279369999999571519e+02,0.000000000000000000e+00
6.280369999999570609e+02,0.000000000000000000e+00
6.281369999999571974e+02,0.000000000000000000e+00
6.282369999999571064e+02,0.000000000000000000e+00
6.283369999999570155e+02,0.000000000000000000e+00
6.284369999999571519e+02,0.000000000000000000e+00
6.285369999999570609e+02,0.000000000000000000e+00
6.286369999999571974e+02,0.000000000000000000e+00
6.287369999999571064e+02,0.000000000000000000e+00
6.288369999999570155e+02,0.000000000000000000e+00
6.289369999999571519e+02,0.000000000000000000e+00
6.290369999999570609e+02,0.000000000000000000e+00
6.291369999999569700e+02,0.000000000000000000e+00
6.292369999999571064e+02,0.000000000000000000e+00
6.293369999999570155e+02,0.000000000000000000e+00
6.294369999999571519e+02,0.000000000000000000e+00
6.295369999999570609e+02,0.000000000000000000e+00
6.296369999999569700e+02,0.000000000000000000e+00
6.297369999999571064e+02,0.000000000000000000e+00
6.298369999999570155e+02,0.000000000000000000e+00
6.299369999999569245e+02,0.000000000000000000e+00
6.300369999999570609e+02,0.000000000000000000e+00
6.301369999999569700e+02,0.000000000000000000e+00
6.302369999999571064e+02,0.000000000000000000e+00
6.303369999999570155e+02,0.000000000000000000e+00
6.304369999999569245e+02,0.000000000000000000e+00
6.305369999999570609e+02,0.000000000000000000e+00
6.306369999999569700e+02,0.000000000000000000e+00
6.307369999999568790e+02,0.000000000000000000e+00
6.308369999999570155e+02,0.000000000000000000e+00
6.309369999999569245e+02,0.000000000000000000e+00
6.310369999999570609e+02,0.000000000000000000e+00
6.311369999999569700e+02,0.000000000000000000e+00
6.312369999999568790e+02,0.000000000000000000e+00
6.313369999999570155e+02,0.000000000000000000e+00
6.314369999999569245e+02,0.000000000000000000e+00
6.315369999999568336e+02,0.000000000000000000e+00
6.316369999999569700e+02,0.000000000000000000e+00
6.317369999999568790e+02,0.000000000000000000e+00
6.318369999999570155e+02,0.000000000000000000e+00
6.319369999999569245e+02,0.000000000000000000e+00
6.320369999999568336e+02,0.000000000000000000e+00
6.321369999999569700e+02,0.000000000000000000e+00
6.322369999999568790e+02,0.000000000000000000e+00
6.323369999999567881e+02,0.000000000000000000e+00
6.324369999999569245e+02,0.000000000000000000e+00
6.325369999999568336e+02,0.000000000000000000e+00
6.326369999999569700e+02,0.000000000000000000e+00
6.327369999999568790e+02,0.000000000000000000e+00
6.328369999999567881e+02,0.000000000000000000e+00
6.329369999999569245e+02,0.000000000000000000e+00
6.330369999999568336e+02,0.000000000000000000e+00
6.331369999999567426e+02,0.000000000000000000e+00
6.332369999999568790e+02,0.000000000000000000e+00
6.333369999999567881e+02,0.000000000000000000e+00
6.334369999999569245e+02,0.000000000000000000e+00
6.335369999999568336e+02,0.000000000000000000e+00
6.336369999999567426e+02,0.000000000000000000e+00
6.337369999999568790e+02,0.000000000000000000e+00
6.338369999999567881e+02,0.000000000000000000e+00
6.339369999999566971e+02,0.000000000000000000e+00
6.340369999999568336e+02,0.000000000000000000e+00
6.341369999999567426e+02,0.000000000000000000e+00
6.342369999999568790e+02,0.000000000000000000e+00
6.343369999999567881e+02,0.000000000000000000e+00
6.344369999999566971e+02,0.000000000000000000e+00
6.345369999999568336e+02,0.000000000000000000e+00
6.346369999999567426e+02,0.000000000000000000e+00
6.347369999999566517e+02,0.000000000000000000e+00
6.348369999999567881e+02,0.000000000000000000e+00
6.349369999999566971e+02,0.000000000000000000e+00
6.350369999999568336e+02,0.000000000000000000e+00
6.351369999999567426e+02,0.000000000000000000e+00
6.352369999999566517e+02,0.000000000000000000e+00
6.353369999999567881e+02,0.000000000000000000e+00
6.354369999999566971e+02,0.000000000000000000e+00
6.355369999999566062e+02,0.000000000000000000e+00
6.356369999999567426e+02,0.000000000000000000e+00
6.357369999999566517e+02,0.000000000000000000e+00
6.358369999999567881e+02,0.000000000000000000e+00
6.359369999999566971e+02,0.000000000000000000e+00
6.360369999999566062e+02,0.000000000000000000e+00
6.361369999999567426e+02,0.000000000000000000e+00
6.362369999999566517e+02,0.000000000000000000e+00
6.363369999999565607e+02,0.000000000000000000e+00
6.364369999999566971e+02,0.000000000000000000e+00
6.365369999999566062e+02,0.000000000000000000e+00
6.366369999999567426e+02,0.000000000000000000e+00
6.367369999999566517e+02,0.000000000000000000e+00
6.368369999999565607e+02,0.000000000000000000e+00
6.369369999999566971e+02,0.000000000000000000e+00
6.370369999999566062e+02,0.000000000000000000e+00
6.371369999999565152e+02,0.000000000000000000e+00
6.372369999999566517e+02,0.000000000000000000e+00
6.373369999999565607e+02,0.000000000000000000e+00
6.374369999999566971e+02,0.000000000000000000e+00
6.375369999999566062e+02,0.000000000000000000e+00
6.376369999999565152e+02,0.000000000000000000e+00
6.377369999999566517e+02,0.000000000000000000e+00
6.378369999999565607e+02,0.000000000000000000e+00
6.379369999999564698e+02,0.000000000000000000e+00
6.380369999999566062e+02,0.000000000000000000e+00
6.381369999999565152e+02,0.000000000000000000e+00
6.382369999999566517e+02,0.000000000000000000e+00
6.383369999999565607e+02,0.000000000000000000e+00
6.384369999999564698e+02,0.000000000000000000e+00
6.385369999999566062e+02,0.000000000000000000e+00
6.386369999999565152e+02,0.000000000000000000e+00
6.387369999999564243e+02,0.000000000000000000e+00
6.388369999999565607e+02,0.000000000000000000e+00
6.389369999999564698e+02,0.000000000000000000e+00
6.390369999999566062e+02,0.000000000000000000e+00
6.391369999999565152e+02,0.000000000000000000e+00
6.392369999999564243e+02,0.000000000000000000e+00
6.393369999999565607e+02,0.000000000000000000e+00
6.394369999999564698e+02,0.000000000000000000e+00
6.395369999999563788e+02,0.000000000000000000e+00
6.396369999999565152e+02,0.000000000000000000e+00
6.397369999999564243e+02,0.000000000000000000e+00
6.398369999999565607e+02,0.000000000000000000e+00
6.399369999999564698e+02,0.000000000000000000e+00
6.400369999999563788e+02,0.000000000000000000e+00
6.401369999999565152e+02,0.000000000000000000e+00
6.402369999999564243e+02,0.000000000000000000e+00
6.403369999999563333e+02,0.000000000000000000e+00
6.404369999999564698e+02,0.000000000000000000e+00
6.405369999999563788e+02,0.000000000000000000e+00
6.406369999999565152e+02,0.000000000000000000e+00
6.407369999999564243e+02,0.000000000000000000e+00
6.408369999999563333e+02,0.000000000000000000e+00
6.409369999999564698e+02,0.000000000000000000e+00
6.410369999999563788e+02,0.000000000000000000e+00
6.411369999999562879e+02,0.000000000000000000e+00
6.412369999999564243e+02,0.000000000000000000e+00
6.413369999999563333e+02,0.000000000000000000e+00
6.414369999999564698e+02,0.000000000000000000e+00
6.415369999999563788e+02,0.000000000000000000e+00
6.416369999999562879e+02,0.000000000000000000e+00
6.417369999999564243e+02,0.000000000000000000e+00
6.418369999999563333e+02,0.000000000000000000e+00
6.419369999999562424e+02,0.000000000000000000e+00
6.420369999999563788e+02,0.000000000000000000e+00
6.421369999999562879e+02,0.000000000000000000e+00
6.422369999999564243e+02,0.000000000000000000e+00
6.423369999999563333e+02,0.000000000000000000e+00
6.424369999999562424e+02,0.000000000000000000e+00
6.425369999999563788e+02,0.000000000000000000e+00
6.426369999999562879e+02,0.000000000000000000e+00
6.427369999999561969e+02,0.000000000000000000e+00
6.428369999999563333e+02,0.000000000000000000e+00
6.429369999999562424e+02,0.000000000000000000e+00
6.430369999999563788e+02,0.000000000000000000e+00
6.431369999999562879e+02,0.000000000000000000e+00
6.432369999999561969e+02,0.000000000000000000e+00
6.433369999999563333e+02,0.000000000000000000e+00
6.434369999999562424e+02,0.000000000000000000e+00
6.435369999999561514e+02,0.000000000000000000e+00
6.436369999999562879e+02,0.000000000000000000e+00
6.437369999999561969e+02,0.000000000000000000e+00
6.438369999999563333e+02,0.000000000000000000e+00
6.439369999999562424e+02,0.000000000000000000e+00
6.440369999999561514e+02,0.000000000000000000e+00
6.441369999999562879e+02,0.000000000000000000e+00
6.442369999999561969e+02,0.000000000000000000e+00
6.443369999999561060e+02,0.000000000000000000e+00
6.444369999999562424e+02,0.000000000000000000e+00
6.445369999999561514e+02,0.000000000000000000e+00
6.446369999999562879e+02,0.000000000000000000e+00
6.447369999999561969e+02,0.000000000000000000e+00
6.448369999999561060e+02,0.000000000000000000e+00
6.449369999999562424e+02,0.000000000000000000e+00
6.450369999999561514e+02,0.000000000000000000e+00
6.451369999999560605e+02,0.000000000000000000e+00
6.452369999999561969e+02,0.000000000000000000e+00
6.453369999999561060e+02,0.000000000000000000e+00
6.454369999999562424e+02,0.000000000000000000e+00
6.455369999999561514e+02,0.000000000000000000e+00
6.456369999999560605e+02,0.000000000000000000e+00
6.457369999999561969e+02,0.000000000000000000e+00
6.458369999999561060e+02,0.000000000000000000e+00
6.459369999999560150e+02,0.000000000000000000e+00
6.460369999999561514e+02,0.000000000000000000e+00
6.461369999999560605e+02,0.000000000000000000e+00
6.462369999999561969e+02,0.000000000000000000e+00
6.463369999999561060e+02,0.000000000000000000e+00
6.464369999999560150e+02,0.000000000000000000e+00
6.465369999999561514e+02,0.000000000000000000e+00
6.466369999999560605e+02,0.000000000000000000e+00
6.467369999999559695e+02,0.000000000000000000e+00
6.468369999999561060e+02,0.000000000000000000e+00
6.469369999999560150e+02,0.000000000000000000e+00
6.470369999999561514e+02,0.000000000000000000e+00
6.471369999999560605e+02,0.000000000000000000e+00
6.472369999999559695e+02,0.000000000000000000e+00
6.473369999999561060e+02,0.000000000000000000e+00
6.474369999999560150e+02,0.000000000000000000e+00
6.475369999999559241e+02,0.000000000000000000e+00
6.476369999999560605e+02,0.000000000000000000e+00
6.477369999999559695e+02,0.000000000000000000e+00
6.478369999999561060e+02,0.000000000000000000e+00
6.479369999999560150e+02,0.000000000000000000e+00
6.480369999999559241e+02,0.000000000000000000e+00
6.481369999999560605e+02,0.000000000000000000e+00
6.482369999999559695e+02,0.000000000000000000e+00
6.483369999999558786e+02,0.000000000000000000e+00
6.484369999999560150e+02,0.000000000000000000e+00
6.485369999999559241e+02,0.000000000000000000e+00
6.486369999999560605e+02,0.000000000000000000e+00
6.487369999999559695e+02,0.000000000000000000e+00
6.488369999999558786e+02,0.000000000000000000e+00
6.489369999999560150e+02,0.000000000000000000e+00
6.490369999999559241e+02,0.000000000000000000e+00
6.491369999999558331e+02,0.000000000000000000e+00
6.492369999999559695e+02,0.000000000000000000e+00
6.493369999999558786e+02,0.000000000000000000e+00
6.494369999999560150e+02,0.000000000000000000e+00
6.495369999999559241e+02,0.000000000000000000e+00
6.496369999999558331e+02,0.000000000000000000e+00
6.497369999999559695e+02,0.000000000000000000e+00
6.498369999999558786e+02,0.000000000000000000e+00
6.499369999999557876e+02,0.000000000000000000e+00
6.500369999999559241e+02,0.000000000000000000e+00
6.501369999999558331e+02,0.000000000000000000e+00
6.502369999999559695e+02,0.000000000000000000e+00
6.503369999999558786e+02,0.000000000000000000e+00
6.504369999999557876e+02,0.000000000000000000e+00
6.505369999999559241e+02,0.000000000000000000e+00
6.506369999999558331e+02,0.000000000000000000e+00
6.507369999999557422e+02,0.000000000000000000e+00
6.508369999999558786e+02,0.000000000000000000e+00
6.509369999999557876e+02,0.000000000000000000e+00
6.510369999999559241e+02,0.000000000000000000e+00
6.511369999999558331e+02,0.000000000000000000e+00
6.512369999999557422e+02,0.000000000000000000e+00
6.513369999999558786e+02,0.000000000000000000e+00
6.514369999999557876e+02,0.000000000000000000e+00
6.515369999999556967e+02,0.000000000000000000e+00
6.516369999999558331e+02,0.000000000000000000e+00
6.517369999999557422e+02,0.000000000000000000e+00
6.518369999999558786e+02,0.000000000000000000e+00
6.519369999999557876e+02,0.000000000000000000e+00
6.520369999999556967e+02,0.000000000000000000e+00
6.521369999999558331e+02,0.000000000000000000e+00
6.522369999999557422e+02,0.000000000000000000e+00
6.523369999999556512e+02,0.000000000000000000e+00
6.524369999999557876e+02,0.000000000000000000e+00
6.525369999999556967e+02,0.000000000000000000e+00
6.526369999999558331e+02,0.000000000000000000e+00
6.527369999999557422e+02,0.000000000000000000e+00
6.528369999999556512e+02,0.000000000000000000e+00
6.529369999999557876e+02,0.000000000000000000e+00
6.530369999999556967e+02,0.000000000000000000e+00
6.531369999999556057e+02,0.000000000000000000e+00
6.532369999999557422e+02,0.000000000000000000e+00
6.533369999999556512e+02,0.000000000000000000e+00
6.534369999999557876e+02,0.000000000000000000e+00
6.535369999999556967e+02,0.000000000000000000e+00
6.536369999999556057e+02,0.000000000000000000e+00
6.537369999999557422e+02,0.000000000000000000e+00
6.538369999999556512e+02,0.000000000000000000e+00
6.539369999999555603e+02,0.000000000000000000e+00
6.540369999999556967e+02,0.000000000000000000e+00
6.541369999999556057e+02,0.000000000000000000e+00
6.542369999999557422e+02,0.000000000000000000e+00
6.543369999999556512e+02,0.000000000000000000e+00
6.544369999999555603e+02,0.000000000000000000e+00
6.545369999999556967e+02,0.000000000000000000e+00
6.546369999999556057e+02,0.000000000000000000e+00
6.547369999999555148e+02,0.000000000000000000e+00
6.548369999999556512e+02,0.000000000000000000e+00
6.549369999999555603e+02,0.000000000000000000e+00
6.550369999999556967e+02,0.000000000000000000e+00
6.551369999999556057e+02,0.000000000000000000e+00
6.552369999999555148e+02,0.000000000000000000e+00
6.553369999999556512e+02,0.000000000000000000e+00
6.554369999999555603e+02,0.000000000000000000e+00
6.555369999999554693e+02,0.000000000000000000e+00
6.556369999999556057e+02,0.000000000000000000e+00
6.557369999999555148e+02,0.000000000000000000e+00
6.558369999999556512e+02,0.000000000000000000e+00
6.559369999999555603e+02,0.000000000000000000e+00
6.560369999999554693e+02,0.000000000000000000e+00
6.561369999999556057e+02,0.000000000000000000e+00
6.562369999999555148e+02,0.000000000000000000e+00
6.563369999999554238e+02,0.000000000000000000e+00
6.564369999999555603e+02,0.000000000000000000e+00
6.565369999999554693e+02,0.000000000000000000e+00
6.566369999999556057e+02,0.000000000000000000e+00
6.567369999999555148e+02,0.000000000000000000e+00
6.568369999999554238e+02,0.000000000000000000e+00
6.569369999999555603e+02,0.000000000000000000e+00
6.570369999999554693e+02,0.000000000000000000e+00
6.571369999999553784e+02,0.000000000000000000e+00
6.572369999999555148e+02,0.000000000000000000e+00
6.573369999999554238e+02,0.000000000000000000e+00
6.574369999999555603e+02,0.000000000000000000e+00
6.575369999999554693e+02,0.000000000000000000e+00
6.576369999999553784e+02,0.000000000000000000e+00
6.577369999999555148e+02,0.000000000000000000e+00
6.578369999999554238e+02,0.000000000000000000e+00
6.579369999999553329e+02,0.000000000000000000e+00
6.580369999999554693e+02,0.000000000000000000e+00
6.581369999999553784e+02,0.000000000000000000e+00
6.582369999999555148e+02,0.000000000000000000e+00
6.583369999999554238e+02,0.000000000000000000e+00
6.584369999999553329e+02,0.000000000000000000e+00
6.585369999999554693e+02,0.000000000000000000e+00
6.586369999999553784e+02,0.000000000000000000e+00
6.587369999999552874e+02,0.000000000000000000e+00
6.588369999999554238e+02,0.000000000000000000e+00
6.589369999999553329e+02,0.000000000000000000e+00
6.590369999999554693e+02,0.000000000000000000e+00
6.591369999999553784e+02,0.000000000000000000e+00
6.592369999999552874e+02,0.000000000000000000e+00
6.593369999999554238e+02,0.000000000000000000e+00
6.594369999999553329e+02,0.000000000000000000e+00
6.595369999999552419e+02,0.000000000000000000e+00
6.596369999999553784e+02,0.000000000000000000e+00
6.597369999999552874e+02,0.000000000000000000e+00
6.598369999999554238e+02,0.000000000000000000e+00
6.599369999999553329e+02,0.000000000000000000e+00
6.600369999999552419e+02,0.000000000000000000e+00
6.601369999999553784e+02,0.000000000000000000e+00
6.602369999999552874e+02,0.000000000000000000e+00
6.603369999999551965e+02,0.000000000000000000e+00
6.604369999999553329e+02,0.000000000000000000e+00
6.605369999999552419e+02,0.000000000000000000e+00
6.606369999999553784e+02,0.000000000000000000e+00
6.607369999999552874e+02,0.000000000000000000e+00
6.608369999999551965e+02,0.000000000000000000e+00
6.609369999999553329e+02,0.000000000000000000e+00
6.610369999999552419e+02,0.000000000000000000e+00
6.611369999999551510e+02,0.000000000000000000e+00
6.612369999999552874e+02,0.000000000000000000e+00
6.613369999999551965e+02,0.000000000000000000e+00
6.614369999999553329e+02,0.000000000000000000e+00
6.615369999999552419e+02,0.000000000000000000e+00
6.616369999999551510e+02,0.000000000000000000e+00
6.617369999999552874e+02,0.000000000000000000e+00
6.618369999999551965e+02,0.000000000000000000e+00
6.619369999999551055e+02,0.000000000000000000e+00
6.620369999999552419e+02,0.000000000000000000e+00
6.621369999999551510e+02,0.000000000000000000e+00
6.622369999999552874e+02,0.000000000000000000e+00
6.623369999999551965e+02,0.000000000000000000e+00
6.624369999999551055e+02,0.000000000000000000e+00
6.625369999999552419e+02,0.000000000000000000e+00
6.626369999999551510e+02,0.000000000000000000e+00
6.627369999999550600e+02,0.000000000000000000e+00
6.628369999999551965e+02,0.000000000000000000e+00
6.629369999999551055e+02,0.000000000000000000e+00
6.630369999999552419e+02,0.000000000000000000e+00
6.631369999999551510e+02,0.000000000000000000e+00
6.632369999999550600e+02,0.000000000000000000e+00
6.633369999999551965e+02,0.000000000000000000e+00
6.634369999999551055e+02,0.000000000000000000e+00
6.635369999999550146e+02,0.000000000000000000e+00
6.636369999999551510e+02,0.000000000000000000e+00
6.637369999999550600e+02,0.000000000000000000e+00
6.638369999999551965e+02,0.000000000000000000e+00
6.639369999999551055e+02,0.000000000000000000e+00
6.640369999999550146e+02,0.000000000000000000e+00
6.641369999999551510e+02,0.000000000000000000e+00
6.642369999999550600e+02,0.000000000000000000e+00
6.643369999999549691e+02,0.000000000000000000e+00
6.644369999999551055e+02,0.000000000000000000e+00
6.645369999999550146e+02,0.000000000000000000e+00
6.646369999999551510e+02,0.000000000000000000e+00
6.647369999999550600e+02,0.000000000000000000e+00
6.648369999999549691e+02,0.000000000000000000e+00
6.649369999999551055e+02,0.000000000000000000e+00
6.650369999999550146e+02,0.000000000000000000e+00
6.651369999999549236e+02,0.000000000000000000e+00
6.652369999999550600e+02,0.000000000000000000e+00
6.653369999999549691e+02,0.000000000000000000e+00
6.654369999999551055e+02,0.000000000000000000e+00
6.655369999999550146e+02,0.000000000000000000e+00
6.656369999999549236e+02,0.000000000000000000e+00
6.657369999999550600e+02,0.000000000000000000e+00
6.658369999999549691e+02,0.000000000000000000e+00
6.659369999999548781e+02,0.000000000000000000e+00
6.660369999999550146e+02,0.000000000000000000e+00
6.661369999999549236e+02,0.000000000000000000e+00
6.662369999999550600e+02,0.000000000000000000e+00
6.663369999999549691e+02,0.000000000000000000e+00
6.664369999999548781e+02,0.000000000000000000e+00
6.665369999999550146e+02,0.000000000000000000e+00
6.666369999999549236e+02,0.000000000000000000e+00
6.667369999999548327e+02,0.000000000000000000e+00
6.668369999999549691e+02,0.000000000000000000e+00
6.669369999999548781e+02,0.000000000000000000e+00
6.670369999999550146e+02,0.000000000000000000e+00
6.671369999999549236e+02,0.000000000000000000e+00
6.672369999999548327e+02,0.000000000000000000e+00
6.673369999999549691e+02,0.000000000000000000e+00
6.674369999999548781e+02,0.000000000000000000e+00
6.675369999999547872e+02,0.000000000000000000e+00
6.676369999999549236e+02,0.000000000000000000e+00
6.677369999999548327e+02,0.000000000000000000e+00
6.678369999999549691e+02,0.000000000000000000e+00
6.679369999999548781e+02,0.000000000000000000e+00
6.680369999999547872e+02,0.000000000000000000e+00
6.681369999999549236e+02,0.000000000000000000e+00
6.682369999999548327e+02,0.000000000000000000e+00
6.683369999999547417e+02,0.000000000000000000e+00
6.684369999999548781e+02,0.000000000000000000e+00
6.685369999999547872e+02,0.000000000000000000e+00
6.686369999999549236e+02,0.000000000000000000e+00
6.687369999999548327e+02,0.000000000000000000e+00
6.688369999999547417e+02,0.000000000000000000e+00
6.689369999999548781e+02,0.000000000000000000e+00
6.690369999999547872e+02,0.000000000000000000e+00
6.691369999999546962e+02,0.000000000000000000e+00
6.692369999999548327e+02,0.000000000000000000e+00
6.693369999999547417e+02,0.000000000000000000e+00
6.694369999999548781e+02,0.000000000000000000e+00
6.695369999999547872e+02,0.000000000000000000e+00
6.696369999999546962e+02,0.000000000000000000e+00
6.697369999999548327e+02,0.000000000000000000e+00
6.698369999999547417e+02,0.000000000000000000e+00
6.699369999999546508e+02,0.000000000000000000e+00
6.700369999999547872e+02,0.000000000000000000e+00
6.701369999999546962e+02,0.000000000000000000e+00
6.702369999999548327e+02,0.000000000000000000e+00
6.703369999999547417e+02,0.000000000000000000e+00
6.704369999999546508e+02,0.000000000000000000e+00
6.705369999999547872e+02,0.000000000000000000e+00
6.706369999999546962e+02,0.000000000000000000e+00
6.707369999999546053e+02,0.000000000000000000e+00
6.708369999999547417e+02,0.000000000000000000e+00
6.709369999999546508e+02,0.000000000000000000e+00
6.710369999999547872e+02,0.000000000000000000e+00
6.711369999999546962e+02,0.000000000000000000e+00
6.712369999999546053e+02,0.000000000000000000e+00
6.713369999999547417e+02,0.000000000000000000e+00
6.714369999999546508e+02,0.000000000000000000e+00
6.715369999999545598e+02,0.000000000000000000e+00
6.716369999999546962e+02,0.000000000000000000e+00
6.717369999999546053e+02,0.000000000000000000e+00
6.718369999999547417e+02,0.000000000000000000e+00
6.719369999999546508e+02,0.000000000000000000e+00
6.720369999999545598e+02,0.000000000000000000e+00
6.721369999999546962e+02,0.000000000000000000e+00
6.722369999999546053e+02,0.000000000000000000e+00
6.723369999999545144e+02,0.000000000000000000e+00
6.724369999999546508e+02,0.000000000000000000e+00
6.725369999999545598e+02,0.000000000000000000e+00
6.726369999999546962e+02,0.000000000000000000e+00
6.727369999999546053e+02,0.000000000000000000e+00
6.728369999999545144e+02,0.000000000000000000e+00
6.729369999999546508e+02,0.000000000000000000e+00
6.730369999999545598e+02,0.000000000000000000e+00
6.731369999999544689e+02,0.000000000000000000e+00
6.732369999999546053e+02,0.000000000000000000e+00
6.733369999999545144e+02,0.000000000000000000e+00
6.734369999999546508e+02,0.000000000000000000e+00
6.735369999999545598e+02,0.000000000000000000e+00
6.736369999999544689e+02,0.000000000000000000e+00
6.737369999999546053e+02,0.000000000000000000e+00
6.738369999999545144e+02,0.000000000000000000e+00
6.739369999999544234e+02,0.000000000000000000e+00
6.740369999999545598e+02,0.000000000000000000e+00
6.741369999999544689e+02,0.000000000000000000e+00
6.742369999999546053e+02,0.000000000000000000e+00
6.743369999999545144e+02,0.000000000000000000e+00
6.744369999999544234e+02,0.000000000000000000e+00
6.745369999999545598e+02,0.000000000000000000e+00
6.746369999999544689e+02,0.000000000000000000e+00
6.747369999999543779e+02,0.000000000000000000e+00
6.748369999999545144e+02,0.000000000000000000e+00
6.749369999999544234e+02,0.000000000000000000e+00
6.750369999999545598e+02,0.000000000000000000e+00
6.751369999999544689e+02,0.000000000000000000e+00
6.752369999999543779e+02,0.000000000000000000e+00
6.753369999999545144e+02,0.000000000000000000e+00
6.754369999999544234e+02,0.000000000000000000e+00
6.755369999999543325e+02,0.000000000000000000e+00
6.756369999999544689e+02,0.000000000000000000e+00
6.757369999999543779e+02,0.000000000000000000e+00
6.758369999999545144e+02,0.000000000000000000e+00
6.759369999999544234e+02,0.000000000000000000e+00
6.760369999999543325e+02,0.000000000000000000e+00
6.761369999999544689e+02,0.000000000000000000e+00
6.762369999999543779e+02,0.000000000000000000e+00
6.763369999999542870e+02,0.000000000000000000e+00
6.764369999999544234e+02,0.000000000000000000e+00
6.765369999999543325e+02,0.000000000000000000e+00
6.766369999999544689e+02,0.000000000000000000e+00
6.767369999999543779e+02,0.000000000000000000e+00
6.768369999999542870e+02,0.000000000000000000e+00
6.769369999999544234e+02,0.000000000000000000e+00
6.770369999999543325e+02,0.000000000000000000e+00
6.771369999999542415e+02,0.000000000000000000e+00
6.772369999999543779e+02,0.000000000000000000e+00
6.773369999999542870e+02,0.000000000000000000e+00
6.774369999999544234e+02,0.000000000000000000e+00
6.775369999999543325e+02,0.000000000000000000e+00
6.776369999999542415e+02,0.000000000000000000e+00
6.777369999999543779e+02,0.000000000000000000e+00
6.778369999999542870e+02,0.000000000000000000e+00
6.779369999999541960e+02,0.000000000000000000e+00
6.780369999999543325e+02,0.000000000000000000e+00
6.781369999999542415e+02,0.000000000000000000e+00
6.782369999999543779e+02,0.000000000000000000e+00
6.783369999999542870e+02,0.000000000000000000e+00
6.784369999999541960e+02,0.000000000000000000e+00
6.785369999999543325e+02,0.000000000000000000e+00
6.786369999999542415e+02,0.000000000000000000e+00
6.787369999999541506e+02,0.000000000000000000e+00
6.788369999999542870e+02,0.000000000000000000e+00
6.789369999999541960e+02,0.000000000000000000e+00
6.790369999999543325e+02,0.000000000000000000e+00
6.791369999999542415e+02,0.000000000000000000e+00
6.792369999999541506e+02,0.000000000000000000e+00
6.793369999999542870e+02,0.000000000000000000e+00
6.794369999999541960e+02,0.000000000000000000e+00
6.795369999999541051e+02,0.000000000000000000e+00
6.796369999999542415e+02,0.000000000000000000e+00
6.797369999999541506e+02,0.000000000000000000e+00
6.798369999999542870e+02,0.000000000000000000e+00
6.799369999999541960e+02,0.000000000000000000e+00
6.800369999999541051e+02,0.000000000000000000e+00
6.801369999999542415e+02,0.000000000000000000e+00
6.802369999999541506e+02,0.000000000000000000e+00
6.803369999999540596e+02,0.000000000000000000e+00
6.804369999999541960e+02,0.000000000000000000e+00
6.805369999999541051e+02,0.000000000000000000e+00
6.806369999999542415e+02,0.000000000000000000e+00
6.807369999999541506e+02,0.000000000000000000e+00
6.808369999999540596e+02,0.000000000000000000e+00
6.809369999999541960e+02,0.000000000000000000e+00
6.810369999999541051e+02,0.000000000000000000e+00
6.811369999999540141e+02,0.000000000000000000e+00
6.812369999999541506e+02,0.000000000000000000e+00
6.813369999999540596e+02,0.000000000000000000e+00
6.814369999999541960e+02,0.000000000000000000e+00
6.815369999999541051e+02,0.000000000000000000e+00
6.816369999999540141e+02,0.000000000000000000e+00
6.817369999999541506e+02,0.000000000000000000e+00
6.818369999999540596e+02,0.000000000000000000e+00
6.819369999999539687e+02,0.000000000000000000e+00
6.820369999999541051e+02,0.000000000000000000e+00
6.821369999999540141e+02,0.000000000000000000e+00
6.822369999999541506e+02,0.000000000000000000e+00
6.823369999999540596e+02,0.000000000000000000e+00
6.824369999999539687e+02,0.000000000000000000e+00
6.825369999999541051e+02,0.000000000000000000e+00
6.826369999999540141e+02,0.000000000000000000e+00
6.827369999999539232e+02,0.000000000000000000e+00
6.828369999999540596e+02,0.000000000000000000e+00
6.829369999999539687e+02,0.000000000000000000e+00
6.830369999999541051e+02,0.000000000000000000e+00
6.831369999999540141e+02,0.000000000000000000e+00
6.832369999999539232e+02,0.000000000000000000e+00
6.833369999999540596e+02,0.000000000000000000e+00
6.834369999999539687e+02,0.000000000000000000e+00
6.835369999999538777e+02,0.000000000000000000e+00
6.836369999999540141e+02,0.000000000000000000e+00
6.837369999999539232e+02,0.000000000000000000e+00
6.838369999999540596e+02,0.000000000000000000e+00
6.839369999999539687e+02,0.000000000000000000e+00
6.840369999999538777e+02,0.000000000000000000e+00
6.841369999999540141e+02,0.000000000000000000e+00
6.842369999999539232e+02,0.000000000000000000e+00
6.843369999999538322e+02,0.000000000000000000e+00
6.844369999999539687e+02,0.000000000000000000e+00
6.845369999999538777e+02,0.000000000000000000e+00
6.846369999999540141e+02,0.000000000000000000e+00
6.847369999999539232e+02,0.000000000000000000e+00
6.848369999999538322e+02,0.000000000000000000e+00
6.849369999999539687e+02,0.000000000000000000e+00
6.850369999999538777e+02,0.000000000000000000e+00
6.851369999999537868e+02,0.000000000000000000e+00
6.852369999999539232e+02,0.000000000000000000e+00
6.853369999999538322e+02,0.000000000000000000e+00
6.854369999999539687e+02,0.000000000000000000e+00
6.855369999999538777e+02,0.000000000000000000e+00
6.856369999999537868e+02,0.000000000000000000e+00
6.857369999999539232e+02,0.000000000000000000e+00
6.858369999999538322e+02,0.000000000000000000e+00
6.859369999999537413e+02,0.000000000000000000e+00
6.860369999999538777e+02,0.000000000000000000e+00
6.861369999999537868e+02,0.000000000000000000e+00
6.862369999999539232e+02,0.000000000000000000e+00
6.863369999999538322e+02,0.000000000000000000e+00
6.864369999999537413e+02,0.000000000000000000e+00
6.865369999999538777e+02,0.000000000000000000e+00
6.866369999999537868e+02,0.000000000000000000e+00
6.867369999999536958e+02,0.000000000000000000e+00
6.868369999999538322e+02,0.000000000000000000e+00
6.869369999999537413e+02,0.000000000000000000e+00
6.870369999999538777e+02,0.000000000000000000e+00
6.871369999999537868e+02,0.000000000000000000e+00
6.872369999999536958e+02,0.000000000000000000e+00
6.873369999999538322e+02,0.000000000000000000e+00
6.874369999999537413e+02,0.000000000000000000e+00
6.875369999999536503e+02,0.000000000000000000e+00
6.876369999999537868e+02,0.000000000000000000e+00
6.877369999999536958e+02,0.000000000000000000e+00
6.878369999999538322e+02,0.000000000000000000e+00
6.879369999999537413e+02,0.000000000000000000e+00
6.880369999999536503e+02,0.000000000000000000e+00
6.881369999999537868e+02,0.000000000000000000e+00
6.882369999999536958e+02,0.000000000000000000e+00
6.883369999999536049e+02,0.000000000000000000e+00
6.884369999999537413e+02,0.000000000000000000e+00
6.885369999999536503e+02,0.000000000000000000e+00
6.886369999999537868e+02,0.000000000000000000e+00
6.887369999999536958e+02,0.000000000000000000e+00
6.888369999999536049e+02,0.000000000000000000e+00
6.889369999999537413e+02,0.000000000000000000e+00
6.890369999999536503e+02,0.000000000000000000e+00
6.891369999999535594e+02,0.000000000000000000e+00
6.892369999999536958e+02,0.000000000000000000e+00
6.893369999999536049e+02,0.000000000000000000e+00
6.894369999999537413e+02,0.000000000000000000e+00
6.895369999999536503e+02,0.000000000000000000e+00
6.896369999999535594e+02,0.000000000000000000e+00
6.897369999999536958e+02,0.000000000000000000e+00
6.898369999999536049e+02,0.000000000000000000e+00
6.899369999999535139e+02,0.000000000000000000e+00
6.900369999999536503e+02,0.000000000000000000e+00
6.901369999999535594e+02,0.000000000000000000e+00
6.902369999999536958e+02,0.000000000000000000e+00
6.903369999999536049e+02,0.000000000000000000e+00
6.904369999999535139e+02,0.000000000000000000e+00
6.905369999999536503e+02,0.000000000000000000e+00
6.906369999999535594e+02,0.000000000000000000e+00
6.907369999999534684e+02,0.000000000000000000e+00
6.908369999999536049e+02,0.000000000000000000e+00
6.909369999999535139e+02,0.000000000000000000e+00
6.910369999999536503e+02,0.000000000000000000e+00
6.911369999999535594e+02,0.000000000000000000e+00
6.912369999999534684e+02,0.000000000000000000e+00
6.913369999999536049e+02,0.000000000000000000e+00
6.914369999999535139e+02,0.000000000000000000e+00
6.915369999999534230e+02,0.000000000000000000e+00
6.916369999999535594e+02,0.000000000000000000e+00
6.917369999999534684e+02,0.000000000000000000e+00
6.918369999999536049e+02,0.000000000000000000e+00
6.919369999999535139e+02,0.000000000000000000e+00
6.920369999999534230e+02,0.000000000000000000e+00
6.921369999999535594e+02,0.000000000000000000e+00
6.922369999999534684e+02,0.000000000000000000e+00
6.923369999999533775e+02,0.000000000000000000e+00
6.924369999999535139e+02,0.000000000000000000e+00
6.925369999999534230e+02,0.000000000000000000e+00
6.926369999999535594e+02,0.000000000000000000e+00
6.927369999999534684e+02,0.000000000000000000e+00
6.928369999999533775e+02,0.000000000000000000e+00
6.929369999999535139e+02,0.000000000000000000e+00
6.930369999999534230e+02,0.000000000000000000e+00
6.931369999999533320e+02,0.000000000000000000e+00
6.932369999999534684e+02,0.000000000000000000e+00
6.933369999999533775e+02,0.000000000000000000e+00
6.934369999999535139e+02,0.000000000000000000e+00
6.935369999999534230e+02,0.000000000000000000e+00
6.936369999999533320e+02,0.000000000000000000e+00
6.937369999999534684e+02,0.000000000000000000e+00
6.938369999999533775e+02,0.000000000000000000e+00
6.939369999999532865e+02,0.000000000000000000e+00
6.940369999999534230e+02,0.000000000000000000e+00
6.941369999999533320e+02,0.000000000000000000e+00
6.942369999999534684e+02,0.000000000000000000e+00
6.943369999999533775e+02,0.000000000000000000e+00
6.944369999999532865e+02,0.000000000000000000e+00
6.945369999999534230e+02,0.000000000000000000e+00
6.946369999999533320e+02,0.000000000000000000e+00
6.947369999999532411e+02,0.000000000000000000e+00
6.948369999999533775e+02,0.000000000000000000e+00
6.949369999999532865e+02,0.000000000000000000e+00
6.950369999999534230e+02,0.000000000000000000e+00
6.951369999999533320e+02,0.000000000000000000e+00
6.952369999999532411e+02,0.000000000000000000e+00
6.953369999999533775e+02,0.000000000000000000e+00
6.954369999999532865e+02,0.000000000000000000e+00
6.955369999999531956e+02,0.000000000000000000e+00
6.956369999999533320e+02,0.000000000000000000e+00
6.957369999999532411e+02,0.000000000000000000e+00
6.958369999999533775e+02,0.000000000000000000e+00
6.959369999999532865e+02,0.000000000000000000e+00
6.960369999999531956e+02,0.000000000000000000e+00
6.961369999999533320e+02,0.000000000000000000e+00
6.962369999999532411e+02,0.000000000000000000e+00
6.963369999999531501e+02,0.000000000000000000e+00
6.964369999999532865e+02,0.000000000000000000e+00
6.965369999999531956e+02,0.000000000000000000e+00
6.966369999999533320e+02,0.000000000000000000e+00
6.967369999999532411e+02,0.000000000000000000e+00
6.968369999999531501e+02,0.000000000000000000e+00
6.969369999999532865e+02,0.000000000000000000e+00
6.970369999999531956e+02,0.000000000000000000e+00
6.971369999999531046e+02,0.000000000000000000e+00
6.972369999999532411e+02,0.000000000000000000e+00
6.973369999999531501e+02,0.000000000000000000e+00
6.974369999999532865e+02,0.000000000000000000e+00
6.975369999999531956e+02,0.000000000000000000e+00
6.976369999999531046e+02,0.000000000000000000e+00
6.977369999999532411e+02,0.000000000000000000e+00
6.978369999999531501e+02,0.000000000000000000e+00
6.979369999999530592e+02,0.000000000000000000e+00
6.980369999999531956e+02,0.000000000000000000e+00
6.981369999999531046e+02,0.000000000000000000e+00
6.982369999999532411e+02,0.000000000000000000e+00
6.983369999999531501e+02,0.000000000000000000e+00
6.984369999999530592e+02,0.000000000000000000e+00
6.985369999999531956e+02,0.000000000000000000e+00
6.986369999999531046e+02,0.000000000000000000e+00
6.987369999999530137e+02,0.000000000000000000e+00
6.988369999999531501e+02,0.000000000000000000e+00
6.989369999999530592e+02,0.000000000000000000e+00
6.990369999999531956e+02,0.000000000000000000e+00
6.991369999999531046e+02,0.000000000000000000e+00
6.992369999999530137e+02,0.000000000000000000e+00
6.993369999999531501e+02,0.000000000000000000e+00
6.994369999999530592e+02,0.000000000000000000e+00
6.995369999999529682e+02,0.000000000000000000e+00
6.996369999999531046e+02,0.000000000000000000e+00
6.997369999999530137e+02,0.000000000000000000e+00
6.998369999999531501e+02,0.000000000000000000e+00
6.999369999999530592e+02,0.000000000000000000e+00
7.000369999999529682e+02,0.000000000000000000e+00
7.001369999999531046e+02,0.000000000000000000e+00
7.002369999999530137e+02,0.000000000000000000e+00
7.003369999999529227e+02,0.000000000000000000e+00
7.004369999999530592e+02,0.000000000000000000e+00
7.005369999999529682e+02,0.000000000000000000e+00
7.006369999999531046e+02,0.000000000000000000e+00
7.007369999999530137e+02,0.000000000000000000e+00
7.008369999999529227e+02,0.000000000000000000e+00
7.009369999999530592e+02,0.000000000000000000e+00
7.010369999999529682e+02,0.000000000000000000e+00
7.011369999999528773e+02,0.000000000000000000e+00
7.012369999999530137e+02,0.000000000000000000e+00
7.013369999999529227e+02,0.000000000000000000e+00
7.014369999999530592e+02,0.000000000000000000e+00
7.015369999999529682e+02,0.000000000000000000e+00
7.016369999999528773e+02,0.000000000000000000e+00
7.017369999999530137e+02,0.000000000000000000e+00
7.018369999999529227e+02,0.000000000000000000e+00
7.019369999999528318e+02,0.000000000000000000e+00
7.020369999999529682e+02,0.000000000000000000e+00
7.021369999999528773e+02,0.000000000000000000e+00
7.022369999999530137e+02,0.000000000000000000e+00
7.023369999999529227e+02,0.000000000000000000e+00
7.024369999999528318e+02,0.000000000000000000e+00
7.025369999999529682e+02,0.000000000000000000e+00
7.026369999999528773e+02,0.000000000000000000e+00
7.027369999999527863e+02,0.000000000000000000e+00
7.028369999999529227e+02,0.000000000000000000e+00
7.029369999999528318e+02,0.000000000000000000e+00
7.030369999999529682e+02,0.000000000000000000e+00
7.031369999999528773e+02,0.000000000000000000e+00
7.032369999999527863e+02,0.000000000000000000e+00
7.033369999999529227e+02,0.000000000000000000e+00
7.034369999999528318e+02,0.000000000000000000e+00
7.035369999999527408e+02,0.000000000000000000e+00
7.036369999999528773e+02,0.000000000000000000e+00
7.037369999999527863e+02,0.000000000000000000e+00
7.038369999999529227e+02,0.000000000000000000e+00
7.039369999999528318e+02,0.000000000000000000e+00
7.040369999999527408e+02,0.000000000000000000e+00
7.041369999999528773e+02,0.000000000000000000e+00
7.042369999999527863e+02,0.000000000000000000e+00
7.043369999999526954e+02,0.000000000000000000e+00
7.044369999999528318e+02,0.000000000000000000e+00
7.045369999999527408e+02,0.000000000000000000e+00
7.046369999999528773e+02,0.000000000000000000e+00
7.047369999999527863e+02,0.000000000000000000e+00
7.048369999999526954e+02,0.000000000000000000e+00
7.049369999999528318e+02,0.000000000000000000e+00
7.050369999999527408e+02,0.000000000000000000e+00
7.051369999999526499e+02,0.000000000000000000e+00
7.052369999999527863e+02,0.000000000000000000e+00
7.053369999999526954e+02,0.000000000000000000e+00
7.054369999999528318e+02,0.000000000000000000e+00
7.055369999999527408e+02,0.000000000000000000e+00
7.056369999999526499e+02,0.000000000000000000e+00
7.057369999999527863e+02,0.000000000000000000e+00
7.058369999999526954e+02,0.000000000000000000e+00
7.059369999999526044e+02,0.000000000000000000e+00
7.060369999999527408e+02,0.000000000000000000e+00
7.061369999999526499e+02,0.000000000000000000e+00
7.062369999999527863e+02,0.000000000000000000e+00
7.063369999999526954e+02,0.000000000000000000e+00
7.064369999999526044e+02,0.000000000000000000e+00
7.065369999999527408e+02,0.000000000000000000e+00
7.066369999999526499e+02,0.000000000000000000e+00
7.067369999999525589e+02,0.000000000000000000e+00
7.068369999999526954e+02,0.000000000000000000e+00
7.069369999999526044e+02,0.000000000000000000e+00
7.070369999999527408e+02,0.000000000000000000e+00
7.071369999999526499e+02,0.000000000000000000e+00
7.072369999999525589e+02,0.000000000000000000e+00
7.073369999999526954e+02,0.000000000000000000e+00
7.074369999999526044e+02,0.000000000000000000e+00
7.075369999999525135e+02,0.000000000000000000e+00
7.076369999999526499e+02,0.000000000000000000e+00
7.077369999999525589e+02,0.000000000000000000e+00
7.078369999999526954e+02,0.000000000000000000e+00
7.079369999999526044e+02,0.000000000000000000e+00
7.080369999999525135e+02,0.000000000000000000e+00
7.081369999999526499e+02,0.000000000000000000e+00
7.082369999999525589e+02,0.000000000000000000e+00
7.083369999999524680e+02,0.000000000000000000e+00
7.084369999999526044e+02,0.000000000000000000e+00
7.085369999999525135e+02,0.000000000000000000e+00
7.086369999999526499e+02,0.000000000000000000e+00
7.087369999999525589e+02,0.000000000000000000e+00
7.088369999999524680e+02,0.000000000000000000e+00
7.089369999999526044e+02,0.000000000000000000e+00
7.090369999999525135e+02,0.000000000000000000e+00
7.091369999999524225e+02,0.000000000000000000e+00
7.092369999999525589e+02,0.000000000000000000e+00
7.093369999999524680e+02,0.000000000000000000e+00
7.094369999999526044e+02,0.000000000000000000e+00
7.095369999999525135e+02,0.000000000000000000e+00
7.096369999999524225e+02,0.000000000000000000e+00
7.097369999999525589e+02,0.000000000000000000e+00
7.098369999999524680e+02,0.000000000000000000e+00
7.099369999999523770e+02,0.000000000000000000e+00
7.100369999999525135e+02,0.000000000000000000e+00
7.101369999999524225e+02,0.000000000000000000e+00
7.102369999999525589e+02,0.000000000000000000e+00
7.103369999999524680e+02,0.000000000000000000e+00
7.104369999999523770e+02,0.000000000000000000e+00
7.105369999999525135e+02,0.000000000000000000e+00
7.106369999999524225e+02,0.000000000000000000e+00
7.107369999999523316e+02,0.000000000000000000e+00
7.108369999999524680e+02,0.000000000000000000e+00
7.109369999999523770e+02,0.000000000000000000e+00
7.110369999999525135e+02,0.000000000000000000e+00
7.111369999999524225e+02,0.000000000000000000e+00
7.112369999999523316e+02,0.000000000000000000e+00
7.113369999999524680e+02,0.000000000000000000e+00
7.114369999999523770e+02,0.000000000000000000e+00
7.115369999999522861e+02,0.000000000000000000e+00
7.116369999999524225e+02,0.000000000000000000e+00
7.117369999999523316e+02,0.000000000000000000e+00
7.118369999999524680e+02,0.000000000000000000e+00
7.119369999999523770e+02,0.000000000000000000e+00
7.120369999999522861e+02,0.000000000000000000e+00
7.121369999999524225e+02,0.000000000000000000e+00
7.122369999999523316e+02,0.000000000000000000e+00
7.123369999999522406e+02,0.000000000000000000e+00
7.124369999999523770e+02,0.000000000000000000e+00
7.125369999999522861e+02,0.000000000000000000e+00
7.126369999999524225e+02,0.000000000000000000e+00
7.127369999999523316e+02,0.000000000000000000e+00
7.128369999999522406e+02,0.000000000000000000e+00
7.129369999999523770e+02,0.000000000000000000e+00
7.130369999999522861e+02,0.000000000000000000e+00
7.131369999999521951e+02,0.000000000000000000e+00
7.132369999999523316e+02,0.000000000000000000e+00
7.133369999999522406e+02,0.000000000000000000e+00
7.134369999999523770e+02,0.000000000000000000e+00
7.135369999999522861e+02,0.000000000000000000e+00
7.136369999999521951e+02,0.000000000000000000e+00
7.137369999999523316e+02,0.000000000000000000e+00
7.138369999999522406e+02,0.000000000000000000e+00
7.139369999999521497e+02,0.000000000000000000e+00
7.140369999999522861e+02,0.000000000000000000e+00
7.141369999999521951e+02,0.000000000000000000e+00
7.142369999999523316e+02,0.000000000000000000e+00
7.143369999999522406e+02,0.000000000000000000e+00
7.144369999999521497e+02,0.000000000000000000e+00
7.145369999999522861e+02,0.000000000000000000e+00
7.146369999999521951e+02,0.000000000000000000e+00
7.147369999999521042e+02,0.000000000000000000e+00
7.148369999999522406e+02,0.000000000000000000e+00
7.149369999999521497e+02,0.000000000000000000e+00
7.150369999999522861e+02,0.000000000000000000e+00
7.151369999999521951e+02,0.000000000000000000e+00
7.152369999999521042e+02,0.000000000000000000e+00
7.153369999999522406e+02,0.000000000000000000e+00
7.154369999999521497e+02,0.000000000000000000e+00
7.155369999999520587e+02,0.000000000000000000e+00
7.156369999999521951e+02,0.000000000000000000e+00
7.157369999999521042e+02,0.000000000000000000e+00
7.158369999999522406e+02,0.000000000000000000e+00
7.159369999999521497e+02,0.000000000000000000e+00
7.160369999999520587e+02,0.000000000000000000e+00
7.161369999999521951e+02,0.000000000000000000e+00
7.162369999999521042e+02,0.000000000000000000e+00
7.163369999999520132e+02,0.000000000000000000e+00
7.164369999999521497e+02,0.000000000000000000e+00
7.165369999999520587e+02,0.000000000000000000e+00
7.166369999999521951e+02,0.000000000000000000e+00
7.167369999999521042e+02,0.000000000000000000e+00
7.168369999999520132e+02,0.000000000000000000e+00
7.169369999999521497e+02,0.000000000000000000e+00
7.170369999999520587e+02,0.000000000000000000e+00
7.171369999999519678e+02,0.000000000000000000e+00
7.172369999999521042e+02,0.000000000000000000e+00
7.173369999999520132e+02,0.000000000000000000e+00
7.174369999999521497e+02,0.000000000000000000e+00
7.175369999999520587e+02,0.000000000000000000e+00
7.176369999999519678e+02,0.000000000000000000e+00
7.177369999999521042e+02,0.000000000000000000e+00
7.178369999999520132e+02,0.000000000000000000e+00
7.179369999999519223e+02,0.000000000000000000e+00
7.180369999999520587e+02,0.000000000000000000e+00
7.181369999999519678e+02,0.000000000000000000e+00
7.182369999999521042e+02,0.000000000000000000e+00
7.183369999999520132e+02,0.000000000000000000e+00
7.184369999999519223e+02,0.000000000000000000e+00
7.185369999999520587e+02,0.000000000000000000e+00
7.186369999999519678e+02,0.000000000000000000e+00
7.187369999999518768e+02,0.000000000000000000e+00
7.188369999999520132e+02,0.000000000000000000e+00
7.189369999999519223e+02,0.000000000000000000e+00
7.190369999999520587e+02,0.000000000000000000e+00
7.191369999999519678e+02,0.000000000000000000e+00
7.192369999999518768e+02,0.000000000000000000e+00
7.193369999999520132e+02,0.000000000000000000e+00
7.194369999999519223e+02,0.000000000000000000e+00
7.195369999999518313e+02,0.000000000000000000e+00
7.196369999999519678e+02,0.000000000000000000e+00
7.197369999999518768e+02,0.000000000000000000e+00
7.198369999999520132e+02,0.000000000000000000e+00
7.199369999999519223e+02,0.000000000000000000e+00
7.200369999999518313e+02,0.000000000000000000e+00
7.201369999999519678e+02,0.000000000000000000e+00
7.202369999999518768e+02,0.000000000000000000e+00
7.203369999999517859e+02,0.000000000000000000e+00
7.204369999999519223e+02,0.000000000000000000e+00
7.205369999999518313e+02,0.000000000000000000e+00
7.206369999999519678e+02,0.000000000000000000e+00
7.207369999999518768e+02,0.000000000000000000e+00
7.208369999999517859e+02,0.000000000000000000e+00
7.209369999999519223e+02,0.000000000000000000e+00
7.210369999999518313e+02,0.000000000000000000e+00
7.211369999999517404e+02,0.000000000000000000e+00
7.212369999999518768e+02,0.000000000000000000e+00
7.213369999999517859e+02,0.000000000000000000e+00
7.214369999999519223e+02,0.000000000000000000e+00
7.215369999999518313e+02,0.000000000000000000e+00
7.216369999999517404e+02,0.000000000000000000e+00
7.217369999999518768e+02,0.000000000000000000e+00
7.218369999999517859e+02,0.000000000000000000e+00
7.219369999999516949e+02,0.000000000000000000e+00
7.220369999999518313e+02,0.000000000000000000e+00
7.221369999999517404e+02,0.000000000000000000e+00
7.222369999999518768e+02,0.000000000000000000e+00
7.223369999999517859e+02,0.000000000000000000e+00
7.224369999999516949e+02,0.000000000000000000e+00
7.225369999999518313e+02,0.000000000000000000e+00
7.226369999999517404e+02,0.000000000000000000e+00
7.227369999999516494e+02,0.000000000000000000e+00
7.228369999999517859e+02,0.000000000000000000e+00
7.229369999999516949e+02,0.000000000000000000e+00
7.230369999999518313e+02,0.000000000000000000e+00
7.231369999999517404e+02,0.000000000000000000e+00
7.232369999999516494e+02,0.000000000000000000e+00
7.233369999999517859e+02,0.000000000000000000e+00
7.234369999999516949e+02,0.000000000000000000e+00
7.235369999999516040e+02,0.000000000000000000e+00
7.236369999999517404e+02,0.000000000000000000e+00
7.237369999999516494e+02,0.000000000000000000e+00
7.238369999999517859e+02,0.000000000000000000e+00
7.239369999999516949e+02,0.000000000000000000e+00
7.240369999999516040e+02,0.000000000000000000e+00
7.241369999999517404e+02,0.000000000000000000e+00
7.242369999999516494e+02,0.000000000000000000e+00
7.243369999999515585e+02,0.000000000000000000e+00
7.244369999999516949e+02,0.000000000000000000e+00
7.245369999999516040e+02,0.000000000000000000e+00
7.246369999999517404e+02,0.000000000000000000e+00
7.247369999999516494e+02,0.000000000000000000e+00
7.248369999999515585e+02,0.000000000000000000e+00
7.249369999999516949e+02,0.000000000000000000e+00
7.250369999999516040e+02,0.000000000000000000e+00
7.251369999999515130e+02,0.000000000000000000e+00
7.252369999999516494e+02,0.000000000000000000e+00
7.253369999999515585e+02,0.000000000000000000e+00
7.254369999999516949e+02,0.000000000000000000e+00
7.255369999999516040e+02,0.000000000000000000e+00
7.256369999999515130e+02,0.000000000000000000e+00
7.257369999999516494e+02,0.000000000000000000e+00
7.258369999999515585e+02,0.000000000000000000e+00
7.259369999999514675e+02,0.000000000000000000e+00
7.260369999999516040e+02,0.000000000000000000e+00
7.261369999999515130e+02,0.000000000000000000e+00
7.262369999999516494e+02,0.000000000000000000e+00
7.263369999999515585e+02,0.000000000000000000e+00
7.264369999999514675e+02,0.000000000000000000e+00
7.265369999999516040e+02,0.000000000000000000e+00
7.266369999999515130e+02,0.000000000000000000e+00
7.267369999999514221e+02,0.000000000000000000e+00
7.268369999999515585e+02,0.000000000000000000e+00
7.269369999999514675e+02,0.000000000000000000e+00
7.270369999999516040e+02,0.000000000000000000e+00
7.271369999999515130e+02,0.000000000000000000e+00
7.272369999999514221e+02,0.000000000000000000e+00
7.273369999999515585e+02,0.000000000000000000e+00
7.274369999999514675e+02,0.000000000000000000e+00
7.275369999999513766e+02,0.000000000000000000e+00
7.276369999999515130e+02,0.000000000000000000e+00
7.277369999999514221e+02,0.000000000000000000e+00
7.278369999999515585e+02,0.000000000000000000e+00
7.279369999999514675e+02,0.000000000000000000e+00
7.280369999999513766e+02,0.000000000000000000e+00
7.281369999999515130e+02,0.000000000000000000e+00
7.282369999999514221e+02,0.000000000000000000e+00
7.283369999999513311e+02,0.000000000000000000e+00
7.284369999999514675e+02,0.000000000000000000e+00
7.285369999999513766e+02,0.000000000000000000e+00
7.286369999999515130e+02,0.000000000000000000e+00
7.287369999999514221e+02,0.000000000000000000e+00
7.288369999999513311e+02,0.000000000000000000e+00
7.289369999999514675e+02,0.000000000000000000e+00
7.290369999999513766e+02,0.000000000000000000e+00
7.291369999999512856e+02,0.000000000000000000e+00
7.292369999999514221e+02,0.000000000000000000e+00
7.293369999999513311e+02,0.000000000000000000e+00
7.294369999999514675e+02,0.000000000000000000e+00
7.295369999999513766e+02,0.000000000000000000e+00
7.296369999999512856e+02,0.000000000000000000e+00
7.297369999999514221e+02,0.000000000000000000e+00
7.298369999999513311e+02,0.000000000000000000e+00
7.299369999999512402e+02,0.000000000000000000e+00
7.300369999999513766e+02,0.000000000000000000e+00
7.301369999999512856e+02,0.000000000000000000e+00
7.302369999999514221e+02,0.000000000000000000e+00
7.303369999999513311e+02,0.000000000000000000e+00
7.304369999999512402e+02,0.000000000000000000e+00
7.305369999999513766e+02,0.000000000000000000e+00
7.306369999999512856e+02,0.000000000000000000e+00
7.307369999999511947e+02,0.000000000000000000e+00
7.308369999999513311e+02,0.000000000000000000e+00
7.309369999999512402e+02,0.000000000000000000e+00
7.310369999999513766e+02,0.000000000000000000e+00
7.311369999999512856e+02,0.000000000000000000e+00
7.312369999999511947e+02,0.000000000000000000e+00
7.313369999999513311e+02,0.000000000000000000e+00
7.314369999999512402e+02,0.000000000000000000e+00
7.315369999999511492e+02,0.000000000000000000e+00
7.316369999999512856e+02,0.000000000000000000e+00
7.317369999999511947e+02,0.000000000000000000e+00
7.318369999999513311e+02,0.000000000000000000e+00
7.319369999999512402e+02,0.000000000000000000e+00
7.320369999999511492e+02,0.000000000000000000e+00
7.321369999999512856e+02,0.000000000000000000e+00
7.322369999999511947e+02,0.000000000000000000e+00
7.323369999999511037e+02,0.000000000000000000e+00
7.324369999999512402e+02,0.000000000000000000e+00
7.325369999999511492e+02,0.000000000000000000e+00
7.326369999999512856e+02,0.000000000000000000e+00
7.327369999999511947e+02,0.000000000000000000e+00
7.328369999999511037e+02,0.000000000000000000e+00
7.329369999999512402e+02,0.000000000000000000e+00
7.330369999999511492e+02,0.000000000000000000e+00
7.331369999999510583e+02,0.000000000000000000e+00
7.332369999999511947e+02,0.000000000000000000e+00
7.333369999999511037e+02,0.000000000000000000e+00
7.334369999999512402e+02,0.000000000000000000e+00
7.335369999999511492e+02,0.000000000000000000e+00
7.336369999999510583e+02,0.000000000000000000e+00
7.337369999999511947e+02,0.000000000000000000e+00
7.338369999999511037e+02,0.000000000000000000e+00
7.339369999999510128e+02,0.000000000000000000e+00
7.340369999999511492e+02,0.000000000000000000e+00
7.341369999999510583e+02,0.000000000000000000e+00
7.342369999999511947e+02,0.000000000000000000e+00
7.343369999999511037e+02,0.000000000000000000e+00
7.344369999999510128e+02,0.000000000000000000e+00
7.345369999999511492e+02,0.000000000000000000e+00
7.346369999999510583e+02,0.000000000000000000e+00
7.347369999999509673e+02,0.000000000000000000e+00
7.348369999999511037e+02,0.000000000000000000e+00
7.349369999999510128e+02,0.000000000000000000e+00
7.350369999999511492e+02,0.000000000000000000e+00
7.351369999999510583e+02,0.000000000000000000e+00
7.352369999999509673e+02,0.000000000000000000e+00
7.353369999999511037e+02,0.000000000000000000e+00
7.354369999999510128e+02,0.000000000000000000e+00
7.355369999999509218e+02,0.000000000000000000e+00
7.356369999999510583e+02,0.000000000000000000e+00
7.357369999999509673e+02,0.000000000000000000e+00
7.358369999999511037e+02,0.000000000000000000e+00
7.359369999999510128e+02,0.000000000000000000e+00
7.360369999999509218e+02,0.000000000000000000e+00
7.361369999999510583e+02,0.000000000000000000e+00
7.362369999999509673e+02,0.000000000000000000e+00
7.363369999999508764e+02,0.000000000000000000e+00
7.364369999999510128e+02,0.000000000000000000e+00
7.365369999999509218e+02,0.000000000000000000e+00
7.366369999999510583e+02,0.000000000000000000e+00
7.367369999999509673e+02,0.000000000000000000e+00
7.368369999999508764e+02,0.000000000000000000e+00
7.369369999999510128e+02,0.000000000000000000e+00
7.370369999999509218e+02,0.000000000000000000e+00
7.371369999999508309e+02,0.000000000000000000e+00
7.372369999999509673e+02,0.000000000000000000e+00
7.373369999999508764e+02,0.000000000000000000e+00
7.374369999999510128e+02,0.000000000000000000e+00
7.375369999999509218e+02,0.000000000000000000e+00
7.376369999999508309e+02,0.000000000000000000e+00
7.377369999999509673e+02,0.000000000000000000e+00
7.378369999999508764e+02,0.000000000000000000e+00
7.379369999999507854e+02,0.000000000000000000e+00
7.380369999999509218e+02,0.000000000000000000e+00
7.381369999999508309e+02,0.000000000000000000e+00
7.382369999999509673e+02,0.000000000000000000e+00
7.383369999999508764e+02,0.000000000000000000e+00
7.384369999999507854e+02,0.000000000000000000e+00
7.385369999999509218e+02,0.000000000000000000e+00
7.386369999999508309e+02,0.000000000000000000e+00
7.387369999999507399e+02,0.000000000000000000e+00
7.388369999999508764e+02,0.000000000000000000e+00
7.389369999999507854e+02,0.000000000000000000e+00
7.390369999999509218e+02,0.000000000000000000e+00
7.391369999999508309e+02,0.000000000000000000e+00
7.392369999999507399e+02,0.000000000000000000e+00
7.393369999999508764e+02,0.000000000000000000e+00
7.394369999999507854e+02,0.000000000000000000e+00
7.395369999999506945e+02,0.000000000000000000e+00
7.396369999999508309e+02,0.000000000000000000e+00
7.397369999999507399e+02,0.000000000000000000e+00
7.398369999999508764e+02,0.000000000000000000e+00
7.399369999999507854e+02,0.000000000000000000e+00
7.400369999999506945e+02,0.000000000000000000e+00
7.401369999999508309e+02,0.000000000000000000e+00
7.402369999999507399e+02,0.000000000000000000e+00
7.403369999999506490e+02,0.000000000000000000e+00
7.404369999999507854e+02,0.000000000000000000e+00
7.405369999999506945e+02,0.000000000000000000e+00
7.406369999999508309e+02,0.000000000000000000e+00
7.407369999999507399e+02,0.000000000000000000e+00
7.408369999999506490e+02,0.000000000000000000e+00
7.409369999999507854e+02,0.000000000000000000e+00
7.410369999999506945e+02,0.000000000000000000e+00
7.411369999999506035e+02,0.000000000000000000e+00
7.412369999999507399e+02,0.000000000000000000e+00
7.413369999999506490e+02,0.000000000000000000e+00
7.414369999999507854e+02,0.000000000000000000e+00
7.415369999999506945e+02,0.000000000000000000e+00
7.416369999999506035e+02,0.000000000000000000e+00
7.417369999999507399e+02,0.000000000000000000e+00
7.418369999999506490e+02,0.000000000000000000e+00
7.419369999999505580e+02,0.000000000000000000e+00
7.420369999999506945e+02,0.000000000000000000e+00
7.421369999999506035e+02,0.000000000000000000e+00
7.422369999999507399e+02,0.000000000000000000e+00
7.423369999999506490e+02,0.000000000000000000e+00
7.424369999999505580e+02,0.000000000000000000e+00
7.425369999999506945e+02,0.000000000000000000e+00
7.426369999999506035e+02,0.000000000000000000e+00
7.427369999999505126e+02,0.000000000000000000e+00
7.428369999999506490e+02,0.000000000000000000e+00
7.429369999999505580e+02,0.000000000000000000e+00
7.430369999999506945e+02,0.000000000000000000e+00
7.431369999999506035e+02,0.000000000000000000e+00
7.432369999999505126e+02,0.000000000000000000e+00
7.433369999999506490e+02,0.000000000000000000e+00
7.434369999999505580e+02,0.000000000000000000e+00
7.435369999999504671e+02,0.000000000000000000e+00
7.436369999999506035e+02,0.000000000000000000e+00
7.437369999999505126e+02,0.000000000000000000e+00
7.438369999999506490e+02,0.000000000000000000e+00
7.439369999999505580e+02,0.000000000000000000e+00
7.440369999999504671e+02,0.000000000000000000e+00
7.441369999999506035e+02,0.000000000000000000e+00
7.442369999999505126e+02,0.000000000000000000e+00
7.443369999999504216e+02,0.000000000000000000e+00
7.444369999999505580e+02,0.000000000000000000e+00
7.445369999999504671e+02,0.000000000000000000e+00
7.446369999999506035e+02,0.000000000000000000e+00
7.447369999999505126e+02,0.000000000000000000e+00
7.448369999999504216e+02,0.000000000000000000e+00
7.449369999999505580e+02,0.000000000000000000e+00
7.450369999999504671e+02,0.000000000000000000e+00
7.451369999999503762e+02,0.000000000000000000e+00
7.452369999999505126e+02,0.000000000000000000e+00
7.453369999999504216e+02,0.000000000000000000e+00
7.454369999999505580e+02,0.000000000000000000e+00
7.455369999999504671e+02,0.000000000000000000e+00
7.456369999999503762e+02,0.000000000000000000e+00
7.457369999999505126e+02,0.000000000000000000e+00
7.458369999999504216e+02,0.000000000000000000e+00
7.459369999999503307e+02,0.000000000000000000e+00
7.460369999999504671e+02,0.000000000000000000e+00
7.461369999999503762e+02,0.000000000000000000e+00
7.462369999999505126e+02,0.000000000000000000e+00
7.463369999999504216e+02,0.000000000000000000e+00
7.464369999999503307e+02,0.000000000000000000e+00
7.465369999999504671e+02,0.000000000000000000e+00
7.466369999999503762e+02,0.000000000000000000e+00
7.467369999999502852e+02,0.000000000000000000e+00
7.468369999999504216e+02,0.000000000000000000e+00
7.469369999999503307e+02,0.000000000000000000e+00
7.470369999999504671e+02,0.000000000000000000e+00
7.471369999999503762e+02,0.000000000000000000e+00
7.472369999999502852e+02,0.000000000000000000e+00
7.473369999999504216e+02,0.000000000000000000e+00
7.474369999999503307e+02,0.000000000000000000e+00
7.475369999999502397e+02,0.000000000000000000e+00
7.476369999999503762e+02,0.000000000000000000e+00
7.477369999999502852e+02,0.000000000000000000e+00
7.478369999999504216e+02,0.000000000000000000e+00
7.479369999999503307e+02,0.000000000000000000e+00
7.480369999999502397e+02,0.000000000000000000e+00
7.481369999999503762e+02,0.000000000000000000e+00
7.482369999999502852e+02,0.000000000000000000e+00
7.483369999999501943e+02,0.000000000000000000e+00
7.484369999999503307e+02,0.000000000000000000e+00
7.485369999999502397e+02,0.000000000000000000e+00
7.486369999999503762e+02,0.000000000000000000e+00
7.487369999999502852e+02,0.000000000000000000e+00
7.488369999999501943e+02,0.000000000000000000e+00
7.489369999999503307e+02,0.000000000000000000e+00
7.490369999999502397e+02,0.000000000000000000e+00
7.491369999999501488e+02,0.000000000000000000e+00
7.492369999999502852e+02,0.000000000000000000e+00
7.493369999999501943e+02,0.000000000000000000e+00
7.494369999999503307e+02,0.000000000000000000e+00
7.495369999999502397e+02,0.000000000000000000e+00
7.496369999999501488e+02,0.000000000000000000e+00
7.497369999999502852e+02,0.000000000000000000e+00
7.498369999999501943e+02,0.000000000000000000e+00
7.499369999999501033e+02,0.000000000000000000e+00
7.500369999999502397e+02,0.000000000000000000e+00
7.501369999999501488e+02,0.000000000000000000e+00
7.502369999999502852e+02,0.000000000000000000e+00
7.503369999999501943e+02,0.000000000000000000e+00
7.504369999999501033e+02,0.000000000000000000e+00
7.505369999999502397e+02,0.000000000000000000e+00
7.506369999999501488e+02,0.000000000000000000e+00
7.507369999999500578e+02,0.000000000000000000e+00
7.508369999999501943e+02,0.000000000000000000e+00
7.509369999999501033e+02,0.000000000000000000e+00
7.510369999999502397e+02,0.000000000000000000e+00
7.511369999999501488e+02,0.000000000000000000e+00
7.512369999999500578e+02,0.000000000000000000e+00
7.513369999999501943e+02,0.000000000000000000e+00
7.514369999999501033e+02,0.000000000000000000e+00
7.515369999999500124e+02,0.000000000000000000e+00
7.516369999999501488e+02,0.000000000000000000e+00
7.517369999999500578e+02,0.000000000000000000e+00
7.518369999999501943e+02,0.000000000000000000e+00
7.519369999999501033e+02,0.000000000000000000e+00
7.520369999999500124e+02,0.000000000000000000e+00
7.521369999999501488e+02,0.000000000000000000e+00
7.522369999999500578e+02,0.000000000000000000e+00
7.523369999999499669e+02,0.000000000000000000e+00
7.524369999999501033e+02,0.000000000000000000e+00
7.525369999999500124e+02,0.000000000000000000e+00
7.526369999999501488e+02,0.000000000000000000e+00
7.527369999999500578e+02,0.000000000000000000e+00
7.528369999999499669e+02,0.000000000000000000e+00
7.529369999999501033e+02,0.000000000000000000e+00
7.530369999999500124e+02,0.000000000000000000e+00
7.531369999999499214e+02,0.000000000000000000e+00
7.532369999999500578e+02,0.000000000000000000e+00
7.533369999999499669e+02,0.000000000000000000e+00
7.534369999999501033e+02,0.000000000000000000e+00
7.535369999999500124e+02,0.000000000000000000e+00
7.536369999999499214e+02,0.000000000000000000e+00
7.537369999999500578e+02,0.000000000000000000e+00
7.538369999999499669e+02,0.000000000000000000e+00
7.539369999999498759e+02,0.000000000000000000e+00
7.540369999999500124e+02,0.000000000000000000e+00
7.541369999999499214e+02,0.000000000000000000e+00
7.542369999999500578e+02,0.000000000000000000e+00
7.543369999999499669e+02,0.000000000000000000e+00
7.544369999999498759e+02,0.000000000000000000e+00
7.545369999999500124e+02,0.000000000000000000e+00
7.546369999999499214e+02,0.000000000000000000e+00
7.547369999999498305e+02,0.000000000000000000e+00
7.548369999999499669e+02,0.000000000000000000e+00
7.549369999999498759e+02,0.000000000000000000e+00
7.550369999999500124e+02,0.000000000000000000e+00
7.551369999999499214e+02,0.000000000000000000e+00
7.552369999999498305e+02,0.000000000000000000e+00
7.553369999999499669e+02,0.000000000000000000e+00
7.554369999999498759e+02,0.000000000000000000e+00
7.555369999999497850e+02,0.000000000000000000e+00
7.556369999999499214e+02,0.000000000000000000e+00
7.557369999999498305e+02,0.000000000000000000e+00
7.558369999999499669e+02,0.000000000000000000e+00
7.559369999999498759e+02,0.000000000000000000e+00
7.560369999999497850e+02,0.000000000000000000e+00
7.561369999999499214e+02,0.000000000000000000e+00
7.562369999999498305e+02,0.000000000000000000e+00
7.563369999999497395e+02,0.000000000000000000e+00
7.564369999999498759e+02,0.000000000000000000e+00
7.565369999999497850e+02,0.000000000000000000e+00
7.566369999999499214e+02,0.000000000000000000e+00
7.567369999999498305e+02,0.000000000000000000e+00
7.568369999999497395e+02,0.000000000000000000e+00
7.569369999999498759e+02,0.000000000000000000e+00
7.570369999999497850e+02,0.000000000000000000e+00
7.571369999999496940e+02,0.000000000000000000e+00
7.572369999999498305e+02,0.000000000000000000e+00
7.573369999999497395e+02,0.000000000000000000e+00
7.574369999999498759e+02,0.000000000000000000e+00
7.575369999999497850e+02,0.000000000000000000e+00
7.576369999999496940e+02,0.000000000000000000e+00
7.577369999999498305e+02,0.000000000000000000e+00
7.578369999999497395e+02,0.000000000000000000e+00
7.579369999999496486e+02,0.000000000000000000e+00
7.580369999999497850e+02,0.000000000000000000e+00
7.581369999999496940e+02,0.000000000000000000e+00
7.582369999999498305e+02,0.000000000000000000e+00
7.583369999999497395e+02,0.000000000000000000e+00
7.584369999999496486e+02,0.000000000000000000e+00
7.585369999999497850e+02,0.000000000000000000e+00
7.586369999999496940e+02,0.000000000000000000e+00
7.587369999999496031e+02,0.000000000000000000e+00
7.588369999999497395e+02,0.000000000000000000e+00
7.589369999999496486e+02,0.000000000000000000e+00
7.590369999999497850e+02,0.000000000000000000e+00
7.591369999999496940e+02,0.000000000000000000e+00
7.592369999999496031e+02,0.000000000000000000e+00
7.593369999999497395e+02,0.000000000000000000e+00
7.594369999999496486e+02,0.000000000000000000e+00
7.595369999999495576e+02,0.000000000000000000e+00
7.596369999999496940e+02,0.000000000000000000e+00
7.597369999999496031e+02,0.000000000000000000e+00
7.598369999999497395e+02,0.000000000000000000e+00
7.599369999999496486e+02,0.000000000000000000e+00
7.600369999999495576e+02,0.000000000000000000e+00
7.601369999999496940e+02,0.000000000000000000e+00
7.602369999999496031e+02,0.000000000000000000e+00
7.603369999999495121e+02,0.000000000000000000e+00
7.604369999999496486e+02,0.000000000000000000e+00
7.605369999999495576e+02,0.000000000000000000e+00
7.606369999999496940e+02,0.000000000000000000e+00
7.607369999999496031e+02,0.000000000000000000e+00
7.608369999999495121e+02,0.000000000000000000e+00
7.609369999999496486e+02,0.000000000000000000e+00
7.610369999999495576e+02,0.000000000000000000e+00
7.611369999999494667e+02,0.000000000000000000e+00
7.612369999999496031e+02,0.000000000000000000e+00
7.613369999999495121e+02,0.000000000000000000e+00
7.614369999999496486e+02,0.000000000000000000e+00
7.615369999999495576e+02,0.000000000000000000e+00
7.616369999999494667e+02,0.000000000000000000e+00
7.617369999999496031e+02,0.000000000000000000e+00
7.618369999999495121e+02,0.000000000000000000e+00
7.619369999999494212e+02,0.000000000000000000e+00
7.620369999999495576e+02,0.000000000000000000e+00
7.621369999999494667e+02,0.000000000000000000e+00
7.622369999999496031e+02,0.000000000000000000e+00
7.623369999999495121e+02,0.000000000000000000e+00
7.624369999999494212e+02,0.000000000000000000e+00
7.625369999999495576e+02,0.000000000000000000e+00
7.626369999999494667e+02,0.000000000000000000e+00
7.627369999999493757e+02,0.000000000000000000e+00
7.628369999999495121e+02,0.000000000000000000e+00
7.629369999999494212e+02,0.000000000000000000e+00
7.630369999999495576e+02,0.000000000000000000e+00
7.631369999999494667e+02,0.000000000000000000e+00
7.632369999999493757e+02,0.000000000000000000e+00
7.633369999999495121e+02,0.000000000000000000e+00
7.634369999999494212e+02,0.000000000000000000e+00
7.635369999999493302e+02,0.000000000000000000e+00
7.636369999999494667e+02,0.000000000000000000e+00
7.637369999999493757e+02,0.000000000000000000e+00
7.638369999999495121e+02,0.000000000000000000e+00
7.639369999999494212e+02,0.000000000000000000e+00
7.640369999999493302e+02,0.000000000000000000e+00
7.641369999999494667e+02,0.000000000000000000e+00
7.642369999999493757e+02,0.000000000000000000e+00
7.643369999999492848e+02,0.000000000000000000e+00
7.644369999999494212e+02,0.000000000000000000e+00
7.645369999999493302e+02,0.000000000000000000e+00
7.646369999999494667e+02,0.000000000000000000e+00
7.647369999999493757e+02,0.000000000000000000e+00
7.648369999999492848e+02,0.000000000000000000e+00
7.649369999999494212e+02,0.000000000000000000e+00
7.650369999999493302e+02,0.000000000000000000e+00
7.651369999999492393e+02,0.000000000000000000e+00
7.652369999999493757e+02,0.000000000000000000e+00
7.653369999999492848e+02,0.000000000000000000e+00
7.654369999999494212e+02,0.000000000000000000e+00
7.655369999999493302e+02,0.000000000000000000e+00
7.656369999999492393e+02,0.000000000000000000e+00
7.657369999999493757e+02,0.000000000000000000e+00
7.658369999999492848e+02,0.000000000000000000e+00
7.659369999999491938e+02,0.000000000000000000e+00
7.660369999999493302e+02,0.000000000000000000e+00
7.661369999999492393e+02,0.000000000000000000e+00
7.662369999999493757e+02,0.000000000000000000e+00
7.663369999999492848e+02,0.000000000000000000e+00
7.664369999999491938e+02,0.000000000000000000e+00
7.665369999999493302e+02,0.000000000000000000e+00
7.666369999999492393e+02,0.000000000000000000e+00
7.667369999999491483e+02,0.000000000000000000e+00
7.668369999999492848e+02,0.000000000000000000e+00
7.669369999999491938e+02,0.000000000000000000e+00
7.670369999999493302e+02,0.000000000000000000e+00
7.671369999999492393e+02,0.000000000000000000e+00
7.672369999999491483e+02,0.000000000000000000e+00
7.673369999999492848e+02,0.000000000000000000e+00
7.674369999999491938e+02,0.000000000000000000e+00
7.675369999999491029e+02,0.000000000000000000e+00
7.676369999999492393e+02,0.000000000000000000e+00
7.677369999999491483e+02,0.000000000000000000e+00
7.678369999999492848e+02,0.000000000000000000e+00
7.679369999999491938e+02,0.000000000000000000e+00
7.680369999999491029e+02,0.000000000000000000e+00
7.681369999999492393e+02,0.000000000000000000e+00
7.682369999999491483e+02,0.000000000000000000e+00
7.683369999999490574e+02,0.000000000000000000e+00
7.684369999999491938e+02,0.000000000000000000e+00
7.685369999999491029e+02,0.000000000000000000e+00
7.686369999999492393e+02,0.000000000000000000e+00
7.687369999999491483e+02,0.000000000000000000e+00
7.688369999999490574e+02,0.000000000000000000e+00
7.689369999999491938e+02,0.000000000000000000e+00
7.690369999999491029e+02,0.000000000000000000e+00
7.691369999999490119e+02,0.000000000000000000e+00
7.692369999999491483e+02,0.000000000000000000e+00
7.693369999999490574e+02,0.000000000000000000e+00
7.694369999999491938e+02,0.000000000000000000e+00
7.695369999999491029e+02,0.000000000000000000e+00
7.696369999999490119e+02,0.000000000000000000e+00
7.697369999999491483e+02,0.000000000000000000e+00
7.698369999999490574e+02,0.000000000000000000e+00
7.699369999999489664e+02,0.000000000000000000e+00
7.700369999999491029e+02,0.000000000000000000e+00
7.701369999999490119e+02,0.000000000000000000e+00
7.702369999999491483e+02,0.000000000000000000e+00
7.703369999999490574e+02,0.000000000000000000e+00
7.704369999999489664e+02,0.000000000000000000e+00
7.705369999999491029e+02,0.000000000000000000e+00
7.706369999999490119e+02,0.000000000000000000e+00
7.707369999999489210e+02,0.000000000000000000e+00
7.708369999999490574e+02,0.000000000000000000e+00
7.709369999999489664e+02,0.000000000000000000e+00
7.710369999999491029e+02,0.000000000000000000e+00
7.711369999999490119e+02,1.795815749305754681e-03
7.712369999999489210e+02,2.693723623955569801e-03
7.713369999999490574e+02,1.795815749303713129e-03
7.714369999999489664e+02,8.979078746528773407e-04
7.715369999999488755e+02,8.979078746518565643e-04
7.716369999999490119e+02,8.979078746518565643e-04
7.717369999999489210e+02,8.979078746518565643e-04
7.718369999999490574e+02,0.000000000000000000e+00
7.719369999999489664e+02,0.000000000000000000e+00
7.720369999999488755e+02,0.000000000000000000e+00
7.721369999999490119e+02,8.979078746518565643e-04
7.722369999999489210e+02,0.000000000000000000e+00
7.723369999999488300e+02,0.000000000000000000e+00
7.724369999999489664e+02,0.000000000000000000e+00
7.725369999999488755e+02,0.000000000000000000e+00
7.726369999999490119e+02,0.000000000000000000e+00
7.727369999999489210e+02,0.000000000000000000e+00
7.728369999999488300e+02,0.000000000000000000e+00
7.729369999999489664e+02,0.000000000000000000e+00
7.730369999999488755e+02,0.000000000000000000e+00
7.731369999999487845e+02,0.000000000000000000e+00
7.732369999999489210e+02,0.000000000000000000e+00
7.733369999999488300e+02,0.000000000000000000e+00
7.734369999999489664e+02,0.000000000000000000e+00
7.735369999999488755e+02,0.000000000000000000e+00
7.736369999999487845e+02,0.000000000000000000e+00
7.737369999999489210e+02,0.000000000000000000e+00
7.738369999999488300e+02,0.000000000000000000e+00
7.739369999999487391e+02,0.000000000000000000e+00
7.740369999999488755e+02,0.000000000000000000e+00
7.741369999999487845e+02,0.000000000000000000e+00
7.742369999999489210e+02,0.000000000000000000e+00
7.743369999999488300e+02,0.000000000000000000e+00
7.744369999999487391e+02,0.000000000000000000e+00
7.745369999999488755e+02,0.000000000000000000e+00
7.746369999999487845e+02,0.000000000000000000e+00
7.747369999999486936e+02,0.000000000000000000e+00
7.748369999999488300e+02,0.000000000000000000e+00
7.749369999999487391e+02,0.000000000000000000e+00
7.750369999999488755e+02,0.000000000000000000e+00
7.751369999999487845e+02,0.000000000000000000e+00
7.752369999999486936e+02,0.000000000000000000e+00
7.753369999999488300e+02,0.000000000000000000e+00
7.754369999999487391e+02,0.000000000000000000e+00
7.755369999999486481e+02,0.000000000000000000e+00
7.756369999999487845e+02,0.000000000000000000e+00
7.757369999999486936e+02,0.000000000000000000e+00
7.758369999999488300e+02,0.000000000000000000e+00
7.759369999999487391e+02,0.000000000000000000e+00
7.760369999999486481e+02,0.000000000000000000e+00
7.761369999999487845e+02,0.000000000000000000e+00
7.762369999999486936e+02,0.000000000000000000e+00
7.763369999999486026e+02,0.000000000000000000e+00
7.764369999999487391e+02,0.000000000000000000e+00
7.765369999999486481e+02,0.000000000000000000e+00
7.766369999999487845e+02,0.000000000000000000e+00
7.767369999999486936e+02,0.000000000000000000e+00
7.768369999999486026e+02,0.000000000000000000e+00
7.769369999999487391e+02,0.000000000000000000e+00
7.770369999999486481e+02,0.000000000000000000e+00
7.771369999999485572e+02,0.000000000000000000e+00
7.772369999999486936e+02,0.000000000000000000e+00
7.773369999999486026e+02,0.000000000000000000e+00
7.774369999999487391e+02,0.000000000000000000e+00
7.775369999999486481e+02,0.000000000000000000e+00
7.776369999999485572e+02,0.000000000000000000e+00
7.777369999999486936e+02,0.000000000000000000e+00
7.778369999999486026e+02,0.000000000000000000e+00
7.779369999999485117e+02,0.000000000000000000e+00
7.780369999999486481e+02,0.000000000000000000e+00
7.781369999999485572e+02,0.000000000000000000e+00
7.782369999999486936e+02,0.000000000000000000e+00
7.783369999999486026e+02,0.000000000000000000e+00
7.784369999999485117e+02,0.000000000000000000e+00
7.785369999999486481e+02,0.000000000000000000e+00
7.786369999999485572e+02,0.000000000000000000e+00
7.787369999999484662e+02,0.000000000000000000e+00
7.788369999999486026e+02,0.000000000000000000e+00
7.789369999999485117e+02,0.000000000000000000e+00
7.790369999999486481e+02,0.000000000000000000e+00
7.791369999999485572e+02,0.000000000000000000e+00
7.792369999999484662e+02,0.000000000000000000e+00
7.793369999999486026e+02,0.000000000000000000e+00
7.794369999999485117e+02,0.000000000000000000e+00
7.795369999999484207e+02,0.000000000000000000e+00
7.796369999999485572e+02,0.000000000000000000e+00
7.797369999999484662e+02,0.000000000000000000e+00
7.798369999999486026e+02,0.000000000000000000e+00
7.799369999999485117e+02,0.000000000000000000e+00
7.800369999999484207e+02,0.000000000000000000e+00
7.801369999999485572e+02,0.000000000000000000e+00
7.802369999999484662e+02,0.000000000000000000e+00
7.803369999999483753e+02,0.000000000000000000e+00
7.804369999999485117e+02,0.000000000000000000e+00
7.805369999999484207e+02,0.000000000000000000e+00
7.806369999999485572e+02,0.000000000000000000e+00
7.807369999999484662e+02,0.000000000000000000e+00
7.808369999999483753e+02,0.000000000000000000e+00
7.809369999999485117e+02,0.000000000000000000e+00
7.810369999999484207e+02,0.000000000000000000e+00
7.811369999999483298e+02,0.000000000000000000e+00
7.812369999999484662e+02,0.000000000000000000e+00
7.813369999999483753e+02,0.000000000000000000e+00
7.814369999999485117e+02,0.000000000000000000e+00
7.815369999999484207e+02,0.000000000000000000e+00
7.816369999999483298e+02,0.000000000000000000e+00
7.817369999999484662e+02,0.000000000000000000e+00
7.818369999999483753e+02,0.000000000000000000e+00
7.819369999999482843e+02,8.979078746518565643e-04
7.820369999999484207e+02,1.795815749303713129e-03
7.821369999999483298e+02,0.000000000000000000e+00
7.822369999999484662e+02,0.000000000000000000e+00
7.823369999999483753e+02,0.000000000000000000e+00
7.824369999999482843e+02,0.000000000000000000e+00
7.825369999999484207e+02,0.000000000000000000e+00
7.826369999999483298e+02,0.000000000000000000e+00
7.827369999999482388e+02,0.000000000000000000e+00
7.828369999999483753e+02,0.000000000000000000e+00
7.829369999999482843e+02,0.000000000000000000e+00
7.830369999999484207e+02,0.000000000000000000e+00
7.831369999999483298e+02,0.000000000000000000e+00
7.832369999999482388e+02,0.000000000000000000e+00
7.833369999999483753e+02,0.000000000000000000e+00
7.834369999999482843e+02,0.000000000000000000e+00
7.835369999999481934e+02,0.000000000000000000e+00
7.836369999999483298e+02,0.000000000000000000e+00
7.837369999999482388e+02,0.000000000000000000e+00
7.838369999999483753e+02,0.000000000000000000e+00
7.839369999999482843e+02,0.000000000000000000e+00
7.840369999999481934e+02,0.000000000000000000e+00
7.841369999999483298e+02,0.000000000000000000e+00
7.842369999999482388e+02,0.000000000000000000e+00
7.843369999999481479e+02,0.000000000000000000e+00
7.844369999999482843e+02,0.000000000000000000e+00
7.845369999999481934e+02,0.000000000000000000e+00
7.846369999999483298e+02,0.000000000000000000e+00
7.847369999999482388e+02,0.000000000000000000e+00
7.848369999999481479e+02,0.000000000000000000e+00
7.849369999999482843e+02,0.000000000000000000e+00
7.850369999999481934e+02,0.000000000000000000e+00
7.851369999999481024e+02,0.000000000000000000e+00
7.852369999999482388e+02,0.000000000000000000e+00
7.853369999999481479e+02,0.000000000000000000e+00
7.854369999999482843e+02,0.000000000000000000e+00
7.855369999999481934e+02,0.000000000000000000e+00
7.856369999999481024e+02,0.000000000000000000e+00
7.857369999999482388e+02,0.000000000000000000e+00
7.858369999999481479e+02,0.000000000000000000e+00
7.859369999999480569e+02,0.000000000000000000e+00
7.860369999999481934e+02,0.000000000000000000e+00
7.861369999999481024e+02,0.000000000000000000e+00
7.862369999999482388e+02,0.000000000000000000e+00
7.863369999999481479e+02,0.000000000000000000e+00
7.864369999999480569e+02,0.000000000000000000e+00
7.865369999999481934e+02,0.000000000000000000e+00
7.866369999999481024e+02,0.000000000000000000e+00
7.867369999999480115e+02,0.000000000000000000e+00
7.868369999999481479e+02,0.000000000000000000e+00
7.869369999999480569e+02,0.000000000000000000e+00
7.870369999999481934e+02,0.000000000000000000e+00
7.871369999999481024e+02,0.000000000000000000e+00
7.872369999999480115e+02,0.000000000000000000e+00
7.873369999999481479e+02,0.000000000000000000e+00
7.874369999999480569e+02,0.000000000000000000e+00
7.875369999999479660e+02,0.000000000000000000e+00
7.876369999999481024e+02,0.000000000000000000e+00
7.877369999999480115e+02,0.000000000000000000e+00
7.878369999999481479e+02,0.000000000000000000e+00
7.879369999999480569e+02,0.000000000000000000e+00
7.880369999999479660e+02,0.000000000000000000e+00
7.881369999999481024e+02,0.000000000000000000e+00
7.882369999999480115e+02,0.000000000000000000e+00
7.883369999999479205e+02,0.000000000000000000e+00
7.884369999999480569e+02,0.000000000000000000e+00
7.885369999999479660e+02,0.000000000000000000e+00
7.886369999999481024e+02,0.000000000000000000e+00
7.887369999999480115e+02,0.000000000000000000e+00
7.888369999999479205e+02,0.000000000000000000e+00
7.889369999999480569e+02,0.000000000000000000e+00
7.890369999999479660e+02,0.000000000000000000e+00
7.891369999999478750e+02,0.000000000000000000e+00
7.892369999999480115e+02,0.000000000000000000e+00
7.893369999999479205e+02,0.000000000000000000e+00
7.894369999999480569e+02,0.000000000000000000e+00
7.895369999999479660e+02,0.000000000000000000e+00
7.896369999999478750e+02,0.000000000000000000e+00
7.897369999999480115e+02,0.000000000000000000e+00
7.898369999999479205e+02,0.000000000000000000e+00
7.899369999999478296e+02,0.000000000000000000e+00
7.900369999999479660e+02,0.000000000000000000e+00
7.901369999999478750e+02,0.000000000000000000e+00
7.902369999999480115e+02,0.000000000000000000e+00
7.903369999999479205e+02,0.000000000000000000e+00
7.904369999999478296e+02,0.000000000000000000e+00
7.905369999999479660e+02,0.000000000000000000e+00
7.906369999999478750e+02,0.000000000000000000e+00
7.907369999999477841e+02,0.000000000000000000e+00
7.908369999999479205e+02,0.000000000000000000e+00
7.909369999999478296e+02,0.000000000000000000e+00
7.910369999999479660e+02,0.000000000000000000e+00
7.911369999999478750e+02,0.000000000000000000e+00
7.912369999999477841e+02,8.979078746518565643e-04
