-241.41889999999995_-222.03759999999997
-2.435247999999999706e+02,2.099958000840102586e-04
-2.434247999999999479e+02,0.000000000000000000e+00
-2.433247999999999820e+02,0.000000000000000000e+00
-2.432247999999999593e+02,3.989920201596194697e-03
-2.431247999999999934e+02,1.469970600588071767e-02
-2.430247999999999706e+02,3.086938261234950867e-02
-2.429248000000000047e+02,6.089878202436298238e-02
-2.428247999999999820e+02,7.622847543049572627e-02
-2.427248000000000161e+02,8.609827803444419780e-02
-2.426247999999999934e+02,9.848803023940080892e-02
-2.425248000000000275e+02,1.007979840403249172e-01
-2.424248000000000047e+02,1.062578748425091896e-01
-2.423248000000000388e+02,1.062578748425091896e-01
-2.422248000000000161e+02,1.083578328433493082e-01
-2.421248000000000502e+02,1.075178496430132524e-01
-2.420248000000000275e+02,1.016379672406609730e-01
-2.419248000000000616e+02,9.764804703906478089e-02
-2.418248000000000388e+02,9.197816043679649112e-02
-2.417248000000000729e+02,9.092818143637644568e-02
-2.416248000000000502e+02,8.651826963461223263e-02
-2.415248000000000843e+02,8.525829483410816978e-02
-2.414248000000000616e+02,8.147837043259598122e-02
-2.413248000000000957e+02,8.021839563209191837e-02
-2.412248000000000729e+02,7.895842083158785552e-02
-2.411248000000001070e+02,7.706845863083176817e-02
-2.410248000000000843e+02,7.790844183116781008e-02
-2.409248000000001184e+02,7.916841663167185905e-02
-2.408248000000000957e+02,8.231835363293202312e-02
-2.407248000000001298e+02,8.504829903402415237e-02
-2.406248000000001070e+02,8.105837883242796027e-02
-2.405248000000001412e+02,8.084838303234394286e-02
-2.404248000000001184e+02,7.937841243175587647e-02
-2.403248000000001525e+02,7.685846283074776464e-02
-2.402248000000001298e+02,7.559848803024368791e-02
-2.401248000000001639e+02,7.265854682906755513e-02
-2.400248000000001412e+02,6.950860982780739106e-02
-2.399248000000001753e+02,6.593868122637921991e-02
-2.398248000000001525e+02,6.530869382612719543e-02
-2.397248000000001866e+02,6.278874422511906972e-02
-2.396248000000001639e+02,6.068878622427896496e-02
-2.395248000000001980e+02,5.522889542209469954e-02
-2.394248000000001753e+02,5.375892482150662621e-02
-2.393248000000002094e+02,5.312893742125459479e-02
-2.392248000000001866e+02,4.955900881982642364e-02
-2.391248000000002207e+02,5.291894162117058431e-02
-2.390248000000001980e+02,5.249895002100257030e-02
-2.389248000000002321e+02,5.186896262075053887e-02
-2.388248000000002094e+02,5.228895422091855288e-02
-2.387248000000002435e+02,4.976900461991042718e-02
-2.386248000000002207e+02,5.291894162117058431e-02
-2.385248000000002548e+02,5.186896262075053887e-02
-2.384248000000002321e+02,4.955900881982642364e-02
-2.383248000000002662e+02,4.640907181856626651e-02
-2.382248000000002435e+02,4.241915161697007441e-02
-2.381248000000002776e+02,4.157916841663403251e-02
-2.380248000000002548e+02,3.863922721545788586e-02
-2.379248000000002889e+02,3.884922301554190327e-02
-2.378248000000002662e+02,3.275934481310559948e-02
-2.377248000000003003e+02,2.918941621167742834e-02
-2.376248000000002776e+02,2.645947081058529216e-02
-2.375248000000003117e+02,2.477950440991321182e-02
-2.374248000000002889e+02,2.330953380932514196e-02
-2.373248000000003231e+02,2.246955060898910006e-02
-2.372248000000003003e+02,2.267954640907310707e-02
-2.371248000000003344e+02,1.973960520789696388e-02
-2.370248000000003117e+02,2.162956740865305816e-02
-2.369248000000003458e+02,2.351952960940914897e-02
-2.368248000000003231e+02,2.456950860982920135e-02
-2.367248000000003572e+02,3.002939941201347024e-02
-2.366248000000003344e+02,3.107937841243351915e-02
-2.365248000000003685e+02,3.107937841243351915e-02
-2.364248000000003458e+02,3.170936581268555404e-02
-2.363248000000003799e+02,3.212935741285357499e-02
-2.362248000000003572e+02,3.905921881562590681e-02
-2.361248000000003913e+02,4.094918101638200109e-02
-2.360248000000003685e+02,4.262914741705408489e-02
-2.359248000000004026e+02,4.556908861823022461e-02
-2.358248000000003799e+02,4.724905501890230841e-02
-2.357248000000004140e+02,4.850902981940637126e-02
-2.356248000000003913e+02,4.766904661907032936e-02
-2.355248000000004254e+02,4.514909701806221060e-02
-2.354248000000004026e+02,4.556908861823022461e-02
-2.353248000000004367e+02,4.367912641747413033e-02
-2.352248000000004140e+02,4.451910961781017223e-02
-2.351248000000004481e+02,4.367912641747413033e-02
-2.350248000000004254e+02,4.052918941621398013e-02
-2.349248000000004595e+02,3.863922721545788586e-02
-2.348248000000004367e+02,3.758924821503784042e-02
-2.347248000000004708e+02,3.716925661486981947e-02
-2.346248000000004481e+02,3.548929021419773566e-02
-2.345248000000004822e+02,3.611927761444976709e-02
-2.344248000000004595e+02,3.611927761444976709e-02
-2.343248000000004936e+02,3.863922721545788586e-02
-2.342248000000004708e+02,3.695926081478580205e-02
-2.341248000000005050e+02,3.632927341453377756e-02
-2.340248000000004822e+02,3.485930281394570424e-02
-2.339248000000005163e+02,3.317933641327362043e-02
-2.338248000000004936e+02,3.296934061318960996e-02
-2.337248000000005277e+02,3.212935741285357499e-02
-2.336248000000005050e+02,3.401931961360966233e-02
-2.335248000000005391e+02,3.338933221335763091e-02
-2.334248000000005163e+02,3.653926921461778804e-02
-2.333248000000005504e+02,3.233935321293757853e-02
-2.332248000000005277e+02,2.981940361192945629e-02
-2.331248000000005618e+02,3.170936581268555404e-02
-2.330248000000005391e+02,2.981940361192945629e-02
-2.329248000000005732e+02,3.233935321293757853e-02
-2.328248000000005504e+02,3.233935321293757853e-02
-2.327248000000005845e+02,3.002939941201347024e-02
-2.326248000000005618e+02,3.212935741285357499e-02
-2.325248000000005959e+02,2.834943301134138643e-02
-2.324248000000005732e+02,2.813943721125737596e-02
-2.323248000000006073e+02,4.052918941621398013e-02
-2.322248000000005845e+02,6.572868542629520250e-02
-2.321248000000006186e+02,5.270894582108657384e-02
-2.320248000000005959e+02,6.194876102478302782e-02
-2.319248000000006300e+02,6.572868542629520250e-02
-2.318248000000006073e+02,5.795884082318682878e-02
-2.317248000000006414e+02,4.913901721965840269e-02
-2.316248000000006186e+02,5.060898782024646908e-02
-2.315248000000006527e+02,5.165896682066652840e-02
-2.314248000000006300e+02,4.934901301974241317e-02
-2.313248000000006641e+02,4.304913901722209890e-02
-2.312248000000006414e+02,3.485930281394570424e-02
-2.311248000000006755e+02,3.800923981520586137e-02
-2.310248000000006527e+02,3.401931961360966233e-02
-2.309248000000006869e+02,3.233935321293757853e-02
-2.308248000000006641e+02,3.233935321293757853e-02
-2.307248000000006982e+02,3.443931121377768328e-02
-2.306248000000006755e+02,3.338933221335763091e-02
-2.305248000000007096e+02,3.065938681226549820e-02
-2.304248000000006869e+02,3.065938681226549820e-02
-2.303248000000007210e+02,3.023939521209747724e-02
-2.302248000000006982e+02,3.359932801344164138e-02
-2.301248000000007323e+02,3.485930281394570424e-02
-2.300248000000007096e+02,3.002939941201347024e-02
-2.299248000000007437e+02,3.443931121377768328e-02
-2.298248000000007210e+02,3.317933641327362043e-02
-2.297248000000007551e+02,2.855942881142539344e-02
-2.296248000000007323e+02,2.561948761024925025e-02
-2.295248000000007664e+02,2.729945401092133406e-02
-2.294248000000007437e+02,2.729945401092133406e-02
-2.293248000000007778e+02,2.246955060898910006e-02
-2.292248000000007551e+02,2.078958420831701626e-02
-2.291248000000007892e+02,2.498950020999722230e-02
-2.290248000000007664e+02,2.351952960940914897e-02
-2.289248000000008005e+02,2.351952960940914897e-02
-2.288248000000007778e+02,2.078958420831701626e-02
-2.287248000000008119e+02,2.435951280974519087e-02
-2.286248000000007892e+02,1.721965560688884164e-02
-2.285248000000008233e+02,1.637967240655279974e-02
-2.284248000000008005e+02,2.036959260814899531e-02
-2.283248000000008346e+02,2.099958000840102673e-02
-2.282248000000008119e+02,2.330953380932514196e-02
-2.281248000000008460e+02,1.826963460730889402e-02
-2.280248000000008233e+02,1.994960100798097435e-02
-2.279248000000008574e+02,2.624947501050128515e-02
-2.278248000000008346e+02,2.288954220915712101e-02
-2.277248000000008687e+02,2.351952960940914897e-02
-2.276248000000008460e+02,1.973960520789696388e-02
-2.275248000000008801e+02,1.847963040739290103e-02
-2.274248000000008574e+02,1.679966400672082069e-02
-2.273248000000008915e+02,1.595968080638477879e-02
-2.272248000000008687e+02,1.742965140697285212e-02
-2.271248000000009029e+02,1.427971440571269672e-02
-2.270248000000008801e+02,1.028979420411650289e-02
-2.269248000000009142e+02,1.133977320453655353e-02
-2.268248000000008915e+02,1.049979000420051337e-02
-2.267248000000009256e+02,9.239815203696450513e-03
-2.266248000000009029e+02,1.196976060478858496e-02
-2.265248000000009370e+02,9.869802603948481939e-03
-2.264248000000009142e+02,8.819823603528431297e-03
-2.263248000000009483e+02,1.175976480470457448e-02
-2.262248000000009256e+02,1.007979840403249241e-02
-2.261248000000009597e+02,1.364972700546066703e-02
-2.260248000000009370e+02,1.784964300714087307e-02
-2.259248000000009711e+02,1.679966400672082069e-02
-2.258248000000009483e+02,1.532969340613274910e-02
-2.257248000000009824e+02,1.343973120537665655e-02
-2.256248000000009597e+02,1.448971020579670720e-02
-2.255248000000009938e+02,1.805963880722488354e-02
-2.254248000000009711e+02,1.826963460730889402e-02
-2.253248000000010052e+02,1.868962620747691150e-02
-2.252248000000009824e+02,2.120957580848503721e-02
-2.251248000000010165e+02,2.057958840823300578e-02
-2.250248000000009938e+02,1.910961780764493245e-02
-2.249248000000010279e+02,1.889962200756092198e-02
-2.248248000000010052e+02,1.721965560688884164e-02
-2.247248000000010393e+02,1.532969340613274910e-02
-2.246248000000010165e+02,1.637967240655279974e-02
-2.245248000000010506e+02,1.679966400672082069e-02
-2.244248000000010279e+02,1.742965140697285212e-02
-2.243248000000010620e+02,1.511969760604873862e-02
-2.242248000000010393e+02,1.259974800504061465e-02
-2.241248000000010734e+02,1.364972700546066703e-02
-2.240248000000010506e+02,1.280974380512462513e-02
-2.239248000000010848e+02,1.364972700546066703e-02
-2.238248000000010620e+02,1.301973960520863560e-02
-2.237248000000010961e+02,1.679966400672082069e-02
-2.236248000000010734e+02,1.595968080638477879e-02
-2.235248000000011075e+02,1.343973120537665655e-02
-2.234248000000010848e+02,1.889962200756092198e-02
-2.233248000000011189e+02,1.679966400672082069e-02
-2.232248000000010961e+02,1.595968080638477879e-02
-2.231248000000011302e+02,1.427971440571269672e-02
-2.230248000000011075e+02,1.595968080638477879e-02
-2.229248000000011416e+02,1.364972700546066703e-02
-2.228248000000011189e+02,1.742965140697285212e-02
-2.227248000000011530e+02,1.595968080638477879e-02
-2.226248000000011302e+02,1.364972700546066703e-02
-2.225248000000011643e+02,1.112977740445254306e-02
-2.224248000000011416e+02,9.869802603948481939e-03
-2.223248000000011757e+02,9.449811003780460988e-03
-2.222248000000011530e+02,1.511969760604873862e-02
-2.221248000000011871e+02,1.091978160436853258e-02
-2.220248000000011643e+02,1.343973120537665655e-02
-2.219248000000011984e+02,1.448971020579670720e-02
-2.218248000000011757e+02,1.511969760604873862e-02
-2.217248000000012098e+02,1.280974380512462513e-02
-2.216248000000011871e+02,1.238975220495660591e-02
-2.215248000000012212e+02,1.385972280554467750e-02
-2.214248000000011984e+02,1.154976900462056401e-02
-2.213248000000012325e+02,1.301973960520863560e-02
-2.212248000000012098e+02,1.889962200756092198e-02
-2.211248000000012439e+02,1.133977320453655353e-02
-2.210248000000012212e+02,1.553968920621675957e-02
-2.209248000000012553e+02,1.322973540529264608e-02
-2.208248000000012325e+02,1.280974380512462513e-02
-2.207248000000012667e+02,1.175976480470457448e-02
-2.206248000000012439e+02,5.879882402352287242e-03
-2.205248000000012780e+02,6.299874002520307326e-03
-2.204248000000012553e+02,5.459890802184266291e-03
-2.203248000000012894e+02,5.249895002100256683e-03
-2.202248000000012667e+02,6.719865602688328277e-03
-2.201248000000013008e+02,3.359932801344164138e-03
-2.200248000000012780e+02,6.509869802604317801e-03
-2.199248000000013121e+02,4.619907601848225256e-03
-2.198248000000012894e+02,5.459890802184266291e-03
-2.197248000000013235e+02,3.359932801344164138e-03
-2.196248000000013008e+02,2.939941201176143621e-03
-2.195248000000013349e+02,3.359932801344164138e-03
-2.194248000000013121e+02,1.889962200756092328e-03
-2.193248000000013462e+02,1.679966400672082069e-03
-2.192248000000013235e+02,2.939941201176143621e-03
-2.191248000000013576e+02,3.359932801344164138e-03
-2.190248000000013349e+02,3.359932801344164138e-03
-2.189248000000013690e+02,2.519949601008123104e-03
-2.188248000000013462e+02,2.939941201176143621e-03
-2.187248000000013803e+02,1.469970600588071811e-03
-2.186248000000013576e+02,1.259974800504061552e-03
-2.185248000000013917e+02,1.679966400672082069e-03
-2.184248000000013690e+02,1.679966400672082069e-03
-2.183248000000014031e+02,1.259974800504061552e-03
-2.182248000000013803e+02,6.089878202436297717e-03
-2.181248000000014144e+02,4.409911801764215648e-03
-2.180248000000013917e+02,2.729945401092133146e-03
-2.179248000000014258e+02,1.889962200756092328e-03
-2.178248000000014031e+02,1.259974800504061552e-03
-2.177248000000014372e+02,1.259974800504061552e-03
-2.176248000000014144e+02,1.889962200756092328e-03
-2.175248000000014486e+02,2.519949601008123104e-03
-2.174248000000014258e+02,2.519949601008123104e-03
-2.173248000000014599e+02,8.399832003360410346e-04
-2.172248000000014372e+02,8.399832003360410346e-04
-2.171248000000014713e+02,4.199916001680205173e-04
-2.170248000000014486e+02,2.309953800924112628e-03
-2.169248000000014827e+02,1.259974800504061552e-03
-2.168248000000014599e+02,4.199916001680205173e-04
-2.167248000000014940e+02,8.399832003360410346e-04
-2.166248000000014713e+02,6.299874002520307759e-04
-2.165248000000015054e+02,6.299874002520307759e-04
-2.164248000000014827e+02,6.299874002520307759e-04
-2.163248000000015168e+02,2.099958000840102586e-04
-2.162248000000014940e+02,4.199916001680205173e-04
-2.161248000000015281e+02,2.099958000840102586e-03
-2.160248000000015054e+02,2.939941201176143621e-03
-2.159248000000015395e+02,5.459890802184266291e-03
-2.158248000000015168e+02,5.249895002100256683e-03
-2.157248000000015509e+02,5.669886602268276767e-03
-2.156248000000015281e+02,8.819823603528431297e-03
-2.155248000000015622e+02,9.869802603948481939e-03
-2.154248000000015395e+02,1.679966400672082069e-02
-2.153248000000015736e+02,1.700965980680483117e-02
-2.152248000000015509e+02,1.595968080638477879e-02
-2.151248000000015850e+02,1.658966820663681022e-02
-2.150248000000015622e+02,1.133977320453655353e-02
-2.149248000000015963e+02,1.364972700546066703e-02
-2.148248000000015736e+02,1.238975220495660591e-02
-2.147248000000016077e+02,1.364972700546066703e-02
-2.146248000000015850e+02,1.301973960520863560e-02
-2.145248000000016191e+02,1.301973960520863560e-02
-2.144248000000015963e+02,9.449811003780460988e-03
-2.143248000000016305e+02,4.829903401932235732e-03
-2.142248000000016077e+02,6.089878202436297717e-03
-2.141248000000016418e+02,4.409911801764215648e-03
-2.140248000000016191e+02,3.779924401512184656e-03
-2.139248000000016532e+02,2.939941201176143621e-03
-2.138248000000016305e+02,1.889962200756092328e-03
-2.137248000000016646e+02,1.049979000420051293e-03
-2.136248000000016418e+02,1.049979000420051293e-03
-2.135248000000016759e+02,1.679966400672082069e-03
-2.134248000000016532e+02,4.199916001680205173e-04
-2.133248000000016873e+02,4.199916001680205173e-04
-2.132248000000016646e+02,4.199916001680205173e-04
-2.131248000000016987e+02,8.399832003360410346e-04
-2.130248000000016759e+02,0.000000000000000000e+00
-2.129248000000017100e+02,4.199916001680205173e-04
-2.128248000000016873e+02,0.000000000000000000e+00
-2.127248000000017214e+02,4.199916001680205173e-04
-2.126248000000016987e+02,3.779924401512184656e-03
-2.125248000000017328e+02,2.519949601008123104e-03
-2.124248000000017100e+02,1.889962200756092328e-03
-2.123248000000017441e+02,2.099958000840102586e-04
-2.122248000000017214e+02,1.469970600588071811e-03
-2.121248000000017555e+02,0.000000000000000000e+00
-2.120248000000017328e+02,0.000000000000000000e+00
-2.119248000000017669e+02,0.000000000000000000e+00
-2.118248000000017441e+02,0.000000000000000000e+00
-2.117248000000017782e+02,0.000000000000000000e+00
-2.116248000000017555e+02,0.000000000000000000e+00
-2.115248000000017896e+02,0.000000000000000000e+00
-2.114248000000017669e+02,0.000000000000000000e+00
-2.113248000000018010e+02,1.679966400672082069e-03
-2.112248000000017782e+02,8.399832003360410346e-04
-2.111248000000018124e+02,2.519949601008123104e-03
-2.110248000000017896e+02,1.679966400672082069e-03
-2.109248000000018237e+02,4.199916001680205173e-04
-2.108248000000018010e+02,4.619907601848225256e-03
-2.107248000000018351e+02,1.889962200756092328e-03
-2.106248000000018124e+02,1.889962200756092328e-03
-2.105248000000018465e+02,3.989920201596194697e-03
-2.104248000000018237e+02,8.399832003360410346e-04
-2.103248000000018578e+02,1.889962200756092328e-03
-2.102248000000018351e+02,1.679966400672082069e-03
-2.101248000000018692e+02,3.149937001260153663e-03
-2.100248000000018465e+02,0.000000000000000000e+00
-2.099248000000018806e+02,0.000000000000000000e+00
-2.098248000000018578e+02,1.469970600588071811e-03
-2.097248000000018919e+02,2.099958000840102586e-04
-2.096248000000018692e+02,1.679966400672082069e-03
-2.095248000000019033e+02,0.000000000000000000e+00
-2.094248000000018806e+02,0.000000000000000000e+00
-2.093248000000019147e+02,0.000000000000000000e+00
-2.092248000000018919e+02,0.000000000000000000e+00
-2.091248000000019260e+02,0.000000000000000000e+00
-2.090248000000019033e+02,0.000000000000000000e+00
-2.089248000000019374e+02,0.000000000000000000e+00
-2.088248000000019147e+02,0.000000000000000000e+00
-2.087248000000019488e+02,0.000000000000000000e+00
-2.086248000000019260e+02,0.000000000000000000e+00
-2.085248000000019601e+02,0.000000000000000000e+00
-2.084248000000019374e+02,0.000000000000000000e+00
-2.083248000000019715e+02,2.099958000840102586e-04
-2.082248000000019488e+02,6.299874002520307759e-04
-2.081248000000019829e+02,2.099958000840102586e-04
-2.080248000000019601e+02,0.000000000000000000e+00
-2.079248000000019942e+02,2.099958000840102586e-04
-2.078248000000019715e+02,0.000000000000000000e+00
-2.077248000000020056e+02,0.000000000000000000e+00
-2.076248000000019829e+02,0.000000000000000000e+00
-2.075248000000020170e+02,0.000000000000000000e+00
-2.074248000000019942e+02,0.000000000000000000e+00
-2.073248000000020284e+02,0.000000000000000000e+00
-2.072248000000020056e+02,0.000000000000000000e+00
-2.071248000000020397e+02,0.000000000000000000e+00
-2.070248000000020170e+02,2.099958000840102586e-04
-2.069248000000020511e+02,0.000000000000000000e+00
-2.068248000000020284e+02,4.199916001680205173e-04
-2.067248000000020625e+02,0.000000000000000000e+00
-2.066248000000020397e+02,2.099958000840102586e-04
-2.065248000000020738e+02,6.299874002520307759e-04
-2.064248000000020511e+02,2.099958000840102586e-04
-2.063248000000020852e+02,2.099958000840102586e-04
-2.062248000000020625e+02,4.199916001680205173e-04
-2.061248000000020966e+02,2.099958000840102586e-04
-2.060248000000020738e+02,2.099958000840102586e-04
-2.059248000000021079e+02,2.099958000840102586e-04
-2.058248000000020852e+02,4.199916001680205173e-04
-2.057248000000021193e+02,0.000000000000000000e+00
-2.056248000000020966e+02,0.000000000000000000e+00
-2.055248000000021307e+02,2.099958000840102586e-04
-2.054248000000021079e+02,0.000000000000000000e+00
-2.053248000000021420e+02,2.309953800924112628e-03
-2.052248000000021193e+02,5.879882402352287242e-03
-2.051248000000021534e+02,4.199916001680205173e-03
-2.050248000000021307e+02,7.139857202856348360e-03
-2.049248000000021648e+02,6.509869802604317801e-03
-2.048248000000021420e+02,8.609827803444420821e-03
-2.047248000000021761e+02,1.532969340613274910e-02
-2.046248000000021534e+02,1.217975640487259543e-02
-2.045248000000021875e+02,1.343973120537665655e-02
-2.044248000000021648e+02,9.659806803864471464e-03
-2.043248000000021989e+02,7.139857202856348360e-03
-2.042248000000021761e+02,6.089878202436297717e-03
-2.041248000000022103e+02,7.139857202856348360e-03
-2.040248000000021875e+02,7.349853002940358836e-03
-2.039248000000022216e+02,6.929861402772338752e-03
-2.038248000000021989e+02,8.819823603528431297e-03
-2.037248000000022330e+02,2.099958000840102586e-03
-2.036248000000022103e+02,1.469970600588071811e-03
-2.035248000000022444e+02,2.309953800924112628e-03
-2.034248000000022216e+02,6.299874002520307759e-04
-2.033248000000022557e+02,4.199916001680205173e-04
-2.032248000000022330e+02,2.099958000840102586e-04
-2.031248000000022671e+02,4.199916001680205173e-04
-2.030248000000022444e+02,0.000000000000000000e+00
-2.029248000000022785e+02,1.469970600588071811e-03
-2.028248000000022557e+02,2.099958000840102586e-04
-2.027248000000022898e+02,0.000000000000000000e+00
-2.026248000000022671e+02,0.000000000000000000e+00
-2.025248000000023012e+02,0.000000000000000000e+00
-2.024248000000022785e+02,0.000000000000000000e+00
-2.023248000000023126e+02,0.000000000000000000e+00
-2.022248000000022898e+02,0.000000000000000000e+00
-2.021248000000023239e+02,0.000000000000000000e+00
-2.020248000000023012e+02,0.000000000000000000e+00
-2.019248000000023353e+02,0.000000000000000000e+00
-2.018248000000023126e+02,0.000000000000000000e+00
-2.017248000000023467e+02,0.000000000000000000e+00
-2.016248000000023239e+02,0.000000000000000000e+00
-2.015248000000023580e+02,0.000000000000000000e+00
-2.014248000000023353e+02,0.000000000000000000e+00
-2.013248000000023694e+02,0.000000000000000000e+00
-2.012248000000023467e+02,0.000000000000000000e+00
-2.011248000000023808e+02,0.000000000000000000e+00
-2.010248000000023580e+02,2.099958000840102586e-04
-2.009248000000023922e+02,6.299874002520307759e-04
-2.008248000000023694e+02,2.099958000840102586e-04
-2.007248000000024035e+02,2.099958000840102586e-04
-2.006248000000023808e+02,2.099958000840102586e-04
-2.005248000000024149e+02,4.199916001680205173e-04
-2.004248000000023922e+02,1.259974800504061552e-03
-2.003248000000024263e+02,6.299874002520307759e-04
-2.002248000000024035e+02,1.049979000420051293e-03
-2.001248000000024376e+02,6.299874002520307759e-04
-2.000248000000024149e+02,4.199916001680205173e-04
-1.999248000000024490e+02,2.099958000840102586e-04
-1.998248000000024263e+02,4.199916001680205173e-04
-1.997248000000024604e+02,6.299874002520307759e-04
-1.996248000000024376e+02,4.199916001680205173e-04
-1.995248000000024717e+02,1.049979000420051293e-03
-1.994248000000024490e+02,0.000000000000000000e+00
-1.993248000000024831e+02,0.000000000000000000e+00
-1.992248000000024604e+02,2.099958000840102586e-04
-1.991248000000024945e+02,0.000000000000000000e+00
-1.990248000000024717e+02,0.000000000000000000e+00
-1.989248000000025058e+02,0.000000000000000000e+00
-1.988248000000024831e+02,0.000000000000000000e+00
-1.987248000000025172e+02,0.000000000000000000e+00
-1.986248000000024945e+02,2.099958000840102586e-04
-1.985248000000025286e+02,0.000000000000000000e+00
-1.984248000000025058e+02,0.000000000000000000e+00
-1.983248000000025399e+02,0.000000000000000000e+00
-1.982248000000025172e+02,0.000000000000000000e+00
-1.981248000000025513e+02,0.000000000000000000e+00
-1.980248000000025286e+02,0.000000000000000000e+00
-1.979248000000025627e+02,0.000000000000000000e+00
-1.978248000000025399e+02,0.000000000000000000e+00
-1.977248000000025741e+02,0.000000000000000000e+00
-1.976248000000025513e+02,0.000000000000000000e+00
-1.975248000000025854e+02,0.000000000000000000e+00
-1.974248000000025627e+02,0.000000000000000000e+00
-1.973248000000025968e+02,0.000000000000000000e+00
-1.972248000000025741e+02,0.000000000000000000e+00
-1.971248000000026082e+02,0.000000000000000000e+00
-1.970248000000025854e+02,0.000000000000000000e+00
-1.969248000000026195e+02,0.000000000000000000e+00
-1.968248000000025968e+02,0.000000000000000000e+00
-1.967248000000026309e+02,0.000000000000000000e+00
-1.966248000000026082e+02,0.000000000000000000e+00
-1.965248000000026423e+02,0.000000000000000000e+00
-1.964248000000026195e+02,0.000000000000000000e+00
-1.963248000000026536e+02,0.000000000000000000e+00
-1.962248000000026309e+02,0.000000000000000000e+00
-1.961248000000026650e+02,0.000000000000000000e+00
-1.960248000000026423e+02,0.000000000000000000e+00
-1.959248000000026764e+02,0.000000000000000000e+00
-1.958248000000026536e+02,0.000000000000000000e+00
-1.957248000000026877e+02,0.000000000000000000e+00
-1.956248000000026650e+02,0.000000000000000000e+00
-1.955248000000026991e+02,0.000000000000000000e+00
-1.954248000000026764e+02,0.000000000000000000e+00
-1.953248000000027105e+02,0.000000000000000000e+00
-1.952248000000026877e+02,0.000000000000000000e+00
-1.951248000000027218e+02,0.000000000000000000e+00
-1.950248000000026991e+02,0.000000000000000000e+00
-1.949248000000027332e+02,0.000000000000000000e+00
-1.948248000000027105e+02,0.000000000000000000e+00
-1.947248000000027446e+02,0.000000000000000000e+00
-1.946248000000027218e+02,0.000000000000000000e+00
-1.945248000000027560e+02,0.000000000000000000e+00
-1.944248000000027332e+02,1.679966400672082069e-03
-1.943248000000027673e+02,3.989920201596194697e-03
-1.942248000000027446e+02,1.049979000420051293e-03
-1.941248000000027787e+02,1.679966400672082069e-03
-1.940248000000027560e+02,3.569928601428174180e-03
-1.939248000000027901e+02,3.149937001260153663e-03
-1.938248000000027673e+02,0.000000000000000000e+00
-1.937248000000028014e+02,1.679966400672082069e-03
-1.936248000000027787e+02,0.000000000000000000e+00
-1.935248000000028128e+02,1.679966400672082069e-03
-1.934248000000027901e+02,1.679966400672082069e-03
-1.933248000000028242e+02,0.000000000000000000e+00
-1.932248000000028014e+02,0.000000000000000000e+00
-1.931248000000028355e+02,1.469970600588071811e-03
-1.930248000000028128e+02,2.099958000840102586e-04
-1.929248000000028469e+02,0.000000000000000000e+00
-1.928248000000028242e+02,0.000000000000000000e+00
-1.927248000000028583e+02,0.000000000000000000e+00
-1.926248000000028355e+02,0.000000000000000000e+00
-1.925248000000028696e+02,0.000000000000000000e+00
-1.924248000000028469e+02,0.000000000000000000e+00
-1.923248000000028810e+02,0.000000000000000000e+00
-1.922248000000028583e+02,0.000000000000000000e+00
-1.921248000000028924e+02,0.000000000000000000e+00
-1.920248000000028696e+02,0.000000000000000000e+00
-1.919248000000029037e+02,4.199916001680205173e-04
-1.918248000000028810e+02,2.099958000840102586e-04
-1.917248000000029151e+02,1.049979000420051293e-03
-1.916248000000028924e+02,1.049979000420051293e-03
-1.915248000000029265e+02,6.299874002520307759e-04
-1.914248000000029037e+02,4.199916001680205173e-04
-1.913248000000029378e+02,2.099958000840102586e-04
-1.912248000000029151e+02,6.299874002520307759e-04
-1.911248000000029492e+02,0.000000000000000000e+00
-1.910248000000029265e+02,4.199916001680205173e-04
-1.909248000000029606e+02,0.000000000000000000e+00
-1.908248000000029378e+02,0.000000000000000000e+00
-1.907248000000029720e+02,0.000000000000000000e+00
-1.906248000000029492e+02,0.000000000000000000e+00
-1.905248000000029833e+02,0.000000000000000000e+00
-1.904248000000029606e+02,0.000000000000000000e+00
-1.903248000000029947e+02,0.000000000000000000e+00
-1.902248000000029720e+02,0.000000000000000000e+00
-1.901248000000030061e+02,2.099958000840102586e-04
-1.900248000000029833e+02,4.199916001680205173e-04
-1.899248000000030174e+02,2.099958000840102586e-04
-1.898248000000029947e+02,2.099958000840102586e-04
-1.897248000000030288e+02,4.199916001680205173e-04
-1.896248000000030061e+02,4.199916001680205173e-04
-1.895248000000030402e+02,0.000000000000000000e+00
-1.894248000000030174e+02,2.099958000840102586e-04
-1.893248000000030515e+02,0.000000000000000000e+00
-1.892248000000030288e+02,2.099958000840102586e-04
-1.891248000000030629e+02,2.099958000840102586e-04
-1.890248000000030402e+02,0.000000000000000000e+00
-1.889248000000030743e+02,0.000000000000000000e+00
-1.888248000000030515e+02,2.099958000840102586e-04
-1.887248000000030856e+02,0.000000000000000000e+00
-1.886248000000030629e+02,0.000000000000000000e+00
-1.885248000000030970e+02,0.000000000000000000e+00
-1.884248000000030743e+02,0.000000000000000000e+00
-1.883248000000031084e+02,0.000000000000000000e+00
-1.882248000000030856e+02,0.000000000000000000e+00
-1.881248000000031197e+02,0.000000000000000000e+00
-1.880248000000030970e+02,0.000000000000000000e+00
-1.879248000000031311e+02,0.000000000000000000e+00
-1.878248000000031084e+02,0.000000000000000000e+00
-1.877248000000031425e+02,0.000000000000000000e+00
-1.876248000000031197e+02,0.000000000000000000e+00
-1.875248000000031539e+02,0.000000000000000000e+00
-1.874248000000031311e+02,0.000000000000000000e+00
-1.873248000000031652e+02,0.000000000000000000e+00
-1.872248000000031425e+02,0.000000000000000000e+00
-1.871248000000031766e+02,0.000000000000000000e+00
-1.870248000000031539e+02,0.000000000000000000e+00
-1.869248000000031880e+02,0.000000000000000000e+00
-1.868248000000031652e+02,0.000000000000000000e+00
-1.867248000000031993e+02,0.000000000000000000e+00
-1.866248000000031766e+02,0.000000000000000000e+00
-1.865248000000032107e+02,0.000000000000000000e+00
-1.864248000000031880e+02,0.000000000000000000e+00
-1.863248000000032221e+02,0.000000000000000000e+00
-1.862248000000031993e+02,0.000000000000000000e+00
-1.861248000000032334e+02,0.000000000000000000e+00
-1.860248000000032107e+02,0.000000000000000000e+00
-1.859248000000032448e+02,0.000000000000000000e+00
-1.858248000000032221e+02,0.000000000000000000e+00
-1.857248000000032562e+02,0.000000000000000000e+00
-1.856248000000032334e+02,0.000000000000000000e+00
-1.855248000000032675e+02,0.000000000000000000e+00
-1.854248000000032448e+02,0.000000000000000000e+00
-1.853248000000032789e+02,0.000000000000000000e+00
-1.852248000000032562e+02,0.000000000000000000e+00
-1.851248000000032903e+02,0.000000000000000000e+00
-1.850248000000032675e+02,0.000000000000000000e+00
-1.849248000000033016e+02,0.000000000000000000e+00
-1.848248000000032789e+02,0.000000000000000000e+00
-1.847248000000033130e+02,0.000000000000000000e+00
-1.846248000000032903e+02,0.000000000000000000e+00
-1.845248000000033244e+02,0.000000000000000000e+00
-1.844248000000033016e+02,0.000000000000000000e+00
-1.843248000000033358e+02,0.000000000000000000e+00
-1.842248000000033130e+02,0.000000000000000000e+00
-1.841248000000033471e+02,0.000000000000000000e+00
-1.840248000000033244e+02,0.000000000000000000e+00
-1.839248000000033585e+02,0.000000000000000000e+00
-1.838248000000033358e+02,0.000000000000000000e+00
-1.837248000000033699e+02,0.000000000000000000e+00
-1.836248000000033471e+02,0.000000000000000000e+00
-1.835248000000033812e+02,0.000000000000000000e+00
-1.834248000000033585e+02,0.000000000000000000e+00
-1.833248000000033926e+02,0.000000000000000000e+00
-1.832248000000033699e+02,0.000000000000000000e+00
-1.831248000000034040e+02,0.000000000000000000e+00
-1.830248000000033812e+02,0.000000000000000000e+00
-1.829248000000034153e+02,0.000000000000000000e+00
-1.828248000000033926e+02,0.000000000000000000e+00
-1.827248000000034267e+02,0.000000000000000000e+00
-1.826248000000034040e+02,0.000000000000000000e+00
-1.825248000000034381e+02,0.000000000000000000e+00
-1.824248000000034153e+02,0.000000000000000000e+00
-1.823248000000034494e+02,0.000000000000000000e+00
-1.822248000000034267e+02,0.000000000000000000e+00
-1.821248000000034608e+02,0.000000000000000000e+00
-1.820248000000034381e+02,0.000000000000000000e+00
-1.819248000000034722e+02,0.000000000000000000e+00
-1.818248000000034494e+02,0.000000000000000000e+00
-1.817248000000034835e+02,0.000000000000000000e+00
-1.816248000000034608e+02,0.000000000000000000e+00
-1.815248000000034949e+02,0.000000000000000000e+00
-1.814248000000034722e+02,0.000000000000000000e+00
-1.813248000000035063e+02,0.000000000000000000e+00
-1.812248000000034835e+02,0.000000000000000000e+00
-1.811248000000035177e+02,0.000000000000000000e+00
-1.810248000000034949e+02,1.469970600588071811e-03
-1.809248000000035290e+02,2.099958000840102586e-04
-1.808248000000035063e+02,0.000000000000000000e+00
-1.807248000000035404e+02,0.000000000000000000e+00
-1.806248000000035177e+02,0.000000000000000000e+00
-1.805248000000035518e+02,0.000000000000000000e+00
-1.804248000000035290e+02,0.000000000000000000e+00
-1.803248000000035631e+02,0.000000000000000000e+00
-1.802248000000035404e+02,0.000000000000000000e+00
-1.801248000000035745e+02,0.000000000000000000e+00
-1.800248000000035518e+02,0.000000000000000000e+00
-1.799248000000035859e+02,0.000000000000000000e+00
-1.798248000000035631e+02,0.000000000000000000e+00
-1.797248000000035972e+02,0.000000000000000000e+00
-1.796248000000035745e+02,0.000000000000000000e+00
-1.795248000000036086e+02,0.000000000000000000e+00
-1.794248000000035859e+02,0.000000000000000000e+00
-1.793248000000036200e+02,0.000000000000000000e+00
-1.792248000000035972e+02,0.000000000000000000e+00
-1.791248000000036313e+02,0.000000000000000000e+00
-1.790248000000036086e+02,0.000000000000000000e+00
-1.789248000000036427e+02,0.000000000000000000e+00
-1.788248000000036200e+02,0.000000000000000000e+00
-1.787248000000036541e+02,0.000000000000000000e+00
-1.786248000000036313e+02,0.000000000000000000e+00
-1.785248000000036654e+02,0.000000000000000000e+00
-1.784248000000036427e+02,0.000000000000000000e+00
-1.783248000000036768e+02,0.000000000000000000e+00
-1.782248000000036541e+02,0.000000000000000000e+00
-1.781248000000036882e+02,0.000000000000000000e+00
-1.780248000000036654e+02,0.000000000000000000e+00
-1.779248000000036996e+02,0.000000000000000000e+00
-1.778248000000036768e+02,0.000000000000000000e+00
-1.777248000000037109e+02,0.000000000000000000e+00
-1.776248000000036882e+02,0.000000000000000000e+00
-1.775248000000037223e+02,0.000000000000000000e+00
-1.774248000000036996e+02,0.000000000000000000e+00
-1.773248000000037337e+02,0.000000000000000000e+00
-1.772248000000037109e+02,0.000000000000000000e+00
-1.771248000000037450e+02,0.000000000000000000e+00
-1.770248000000037223e+02,0.000000000000000000e+00
-1.769248000000037564e+02,0.000000000000000000e+00
-1.768248000000037337e+02,0.000000000000000000e+00
-1.767248000000037678e+02,2.099958000840102586e-04
-1.766248000000037450e+02,0.000000000000000000e+00
-1.765248000000037791e+02,0.000000000000000000e+00
-1.764248000000037564e+02,0.000000000000000000e+00
-1.763248000000037905e+02,0.000000000000000000e+00
-1.762248000000037678e+02,0.000000000000000000e+00
-1.761248000000038019e+02,4.199916001680205173e-04
-1.760248000000037791e+02,1.679966400672082069e-03
-1.759248000000038132e+02,3.359932801344164138e-03
-1.758248000000037905e+02,5.039899202016246207e-03
-1.757248000000038246e+02,4.619907601848225256e-03
-1.756248000000038019e+02,4.199916001680205173e-03
-1.755248000000038360e+02,2.729945401092133146e-03
-1.754248000000038132e+02,2.309953800924112628e-03
-1.753248000000038473e+02,2.309953800924112628e-03
-1.752248000000038246e+02,1.889962200756092328e-03
-1.751248000000038587e+02,1.049979000420051293e-03
-1.750248000000038360e+02,4.199916001680205173e-04
-1.749248000000038701e+02,1.259974800504061552e-03
-1.748248000000038473e+02,1.679966400672082069e-03
-1.747248000000038815e+02,5.039899202016246207e-03
-1.746248000000038587e+02,4.409911801764215648e-03
-1.745248000000038928e+02,6.509869802604317801e-03
-1.744248000000038701e+02,6.089878202436297717e-03
-1.743248000000039042e+02,7.979840403192389395e-03
-1.742248000000038815e+02,9.029819403612441772e-03
-1.741248000000039156e+02,7.349853002940358836e-03
-1.740248000000038928e+02,8.609827803444420821e-03
-1.739248000000039269e+02,7.139857202856348360e-03
-1.738248000000039042e+02,6.299874002520307326e-03
-1.737248000000039383e+02,5.249895002100256683e-03
-1.736248000000039156e+02,3.779924401512184656e-03
-1.735248000000039497e+02,3.569928601428174180e-03
-1.734248000000039269e+02,2.939941201176143621e-03
-1.733248000000039610e+02,1.049979000420051293e-03
-1.732248000000039383e+02,1.469970600588071811e-03
-1.731248000000039724e+02,6.299874002520307759e-04
-1.730248000000039497e+02,4.199916001680205173e-04
-1.729248000000039838e+02,2.099958000840102586e-04
-1.728248000000039610e+02,2.099958000840102586e-04
-1.727248000000039951e+02,0.000000000000000000e+00
-1.726248000000039724e+02,0.000000000000000000e+00
-1.725248000000040065e+02,0.000000000000000000e+00
-1.724248000000039838e+02,0.000000000000000000e+00
-1.723248000000040179e+02,0.000000000000000000e+00
-1.722248000000039951e+02,0.000000000000000000e+00
-1.721248000000040292e+02,0.000000000000000000e+00
-1.720248000000040065e+02,0.000000000000000000e+00
-1.719248000000040406e+02,0.000000000000000000e+00
-1.718248000000040179e+02,0.000000000000000000e+00
-1.717248000000040520e+02,0.000000000000000000e+00
-1.716248000000040292e+02,0.000000000000000000e+00
-1.715248000000040633e+02,0.000000000000000000e+00
-1.714248000000040406e+02,0.000000000000000000e+00
-1.713248000000040747e+02,0.000000000000000000e+00
-1.712248000000040520e+02,0.000000000000000000e+00
-1.711248000000040861e+02,0.000000000000000000e+00
-1.710248000000040633e+02,0.000000000000000000e+00
-1.709248000000040975e+02,0.000000000000000000e+00
-1.708248000000040747e+02,0.000000000000000000e+00
-1.707248000000041088e+02,0.000000000000000000e+00
-1.706248000000040861e+02,0.000000000000000000e+00
-1.705248000000041202e+02,0.000000000000000000e+00
-1.704248000000040975e+02,0.000000000000000000e+00
-1.703248000000041316e+02,0.000000000000000000e+00
-1.702248000000041088e+02,0.000000000000000000e+00
-1.701248000000041429e+02,0.000000000000000000e+00
-1.700248000000041202e+02,0.000000000000000000e+00
-1.699248000000041543e+02,0.000000000000000000e+00
-1.698248000000041316e+02,0.000000000000000000e+00
-1.697248000000041657e+02,0.000000000000000000e+00
-1.696248000000041429e+02,0.000000000000000000e+00
-1.695248000000041770e+02,0.000000000000000000e+00
-1.694248000000041543e+02,0.000000000000000000e+00
-1.693248000000041884e+02,0.000000000000000000e+00
-1.692248000000041657e+02,0.000000000000000000e+00
-1.691248000000041998e+02,0.000000000000000000e+00
-1.690248000000041770e+02,0.000000000000000000e+00
-1.689248000000042111e+02,0.000000000000000000e+00
-1.688248000000041884e+02,0.000000000000000000e+00
-1.687248000000042225e+02,0.000000000000000000e+00
-1.686248000000041998e+02,0.000000000000000000e+00
-1.685248000000042339e+02,0.000000000000000000e+00
-1.684248000000042111e+02,0.000000000000000000e+00
-1.683248000000042452e+02,0.000000000000000000e+00
-1.682248000000042225e+02,0.000000000000000000e+00
-1.681248000000042566e+02,0.000000000000000000e+00
-1.680248000000042339e+02,0.000000000000000000e+00
-1.679248000000042680e+02,0.000000000000000000e+00
-1.678248000000042452e+02,0.000000000000000000e+00
-1.677248000000042794e+02,0.000000000000000000e+00
-1.676248000000042566e+02,0.000000000000000000e+00
-1.675248000000042907e+02,0.000000000000000000e+00
-1.674248000000042680e+02,0.000000000000000000e+00
-1.673248000000043021e+02,0.000000000000000000e+00
-1.672248000000042794e+02,0.000000000000000000e+00
-1.671248000000043135e+02,0.000000000000000000e+00
-1.670248000000042907e+02,0.000000000000000000e+00
-1.669248000000043248e+02,0.000000000000000000e+00
-1.668248000000043021e+02,0.000000000000000000e+00
-1.667248000000043362e+02,0.000000000000000000e+00
-1.666248000000043135e+02,0.000000000000000000e+00
-1.665248000000043476e+02,0.000000000000000000e+00
-1.664248000000043248e+02,0.000000000000000000e+00
-1.663248000000043589e+02,0.000000000000000000e+00
-1.662248000000043362e+02,0.000000000000000000e+00
-1.661248000000043703e+02,0.000000000000000000e+00
-1.660248000000043476e+02,0.000000000000000000e+00
-1.659248000000043817e+02,0.000000000000000000e+00
-1.658248000000043589e+02,0.000000000000000000e+00
-1.657248000000043930e+02,0.000000000000000000e+00
-1.656248000000043703e+02,0.000000000000000000e+00
-1.655248000000044044e+02,0.000000000000000000e+00
-1.654248000000043817e+02,0.000000000000000000e+00
-1.653248000000044158e+02,0.000000000000000000e+00
-1.652248000000043930e+02,1.469970600588071811e-03
-1.651248000000044271e+02,4.409911801764215648e-03
-1.650248000000044044e+02,2.519949601008123104e-03
-1.649248000000044385e+02,1.679966400672082069e-03
-1.648248000000044158e+02,0.000000000000000000e+00
-1.647248000000044499e+02,0.000000000000000000e+00
-1.646248000000044271e+02,0.000000000000000000e+00
-1.645248000000044613e+02,0.000000000000000000e+00
-1.644248000000044385e+02,0.000000000000000000e+00
-1.643248000000044726e+02,0.000000000000000000e+00
-1.642248000000044499e+02,0.000000000000000000e+00
-1.641248000000044840e+02,0.000000000000000000e+00
-1.640248000000044613e+02,3.779924401512184656e-03
-1.639248000000044954e+02,1.469970600588071811e-03
-1.638248000000044726e+02,4.619907601848225256e-03
-1.637248000000045067e+02,1.679966400672082069e-03
-1.636248000000044840e+02,5.249895002100256683e-03
-1.635248000000045181e+02,2.099958000840102586e-04
-1.634248000000044954e+02,3.359932801344164138e-03
-1.633248000000045295e+02,3.149937001260153663e-03
-1.632248000000045067e+02,3.149937001260153663e-03
-1.631248000000045408e+02,4.199916001680205173e-04
-1.630248000000045181e+02,1.469970600588071811e-03
-1.629248000000045522e+02,0.000000000000000000e+00
-1.628248000000045295e+02,1.679966400672082069e-03
-1.627248000000045636e+02,0.000000000000000000e+00
-1.626248000000045408e+02,0.000000000000000000e+00
-1.625248000000045749e+02,0.000000000000000000e+00
-1.624248000000045522e+02,0.000000000000000000e+00
-1.623248000000045863e+02,0.000000000000000000e+00
-1.622248000000045636e+02,0.000000000000000000e+00
-1.621248000000045977e+02,0.000000000000000000e+00
-1.620248000000045749e+02,0.000000000000000000e+00
-1.619248000000046090e+02,0.000000000000000000e+00
-1.618248000000045863e+02,0.000000000000000000e+00
-1.617248000000046204e+02,0.000000000000000000e+00
-1.616248000000045977e+02,0.000000000000000000e+00
-1.615248000000046318e+02,0.000000000000000000e+00
-1.614248000000046090e+02,0.000000000000000000e+00
-1.613248000000046432e+02,0.000000000000000000e+00
-1.612248000000046204e+02,0.000000000000000000e+00
-1.611248000000046545e+02,0.000000000000000000e+00
-1.610248000000046318e+02,0.000000000000000000e+00
-1.609248000000046659e+02,2.099958000840102586e-04
-1.608248000000046432e+02,4.199916001680205173e-04
-1.607248000000046773e+02,4.199916001680205173e-04
-1.606248000000046545e+02,2.099958000840102586e-04
-1.605248000000046886e+02,0.000000000000000000e+00
-1.604248000000046659e+02,0.000000000000000000e+00
-1.603248000000047000e+02,0.000000000000000000e+00
-1.602248000000046773e+02,0.000000000000000000e+00
-1.601248000000047114e+02,0.000000000000000000e+00
-1.600248000000046886e+02,0.000000000000000000e+00
-1.599248000000047227e+02,0.000000000000000000e+00
-1.598248000000047000e+02,0.000000000000000000e+00
-1.597248000000047341e+02,4.199916001680205173e-04
-1.596248000000047114e+02,2.099958000840102586e-04
-1.595248000000047455e+02,6.299874002520307759e-04
-1.594248000000047227e+02,2.099958000840102586e-04
-1.593248000000047568e+02,6.299874002520307759e-04
-1.592248000000047341e+02,0.000000000000000000e+00
-1.591248000000047682e+02,4.199916001680205173e-04
-1.590248000000047455e+02,4.199916001680205173e-04
-1.589248000000047796e+02,4.199916001680205173e-04
-1.588248000000047568e+02,0.000000000000000000e+00
-1.587248000000047909e+02,2.099958000840102586e-04
-1.586248000000047682e+02,0.000000000000000000e+00
-1.585248000000048023e+02,2.099958000840102586e-04
-1.584248000000047796e+02,0.000000000000000000e+00
-1.583248000000048137e+02,0.000000000000000000e+00
-1.582248000000047909e+02,0.000000000000000000e+00
-1.581248000000048251e+02,0.000000000000000000e+00
-1.580248000000048023e+02,0.000000000000000000e+00
-1.579248000000048364e+02,0.000000000000000000e+00
-1.578248000000048137e+02,0.000000000000000000e+00
-1.577248000000048478e+02,0.000000000000000000e+00
-1.576248000000048251e+02,0.000000000000000000e+00
-1.575248000000048592e+02,0.000000000000000000e+00
-1.574248000000048364e+02,0.000000000000000000e+00
-1.573248000000048705e+02,0.000000000000000000e+00
-1.572248000000048478e+02,0.000000000000000000e+00
-1.571248000000048819e+02,0.000000000000000000e+00
-1.570248000000048592e+02,0.000000000000000000e+00
-1.569248000000048933e+02,0.000000000000000000e+00
-1.568248000000048705e+02,0.000000000000000000e+00
-1.567248000000049046e+02,0.000000000000000000e+00
-1.566248000000048819e+02,0.000000000000000000e+00
-1.565248000000049160e+02,0.000000000000000000e+00
-1.564248000000048933e+02,0.000000000000000000e+00
-1.563248000000049274e+02,0.000000000000000000e+00
-1.562248000000049046e+02,0.000000000000000000e+00
-1.561248000000049387e+02,0.000000000000000000e+00
-1.560248000000049160e+02,0.000000000000000000e+00
-1.559248000000049501e+02,0.000000000000000000e+00
-1.558248000000049274e+02,0.000000000000000000e+00
-1.557248000000049615e+02,0.000000000000000000e+00
-1.556248000000049387e+02,0.000000000000000000e+00
-1.555248000000049728e+02,0.000000000000000000e+00
-1.554248000000049501e+02,0.000000000000000000e+00
-1.553248000000049842e+02,0.000000000000000000e+00
-1.552248000000049615e+02,0.000000000000000000e+00
-1.551248000000049956e+02,0.000000000000000000e+00
-1.550248000000049728e+02,0.000000000000000000e+00
-1.549248000000050070e+02,0.000000000000000000e+00
-1.548248000000049842e+02,0.000000000000000000e+00
-1.547248000000050183e+02,0.000000000000000000e+00
-1.546248000000049956e+02,0.000000000000000000e+00
-1.545248000000050297e+02,0.000000000000000000e+00
-1.544248000000050070e+02,0.000000000000000000e+00
-1.543248000000050411e+02,0.000000000000000000e+00
-1.542248000000050183e+02,0.000000000000000000e+00
-1.541248000000050524e+02,0.000000000000000000e+00
-1.540248000000050297e+02,0.000000000000000000e+00
-1.539248000000050638e+02,0.000000000000000000e+00
-1.538248000000050411e+02,0.000000000000000000e+00
-1.537248000000050752e+02,0.000000000000000000e+00
-1.536248000000050524e+02,0.000000000000000000e+00
-1.535248000000050865e+02,0.000000000000000000e+00
-1.534248000000050638e+02,0.000000000000000000e+00
-1.533248000000050979e+02,0.000000000000000000e+00
-1.532248000000050752e+02,0.000000000000000000e+00
-1.531248000000051093e+02,0.000000000000000000e+00
-1.530248000000050865e+02,0.000000000000000000e+00
-1.529248000000051206e+02,0.000000000000000000e+00
-1.528248000000050979e+02,0.000000000000000000e+00
-1.527248000000051320e+02,0.000000000000000000e+00
-1.526248000000051093e+02,0.000000000000000000e+00
-1.525248000000051434e+02,0.000000000000000000e+00
-1.524248000000051206e+02,0.000000000000000000e+00
-1.523248000000051547e+02,0.000000000000000000e+00
-1.522248000000051320e+02,0.000000000000000000e+00
-1.521248000000051661e+02,0.000000000000000000e+00
-1.520248000000051434e+02,0.000000000000000000e+00
-1.519248000000051775e+02,0.000000000000000000e+00
-1.518248000000051547e+02,0.000000000000000000e+00
-1.517248000000051888e+02,0.000000000000000000e+00
-1.516248000000051661e+02,0.000000000000000000e+00
-1.515248000000052002e+02,0.000000000000000000e+00
-1.514248000000051775e+02,0.000000000000000000e+00
-1.513248000000052116e+02,0.000000000000000000e+00
-1.512248000000051888e+02,0.000000000000000000e+00
-1.511248000000052230e+02,0.000000000000000000e+00
-1.510248000000052002e+02,0.000000000000000000e+00
-1.509248000000052343e+02,0.000000000000000000e+00
-1.508248000000052116e+02,0.000000000000000000e+00
-1.507248000000052457e+02,0.000000000000000000e+00
-1.506248000000052230e+02,0.000000000000000000e+00
-1.505248000000052571e+02,0.000000000000000000e+00
-1.504248000000052343e+02,4.199916001680205173e-04
-1.503248000000052684e+02,2.099958000840102586e-04
-1.502248000000052457e+02,1.259974800504061552e-03
-1.501248000000052798e+02,1.049979000420051293e-03
-1.500248000000052571e+02,4.199916001680205173e-04
-1.499248000000052912e+02,6.299874002520307759e-04
-1.498248000000052684e+02,0.000000000000000000e+00
-1.497248000000053025e+02,6.299874002520307759e-04
-1.496248000000052798e+02,6.299874002520307759e-04
-1.495248000000053139e+02,4.199916001680205173e-04
-1.494248000000052912e+02,1.259974800504061552e-03
-1.493248000000053253e+02,1.049979000420051293e-03
-1.492248000000053025e+02,4.199916001680205173e-04
-1.491248000000053366e+02,8.399832003360410346e-04
-1.490248000000053139e+02,4.199916001680205173e-04
-1.489248000000053480e+02,1.889962200756092328e-03
-1.488248000000053253e+02,1.049979000420051293e-03
-1.487248000000053594e+02,8.399832003360410346e-04
-1.486248000000053366e+02,6.299874002520307759e-04
-1.485248000000053707e+02,0.000000000000000000e+00
-1.484248000000053480e+02,6.299874002520307759e-04
-1.483248000000053821e+02,2.099958000840102586e-04
-1.482248000000053594e+02,2.099958000840102586e-04
-1.481248000000053935e+02,0.000000000000000000e+00
-1.480248000000053707e+02,0.000000000000000000e+00
-1.479248000000054049e+02,0.000000000000000000e+00
-1.478248000000053821e+02,0.000000000000000000e+00
-1.477248000000054162e+02,0.000000000000000000e+00
-1.476248000000053935e+02,0.000000000000000000e+00
-1.475248000000054276e+02,0.000000000000000000e+00
-1.474248000000054049e+02,0.000000000000000000e+00
-1.473248000000054390e+02,0.000000000000000000e+00
-1.472248000000054162e+02,0.000000000000000000e+00
-1.471248000000054503e+02,0.000000000000000000e+00
-1.470248000000054276e+02,0.000000000000000000e+00
-1.469248000000054617e+02,0.000000000000000000e+00
-1.468248000000054390e+02,0.000000000000000000e+00
-1.467248000000054731e+02,0.000000000000000000e+00
-1.466248000000054503e+02,0.000000000000000000e+00
-1.465248000000054844e+02,0.000000000000000000e+00
-1.464248000000054617e+02,0.000000000000000000e+00
-1.463248000000054958e+02,0.000000000000000000e+00
-1.462248000000054731e+02,0.000000000000000000e+00
-1.461248000000055072e+02,0.000000000000000000e+00
-1.460248000000054844e+02,0.000000000000000000e+00
-1.459248000000055185e+02,0.000000000000000000e+00
-1.458248000000054958e+02,0.000000000000000000e+00
-1.457248000000055299e+02,0.000000000000000000e+00
-1.456248000000055072e+02,0.000000000000000000e+00
-1.455248000000055413e+02,0.000000000000000000e+00
-1.454248000000055185e+02,0.000000000000000000e+00
-1.453248000000055526e+02,0.000000000000000000e+00
-1.452248000000055299e+02,0.000000000000000000e+00
-1.451248000000055640e+02,0.000000000000000000e+00
-1.450248000000055413e+02,0.000000000000000000e+00
-1.449248000000055754e+02,0.000000000000000000e+00
-1.448248000000055526e+02,0.000000000000000000e+00
-1.447248000000055868e+02,0.000000000000000000e+00
-1.446248000000055640e+02,0.000000000000000000e+00
-1.445248000000055981e+02,0.000000000000000000e+00
-1.444248000000055754e+02,1.028979420411650289e-02
-1.443248000000056095e+02,2.162956740865305816e-02
-1.442248000000055868e+02,4.871902561949038174e-02
-1.441248000000056209e+02,6.005879882402694048e-02
-1.440248000000055981e+02,4.115917681646601156e-02
-1.439248000000056322e+02,2.309953800924112802e-02
-1.438248000000056095e+02,1.700965980680483117e-02
-1.437248000000056436e+02,2.330953380932514196e-02
-1.436248000000056209e+02,1.637967240655279974e-02
-1.435248000000056550e+02,1.595968080638477879e-02
-1.434248000000056322e+02,4.619907601848225256e-03
-1.433248000000056663e+02,0.000000000000000000e+00
-1.432248000000056436e+02,0.000000000000000000e+00
-1.431248000000056777e+02,0.000000000000000000e+00
-1.430248000000056550e+02,0.000000000000000000e+00
-1.429248000000056891e+02,0.000000000000000000e+00
-1.428248000000056663e+02,0.000000000000000000e+00
-1.427248000000057004e+02,0.000000000000000000e+00
-1.426248000000056777e+02,0.000000000000000000e+00
-1.425248000000057118e+02,0.000000000000000000e+00
-1.424248000000056891e+02,0.000000000000000000e+00
-1.423248000000057232e+02,0.000000000000000000e+00
-1.422248000000057004e+02,0.000000000000000000e+00
-1.421248000000057345e+02,0.000000000000000000e+00
-1.420248000000057118e+02,0.000000000000000000e+00
-1.419248000000057459e+02,0.000000000000000000e+00
-1.418248000000057232e+02,0.000000000000000000e+00
-1.417248000000057573e+02,0.000000000000000000e+00
-1.416248000000057345e+02,0.000000000000000000e+00
-1.415248000000057687e+02,0.000000000000000000e+00
-1.414248000000057459e+02,0.000000000000000000e+00
-1.413248000000057800e+02,0.000000000000000000e+00
-1.412248000000057573e+02,0.000000000000000000e+00
-1.411248000000057914e+02,0.000000000000000000e+00
-1.410248000000057687e+02,0.000000000000000000e+00
-1.409248000000058028e+02,0.000000000000000000e+00
-1.408248000000057800e+02,0.000000000000000000e+00
-1.407248000000058141e+02,0.000000000000000000e+00
-1.406248000000057914e+02,0.000000000000000000e+00
-1.405248000000058255e+02,0.000000000000000000e+00
-1.404248000000058028e+02,0.000000000000000000e+00
-1.403248000000058369e+02,0.000000000000000000e+00
-1.402248000000058141e+02,0.000000000000000000e+00
-1.401248000000058482e+02,0.000000000000000000e+00
-1.400248000000058255e+02,0.000000000000000000e+00
-1.399248000000058596e+02,0.000000000000000000e+00
-1.398248000000058369e+02,0.000000000000000000e+00
-1.397248000000058710e+02,0.000000000000000000e+00
-1.396248000000058482e+02,0.000000000000000000e+00
-1.395248000000058823e+02,1.679966400672082069e-03
-1.394248000000058596e+02,0.000000000000000000e+00
-1.393248000000058937e+02,0.000000000000000000e+00
-1.392248000000058710e+02,0.000000000000000000e+00
-1.391248000000059051e+02,0.000000000000000000e+00
-1.390248000000058823e+02,0.000000000000000000e+00
-1.389248000000059164e+02,0.000000000000000000e+00
-1.388248000000058937e+02,0.000000000000000000e+00
-1.387248000000059278e+02,1.469970600588071811e-03
-1.386248000000059051e+02,2.099958000840102586e-04
-1.385248000000059392e+02,0.000000000000000000e+00
-1.384248000000059164e+02,0.000000000000000000e+00
-1.383248000000059506e+02,0.000000000000000000e+00
-1.382248000000059278e+02,1.679966400672082069e-03
-1.381248000000059619e+02,0.000000000000000000e+00
-1.380248000000059392e+02,0.000000000000000000e+00
-1.379248000000059733e+02,0.000000000000000000e+00
-1.378248000000059506e+02,0.000000000000000000e+00
-1.377248000000059847e+02,0.000000000000000000e+00
-1.376248000000059619e+02,0.000000000000000000e+00
-1.375248000000059960e+02,0.000000000000000000e+00
-1.374248000000059733e+02,0.000000000000000000e+00
-1.373248000000060074e+02,0.000000000000000000e+00
-1.372248000000059847e+02,0.000000000000000000e+00
-1.371248000000060188e+02,0.000000000000000000e+00
-1.370248000000059960e+02,0.000000000000000000e+00
-1.369248000000060301e+02,0.000000000000000000e+00
-1.368248000000060074e+02,0.000000000000000000e+00
-1.367248000000060415e+02,0.000000000000000000e+00
-1.366248000000060188e+02,0.000000000000000000e+00
-1.365248000000060529e+02,0.000000000000000000e+00
-1.364248000000060301e+02,0.000000000000000000e+00
-1.363248000000060642e+02,0.000000000000000000e+00
-1.362248000000060415e+02,0.000000000000000000e+00
-1.361248000000060756e+02,0.000000000000000000e+00
-1.360248000000060529e+02,0.000000000000000000e+00
-1.359248000000060870e+02,0.000000000000000000e+00
-1.358248000000060642e+02,0.000000000000000000e+00
-1.357248000000060983e+02,0.000000000000000000e+00
-1.356248000000060756e+02,0.000000000000000000e+00
-1.355248000000061097e+02,0.000000000000000000e+00
-1.354248000000060870e+02,0.000000000000000000e+00
-1.353248000000061211e+02,0.000000000000000000e+00
-1.352248000000060983e+02,2.099958000840102586e-04
-1.351248000000061324e+02,0.000000000000000000e+00
-1.350248000000061097e+02,0.000000000000000000e+00
-1.349248000000061438e+02,0.000000000000000000e+00
-1.348248000000061211e+02,0.000000000000000000e+00
-1.347248000000061552e+02,0.000000000000000000e+00
-1.346248000000061324e+02,0.000000000000000000e+00
-1.345248000000061666e+02,0.000000000000000000e+00
-1.344248000000061438e+02,2.099958000840102586e-04
-1.343248000000061779e+02,0.000000000000000000e+00
-1.342248000000061552e+02,0.000000000000000000e+00
-1.341248000000061893e+02,0.000000000000000000e+00
-1.340248000000061666e+02,0.000000000000000000e+00
-1.339248000000062007e+02,2.099958000840102586e-04
-1.338248000000061779e+02,0.000000000000000000e+00
-1.337248000000062120e+02,0.000000000000000000e+00
-1.336248000000061893e+02,0.000000000000000000e+00
-1.335248000000062234e+02,4.577908441831424202e-02
-1.334248000000062007e+02,4.598908021839824556e-02
-1.333248000000062348e+02,2.309953800924112628e-03
-1.332248000000062120e+02,0.000000000000000000e+00
-1.331248000000062461e+02,0.000000000000000000e+00
-1.330248000000062234e+02,0.000000000000000000e+00
-1.329248000000062575e+02,0.000000000000000000e+00
-1.328248000000062348e+02,0.000000000000000000e+00
-1.327248000000062689e+02,0.000000000000000000e+00
-1.326248000000062461e+02,0.000000000000000000e+00
-1.325248000000062802e+02,0.000000000000000000e+00
-1.324248000000062575e+02,0.000000000000000000e+00
-1.323248000000062916e+02,0.000000000000000000e+00
-1.322248000000062689e+02,0.000000000000000000e+00
-1.321248000000063030e+02,0.000000000000000000e+00
-1.320248000000062802e+02,0.000000000000000000e+00
-1.319248000000063143e+02,0.000000000000000000e+00
-1.318248000000062916e+02,0.000000000000000000e+00
-1.317248000000063257e+02,0.000000000000000000e+00
-1.316248000000063030e+02,0.000000000000000000e+00
-1.315248000000063371e+02,0.000000000000000000e+00
-1.314248000000063143e+02,0.000000000000000000e+00
-1.313248000000063485e+02,0.000000000000000000e+00
-1.312248000000063257e+02,0.000000000000000000e+00
-1.311248000000063598e+02,0.000000000000000000e+00
-1.310248000000063371e+02,0.000000000000000000e+00
-1.309248000000063712e+02,2.099958000840102586e-03
-1.308248000000063485e+02,2.309953800924112628e-03
-1.307248000000063826e+02,7.559848803024369311e-03
-1.306248000000063598e+02,7.349853002940358836e-03
-1.305248000000063939e+02,3.989920201596194697e-03
-1.304248000000063712e+02,3.359932801344164138e-03
-1.303248000000064053e+02,1.469970600588071811e-03
-1.302248000000063826e+02,3.569928601428174180e-03
-1.301248000000064167e+02,1.469970600588071811e-03
-1.300248000000063939e+02,1.889962200756092328e-03
-1.299248000000064280e+02,2.099958000840102586e-04
-1.298248000000064053e+02,0.000000000000000000e+00
-1.297248000000064394e+02,0.000000000000000000e+00
-1.296248000000064167e+02,0.000000000000000000e+00
-1.295248000000064508e+02,0.000000000000000000e+00
-1.294248000000064280e+02,0.000000000000000000e+00
-1.293248000000064621e+02,0.000000000000000000e+00
-1.292248000000064394e+02,5.249895002100256683e-03
-1.291248000000064735e+02,6.299874002520307326e-03
-1.290248000000064508e+02,2.099958000840102586e-04
-1.289248000000064849e+02,0.000000000000000000e+00
-1.288248000000064621e+02,0.000000000000000000e+00
-1.287248000000064962e+02,0.000000000000000000e+00
-1.286248000000064735e+02,0.000000000000000000e+00
-1.285248000000065076e+02,0.000000000000000000e+00
-1.284248000000064849e+02,0.000000000000000000e+00
-1.283248000000065190e+02,0.000000000000000000e+00
-1.282248000000064962e+02,0.000000000000000000e+00
-1.281248000000065304e+02,0.000000000000000000e+00
-1.280248000000065076e+02,0.000000000000000000e+00
-1.279248000000065275e+02,0.000000000000000000e+00
-1.278248000000065332e+02,0.000000000000000000e+00
-1.277248000000065389e+02,1.469970600588071811e-03
-1.276248000000065446e+02,2.099958000840102586e-03
-1.275248000000065502e+02,6.299874002520307326e-03
-1.274248000000065559e+02,9.659806803864471464e-03
-1.273248000000065616e+02,1.301973960520863560e-02
-1.272248000000065673e+02,1.994960100798097435e-02
-1.271248000000065730e+02,2.309953800924112802e-02
-1.270248000000065787e+02,2.204955900882107911e-02
-1.269248000000065844e+02,2.057958840823300578e-02
-1.268248000000065900e+02,2.078958420831701626e-02
-1.267248000000065957e+02,1.931961360772894293e-02
-1.266248000000066014e+02,1.511969760604873862e-02
-1.265248000000066071e+02,9.029819403612441772e-03
-1.264248000000066128e+02,7.979840403192389395e-03
-1.263248000000066185e+02,4.199916001680205173e-03
-1.262248000000066241e+02,3.779924401512184656e-03
-1.261248000000066298e+02,2.519949601008123104e-03
-1.260248000000066355e+02,6.299874002520307759e-04
-1.259248000000066412e+02,0.000000000000000000e+00
-1.258248000000066469e+02,0.000000000000000000e+00
-1.257248000000066526e+02,0.000000000000000000e+00
-1.256248000000066583e+02,0.000000000000000000e+00
-1.255248000000066639e+02,0.000000000000000000e+00
-1.254248000000066696e+02,0.000000000000000000e+00
-1.253248000000066753e+02,0.000000000000000000e+00
-1.252248000000066810e+02,0.000000000000000000e+00
-1.251248000000066867e+02,0.000000000000000000e+00
-1.250248000000066924e+02,0.000000000000000000e+00
-1.249248000000066980e+02,0.000000000000000000e+00
-1.248248000000067037e+02,0.000000000000000000e+00
-1.247248000000067094e+02,0.000000000000000000e+00
-1.246248000000067151e+02,0.000000000000000000e+00
-1.245248000000067208e+02,0.000000000000000000e+00
-1.244248000000067265e+02,0.000000000000000000e+00
-1.243248000000067321e+02,0.000000000000000000e+00
-1.242248000000067378e+02,0.000000000000000000e+00
-1.241248000000067435e+02,0.000000000000000000e+00
-1.240248000000067492e+02,0.000000000000000000e+00
-1.239248000000067549e+02,0.000000000000000000e+00
-1.238248000000067606e+02,0.000000000000000000e+00
-1.237248000000067663e+02,0.000000000000000000e+00
-1.236248000000067719e+02,0.000000000000000000e+00
-1.235248000000067776e+02,0.000000000000000000e+00
-1.234248000000067833e+02,0.000000000000000000e+00
-1.233248000000067890e+02,0.000000000000000000e+00
-1.232248000000067947e+02,0.000000000000000000e+00
-1.231248000000068004e+02,0.000000000000000000e+00
-1.230248000000068060e+02,0.000000000000000000e+00
-1.229248000000068117e+02,0.000000000000000000e+00
-1.228248000000068174e+02,0.000000000000000000e+00
-1.227248000000068231e+02,0.000000000000000000e+00
-1.226248000000068288e+02,0.000000000000000000e+00
-1.225248000000068345e+02,0.000000000000000000e+00
-1.224248000000068402e+02,0.000000000000000000e+00
-1.223248000000068458e+02,0.000000000000000000e+00
-1.222248000000068515e+02,0.000000000000000000e+00
-1.221248000000068572e+02,0.000000000000000000e+00
-1.220248000000068629e+02,0.000000000000000000e+00
-1.219248000000068686e+02,0.000000000000000000e+00
-1.218248000000068743e+02,0.000000000000000000e+00
-1.217248000000068799e+02,0.000000000000000000e+00
-1.216248000000068856e+02,0.000000000000000000e+00
-1.215248000000068913e+02,0.000000000000000000e+00
-1.214248000000068970e+02,0.000000000000000000e+00
-1.213248000000069027e+02,0.000000000000000000e+00
-1.212248000000069084e+02,0.000000000000000000e+00
-1.211248000000069140e+02,0.000000000000000000e+00
-1.210248000000069197e+02,0.000000000000000000e+00
-1.209248000000069254e+02,0.000000000000000000e+00
-1.208248000000069311e+02,0.000000000000000000e+00
-1.207248000000069368e+02,0.000000000000000000e+00
-1.206248000000069425e+02,0.000000000000000000e+00
-1.205248000000069482e+02,0.000000000000000000e+00
-1.204248000000069538e+02,0.000000000000000000e+00
-1.203248000000069595e+02,0.000000000000000000e+00
-1.202248000000069652e+02,0.000000000000000000e+00
-1.201248000000069709e+02,0.000000000000000000e+00
-1.200248000000069766e+02,8.189836203276399870e-03
-1.199248000000069823e+02,3.569928601428174180e-03
-1.198248000000069879e+02,0.000000000000000000e+00
-1.197248000000069936e+02,0.000000000000000000e+00
-1.196248000000069993e+02,0.000000000000000000e+00
-1.195248000000070050e+02,0.000000000000000000e+00
-1.194248000000070107e+02,0.000000000000000000e+00
-1.193248000000070164e+02,0.000000000000000000e+00
-1.192248000000070220e+02,4.199916001680205173e-04
-1.191248000000070277e+02,6.299874002520307759e-04
-1.190248000000070334e+02,1.679966400672082069e-03
-1.189248000000070391e+02,2.939941201176143621e-03
-1.188248000000070448e+02,4.199916001680205173e-03
-1.187248000000070505e+02,3.569928601428174180e-03
-1.186248000000070562e+02,4.409911801764215648e-03
-1.185248000000070618e+02,3.989920201596194697e-03
-1.184248000000070675e+02,2.099958000840102586e-03
-1.183248000000070732e+02,2.939941201176143621e-03
-1.182248000000070789e+02,2.309953800924112628e-03
-1.181248000000070846e+02,2.729945401092133146e-03
-1.180248000000070903e+02,1.679966400672082069e-03
-1.179248000000070959e+02,1.469970600588071811e-03
-1.178248000000071016e+02,1.469970600588071811e-03
-1.177248000000071073e+02,1.259974800504061552e-03
-1.176248000000071130e+02,6.299874002520307759e-04
-1.175248000000071187e+02,8.399832003360410346e-04
-1.174248000000071244e+02,2.099958000840102586e-04
-1.173248000000071301e+02,4.199916001680205173e-04
-1.172248000000071357e+02,2.099958000840102586e-04
-1.171248000000071414e+02,2.099958000840102586e-04
-1.170248000000071471e+02,0.000000000000000000e+00
-1.169248000000071528e+02,0.000000000000000000e+00
-1.168248000000071585e+02,5.459890802184266291e-03
-1.167248000000071642e+02,3.569928601428174180e-03
-1.166248000000071698e+02,5.669886602268276767e-03
-1.165248000000071755e+02,1.133977320453655353e-02
-1.164248000000071812e+02,1.259974800504061465e-02
-1.163248000000071869e+02,6.719865602688328277e-03
-1.162248000000071926e+02,6.509869802604317801e-03
-1.161248000000071983e+02,6.929861402772338752e-03
-1.160248000000072039e+02,8.399832003360410346e-03
-1.159248000000072096e+02,0.000000000000000000e+00
-1.158248000000072153e+02,0.000000000000000000e+00
-1.157248000000072210e+02,1.049979000420051293e-03
-1.156248000000072267e+02,4.199916001680205173e-04
-1.155248000000072324e+02,0.000000000000000000e+00
-1.154248000000072381e+02,0.000000000000000000e+00
-1.153248000000072437e+02,0.000000000000000000e+00
-1.152248000000072494e+02,0.000000000000000000e+00
-1.151248000000072551e+02,0.000000000000000000e+00
-1.150248000000072608e+02,0.000000000000000000e+00
-1.149248000000072665e+02,0.000000000000000000e+00
-1.148248000000072722e+02,0.000000000000000000e+00
-1.147248000000072778e+02,0.000000000000000000e+00
-1.146248000000072835e+02,0.000000000000000000e+00
-1.145248000000072892e+02,0.000000000000000000e+00
-1.144248000000072949e+02,0.000000000000000000e+00
-1.143248000000073006e+02,0.000000000000000000e+00
-1.142248000000073063e+02,0.000000000000000000e+00
-1.141248000000073120e+02,0.000000000000000000e+00
-1.140248000000073176e+02,0.000000000000000000e+00
-1.139248000000073233e+02,0.000000000000000000e+00
-1.138248000000073290e+02,0.000000000000000000e+00
-1.137248000000073347e+02,0.000000000000000000e+00
-1.136248000000073404e+02,0.000000000000000000e+00
-1.135248000000073461e+02,0.000000000000000000e+00
-1.134248000000073517e+02,0.000000000000000000e+00
-1.133248000000073574e+02,0.000000000000000000e+00
-1.132248000000073631e+02,0.000000000000000000e+00
-1.131248000000073688e+02,0.000000000000000000e+00
-1.130248000000073745e+02,0.000000000000000000e+00
-1.129248000000073802e+02,0.000000000000000000e+00
-1.128248000000073858e+02,0.000000000000000000e+00
-1.127248000000073915e+02,0.000000000000000000e+00
-1.126248000000073972e+02,0.000000000000000000e+00
-1.125248000000074029e+02,6.299874002520307759e-04
-1.124248000000074086e+02,4.199916001680205173e-04
-1.123248000000074143e+02,6.299874002520307759e-04
-1.122248000000074200e+02,1.469970600588071811e-03
-1.121248000000074256e+02,1.469970600588071811e-03
-1.120248000000074313e+02,1.049979000420051293e-03
-1.119248000000074370e+02,8.399832003360410346e-04
-1.118248000000074427e+02,8.399832003360410346e-04
-1.117248000000074484e+02,1.049979000420051293e-03
-1.116248000000074541e+02,0.000000000000000000e+00
-1.115248000000074597e+02,0.000000000000000000e+00
-1.114248000000074654e+02,0.000000000000000000e+00
-1.113248000000074711e+02,0.000000000000000000e+00
-1.112248000000074768e+02,0.000000000000000000e+00
-1.111248000000074825e+02,0.000000000000000000e+00
-1.110248000000074882e+02,0.000000000000000000e+00
-1.109248000000074938e+02,0.000000000000000000e+00
-1.108248000000074995e+02,0.000000000000000000e+00
-1.107248000000075052e+02,0.000000000000000000e+00
-1.106248000000075109e+02,0.000000000000000000e+00
-1.105248000000075166e+02,0.000000000000000000e+00
-1.104248000000075223e+02,0.000000000000000000e+00
-1.103248000000075280e+02,0.000000000000000000e+00
-1.102248000000075336e+02,0.000000000000000000e+00
-1.101248000000075393e+02,0.000000000000000000e+00
-1.100248000000075450e+02,0.000000000000000000e+00
-1.099248000000075507e+02,0.000000000000000000e+00
-1.098248000000075564e+02,0.000000000000000000e+00
-1.097248000000075621e+02,0.000000000000000000e+00
-1.096248000000075677e+02,0.000000000000000000e+00
-1.095248000000075734e+02,0.000000000000000000e+00
-1.094248000000075791e+02,0.000000000000000000e+00
-1.093248000000075848e+02,0.000000000000000000e+00
-1.092248000000075905e+02,0.000000000000000000e+00
-1.091248000000075962e+02,0.000000000000000000e+00
-1.090248000000076019e+02,0.000000000000000000e+00
-1.089248000000076075e+02,0.000000000000000000e+00
-1.088248000000076132e+02,0.000000000000000000e+00
-1.087248000000076189e+02,0.000000000000000000e+00
-1.086248000000076246e+02,0.000000000000000000e+00
-1.085248000000076303e+02,0.000000000000000000e+00
-1.084248000000076360e+02,0.000000000000000000e+00
-1.083248000000076416e+02,1.469970600588071811e-03
-1.082248000000076473e+02,1.889962200756092328e-03
-1.081248000000076530e+02,1.679966400672082069e-03
-1.080248000000076587e+02,1.469970600588071811e-03
-1.079248000000076644e+02,3.359932801344164138e-03
-1.078248000000076701e+02,2.099958000840102586e-04
-1.077248000000076757e+02,0.000000000000000000e+00
-1.076248000000076814e+02,0.000000000000000000e+00
-1.075248000000076871e+02,1.469970600588071811e-03
-1.074248000000076928e+02,2.099958000840102586e-04
-1.073248000000076985e+02,0.000000000000000000e+00
-1.072248000000077042e+02,0.000000000000000000e+00
-1.071248000000077099e+02,1.679966400672082069e-03
-1.070248000000077155e+02,0.000000000000000000e+00
-1.069248000000077212e+02,0.000000000000000000e+00
-1.068248000000077269e+02,0.000000000000000000e+00
-1.067248000000077326e+02,0.000000000000000000e+00
-1.066248000000077383e+02,0.000000000000000000e+00
-1.065248000000077440e+02,0.000000000000000000e+00
-1.064248000000077496e+02,0.000000000000000000e+00
-1.063248000000077553e+02,0.000000000000000000e+00
-1.062248000000077610e+02,0.000000000000000000e+00
-1.061248000000077667e+02,0.000000000000000000e+00
-1.060248000000077724e+02,0.000000000000000000e+00
-1.059248000000077781e+02,0.000000000000000000e+00
-1.058248000000077838e+02,0.000000000000000000e+00
-1.057248000000077894e+02,0.000000000000000000e+00
-1.056248000000077951e+02,0.000000000000000000e+00
-1.055248000000078008e+02,0.000000000000000000e+00
-1.054248000000078065e+02,0.000000000000000000e+00
-1.053248000000078122e+02,0.000000000000000000e+00
-1.052248000000078179e+02,0.000000000000000000e+00
-1.051248000000078235e+02,0.000000000000000000e+00
-1.050248000000078292e+02,0.000000000000000000e+00
-1.049248000000078349e+02,0.000000000000000000e+00
-1.048248000000078406e+02,0.000000000000000000e+00
-1.047248000000078463e+02,0.000000000000000000e+00
-1.046248000000078520e+02,0.000000000000000000e+00
-1.045248000000078576e+02,0.000000000000000000e+00
-1.044248000000078633e+02,0.000000000000000000e+00
-1.043248000000078690e+02,0.000000000000000000e+00
-1.042248000000078747e+02,0.000000000000000000e+00
-1.041248000000078804e+02,0.000000000000000000e+00
-1.040248000000078861e+02,2.099958000840102586e-04
-1.039248000000078918e+02,2.099958000840102586e-04
-1.038248000000078974e+02,2.099958000840102586e-04
-1.037248000000079031e+02,2.099958000840102586e-04
-1.036248000000079088e+02,4.199916001680205173e-04
-1.035248000000079145e+02,0.000000000000000000e+00
-1.034248000000079202e+02,0.000000000000000000e+00
-1.033248000000079259e+02,0.000000000000000000e+00
-1.032248000000079315e+02,0.000000000000000000e+00
-1.031248000000079372e+02,2.099958000840102586e-04
-1.030248000000079429e+02,0.000000000000000000e+00
-1.029248000000079486e+02,0.000000000000000000e+00
-1.028248000000079543e+02,2.099958000840102586e-04
-1.027248000000079600e+02,0.000000000000000000e+00
-1.026248000000079657e+02,0.000000000000000000e+00
-1.025248000000079713e+02,0.000000000000000000e+00
-1.024248000000079770e+02,0.000000000000000000e+00
-1.023248000000079827e+02,0.000000000000000000e+00
-1.022248000000079884e+02,0.000000000000000000e+00
-1.021248000000079941e+02,0.000000000000000000e+00
-1.020248000000079998e+02,0.000000000000000000e+00
-1.019248000000080054e+02,0.000000000000000000e+00
-1.018248000000080111e+02,0.000000000000000000e+00
-1.017248000000080168e+02,0.000000000000000000e+00
-1.016248000000080225e+02,0.000000000000000000e+00
-1.015248000000080282e+02,0.000000000000000000e+00
-1.014248000000080339e+02,0.000000000000000000e+00
-1.013248000000080395e+02,0.000000000000000000e+00
-1.012248000000080452e+02,0.000000000000000000e+00
-1.011248000000080509e+02,0.000000000000000000e+00
-1.010248000000080566e+02,0.000000000000000000e+00
-1.009248000000080623e+02,0.000000000000000000e+00
-1.008248000000080680e+02,0.000000000000000000e+00
-1.007248000000080737e+02,0.000000000000000000e+00
-1.006248000000080793e+02,0.000000000000000000e+00
-1.005248000000080850e+02,0.000000000000000000e+00
-1.004248000000080907e+02,0.000000000000000000e+00
-1.003248000000080964e+02,0.000000000000000000e+00
-1.002248000000081021e+02,0.000000000000000000e+00
-1.001248000000081078e+02,0.000000000000000000e+00
-1.000248000000081134e+02,0.000000000000000000e+00
-9.992480000000811913e+01,0.000000000000000000e+00
-9.982480000000812481e+01,0.000000000000000000e+00
-9.972480000000813050e+01,0.000000000000000000e+00
-9.962480000000813618e+01,0.000000000000000000e+00
-9.952480000000814186e+01,0.000000000000000000e+00
-9.942480000000814755e+01,0.000000000000000000e+00
-9.932480000000815323e+01,0.000000000000000000e+00
-9.922480000000815892e+01,0.000000000000000000e+00
-9.912480000000816460e+01,0.000000000000000000e+00
-9.902480000000817029e+01,0.000000000000000000e+00
-9.892480000000817597e+01,0.000000000000000000e+00
-9.882480000000818166e+01,0.000000000000000000e+00
-9.872480000000818734e+01,0.000000000000000000e+00
-9.862480000000819302e+01,0.000000000000000000e+00
-9.852480000000819871e+01,0.000000000000000000e+00
-9.842480000000820439e+01,0.000000000000000000e+00
-9.832480000000821008e+01,0.000000000000000000e+00
-9.822480000000821576e+01,0.000000000000000000e+00
-9.812480000000822145e+01,0.000000000000000000e+00
-9.802480000000822713e+01,0.000000000000000000e+00
-9.792480000000823281e+01,0.000000000000000000e+00
-9.782480000000823850e+01,0.000000000000000000e+00
-9.772480000000824418e+01,0.000000000000000000e+00
-9.762480000000824987e+01,0.000000000000000000e+00
-9.752480000000825555e+01,0.000000000000000000e+00
-9.742480000000826124e+01,0.000000000000000000e+00
-9.732480000000826692e+01,0.000000000000000000e+00
-9.722480000000827260e+01,0.000000000000000000e+00
-9.712480000000827829e+01,0.000000000000000000e+00
-9.702480000000828397e+01,0.000000000000000000e+00
-9.692480000000828966e+01,0.000000000000000000e+00
-9.682480000000829534e+01,0.000000000000000000e+00
-9.672480000000830103e+01,0.000000000000000000e+00
-9.662480000000830671e+01,0.000000000000000000e+00
-9.652480000000831240e+01,0.000000000000000000e+00
-9.642480000000831808e+01,0.000000000000000000e+00
-9.632480000000832376e+01,0.000000000000000000e+00
-9.622480000000832945e+01,0.000000000000000000e+00
-9.612480000000833513e+01,0.000000000000000000e+00
-9.602480000000834082e+01,0.000000000000000000e+00
-9.592480000000834650e+01,0.000000000000000000e+00
-9.582480000000835219e+01,0.000000000000000000e+00
-9.572480000000835787e+01,0.000000000000000000e+00
-9.562480000000836355e+01,0.000000000000000000e+00
-9.552480000000836924e+01,0.000000000000000000e+00
-9.542480000000837492e+01,0.000000000000000000e+00
-9.532480000000838061e+01,0.000000000000000000e+00
-9.522480000000838629e+01,0.000000000000000000e+00
-9.512480000000839198e+01,0.000000000000000000e+00
-9.502480000000839766e+01,0.000000000000000000e+00
-9.492480000000840334e+01,0.000000000000000000e+00
-9.482480000000840903e+01,0.000000000000000000e+00
-9.472480000000841471e+01,0.000000000000000000e+00
-9.462480000000842040e+01,0.000000000000000000e+00
-9.452480000000842608e+01,0.000000000000000000e+00
-9.442480000000843177e+01,0.000000000000000000e+00
-9.432480000000843745e+01,0.000000000000000000e+00
-9.422480000000844313e+01,0.000000000000000000e+00
-9.412480000000844882e+01,0.000000000000000000e+00
-9.402480000000845450e+01,0.000000000000000000e+00
-9.392480000000846019e+01,0.000000000000000000e+00
-9.382480000000846587e+01,0.000000000000000000e+00
-9.372480000000847156e+01,0.000000000000000000e+00
-9.362480000000847724e+01,0.000000000000000000e+00
-9.352480000000848293e+01,0.000000000000000000e+00
-9.342480000000848861e+01,0.000000000000000000e+00
-9.332480000000849429e+01,0.000000000000000000e+00
-9.322480000000849998e+01,0.000000000000000000e+00
-9.312480000000850566e+01,0.000000000000000000e+00
-9.302480000000851135e+01,0.000000000000000000e+00
-9.292480000000851703e+01,0.000000000000000000e+00
-9.282480000000852272e+01,0.000000000000000000e+00
-9.272480000000852840e+01,0.000000000000000000e+00
-9.262480000000853408e+01,0.000000000000000000e+00
-9.252480000000853977e+01,0.000000000000000000e+00
-9.242480000000854545e+01,0.000000000000000000e+00
-9.232480000000855114e+01,0.000000000000000000e+00
-9.222480000000855682e+01,0.000000000000000000e+00
-9.212480000000856251e+01,0.000000000000000000e+00
-9.202480000000856819e+01,0.000000000000000000e+00
-9.192480000000857387e+01,0.000000000000000000e+00
-9.182480000000857956e+01,0.000000000000000000e+00
-9.172480000000858524e+01,0.000000000000000000e+00
-9.162480000000859093e+01,0.000000000000000000e+00
-9.152480000000859661e+01,0.000000000000000000e+00
-9.142480000000860230e+01,0.000000000000000000e+00
-9.132480000000860798e+01,0.000000000000000000e+00
-9.122480000000861367e+01,0.000000000000000000e+00
-9.112480000000861935e+01,0.000000000000000000e+00
-9.102480000000862503e+01,0.000000000000000000e+00
-9.092480000000863072e+01,0.000000000000000000e+00
-9.082480000000863640e+01,0.000000000000000000e+00
-9.072480000000864209e+01,0.000000000000000000e+00
-9.062480000000864777e+01,0.000000000000000000e+00
-9.052480000000865346e+01,0.000000000000000000e+00
-9.042480000000865914e+01,0.000000000000000000e+00
-9.032480000000866482e+01,0.000000000000000000e+00
-9.022480000000867051e+01,0.000000000000000000e+00
-9.012480000000867619e+01,0.000000000000000000e+00
-9.002480000000868188e+01,0.000000000000000000e+00
-8.992480000000868756e+01,0.000000000000000000e+00
-8.982480000000869325e+01,0.000000000000000000e+00
-8.972480000000869893e+01,0.000000000000000000e+00
-8.962480000000870461e+01,0.000000000000000000e+00
-8.952480000000871030e+01,0.000000000000000000e+00
-8.942480000000871598e+01,0.000000000000000000e+00
-8.932480000000872167e+01,0.000000000000000000e+00
-8.922480000000872735e+01,0.000000000000000000e+00
-8.912480000000873304e+01,0.000000000000000000e+00
-8.902480000000873872e+01,0.000000000000000000e+00
-8.892480000000874441e+01,0.000000000000000000e+00
-8.882480000000875009e+01,0.000000000000000000e+00
-8.872480000000875577e+01,0.000000000000000000e+00
-8.862480000000876146e+01,0.000000000000000000e+00
-8.852480000000876714e+01,0.000000000000000000e+00
-8.842480000000877283e+01,0.000000000000000000e+00
-8.832480000000877851e+01,0.000000000000000000e+00
-8.822480000000878420e+01,0.000000000000000000e+00
-8.812480000000878988e+01,0.000000000000000000e+00
-8.802480000000879556e+01,0.000000000000000000e+00
-8.792480000000880125e+01,0.000000000000000000e+00
-8.782480000000880693e+01,0.000000000000000000e+00
-8.772480000000881262e+01,0.000000000000000000e+00
-8.762480000000881830e+01,0.000000000000000000e+00
-8.752480000000882399e+01,0.000000000000000000e+00
-8.742480000000882967e+01,0.000000000000000000e+00
-8.732480000000883535e+01,0.000000000000000000e+00
-8.722480000000884104e+01,0.000000000000000000e+00
-8.712480000000884672e+01,0.000000000000000000e+00
-8.702480000000885241e+01,0.000000000000000000e+00
-8.692480000000885809e+01,0.000000000000000000e+00
-8.682480000000886378e+01,0.000000000000000000e+00
-8.672480000000886946e+01,0.000000000000000000e+00
-8.662480000000887514e+01,0.000000000000000000e+00
-8.652480000000888083e+01,0.000000000000000000e+00
-8.642480000000888651e+01,0.000000000000000000e+00
-8.632480000000889220e+01,0.000000000000000000e+00
-8.622480000000889788e+01,0.000000000000000000e+00
-8.612480000000890357e+01,0.000000000000000000e+00
-8.602480000000890925e+01,0.000000000000000000e+00
-8.592480000000891494e+01,0.000000000000000000e+00
-8.582480000000892062e+01,2.099958000840102586e-04
-8.572480000000892630e+01,1.049979000420051293e-03
-8.562480000000893199e+01,2.309953800924112628e-03
-8.552480000000893767e+01,2.309953800924112628e-03
-8.542480000000894336e+01,3.149937001260153663e-03
-8.532480000000894904e+01,2.309953800924112628e-03
-8.522480000000895473e+01,2.729945401092133146e-03
-8.512480000000896041e+01,3.569928601428174180e-03
-8.502480000000896609e+01,2.099958000840102586e-03
-8.492480000000897178e+01,2.309953800924112628e-03
-8.482480000000897746e+01,8.399832003360410346e-04
-8.472480000000898315e+01,1.049979000420051293e-03
-8.462480000000898883e+01,6.299874002520307759e-04
-8.452480000000899452e+01,4.199916001680205173e-04
-8.442480000000900020e+01,2.099958000840102586e-04
-8.432480000000900588e+01,0.000000000000000000e+00
-8.422480000000901157e+01,0.000000000000000000e+00
-8.412480000000901725e+01,0.000000000000000000e+00
-8.402480000000902294e+01,0.000000000000000000e+00
-8.392480000000902862e+01,0.000000000000000000e+00
-8.382480000000903431e+01,0.000000000000000000e+00
-8.372480000000903999e+01,0.000000000000000000e+00
-8.362480000000904568e+01,0.000000000000000000e+00
-8.352480000000905136e+01,0.000000000000000000e+00
-8.342480000000905704e+01,0.000000000000000000e+00
-8.332480000000906273e+01,0.000000000000000000e+00
-8.322480000000906841e+01,0.000000000000000000e+00
-8.312480000000907410e+01,0.000000000000000000e+00
-8.302480000000907978e+01,0.000000000000000000e+00
-8.292480000000908547e+01,0.000000000000000000e+00
-8.282480000000909115e+01,0.000000000000000000e+00
-8.272480000000909683e+01,0.000000000000000000e+00
-8.262480000000910252e+01,0.000000000000000000e+00
-8.252480000000910820e+01,0.000000000000000000e+00
-8.242480000000911389e+01,0.000000000000000000e+00
-8.232480000000911957e+01,0.000000000000000000e+00
-8.222480000000912526e+01,0.000000000000000000e+00
-8.212480000000913094e+01,0.000000000000000000e+00
-8.202480000000913662e+01,0.000000000000000000e+00
-8.192480000000914231e+01,0.000000000000000000e+00
-8.182480000000914799e+01,0.000000000000000000e+00
-8.172480000000915368e+01,0.000000000000000000e+00
-8.162480000000915936e+01,0.000000000000000000e+00
-8.152480000000916505e+01,0.000000000000000000e+00
-8.142480000000917073e+01,0.000000000000000000e+00
-8.132480000000917642e+01,0.000000000000000000e+00
-8.122480000000918210e+01,0.000000000000000000e+00
-8.112480000000918778e+01,0.000000000000000000e+00
-8.102480000000919347e+01,0.000000000000000000e+00
-8.092480000000919915e+01,0.000000000000000000e+00
-8.082480000000920484e+01,0.000000000000000000e+00
-8.072480000000921052e+01,0.000000000000000000e+00
-8.062480000000921621e+01,0.000000000000000000e+00
-8.052480000000922189e+01,0.000000000000000000e+00
-8.042480000000922757e+01,0.000000000000000000e+00
-8.032480000000923326e+01,0.000000000000000000e+00
-8.022480000000923894e+01,0.000000000000000000e+00
-8.012480000000924463e+01,0.000000000000000000e+00
-8.002480000000925031e+01,0.000000000000000000e+00
-7.992480000000925600e+01,0.000000000000000000e+00
-7.982480000000926168e+01,0.000000000000000000e+00
-7.972480000000926736e+01,0.000000000000000000e+00
-7.962480000000927305e+01,0.000000000000000000e+00
-7.952480000000927873e+01,0.000000000000000000e+00
-7.942480000000928442e+01,0.000000000000000000e+00
-7.932480000000929010e+01,0.000000000000000000e+00
-7.922480000000929579e+01,0.000000000000000000e+00
-7.912480000000930147e+01,0.000000000000000000e+00
-7.902480000000930715e+01,0.000000000000000000e+00
-7.892480000000931284e+01,0.000000000000000000e+00
-7.882480000000931852e+01,0.000000000000000000e+00
-7.872480000000932421e+01,0.000000000000000000e+00
-7.862480000000932989e+01,0.000000000000000000e+00
-7.852480000000933558e+01,0.000000000000000000e+00
-7.842480000000934126e+01,0.000000000000000000e+00
-7.832480000000934695e+01,0.000000000000000000e+00
-7.822480000000935263e+01,0.000000000000000000e+00
-7.812480000000935831e+01,0.000000000000000000e+00
-7.802480000000936400e+01,0.000000000000000000e+00
-7.792480000000936968e+01,0.000000000000000000e+00
-7.782480000000937537e+01,0.000000000000000000e+00
-7.772480000000938105e+01,0.000000000000000000e+00
-7.762480000000938674e+01,0.000000000000000000e+00
-7.752480000000939242e+01,0.000000000000000000e+00
-7.742480000000939810e+01,0.000000000000000000e+00
-7.732480000000940379e+01,0.000000000000000000e+00
-7.722480000000940947e+01,0.000000000000000000e+00
-7.712480000000941516e+01,0.000000000000000000e+00
-7.702480000000942084e+01,0.000000000000000000e+00
-7.692480000000942653e+01,0.000000000000000000e+00
-7.682480000000943221e+01,0.000000000000000000e+00
-7.672480000000943789e+01,0.000000000000000000e+00
-7.662480000000944358e+01,0.000000000000000000e+00
-7.652480000000944926e+01,0.000000000000000000e+00
-7.642480000000945495e+01,0.000000000000000000e+00
-7.632480000000946063e+01,0.000000000000000000e+00
-7.622480000000946632e+01,0.000000000000000000e+00
-7.612480000000947200e+01,0.000000000000000000e+00
-7.602480000000947769e+01,0.000000000000000000e+00
-7.592480000000948337e+01,0.000000000000000000e+00
-7.582480000000948905e+01,0.000000000000000000e+00
-7.572480000000949474e+01,0.000000000000000000e+00
-7.562480000000950042e+01,0.000000000000000000e+00
-7.552480000000950611e+01,0.000000000000000000e+00
-7.542480000000951179e+01,0.000000000000000000e+00
-7.532480000000951748e+01,4.199916001680205173e-04
-7.522480000000952316e+01,6.299874002520307759e-04
-7.512480000000952884e+01,1.259974800504061552e-03
-7.502480000000953453e+01,8.399832003360410346e-04
-7.492480000000954021e+01,2.099958000840102586e-03
-7.482480000000954590e+01,2.099958000840102586e-03
-7.472480000000955158e+01,1.889962200756092328e-03
-7.462480000000955727e+01,4.199916001680205173e-04
-7.452480000000956295e+01,1.889962200756092328e-03
-7.442480000000956863e+01,1.889962200756092328e-03
-7.432480000000957432e+01,0.000000000000000000e+00
-7.422480000000958000e+01,0.000000000000000000e+00
-7.412480000000958569e+01,0.000000000000000000e+00
-7.402480000000959137e+01,0.000000000000000000e+00
-7.392480000000959706e+01,0.000000000000000000e+00
-7.382480000000960274e+01,0.000000000000000000e+00
-7.372480000000960842e+01,0.000000000000000000e+00
-7.362480000000961411e+01,0.000000000000000000e+00
-7.352480000000961979e+01,0.000000000000000000e+00
-7.342480000000962548e+01,0.000000000000000000e+00
-7.332480000000963116e+01,0.000000000000000000e+00
-7.322480000000963685e+01,0.000000000000000000e+00
-7.312480000000964253e+01,0.000000000000000000e+00
-7.302480000000964822e+01,0.000000000000000000e+00
-7.292480000000965390e+01,0.000000000000000000e+00
-7.282480000000965958e+01,0.000000000000000000e+00
-7.272480000000966527e+01,0.000000000000000000e+00
-7.262480000000967095e+01,0.000000000000000000e+00
-7.252480000000967664e+01,0.000000000000000000e+00
-7.242480000000968232e+01,0.000000000000000000e+00
-7.232480000000968801e+01,0.000000000000000000e+00
-7.222480000000969369e+01,0.000000000000000000e+00
-7.212480000000969937e+01,0.000000000000000000e+00
-7.202480000000970506e+01,0.000000000000000000e+00
-7.192480000000971074e+01,0.000000000000000000e+00
-7.182480000000971643e+01,0.000000000000000000e+00
-7.172480000000972211e+01,0.000000000000000000e+00
-7.162480000000972780e+01,0.000000000000000000e+00
-7.152480000000973348e+01,0.000000000000000000e+00
-7.142480000000973916e+01,0.000000000000000000e+00
-7.132480000000974485e+01,0.000000000000000000e+00
-7.122480000000975053e+01,0.000000000000000000e+00
-7.112480000000975622e+01,0.000000000000000000e+00
-7.102480000000976190e+01,0.000000000000000000e+00
-7.092480000000976759e+01,0.000000000000000000e+00
-7.082480000000977327e+01,0.000000000000000000e+00
-7.072480000000977896e+01,0.000000000000000000e+00
-7.062480000000978464e+01,0.000000000000000000e+00
-7.052480000000979032e+01,4.199916001680205173e-04
-7.042480000000979601e+01,2.099958000840102586e-04
-7.032480000000980169e+01,0.000000000000000000e+00
-7.022480000000980738e+01,2.099958000840102586e-04
-7.012480000000981306e+01,2.099958000840102586e-04
-7.002480000000981875e+01,0.000000000000000000e+00
-6.992480000000982443e+01,0.000000000000000000e+00
-6.982480000000983011e+01,0.000000000000000000e+00
-6.972480000000983580e+01,0.000000000000000000e+00
-6.962480000000984148e+01,0.000000000000000000e+00
-6.952480000000984717e+01,0.000000000000000000e+00
-6.942480000000985285e+01,0.000000000000000000e+00
-6.932480000000985854e+01,0.000000000000000000e+00
-6.922480000000986422e+01,0.000000000000000000e+00
-6.912480000000986990e+01,0.000000000000000000e+00
-6.902480000000987559e+01,0.000000000000000000e+00
-6.892480000000988127e+01,0.000000000000000000e+00
-6.882480000000988696e+01,0.000000000000000000e+00
-6.872480000000989264e+01,0.000000000000000000e+00
-6.862480000000989833e+01,0.000000000000000000e+00
-6.852480000000990401e+01,0.000000000000000000e+00
-6.842480000000990970e+01,0.000000000000000000e+00
-6.832480000000991538e+01,0.000000000000000000e+00
-6.822480000000992106e+01,0.000000000000000000e+00
-6.812480000000992675e+01,0.000000000000000000e+00
-6.802480000000993243e+01,0.000000000000000000e+00
-6.792480000000993812e+01,0.000000000000000000e+00
-6.782480000000994380e+01,0.000000000000000000e+00
-6.772480000000994949e+01,0.000000000000000000e+00
-6.762480000000995517e+01,0.000000000000000000e+00
-6.752480000000996085e+01,0.000000000000000000e+00
-6.742480000000996654e+01,0.000000000000000000e+00
-6.732480000000997222e+01,0.000000000000000000e+00
-6.722480000000997791e+01,0.000000000000000000e+00
-6.712480000000998359e+01,0.000000000000000000e+00
-6.702480000000998928e+01,0.000000000000000000e+00
-6.692480000000999496e+01,0.000000000000000000e+00
-6.682480000001000064e+01,0.000000000000000000e+00
-6.672480000001000633e+01,0.000000000000000000e+00
-6.662480000001001201e+01,0.000000000000000000e+00
-6.652480000001001770e+01,0.000000000000000000e+00
-6.642480000001002338e+01,0.000000000000000000e+00
-6.632480000001002907e+01,0.000000000000000000e+00
-6.622480000001003475e+01,0.000000000000000000e+00
-6.612480000001004043e+01,0.000000000000000000e+00
-6.602480000001004612e+01,0.000000000000000000e+00
-6.592480000001005180e+01,0.000000000000000000e+00
-6.582480000001005749e+01,0.000000000000000000e+00
-6.572480000001006317e+01,0.000000000000000000e+00
-6.562480000001006886e+01,0.000000000000000000e+00
-6.552480000001007454e+01,0.000000000000000000e+00
-6.542480000001008023e+01,0.000000000000000000e+00
-6.532480000001008591e+01,0.000000000000000000e+00
-6.522480000001009159e+01,0.000000000000000000e+00
-6.512480000001009728e+01,0.000000000000000000e+00
-6.502480000001010296e+01,0.000000000000000000e+00
-6.492480000001010865e+01,0.000000000000000000e+00
-6.482480000001011433e+01,0.000000000000000000e+00
-6.472480000001012002e+01,0.000000000000000000e+00
-6.462480000001012570e+01,0.000000000000000000e+00
-6.452480000001013138e+01,0.000000000000000000e+00
-6.442480000001013707e+01,1.679966400672082069e-03
-6.432480000001014275e+01,0.000000000000000000e+00
-6.422480000001014844e+01,0.000000000000000000e+00
-6.412480000001015412e+01,0.000000000000000000e+00
-6.402480000001015981e+01,0.000000000000000000e+00
-6.392480000001016549e+01,0.000000000000000000e+00
-6.382480000001017117e+01,0.000000000000000000e+00
-6.372480000001017686e+01,0.000000000000000000e+00
-6.362480000001018254e+01,0.000000000000000000e+00
-6.352480000001018823e+01,0.000000000000000000e+00
-6.342480000001019391e+01,0.000000000000000000e+00
-6.332480000001019960e+01,0.000000000000000000e+00
-6.322480000001020528e+01,0.000000000000000000e+00
-6.312480000001021097e+01,0.000000000000000000e+00
-6.302480000001021665e+01,0.000000000000000000e+00
-6.292480000001022233e+01,0.000000000000000000e+00
-6.282480000001022802e+01,0.000000000000000000e+00
-6.272480000001023370e+01,0.000000000000000000e+00
-6.262480000001023939e+01,0.000000000000000000e+00
-6.252480000001024507e+01,0.000000000000000000e+00
-6.242480000001025076e+01,0.000000000000000000e+00
-6.232480000001025644e+01,0.000000000000000000e+00
-6.222480000001026212e+01,0.000000000000000000e+00
-6.212480000001026781e+01,0.000000000000000000e+00
-6.202480000001027349e+01,0.000000000000000000e+00
-6.192480000001027918e+01,0.000000000000000000e+00
-6.182480000001028486e+01,0.000000000000000000e+00
-6.172480000001029055e+01,0.000000000000000000e+00
-6.162480000001029623e+01,0.000000000000000000e+00
-6.152480000001030191e+01,0.000000000000000000e+00
-6.142480000001030760e+01,0.000000000000000000e+00
-6.132480000001031328e+01,0.000000000000000000e+00
-6.122480000001031897e+01,0.000000000000000000e+00
-6.112480000001032465e+01,0.000000000000000000e+00
-6.102480000001033034e+01,0.000000000000000000e+00
-6.092480000001033602e+01,0.000000000000000000e+00
-6.082480000001034171e+01,0.000000000000000000e+00
-6.072480000001034739e+01,0.000000000000000000e+00
-6.062480000001035307e+01,0.000000000000000000e+00
-6.052480000001035876e+01,0.000000000000000000e+00
-6.042480000001036444e+01,0.000000000000000000e+00
-6.032480000001037013e+01,0.000000000000000000e+00
-6.022480000001037581e+01,0.000000000000000000e+00
-6.012480000001038150e+01,2.099958000840102586e-04
-6.002480000001038718e+01,0.000000000000000000e+00
-5.992480000001039286e+01,0.000000000000000000e+00
-5.982480000001039855e+01,0.000000000000000000e+00
-5.972480000001040423e+01,0.000000000000000000e+00
-5.962480000001040992e+01,0.000000000000000000e+00
-5.952480000001041560e+01,0.000000000000000000e+00
-5.942480000001042129e+01,0.000000000000000000e+00
-5.932480000001042697e+01,0.000000000000000000e+00
-5.922480000001043265e+01,0.000000000000000000e+00
-5.912480000001043834e+01,0.000000000000000000e+00
-5.902480000001044402e+01,0.000000000000000000e+00
-5.892480000001044971e+01,0.000000000000000000e+00
-5.882480000001045539e+01,0.000000000000000000e+00
-5.872480000001046108e+01,0.000000000000000000e+00
-5.862480000001046676e+01,0.000000000000000000e+00
-5.852480000001047244e+01,0.000000000000000000e+00
-5.842480000001047813e+01,0.000000000000000000e+00
-5.832480000001048381e+01,0.000000000000000000e+00
-5.822480000001048950e+01,0.000000000000000000e+00
-5.812480000001049518e+01,0.000000000000000000e+00
-5.802480000001050087e+01,0.000000000000000000e+00
-5.792480000001050655e+01,0.000000000000000000e+00
-5.782480000001051224e+01,0.000000000000000000e+00
-5.772480000001051792e+01,0.000000000000000000e+00
-5.762480000001052360e+01,0.000000000000000000e+00
-5.752480000001052929e+01,0.000000000000000000e+00
-5.742480000001053497e+01,0.000000000000000000e+00
-5.732480000001054066e+01,0.000000000000000000e+00
-5.722480000001054634e+01,0.000000000000000000e+00
-5.712480000001055203e+01,0.000000000000000000e+00
-5.702480000001055771e+01,0.000000000000000000e+00
-5.692480000001056339e+01,0.000000000000000000e+00
-5.682480000001056908e+01,0.000000000000000000e+00
-5.672480000001057476e+01,0.000000000000000000e+00
-5.662480000001058045e+01,0.000000000000000000e+00
-5.652480000001058613e+01,0.000000000000000000e+00
-5.642480000001059182e+01,0.000000000000000000e+00
-5.632480000001059750e+01,0.000000000000000000e+00
-5.622480000001060318e+01,0.000000000000000000e+00
-5.612480000001060887e+01,0.000000000000000000e+00
-5.602480000001061455e+01,0.000000000000000000e+00
-5.592480000001062024e+01,0.000000000000000000e+00
-5.582480000001062592e+01,0.000000000000000000e+00
-5.572480000001063161e+01,0.000000000000000000e+00
-5.562480000001063729e+01,0.000000000000000000e+00
-5.552480000001064298e+01,0.000000000000000000e+00
-5.542480000001064866e+01,0.000000000000000000e+00
-5.532480000001065434e+01,0.000000000000000000e+00
-5.522480000001066003e+01,0.000000000000000000e+00
-5.512480000001066571e+01,0.000000000000000000e+00
-5.502480000001067140e+01,0.000000000000000000e+00
-5.492480000001067708e+01,0.000000000000000000e+00
-5.482480000001068277e+01,0.000000000000000000e+00
-5.472480000001068845e+01,0.000000000000000000e+00
-5.462480000001069413e+01,0.000000000000000000e+00
-5.452480000001069982e+01,0.000000000000000000e+00
-5.442480000001070550e+01,0.000000000000000000e+00
-5.432480000001071119e+01,0.000000000000000000e+00
-5.422480000001071687e+01,0.000000000000000000e+00
-5.412480000001072256e+01,0.000000000000000000e+00
-5.402480000001072824e+01,0.000000000000000000e+00
-5.392480000001073392e+01,0.000000000000000000e+00
-5.382480000001073961e+01,0.000000000000000000e+00
-5.372480000001074529e+01,0.000000000000000000e+00
-5.362480000001075098e+01,0.000000000000000000e+00
-5.352480000001075666e+01,0.000000000000000000e+00
-5.342480000001076235e+01,0.000000000000000000e+00
-5.332480000001076803e+01,0.000000000000000000e+00
-5.322480000001077372e+01,0.000000000000000000e+00
-5.312480000001077940e+01,0.000000000000000000e+00
-5.302480000001078508e+01,0.000000000000000000e+00
-5.292480000001079077e+01,0.000000000000000000e+00
-5.282480000001079645e+01,0.000000000000000000e+00
-5.272480000001080214e+01,0.000000000000000000e+00
-5.262480000001080782e+01,0.000000000000000000e+00
-5.252480000001081351e+01,0.000000000000000000e+00
-5.242480000001081919e+01,0.000000000000000000e+00
-5.232480000001082487e+01,0.000000000000000000e+00
-5.222480000001083056e+01,0.000000000000000000e+00
-5.212480000001083624e+01,0.000000000000000000e+00
-5.202480000001084193e+01,0.000000000000000000e+00
-5.192480000001084761e+01,0.000000000000000000e+00
-5.182480000001085330e+01,0.000000000000000000e+00
-5.172480000001085898e+01,0.000000000000000000e+00
-5.162480000001086466e+01,0.000000000000000000e+00
-5.152480000001087035e+01,0.000000000000000000e+00
-5.142480000001087603e+01,0.000000000000000000e+00
-5.132480000001088172e+01,0.000000000000000000e+00
-5.122480000001088740e+01,0.000000000000000000e+00
-5.112480000001089309e+01,0.000000000000000000e+00
-5.102480000001089877e+01,0.000000000000000000e+00
-5.092480000001090445e+01,0.000000000000000000e+00
-5.082480000001091014e+01,0.000000000000000000e+00
-5.072480000001091582e+01,0.000000000000000000e+00
-5.062480000001092151e+01,0.000000000000000000e+00
-5.052480000001092719e+01,0.000000000000000000e+00
-5.042480000001093288e+01,0.000000000000000000e+00
-5.032480000001093856e+01,0.000000000000000000e+00
-5.022480000001094425e+01,0.000000000000000000e+00
-5.012480000001094993e+01,0.000000000000000000e+00
-5.002480000001095561e+01,0.000000000000000000e+00
-4.992480000001096130e+01,0.000000000000000000e+00
-4.982480000001096698e+01,0.000000000000000000e+00
-4.972480000001097267e+01,0.000000000000000000e+00
-4.962480000001097835e+01,0.000000000000000000e+00
-4.952480000001098404e+01,0.000000000000000000e+00
-4.942480000001098972e+01,0.000000000000000000e+00
-4.932480000001099540e+01,0.000000000000000000e+00
-4.922480000001100109e+01,0.000000000000000000e+00
-4.912480000001100677e+01,0.000000000000000000e+00
-4.902480000001101246e+01,0.000000000000000000e+00
-4.892480000001101814e+01,0.000000000000000000e+00
-4.882480000001102383e+01,0.000000000000000000e+00
-4.872480000001102951e+01,0.000000000000000000e+00
-4.862480000001103519e+01,0.000000000000000000e+00
-4.852480000001104088e+01,0.000000000000000000e+00
-4.842480000001104656e+01,0.000000000000000000e+00
-4.832480000001105225e+01,0.000000000000000000e+00
-4.822480000001105793e+01,0.000000000000000000e+00
-4.812480000001106362e+01,0.000000000000000000e+00
-4.802480000001106930e+01,0.000000000000000000e+00
-4.792480000001107499e+01,0.000000000000000000e+00
-4.782480000001108067e+01,0.000000000000000000e+00
-4.772480000001108635e+01,0.000000000000000000e+00
-4.762480000001109204e+01,0.000000000000000000e+00
-4.752480000001109772e+01,0.000000000000000000e+00
-4.742480000001110341e+01,0.000000000000000000e+00
-4.732480000001110909e+01,0.000000000000000000e+00
-4.722480000001111478e+01,0.000000000000000000e+00
-4.712480000001112046e+01,0.000000000000000000e+00
-4.702480000001112614e+01,0.000000000000000000e+00
-4.692480000001113183e+01,0.000000000000000000e+00
-4.682480000001113751e+01,0.000000000000000000e+00
-4.672480000001114320e+01,0.000000000000000000e+00
-4.662480000001114888e+01,0.000000000000000000e+00
-4.652480000001115457e+01,0.000000000000000000e+00
-4.642480000001116025e+01,0.000000000000000000e+00
-4.632480000001116593e+01,0.000000000000000000e+00
-4.622480000001117162e+01,0.000000000000000000e+00
-4.612480000001117730e+01,0.000000000000000000e+00
-4.602480000001118299e+01,0.000000000000000000e+00
-4.592480000001118867e+01,0.000000000000000000e+00
-4.582480000001119436e+01,0.000000000000000000e+00
-4.572480000001120004e+01,0.000000000000000000e+00
-4.562480000001120573e+01,0.000000000000000000e+00
-4.552480000001121141e+01,0.000000000000000000e+00
-4.542480000001121709e+01,0.000000000000000000e+00
-4.532480000001122278e+01,0.000000000000000000e+00
-4.522480000001122846e+01,0.000000000000000000e+00
-4.512480000001123415e+01,0.000000000000000000e+00
-4.502480000001123983e+01,0.000000000000000000e+00
-4.492480000001124552e+01,0.000000000000000000e+00
-4.482480000001125120e+01,0.000000000000000000e+00
-4.472480000001125688e+01,0.000000000000000000e+00
-4.462480000001126257e+01,0.000000000000000000e+00
-4.452480000001126825e+01,0.000000000000000000e+00
-4.442480000001127394e+01,0.000000000000000000e+00
-4.432480000001127962e+01,0.000000000000000000e+00
-4.422480000001128531e+01,0.000000000000000000e+00
-4.412480000001129099e+01,0.000000000000000000e+00
-4.402480000001129667e+01,0.000000000000000000e+00
-4.392480000001130236e+01,0.000000000000000000e+00
-4.382480000001130804e+01,0.000000000000000000e+00
-4.372480000001131373e+01,0.000000000000000000e+00
-4.362480000001131941e+01,0.000000000000000000e+00
-4.352480000001132510e+01,0.000000000000000000e+00
-4.342480000001133078e+01,0.000000000000000000e+00
-4.332480000001133646e+01,0.000000000000000000e+00
-4.322480000001134215e+01,0.000000000000000000e+00
-4.312480000001134783e+01,0.000000000000000000e+00
-4.302480000001135352e+01,0.000000000000000000e+00
-4.292480000001135920e+01,0.000000000000000000e+00
-4.282480000001136489e+01,0.000000000000000000e+00
-4.272480000001137057e+01,0.000000000000000000e+00
-4.262480000001137626e+01,0.000000000000000000e+00
-4.252480000001138194e+01,0.000000000000000000e+00
-4.242480000001138762e+01,0.000000000000000000e+00
-4.232480000001139331e+01,0.000000000000000000e+00
-4.222480000001139899e+01,0.000000000000000000e+00
-4.212480000001140468e+01,0.000000000000000000e+00
-4.202480000001141036e+01,0.000000000000000000e+00
-4.192480000001141605e+01,0.000000000000000000e+00
-4.182480000001142173e+01,0.000000000000000000e+00
-4.172480000001142741e+01,0.000000000000000000e+00
-4.162480000001143310e+01,0.000000000000000000e+00
-4.152480000001143878e+01,0.000000000000000000e+00
-4.142480000001144447e+01,0.000000000000000000e+00
-4.132480000001145015e+01,0.000000000000000000e+00
-4.122480000001145584e+01,0.000000000000000000e+00
-4.112480000001146152e+01,0.000000000000000000e+00
-4.102480000001146720e+01,0.000000000000000000e+00
-4.092480000001147289e+01,0.000000000000000000e+00
-4.082480000001147857e+01,0.000000000000000000e+00
-4.072480000001148426e+01,0.000000000000000000e+00
-4.062480000001148994e+01,0.000000000000000000e+00
-4.052480000001149563e+01,0.000000000000000000e+00
-4.042480000001150131e+01,0.000000000000000000e+00
-4.032480000001150700e+01,0.000000000000000000e+00
-4.022480000001151268e+01,0.000000000000000000e+00
-4.012480000001151836e+01,0.000000000000000000e+00
-4.002480000001152405e+01,0.000000000000000000e+00
-3.992480000001152973e+01,0.000000000000000000e+00
-3.982480000001153542e+01,0.000000000000000000e+00
-3.972480000001154110e+01,0.000000000000000000e+00
-3.962480000001154679e+01,0.000000000000000000e+00
-3.952480000001155247e+01,0.000000000000000000e+00
-3.942480000001155815e+01,0.000000000000000000e+00
-3.932480000001156384e+01,0.000000000000000000e+00
-3.922480000001156952e+01,0.000000000000000000e+00
-3.912480000001157521e+01,0.000000000000000000e+00
-3.902480000001158089e+01,0.000000000000000000e+00
-3.892480000001158658e+01,0.000000000000000000e+00
-3.882480000001159226e+01,0.000000000000000000e+00
-3.872480000001159794e+01,0.000000000000000000e+00
-3.862480000001160363e+01,0.000000000000000000e+00
-3.852480000001160931e+01,0.000000000000000000e+00
-3.842480000001161500e+01,0.000000000000000000e+00
-3.832480000001162068e+01,0.000000000000000000e+00
-3.822480000001162637e+01,0.000000000000000000e+00
-3.812480000001163205e+01,0.000000000000000000e+00
-3.802480000001163774e+01,0.000000000000000000e+00
-3.792480000001164342e+01,0.000000000000000000e+00
-3.782480000001164910e+01,0.000000000000000000e+00
-3.772480000001165479e+01,0.000000000000000000e+00
-3.762480000001166047e+01,0.000000000000000000e+00
-3.752480000001166616e+01,0.000000000000000000e+00
-3.742480000001167184e+01,0.000000000000000000e+00
-3.732480000001167753e+01,0.000000000000000000e+00
-3.722480000001168321e+01,0.000000000000000000e+00
-3.712480000001168889e+01,0.000000000000000000e+00
-3.702480000001169458e+01,0.000000000000000000e+00
-3.692480000001170026e+01,0.000000000000000000e+00
-3.682480000001170595e+01,0.000000000000000000e+00
-3.672480000001171163e+01,0.000000000000000000e+00
-3.662480000001171732e+01,0.000000000000000000e+00
-3.652480000001172300e+01,0.000000000000000000e+00
-3.642480000001172868e+01,0.000000000000000000e+00
-3.632480000001173437e+01,0.000000000000000000e+00
-3.622480000001174005e+01,0.000000000000000000e+00
-3.612480000001174574e+01,0.000000000000000000e+00
-3.602480000001175142e+01,0.000000000000000000e+00
-3.592480000001175711e+01,0.000000000000000000e+00
-3.582480000001176279e+01,0.000000000000000000e+00
-3.572480000001176847e+01,0.000000000000000000e+00
-3.562480000001177416e+01,0.000000000000000000e+00
-3.552480000001177984e+01,0.000000000000000000e+00
-3.542480000001178553e+01,0.000000000000000000e+00
-3.532480000001179121e+01,0.000000000000000000e+00
-3.522480000001179690e+01,0.000000000000000000e+00
-3.512480000001180258e+01,0.000000000000000000e+00
-3.502480000001180827e+01,0.000000000000000000e+00
-3.492480000001181395e+01,0.000000000000000000e+00
-3.482480000001181963e+01,0.000000000000000000e+00
-3.472480000001182532e+01,0.000000000000000000e+00
-3.462480000001183100e+01,0.000000000000000000e+00
-3.452480000001183669e+01,0.000000000000000000e+00
-3.442480000001184237e+01,0.000000000000000000e+00
-3.432480000001184806e+01,0.000000000000000000e+00
-3.422480000001185374e+01,0.000000000000000000e+00
-3.412480000001185942e+01,0.000000000000000000e+00
-3.402480000001186511e+01,0.000000000000000000e+00
-3.392480000001187079e+01,0.000000000000000000e+00
-3.382480000001187648e+01,0.000000000000000000e+00
-3.372480000001188216e+01,0.000000000000000000e+00
-3.362480000001188785e+01,0.000000000000000000e+00
-3.352480000001189353e+01,0.000000000000000000e+00
-3.342480000001189921e+01,0.000000000000000000e+00
-3.332480000001190490e+01,0.000000000000000000e+00
-3.322480000001191058e+01,0.000000000000000000e+00
-3.312480000001191627e+01,0.000000000000000000e+00
-3.302480000001192195e+01,0.000000000000000000e+00
-3.292480000001192764e+01,0.000000000000000000e+00
-3.282480000001193332e+01,0.000000000000000000e+00
-3.272480000001193901e+01,0.000000000000000000e+00
-3.262480000001194469e+01,0.000000000000000000e+00
-3.252480000001195037e+01,0.000000000000000000e+00
-3.242480000001195606e+01,0.000000000000000000e+00
-3.232480000001196174e+01,0.000000000000000000e+00
-3.222480000001196743e+01,0.000000000000000000e+00
-3.212480000001197311e+01,0.000000000000000000e+00
-3.202480000001197880e+01,0.000000000000000000e+00
-3.192480000001198448e+01,0.000000000000000000e+00
-3.182480000001199016e+01,0.000000000000000000e+00
-3.172480000001199585e+01,0.000000000000000000e+00
-3.162480000001200153e+01,0.000000000000000000e+00
-3.152480000001200722e+01,0.000000000000000000e+00
-3.142480000001201290e+01,0.000000000000000000e+00
-3.132480000001201859e+01,0.000000000000000000e+00
-3.122480000001202427e+01,0.000000000000000000e+00
-3.112480000001202995e+01,0.000000000000000000e+00
-3.102480000001203564e+01,0.000000000000000000e+00
-3.092480000001204132e+01,0.000000000000000000e+00
-3.082480000001204701e+01,0.000000000000000000e+00
-3.072480000001205269e+01,0.000000000000000000e+00
-3.062480000001205838e+01,0.000000000000000000e+00
-3.052480000001206406e+01,0.000000000000000000e+00
-3.042480000001206975e+01,0.000000000000000000e+00
-3.032480000001207543e+01,0.000000000000000000e+00
-3.022480000001208111e+01,0.000000000000000000e+00
-3.012480000001208680e+01,0.000000000000000000e+00
-3.002480000001209248e+01,0.000000000000000000e+00
-2.992480000001209817e+01,0.000000000000000000e+00
-2.982480000001210385e+01,0.000000000000000000e+00
-2.972480000001210954e+01,0.000000000000000000e+00
-2.962480000001211522e+01,0.000000000000000000e+00
-2.952480000001212090e+01,0.000000000000000000e+00
-2.942480000001212659e+01,0.000000000000000000e+00
-2.932480000001213227e+01,0.000000000000000000e+00
-2.922480000001213796e+01,0.000000000000000000e+00
-2.912480000001214364e+01,0.000000000000000000e+00
-2.902480000001214933e+01,0.000000000000000000e+00
-2.892480000001215501e+01,0.000000000000000000e+00
-2.882480000001216069e+01,0.000000000000000000e+00
-2.872480000001216638e+01,0.000000000000000000e+00
-2.862480000001217206e+01,0.000000000000000000e+00
-2.852480000001217775e+01,0.000000000000000000e+00
-2.842480000001218343e+01,0.000000000000000000e+00
-2.832480000001218912e+01,0.000000000000000000e+00
-2.822480000001219480e+01,0.000000000000000000e+00
-2.812480000001220048e+01,0.000000000000000000e+00
-2.802480000001220617e+01,0.000000000000000000e+00
-2.792480000001221185e+01,0.000000000000000000e+00
-2.782480000001221754e+01,0.000000000000000000e+00
-2.772480000001222322e+01,0.000000000000000000e+00
-2.762480000001222891e+01,0.000000000000000000e+00
-2.752480000001223459e+01,0.000000000000000000e+00
-2.742480000001224028e+01,0.000000000000000000e+00
-2.732480000001224596e+01,0.000000000000000000e+00
-2.722480000001225164e+01,0.000000000000000000e+00
-2.712480000001225733e+01,0.000000000000000000e+00
-2.702480000001226301e+01,0.000000000000000000e+00
-2.692480000001226870e+01,0.000000000000000000e+00
-2.682480000001227438e+01,0.000000000000000000e+00
-2.672480000001228007e+01,0.000000000000000000e+00
-2.662480000001228575e+01,0.000000000000000000e+00
-2.652480000001229143e+01,0.000000000000000000e+00
-2.642480000001229712e+01,0.000000000000000000e+00
-2.632480000001230280e+01,0.000000000000000000e+00
-2.622480000001230849e+01,0.000000000000000000e+00
-2.612480000001231417e+01,0.000000000000000000e+00
-2.602480000001231986e+01,0.000000000000000000e+00
-2.592480000001232554e+01,0.000000000000000000e+00
-2.582480000001233122e+01,0.000000000000000000e+00
-2.572480000001233691e+01,0.000000000000000000e+00
-2.562480000001234259e+01,0.000000000000000000e+00
-2.552480000001234828e+01,0.000000000000000000e+00
-2.542480000001235396e+01,0.000000000000000000e+00
-2.532480000001235965e+01,0.000000000000000000e+00
-2.522480000001236533e+01,0.000000000000000000e+00
-2.512480000001237102e+01,0.000000000000000000e+00
-2.502480000001237670e+01,0.000000000000000000e+00
-2.492480000001238238e+01,0.000000000000000000e+00
-2.482480000001238807e+01,0.000000000000000000e+00
-2.472480000001239375e+01,0.000000000000000000e+00
-2.462480000001239944e+01,0.000000000000000000e+00
-2.452480000001240512e+01,0.000000000000000000e+00
-2.442480000001241081e+01,0.000000000000000000e+00
-2.432480000001241649e+01,0.000000000000000000e+00
-2.422480000001242217e+01,0.000000000000000000e+00
-2.412480000001242786e+01,0.000000000000000000e+00
-2.402480000001243354e+01,0.000000000000000000e+00
-2.392480000001243923e+01,0.000000000000000000e+00
-2.382480000001244491e+01,0.000000000000000000e+00
-2.372480000001245060e+01,0.000000000000000000e+00
-2.362480000001245628e+01,0.000000000000000000e+00
-2.352480000001246196e+01,0.000000000000000000e+00
-2.342480000001246765e+01,0.000000000000000000e+00
-2.332480000001247333e+01,0.000000000000000000e+00
-2.322480000001247902e+01,0.000000000000000000e+00
-2.312480000001248470e+01,0.000000000000000000e+00
-2.302480000001249039e+01,0.000000000000000000e+00
-2.292480000001249607e+01,0.000000000000000000e+00
-2.282480000001250176e+01,0.000000000000000000e+00
-2.272480000001250744e+01,0.000000000000000000e+00
-2.262480000001251312e+01,0.000000000000000000e+00
-2.252480000001251881e+01,0.000000000000000000e+00
-2.242480000001252449e+01,0.000000000000000000e+00
-2.232480000001253018e+01,0.000000000000000000e+00
-2.222480000001253586e+01,0.000000000000000000e+00
-2.212480000001254155e+01,0.000000000000000000e+00
-2.202480000001254723e+01,0.000000000000000000e+00
-2.192480000001255291e+01,0.000000000000000000e+00
-2.182480000001255860e+01,0.000000000000000000e+00
-2.172480000001256428e+01,0.000000000000000000e+00
-2.162480000001256997e+01,0.000000000000000000e+00
-2.152480000001257565e+01,0.000000000000000000e+00
-2.142480000001258134e+01,0.000000000000000000e+00
-2.132480000001258702e+01,0.000000000000000000e+00
-2.122480000001259270e+01,0.000000000000000000e+00
-2.112480000001259839e+01,0.000000000000000000e+00
-2.102480000001260407e+01,0.000000000000000000e+00
-2.092480000001260976e+01,0.000000000000000000e+00
-2.082480000001261544e+01,0.000000000000000000e+00
-2.072480000001262113e+01,0.000000000000000000e+00
-2.062480000001262681e+01,0.000000000000000000e+00
-2.052480000001263249e+01,0.000000000000000000e+00
-2.042480000001263818e+01,0.000000000000000000e+00
-2.032480000001264386e+01,0.000000000000000000e+00
-2.022480000001264955e+01,0.000000000000000000e+00
-2.012480000001265523e+01,0.000000000000000000e+00
-2.002480000001266092e+01,0.000000000000000000e+00
-1.992480000001266660e+01,0.000000000000000000e+00
-1.982480000001267229e+01,0.000000000000000000e+00
-1.972480000001267797e+01,0.000000000000000000e+00
-1.962480000001268365e+01,0.000000000000000000e+00
-1.952480000001268934e+01,0.000000000000000000e+00
-1.942480000001269502e+01,0.000000000000000000e+00
-1.932480000001270071e+01,0.000000000000000000e+00
-1.922480000001270639e+01,0.000000000000000000e+00
-1.912480000001271208e+01,0.000000000000000000e+00
-1.902480000001271776e+01,0.000000000000000000e+00
-1.892480000001272344e+01,0.000000000000000000e+00
-1.882480000001272913e+01,0.000000000000000000e+00
-1.872480000001273481e+01,0.000000000000000000e+00
-1.862480000001274050e+01,0.000000000000000000e+00
-1.852480000001274618e+01,0.000000000000000000e+00
-1.842480000001275187e+01,0.000000000000000000e+00
-1.832480000001275755e+01,0.000000000000000000e+00
-1.822480000001276323e+01,0.000000000000000000e+00
-1.812480000001276892e+01,0.000000000000000000e+00
-1.802480000001277460e+01,0.000000000000000000e+00
-1.792480000001278029e+01,0.000000000000000000e+00
-1.782480000001278597e+01,0.000000000000000000e+00
-1.772480000001279166e+01,1.259974800504061552e-03
-1.762480000001279734e+01,1.679966400672082069e-03
-1.752480000001280303e+01,4.829903401932235732e-03
-1.742480000001280871e+01,5.879882402352287242e-03
-1.732480000001281439e+01,4.409911801764215648e-03
-1.722480000001282008e+01,3.359932801344164138e-03
-1.712480000001282576e+01,1.889962200756092328e-03
-1.702480000001283145e+01,2.729945401092133146e-03
-1.692480000001283713e+01,1.469970600588071811e-03
-1.682480000001284282e+01,2.099958000840102586e-03
-1.672480000001284850e+01,2.309953800924112628e-03
-1.662480000001285418e+01,3.989920201596194697e-03
-1.652480000001285987e+01,4.409911801764215648e-03
-1.642480000001286555e+01,7.769844603108379787e-03
-1.632480000001287124e+01,6.509869802604317801e-03
-1.622480000001287692e+01,8.819823603528431297e-03
-1.612480000001288261e+01,9.659806803864471464e-03
-1.602480000001288829e+01,7.979840403192389395e-03
-1.592480000001289397e+01,1.133977320453655353e-02
-1.582480000001289966e+01,6.719865602688328277e-03
-1.572480000001290534e+01,5.879882402352287242e-03
-1.562480000001291103e+01,5.669886602268276767e-03
-1.552480000001291671e+01,3.569928601428174180e-03
-1.542480000001292240e+01,2.519949601008123104e-03
-1.532480000001292808e+01,2.099958000840102586e-03
-1.522480000001293376e+01,8.399832003360410346e-04
-1.512480000001293945e+01,8.399832003360410346e-04
-1.502480000001294513e+01,2.099958000840102586e-04
-1.492480000001295082e+01,2.099958000840102586e-04
-1.482480000001295650e+01,0.000000000000000000e+00
-1.472480000001296219e+01,0.000000000000000000e+00
-1.462480000001296787e+01,0.000000000000000000e+00
-1.452480000001297356e+01,0.000000000000000000e+00
-1.442480000001297924e+01,0.000000000000000000e+00
-1.432480000001298492e+01,0.000000000000000000e+00
-1.422480000001299061e+01,0.000000000000000000e+00
-1.412480000001299629e+01,0.000000000000000000e+00
-1.402480000001300198e+01,0.000000000000000000e+00
-1.392480000001300766e+01,0.000000000000000000e+00
-1.382480000001301335e+01,0.000000000000000000e+00
-1.372480000001301903e+01,0.000000000000000000e+00
-1.362480000001302471e+01,0.000000000000000000e+00
-1.352480000001303040e+01,0.000000000000000000e+00
-1.342480000001303608e+01,0.000000000000000000e+00
-1.332480000001304177e+01,0.000000000000000000e+00
-1.322480000001304745e+01,0.000000000000000000e+00
-1.312480000001305314e+01,0.000000000000000000e+00
-1.302480000001305882e+01,0.000000000000000000e+00
-1.292480000001306450e+01,0.000000000000000000e+00
-1.282480000001307019e+01,0.000000000000000000e+00
-1.272480000001307587e+01,0.000000000000000000e+00
-1.262480000001308156e+01,0.000000000000000000e+00
-1.252480000001308724e+01,0.000000000000000000e+00
-1.242480000001309293e+01,0.000000000000000000e+00
-1.232480000001309861e+01,0.000000000000000000e+00
-1.222480000001310430e+01,0.000000000000000000e+00
-1.212480000001310998e+01,0.000000000000000000e+00
-1.202480000001311566e+01,0.000000000000000000e+00
-1.192480000001312135e+01,0.000000000000000000e+00
-1.182480000001312703e+01,0.000000000000000000e+00
-1.172480000001313272e+01,0.000000000000000000e+00
-1.162480000001313840e+01,0.000000000000000000e+00
-1.152480000001314409e+01,0.000000000000000000e+00
-1.142480000001314977e+01,0.000000000000000000e+00
-1.132480000001315545e+01,0.000000000000000000e+00
-1.122480000001316114e+01,0.000000000000000000e+00
-1.112480000001316682e+01,0.000000000000000000e+00
-1.102480000001317251e+01,0.000000000000000000e+00
-1.092480000001317819e+01,0.000000000000000000e+00
-1.082480000001318388e+01,0.000000000000000000e+00
-1.072480000001318956e+01,0.000000000000000000e+00
-1.062480000001319524e+01,0.000000000000000000e+00
-1.052480000001320093e+01,0.000000000000000000e+00
-1.042480000001320661e+01,0.000000000000000000e+00
-1.032480000001321230e+01,0.000000000000000000e+00
-1.022480000001321798e+01,0.000000000000000000e+00
-1.012480000001322367e+01,0.000000000000000000e+00
-1.002480000001322935e+01,0.000000000000000000e+00
-9.924800000013235035e+00,0.000000000000000000e+00
-9.824800000013240719e+00,0.000000000000000000e+00
-9.724800000013246404e+00,0.000000000000000000e+00
-9.624800000013252088e+00,0.000000000000000000e+00
-9.524800000013257772e+00,0.000000000000000000e+00
-9.424800000013263457e+00,0.000000000000000000e+00
-9.324800000013269141e+00,0.000000000000000000e+00
-9.224800000013274826e+00,0.000000000000000000e+00
-9.124800000013280510e+00,0.000000000000000000e+00
-9.024800000013286194e+00,0.000000000000000000e+00
-8.924800000013291879e+00,0.000000000000000000e+00
-8.824800000013297563e+00,0.000000000000000000e+00
-8.724800000013303247e+00,0.000000000000000000e+00
-8.624800000013308932e+00,0.000000000000000000e+00
-8.524800000013314616e+00,0.000000000000000000e+00
-8.424800000013320300e+00,0.000000000000000000e+00
-8.324800000013325985e+00,0.000000000000000000e+00
-8.224800000013331669e+00,0.000000000000000000e+00
-8.124800000013337353e+00,0.000000000000000000e+00
-8.024800000013343038e+00,0.000000000000000000e+00
-7.924800000013348722e+00,0.000000000000000000e+00
-7.824800000013354406e+00,0.000000000000000000e+00
-7.724800000013360091e+00,0.000000000000000000e+00
-7.624800000013365775e+00,0.000000000000000000e+00
-7.524800000013371459e+00,0.000000000000000000e+00
-7.424800000013377144e+00,0.000000000000000000e+00
-7.324800000013382828e+00,0.000000000000000000e+00
-7.224800000013388512e+00,0.000000000000000000e+00
-7.124800000013394197e+00,0.000000000000000000e+00
-7.024800000013399881e+00,0.000000000000000000e+00
-6.924800000013405565e+00,0.000000000000000000e+00
-6.824800000013411250e+00,4.619907601848225256e-03
-6.724800000013416934e+00,3.569928601428174180e-03
-6.624800000013422618e+00,1.889962200756092328e-03
-6.524800000013428303e+00,0.000000000000000000e+00
-6.424800000013433987e+00,0.000000000000000000e+00
-6.324800000013439671e+00,0.000000000000000000e+00
-6.224800000013445356e+00,0.000000000000000000e+00
-6.124800000013451040e+00,0.000000000000000000e+00
-6.024800000013456724e+00,0.000000000000000000e+00
-5.924800000013462409e+00,2.309953800924112628e-03
-5.824800000013468093e+00,2.729945401092133146e-03
-5.724800000013473777e+00,4.829903401932235732e-03
-5.624800000013479462e+00,1.679966400672082069e-03
-5.524800000013485146e+00,5.249895002100256683e-03
-5.424800000013490830e+00,2.729945401092133146e-03
-5.324800000013496515e+00,3.779924401512184656e-03
-5.224800000013502199e+00,3.359932801344164138e-03
-5.124800000013507884e+00,1.679966400672082069e-03
-5.024800000013513568e+00,2.099958000840102586e-04
-4.924800000013519252e+00,1.679966400672082069e-03
-4.824800000013524937e+00,0.000000000000000000e+00
-4.724800000013530621e+00,0.000000000000000000e+00
-4.624800000013536305e+00,0.000000000000000000e+00
-4.524800000013541990e+00,0.000000000000000000e+00
-4.424800000013547674e+00,0.000000000000000000e+00
-4.324800000013553358e+00,0.000000000000000000e+00
-4.224800000013559043e+00,0.000000000000000000e+00
-4.124800000013564727e+00,0.000000000000000000e+00
-4.024800000013570411e+00,0.000000000000000000e+00
-3.924800000013576096e+00,0.000000000000000000e+00
-3.824800000013581780e+00,0.000000000000000000e+00
-3.724800000013587464e+00,0.000000000000000000e+00
-3.624800000013593149e+00,0.000000000000000000e+00
-3.524800000013598833e+00,0.000000000000000000e+00
-3.424800000013604517e+00,0.000000000000000000e+00
-3.324800000013610202e+00,0.000000000000000000e+00
-3.224800000013615886e+00,0.000000000000000000e+00
-3.124800000013621570e+00,0.000000000000000000e+00
-3.024800000013627255e+00,0.000000000000000000e+00
-2.924800000013632939e+00,0.000000000000000000e+00
-2.824800000013638623e+00,0.000000000000000000e+00
-2.724800000013644308e+00,0.000000000000000000e+00
-2.624800000013649992e+00,0.000000000000000000e+00
-2.524800000013655676e+00,6.299874002520307759e-04
-2.424800000013661361e+00,4.199916001680205173e-04
-2.324800000013667045e+00,2.099958000840102586e-04
-2.224800000013672729e+00,0.000000000000000000e+00
-2.124800000013678414e+00,0.000000000000000000e+00
-2.024800000013684098e+00,0.000000000000000000e+00
-1.924800000013689782e+00,0.000000000000000000e+00
-1.824800000013695467e+00,0.000000000000000000e+00
-1.724800000013701151e+00,0.000000000000000000e+00
-1.624800000013706835e+00,2.099958000840102586e-04
-1.524800000013712520e+00,4.199916001680205173e-04
-1.424800000013718204e+00,6.299874002520307759e-04
-1.324800000013723889e+00,2.099958000840102586e-04
-1.224800000013729573e+00,6.299874002520307759e-04
-1.124800000013735257e+00,2.099958000840102586e-04
-1.024800000013740942e+00,6.299874002520307759e-04
-9.248000000137466259e-01,4.199916001680205173e-04
-8.248000000137523102e-01,0.000000000000000000e+00
-7.248000000137579946e-01,2.099958000840102586e-04
-6.248000000137636789e-01,2.099958000840102586e-04
-5.248000000137693632e-01,0.000000000000000000e+00
-4.248000000137750476e-01,0.000000000000000000e+00
-3.248000000137807319e-01,0.000000000000000000e+00
-2.248000000137864163e-01,0.000000000000000000e+00
-1.248000000137921006e-01,0.000000000000000000e+00
-2.480000001379778496e-02,0.000000000000000000e+00
7.519999998619653070e-02,0.000000000000000000e+00
1.751999999861908464e-01,0.000000000000000000e+00
2.751999999861851620e-01,0.000000000000000000e+00
3.751999999861794777e-01,0.000000000000000000e+00
4.751999999861737933e-01,0.000000000000000000e+00
5.751999999861681090e-01,0.000000000000000000e+00
6.751999999861624246e-01,0.000000000000000000e+00
7.751999999861567403e-01,0.000000000000000000e+00
8.751999999861510560e-01,0.000000000000000000e+00
9.751999999861453716e-01,0.000000000000000000e+00
1.075199999986139687e+00,0.000000000000000000e+00
1.175199999986134003e+00,0.000000000000000000e+00
1.275199999986128319e+00,0.000000000000000000e+00
1.375199999986122634e+00,0.000000000000000000e+00
1.475199999986116950e+00,0.000000000000000000e+00
1.575199999986111266e+00,0.000000000000000000e+00
1.675199999986105581e+00,0.000000000000000000e+00
1.775199999986099897e+00,0.000000000000000000e+00
1.875199999986094213e+00,0.000000000000000000e+00
1.975199999986088528e+00,0.000000000000000000e+00
2.075199999986082844e+00,0.000000000000000000e+00
2.175199999986077160e+00,0.000000000000000000e+00
2.275199999986071475e+00,0.000000000000000000e+00
2.375199999986065791e+00,0.000000000000000000e+00
2.475199999986060106e+00,0.000000000000000000e+00
2.575199999986054422e+00,0.000000000000000000e+00
2.675199999986048738e+00,0.000000000000000000e+00
2.775199999986043053e+00,0.000000000000000000e+00
2.875199999986037369e+00,0.000000000000000000e+00
2.975199999986031685e+00,0.000000000000000000e+00
3.075199999986026000e+00,0.000000000000000000e+00
3.175199999986020316e+00,0.000000000000000000e+00
3.275199999986014632e+00,0.000000000000000000e+00
3.375199999986008947e+00,0.000000000000000000e+00
3.475199999986003263e+00,0.000000000000000000e+00
3.575199999985997579e+00,0.000000000000000000e+00
3.675199999985991894e+00,0.000000000000000000e+00
3.775199999985986210e+00,0.000000000000000000e+00
3.875199999985980526e+00,0.000000000000000000e+00
3.975199999985974841e+00,0.000000000000000000e+00
4.075199999985969157e+00,0.000000000000000000e+00
4.175199999985963473e+00,0.000000000000000000e+00
4.275199999985957788e+00,0.000000000000000000e+00
4.375199999985952104e+00,0.000000000000000000e+00
4.475199999985946420e+00,0.000000000000000000e+00
4.575199999985940735e+00,0.000000000000000000e+00
4.675199999985935051e+00,0.000000000000000000e+00
4.775199999985929367e+00,0.000000000000000000e+00
4.875199999985923682e+00,0.000000000000000000e+00
4.975199999985917998e+00,0.000000000000000000e+00
5.075199999985912314e+00,0.000000000000000000e+00
5.175199999985906629e+00,0.000000000000000000e+00
5.275199999985900945e+00,0.000000000000000000e+00
5.375199999985895261e+00,0.000000000000000000e+00
5.475199999985889576e+00,0.000000000000000000e+00
5.575199999985883892e+00,0.000000000000000000e+00
5.675199999985878208e+00,0.000000000000000000e+00
5.775199999985872523e+00,0.000000000000000000e+00
5.875199999985866839e+00,0.000000000000000000e+00
5.975199999985861155e+00,0.000000000000000000e+00
6.075199999985855470e+00,0.000000000000000000e+00
6.175199999985849786e+00,0.000000000000000000e+00
6.275199999985844102e+00,0.000000000000000000e+00
6.375199999985838417e+00,0.000000000000000000e+00
6.475199999985832733e+00,0.000000000000000000e+00
6.575199999985827048e+00,0.000000000000000000e+00
6.675199999985821364e+00,0.000000000000000000e+00
6.775199999985815680e+00,0.000000000000000000e+00
6.875199999985809995e+00,0.000000000000000000e+00
6.975199999985804311e+00,0.000000000000000000e+00
7.075199999985798627e+00,0.000000000000000000e+00
7.175199999985792942e+00,0.000000000000000000e+00
7.275199999985787258e+00,0.000000000000000000e+00
7.375199999985781574e+00,0.000000000000000000e+00
7.475199999985775889e+00,0.000000000000000000e+00
7.575199999985770205e+00,0.000000000000000000e+00
7.675199999985764521e+00,0.000000000000000000e+00
7.775199999985758836e+00,0.000000000000000000e+00
7.875199999985753152e+00,0.000000000000000000e+00
7.975199999985747468e+00,0.000000000000000000e+00
8.075199999985741783e+00,0.000000000000000000e+00
8.175199999985736099e+00,0.000000000000000000e+00
8.275199999985730415e+00,0.000000000000000000e+00
8.375199999985724730e+00,0.000000000000000000e+00
8.475199999985719046e+00,0.000000000000000000e+00
8.575199999985713362e+00,0.000000000000000000e+00
8.675199999985707677e+00,0.000000000000000000e+00
8.775199999985701993e+00,0.000000000000000000e+00
8.875199999985696309e+00,0.000000000000000000e+00
8.975199999985690624e+00,0.000000000000000000e+00
9.075199999985684940e+00,0.000000000000000000e+00
9.175199999985679256e+00,0.000000000000000000e+00
9.275199999985673571e+00,0.000000000000000000e+00
9.375199999985667887e+00,0.000000000000000000e+00
9.475199999985662203e+00,0.000000000000000000e+00
9.575199999985656518e+00,0.000000000000000000e+00
9.675199999985650834e+00,0.000000000000000000e+00
9.775199999985645150e+00,0.000000000000000000e+00
9.875199999985639465e+00,0.000000000000000000e+00
9.975199999985633781e+00,0.000000000000000000e+00
1.007519999998562810e+01,0.000000000000000000e+00
1.017519999998562241e+01,0.000000000000000000e+00
1.027519999998561673e+01,0.000000000000000000e+00
1.037519999998561104e+01,0.000000000000000000e+00
1.047519999998560536e+01,0.000000000000000000e+00
1.057519999998559967e+01,0.000000000000000000e+00
1.067519999998559399e+01,0.000000000000000000e+00
1.077519999998558831e+01,0.000000000000000000e+00
1.087519999998558262e+01,0.000000000000000000e+00
1.097519999998557694e+01,0.000000000000000000e+00
1.107519999998557125e+01,0.000000000000000000e+00
1.117519999998556557e+01,0.000000000000000000e+00
1.127519999998555988e+01,0.000000000000000000e+00
1.137519999998555420e+01,0.000000000000000000e+00
1.147519999998554852e+01,0.000000000000000000e+00
1.157519999998554283e+01,0.000000000000000000e+00
1.167519999998553715e+01,0.000000000000000000e+00
1.177519999998553146e+01,0.000000000000000000e+00
1.187519999998552578e+01,0.000000000000000000e+00
1.197519999998552009e+01,0.000000000000000000e+00
1.207519999998551441e+01,0.000000000000000000e+00
1.217519999998550873e+01,0.000000000000000000e+00
1.227519999998550304e+01,0.000000000000000000e+00
1.237519999998549736e+01,0.000000000000000000e+00
1.247519999998550588e+01,0.000000000000000000e+00
1.257519999998550020e+01,0.000000000000000000e+00
1.267519999998546609e+01,0.000000000000000000e+00
1.277519999998546041e+01,0.000000000000000000e+00
1.287519999998548315e+01,0.000000000000000000e+00
1.297519999998547746e+01,0.000000000000000000e+00
1.307519999998544336e+01,0.000000000000000000e+00
1.317519999998543767e+01,0.000000000000000000e+00
1.327519999998546041e+01,0.000000000000000000e+00
1.337519999998545472e+01,0.000000000000000000e+00
1.347519999998542062e+01,0.000000000000000000e+00
1.357519999998541493e+01,0.000000000000000000e+00
1.367519999998543767e+01,0.000000000000000000e+00
1.377519999998543199e+01,0.000000000000000000e+00
1.387519999998539788e+01,0.000000000000000000e+00
1.397519999998539220e+01,0.000000000000000000e+00
1.407519999998541493e+01,0.000000000000000000e+00
1.417519999998540925e+01,0.000000000000000000e+00
1.427519999998537514e+01,0.000000000000000000e+00
1.437519999998536946e+01,0.000000000000000000e+00
1.447519999998539220e+01,0.000000000000000000e+00
1.457519999998538651e+01,0.000000000000000000e+00
1.467519999998535241e+01,0.000000000000000000e+00
1.477519999998534672e+01,0.000000000000000000e+00
1.487519999998536946e+01,0.000000000000000000e+00
1.497519999998536377e+01,0.000000000000000000e+00
1.507519999998532967e+01,0.000000000000000000e+00
1.517519999998532398e+01,0.000000000000000000e+00
1.527519999998534672e+01,0.000000000000000000e+00
1.537519999998534104e+01,0.000000000000000000e+00
1.547519999998530693e+01,0.000000000000000000e+00
1.557519999998530125e+01,0.000000000000000000e+00
1.567519999998532398e+01,0.000000000000000000e+00
1.577519999998531830e+01,0.000000000000000000e+00
1.587519999998528419e+01,0.000000000000000000e+00
1.597519999998527851e+01,0.000000000000000000e+00
1.607519999998530125e+01,0.000000000000000000e+00
1.617519999998529556e+01,0.000000000000000000e+00
1.627519999998526146e+01,0.000000000000000000e+00
1.637519999998525577e+01,0.000000000000000000e+00
1.647519999998527851e+01,0.000000000000000000e+00
1.657519999998527283e+01,0.000000000000000000e+00
1.667519999998523872e+01,0.000000000000000000e+00
1.677519999998523303e+01,0.000000000000000000e+00
1.687519999998525577e+01,0.000000000000000000e+00
1.697519999998525009e+01,0.000000000000000000e+00
1.707519999998521598e+01,0.000000000000000000e+00
1.717519999998521030e+01,0.000000000000000000e+00
1.727519999998523303e+01,0.000000000000000000e+00
1.737519999998522735e+01,0.000000000000000000e+00
1.747519999998519324e+01,0.000000000000000000e+00
1.757519999998518756e+01,0.000000000000000000e+00
1.767519999998521030e+01,0.000000000000000000e+00
1.777519999998520461e+01,0.000000000000000000e+00
1.787519999998517051e+01,0.000000000000000000e+00
1.797519999998516482e+01,0.000000000000000000e+00
1.807519999998518756e+01,0.000000000000000000e+00
1.817519999998518188e+01,0.000000000000000000e+00
1.827519999998514777e+01,0.000000000000000000e+00
1.837519999998514209e+01,0.000000000000000000e+00
1.847519999998516482e+01,0.000000000000000000e+00
1.857519999998515914e+01,0.000000000000000000e+00
1.867519999998512503e+01,0.000000000000000000e+00
1.877519999998511935e+01,0.000000000000000000e+00
1.887519999998514209e+01,0.000000000000000000e+00
1.897519999998513640e+01,0.000000000000000000e+00
1.907519999998510229e+01,0.000000000000000000e+00
1.917519999998509661e+01,0.000000000000000000e+00
1.927519999998511935e+01,0.000000000000000000e+00
1.937519999998511366e+01,0.000000000000000000e+00
1.947519999998507956e+01,0.000000000000000000e+00
1.957519999998507387e+01,0.000000000000000000e+00
1.967519999998509661e+01,0.000000000000000000e+00
1.977519999998509093e+01,0.000000000000000000e+00
1.987519999998505682e+01,0.000000000000000000e+00
1.997519999998505114e+01,0.000000000000000000e+00
2.007519999998507387e+01,0.000000000000000000e+00
2.017519999998506819e+01,0.000000000000000000e+00
2.027519999998503408e+01,0.000000000000000000e+00
2.037519999998502840e+01,0.000000000000000000e+00
2.047519999998505114e+01,0.000000000000000000e+00
2.057519999998504545e+01,0.000000000000000000e+00
2.067519999998501135e+01,0.000000000000000000e+00
2.077519999998500566e+01,0.000000000000000000e+00
2.087519999998502840e+01,0.000000000000000000e+00
2.097519999998502271e+01,0.000000000000000000e+00
2.107519999998498861e+01,0.000000000000000000e+00
2.117519999998498292e+01,0.000000000000000000e+00
2.127519999998500566e+01,0.000000000000000000e+00
2.137519999998499998e+01,0.000000000000000000e+00
2.147519999998496587e+01,0.000000000000000000e+00
2.157519999998496019e+01,0.000000000000000000e+00
2.167519999998498292e+01,0.000000000000000000e+00
2.177519999998497724e+01,0.000000000000000000e+00
2.187519999998494313e+01,0.000000000000000000e+00
2.197519999998493745e+01,0.000000000000000000e+00
2.207519999998496019e+01,0.000000000000000000e+00
2.217519999998495450e+01,0.000000000000000000e+00
2.227519999998492040e+01,0.000000000000000000e+00
2.237519999998491471e+01,0.000000000000000000e+00
2.247519999998493745e+01,0.000000000000000000e+00
2.257519999998493176e+01,0.000000000000000000e+00
2.267519999998489766e+01,0.000000000000000000e+00
2.277519999998489197e+01,0.000000000000000000e+00
2.287519999998491471e+01,0.000000000000000000e+00
2.297519999998490903e+01,0.000000000000000000e+00
2.307519999998487492e+01,0.000000000000000000e+00
2.317519999998486924e+01,0.000000000000000000e+00
2.327519999998489197e+01,0.000000000000000000e+00
2.337519999998488629e+01,0.000000000000000000e+00
2.347519999998485218e+01,0.000000000000000000e+00
2.357519999998484650e+01,0.000000000000000000e+00
2.367519999998486924e+01,0.000000000000000000e+00
2.377519999998486355e+01,0.000000000000000000e+00
2.387519999998482945e+01,0.000000000000000000e+00
2.397519999998482376e+01,0.000000000000000000e+00
2.407519999998484650e+01,0.000000000000000000e+00
2.417519999998484082e+01,0.000000000000000000e+00
2.427519999998480671e+01,0.000000000000000000e+00
2.437519999998480102e+01,0.000000000000000000e+00
2.447519999998482376e+01,0.000000000000000000e+00
2.457519999998481808e+01,0.000000000000000000e+00
2.467519999998478397e+01,0.000000000000000000e+00
2.477519999998477829e+01,0.000000000000000000e+00
2.487519999998480102e+01,0.000000000000000000e+00
2.497519999998479534e+01,0.000000000000000000e+00
2.507519999998476123e+01,0.000000000000000000e+00
2.517519999998475555e+01,0.000000000000000000e+00
2.527519999998477829e+01,0.000000000000000000e+00
2.537519999998477260e+01,0.000000000000000000e+00
2.547519999998473850e+01,0.000000000000000000e+00
2.557519999998473281e+01,0.000000000000000000e+00
2.567519999998475555e+01,0.000000000000000000e+00
2.577519999998474987e+01,0.000000000000000000e+00
2.587519999998471576e+01,0.000000000000000000e+00
2.597519999998471008e+01,0.000000000000000000e+00
2.607519999998473281e+01,0.000000000000000000e+00
2.617519999998472713e+01,0.000000000000000000e+00
2.627519999998469302e+01,0.000000000000000000e+00
2.637519999998468734e+01,0.000000000000000000e+00
2.647519999998471008e+01,0.000000000000000000e+00
2.657519999998470439e+01,0.000000000000000000e+00
2.667519999998467028e+01,0.000000000000000000e+00
2.677519999998466460e+01,0.000000000000000000e+00
2.687519999998468734e+01,0.000000000000000000e+00
2.697519999998468165e+01,0.000000000000000000e+00
2.707519999998464755e+01,0.000000000000000000e+00
2.717519999998464186e+01,0.000000000000000000e+00
2.727519999998466460e+01,0.000000000000000000e+00
2.737519999998465892e+01,0.000000000000000000e+00
2.747519999998462481e+01,0.000000000000000000e+00
2.757519999998461913e+01,0.000000000000000000e+00
2.767519999998464186e+01,0.000000000000000000e+00
2.777519999998463618e+01,0.000000000000000000e+00
2.787519999998460207e+01,0.000000000000000000e+00
2.797519999998459639e+01,0.000000000000000000e+00
2.807519999998461913e+01,0.000000000000000000e+00
2.817519999998461344e+01,0.000000000000000000e+00
2.827519999998457934e+01,0.000000000000000000e+00
2.837519999998457365e+01,0.000000000000000000e+00
2.847519999998459639e+01,0.000000000000000000e+00
2.857519999998459070e+01,0.000000000000000000e+00
2.867519999998455660e+01,0.000000000000000000e+00
2.877519999998455091e+01,0.000000000000000000e+00
2.887519999998457365e+01,0.000000000000000000e+00
2.897519999998456797e+01,0.000000000000000000e+00
2.907519999998453386e+01,0.000000000000000000e+00
2.917519999998452818e+01,0.000000000000000000e+00
2.927519999998455091e+01,0.000000000000000000e+00
2.937519999998454523e+01,0.000000000000000000e+00
2.947519999998451112e+01,0.000000000000000000e+00
2.957519999998450544e+01,0.000000000000000000e+00
2.967519999998452818e+01,0.000000000000000000e+00
2.977519999998452249e+01,0.000000000000000000e+00
2.987519999998448839e+01,0.000000000000000000e+00
2.997519999998448270e+01,0.000000000000000000e+00
3.007519999998450544e+01,0.000000000000000000e+00
3.017519999998449975e+01,0.000000000000000000e+00
3.027519999998446565e+01,0.000000000000000000e+00
3.037519999998445996e+01,0.000000000000000000e+00
3.047519999998448270e+01,0.000000000000000000e+00
3.057519999998447702e+01,0.000000000000000000e+00
3.067519999998444291e+01,0.000000000000000000e+00
3.077519999998443723e+01,0.000000000000000000e+00
3.087519999998445996e+01,0.000000000000000000e+00
3.097519999998445428e+01,0.000000000000000000e+00
3.107519999998442017e+01,0.000000000000000000e+00
3.117519999998441449e+01,0.000000000000000000e+00
3.127519999998443723e+01,0.000000000000000000e+00
3.137519999998443154e+01,0.000000000000000000e+00
3.147519999998439744e+01,0.000000000000000000e+00
3.157519999998439175e+01,0.000000000000000000e+00
3.167519999998441449e+01,0.000000000000000000e+00
3.177519999998440881e+01,0.000000000000000000e+00
3.187519999998437470e+01,0.000000000000000000e+00
3.197519999998436901e+01,0.000000000000000000e+00
3.207519999998439175e+01,0.000000000000000000e+00
3.217519999998438607e+01,0.000000000000000000e+00
3.227519999998435196e+01,0.000000000000000000e+00
3.237519999998434628e+01,0.000000000000000000e+00
3.247519999998436901e+01,0.000000000000000000e+00
3.257519999998436333e+01,0.000000000000000000e+00
3.267519999998432922e+01,0.000000000000000000e+00
3.277519999998432354e+01,0.000000000000000000e+00
3.287519999998434628e+01,0.000000000000000000e+00
3.297519999998434059e+01,0.000000000000000000e+00
3.307519999998430649e+01,0.000000000000000000e+00
3.317519999998430080e+01,0.000000000000000000e+00
3.327519999998432354e+01,0.000000000000000000e+00
3.337519999998431786e+01,0.000000000000000000e+00
3.347519999998428375e+01,0.000000000000000000e+00
3.357519999998427807e+01,0.000000000000000000e+00
3.367519999998430080e+01,0.000000000000000000e+00
3.377519999998429512e+01,0.000000000000000000e+00
3.387519999998426101e+01,0.000000000000000000e+00
3.397519999998425533e+01,0.000000000000000000e+00
3.407519999998427807e+01,0.000000000000000000e+00
3.417519999998427238e+01,0.000000000000000000e+00
3.427519999998423827e+01,0.000000000000000000e+00
3.437519999998423259e+01,0.000000000000000000e+00
3.447519999998425533e+01,0.000000000000000000e+00
3.457519999998424964e+01,0.000000000000000000e+00
3.467519999998421554e+01,0.000000000000000000e+00
3.477519999998420985e+01,0.000000000000000000e+00
3.487519999998423259e+01,0.000000000000000000e+00
3.497519999998422691e+01,0.000000000000000000e+00
3.507519999998419280e+01,0.000000000000000000e+00
3.517519999998418712e+01,0.000000000000000000e+00
3.527519999998420985e+01,0.000000000000000000e+00
3.537519999998420417e+01,0.000000000000000000e+00
3.547519999998417006e+01,0.000000000000000000e+00
3.557519999998416438e+01,0.000000000000000000e+00
3.567519999998418712e+01,0.000000000000000000e+00
3.577519999998418143e+01,0.000000000000000000e+00
3.587519999998414733e+01,0.000000000000000000e+00
3.597519999998414164e+01,0.000000000000000000e+00
3.607519999998416438e+01,0.000000000000000000e+00
3.617519999998415869e+01,0.000000000000000000e+00
3.627519999998412459e+01,0.000000000000000000e+00
3.637519999998411890e+01,0.000000000000000000e+00
3.647519999998414164e+01,0.000000000000000000e+00
3.657519999998413596e+01,0.000000000000000000e+00
3.667519999998410185e+01,0.000000000000000000e+00
3.677519999998409617e+01,0.000000000000000000e+00
3.687519999998411890e+01,0.000000000000000000e+00
3.697519999998411322e+01,0.000000000000000000e+00
3.707519999998407911e+01,0.000000000000000000e+00
3.717519999998407343e+01,0.000000000000000000e+00
3.727519999998409617e+01,0.000000000000000000e+00
3.737519999998409048e+01,0.000000000000000000e+00
3.747519999998405638e+01,0.000000000000000000e+00
3.757519999998405069e+01,0.000000000000000000e+00
3.767519999998407343e+01,0.000000000000000000e+00
3.777519999998406774e+01,0.000000000000000000e+00
3.787519999998403364e+01,0.000000000000000000e+00
3.797519999998402795e+01,0.000000000000000000e+00
3.807519999998405069e+01,0.000000000000000000e+00
3.817519999998404501e+01,0.000000000000000000e+00
3.827519999998401090e+01,0.000000000000000000e+00
3.837519999998400522e+01,0.000000000000000000e+00
3.847519999998402795e+01,0.000000000000000000e+00
3.857519999998402227e+01,0.000000000000000000e+00
3.867519999998398816e+01,0.000000000000000000e+00
3.877519999998398248e+01,0.000000000000000000e+00
3.887519999998400522e+01,0.000000000000000000e+00
3.897519999998399953e+01,0.000000000000000000e+00
3.907519999998396543e+01,0.000000000000000000e+00
3.917519999998395974e+01,0.000000000000000000e+00
3.927519999998398248e+01,0.000000000000000000e+00
3.937519999998397680e+01,0.000000000000000000e+00
3.947519999998394269e+01,0.000000000000000000e+00
3.957519999998393700e+01,0.000000000000000000e+00
3.967519999998395974e+01,0.000000000000000000e+00
3.977519999998395406e+01,0.000000000000000000e+00
3.987519999998391995e+01,0.000000000000000000e+00
3.997519999998391427e+01,0.000000000000000000e+00
4.007519999998393700e+01,0.000000000000000000e+00
4.017519999998393132e+01,0.000000000000000000e+00
4.027519999998389721e+01,0.000000000000000000e+00
4.037519999998389153e+01,0.000000000000000000e+00
4.047519999998391427e+01,0.000000000000000000e+00
4.057519999998390858e+01,0.000000000000000000e+00
4.067519999998387448e+01,0.000000000000000000e+00
4.077519999998386879e+01,0.000000000000000000e+00
4.087519999998389153e+01,0.000000000000000000e+00
4.097519999998388585e+01,0.000000000000000000e+00
4.107519999998385174e+01,0.000000000000000000e+00
4.117519999998384606e+01,0.000000000000000000e+00
4.127519999998386879e+01,0.000000000000000000e+00
4.137519999998386311e+01,0.000000000000000000e+00
4.147519999998382900e+01,0.000000000000000000e+00
4.157519999998382332e+01,0.000000000000000000e+00
4.167519999998384606e+01,0.000000000000000000e+00
4.177519999998384037e+01,0.000000000000000000e+00
4.187519999998380626e+01,0.000000000000000000e+00
4.197519999998380058e+01,0.000000000000000000e+00
4.207519999998382332e+01,0.000000000000000000e+00
4.217519999998381763e+01,0.000000000000000000e+00
4.227519999998378353e+01,0.000000000000000000e+00
4.237519999998377784e+01,0.000000000000000000e+00
4.247519999998380058e+01,0.000000000000000000e+00
4.257519999998379490e+01,0.000000000000000000e+00
4.267519999998376079e+01,0.000000000000000000e+00
4.277519999998375511e+01,0.000000000000000000e+00
4.287519999998377784e+01,0.000000000000000000e+00
4.297519999998377216e+01,0.000000000000000000e+00
4.307519999998373805e+01,0.000000000000000000e+00
4.317519999998373237e+01,0.000000000000000000e+00
4.327519999998375511e+01,0.000000000000000000e+00
4.337519999998374942e+01,0.000000000000000000e+00
4.347519999998371532e+01,0.000000000000000000e+00
4.357519999998370963e+01,0.000000000000000000e+00
4.367519999998373237e+01,0.000000000000000000e+00
4.377519999998372668e+01,0.000000000000000000e+00
4.387519999998369258e+01,0.000000000000000000e+00
4.397519999998368689e+01,0.000000000000000000e+00
4.407519999998370963e+01,0.000000000000000000e+00
4.417519999998370395e+01,0.000000000000000000e+00
4.427519999998366984e+01,0.000000000000000000e+00
4.437519999998366416e+01,0.000000000000000000e+00
4.447519999998368689e+01,0.000000000000000000e+00
4.457519999998368121e+01,0.000000000000000000e+00
4.467519999998364710e+01,0.000000000000000000e+00
4.477519999998364142e+01,0.000000000000000000e+00
4.487519999998366416e+01,0.000000000000000000e+00
4.497519999998365847e+01,0.000000000000000000e+00
4.507519999998362437e+01,0.000000000000000000e+00
4.517519999998361868e+01,0.000000000000000000e+00
4.527519999998364142e+01,0.000000000000000000e+00
4.537519999998363573e+01,0.000000000000000000e+00
4.547519999998360163e+01,0.000000000000000000e+00
4.557519999998359594e+01,0.000000000000000000e+00
4.567519999998361868e+01,0.000000000000000000e+00
4.577519999998361300e+01,0.000000000000000000e+00
4.587519999998357889e+01,0.000000000000000000e+00
4.597519999998357321e+01,0.000000000000000000e+00
4.607519999998359594e+01,0.000000000000000000e+00
4.617519999998359026e+01,0.000000000000000000e+00
4.627519999998355615e+01,0.000000000000000000e+00
4.637519999998355047e+01,0.000000000000000000e+00
4.647519999998357321e+01,0.000000000000000000e+00
4.657519999998356752e+01,0.000000000000000000e+00
4.667519999998353342e+01,0.000000000000000000e+00
4.677519999998352773e+01,0.000000000000000000e+00
4.687519999998355047e+01,0.000000000000000000e+00
4.697519999998354479e+01,0.000000000000000000e+00
4.707519999998351068e+01,0.000000000000000000e+00
4.717519999998350499e+01,0.000000000000000000e+00
4.727519999998352773e+01,0.000000000000000000e+00
4.737519999998352205e+01,0.000000000000000000e+00
4.747519999998348794e+01,0.000000000000000000e+00
4.757519999998348226e+01,0.000000000000000000e+00
4.767519999998350499e+01,0.000000000000000000e+00
4.777519999998349931e+01,0.000000000000000000e+00
4.787519999998346520e+01,0.000000000000000000e+00
4.797519999998345952e+01,0.000000000000000000e+00
4.807519999998348226e+01,0.000000000000000000e+00
4.817519999998347657e+01,0.000000000000000000e+00
4.827519999998344247e+01,0.000000000000000000e+00
4.837519999998343678e+01,0.000000000000000000e+00
4.847519999998345952e+01,0.000000000000000000e+00
4.857519999998345384e+01,0.000000000000000000e+00
4.867519999998341973e+01,0.000000000000000000e+00
4.877519999998341405e+01,0.000000000000000000e+00
4.887519999998343678e+01,0.000000000000000000e+00
4.897519999998343110e+01,0.000000000000000000e+00
4.907519999998339699e+01,0.000000000000000000e+00
4.917519999998339131e+01,0.000000000000000000e+00
4.927519999998341405e+01,0.000000000000000000e+00
4.937519999998340836e+01,0.000000000000000000e+00
4.947519999998337425e+01,0.000000000000000000e+00
4.957519999998336857e+01,0.000000000000000000e+00
4.967519999998339131e+01,0.000000000000000000e+00
4.977519999998338562e+01,0.000000000000000000e+00
4.987519999998335152e+01,0.000000000000000000e+00
4.997519999998334583e+01,0.000000000000000000e+00
5.007519999998336857e+01,0.000000000000000000e+00
5.017519999998336289e+01,0.000000000000000000e+00
5.027519999998332878e+01,0.000000000000000000e+00
5.037519999998332310e+01,0.000000000000000000e+00
5.047519999998334583e+01,0.000000000000000000e+00
5.057519999998334015e+01,0.000000000000000000e+00
5.067519999998330604e+01,0.000000000000000000e+00
5.077519999998330036e+01,0.000000000000000000e+00
5.087519999998332310e+01,0.000000000000000000e+00
5.097519999998331741e+01,0.000000000000000000e+00
5.107519999998328331e+01,0.000000000000000000e+00
5.117519999998327762e+01,0.000000000000000000e+00
5.127519999998330036e+01,0.000000000000000000e+00
5.137519999998329467e+01,0.000000000000000000e+00
5.147519999998326057e+01,0.000000000000000000e+00
5.157519999998325488e+01,0.000000000000000000e+00
5.167519999998327762e+01,0.000000000000000000e+00
5.177519999998327194e+01,0.000000000000000000e+00
5.187519999998323783e+01,0.000000000000000000e+00
5.197519999998323215e+01,0.000000000000000000e+00
5.207519999998325488e+01,0.000000000000000000e+00
5.217519999998324920e+01,0.000000000000000000e+00
5.227519999998321509e+01,0.000000000000000000e+00
5.237519999998320941e+01,0.000000000000000000e+00
5.247519999998323215e+01,0.000000000000000000e+00
5.257519999998322646e+01,0.000000000000000000e+00
5.267519999998319236e+01,0.000000000000000000e+00
5.277519999998318667e+01,0.000000000000000000e+00
5.287519999998320941e+01,0.000000000000000000e+00
5.297519999998320372e+01,0.000000000000000000e+00
5.307519999998316962e+01,0.000000000000000000e+00
5.317519999998316393e+01,0.000000000000000000e+00
5.327519999998318667e+01,0.000000000000000000e+00
5.337519999998318099e+01,0.000000000000000000e+00
5.347519999998314688e+01,0.000000000000000000e+00
5.357519999998314120e+01,0.000000000000000000e+00
5.367519999998316393e+01,0.000000000000000000e+00
5.377519999998315825e+01,0.000000000000000000e+00
5.387519999998312414e+01,0.000000000000000000e+00
5.397519999998311846e+01,0.000000000000000000e+00
5.407519999998314120e+01,0.000000000000000000e+00
5.417519999998313551e+01,0.000000000000000000e+00
5.427519999998310141e+01,0.000000000000000000e+00
5.437519999998309572e+01,0.000000000000000000e+00
5.447519999998311846e+01,0.000000000000000000e+00
5.457519999998311278e+01,0.000000000000000000e+00
5.467519999998307867e+01,0.000000000000000000e+00
5.477519999998307298e+01,0.000000000000000000e+00
5.487519999998309572e+01,0.000000000000000000e+00
5.497519999998309004e+01,0.000000000000000000e+00
5.507519999998305593e+01,0.000000000000000000e+00
5.517519999998305025e+01,0.000000000000000000e+00
5.527519999998307298e+01,0.000000000000000000e+00
5.537519999998306730e+01,0.000000000000000000e+00
5.547519999998303319e+01,0.000000000000000000e+00
5.557519999998302751e+01,0.000000000000000000e+00
5.567519999998305025e+01,0.000000000000000000e+00
5.577519999998304456e+01,0.000000000000000000e+00
5.587519999998301046e+01,0.000000000000000000e+00
5.597519999998300477e+01,0.000000000000000000e+00
5.607519999998302751e+01,0.000000000000000000e+00
5.617519999998302183e+01,0.000000000000000000e+00
5.627519999998298772e+01,0.000000000000000000e+00
5.637519999998298204e+01,0.000000000000000000e+00
5.647519999998300477e+01,0.000000000000000000e+00
5.657519999998299909e+01,0.000000000000000000e+00
5.667519999998296498e+01,0.000000000000000000e+00
5.677519999998295930e+01,0.000000000000000000e+00
5.687519999998298204e+01,0.000000000000000000e+00
5.697519999998297635e+01,0.000000000000000000e+00
5.707519999998294224e+01,0.000000000000000000e+00
5.717519999998293656e+01,0.000000000000000000e+00
5.727519999998295930e+01,0.000000000000000000e+00
5.737519999998295361e+01,0.000000000000000000e+00
5.747519999998291951e+01,0.000000000000000000e+00
5.757519999998291382e+01,0.000000000000000000e+00
5.767519999998293656e+01,0.000000000000000000e+00
5.777519999998293088e+01,0.000000000000000000e+00
5.787519999998289677e+01,0.000000000000000000e+00
5.797519999998289109e+01,0.000000000000000000e+00
5.807519999998291382e+01,0.000000000000000000e+00
5.817519999998290814e+01,0.000000000000000000e+00
5.827519999998287403e+01,0.000000000000000000e+00
5.837519999998286835e+01,0.000000000000000000e+00
5.847519999998289109e+01,0.000000000000000000e+00
5.857519999998288540e+01,0.000000000000000000e+00
5.867519999998285130e+01,0.000000000000000000e+00
5.877519999998284561e+01,0.000000000000000000e+00
5.887519999998286835e+01,0.000000000000000000e+00
5.897519999998286266e+01,0.000000000000000000e+00
5.907519999998282856e+01,0.000000000000000000e+00
5.917519999998282287e+01,0.000000000000000000e+00
5.927519999998284561e+01,0.000000000000000000e+00
5.937519999998283993e+01,0.000000000000000000e+00
5.947519999998280582e+01,0.000000000000000000e+00
5.957519999998280014e+01,0.000000000000000000e+00
5.967519999998282287e+01,0.000000000000000000e+00
5.977519999998281719e+01,0.000000000000000000e+00
5.987519999998278308e+01,0.000000000000000000e+00
5.997519999998277740e+01,0.000000000000000000e+00
6.007519999998280014e+01,0.000000000000000000e+00
6.017519999998279445e+01,0.000000000000000000e+00
6.027519999998276035e+01,0.000000000000000000e+00
6.037519999998275466e+01,0.000000000000000000e+00
6.047519999998277740e+01,0.000000000000000000e+00
6.057519999998277171e+01,0.000000000000000000e+00
6.067519999998273761e+01,0.000000000000000000e+00
6.077519999998273192e+01,0.000000000000000000e+00
6.087519999998275466e+01,0.000000000000000000e+00
6.097519999998274898e+01,0.000000000000000000e+00
6.107519999998271487e+01,0.000000000000000000e+00
6.117519999998270919e+01,0.000000000000000000e+00
6.127519999998273192e+01,0.000000000000000000e+00
6.137519999998272624e+01,0.000000000000000000e+00
6.147519999998269213e+01,0.000000000000000000e+00
6.157519999998268645e+01,0.000000000000000000e+00
6.167519999998270919e+01,0.000000000000000000e+00
6.177519999998270350e+01,0.000000000000000000e+00
6.187519999998266940e+01,0.000000000000000000e+00
6.197519999998266371e+01,0.000000000000000000e+00
6.207519999998268645e+01,0.000000000000000000e+00
6.217519999998268077e+01,0.000000000000000000e+00
6.227519999998264666e+01,0.000000000000000000e+00
6.237519999998264097e+01,0.000000000000000000e+00
6.247519999998266371e+01,0.000000000000000000e+00
6.257519999998265803e+01,0.000000000000000000e+00
6.267519999998262392e+01,0.000000000000000000e+00
6.277519999998261824e+01,0.000000000000000000e+00
6.287519999998264097e+01,0.000000000000000000e+00
6.297519999998263529e+01,0.000000000000000000e+00
6.307519999998260118e+01,0.000000000000000000e+00
6.317519999998259550e+01,0.000000000000000000e+00
6.327519999998261824e+01,0.000000000000000000e+00
6.337519999998261255e+01,0.000000000000000000e+00
6.347519999998257845e+01,0.000000000000000000e+00
6.357519999998257276e+01,0.000000000000000000e+00
6.367519999998259550e+01,0.000000000000000000e+00
6.377519999998258982e+01,0.000000000000000000e+00
6.387519999998255571e+01,0.000000000000000000e+00
6.397519999998255003e+01,0.000000000000000000e+00
6.407519999998257276e+01,0.000000000000000000e+00
6.417519999998256708e+01,0.000000000000000000e+00
6.427519999998253297e+01,0.000000000000000000e+00
6.437519999998252729e+01,0.000000000000000000e+00
6.447519999998255003e+01,0.000000000000000000e+00
6.457519999998254434e+01,0.000000000000000000e+00
6.467519999998251023e+01,0.000000000000000000e+00
6.477519999998250455e+01,0.000000000000000000e+00
6.487519999998252729e+01,0.000000000000000000e+00
6.497519999998252160e+01,0.000000000000000000e+00
6.507519999998248750e+01,0.000000000000000000e+00
6.517519999998248181e+01,0.000000000000000000e+00
6.527519999998250455e+01,0.000000000000000000e+00
6.537519999998249887e+01,0.000000000000000000e+00
6.547519999998246476e+01,0.000000000000000000e+00
6.557519999998245908e+01,0.000000000000000000e+00
6.567519999998248181e+01,0.000000000000000000e+00
6.577519999998247613e+01,0.000000000000000000e+00
6.587519999998244202e+01,0.000000000000000000e+00
6.597519999998243634e+01,0.000000000000000000e+00
6.607519999998245908e+01,0.000000000000000000e+00
6.617519999998245339e+01,0.000000000000000000e+00
6.627519999998241929e+01,0.000000000000000000e+00
6.637519999998241360e+01,0.000000000000000000e+00
6.647519999998243634e+01,0.000000000000000000e+00
6.657519999998243065e+01,0.000000000000000000e+00
6.667519999998239655e+01,0.000000000000000000e+00
6.677519999998239086e+01,0.000000000000000000e+00
6.687519999998241360e+01,0.000000000000000000e+00
6.697519999998240792e+01,0.000000000000000000e+00
6.707519999998237381e+01,6.299874002522097777e-04
6.717519999998236813e+01,1.049979000419752921e-03
6.727519999998239086e+01,8.399832003358022933e-04
6.737519999998238518e+01,8.399832003362797759e-04
6.747519999998235107e+01,2.099958000840699440e-04
6.757519999998234539e+01,4.199916001679011466e-04
6.767519999998236813e+01,8.399832003358022933e-04
6.777519999998236244e+01,4.199916001681398879e-04
6.787519999998232834e+01,1.679966400672559552e-03
6.797519999998232265e+01,1.049979000419752921e-03
6.807519999998234539e+01,8.399832003358022933e-04
6.817519999998233970e+01,6.299874002522097777e-04
6.827519999998230560e+01,1.469970600588489662e-03
6.837519999998229991e+01,1.679966400671604587e-03
6.847519999998232265e+01,6.299874002518516657e-04
6.857519999998231697e+01,6.299874002522097777e-04
6.867519999998228286e+01,2.099958000840699440e-04
6.877519999998227718e+01,6.299874002518516657e-04
6.887519999998229991e+01,2.099958000839505733e-04
6.897519999998229423e+01,2.099958000840699440e-04
6.907519999998226012e+01,0.000000000000000000e+00
6.917519999998225444e+01,0.000000000000000000e+00
6.927519999998227718e+01,0.000000000000000000e+00
6.937519999998227149e+01,0.000000000000000000e+00
6.947519999998223739e+01,0.000000000000000000e+00
6.957519999998223170e+01,0.000000000000000000e+00
6.967519999998225444e+01,0.000000000000000000e+00
6.977519999998224876e+01,0.000000000000000000e+00
6.987519999998221465e+01,0.000000000000000000e+00
6.997519999998220896e+01,0.000000000000000000e+00
7.007519999998223170e+01,0.000000000000000000e+00
7.017519999998222602e+01,0.000000000000000000e+00
7.027519999998219191e+01,0.000000000000000000e+00
7.037519999998218623e+01,0.000000000000000000e+00
7.047519999998220896e+01,0.000000000000000000e+00
7.057519999998220328e+01,0.000000000000000000e+00
7.067519999998216917e+01,0.000000000000000000e+00
7.077519999998216349e+01,0.000000000000000000e+00
7.087519999998218623e+01,0.000000000000000000e+00
7.097519999998218054e+01,0.000000000000000000e+00
7.107519999998214644e+01,0.000000000000000000e+00
7.117519999998214075e+01,0.000000000000000000e+00
7.127519999998216349e+01,0.000000000000000000e+00
7.137519999998215781e+01,0.000000000000000000e+00
7.147519999998212370e+01,0.000000000000000000e+00
7.157519999998211802e+01,0.000000000000000000e+00
7.167519999998214075e+01,0.000000000000000000e+00
7.177519999998213507e+01,0.000000000000000000e+00
7.187519999998210096e+01,0.000000000000000000e+00
7.197519999998209528e+01,0.000000000000000000e+00
7.207519999998211802e+01,0.000000000000000000e+00
7.217519999998211233e+01,0.000000000000000000e+00
7.227519999998207823e+01,0.000000000000000000e+00
7.237519999998207254e+01,0.000000000000000000e+00
7.247519999998209528e+01,0.000000000000000000e+00
7.257519999998208959e+01,0.000000000000000000e+00
7.267519999998205549e+01,0.000000000000000000e+00
7.277519999998204980e+01,0.000000000000000000e+00
7.287519999998207254e+01,0.000000000000000000e+00
7.297519999998206686e+01,0.000000000000000000e+00
7.307519999998203275e+01,0.000000000000000000e+00
7.317519999998202707e+01,0.000000000000000000e+00
7.327519999998204980e+01,0.000000000000000000e+00
7.337519999998204412e+01,0.000000000000000000e+00
7.347519999998201001e+01,0.000000000000000000e+00
7.357519999998200433e+01,0.000000000000000000e+00
7.367519999998202707e+01,0.000000000000000000e+00
7.377519999998202138e+01,0.000000000000000000e+00
7.387519999998198728e+01,0.000000000000000000e+00
7.397519999998198159e+01,0.000000000000000000e+00
7.407519999998200433e+01,0.000000000000000000e+00
7.417519999998199864e+01,0.000000000000000000e+00
7.427519999998196454e+01,0.000000000000000000e+00
7.437519999998195885e+01,0.000000000000000000e+00
7.447519999998198159e+01,0.000000000000000000e+00
7.457519999998197591e+01,0.000000000000000000e+00
7.467519999998194180e+01,0.000000000000000000e+00
7.477519999998193612e+01,0.000000000000000000e+00
7.487519999998195885e+01,0.000000000000000000e+00
7.497519999998195317e+01,0.000000000000000000e+00
7.507519999998191906e+01,0.000000000000000000e+00
7.517519999998191338e+01,0.000000000000000000e+00
7.527519999998193612e+01,0.000000000000000000e+00
7.537519999998193043e+01,0.000000000000000000e+00
7.547519999998189633e+01,0.000000000000000000e+00
7.557519999998189064e+01,0.000000000000000000e+00
7.567519999998191338e+01,0.000000000000000000e+00
7.577519999998190769e+01,0.000000000000000000e+00
7.587519999998187359e+01,0.000000000000000000e+00
7.597519999998186790e+01,0.000000000000000000e+00
7.607519999998189064e+01,0.000000000000000000e+00
7.617519999998188496e+01,0.000000000000000000e+00
7.627519999998185085e+01,0.000000000000000000e+00
7.637519999998184517e+01,0.000000000000000000e+00
7.647519999998186790e+01,0.000000000000000000e+00
7.657519999998186222e+01,0.000000000000000000e+00
7.667519999998182811e+01,0.000000000000000000e+00
7.677519999998182243e+01,0.000000000000000000e+00
7.687519999998184517e+01,0.000000000000000000e+00
7.697519999998183948e+01,0.000000000000000000e+00
7.707519999998180538e+01,0.000000000000000000e+00
7.717519999998179969e+01,0.000000000000000000e+00
7.727519999998182243e+01,0.000000000000000000e+00
7.737519999998181675e+01,0.000000000000000000e+00
7.747519999998178264e+01,0.000000000000000000e+00
7.757519999998177695e+01,0.000000000000000000e+00
7.767519999998179969e+01,0.000000000000000000e+00
7.777519999998179401e+01,0.000000000000000000e+00
7.787519999998175990e+01,8.399832003362797759e-04
7.797519999998175422e+01,8.399832003358022933e-04
7.807519999998177695e+01,0.000000000000000000e+00
7.817519999998177127e+01,0.000000000000000000e+00
7.827519999998173716e+01,0.000000000000000000e+00
7.837519999998173148e+01,0.000000000000000000e+00
7.847519999998175422e+01,0.000000000000000000e+00
7.857519999998174853e+01,1.469970600588489662e-03
7.867519999998171443e+01,2.099958000840699440e-04
7.877519999998170874e+01,0.000000000000000000e+00
7.887519999998173148e+01,0.000000000000000000e+00
7.897519999998172580e+01,1.679966400672559552e-03
7.907519999998169169e+01,0.000000000000000000e+00
7.917519999998168601e+01,0.000000000000000000e+00
7.927519999998170874e+01,0.000000000000000000e+00
7.937519999998170306e+01,0.000000000000000000e+00
7.947519999998166895e+01,0.000000000000000000e+00
7.957519999998166327e+01,0.000000000000000000e+00
7.967519999998168601e+01,0.000000000000000000e+00
7.977519999998168032e+01,0.000000000000000000e+00
7.987519999998164622e+01,0.000000000000000000e+00
7.997519999998164053e+01,0.000000000000000000e+00
8.007519999998166327e+01,0.000000000000000000e+00
8.017519999998165758e+01,0.000000000000000000e+00
8.027519999998162348e+01,0.000000000000000000e+00
8.037519999998161779e+01,0.000000000000000000e+00
8.047519999998164053e+01,0.000000000000000000e+00
8.057519999998163485e+01,0.000000000000000000e+00
8.067519999998160074e+01,0.000000000000000000e+00
8.077519999998159506e+01,0.000000000000000000e+00
8.087519999998161779e+01,0.000000000000000000e+00
8.097519999998161211e+01,0.000000000000000000e+00
8.107519999998157800e+01,0.000000000000000000e+00
8.117519999998157232e+01,0.000000000000000000e+00
8.127519999998159506e+01,0.000000000000000000e+00
8.137519999998158937e+01,0.000000000000000000e+00
8.147519999998155527e+01,0.000000000000000000e+00
8.157519999998154958e+01,0.000000000000000000e+00
8.167519999998157232e+01,0.000000000000000000e+00
8.177519999998156663e+01,0.000000000000000000e+00
8.187519999998153253e+01,0.000000000000000000e+00
8.197519999998152684e+01,0.000000000000000000e+00
8.207519999998154958e+01,0.000000000000000000e+00
8.217519999998154390e+01,0.000000000000000000e+00
8.227519999998150979e+01,2.099958000840699440e-04
8.237519999998150411e+01,0.000000000000000000e+00
8.247519999998152684e+01,0.000000000000000000e+00
8.257519999998152116e+01,0.000000000000000000e+00
8.267519999998148705e+01,0.000000000000000000e+00
8.277519999998148137e+01,0.000000000000000000e+00
8.287519999998150411e+01,2.099958000839505733e-04
8.297519999998149842e+01,0.000000000000000000e+00
8.307519999998146432e+01,0.000000000000000000e+00
8.317519999998145863e+01,0.000000000000000000e+00
8.327519999998148137e+01,2.099958000839505733e-04
8.337519999998147568e+01,0.000000000000000000e+00
8.347519999998144158e+01,0.000000000000000000e+00
8.357519999998143589e+01,0.000000000000000000e+00
8.367519999998145863e+01,0.000000000000000000e+00
8.377519999998145295e+01,0.000000000000000000e+00
8.387519999998141884e+01,0.000000000000000000e+00
8.397519999998141316e+01,0.000000000000000000e+00
8.407519999998143589e+01,0.000000000000000000e+00
8.417519999998143021e+01,0.000000000000000000e+00
8.427519999998139610e+01,0.000000000000000000e+00
8.437519999998139042e+01,0.000000000000000000e+00
8.447519999998141316e+01,0.000000000000000000e+00
8.457519999998140747e+01,0.000000000000000000e+00
8.467519999998137337e+01,0.000000000000000000e+00
8.477519999998136768e+01,0.000000000000000000e+00
8.487519999998139042e+01,0.000000000000000000e+00
8.497519999998138474e+01,0.000000000000000000e+00
8.507519999998135063e+01,0.000000000000000000e+00
8.517519999998134494e+01,0.000000000000000000e+00
8.527519999998136768e+01,0.000000000000000000e+00
8.537519999998136200e+01,0.000000000000000000e+00
8.547519999998132789e+01,0.000000000000000000e+00
8.557519999998132221e+01,0.000000000000000000e+00
8.567519999998134494e+01,0.000000000000000000e+00
8.577519999998133926e+01,0.000000000000000000e+00
8.587519999998130515e+01,0.000000000000000000e+00
8.597519999998129947e+01,0.000000000000000000e+00
8.607519999998132221e+01,0.000000000000000000e+00
8.617519999998131652e+01,0.000000000000000000e+00
8.627519999998128242e+01,0.000000000000000000e+00
8.637519999998127673e+01,0.000000000000000000e+00
8.647519999998129947e+01,0.000000000000000000e+00
8.657519999998129379e+01,0.000000000000000000e+00
8.667519999998125968e+01,0.000000000000000000e+00
8.677519999998125400e+01,0.000000000000000000e+00
8.687519999998127673e+01,0.000000000000000000e+00
8.697519999998127105e+01,0.000000000000000000e+00
8.707519999998123694e+01,0.000000000000000000e+00
8.717519999998123126e+01,0.000000000000000000e+00
8.727519999998125400e+01,0.000000000000000000e+00
8.737519999998124831e+01,0.000000000000000000e+00
8.747519999998121421e+01,0.000000000000000000e+00
8.757519999998120852e+01,0.000000000000000000e+00
8.767519999998123126e+01,0.000000000000000000e+00
8.777519999998122557e+01,0.000000000000000000e+00
8.787519999998119147e+01,0.000000000000000000e+00
8.797519999998118578e+01,0.000000000000000000e+00
8.807519999998120852e+01,0.000000000000000000e+00
8.817519999998120284e+01,0.000000000000000000e+00
8.827519999998116873e+01,0.000000000000000000e+00
8.837519999998116305e+01,0.000000000000000000e+00
8.847519999998118578e+01,0.000000000000000000e+00
8.857519999998118010e+01,0.000000000000000000e+00
8.867519999998114599e+01,0.000000000000000000e+00
8.877519999998114031e+01,0.000000000000000000e+00
8.887519999998116305e+01,0.000000000000000000e+00
8.897519999998115736e+01,0.000000000000000000e+00
8.907519999998112326e+01,0.000000000000000000e+00
8.917519999998111757e+01,0.000000000000000000e+00
8.927519999998114031e+01,0.000000000000000000e+00
8.937519999998113462e+01,0.000000000000000000e+00
8.947519999998110052e+01,0.000000000000000000e+00
8.957519999998109483e+01,0.000000000000000000e+00
8.967519999998111757e+01,0.000000000000000000e+00
8.977519999998111189e+01,0.000000000000000000e+00
8.987519999998107778e+01,0.000000000000000000e+00
8.997519999998107210e+01,0.000000000000000000e+00
9.007519999998109483e+01,0.000000000000000000e+00
9.017519999998108915e+01,0.000000000000000000e+00
9.027519999998105504e+01,0.000000000000000000e+00
9.037519999998104936e+01,0.000000000000000000e+00
9.047519999998107210e+01,0.000000000000000000e+00
9.057519999998106641e+01,0.000000000000000000e+00
9.067519999998103231e+01,0.000000000000000000e+00
9.077519999998102662e+01,0.000000000000000000e+00
9.087519999998104936e+01,0.000000000000000000e+00
9.097519999998104367e+01,0.000000000000000000e+00
9.107519999998100957e+01,0.000000000000000000e+00
9.117519999998100388e+01,0.000000000000000000e+00
9.127519999998102662e+01,0.000000000000000000e+00
9.137519999998102094e+01,0.000000000000000000e+00
9.147519999998098683e+01,0.000000000000000000e+00
9.157519999998098115e+01,0.000000000000000000e+00
9.167519999998100388e+01,0.000000000000000000e+00
9.177519999998099820e+01,0.000000000000000000e+00
9.187519999998096409e+01,0.000000000000000000e+00
9.197519999998095841e+01,0.000000000000000000e+00
9.207519999998098115e+01,0.000000000000000000e+00
9.217519999998097546e+01,0.000000000000000000e+00
9.227519999998094136e+01,0.000000000000000000e+00
9.237519999998093567e+01,0.000000000000000000e+00
9.247519999998095841e+01,0.000000000000000000e+00
9.257519999998095273e+01,0.000000000000000000e+00
9.267519999998091862e+01,0.000000000000000000e+00
9.277519999998091293e+01,0.000000000000000000e+00
9.287519999998093567e+01,0.000000000000000000e+00
9.297519999998092999e+01,0.000000000000000000e+00
9.307519999998089588e+01,0.000000000000000000e+00
9.317519999998089020e+01,0.000000000000000000e+00
9.327519999998091293e+01,0.000000000000000000e+00
9.337519999998090725e+01,0.000000000000000000e+00
9.347519999998087314e+01,0.000000000000000000e+00
9.357519999998086746e+01,0.000000000000000000e+00
9.367519999998089020e+01,0.000000000000000000e+00
9.377519999998088451e+01,0.000000000000000000e+00
9.387519999998085041e+01,0.000000000000000000e+00
9.397519999998084472e+01,0.000000000000000000e+00
9.407519999998086746e+01,0.000000000000000000e+00
9.417519999998086178e+01,0.000000000000000000e+00
9.427519999998082767e+01,0.000000000000000000e+00
9.437519999998082199e+01,0.000000000000000000e+00
9.447519999998084472e+01,0.000000000000000000e+00
9.457519999998083904e+01,0.000000000000000000e+00
9.467519999998080493e+01,0.000000000000000000e+00
9.477519999998079925e+01,0.000000000000000000e+00
9.487519999998082199e+01,0.000000000000000000e+00
9.497519999998081630e+01,0.000000000000000000e+00
9.507519999998078220e+01,0.000000000000000000e+00
9.517519999998077651e+01,0.000000000000000000e+00
9.527519999998079925e+01,0.000000000000000000e+00
9.537519999998079356e+01,0.000000000000000000e+00
9.547519999998075946e+01,0.000000000000000000e+00
9.557519999998075377e+01,0.000000000000000000e+00
9.567519999998077651e+01,0.000000000000000000e+00
9.577519999998077083e+01,0.000000000000000000e+00
9.587519999998073672e+01,0.000000000000000000e+00
9.597519999998073104e+01,0.000000000000000000e+00
9.607519999998075377e+01,0.000000000000000000e+00
9.617519999998074809e+01,0.000000000000000000e+00
9.627519999998071398e+01,0.000000000000000000e+00
9.637519999998070830e+01,0.000000000000000000e+00
9.647519999998073104e+01,0.000000000000000000e+00
9.657519999998072535e+01,0.000000000000000000e+00
9.667519999998069125e+01,0.000000000000000000e+00
9.677519999998068556e+01,0.000000000000000000e+00
9.687519999998070830e+01,0.000000000000000000e+00
9.697519999998070261e+01,0.000000000000000000e+00
9.707519999998066851e+01,0.000000000000000000e+00
9.717519999998066282e+01,0.000000000000000000e+00
9.727519999998068556e+01,0.000000000000000000e+00
9.737519999998067988e+01,0.000000000000000000e+00
9.747519999998064577e+01,0.000000000000000000e+00
9.757519999998064009e+01,0.000000000000000000e+00
9.767519999998066282e+01,0.000000000000000000e+00
9.777519999998065714e+01,0.000000000000000000e+00
9.787519999998062303e+01,0.000000000000000000e+00
9.797519999998061735e+01,0.000000000000000000e+00
9.807519999998064009e+01,0.000000000000000000e+00
9.817519999998063440e+01,0.000000000000000000e+00
9.827519999998060030e+01,0.000000000000000000e+00
9.837519999998059461e+01,0.000000000000000000e+00
9.847519999998061735e+01,0.000000000000000000e+00
9.857519999998061166e+01,0.000000000000000000e+00
9.867519999998057756e+01,0.000000000000000000e+00
9.877519999998057187e+01,0.000000000000000000e+00
9.887519999998059461e+01,0.000000000000000000e+00
9.897519999998058893e+01,0.000000000000000000e+00
9.907519999998055482e+01,0.000000000000000000e+00
9.917519999998054914e+01,0.000000000000000000e+00
9.927519999998057187e+01,0.000000000000000000e+00
9.937519999998056619e+01,0.000000000000000000e+00
9.947519999998053208e+01,0.000000000000000000e+00
9.957519999998052640e+01,0.000000000000000000e+00
9.967519999998054914e+01,0.000000000000000000e+00
9.977519999998054345e+01,0.000000000000000000e+00
9.987519999998050935e+01,0.000000000000000000e+00
9.997519999998050366e+01,0.000000000000000000e+00
1.000751999999805264e+02,0.000000000000000000e+00
1.001751999999805207e+02,0.000000000000000000e+00
1.002751999999804866e+02,0.000000000000000000e+00
1.003751999999804809e+02,0.000000000000000000e+00
1.004751999999805037e+02,0.000000000000000000e+00
1.005751999999804980e+02,0.000000000000000000e+00
1.006751999999804639e+02,0.000000000000000000e+00
1.007751999999804582e+02,0.000000000000000000e+00
1.008751999999804809e+02,0.000000000000000000e+00
1.009751999999804752e+02,0.000000000000000000e+00
1.010751999999804411e+02,0.000000000000000000e+00
1.011751999999804355e+02,0.000000000000000000e+00
1.012751999999804582e+02,0.000000000000000000e+00
1.013751999999804525e+02,0.000000000000000000e+00
1.014751999999804184e+02,0.000000000000000000e+00
1.015751999999804127e+02,0.000000000000000000e+00
1.016751999999804355e+02,0.000000000000000000e+00
1.017751999999804298e+02,0.000000000000000000e+00
1.018751999999803957e+02,0.000000000000000000e+00
1.019751999999803900e+02,0.000000000000000000e+00
1.020751999999804127e+02,0.000000000000000000e+00
1.021751999999804070e+02,0.000000000000000000e+00
1.022751999999803729e+02,0.000000000000000000e+00
1.023751999999803672e+02,0.000000000000000000e+00
1.024751999999803900e+02,0.000000000000000000e+00
1.025751999999803843e+02,0.000000000000000000e+00
1.026751999999803502e+02,0.000000000000000000e+00
1.027751999999803445e+02,0.000000000000000000e+00
1.028751999999803672e+02,0.000000000000000000e+00
1.029751999999803616e+02,0.000000000000000000e+00
1.030751999999803274e+02,0.000000000000000000e+00
1.031751999999803218e+02,0.000000000000000000e+00
1.032751999999803445e+02,0.000000000000000000e+00
1.033751999999803388e+02,0.000000000000000000e+00
1.034751999999803047e+02,0.000000000000000000e+00
1.035751999999802990e+02,0.000000000000000000e+00
1.036751999999803218e+02,0.000000000000000000e+00
1.037751999999803161e+02,0.000000000000000000e+00
1.038751999999802820e+02,0.000000000000000000e+00
1.039751999999802763e+02,0.000000000000000000e+00
1.040751999999802990e+02,0.000000000000000000e+00
1.041751999999802933e+02,0.000000000000000000e+00
1.042751999999802592e+02,0.000000000000000000e+00
1.043751999999802536e+02,0.000000000000000000e+00
1.044751999999802763e+02,0.000000000000000000e+00
1.045751999999802706e+02,0.000000000000000000e+00
1.046751999999802365e+02,0.000000000000000000e+00
1.047751999999802308e+02,0.000000000000000000e+00
1.048751999999802536e+02,0.000000000000000000e+00
1.049751999999802479e+02,0.000000000000000000e+00
1.050751999999802138e+02,0.000000000000000000e+00
1.051751999999802081e+02,0.000000000000000000e+00
1.052751999999802308e+02,0.000000000000000000e+00
1.053751999999802251e+02,0.000000000000000000e+00
1.054751999999801910e+02,0.000000000000000000e+00
1.055751999999801853e+02,0.000000000000000000e+00
1.056751999999802081e+02,0.000000000000000000e+00
1.057751999999802024e+02,0.000000000000000000e+00
1.058751999999801683e+02,0.000000000000000000e+00
1.059751999999801626e+02,0.000000000000000000e+00
1.060751999999801853e+02,0.000000000000000000e+00
1.061751999999801797e+02,0.000000000000000000e+00
1.062751999999801455e+02,0.000000000000000000e+00
1.063751999999801399e+02,0.000000000000000000e+00
1.064751999999801626e+02,0.000000000000000000e+00
1.065751999999801569e+02,0.000000000000000000e+00
1.066751999999801228e+02,0.000000000000000000e+00
1.067751999999801171e+02,0.000000000000000000e+00
1.068751999999801399e+02,0.000000000000000000e+00
1.069751999999801342e+02,0.000000000000000000e+00
1.070751999999801001e+02,0.000000000000000000e+00
1.071751999999800944e+02,0.000000000000000000e+00
1.072751999999801171e+02,0.000000000000000000e+00
1.073751999999801114e+02,0.000000000000000000e+00
1.074751999999800773e+02,0.000000000000000000e+00
1.075751999999800717e+02,0.000000000000000000e+00
1.076751999999800944e+02,0.000000000000000000e+00
1.077751999999800887e+02,0.000000000000000000e+00
1.078751999999800546e+02,0.000000000000000000e+00
1.079751999999800489e+02,0.000000000000000000e+00
1.080751999999800717e+02,0.000000000000000000e+00
1.081751999999800660e+02,0.000000000000000000e+00
1.082751999999800319e+02,0.000000000000000000e+00
1.083751999999800262e+02,0.000000000000000000e+00
1.084751999999800489e+02,0.000000000000000000e+00
1.085751999999800432e+02,0.000000000000000000e+00
1.086751999999800091e+02,0.000000000000000000e+00
1.087751999999800034e+02,0.000000000000000000e+00
1.088751999999800262e+02,0.000000000000000000e+00
1.089751999999800205e+02,0.000000000000000000e+00
1.090751999999799864e+02,0.000000000000000000e+00
1.091751999999799807e+02,0.000000000000000000e+00
1.092751999999800034e+02,0.000000000000000000e+00
1.093751999999799978e+02,0.000000000000000000e+00
1.094751999999799636e+02,0.000000000000000000e+00
1.095751999999799580e+02,0.000000000000000000e+00
1.096751999999799807e+02,0.000000000000000000e+00
1.097751999999799750e+02,0.000000000000000000e+00
1.098751999999799409e+02,0.000000000000000000e+00
1.099751999999799352e+02,0.000000000000000000e+00
1.100751999999799580e+02,0.000000000000000000e+00
1.101751999999799523e+02,0.000000000000000000e+00
1.102751999999799182e+02,0.000000000000000000e+00
1.103751999999799125e+02,0.000000000000000000e+00
1.104751999999799352e+02,0.000000000000000000e+00
1.105751999999799295e+02,0.000000000000000000e+00
1.106751999999798954e+02,0.000000000000000000e+00
1.107751999999798898e+02,0.000000000000000000e+00
1.108751999999799125e+02,0.000000000000000000e+00
1.109751999999799068e+02,0.000000000000000000e+00
1.110751999999798727e+02,0.000000000000000000e+00
1.111751999999798670e+02,0.000000000000000000e+00
1.112751999999798898e+02,0.000000000000000000e+00
1.113751999999798841e+02,0.000000000000000000e+00
1.114751999999798500e+02,0.000000000000000000e+00
1.115751999999798443e+02,0.000000000000000000e+00
1.116751999999798670e+02,0.000000000000000000e+00
1.117751999999798613e+02,0.000000000000000000e+00
1.118751999999798272e+02,0.000000000000000000e+00
1.119751999999798215e+02,0.000000000000000000e+00
1.120751999999798443e+02,0.000000000000000000e+00
1.121751999999798386e+02,0.000000000000000000e+00
1.122751999999798045e+02,0.000000000000000000e+00
1.123751999999797988e+02,0.000000000000000000e+00
1.124751999999798215e+02,0.000000000000000000e+00
1.125751999999798159e+02,0.000000000000000000e+00
1.126751999999797818e+02,0.000000000000000000e+00
1.127751999999797761e+02,0.000000000000000000e+00
1.128751999999797988e+02,0.000000000000000000e+00
1.129751999999797931e+02,0.000000000000000000e+00
1.130751999999797590e+02,0.000000000000000000e+00
1.131751999999797533e+02,0.000000000000000000e+00
1.132751999999797761e+02,0.000000000000000000e+00
1.133751999999797704e+02,0.000000000000000000e+00
1.134751999999797363e+02,0.000000000000000000e+00
1.135751999999797306e+02,0.000000000000000000e+00
1.136751999999797533e+02,0.000000000000000000e+00
1.137751999999797476e+02,0.000000000000000000e+00
1.138751999999797135e+02,0.000000000000000000e+00
1.139751999999797079e+02,0.000000000000000000e+00
1.140751999999797306e+02,0.000000000000000000e+00
1.141751999999797249e+02,0.000000000000000000e+00
1.142751999999796908e+02,0.000000000000000000e+00
1.143751999999796851e+02,0.000000000000000000e+00
1.144751999999797079e+02,0.000000000000000000e+00
1.145751999999797022e+02,0.000000000000000000e+00
1.146751999999796681e+02,0.000000000000000000e+00
1.147751999999796624e+02,0.000000000000000000e+00
1.148751999999796851e+02,0.000000000000000000e+00
1.149751999999796794e+02,0.000000000000000000e+00
1.150751999999796453e+02,0.000000000000000000e+00
1.151751999999796396e+02,0.000000000000000000e+00
1.152751999999796624e+02,0.000000000000000000e+00
1.153751999999796567e+02,0.000000000000000000e+00
1.154751999999796226e+02,0.000000000000000000e+00
1.155751999999796169e+02,0.000000000000000000e+00
1.156751999999796396e+02,0.000000000000000000e+00
1.157751999999796340e+02,0.000000000000000000e+00
1.158751999999795999e+02,0.000000000000000000e+00
1.159751999999795942e+02,0.000000000000000000e+00
1.160751999999796169e+02,0.000000000000000000e+00
1.161751999999796112e+02,0.000000000000000000e+00
1.162751999999795771e+02,0.000000000000000000e+00
1.163751999999795714e+02,0.000000000000000000e+00
1.164751999999795942e+02,0.000000000000000000e+00
1.165751999999795885e+02,0.000000000000000000e+00
1.166751999999795544e+02,0.000000000000000000e+00
1.167751999999795487e+02,0.000000000000000000e+00
1.168751999999795714e+02,0.000000000000000000e+00
1.169751999999795657e+02,0.000000000000000000e+00
1.170751999999795316e+02,0.000000000000000000e+00
1.171751999999795260e+02,0.000000000000000000e+00
1.172751999999795487e+02,0.000000000000000000e+00
1.173751999999795430e+02,0.000000000000000000e+00
1.174751999999795089e+02,0.000000000000000000e+00
1.175751999999795032e+02,0.000000000000000000e+00
1.176751999999795260e+02,0.000000000000000000e+00
1.177751999999795203e+02,0.000000000000000000e+00
1.178751999999794862e+02,0.000000000000000000e+00
1.179751999999794805e+02,0.000000000000000000e+00
1.180751999999795032e+02,0.000000000000000000e+00
1.181751999999794975e+02,0.000000000000000000e+00
1.182751999999794634e+02,0.000000000000000000e+00
1.183751999999794577e+02,0.000000000000000000e+00
1.184751999999794805e+02,0.000000000000000000e+00
1.185751999999794748e+02,0.000000000000000000e+00
1.186751999999794407e+02,0.000000000000000000e+00
1.187751999999794350e+02,0.000000000000000000e+00
1.188751999999794577e+02,0.000000000000000000e+00
1.189751999999794521e+02,0.000000000000000000e+00
1.190751999999794180e+02,0.000000000000000000e+00
1.191751999999794123e+02,0.000000000000000000e+00
1.192751999999794350e+02,0.000000000000000000e+00
1.193751999999794293e+02,0.000000000000000000e+00
1.194751999999793952e+02,0.000000000000000000e+00
1.195751999999793895e+02,0.000000000000000000e+00
1.196751999999794123e+02,0.000000000000000000e+00
1.197751999999794066e+02,0.000000000000000000e+00
1.198751999999793725e+02,0.000000000000000000e+00
1.199751999999793668e+02,0.000000000000000000e+00
1.200751999999793895e+02,0.000000000000000000e+00
1.201751999999793838e+02,0.000000000000000000e+00
1.202751999999793497e+02,0.000000000000000000e+00
1.203751999999793441e+02,0.000000000000000000e+00
1.204751999999793668e+02,0.000000000000000000e+00
1.205751999999793611e+02,0.000000000000000000e+00
1.206751999999793270e+02,0.000000000000000000e+00
1.207751999999793213e+02,0.000000000000000000e+00
1.208751999999793441e+02,0.000000000000000000e+00
1.209751999999793384e+02,0.000000000000000000e+00
1.210751999999793043e+02,0.000000000000000000e+00
1.211751999999792986e+02,0.000000000000000000e+00
1.212751999999793213e+02,0.000000000000000000e+00
1.213751999999793156e+02,0.000000000000000000e+00
1.214751999999792815e+02,0.000000000000000000e+00
1.215751999999792758e+02,0.000000000000000000e+00
1.216751999999792986e+02,0.000000000000000000e+00
1.217751999999792929e+02,0.000000000000000000e+00
1.218751999999792588e+02,0.000000000000000000e+00
1.219751999999792531e+02,0.000000000000000000e+00
1.220751999999792758e+02,0.000000000000000000e+00
1.221751999999792702e+02,0.000000000000000000e+00
1.222751999999792361e+02,0.000000000000000000e+00
1.223751999999792304e+02,0.000000000000000000e+00
1.224751999999792531e+02,0.000000000000000000e+00
1.225751999999792474e+02,0.000000000000000000e+00
1.226751999999792133e+02,0.000000000000000000e+00
1.227751999999792076e+02,0.000000000000000000e+00
1.228751999999792304e+02,0.000000000000000000e+00
1.229751999999792247e+02,0.000000000000000000e+00
1.230751999999791906e+02,0.000000000000000000e+00
1.231751999999791849e+02,0.000000000000000000e+00
1.232751999999792076e+02,0.000000000000000000e+00
1.233751999999792019e+02,0.000000000000000000e+00
1.234751999999791678e+02,0.000000000000000000e+00
1.235751999999791622e+02,0.000000000000000000e+00
1.236751999999791849e+02,0.000000000000000000e+00
1.237751999999791792e+02,0.000000000000000000e+00
1.238751999999791451e+02,0.000000000000000000e+00
1.239751999999791394e+02,0.000000000000000000e+00
1.240751999999791622e+02,0.000000000000000000e+00
1.241751999999791565e+02,0.000000000000000000e+00
1.242751999999791224e+02,0.000000000000000000e+00
1.243751999999791167e+02,0.000000000000000000e+00
1.244751999999791394e+02,0.000000000000000000e+00
1.245751999999791337e+02,0.000000000000000000e+00
1.246751999999790996e+02,0.000000000000000000e+00
1.247751999999790939e+02,0.000000000000000000e+00
1.248751999999791167e+02,0.000000000000000000e+00
1.249751999999791110e+02,0.000000000000000000e+00
1.250751999999790769e+02,0.000000000000000000e+00
1.251751999999790712e+02,0.000000000000000000e+00
1.252751999999790939e+02,0.000000000000000000e+00
1.253751999999790883e+02,0.000000000000000000e+00
1.254751999999790542e+02,0.000000000000000000e+00
1.255751999999790485e+02,0.000000000000000000e+00
1.256751999999790712e+02,0.000000000000000000e+00
1.257751999999790655e+02,0.000000000000000000e+00
1.258751999999790314e+02,0.000000000000000000e+00
1.259751999999790257e+02,0.000000000000000000e+00
1.260751999999790485e+02,0.000000000000000000e+00
1.261751999999790428e+02,0.000000000000000000e+00
1.262751999999790087e+02,0.000000000000000000e+00
1.263751999999790030e+02,0.000000000000000000e+00
1.264751999999790257e+02,0.000000000000000000e+00
1.265751999999790200e+02,0.000000000000000000e+00
1.266751999999789859e+02,0.000000000000000000e+00
1.267751999999789803e+02,0.000000000000000000e+00
1.268751999999790030e+02,0.000000000000000000e+00
1.269751999999789973e+02,0.000000000000000000e+00
1.270751999999789632e+02,0.000000000000000000e+00
1.271751999999789575e+02,0.000000000000000000e+00
1.272751999999789803e+02,0.000000000000000000e+00
1.273751999999789746e+02,0.000000000000000000e+00
1.274751999999789405e+02,0.000000000000000000e+00
1.275751999999789348e+02,0.000000000000000000e+00
1.276751999999789575e+02,0.000000000000000000e+00
1.277751999999789518e+02,0.000000000000000000e+00
1.278751999999789177e+02,0.000000000000000000e+00
1.279751999999789120e+02,0.000000000000000000e+00
1.280751999999789348e+02,0.000000000000000000e+00
1.281751999999789291e+02,0.000000000000000000e+00
1.282751999999788950e+02,0.000000000000000000e+00
1.283751999999788893e+02,0.000000000000000000e+00
1.284751999999789120e+02,0.000000000000000000e+00
1.285751999999789064e+02,0.000000000000000000e+00
1.286751999999788723e+02,0.000000000000000000e+00
1.287751999999788666e+02,0.000000000000000000e+00
1.288751999999788893e+02,0.000000000000000000e+00
1.289751999999788836e+02,0.000000000000000000e+00
1.290751999999788495e+02,0.000000000000000000e+00
1.291751999999788438e+02,0.000000000000000000e+00
1.292751999999788666e+02,0.000000000000000000e+00
1.293751999999788609e+02,0.000000000000000000e+00
1.294751999999788268e+02,0.000000000000000000e+00
1.295751999999788211e+02,0.000000000000000000e+00
1.296751999999788438e+02,0.000000000000000000e+00
1.297751999999788382e+02,0.000000000000000000e+00
1.298751999999788040e+02,0.000000000000000000e+00
1.299751999999787984e+02,0.000000000000000000e+00
1.300751999999788211e+02,0.000000000000000000e+00
1.301751999999788154e+02,0.000000000000000000e+00
1.302751999999787813e+02,0.000000000000000000e+00
1.303751999999787756e+02,0.000000000000000000e+00
1.304751999999787984e+02,0.000000000000000000e+00
1.305751999999787927e+02,0.000000000000000000e+00
1.306751999999787586e+02,0.000000000000000000e+00
1.307751999999787529e+02,0.000000000000000000e+00
1.308751999999787756e+02,0.000000000000000000e+00
1.309751999999787699e+02,0.000000000000000000e+00
1.310751999999787358e+02,0.000000000000000000e+00
1.311751999999787301e+02,0.000000000000000000e+00
1.312751999999787529e+02,0.000000000000000000e+00
1.313751999999787472e+02,0.000000000000000000e+00
1.314751999999787131e+02,0.000000000000000000e+00
1.315751999999787074e+02,0.000000000000000000e+00
1.316751999999787301e+02,0.000000000000000000e+00
1.317751999999787245e+02,0.000000000000000000e+00
1.318751999999786904e+02,0.000000000000000000e+00
1.319751999999786847e+02,0.000000000000000000e+00
1.320751999999787074e+02,0.000000000000000000e+00
1.321751999999787017e+02,0.000000000000000000e+00
1.322751999999786676e+02,0.000000000000000000e+00
1.323751999999786619e+02,0.000000000000000000e+00
1.324751999999786847e+02,0.000000000000000000e+00
1.325751999999786790e+02,0.000000000000000000e+00
1.326751999999786449e+02,0.000000000000000000e+00
1.327751999999786392e+02,0.000000000000000000e+00
1.328751999999786619e+02,0.000000000000000000e+00
1.329751999999786563e+02,0.000000000000000000e+00
1.330751999999786221e+02,0.000000000000000000e+00
1.331751999999786165e+02,0.000000000000000000e+00
1.332751999999786392e+02,0.000000000000000000e+00
1.333751999999786335e+02,0.000000000000000000e+00
1.334751999999785994e+02,0.000000000000000000e+00
1.335751999999785937e+02,0.000000000000000000e+00
1.336751999999786165e+02,0.000000000000000000e+00
1.337751999999786108e+02,0.000000000000000000e+00
1.338751999999785767e+02,0.000000000000000000e+00
1.339751999999785710e+02,0.000000000000000000e+00
1.340751999999785937e+02,0.000000000000000000e+00
1.341751999999785880e+02,0.000000000000000000e+00
1.342751999999785539e+02,0.000000000000000000e+00
1.343751999999785482e+02,0.000000000000000000e+00
1.344751999999785710e+02,0.000000000000000000e+00
1.345751999999785653e+02,0.000000000000000000e+00
1.346751999999785312e+02,0.000000000000000000e+00
1.347751999999785255e+02,0.000000000000000000e+00
1.348751999999785482e+02,0.000000000000000000e+00
1.349751999999785426e+02,0.000000000000000000e+00
1.350751999999785085e+02,0.000000000000000000e+00
1.351751999999785028e+02,0.000000000000000000e+00
1.352751999999785255e+02,0.000000000000000000e+00
1.353751999999785198e+02,0.000000000000000000e+00
1.354751999999784857e+02,0.000000000000000000e+00
1.355751999999784800e+02,0.000000000000000000e+00
1.356751999999785028e+02,0.000000000000000000e+00
1.357751999999784971e+02,0.000000000000000000e+00
1.358751999999784630e+02,0.000000000000000000e+00
1.359751999999784573e+02,0.000000000000000000e+00
1.360751999999784800e+02,0.000000000000000000e+00
1.361751999999784744e+02,0.000000000000000000e+00
1.362751999999784402e+02,0.000000000000000000e+00
1.363751999999784346e+02,0.000000000000000000e+00
1.364751999999784573e+02,0.000000000000000000e+00
1.365751999999784516e+02,0.000000000000000000e+00
1.366751999999784175e+02,0.000000000000000000e+00
1.367751999999784118e+02,0.000000000000000000e+00
1.368751999999784346e+02,0.000000000000000000e+00
1.369751999999784289e+02,0.000000000000000000e+00
1.370751999999783948e+02,0.000000000000000000e+00
1.371751999999783891e+02,0.000000000000000000e+00
1.372751999999784118e+02,0.000000000000000000e+00
1.373751999999784061e+02,0.000000000000000000e+00
1.374751999999783720e+02,0.000000000000000000e+00
1.375751999999783663e+02,0.000000000000000000e+00
1.376751999999783891e+02,0.000000000000000000e+00
1.377751999999783834e+02,0.000000000000000000e+00
1.378751999999783493e+02,0.000000000000000000e+00
1.379751999999783436e+02,0.000000000000000000e+00
1.380751999999783663e+02,0.000000000000000000e+00
1.381751999999783607e+02,0.000000000000000000e+00
1.382751999999783266e+02,0.000000000000000000e+00
1.383751999999783209e+02,0.000000000000000000e+00
1.384751999999783436e+02,0.000000000000000000e+00
1.385751999999783379e+02,0.000000000000000000e+00
1.386751999999783038e+02,0.000000000000000000e+00
1.387751999999782981e+02,0.000000000000000000e+00
1.388751999999783209e+02,0.000000000000000000e+00
1.389751999999783152e+02,0.000000000000000000e+00
1.390751999999782811e+02,0.000000000000000000e+00
1.391751999999782754e+02,0.000000000000000000e+00
1.392751999999782981e+02,0.000000000000000000e+00
1.393751999999782925e+02,0.000000000000000000e+00
1.394751999999782583e+02,0.000000000000000000e+00
1.395751999999782527e+02,0.000000000000000000e+00
1.396751999999782754e+02,0.000000000000000000e+00
1.397751999999782697e+02,0.000000000000000000e+00
1.398751999999782356e+02,0.000000000000000000e+00
1.399751999999782299e+02,0.000000000000000000e+00
1.400751999999782527e+02,0.000000000000000000e+00
1.401751999999782470e+02,0.000000000000000000e+00
1.402751999999782129e+02,0.000000000000000000e+00
1.403751999999782072e+02,0.000000000000000000e+00
1.404751999999782299e+02,0.000000000000000000e+00
1.405751999999782242e+02,0.000000000000000000e+00
1.406751999999781901e+02,0.000000000000000000e+00
1.407751999999781845e+02,0.000000000000000000e+00
1.408751999999782072e+02,0.000000000000000000e+00
1.409751999999782015e+02,0.000000000000000000e+00
1.410751999999781674e+02,0.000000000000000000e+00
1.411751999999781617e+02,0.000000000000000000e+00
1.412751999999781845e+02,0.000000000000000000e+00
1.413751999999781788e+02,0.000000000000000000e+00
1.414751999999781447e+02,0.000000000000000000e+00
1.415751999999781390e+02,0.000000000000000000e+00
1.416751999999781617e+02,0.000000000000000000e+00
1.417751999999781560e+02,0.000000000000000000e+00
1.418751999999781219e+02,0.000000000000000000e+00
1.419751999999781162e+02,0.000000000000000000e+00
1.420751999999781390e+02,0.000000000000000000e+00
1.421751999999781333e+02,0.000000000000000000e+00
1.422751999999780992e+02,0.000000000000000000e+00
1.423751999999780935e+02,0.000000000000000000e+00
1.424751999999781162e+02,0.000000000000000000e+00
1.425751999999781106e+02,0.000000000000000000e+00
1.426751999999780764e+02,0.000000000000000000e+00
1.427751999999780708e+02,0.000000000000000000e+00
1.428751999999780935e+02,0.000000000000000000e+00
1.429751999999780878e+02,0.000000000000000000e+00
1.430751999999780537e+02,0.000000000000000000e+00
1.431751999999780480e+02,0.000000000000000000e+00
1.432751999999780708e+02,0.000000000000000000e+00
1.433751999999780651e+02,0.000000000000000000e+00
1.434751999999780310e+02,0.000000000000000000e+00
1.435751999999780253e+02,0.000000000000000000e+00
1.436751999999780480e+02,0.000000000000000000e+00
1.437751999999780423e+02,0.000000000000000000e+00
1.438751999999780082e+02,0.000000000000000000e+00
1.439751999999780026e+02,0.000000000000000000e+00
1.440751999999780253e+02,0.000000000000000000e+00
1.441751999999780196e+02,0.000000000000000000e+00
1.442751999999779855e+02,0.000000000000000000e+00
1.443751999999779798e+02,0.000000000000000000e+00
1.444751999999780026e+02,0.000000000000000000e+00
1.445751999999779969e+02,0.000000000000000000e+00
1.446751999999779628e+02,0.000000000000000000e+00
1.447751999999779571e+02,0.000000000000000000e+00
1.448751999999779798e+02,0.000000000000000000e+00
1.449751999999779741e+02,0.000000000000000000e+00
1.450751999999779400e+02,0.000000000000000000e+00
1.451751999999779343e+02,0.000000000000000000e+00
1.452751999999779571e+02,0.000000000000000000e+00
1.453751999999779514e+02,0.000000000000000000e+00
1.454751999999779173e+02,0.000000000000000000e+00
1.455751999999779116e+02,0.000000000000000000e+00
1.456751999999779343e+02,0.000000000000000000e+00
1.457751999999779287e+02,0.000000000000000000e+00
1.458751999999778945e+02,0.000000000000000000e+00
1.459751999999778889e+02,0.000000000000000000e+00
1.460751999999779116e+02,0.000000000000000000e+00
1.461751999999779059e+02,0.000000000000000000e+00
1.462751999999778718e+02,0.000000000000000000e+00
1.463751999999778661e+02,0.000000000000000000e+00
1.464751999999778889e+02,0.000000000000000000e+00
1.465751999999778832e+02,0.000000000000000000e+00
1.466751999999778491e+02,0.000000000000000000e+00
1.467751999999778434e+02,0.000000000000000000e+00
1.468751999999778661e+02,0.000000000000000000e+00
1.469751999999778604e+02,0.000000000000000000e+00
1.470751999999778263e+02,0.000000000000000000e+00
1.471751999999778207e+02,0.000000000000000000e+00
1.472751999999778434e+02,0.000000000000000000e+00
1.473751999999778377e+02,0.000000000000000000e+00
1.474751999999778036e+02,0.000000000000000000e+00
1.475751999999777979e+02,0.000000000000000000e+00
1.476751999999778207e+02,0.000000000000000000e+00
1.477751999999778150e+02,0.000000000000000000e+00
1.478751999999777809e+02,0.000000000000000000e+00
1.479751999999777752e+02,0.000000000000000000e+00
1.480751999999777979e+02,0.000000000000000000e+00
1.481751999999777922e+02,0.000000000000000000e+00
1.482751999999777581e+02,0.000000000000000000e+00
1.483751999999777524e+02,0.000000000000000000e+00
1.484751999999777752e+02,0.000000000000000000e+00
1.485751999999777695e+02,0.000000000000000000e+00
1.486751999999777354e+02,0.000000000000000000e+00
1.487751999999777297e+02,0.000000000000000000e+00
1.488751999999777524e+02,0.000000000000000000e+00
1.489751999999777468e+02,0.000000000000000000e+00
1.490751999999777127e+02,0.000000000000000000e+00
1.491751999999777070e+02,0.000000000000000000e+00
1.492751999999777297e+02,0.000000000000000000e+00
1.493751999999777240e+02,0.000000000000000000e+00
1.494751999999776899e+02,0.000000000000000000e+00
1.495751999999776842e+02,0.000000000000000000e+00
1.496751999999777070e+02,0.000000000000000000e+00
1.497751999999777013e+02,0.000000000000000000e+00
1.498751999999776672e+02,0.000000000000000000e+00
1.499751999999776615e+02,0.000000000000000000e+00
1.500751999999776842e+02,0.000000000000000000e+00
1.501751999999776785e+02,0.000000000000000000e+00
1.502751999999776444e+02,0.000000000000000000e+00
1.503751999999776388e+02,0.000000000000000000e+00
1.504751999999776615e+02,0.000000000000000000e+00
1.505751999999776558e+02,0.000000000000000000e+00
1.506751999999776217e+02,0.000000000000000000e+00
1.507751999999776160e+02,0.000000000000000000e+00
1.508751999999776388e+02,0.000000000000000000e+00
1.509751999999776331e+02,0.000000000000000000e+00
1.510751999999775990e+02,0.000000000000000000e+00
1.511751999999775933e+02,0.000000000000000000e+00
1.512751999999776160e+02,0.000000000000000000e+00
1.513751999999776103e+02,0.000000000000000000e+00
1.514751999999775762e+02,0.000000000000000000e+00
1.515751999999775705e+02,0.000000000000000000e+00
1.516751999999775933e+02,0.000000000000000000e+00
1.517751999999775876e+02,0.000000000000000000e+00
1.518751999999775535e+02,0.000000000000000000e+00
1.519751999999775478e+02,0.000000000000000000e+00
1.520751999999775705e+02,0.000000000000000000e+00
1.521751999999775649e+02,0.000000000000000000e+00
1.522751999999775308e+02,0.000000000000000000e+00
1.523751999999775251e+02,0.000000000000000000e+00
1.524751999999775478e+02,0.000000000000000000e+00
1.525751999999775421e+02,0.000000000000000000e+00
1.526751999999775080e+02,0.000000000000000000e+00
1.527751999999775023e+02,0.000000000000000000e+00
1.528751999999775251e+02,0.000000000000000000e+00
1.529751999999775194e+02,0.000000000000000000e+00
1.530751999999774853e+02,0.000000000000000000e+00
1.531751999999774796e+02,0.000000000000000000e+00
1.532751999999775023e+02,0.000000000000000000e+00
1.533751999999774966e+02,0.000000000000000000e+00
1.534751999999774625e+02,0.000000000000000000e+00
1.535751999999774569e+02,0.000000000000000000e+00
1.536751999999774796e+02,0.000000000000000000e+00
1.537751999999774739e+02,0.000000000000000000e+00
1.538751999999774398e+02,0.000000000000000000e+00
1.539751999999774341e+02,0.000000000000000000e+00
1.540751999999774569e+02,0.000000000000000000e+00
1.541751999999774512e+02,0.000000000000000000e+00
1.542751999999774171e+02,0.000000000000000000e+00
1.543751999999774114e+02,0.000000000000000000e+00
1.544751999999774341e+02,0.000000000000000000e+00
1.545751999999774284e+02,0.000000000000000000e+00
1.546751999999773943e+02,0.000000000000000000e+00
1.547751999999773886e+02,0.000000000000000000e+00
1.548751999999774114e+02,0.000000000000000000e+00
1.549751999999774057e+02,0.000000000000000000e+00
1.550751999999773716e+02,0.000000000000000000e+00
1.551751999999773659e+02,0.000000000000000000e+00
1.552751999999773886e+02,0.000000000000000000e+00
1.553751999999773830e+02,0.000000000000000000e+00
1.554751999999773489e+02,0.000000000000000000e+00
1.555751999999773432e+02,0.000000000000000000e+00
1.556751999999773659e+02,0.000000000000000000e+00
1.557751999999773602e+02,0.000000000000000000e+00
1.558751999999773261e+02,0.000000000000000000e+00
1.559751999999773204e+02,0.000000000000000000e+00
1.560751999999773432e+02,0.000000000000000000e+00
1.561751999999773375e+02,0.000000000000000000e+00
1.562751999999773034e+02,0.000000000000000000e+00
1.563751999999772977e+02,0.000000000000000000e+00
1.564751999999773204e+02,0.000000000000000000e+00
1.565751999999773147e+02,0.000000000000000000e+00
1.566751999999772806e+02,0.000000000000000000e+00
1.567751999999772750e+02,0.000000000000000000e+00
1.568751999999772977e+02,0.000000000000000000e+00
1.569751999999772920e+02,0.000000000000000000e+00
1.570751999999772579e+02,0.000000000000000000e+00
1.571751999999772522e+02,0.000000000000000000e+00
1.572751999999772750e+02,0.000000000000000000e+00
1.573751999999772693e+02,0.000000000000000000e+00
1.574751999999772352e+02,0.000000000000000000e+00
1.575751999999772295e+02,0.000000000000000000e+00
1.576751999999772522e+02,0.000000000000000000e+00
1.577751999999772465e+02,0.000000000000000000e+00
1.578751999999772124e+02,0.000000000000000000e+00
1.579751999999772067e+02,0.000000000000000000e+00
1.580751999999772295e+02,0.000000000000000000e+00
1.581751999999772238e+02,0.000000000000000000e+00
1.582751999999771897e+02,0.000000000000000000e+00
1.583751999999771840e+02,0.000000000000000000e+00
1.584751999999772067e+02,0.000000000000000000e+00
1.585751999999772011e+02,0.000000000000000000e+00
1.586751999999771670e+02,0.000000000000000000e+00
1.587751999999771613e+02,0.000000000000000000e+00
1.588751999999771840e+02,0.000000000000000000e+00
1.589751999999771783e+02,0.000000000000000000e+00
1.590751999999771442e+02,0.000000000000000000e+00
1.591751999999771385e+02,0.000000000000000000e+00
1.592751999999771613e+02,0.000000000000000000e+00
1.593751999999771556e+02,0.000000000000000000e+00
1.594751999999771215e+02,0.000000000000000000e+00
1.595751999999771158e+02,0.000000000000000000e+00
1.596751999999771385e+02,0.000000000000000000e+00
1.597751999999771328e+02,0.000000000000000000e+00
1.598751999999770987e+02,0.000000000000000000e+00
1.599751999999770931e+02,0.000000000000000000e+00
1.600751999999771158e+02,0.000000000000000000e+00
1.601751999999771101e+02,0.000000000000000000e+00
1.602751999999770760e+02,0.000000000000000000e+00
1.603751999999770703e+02,0.000000000000000000e+00
1.604751999999770931e+02,0.000000000000000000e+00
1.605751999999770874e+02,0.000000000000000000e+00
1.606751999999770533e+02,0.000000000000000000e+00
1.607751999999770476e+02,0.000000000000000000e+00
1.608751999999770703e+02,0.000000000000000000e+00
1.609751999999770646e+02,0.000000000000000000e+00
1.610751999999770305e+02,0.000000000000000000e+00
1.611751999999770248e+02,0.000000000000000000e+00
1.612751999999770476e+02,0.000000000000000000e+00
1.613751999999770419e+02,0.000000000000000000e+00
1.614751999999770078e+02,0.000000000000000000e+00
1.615751999999770021e+02,0.000000000000000000e+00
1.616751999999770248e+02,0.000000000000000000e+00
1.617751999999770192e+02,0.000000000000000000e+00
1.618751999999769851e+02,0.000000000000000000e+00
1.619751999999769794e+02,0.000000000000000000e+00
1.620751999999770021e+02,0.000000000000000000e+00
1.621751999999769964e+02,0.000000000000000000e+00
1.622751999999769623e+02,0.000000000000000000e+00
1.623751999999769566e+02,0.000000000000000000e+00
1.624751999999769794e+02,0.000000000000000000e+00
1.625751999999769737e+02,0.000000000000000000e+00
1.626751999999769396e+02,0.000000000000000000e+00
1.627751999999769339e+02,0.000000000000000000e+00
1.628751999999769566e+02,0.000000000000000000e+00
1.629751999999769509e+02,0.000000000000000000e+00
1.630751999999769168e+02,0.000000000000000000e+00
1.631751999999769112e+02,0.000000000000000000e+00
1.632751999999769339e+02,0.000000000000000000e+00
1.633751999999769282e+02,0.000000000000000000e+00
1.634751999999768941e+02,0.000000000000000000e+00
1.635751999999768884e+02,0.000000000000000000e+00
1.636751999999769112e+02,0.000000000000000000e+00
1.637751999999769055e+02,0.000000000000000000e+00
1.638751999999768714e+02,0.000000000000000000e+00
1.639751999999768657e+02,0.000000000000000000e+00
1.640751999999768884e+02,0.000000000000000000e+00
1.641751999999768827e+02,0.000000000000000000e+00
1.642751999999768486e+02,0.000000000000000000e+00
1.643751999999768429e+02,0.000000000000000000e+00
1.644751999999768657e+02,0.000000000000000000e+00
1.645751999999768600e+02,0.000000000000000000e+00
1.646751999999768259e+02,0.000000000000000000e+00
1.647751999999768202e+02,0.000000000000000000e+00
1.648751999999768429e+02,0.000000000000000000e+00
1.649751999999768373e+02,0.000000000000000000e+00
1.650751999999768032e+02,0.000000000000000000e+00
1.651751999999767975e+02,0.000000000000000000e+00
1.652751999999768202e+02,0.000000000000000000e+00
1.653751999999768145e+02,0.000000000000000000e+00
1.654751999999767804e+02,0.000000000000000000e+00
1.655751999999767747e+02,0.000000000000000000e+00
1.656751999999767975e+02,0.000000000000000000e+00
1.657751999999767918e+02,0.000000000000000000e+00
1.658751999999767577e+02,0.000000000000000000e+00
1.659751999999767520e+02,0.000000000000000000e+00
1.660751999999767747e+02,0.000000000000000000e+00
1.661751999999767690e+02,0.000000000000000000e+00
1.662751999999767349e+02,0.000000000000000000e+00
1.663751999999767293e+02,0.000000000000000000e+00
1.664751999999767520e+02,0.000000000000000000e+00
1.665751999999767463e+02,0.000000000000000000e+00
1.666751999999767122e+02,0.000000000000000000e+00
1.667751999999767065e+02,0.000000000000000000e+00
1.668751999999767293e+02,0.000000000000000000e+00
1.669751999999767236e+02,0.000000000000000000e+00
1.670751999999766895e+02,0.000000000000000000e+00
1.671751999999766838e+02,0.000000000000000000e+00
1.672751999999767065e+02,0.000000000000000000e+00
1.673751999999767008e+02,0.000000000000000000e+00
1.674751999999766667e+02,0.000000000000000000e+00
1.675751999999766610e+02,0.000000000000000000e+00
1.676751999999766838e+02,0.000000000000000000e+00
1.677751999999766781e+02,0.000000000000000000e+00
1.678751999999766440e+02,0.000000000000000000e+00
1.679751999999766383e+02,0.000000000000000000e+00
1.680751999999766610e+02,0.000000000000000000e+00
1.681751999999766554e+02,0.000000000000000000e+00
1.682751999999766213e+02,0.000000000000000000e+00
1.683751999999766156e+02,0.000000000000000000e+00
1.684751999999766383e+02,0.000000000000000000e+00
1.685751999999766326e+02,0.000000000000000000e+00
1.686751999999765985e+02,0.000000000000000000e+00
1.687751999999765928e+02,0.000000000000000000e+00
1.688751999999766156e+02,0.000000000000000000e+00
1.689751999999766099e+02,0.000000000000000000e+00
1.690751999999765758e+02,0.000000000000000000e+00
1.691751999999765701e+02,0.000000000000000000e+00
1.692751999999765928e+02,0.000000000000000000e+00
1.693751999999765872e+02,0.000000000000000000e+00
1.694751999999765530e+02,0.000000000000000000e+00
1.695751999999765474e+02,0.000000000000000000e+00
1.696751999999765701e+02,0.000000000000000000e+00
1.697751999999765644e+02,0.000000000000000000e+00
1.698751999999765303e+02,0.000000000000000000e+00
1.699751999999765246e+02,0.000000000000000000e+00
1.700751999999765474e+02,0.000000000000000000e+00
1.701751999999765417e+02,0.000000000000000000e+00
1.702751999999765076e+02,0.000000000000000000e+00
1.703751999999765019e+02,0.000000000000000000e+00
1.704751999999765246e+02,0.000000000000000000e+00
1.705751999999765189e+02,0.000000000000000000e+00
1.706751999999764848e+02,0.000000000000000000e+00
1.707751999999764791e+02,0.000000000000000000e+00
1.708751999999765019e+02,0.000000000000000000e+00
1.709751999999764962e+02,0.000000000000000000e+00
1.710751999999764621e+02,0.000000000000000000e+00
1.711751999999764564e+02,0.000000000000000000e+00
1.712751999999764791e+02,0.000000000000000000e+00
1.713751999999764735e+02,0.000000000000000000e+00
1.714751999999764394e+02,0.000000000000000000e+00
1.715751999999764337e+02,0.000000000000000000e+00
1.716751999999764564e+02,0.000000000000000000e+00
1.717751999999764507e+02,0.000000000000000000e+00
1.718751999999764166e+02,0.000000000000000000e+00
1.719751999999764109e+02,0.000000000000000000e+00
1.720751999999764337e+02,0.000000000000000000e+00
1.721751999999764280e+02,0.000000000000000000e+00
1.722751999999763939e+02,0.000000000000000000e+00
1.723751999999763882e+02,0.000000000000000000e+00
1.724751999999764109e+02,0.000000000000000000e+00
1.725751999999764053e+02,0.000000000000000000e+00
1.726751999999763711e+02,0.000000000000000000e+00
1.727751999999763655e+02,0.000000000000000000e+00
1.728751999999763882e+02,0.000000000000000000e+00
1.729751999999763825e+02,0.000000000000000000e+00
1.730751999999763484e+02,0.000000000000000000e+00
1.731751999999763427e+02,0.000000000000000000e+00
1.732751999999763655e+02,0.000000000000000000e+00
1.733751999999763598e+02,0.000000000000000000e+00
1.734751999999763257e+02,0.000000000000000000e+00
1.735751999999763200e+02,0.000000000000000000e+00
1.736751999999763427e+02,0.000000000000000000e+00
1.737751999999763370e+02,0.000000000000000000e+00
1.738751999999763029e+02,0.000000000000000000e+00
1.739751999999762972e+02,0.000000000000000000e+00
1.740751999999763200e+02,0.000000000000000000e+00
1.741751999999763143e+02,0.000000000000000000e+00
1.742751999999762802e+02,0.000000000000000000e+00
1.743751999999762745e+02,0.000000000000000000e+00
1.744751999999762972e+02,0.000000000000000000e+00
1.745751999999762916e+02,0.000000000000000000e+00
1.746751999999762575e+02,0.000000000000000000e+00
1.747751999999762518e+02,0.000000000000000000e+00
1.748751999999762745e+02,0.000000000000000000e+00
1.749751999999762688e+02,0.000000000000000000e+00
1.750751999999762347e+02,0.000000000000000000e+00
1.751751999999762290e+02,0.000000000000000000e+00
1.752751999999762518e+02,0.000000000000000000e+00
1.753751999999762461e+02,0.000000000000000000e+00
1.754751999999762120e+02,0.000000000000000000e+00
1.755751999999762063e+02,0.000000000000000000e+00
1.756751999999762290e+02,0.000000000000000000e+00
1.757751999999762234e+02,0.000000000000000000e+00
1.758751999999761892e+02,0.000000000000000000e+00
1.759751999999761836e+02,0.000000000000000000e+00
1.760751999999762063e+02,0.000000000000000000e+00
1.761751999999762006e+02,0.000000000000000000e+00
1.762751999999761665e+02,0.000000000000000000e+00
1.763751999999761608e+02,0.000000000000000000e+00
1.764751999999761836e+02,0.000000000000000000e+00
1.765751999999761779e+02,0.000000000000000000e+00
1.766751999999761438e+02,0.000000000000000000e+00
1.767751999999761381e+02,0.000000000000000000e+00
1.768751999999761608e+02,0.000000000000000000e+00
1.769751999999761551e+02,0.000000000000000000e+00
1.770751999999761210e+02,0.000000000000000000e+00
1.771751999999761154e+02,0.000000000000000000e+00
1.772751999999761381e+02,0.000000000000000000e+00
1.773751999999761324e+02,0.000000000000000000e+00
1.774751999999760983e+02,0.000000000000000000e+00
1.775751999999760926e+02,0.000000000000000000e+00
1.776751999999761154e+02,0.000000000000000000e+00
1.777751999999761097e+02,0.000000000000000000e+00
1.778751999999760756e+02,0.000000000000000000e+00
1.779751999999760699e+02,0.000000000000000000e+00
1.780751999999760926e+02,0.000000000000000000e+00
1.781751999999760869e+02,0.000000000000000000e+00
1.782751999999760528e+02,0.000000000000000000e+00
1.783751999999760471e+02,0.000000000000000000e+00
1.784751999999760699e+02,0.000000000000000000e+00
1.785751999999760642e+02,0.000000000000000000e+00
1.786751999999760301e+02,0.000000000000000000e+00
1.787751999999760244e+02,0.000000000000000000e+00
1.788751999999760471e+02,0.000000000000000000e+00
1.789751999999760415e+02,0.000000000000000000e+00
1.790751999999760073e+02,0.000000000000000000e+00
1.791751999999760017e+02,0.000000000000000000e+00
1.792751999999760244e+02,0.000000000000000000e+00
1.793751999999760187e+02,0.000000000000000000e+00
1.794751999999759846e+02,0.000000000000000000e+00
1.795751999999759789e+02,0.000000000000000000e+00
1.796751999999760017e+02,0.000000000000000000e+00
1.797751999999759960e+02,0.000000000000000000e+00
1.798751999999759619e+02,0.000000000000000000e+00
1.799751999999759562e+02,0.000000000000000000e+00
1.800751999999759789e+02,0.000000000000000000e+00
1.801751999999759732e+02,0.000000000000000000e+00
1.802751999999759391e+02,0.000000000000000000e+00
1.803751999999759335e+02,0.000000000000000000e+00
1.804751999999759562e+02,0.000000000000000000e+00
1.805751999999759505e+02,0.000000000000000000e+00
1.806751999999759164e+02,0.000000000000000000e+00
1.807751999999759107e+02,0.000000000000000000e+00
1.808751999999759335e+02,0.000000000000000000e+00
1.809751999999759278e+02,0.000000000000000000e+00
1.810751999999758937e+02,0.000000000000000000e+00
1.811751999999758880e+02,0.000000000000000000e+00
1.812751999999759107e+02,0.000000000000000000e+00
1.813751999999759050e+02,0.000000000000000000e+00
1.814751999999758709e+02,0.000000000000000000e+00
1.815751999999758652e+02,0.000000000000000000e+00
1.816751999999758880e+02,0.000000000000000000e+00
1.817751999999758823e+02,0.000000000000000000e+00
1.818751999999758482e+02,0.000000000000000000e+00
1.819751999999758425e+02,0.000000000000000000e+00
1.820751999999758652e+02,0.000000000000000000e+00
1.821751999999758596e+02,0.000000000000000000e+00
1.822751999999758254e+02,0.000000000000000000e+00
1.823751999999758198e+02,0.000000000000000000e+00
1.824751999999758425e+02,0.000000000000000000e+00
1.825751999999758368e+02,0.000000000000000000e+00
1.826751999999758027e+02,0.000000000000000000e+00
1.827751999999757970e+02,0.000000000000000000e+00
1.828751999999758198e+02,0.000000000000000000e+00
1.829751999999758141e+02,0.000000000000000000e+00
1.830751999999757800e+02,0.000000000000000000e+00
1.831751999999757743e+02,0.000000000000000000e+00
1.832751999999757970e+02,0.000000000000000000e+00
1.833751999999757913e+02,0.000000000000000000e+00
1.834751999999757572e+02,0.000000000000000000e+00
1.835751999999757516e+02,0.000000000000000000e+00
1.836751999999757743e+02,0.000000000000000000e+00
1.837751999999757686e+02,0.000000000000000000e+00
1.838751999999757345e+02,0.000000000000000000e+00
1.839751999999757288e+02,0.000000000000000000e+00
1.840751999999757516e+02,0.000000000000000000e+00
1.841751999999757459e+02,0.000000000000000000e+00
1.842751999999757118e+02,0.000000000000000000e+00
1.843751999999757061e+02,0.000000000000000000e+00
1.844751999999757288e+02,0.000000000000000000e+00
1.845751999999757231e+02,0.000000000000000000e+00
1.846751999999756890e+02,0.000000000000000000e+00
1.847751999999756833e+02,0.000000000000000000e+00
1.848751999999757061e+02,0.000000000000000000e+00
1.849751999999757004e+02,0.000000000000000000e+00
1.850751999999756663e+02,0.000000000000000000e+00
1.851751999999756606e+02,0.000000000000000000e+00
1.852751999999756833e+02,0.000000000000000000e+00
1.853751999999756777e+02,0.000000000000000000e+00
1.854751999999756435e+02,0.000000000000000000e+00
1.855751999999756379e+02,0.000000000000000000e+00
1.856751999999756606e+02,0.000000000000000000e+00
1.857751999999756549e+02,0.000000000000000000e+00
1.858751999999756208e+02,0.000000000000000000e+00
1.859751999999756151e+02,0.000000000000000000e+00
1.860751999999756379e+02,0.000000000000000000e+00
1.861751999999756322e+02,0.000000000000000000e+00
1.862751999999755981e+02,0.000000000000000000e+00
1.863751999999755924e+02,0.000000000000000000e+00
1.864751999999756151e+02,0.000000000000000000e+00
1.865751999999756094e+02,0.000000000000000000e+00
1.866751999999755753e+02,0.000000000000000000e+00
1.867751999999755697e+02,0.000000000000000000e+00
1.868751999999755924e+02,0.000000000000000000e+00
1.869751999999755867e+02,0.000000000000000000e+00
1.870751999999755526e+02,0.000000000000000000e+00
1.871751999999755469e+02,0.000000000000000000e+00
1.872751999999755697e+02,0.000000000000000000e+00
1.873751999999755640e+02,0.000000000000000000e+00
1.874751999999755299e+02,0.000000000000000000e+00
1.875751999999755242e+02,0.000000000000000000e+00
1.876751999999755469e+02,0.000000000000000000e+00
1.877751999999755412e+02,0.000000000000000000e+00
1.878751999999755071e+02,0.000000000000000000e+00
1.879751999999755014e+02,0.000000000000000000e+00
1.880751999999755242e+02,0.000000000000000000e+00
1.881751999999755185e+02,0.000000000000000000e+00
1.882751999999754844e+02,0.000000000000000000e+00
1.883751999999754787e+02,0.000000000000000000e+00
1.884751999999755014e+02,0.000000000000000000e+00
1.885751999999754958e+02,0.000000000000000000e+00
1.886751999999754617e+02,0.000000000000000000e+00
1.887751999999754560e+02,0.000000000000000000e+00
1.888751999999754787e+02,0.000000000000000000e+00
1.889751999999754730e+02,0.000000000000000000e+00
1.890751999999754389e+02,0.000000000000000000e+00
1.891751999999754332e+02,0.000000000000000000e+00
1.892751999999754560e+02,0.000000000000000000e+00
1.893751999999754503e+02,0.000000000000000000e+00
1.894751999999754162e+02,0.000000000000000000e+00
1.895751999999754105e+02,0.000000000000000000e+00
1.896751999999754332e+02,0.000000000000000000e+00
1.897751999999754275e+02,0.000000000000000000e+00
1.898751999999753934e+02,0.000000000000000000e+00
1.899751999999753878e+02,0.000000000000000000e+00
1.900751999999754105e+02,0.000000000000000000e+00
1.901751999999754048e+02,0.000000000000000000e+00
1.902751999999753707e+02,0.000000000000000000e+00
1.903751999999753650e+02,0.000000000000000000e+00
1.904751999999753878e+02,0.000000000000000000e+00
1.905751999999753821e+02,0.000000000000000000e+00
1.906751999999753480e+02,0.000000000000000000e+00
1.907751999999753423e+02,0.000000000000000000e+00
1.908751999999753650e+02,0.000000000000000000e+00
1.909751999999753593e+02,0.000000000000000000e+00
1.910751999999753252e+02,0.000000000000000000e+00
1.911751999999753195e+02,0.000000000000000000e+00
1.912751999999753423e+02,0.000000000000000000e+00
1.913751999999753366e+02,0.000000000000000000e+00
1.914751999999753025e+02,0.000000000000000000e+00
1.915751999999752968e+02,0.000000000000000000e+00
1.916751999999753195e+02,0.000000000000000000e+00
1.917751999999753139e+02,0.000000000000000000e+00
1.918751999999752798e+02,0.000000000000000000e+00
1.919751999999752741e+02,0.000000000000000000e+00
1.920751999999752968e+02,0.000000000000000000e+00
1.921751999999752911e+02,0.000000000000000000e+00
1.922751999999752570e+02,0.000000000000000000e+00
1.923751999999752513e+02,0.000000000000000000e+00
1.924751999999752741e+02,0.000000000000000000e+00
1.925751999999752684e+02,0.000000000000000000e+00
1.926751999999752343e+02,0.000000000000000000e+00
1.927751999999752286e+02,0.000000000000000000e+00
1.928751999999752513e+02,0.000000000000000000e+00
1.929751999999752456e+02,0.000000000000000000e+00
1.930751999999752115e+02,0.000000000000000000e+00
1.931751999999752059e+02,0.000000000000000000e+00
1.932751999999752286e+02,0.000000000000000000e+00
1.933751999999752229e+02,0.000000000000000000e+00
1.934751999999751888e+02,0.000000000000000000e+00
1.935751999999751831e+02,0.000000000000000000e+00
1.936751999999752059e+02,0.000000000000000000e+00
1.937751999999752002e+02,0.000000000000000000e+00
1.938751999999751661e+02,0.000000000000000000e+00
1.939751999999751604e+02,0.000000000000000000e+00
1.940751999999751831e+02,0.000000000000000000e+00
1.941751999999751774e+02,0.000000000000000000e+00
1.942751999999751433e+02,0.000000000000000000e+00
1.943751999999751376e+02,0.000000000000000000e+00
1.944751999999751604e+02,0.000000000000000000e+00
1.945751999999751547e+02,0.000000000000000000e+00
1.946751999999751206e+02,0.000000000000000000e+00
1.947751999999751149e+02,0.000000000000000000e+00
1.948751999999751376e+02,0.000000000000000000e+00
1.949751999999751320e+02,0.000000000000000000e+00
1.950751999999750979e+02,0.000000000000000000e+00
1.951751999999750922e+02,0.000000000000000000e+00
1.952751999999751149e+02,0.000000000000000000e+00
1.953751999999751092e+02,0.000000000000000000e+00
1.954751999999750751e+02,0.000000000000000000e+00
1.955751999999750694e+02,0.000000000000000000e+00
1.956751999999750922e+02,0.000000000000000000e+00
1.957751999999750865e+02,0.000000000000000000e+00
1.958751999999750524e+02,0.000000000000000000e+00
1.959751999999750467e+02,0.000000000000000000e+00
1.960751999999750694e+02,0.000000000000000000e+00
1.961751999999750637e+02,0.000000000000000000e+00
1.962751999999750296e+02,0.000000000000000000e+00
1.963751999999750240e+02,0.000000000000000000e+00
1.964751999999750467e+02,0.000000000000000000e+00
1.965751999999750410e+02,0.000000000000000000e+00
1.966751999999750069e+02,0.000000000000000000e+00
1.967751999999750012e+02,0.000000000000000000e+00
1.968751999999750240e+02,0.000000000000000000e+00
1.969751999999750183e+02,0.000000000000000000e+00
1.970751999999749842e+02,0.000000000000000000e+00
1.971751999999749785e+02,0.000000000000000000e+00
1.972751999999750012e+02,0.000000000000000000e+00
1.973751999999749955e+02,0.000000000000000000e+00
1.974751999999749614e+02,0.000000000000000000e+00
1.975751999999749557e+02,0.000000000000000000e+00
1.976751999999749785e+02,0.000000000000000000e+00
1.977751999999749728e+02,0.000000000000000000e+00
1.978751999999749387e+02,0.000000000000000000e+00
1.979751999999749330e+02,0.000000000000000000e+00
1.980751999999749557e+02,0.000000000000000000e+00
1.981751999999749501e+02,0.000000000000000000e+00
1.982751999999749160e+02,0.000000000000000000e+00
1.983751999999749103e+02,0.000000000000000000e+00
1.984751999999749330e+02,0.000000000000000000e+00
1.985751999999749273e+02,0.000000000000000000e+00
1.986751999999748932e+02,0.000000000000000000e+00
1.987751999999748875e+02,0.000000000000000000e+00
1.988751999999749103e+02,0.000000000000000000e+00
1.989751999999749046e+02,0.000000000000000000e+00
1.990751999999748705e+02,0.000000000000000000e+00
1.991751999999748648e+02,0.000000000000000000e+00
1.992751999999748875e+02,0.000000000000000000e+00
1.993751999999748818e+02,0.000000000000000000e+00
1.994751999999748477e+02,0.000000000000000000e+00
1.995751999999748421e+02,0.000000000000000000e+00
1.996751999999748648e+02,0.000000000000000000e+00
1.997751999999748591e+02,0.000000000000000000e+00
1.998751999999748250e+02,0.000000000000000000e+00
1.999751999999748193e+02,0.000000000000000000e+00
2.000751999999748421e+02,0.000000000000000000e+00
2.001751999999748364e+02,0.000000000000000000e+00
2.002751999999748023e+02,0.000000000000000000e+00
2.003751999999747966e+02,0.000000000000000000e+00
2.004751999999748193e+02,0.000000000000000000e+00
2.005751999999748136e+02,0.000000000000000000e+00
2.006751999999747795e+02,0.000000000000000000e+00
2.007751999999747738e+02,0.000000000000000000e+00
2.008751999999747966e+02,0.000000000000000000e+00
2.009751999999747909e+02,0.000000000000000000e+00
2.010751999999747568e+02,0.000000000000000000e+00
2.011751999999747511e+02,0.000000000000000000e+00
2.012751999999747738e+02,0.000000000000000000e+00
2.013751999999747682e+02,0.000000000000000000e+00
2.014751999999747341e+02,0.000000000000000000e+00
2.015751999999747284e+02,0.000000000000000000e+00
2.016751999999747511e+02,0.000000000000000000e+00
2.017751999999747454e+02,0.000000000000000000e+00
2.018751999999747113e+02,0.000000000000000000e+00
2.019751999999747056e+02,0.000000000000000000e+00
2.020751999999747284e+02,0.000000000000000000e+00
2.021751999999747227e+02,0.000000000000000000e+00
2.022751999999746886e+02,0.000000000000000000e+00
2.023751999999746829e+02,0.000000000000000000e+00
2.024751999999747056e+02,0.000000000000000000e+00
2.025751999999746999e+02,0.000000000000000000e+00
2.026751999999746658e+02,0.000000000000000000e+00
2.027751999999746602e+02,0.000000000000000000e+00
2.028751999999746829e+02,0.000000000000000000e+00
2.029751999999746772e+02,0.000000000000000000e+00
2.030751999999746431e+02,0.000000000000000000e+00
2.031751999999746374e+02,0.000000000000000000e+00
2.032751999999746602e+02,0.000000000000000000e+00
2.033751999999746545e+02,0.000000000000000000e+00
2.034751999999746204e+02,0.000000000000000000e+00
2.035751999999746147e+02,0.000000000000000000e+00
2.036751999999746374e+02,0.000000000000000000e+00
2.037751999999746317e+02,0.000000000000000000e+00
2.038751999999745976e+02,0.000000000000000000e+00
2.039751999999745919e+02,0.000000000000000000e+00
2.040751999999746147e+02,0.000000000000000000e+00
2.041751999999746090e+02,0.000000000000000000e+00
2.042751999999745749e+02,0.000000000000000000e+00
2.043751999999745692e+02,0.000000000000000000e+00
2.044751999999745919e+02,0.000000000000000000e+00
2.045751999999745863e+02,0.000000000000000000e+00
2.046751999999745522e+02,0.000000000000000000e+00
2.047751999999745465e+02,0.000000000000000000e+00
2.048751999999745692e+02,0.000000000000000000e+00
2.049751999999745635e+02,0.000000000000000000e+00
2.050751999999745294e+02,0.000000000000000000e+00
2.051751999999745237e+02,0.000000000000000000e+00
2.052751999999745465e+02,0.000000000000000000e+00
2.053751999999745408e+02,0.000000000000000000e+00
2.054751999999745067e+02,0.000000000000000000e+00
2.055751999999745010e+02,0.000000000000000000e+00
2.056751999999745237e+02,0.000000000000000000e+00
2.057751999999745181e+02,0.000000000000000000e+00
2.058751999999744839e+02,0.000000000000000000e+00
2.059751999999744783e+02,0.000000000000000000e+00
2.060751999999745010e+02,0.000000000000000000e+00
2.061751999999744953e+02,0.000000000000000000e+00
2.062751999999744612e+02,0.000000000000000000e+00
2.063751999999744555e+02,0.000000000000000000e+00
2.064751999999744783e+02,0.000000000000000000e+00
2.065751999999744726e+02,0.000000000000000000e+00
2.066751999999744385e+02,0.000000000000000000e+00
2.067751999999744328e+02,0.000000000000000000e+00
2.068751999999744555e+02,0.000000000000000000e+00
2.069751999999744498e+02,0.000000000000000000e+00
2.070751999999744157e+02,0.000000000000000000e+00
2.071751999999744100e+02,0.000000000000000000e+00
2.072751999999744328e+02,0.000000000000000000e+00
2.073751999999744271e+02,0.000000000000000000e+00
2.074751999999743930e+02,0.000000000000000000e+00
2.075751999999743873e+02,0.000000000000000000e+00
2.076751999999744100e+02,0.000000000000000000e+00
2.077751999999744044e+02,0.000000000000000000e+00
2.078751999999743703e+02,0.000000000000000000e+00
2.079751999999743646e+02,0.000000000000000000e+00
2.080751999999743873e+02,0.000000000000000000e+00
2.081751999999743816e+02,0.000000000000000000e+00
2.082751999999743475e+02,0.000000000000000000e+00
2.083751999999743418e+02,0.000000000000000000e+00
2.084751999999743646e+02,0.000000000000000000e+00
2.085751999999743589e+02,0.000000000000000000e+00
2.086751999999743248e+02,0.000000000000000000e+00
2.087751999999743191e+02,0.000000000000000000e+00
2.088751999999743418e+02,0.000000000000000000e+00
2.089751999999743362e+02,0.000000000000000000e+00
2.090751999999743020e+02,0.000000000000000000e+00
2.091751999999742964e+02,0.000000000000000000e+00
2.092751999999743191e+02,0.000000000000000000e+00
2.093751999999743134e+02,0.000000000000000000e+00
2.094751999999742793e+02,0.000000000000000000e+00
2.095751999999742736e+02,0.000000000000000000e+00
2.096751999999742964e+02,0.000000000000000000e+00
2.097751999999742907e+02,0.000000000000000000e+00
2.098751999999742566e+02,0.000000000000000000e+00
2.099751999999742509e+02,0.000000000000000000e+00
2.100751999999742736e+02,0.000000000000000000e+00
2.101751999999742679e+02,0.000000000000000000e+00
2.102751999999742338e+02,0.000000000000000000e+00
2.103751999999742281e+02,0.000000000000000000e+00
2.104751999999742509e+02,0.000000000000000000e+00
2.105751999999742452e+02,0.000000000000000000e+00
2.106751999999742111e+02,0.000000000000000000e+00
2.107751999999742054e+02,0.000000000000000000e+00
2.108751999999742281e+02,0.000000000000000000e+00
2.109751999999742225e+02,0.000000000000000000e+00
2.110751999999741884e+02,0.000000000000000000e+00
2.111751999999741827e+02,0.000000000000000000e+00
2.112751999999742054e+02,0.000000000000000000e+00
2.113751999999741997e+02,0.000000000000000000e+00
2.114751999999741656e+02,0.000000000000000000e+00
2.115751999999741599e+02,0.000000000000000000e+00
2.116751999999741827e+02,0.000000000000000000e+00
2.117751999999741770e+02,0.000000000000000000e+00
2.118751999999741429e+02,0.000000000000000000e+00
2.119751999999741372e+02,0.000000000000000000e+00
2.120751999999741599e+02,0.000000000000000000e+00
2.121751999999741543e+02,0.000000000000000000e+00
2.122751999999741201e+02,0.000000000000000000e+00
2.123751999999741145e+02,0.000000000000000000e+00
2.124751999999741372e+02,0.000000000000000000e+00
2.125751999999741315e+02,0.000000000000000000e+00
2.126751999999740974e+02,0.000000000000000000e+00
2.127751999999740917e+02,0.000000000000000000e+00
2.128751999999741145e+02,0.000000000000000000e+00
2.129751999999741088e+02,0.000000000000000000e+00
2.130751999999740747e+02,0.000000000000000000e+00
2.131751999999740690e+02,0.000000000000000000e+00
2.132751999999740917e+02,0.000000000000000000e+00
2.133751999999740860e+02,0.000000000000000000e+00
2.134751999999740519e+02,0.000000000000000000e+00
2.135751999999740462e+02,0.000000000000000000e+00
2.136751999999740690e+02,0.000000000000000000e+00
2.137751999999740633e+02,0.000000000000000000e+00
2.138751999999740292e+02,0.000000000000000000e+00
2.139751999999740235e+02,0.000000000000000000e+00
2.140751999999740462e+02,0.000000000000000000e+00
2.141751999999740406e+02,0.000000000000000000e+00
2.142751999999740065e+02,0.000000000000000000e+00
2.143751999999740008e+02,0.000000000000000000e+00
2.144751999999740235e+02,0.000000000000000000e+00
2.145751999999740178e+02,0.000000000000000000e+00
2.146751999999739837e+02,0.000000000000000000e+00
2.147751999999739780e+02,0.000000000000000000e+00
2.148751999999740008e+02,0.000000000000000000e+00
2.149751999999739951e+02,0.000000000000000000e+00
2.150751999999739610e+02,0.000000000000000000e+00
2.151751999999739553e+02,0.000000000000000000e+00
2.152751999999739780e+02,0.000000000000000000e+00
2.153751999999739724e+02,0.000000000000000000e+00
2.154751999999739382e+02,0.000000000000000000e+00
2.155751999999739326e+02,0.000000000000000000e+00
2.156751999999739553e+02,0.000000000000000000e+00
2.157751999999739496e+02,0.000000000000000000e+00
2.158751999999739155e+02,0.000000000000000000e+00
2.159751999999739098e+02,0.000000000000000000e+00
2.160751999999739326e+02,0.000000000000000000e+00
2.161751999999739269e+02,0.000000000000000000e+00
2.162751999999738928e+02,0.000000000000000000e+00
2.163751999999738871e+02,0.000000000000000000e+00
2.164751999999739098e+02,0.000000000000000000e+00
2.165751999999739041e+02,0.000000000000000000e+00
2.166751999999738700e+02,0.000000000000000000e+00
2.167751999999738644e+02,0.000000000000000000e+00
2.168751999999738871e+02,0.000000000000000000e+00
2.169751999999738814e+02,0.000000000000000000e+00
2.170751999999738473e+02,0.000000000000000000e+00
2.171751999999738416e+02,0.000000000000000000e+00
2.172751999999738644e+02,0.000000000000000000e+00
2.173751999999738587e+02,0.000000000000000000e+00
2.174751999999738246e+02,0.000000000000000000e+00
2.175751999999738189e+02,0.000000000000000000e+00
2.176751999999738416e+02,0.000000000000000000e+00
2.177751999999738359e+02,0.000000000000000000e+00
2.178751999999738018e+02,0.000000000000000000e+00
2.179751999999737961e+02,0.000000000000000000e+00
2.180751999999738189e+02,0.000000000000000000e+00
2.181751999999738132e+02,0.000000000000000000e+00
2.182751999999737791e+02,0.000000000000000000e+00
2.183751999999737734e+02,0.000000000000000000e+00
2.184751999999737961e+02,0.000000000000000000e+00
2.185751999999737905e+02,0.000000000000000000e+00
2.186751999999737563e+02,0.000000000000000000e+00
2.187751999999737507e+02,0.000000000000000000e+00
2.188751999999737734e+02,0.000000000000000000e+00
2.189751999999737677e+02,0.000000000000000000e+00
2.190751999999737336e+02,0.000000000000000000e+00
2.191751999999737279e+02,0.000000000000000000e+00
2.192751999999737507e+02,0.000000000000000000e+00
2.193751999999737450e+02,0.000000000000000000e+00
2.194751999999737109e+02,0.000000000000000000e+00
2.195751999999737052e+02,0.000000000000000000e+00
2.196751999999737279e+02,0.000000000000000000e+00
2.197751999999737222e+02,0.000000000000000000e+00
2.198751999999736881e+02,0.000000000000000000e+00
2.199751999999736825e+02,0.000000000000000000e+00
2.200751999999737052e+02,0.000000000000000000e+00
2.201751999999736995e+02,0.000000000000000000e+00
2.202751999999736654e+02,0.000000000000000000e+00
2.203751999999736597e+02,0.000000000000000000e+00
2.204751999999736825e+02,0.000000000000000000e+00
2.205751999999736768e+02,0.000000000000000000e+00
2.206751999999736427e+02,0.000000000000000000e+00
2.207751999999736370e+02,0.000000000000000000e+00
2.208751999999736597e+02,0.000000000000000000e+00
2.209751999999736540e+02,0.000000000000000000e+00
2.210751999999736199e+02,0.000000000000000000e+00
2.211751999999736142e+02,0.000000000000000000e+00
2.212751999999736370e+02,0.000000000000000000e+00
2.213751999999736313e+02,0.000000000000000000e+00
2.214751999999735972e+02,0.000000000000000000e+00
2.215751999999735915e+02,0.000000000000000000e+00
2.216751999999736142e+02,0.000000000000000000e+00
2.217751999999736086e+02,0.000000000000000000e+00
2.218751999999735744e+02,0.000000000000000000e+00
2.219751999999735688e+02,0.000000000000000000e+00
2.220751999999735915e+02,0.000000000000000000e+00
2.221751999999735858e+02,0.000000000000000000e+00
2.222751999999735517e+02,0.000000000000000000e+00
2.223751999999735460e+02,0.000000000000000000e+00
2.224751999999735688e+02,0.000000000000000000e+00
2.225751999999735631e+02,0.000000000000000000e+00
2.226751999999735290e+02,0.000000000000000000e+00
2.227751999999735233e+02,0.000000000000000000e+00
2.228751999999735460e+02,0.000000000000000000e+00
2.229751999999735403e+02,0.000000000000000000e+00
2.230751999999735062e+02,0.000000000000000000e+00
2.231751999999735006e+02,0.000000000000000000e+00
2.232751999999735233e+02,0.000000000000000000e+00
2.233751999999735176e+02,0.000000000000000000e+00
2.234751999999734835e+02,0.000000000000000000e+00
2.235751999999734778e+02,0.000000000000000000e+00
2.236751999999735006e+02,0.000000000000000000e+00
2.237751999999734949e+02,0.000000000000000000e+00
2.238751999999734608e+02,0.000000000000000000e+00
2.239751999999734551e+02,0.000000000000000000e+00
2.240751999999734778e+02,0.000000000000000000e+00
2.241751999999734721e+02,0.000000000000000000e+00
2.242751999999734380e+02,0.000000000000000000e+00
2.243751999999734323e+02,0.000000000000000000e+00
2.244751999999734551e+02,0.000000000000000000e+00
2.245751999999734494e+02,0.000000000000000000e+00
2.246751999999734153e+02,0.000000000000000000e+00
2.247751999999734096e+02,0.000000000000000000e+00
2.248751999999734323e+02,0.000000000000000000e+00
2.249751999999734267e+02,0.000000000000000000e+00
2.250751999999733926e+02,0.000000000000000000e+00
2.251751999999733869e+02,0.000000000000000000e+00
2.252751999999734096e+02,0.000000000000000000e+00
2.253751999999734039e+02,0.000000000000000000e+00
2.254751999999733698e+02,0.000000000000000000e+00
2.255751999999733641e+02,0.000000000000000000e+00
2.256751999999733869e+02,0.000000000000000000e+00
2.257751999999733812e+02,0.000000000000000000e+00
2.258751999999733471e+02,0.000000000000000000e+00
2.259751999999733414e+02,0.000000000000000000e+00
2.260751999999733641e+02,0.000000000000000000e+00
2.261751999999733584e+02,0.000000000000000000e+00
2.262751999999733243e+02,0.000000000000000000e+00
2.263751999999733187e+02,0.000000000000000000e+00
2.264751999999733414e+02,0.000000000000000000e+00
2.265751999999733357e+02,0.000000000000000000e+00
2.266751999999733016e+02,0.000000000000000000e+00
2.267751999999732959e+02,0.000000000000000000e+00
2.268751999999733187e+02,0.000000000000000000e+00
2.269751999999733130e+02,0.000000000000000000e+00
2.270751999999732789e+02,0.000000000000000000e+00
2.271751999999732732e+02,0.000000000000000000e+00
2.272751999999732959e+02,0.000000000000000000e+00
2.273751999999732902e+02,0.000000000000000000e+00
2.274751999999732561e+02,0.000000000000000000e+00
2.275751999999732504e+02,0.000000000000000000e+00
2.276751999999732732e+02,0.000000000000000000e+00
2.277751999999732675e+02,0.000000000000000000e+00
2.278751999999732334e+02,0.000000000000000000e+00
2.279751999999732277e+02,0.000000000000000000e+00
2.280751999999732504e+02,0.000000000000000000e+00
2.281751999999732448e+02,0.000000000000000000e+00
2.282751999999732107e+02,0.000000000000000000e+00
2.283751999999732050e+02,0.000000000000000000e+00
2.284751999999732277e+02,0.000000000000000000e+00
2.285751999999732220e+02,0.000000000000000000e+00
2.286751999999731879e+02,0.000000000000000000e+00
2.287751999999731822e+02,0.000000000000000000e+00
2.288751999999732050e+02,0.000000000000000000e+00
2.289751999999731993e+02,0.000000000000000000e+00
2.290751999999731652e+02,0.000000000000000000e+00
2.291751999999731595e+02,0.000000000000000000e+00
2.292751999999731822e+02,0.000000000000000000e+00
2.293751999999731765e+02,0.000000000000000000e+00
2.294751999999731424e+02,0.000000000000000000e+00
2.295751999999731368e+02,0.000000000000000000e+00
2.296751999999731595e+02,0.000000000000000000e+00
2.297751999999731538e+02,0.000000000000000000e+00
2.298751999999731197e+02,0.000000000000000000e+00
2.299751999999731140e+02,0.000000000000000000e+00
2.300751999999731368e+02,0.000000000000000000e+00
2.301751999999731311e+02,0.000000000000000000e+00
2.302751999999730970e+02,0.000000000000000000e+00
2.303751999999730913e+02,0.000000000000000000e+00
2.304751999999731140e+02,0.000000000000000000e+00
2.305751999999731083e+02,0.000000000000000000e+00
2.306751999999730742e+02,0.000000000000000000e+00
2.307751999999730685e+02,0.000000000000000000e+00
2.308751999999730913e+02,0.000000000000000000e+00
2.309751999999730856e+02,0.000000000000000000e+00
2.310751999999730515e+02,0.000000000000000000e+00
2.311751999999730458e+02,0.000000000000000000e+00
2.312751999999730685e+02,0.000000000000000000e+00
2.313751999999730629e+02,0.000000000000000000e+00
2.314751999999730288e+02,0.000000000000000000e+00
2.315751999999730231e+02,0.000000000000000000e+00
2.316751999999730458e+02,0.000000000000000000e+00
2.317751999999730401e+02,0.000000000000000000e+00
2.318751999999730060e+02,0.000000000000000000e+00
2.319751999999730003e+02,0.000000000000000000e+00
2.320751999999730231e+02,0.000000000000000000e+00
2.321751999999730174e+02,0.000000000000000000e+00
2.322751999999729833e+02,0.000000000000000000e+00
2.323751999999729776e+02,0.000000000000000000e+00
2.324751999999730003e+02,0.000000000000000000e+00
2.325751999999729946e+02,0.000000000000000000e+00
2.326751999999729605e+02,0.000000000000000000e+00
2.327751999999729549e+02,0.000000000000000000e+00
2.328751999999729776e+02,0.000000000000000000e+00
2.329751999999729719e+02,0.000000000000000000e+00
2.330751999999729378e+02,0.000000000000000000e+00
2.331751999999729321e+02,0.000000000000000000e+00
2.332751999999729549e+02,0.000000000000000000e+00
2.333751999999729492e+02,0.000000000000000000e+00
2.334751999999729151e+02,0.000000000000000000e+00
2.335751999999729094e+02,0.000000000000000000e+00
2.336751999999729321e+02,0.000000000000000000e+00
2.337751999999729264e+02,0.000000000000000000e+00
2.338751999999728923e+02,0.000000000000000000e+00
2.339751999999728866e+02,0.000000000000000000e+00
2.340751999999729094e+02,0.000000000000000000e+00
2.341751999999729037e+02,0.000000000000000000e+00
2.342751999999728696e+02,0.000000000000000000e+00
2.343751999999728639e+02,0.000000000000000000e+00
2.344751999999728866e+02,0.000000000000000000e+00
2.345751999999728810e+02,0.000000000000000000e+00
2.346751999999728469e+02,0.000000000000000000e+00
2.347751999999728412e+02,0.000000000000000000e+00
2.348751999999728639e+02,0.000000000000000000e+00
2.349751999999728582e+02,0.000000000000000000e+00
2.350751999999728241e+02,0.000000000000000000e+00
2.351751999999728184e+02,0.000000000000000000e+00
2.352751999999728412e+02,0.000000000000000000e+00
2.353751999999728355e+02,0.000000000000000000e+00
2.354751999999728014e+02,0.000000000000000000e+00
2.355751999999727957e+02,0.000000000000000000e+00
2.356751999999728184e+02,0.000000000000000000e+00
2.357751999999728127e+02,0.000000000000000000e+00
2.358751999999727786e+02,0.000000000000000000e+00
2.359751999999727730e+02,0.000000000000000000e+00
2.360751999999727957e+02,0.000000000000000000e+00
2.361751999999727900e+02,0.000000000000000000e+00
2.362751999999727559e+02,0.000000000000000000e+00
2.363751999999727502e+02,0.000000000000000000e+00
2.364751999999727730e+02,0.000000000000000000e+00
2.365751999999727673e+02,0.000000000000000000e+00
2.366751999999727332e+02,0.000000000000000000e+00
2.367751999999727275e+02,0.000000000000000000e+00
2.368751999999727502e+02,0.000000000000000000e+00
2.369751999999727445e+02,0.000000000000000000e+00
2.370751999999727104e+02,0.000000000000000000e+00
2.371751999999727047e+02,0.000000000000000000e+00
2.372751999999727275e+02,0.000000000000000000e+00
2.373751999999727218e+02,0.000000000000000000e+00
2.374751999999726877e+02,0.000000000000000000e+00
2.375751999999726820e+02,0.000000000000000000e+00
2.376751999999727047e+02,0.000000000000000000e+00
2.377751999999726991e+02,0.000000000000000000e+00
2.378751999999726650e+02,0.000000000000000000e+00
2.379751999999726593e+02,0.000000000000000000e+00
2.380751999999726820e+02,0.000000000000000000e+00
2.381751999999726763e+02,0.000000000000000000e+00
2.382751999999726422e+02,0.000000000000000000e+00
2.383751999999726365e+02,0.000000000000000000e+00
2.384751999999726593e+02,0.000000000000000000e+00
2.385751999999726536e+02,0.000000000000000000e+00
2.386751999999726195e+02,0.000000000000000000e+00
2.387751999999726138e+02,0.000000000000000000e+00
2.388751999999726365e+02,0.000000000000000000e+00
2.389751999999726308e+02,0.000000000000000000e+00
2.390751999999725967e+02,0.000000000000000000e+00
2.391751999999725911e+02,0.000000000000000000e+00
2.392751999999726138e+02,0.000000000000000000e+00
2.393751999999726081e+02,0.000000000000000000e+00
2.394751999999725740e+02,0.000000000000000000e+00
2.395751999999725683e+02,0.000000000000000000e+00
2.396751999999725911e+02,0.000000000000000000e+00
2.397751999999725854e+02,0.000000000000000000e+00
2.398751999999725513e+02,0.000000000000000000e+00
2.399751999999725456e+02,0.000000000000000000e+00
2.400751999999725683e+02,0.000000000000000000e+00
2.401751999999725626e+02,0.000000000000000000e+00
2.402751999999725285e+02,0.000000000000000000e+00
2.403751999999725228e+02,0.000000000000000000e+00
2.404751999999725456e+02,0.000000000000000000e+00
2.405751999999725399e+02,0.000000000000000000e+00
2.406751999999725058e+02,0.000000000000000000e+00
2.407751999999725001e+02,0.000000000000000000e+00
2.408751999999725228e+02,0.000000000000000000e+00
2.409751999999725172e+02,0.000000000000000000e+00
2.410751999999724831e+02,0.000000000000000000e+00
2.411751999999724774e+02,0.000000000000000000e+00
2.412751999999725001e+02,0.000000000000000000e+00
2.413751999999724944e+02,0.000000000000000000e+00
2.414751999999724603e+02,0.000000000000000000e+00
2.415751999999724546e+02,0.000000000000000000e+00
2.416751999999724774e+02,0.000000000000000000e+00
2.417751999999724717e+02,0.000000000000000000e+00
2.418751999999724376e+02,0.000000000000000000e+00
2.419751999999724319e+02,0.000000000000000000e+00
2.420751999999724546e+02,0.000000000000000000e+00
2.421751999999724489e+02,0.000000000000000000e+00
2.422751999999724148e+02,0.000000000000000000e+00
2.423751999999724092e+02,0.000000000000000000e+00
2.424751999999724319e+02,0.000000000000000000e+00
2.425751999999724262e+02,0.000000000000000000e+00
2.426751999999723921e+02,0.000000000000000000e+00
2.427751999999723864e+02,0.000000000000000000e+00
2.428751999999724092e+02,0.000000000000000000e+00
2.429751999999724035e+02,0.000000000000000000e+00
2.430751999999723694e+02,0.000000000000000000e+00
2.431751999999723637e+02,0.000000000000000000e+00
2.432751999999723864e+02,0.000000000000000000e+00
2.433751999999723807e+02,0.000000000000000000e+00
2.434751999999723466e+02,0.000000000000000000e+00
2.435751999999723409e+02,0.000000000000000000e+00
2.436751999999723637e+02,0.000000000000000000e+00
2.437751999999723580e+02,0.000000000000000000e+00
2.438751999999723239e+02,0.000000000000000000e+00
2.439751999999723182e+02,0.000000000000000000e+00
2.440751999999723409e+02,0.000000000000000000e+00
2.441751999999723353e+02,0.000000000000000000e+00
2.442751999999723012e+02,0.000000000000000000e+00
2.443751999999722955e+02,0.000000000000000000e+00
2.444751999999723182e+02,0.000000000000000000e+00
2.445751999999723125e+02,0.000000000000000000e+00
2.446751999999722784e+02,0.000000000000000000e+00
2.447751999999722727e+02,0.000000000000000000e+00
2.448751999999722955e+02,0.000000000000000000e+00
2.449751999999722898e+02,0.000000000000000000e+00
2.450751999999722557e+02,0.000000000000000000e+00
2.451751999999722500e+02,0.000000000000000000e+00
2.452751999999722727e+02,0.000000000000000000e+00
2.453751999999722671e+02,0.000000000000000000e+00
2.454751999999722329e+02,0.000000000000000000e+00
2.455751999999722273e+02,0.000000000000000000e+00
2.456751999999722500e+02,0.000000000000000000e+00
2.457751999999722443e+02,0.000000000000000000e+00
2.458751999999722102e+02,0.000000000000000000e+00
2.459751999999722045e+02,0.000000000000000000e+00
2.460751999999722273e+02,0.000000000000000000e+00
2.461751999999722216e+02,0.000000000000000000e+00
2.462751999999721875e+02,0.000000000000000000e+00
2.463751999999721818e+02,0.000000000000000000e+00
2.464751999999722045e+02,0.000000000000000000e+00
2.465751999999721988e+02,0.000000000000000000e+00
2.466751999999721647e+02,0.000000000000000000e+00
2.467751999999721590e+02,0.000000000000000000e+00
2.468751999999721818e+02,0.000000000000000000e+00
2.469751999999721761e+02,0.000000000000000000e+00
2.470751999999721420e+02,0.000000000000000000e+00
2.471751999999721363e+02,0.000000000000000000e+00
2.472751999999721590e+02,0.000000000000000000e+00
2.473751999999721534e+02,0.000000000000000000e+00
2.474751999999721193e+02,0.000000000000000000e+00
2.475751999999721136e+02,0.000000000000000000e+00
2.476751999999721363e+02,0.000000000000000000e+00
2.477751999999721306e+02,0.000000000000000000e+00
2.478751999999720965e+02,0.000000000000000000e+00
2.479751999999720908e+02,0.000000000000000000e+00
2.480751999999721136e+02,0.000000000000000000e+00
2.481751999999721079e+02,0.000000000000000000e+00
2.482751999999720738e+02,0.000000000000000000e+00
2.483751999999720681e+02,0.000000000000000000e+00
2.484751999999720908e+02,0.000000000000000000e+00
2.485751999999720852e+02,0.000000000000000000e+00
2.486751999999720510e+02,0.000000000000000000e+00
2.487751999999720454e+02,0.000000000000000000e+00
2.488751999999720681e+02,0.000000000000000000e+00
2.489751999999720624e+02,0.000000000000000000e+00
2.490751999999720283e+02,0.000000000000000000e+00
2.491751999999720226e+02,0.000000000000000000e+00
2.492751999999720454e+02,0.000000000000000000e+00
2.493751999999720397e+02,0.000000000000000000e+00
2.494751999999720056e+02,0.000000000000000000e+00
2.495751999999719999e+02,0.000000000000000000e+00
2.496751999999720226e+02,0.000000000000000000e+00
2.497751999999720169e+02,0.000000000000000000e+00
2.498751999999719828e+02,0.000000000000000000e+00
2.499751999999719771e+02,0.000000000000000000e+00
2.500751999999719999e+02,0.000000000000000000e+00
2.501751999999719942e+02,0.000000000000000000e+00
2.502751999999719601e+02,0.000000000000000000e+00
2.503751999999719544e+02,0.000000000000000000e+00
2.504751999999719771e+02,0.000000000000000000e+00
2.505751999999719715e+02,0.000000000000000000e+00
2.506751999999719374e+02,0.000000000000000000e+00
2.507751999999719317e+02,0.000000000000000000e+00
2.508751999999719544e+02,0.000000000000000000e+00
2.509751999999719487e+02,0.000000000000000000e+00
2.510751999999719146e+02,0.000000000000000000e+00
2.511751999999719089e+02,0.000000000000000000e+00
2.512751999999719317e+02,0.000000000000000000e+00
2.513751999999719260e+02,0.000000000000000000e+00
2.514751999999718919e+02,0.000000000000000000e+00
2.515751999999718862e+02,0.000000000000000000e+00
2.516751999999719089e+02,0.000000000000000000e+00
2.517751999999719033e+02,0.000000000000000000e+00
2.518751999999718691e+02,0.000000000000000000e+00
2.519751999999718635e+02,0.000000000000000000e+00
2.520751999999718862e+02,0.000000000000000000e+00
2.521751999999718805e+02,0.000000000000000000e+00
2.522751999999718464e+02,0.000000000000000000e+00
2.523751999999718407e+02,0.000000000000000000e+00
2.524751999999718635e+02,0.000000000000000000e+00
2.525751999999718578e+02,0.000000000000000000e+00
2.526751999999718237e+02,0.000000000000000000e+00
2.527751999999718180e+02,0.000000000000000000e+00
2.528751999999718407e+02,0.000000000000000000e+00
2.529751999999718350e+02,0.000000000000000000e+00
2.530751999999718009e+02,0.000000000000000000e+00
2.531751999999717953e+02,0.000000000000000000e+00
2.532751999999718180e+02,0.000000000000000000e+00
2.533751999999718123e+02,0.000000000000000000e+00
2.534751999999717782e+02,0.000000000000000000e+00
2.535751999999717725e+02,0.000000000000000000e+00
2.536751999999717953e+02,0.000000000000000000e+00
2.537751999999717896e+02,0.000000000000000000e+00
2.538751999999717555e+02,0.000000000000000000e+00
2.539751999999717498e+02,0.000000000000000000e+00
2.540751999999717725e+02,0.000000000000000000e+00
2.541751999999717668e+02,0.000000000000000000e+00
2.542751999999717327e+02,0.000000000000000000e+00
2.543751999999717270e+02,0.000000000000000000e+00
2.544751999999717498e+02,0.000000000000000000e+00
2.545751999999717441e+02,0.000000000000000000e+00
2.546751999999717100e+02,0.000000000000000000e+00
2.547751999999717043e+02,0.000000000000000000e+00
2.548751999999717270e+02,0.000000000000000000e+00
2.549751999999717214e+02,0.000000000000000000e+00
2.550751999999716872e+02,0.000000000000000000e+00
2.551751999999716816e+02,0.000000000000000000e+00
2.552751999999717043e+02,0.000000000000000000e+00
2.553751999999716986e+02,0.000000000000000000e+00
2.554751999999716645e+02,0.000000000000000000e+00
2.555751999999716588e+02,0.000000000000000000e+00
2.556751999999716816e+02,0.000000000000000000e+00
2.557751999999716759e+02,0.000000000000000000e+00
2.558751999999716418e+02,0.000000000000000000e+00
2.559751999999716077e+02,0.000000000000000000e+00
2.560751999999716304e+02,0.000000000000000000e+00
2.561751999999716531e+02,0.000000000000000000e+00
2.562751999999716190e+02,0.000000000000000000e+00
2.563751999999715849e+02,0.000000000000000000e+00
2.564751999999716077e+02,0.000000000000000000e+00
2.565751999999716304e+02,0.000000000000000000e+00
2.566751999999715963e+02,0.000000000000000000e+00
2.567751999999715622e+02,0.000000000000000000e+00
2.568751999999715849e+02,0.000000000000000000e+00
2.569751999999716077e+02,0.000000000000000000e+00
2.570751999999715736e+02,0.000000000000000000e+00
2.571751999999715395e+02,0.000000000000000000e+00
2.572751999999715622e+02,0.000000000000000000e+00
2.573751999999715849e+02,0.000000000000000000e+00
2.574751999999715508e+02,0.000000000000000000e+00
2.575751999999715167e+02,0.000000000000000000e+00
2.576751999999715395e+02,0.000000000000000000e+00
2.577751999999715622e+02,0.000000000000000000e+00
2.578751999999715281e+02,0.000000000000000000e+00
2.579751999999714940e+02,0.000000000000000000e+00
2.580751999999715167e+02,0.000000000000000000e+00
2.581751999999715395e+02,0.000000000000000000e+00
2.582751999999715053e+02,0.000000000000000000e+00
2.583751999999714712e+02,0.000000000000000000e+00
2.584751999999714940e+02,0.000000000000000000e+00
2.585751999999715167e+02,0.000000000000000000e+00
2.586751999999714826e+02,0.000000000000000000e+00
2.587751999999714485e+02,0.000000000000000000e+00
2.588751999999714712e+02,0.000000000000000000e+00
2.589751999999714940e+02,0.000000000000000000e+00
2.590751999999714599e+02,0.000000000000000000e+00
2.591751999999714258e+02,0.000000000000000000e+00
2.592751999999714485e+02,0.000000000000000000e+00
2.593751999999714712e+02,0.000000000000000000e+00
2.594751999999714371e+02,0.000000000000000000e+00
2.595751999999714030e+02,0.000000000000000000e+00
2.596751999999714258e+02,0.000000000000000000e+00
2.597751999999714485e+02,0.000000000000000000e+00
2.598751999999714144e+02,0.000000000000000000e+00
2.599751999999713803e+02,0.000000000000000000e+00
2.600751999999714030e+02,0.000000000000000000e+00
2.601751999999714258e+02,0.000000000000000000e+00
2.602751999999713917e+02,0.000000000000000000e+00
2.603751999999713576e+02,0.000000000000000000e+00
2.604751999999713803e+02,0.000000000000000000e+00
2.605751999999714030e+02,0.000000000000000000e+00
2.606751999999713689e+02,0.000000000000000000e+00
2.607751999999713348e+02,0.000000000000000000e+00
2.608751999999713576e+02,0.000000000000000000e+00
2.609751999999713803e+02,0.000000000000000000e+00
2.610751999999713462e+02,0.000000000000000000e+00
2.611751999999713121e+02,0.000000000000000000e+00
2.612751999999713348e+02,0.000000000000000000e+00
2.613751999999713576e+02,0.000000000000000000e+00
2.614751999999713235e+02,0.000000000000000000e+00
2.615751999999712893e+02,0.000000000000000000e+00
2.616751999999713121e+02,0.000000000000000000e+00
2.617751999999713348e+02,0.000000000000000000e+00
2.618751999999713007e+02,0.000000000000000000e+00
2.619751999999712666e+02,0.000000000000000000e+00
2.620751999999712893e+02,0.000000000000000000e+00
2.621751999999713121e+02,0.000000000000000000e+00
2.622751999999712780e+02,0.000000000000000000e+00
2.623751999999712439e+02,0.000000000000000000e+00
2.624751999999712666e+02,0.000000000000000000e+00
2.625751999999712893e+02,0.000000000000000000e+00
2.626751999999712552e+02,0.000000000000000000e+00
2.627751999999712211e+02,0.000000000000000000e+00
2.628751999999712439e+02,0.000000000000000000e+00
2.629751999999712666e+02,0.000000000000000000e+00
2.630751999999712325e+02,0.000000000000000000e+00
2.631751999999711984e+02,0.000000000000000000e+00
2.632751999999712211e+02,0.000000000000000000e+00
2.633751999999712439e+02,0.000000000000000000e+00
2.634751999999712098e+02,0.000000000000000000e+00
2.635751999999711757e+02,0.000000000000000000e+00
2.636751999999711984e+02,0.000000000000000000e+00
2.637751999999712211e+02,0.000000000000000000e+00
2.638751999999711870e+02,0.000000000000000000e+00
2.639751999999711529e+02,0.000000000000000000e+00
2.640751999999711757e+02,0.000000000000000000e+00
2.641751999999711984e+02,0.000000000000000000e+00
2.642751999999711643e+02,0.000000000000000000e+00
2.643751999999711302e+02,0.000000000000000000e+00
2.644751999999711529e+02,0.000000000000000000e+00
2.645751999999711757e+02,0.000000000000000000e+00
2.646751999999711416e+02,0.000000000000000000e+00
2.647751999999711074e+02,0.000000000000000000e+00
2.648751999999711302e+02,0.000000000000000000e+00
2.649751999999711529e+02,0.000000000000000000e+00
2.650751999999711188e+02,0.000000000000000000e+00
2.651751999999710847e+02,0.000000000000000000e+00
2.652751999999711074e+02,0.000000000000000000e+00
2.653751999999711302e+02,0.000000000000000000e+00
2.654751999999710961e+02,0.000000000000000000e+00
2.655751999999710620e+02,0.000000000000000000e+00
2.656751999999710847e+02,0.000000000000000000e+00
2.657751999999711074e+02,0.000000000000000000e+00
2.658751999999710733e+02,0.000000000000000000e+00
2.659751999999710392e+02,0.000000000000000000e+00
2.660751999999710620e+02,0.000000000000000000e+00
2.661751999999710847e+02,0.000000000000000000e+00
2.662751999999710506e+02,0.000000000000000000e+00
2.663751999999710165e+02,0.000000000000000000e+00
2.664751999999710392e+02,0.000000000000000000e+00
2.665751999999710620e+02,0.000000000000000000e+00
2.666751999999710279e+02,0.000000000000000000e+00
2.667751999999709938e+02,0.000000000000000000e+00
2.668751999999710165e+02,0.000000000000000000e+00
2.669751999999710392e+02,4.199916001679011466e-04
2.670751999999710051e+02,1.259974800505135779e-03
2.671751999999709710e+02,1.889962200755555214e-03
2.672751999999709938e+02,3.989920201595061056e-03
2.673751999999710165e+02,4.619907601846912938e-03
2.674751999999709824e+02,3.989920201599596490e-03
2.675751999999709483e+02,3.989920201595061056e-03
2.676751999999709710e+02,2.939941201175307918e-03
2.677751999999709938e+02,2.729945401091357290e-03
2.678751999999709597e+02,2.729945401094461144e-03
2.679751999999709255e+02,2.519949601007406663e-03
2.680751999999709483e+02,2.309953800923456469e-03
2.681751999999709710e+02,1.679966400671604587e-03
2.682751999999709369e+02,1.469970600589325148e-03
2.683751999999709028e+02,1.259974800503703331e-03
2.684751999999709255e+02,6.299874002518516657e-04
2.685751999999709483e+02,8.399832003358022933e-04
2.686751999999709142e+02,2.099958000841893146e-04
2.687751999999708801e+02,4.199916001679011466e-04
2.688751999999709028e+02,2.099958000839505733e-04
2.689751999999708687e+02,2.099958000841893146e-04
2.690751999999708346e+02,0.000000000000000000e+00
2.691751999999708573e+02,0.000000000000000000e+00
2.692751999999708801e+02,0.000000000000000000e+00
2.693751999999709028e+02,0.000000000000000000e+00
2.694751999999708687e+02,0.000000000000000000e+00
2.695751999999708346e+02,0.000000000000000000e+00
2.696751999999708573e+02,0.000000000000000000e+00
2.697751999999708232e+02,0.000000000000000000e+00
2.698751999999707891e+02,0.000000000000000000e+00
2.699751999999708119e+02,0.000000000000000000e+00
2.700751999999708346e+02,0.000000000000000000e+00
2.701751999999708573e+02,0.000000000000000000e+00
2.702751999999708232e+02,0.000000000000000000e+00
2.703751999999707891e+02,0.000000000000000000e+00
2.704751999999708119e+02,0.000000000000000000e+00
2.705751999999707778e+02,0.000000000000000000e+00
2.706751999999707436e+02,0.000000000000000000e+00
2.707751999999707664e+02,0.000000000000000000e+00
2.708751999999707891e+02,0.000000000000000000e+00
2.709751999999708119e+02,0.000000000000000000e+00
2.710751999999707778e+02,0.000000000000000000e+00
2.711751999999707436e+02,0.000000000000000000e+00
2.712751999999707664e+02,0.000000000000000000e+00
2.713751999999707323e+02,0.000000000000000000e+00
2.714751999999706982e+02,0.000000000000000000e+00
2.715751999999707209e+02,0.000000000000000000e+00
2.716751999999707436e+02,0.000000000000000000e+00
2.717751999999707664e+02,0.000000000000000000e+00
2.718751999999707323e+02,0.000000000000000000e+00
2.719751999999706982e+02,0.000000000000000000e+00
2.720751999999707209e+02,0.000000000000000000e+00
2.721751999999706868e+02,0.000000000000000000e+00
2.722751999999706527e+02,0.000000000000000000e+00
2.723751999999706754e+02,0.000000000000000000e+00
2.724751999999706982e+02,0.000000000000000000e+00
2.725751999999707209e+02,0.000000000000000000e+00
2.726751999999706868e+02,0.000000000000000000e+00
2.727751999999706527e+02,0.000000000000000000e+00
2.728751999999706754e+02,0.000000000000000000e+00
2.729751999999706413e+02,0.000000000000000000e+00
2.730751999999706072e+02,0.000000000000000000e+00
2.731751999999706300e+02,0.000000000000000000e+00
2.732751999999706527e+02,0.000000000000000000e+00
2.733751999999706754e+02,0.000000000000000000e+00
2.734751999999706413e+02,0.000000000000000000e+00
2.735751999999706072e+02,0.000000000000000000e+00
2.736751999999706300e+02,0.000000000000000000e+00
2.737751999999705959e+02,0.000000000000000000e+00
2.738751999999705617e+02,0.000000000000000000e+00
2.739751999999705845e+02,0.000000000000000000e+00
2.740751999999706072e+02,0.000000000000000000e+00
2.741751999999706300e+02,0.000000000000000000e+00
2.742751999999705959e+02,0.000000000000000000e+00
2.743751999999705617e+02,0.000000000000000000e+00
2.744751999999705845e+02,0.000000000000000000e+00
2.745751999999705504e+02,0.000000000000000000e+00
2.746751999999705163e+02,0.000000000000000000e+00
2.747751999999705390e+02,0.000000000000000000e+00
2.748751999999705617e+02,0.000000000000000000e+00
2.749751999999705845e+02,0.000000000000000000e+00
2.750751999999705504e+02,0.000000000000000000e+00
2.751751999999705163e+02,0.000000000000000000e+00
2.752751999999705390e+02,0.000000000000000000e+00
2.753751999999705049e+02,0.000000000000000000e+00
2.754751999999704708e+02,0.000000000000000000e+00
2.755751999999704935e+02,0.000000000000000000e+00
2.756751999999705163e+02,0.000000000000000000e+00
2.757751999999705390e+02,0.000000000000000000e+00
2.758751999999705049e+02,0.000000000000000000e+00
2.759751999999704708e+02,0.000000000000000000e+00
2.760751999999704935e+02,0.000000000000000000e+00
2.761751999999704594e+02,0.000000000000000000e+00
2.762751999999704253e+02,0.000000000000000000e+00
2.763751999999704481e+02,0.000000000000000000e+00
2.764751999999704708e+02,0.000000000000000000e+00
2.765751999999704935e+02,0.000000000000000000e+00
2.766751999999704594e+02,0.000000000000000000e+00
2.767751999999704253e+02,0.000000000000000000e+00
2.768751999999704481e+02,0.000000000000000000e+00
2.769751999999704140e+02,0.000000000000000000e+00
2.770751999999703798e+02,0.000000000000000000e+00
2.771751999999704026e+02,0.000000000000000000e+00
2.772751999999704253e+02,0.000000000000000000e+00
2.773751999999704481e+02,0.000000000000000000e+00
2.774751999999704140e+02,0.000000000000000000e+00
2.775751999999703798e+02,0.000000000000000000e+00
2.776751999999704026e+02,0.000000000000000000e+00
2.777751999999703685e+02,0.000000000000000000e+00
2.778751999999703344e+02,1.679966400671604587e-03
2.779751999999703571e+02,3.149937001259258545e-03
2.780751999999703798e+02,1.679966400671604587e-03
2.781751999999704026e+02,4.199916001679011466e-04
2.782751999999703685e+02,3.149937001262839448e-03
2.783751999999703344e+02,0.000000000000000000e+00
2.784751999999703571e+02,0.000000000000000000e+00
2.785751999999703230e+02,1.469970600589325148e-03
2.786751999999702889e+02,2.099958000839505733e-04
2.787751999999703116e+02,0.000000000000000000e+00
2.788751999999703344e+02,0.000000000000000000e+00
2.789751999999703571e+02,1.679966400671604587e-03
2.790751999999703230e+02,0.000000000000000000e+00
2.791751999999702889e+02,0.000000000000000000e+00
2.792751999999703116e+02,0.000000000000000000e+00
2.793751999999702775e+02,0.000000000000000000e+00
2.794751999999702434e+02,0.000000000000000000e+00
2.795751999999702662e+02,0.000000000000000000e+00
2.796751999999702889e+02,0.000000000000000000e+00
2.797751999999703116e+02,0.000000000000000000e+00
2.798751999999702775e+02,0.000000000000000000e+00
2.799751999999702434e+02,0.000000000000000000e+00
2.800751999999702662e+02,0.000000000000000000e+00
2.801751999999702321e+02,0.000000000000000000e+00
2.802751999999701980e+02,0.000000000000000000e+00
2.803751999999702207e+02,0.000000000000000000e+00
2.804751999999702434e+02,0.000000000000000000e+00
2.805751999999702662e+02,0.000000000000000000e+00
2.806751999999702321e+02,0.000000000000000000e+00
2.807751999999701980e+02,0.000000000000000000e+00
2.808751999999702207e+02,0.000000000000000000e+00
2.809751999999701866e+02,0.000000000000000000e+00
2.810751999999701525e+02,0.000000000000000000e+00
2.811751999999701752e+02,0.000000000000000000e+00
2.812751999999701980e+02,0.000000000000000000e+00
2.813751999999702207e+02,0.000000000000000000e+00
2.814751999999701866e+02,0.000000000000000000e+00
2.815751999999701525e+02,0.000000000000000000e+00
2.816751999999701752e+02,0.000000000000000000e+00
2.817751999999701411e+02,0.000000000000000000e+00
2.818751999999701070e+02,0.000000000000000000e+00
2.819751999999701297e+02,0.000000000000000000e+00
2.820751999999701525e+02,0.000000000000000000e+00
2.821751999999701752e+02,2.099958000839505733e-04
2.822751999999701411e+02,4.199916001683786293e-04
2.823751999999701070e+02,0.000000000000000000e+00
2.824751999999701297e+02,2.099958000839505733e-04
2.825751999999700956e+02,4.199916001683786293e-04
2.826751999999700615e+02,0.000000000000000000e+00
2.827751999999700843e+02,0.000000000000000000e+00
2.828751999999701070e+02,2.099958000839505733e-04
2.829751999999701297e+02,0.000000000000000000e+00
2.830751999999700956e+02,0.000000000000000000e+00
2.831751999999700615e+02,0.000000000000000000e+00
2.832751999999700843e+02,2.099958000839505733e-04
2.833751999999700502e+02,0.000000000000000000e+00
2.834751999999700161e+02,0.000000000000000000e+00
2.835751999999700388e+02,0.000000000000000000e+00
2.836751999999700615e+02,0.000000000000000000e+00
2.837751999999700843e+02,0.000000000000000000e+00
2.838751999999700502e+02,0.000000000000000000e+00
2.839751999999700161e+02,0.000000000000000000e+00
2.840751999999700388e+02,0.000000000000000000e+00
2.841751999999700047e+02,0.000000000000000000e+00
2.842751999999699706e+02,0.000000000000000000e+00
2.843751999999699933e+02,0.000000000000000000e+00
2.844751999999700161e+02,0.000000000000000000e+00
2.845751999999700388e+02,0.000000000000000000e+00
2.846751999999700047e+02,0.000000000000000000e+00
2.847751999999699706e+02,0.000000000000000000e+00
2.848751999999699933e+02,0.000000000000000000e+00
2.849751999999699592e+02,0.000000000000000000e+00
2.850751999999699251e+02,0.000000000000000000e+00
2.851751999999699478e+02,0.000000000000000000e+00
2.852751999999699706e+02,0.000000000000000000e+00
2.853751999999699933e+02,0.000000000000000000e+00
2.854751999999699592e+02,0.000000000000000000e+00
2.855751999999699251e+02,0.000000000000000000e+00
2.856751999999699478e+02,0.000000000000000000e+00
2.857751999999699137e+02,0.000000000000000000e+00
2.858751999999698796e+02,0.000000000000000000e+00
2.859751999999699024e+02,0.000000000000000000e+00
2.860751999999699251e+02,0.000000000000000000e+00
2.861751999999699478e+02,0.000000000000000000e+00
2.862751999999699137e+02,0.000000000000000000e+00
2.863751999999698796e+02,0.000000000000000000e+00
2.864751999999699024e+02,0.000000000000000000e+00
2.865751999999698683e+02,0.000000000000000000e+00
2.866751999999698342e+02,0.000000000000000000e+00
2.867751999999698569e+02,0.000000000000000000e+00
2.868751999999698796e+02,0.000000000000000000e+00
2.869751999999699024e+02,0.000000000000000000e+00
2.870751999999698683e+02,0.000000000000000000e+00
2.871751999999698342e+02,0.000000000000000000e+00
2.872751999999698569e+02,0.000000000000000000e+00
2.873751999999698228e+02,0.000000000000000000e+00
2.874751999999697887e+02,0.000000000000000000e+00
2.875751999999698114e+02,0.000000000000000000e+00
2.876751999999698342e+02,0.000000000000000000e+00
2.877751999999698569e+02,0.000000000000000000e+00
2.878751999999698228e+02,0.000000000000000000e+00
2.879751999999697887e+02,0.000000000000000000e+00
2.880751999999698114e+02,0.000000000000000000e+00
2.881751999999697773e+02,0.000000000000000000e+00
2.882751999999697432e+02,0.000000000000000000e+00
2.883751999999697659e+02,0.000000000000000000e+00
2.884751999999697887e+02,0.000000000000000000e+00
2.885751999999698114e+02,0.000000000000000000e+00
2.886751999999697773e+02,0.000000000000000000e+00
2.887751999999697432e+02,0.000000000000000000e+00
2.888751999999697659e+02,0.000000000000000000e+00
2.889751999999697318e+02,0.000000000000000000e+00
2.890751999999696977e+02,0.000000000000000000e+00
2.891751999999697205e+02,0.000000000000000000e+00
2.892751999999697432e+02,0.000000000000000000e+00
2.893751999999697659e+02,0.000000000000000000e+00
2.894751999999697318e+02,0.000000000000000000e+00
2.895751999999696977e+02,0.000000000000000000e+00
2.896751999999697205e+02,0.000000000000000000e+00
2.897751999999696864e+02,0.000000000000000000e+00
2.898751999999696523e+02,0.000000000000000000e+00
2.899751999999696750e+02,0.000000000000000000e+00
2.900751999999696977e+02,0.000000000000000000e+00
2.901751999999697205e+02,0.000000000000000000e+00
2.902751999999696864e+02,0.000000000000000000e+00
2.903751999999696523e+02,0.000000000000000000e+00
2.904751999999696750e+02,0.000000000000000000e+00
2.905751999999696409e+02,0.000000000000000000e+00
2.906751999999696068e+02,0.000000000000000000e+00
2.907751999999696295e+02,0.000000000000000000e+00
2.908751999999696523e+02,0.000000000000000000e+00
2.909751999999696750e+02,0.000000000000000000e+00
2.910751999999696409e+02,0.000000000000000000e+00
2.911751999999696068e+02,0.000000000000000000e+00
2.912751999999696295e+02,0.000000000000000000e+00
2.913751999999695954e+02,0.000000000000000000e+00
2.914751999999695613e+02,0.000000000000000000e+00
2.915751999999695840e+02,0.000000000000000000e+00
2.916751999999696068e+02,0.000000000000000000e+00
2.917751999999696295e+02,0.000000000000000000e+00
2.918751999999695954e+02,0.000000000000000000e+00
2.919751999999695613e+02,0.000000000000000000e+00
2.920751999999695840e+02,0.000000000000000000e+00
2.921751999999695499e+02,0.000000000000000000e+00
2.922751999999695158e+02,0.000000000000000000e+00
2.923751999999695386e+02,0.000000000000000000e+00
2.924751999999695613e+02,0.000000000000000000e+00
2.925751999999695840e+02,0.000000000000000000e+00
2.926751999999695499e+02,0.000000000000000000e+00
2.927751999999695158e+02,0.000000000000000000e+00
2.928751999999695386e+02,0.000000000000000000e+00
2.929751999999695045e+02,0.000000000000000000e+00
2.930751999999694704e+02,0.000000000000000000e+00
2.931751999999694931e+02,0.000000000000000000e+00
2.932751999999695158e+02,0.000000000000000000e+00
2.933751999999695386e+02,0.000000000000000000e+00
2.934751999999695045e+02,0.000000000000000000e+00
2.935751999999694704e+02,0.000000000000000000e+00
2.936751999999694931e+02,0.000000000000000000e+00
2.937751999999694590e+02,0.000000000000000000e+00
2.938751999999694249e+02,0.000000000000000000e+00
2.939751999999694476e+02,0.000000000000000000e+00
2.940751999999694704e+02,0.000000000000000000e+00
2.941751999999694931e+02,0.000000000000000000e+00
2.942751999999694590e+02,0.000000000000000000e+00
2.943751999999694249e+02,0.000000000000000000e+00
2.944751999999694476e+02,0.000000000000000000e+00
2.945751999999694135e+02,0.000000000000000000e+00
2.946751999999693794e+02,0.000000000000000000e+00
2.947751999999694021e+02,0.000000000000000000e+00
2.948751999999694249e+02,0.000000000000000000e+00
2.949751999999694476e+02,0.000000000000000000e+00
2.950751999999694135e+02,0.000000000000000000e+00
2.951751999999693794e+02,0.000000000000000000e+00
2.952751999999694021e+02,0.000000000000000000e+00
2.953751999999693680e+02,0.000000000000000000e+00
2.954751999999693339e+02,0.000000000000000000e+00
2.955751999999693567e+02,0.000000000000000000e+00
2.956751999999693794e+02,0.000000000000000000e+00
2.957751999999694021e+02,0.000000000000000000e+00
2.958751999999693680e+02,0.000000000000000000e+00
2.959751999999693339e+02,0.000000000000000000e+00
2.960751999999693567e+02,0.000000000000000000e+00
2.961751999999693226e+02,0.000000000000000000e+00
2.962751999999692885e+02,0.000000000000000000e+00
2.963751999999693112e+02,0.000000000000000000e+00
2.964751999999693339e+02,0.000000000000000000e+00
2.965751999999693567e+02,0.000000000000000000e+00
2.966751999999693226e+02,0.000000000000000000e+00
2.967751999999692885e+02,0.000000000000000000e+00
2.968751999999693112e+02,0.000000000000000000e+00
2.969751999999692771e+02,0.000000000000000000e+00
2.970751999999692430e+02,0.000000000000000000e+00
2.971751999999692657e+02,0.000000000000000000e+00
2.972751999999692885e+02,0.000000000000000000e+00
2.973751999999693112e+02,0.000000000000000000e+00
2.974751999999692771e+02,0.000000000000000000e+00
2.975751999999692430e+02,0.000000000000000000e+00
2.976751999999692657e+02,0.000000000000000000e+00
2.977751999999692316e+02,0.000000000000000000e+00
2.978751999999691975e+02,0.000000000000000000e+00
2.979751999999692202e+02,0.000000000000000000e+00
2.980751999999692430e+02,0.000000000000000000e+00
2.981751999999692657e+02,0.000000000000000000e+00
2.982751999999692316e+02,0.000000000000000000e+00
2.983751999999691975e+02,0.000000000000000000e+00
2.984751999999692202e+02,0.000000000000000000e+00
2.985751999999691861e+02,0.000000000000000000e+00
2.986751999999691520e+02,0.000000000000000000e+00
2.987751999999691748e+02,0.000000000000000000e+00
2.988751999999691975e+02,0.000000000000000000e+00
2.989751999999692202e+02,0.000000000000000000e+00
2.990751999999691861e+02,0.000000000000000000e+00
2.991751999999691520e+02,0.000000000000000000e+00
2.992751999999691748e+02,0.000000000000000000e+00
2.993751999999691407e+02,0.000000000000000000e+00
2.994751999999691066e+02,0.000000000000000000e+00
2.995751999999691293e+02,0.000000000000000000e+00
2.996751999999691520e+02,0.000000000000000000e+00
2.997751999999691748e+02,0.000000000000000000e+00
2.998751999999691407e+02,0.000000000000000000e+00
2.999751999999691066e+02,0.000000000000000000e+00
3.000751999999691293e+02,0.000000000000000000e+00
3.001751999999690952e+02,0.000000000000000000e+00
3.002751999999690611e+02,0.000000000000000000e+00
3.003751999999690838e+02,0.000000000000000000e+00
3.004751999999691066e+02,0.000000000000000000e+00
3.005751999999691293e+02,0.000000000000000000e+00
3.006751999999690952e+02,0.000000000000000000e+00
3.007751999999690611e+02,0.000000000000000000e+00
3.008751999999690838e+02,0.000000000000000000e+00
3.009751999999690497e+02,0.000000000000000000e+00
3.010751999999690156e+02,0.000000000000000000e+00
3.011751999999690383e+02,0.000000000000000000e+00
3.012751999999690611e+02,0.000000000000000000e+00
3.013751999999690838e+02,0.000000000000000000e+00
3.014751999999690497e+02,0.000000000000000000e+00
3.015751999999690156e+02,0.000000000000000000e+00
3.016751999999690383e+02,0.000000000000000000e+00
3.017751999999690042e+02,0.000000000000000000e+00
3.018751999999689701e+02,0.000000000000000000e+00
3.019751999999689929e+02,0.000000000000000000e+00
3.020751999999690156e+02,0.000000000000000000e+00
3.021751999999690383e+02,0.000000000000000000e+00
3.022751999999690042e+02,0.000000000000000000e+00
3.023751999999689701e+02,0.000000000000000000e+00
3.024751999999689929e+02,0.000000000000000000e+00
3.025751999999689588e+02,0.000000000000000000e+00
3.026751999999689247e+02,0.000000000000000000e+00
3.027751999999689474e+02,0.000000000000000000e+00
3.028751999999689701e+02,0.000000000000000000e+00
3.029751999999689929e+02,0.000000000000000000e+00
3.030751999999689588e+02,0.000000000000000000e+00
3.031751999999689247e+02,0.000000000000000000e+00
3.032751999999689474e+02,0.000000000000000000e+00
3.033751999999689133e+02,0.000000000000000000e+00
3.034751999999688792e+02,0.000000000000000000e+00
3.035751999999689019e+02,0.000000000000000000e+00
3.036751999999689247e+02,0.000000000000000000e+00
3.037751999999689474e+02,0.000000000000000000e+00
3.038751999999689133e+02,0.000000000000000000e+00
3.039751999999688792e+02,0.000000000000000000e+00
3.040751999999689019e+02,0.000000000000000000e+00
3.041751999999688678e+02,0.000000000000000000e+00
3.042751999999688337e+02,0.000000000000000000e+00
3.043751999999688564e+02,0.000000000000000000e+00
3.044751999999688792e+02,0.000000000000000000e+00
3.045751999999689019e+02,0.000000000000000000e+00
3.046751999999688678e+02,0.000000000000000000e+00
3.047751999999688337e+02,0.000000000000000000e+00
3.048751999999688564e+02,0.000000000000000000e+00
3.049751999999688223e+02,0.000000000000000000e+00
3.050751999999687882e+02,0.000000000000000000e+00
3.051751999999688110e+02,0.000000000000000000e+00
3.052751999999688337e+02,0.000000000000000000e+00
3.053751999999688564e+02,0.000000000000000000e+00
3.054751999999688223e+02,0.000000000000000000e+00
3.055751999999687882e+02,0.000000000000000000e+00
3.056751999999688110e+02,0.000000000000000000e+00
3.057751999999687769e+02,0.000000000000000000e+00
3.058751999999687428e+02,0.000000000000000000e+00
3.059751999999687655e+02,0.000000000000000000e+00
3.060751999999687882e+02,0.000000000000000000e+00
3.061751999999688110e+02,0.000000000000000000e+00
3.062751999999687769e+02,0.000000000000000000e+00
3.063751999999687428e+02,0.000000000000000000e+00
3.064751999999687655e+02,0.000000000000000000e+00
3.065751999999687314e+02,0.000000000000000000e+00
3.066751999999686973e+02,0.000000000000000000e+00
3.067751999999687200e+02,0.000000000000000000e+00
3.068751999999687428e+02,0.000000000000000000e+00
3.069751999999687655e+02,0.000000000000000000e+00
3.070751999999687314e+02,0.000000000000000000e+00
3.071751999999686973e+02,0.000000000000000000e+00
3.072751999999687200e+02,0.000000000000000000e+00
3.073751999999686859e+02,0.000000000000000000e+00
3.074751999999686518e+02,0.000000000000000000e+00
3.075751999999686745e+02,0.000000000000000000e+00
3.076751999999686973e+02,0.000000000000000000e+00
3.077751999999687200e+02,0.000000000000000000e+00
3.078751999999686859e+02,0.000000000000000000e+00
3.079751999999686518e+02,0.000000000000000000e+00
3.080751999999686745e+02,0.000000000000000000e+00
3.081751999999686404e+02,0.000000000000000000e+00
3.082751999999686063e+02,0.000000000000000000e+00
3.083751999999686291e+02,0.000000000000000000e+00
3.084751999999686518e+02,0.000000000000000000e+00
3.085751999999686745e+02,0.000000000000000000e+00
3.086751999999686404e+02,0.000000000000000000e+00
3.087751999999686063e+02,0.000000000000000000e+00
3.088751999999686291e+02,0.000000000000000000e+00
3.089751999999685950e+02,0.000000000000000000e+00
3.090751999999685609e+02,0.000000000000000000e+00
3.091751999999685836e+02,0.000000000000000000e+00
3.092751999999686063e+02,0.000000000000000000e+00
3.093751999999686291e+02,0.000000000000000000e+00
3.094751999999685950e+02,0.000000000000000000e+00
3.095751999999685609e+02,0.000000000000000000e+00
3.096751999999685836e+02,0.000000000000000000e+00
3.097751999999685495e+02,0.000000000000000000e+00
3.098751999999685154e+02,0.000000000000000000e+00
3.099751999999685381e+02,0.000000000000000000e+00
3.100751999999685609e+02,0.000000000000000000e+00
3.101751999999685836e+02,0.000000000000000000e+00
3.102751999999685495e+02,0.000000000000000000e+00
3.103751999999685154e+02,0.000000000000000000e+00
3.104751999999685381e+02,0.000000000000000000e+00
3.105751999999685040e+02,0.000000000000000000e+00
3.106751999999684699e+02,0.000000000000000000e+00
3.107751999999684926e+02,0.000000000000000000e+00
3.108751999999685154e+02,0.000000000000000000e+00
3.109751999999685381e+02,0.000000000000000000e+00
3.110751999999685040e+02,0.000000000000000000e+00
3.111751999999684699e+02,0.000000000000000000e+00
3.112751999999684926e+02,0.000000000000000000e+00
3.113751999999684585e+02,0.000000000000000000e+00
3.114751999999684244e+02,0.000000000000000000e+00
3.115751999999684472e+02,0.000000000000000000e+00
3.116751999999684699e+02,0.000000000000000000e+00
3.117751999999684926e+02,0.000000000000000000e+00
3.118751999999684585e+02,0.000000000000000000e+00
3.119751999999684244e+02,0.000000000000000000e+00
3.120751999999684472e+02,0.000000000000000000e+00
3.121751999999684131e+02,0.000000000000000000e+00
3.122751999999683790e+02,0.000000000000000000e+00
3.123751999999684017e+02,0.000000000000000000e+00
3.124751999999684244e+02,0.000000000000000000e+00
3.125751999999684472e+02,0.000000000000000000e+00
3.126751999999684131e+02,0.000000000000000000e+00
3.127751999999683790e+02,0.000000000000000000e+00
3.128751999999684017e+02,0.000000000000000000e+00
3.129751999999683676e+02,0.000000000000000000e+00
3.130751999999683335e+02,0.000000000000000000e+00
3.131751999999683562e+02,0.000000000000000000e+00
3.132751999999683790e+02,0.000000000000000000e+00
3.133751999999684017e+02,0.000000000000000000e+00
3.134751999999683676e+02,0.000000000000000000e+00
3.135751999999683335e+02,0.000000000000000000e+00
3.136751999999683562e+02,0.000000000000000000e+00
3.137751999999683221e+02,0.000000000000000000e+00
3.138751999999682880e+02,0.000000000000000000e+00
3.139751999999683107e+02,0.000000000000000000e+00
3.140751999999683335e+02,0.000000000000000000e+00
3.141751999999683562e+02,0.000000000000000000e+00
3.142751999999683221e+02,0.000000000000000000e+00
3.143751999999682880e+02,0.000000000000000000e+00
3.144751999999683107e+02,0.000000000000000000e+00
3.145751999999682766e+02,0.000000000000000000e+00
3.146751999999682425e+02,0.000000000000000000e+00
3.147751999999682653e+02,0.000000000000000000e+00
3.148751999999682880e+02,0.000000000000000000e+00
3.149751999999683107e+02,0.000000000000000000e+00
3.150751999999682766e+02,0.000000000000000000e+00
3.151751999999682425e+02,0.000000000000000000e+00
3.152751999999682653e+02,0.000000000000000000e+00
3.153751999999682312e+02,0.000000000000000000e+00
3.154751999999681971e+02,0.000000000000000000e+00
3.155751999999682198e+02,0.000000000000000000e+00
3.156751999999682425e+02,0.000000000000000000e+00
3.157751999999682653e+02,0.000000000000000000e+00
3.158751999999682312e+02,0.000000000000000000e+00
3.159751999999681971e+02,0.000000000000000000e+00
3.160751999999682198e+02,0.000000000000000000e+00
3.161751999999681857e+02,0.000000000000000000e+00
3.162751999999681516e+02,0.000000000000000000e+00
3.163751999999681743e+02,0.000000000000000000e+00
3.164751999999681971e+02,0.000000000000000000e+00
3.165751999999682198e+02,0.000000000000000000e+00
3.166751999999681857e+02,0.000000000000000000e+00
3.167751999999681516e+02,0.000000000000000000e+00
3.168751999999681743e+02,0.000000000000000000e+00
3.169751999999681402e+02,0.000000000000000000e+00
3.170751999999681061e+02,0.000000000000000000e+00
3.171751999999681289e+02,0.000000000000000000e+00
3.172751999999681516e+02,0.000000000000000000e+00
3.173751999999681743e+02,0.000000000000000000e+00
3.174751999999681402e+02,0.000000000000000000e+00
3.175751999999681061e+02,0.000000000000000000e+00
3.176751999999681289e+02,0.000000000000000000e+00
3.177751999999680947e+02,0.000000000000000000e+00
3.178751999999680606e+02,0.000000000000000000e+00
3.179751999999680834e+02,0.000000000000000000e+00
3.180751999999681061e+02,0.000000000000000000e+00
3.181751999999681289e+02,0.000000000000000000e+00
3.182751999999680947e+02,0.000000000000000000e+00
3.183751999999680606e+02,0.000000000000000000e+00
3.184751999999680834e+02,0.000000000000000000e+00
3.185751999999680493e+02,0.000000000000000000e+00
3.186751999999680152e+02,0.000000000000000000e+00
3.187751999999680379e+02,0.000000000000000000e+00
3.188751999999680606e+02,0.000000000000000000e+00
3.189751999999680834e+02,0.000000000000000000e+00
3.190751999999680493e+02,0.000000000000000000e+00
3.191751999999680152e+02,0.000000000000000000e+00
3.192751999999680379e+02,0.000000000000000000e+00
3.193751999999680038e+02,0.000000000000000000e+00
3.194751999999679697e+02,0.000000000000000000e+00
3.195751999999679924e+02,0.000000000000000000e+00
3.196751999999680152e+02,0.000000000000000000e+00
3.197751999999680379e+02,0.000000000000000000e+00
3.198751999999680038e+02,0.000000000000000000e+00
3.199751999999679697e+02,0.000000000000000000e+00
3.200751999999679924e+02,0.000000000000000000e+00
3.201751999999679583e+02,0.000000000000000000e+00
3.202751999999679242e+02,0.000000000000000000e+00
3.203751999999679470e+02,0.000000000000000000e+00
3.204751999999679697e+02,0.000000000000000000e+00
3.205751999999679924e+02,0.000000000000000000e+00
3.206751999999679583e+02,0.000000000000000000e+00
3.207751999999679242e+02,0.000000000000000000e+00
3.208751999999679470e+02,0.000000000000000000e+00
3.209751999999679128e+02,0.000000000000000000e+00
3.210751999999678787e+02,0.000000000000000000e+00
3.211751999999679015e+02,0.000000000000000000e+00
3.212751999999679242e+02,0.000000000000000000e+00
3.213751999999679470e+02,0.000000000000000000e+00
3.214751999999679128e+02,0.000000000000000000e+00
3.215751999999678787e+02,0.000000000000000000e+00
3.216751999999679015e+02,0.000000000000000000e+00
3.217751999999678674e+02,0.000000000000000000e+00
3.218751999999678333e+02,0.000000000000000000e+00
3.219751999999678560e+02,0.000000000000000000e+00
3.220751999999678787e+02,0.000000000000000000e+00
3.221751999999679015e+02,0.000000000000000000e+00
3.222751999999678674e+02,0.000000000000000000e+00
3.223751999999678333e+02,0.000000000000000000e+00
3.224751999999678560e+02,0.000000000000000000e+00
3.225751999999678219e+02,0.000000000000000000e+00
3.226751999999677878e+02,0.000000000000000000e+00
3.227751999999678105e+02,0.000000000000000000e+00
3.228751999999678333e+02,0.000000000000000000e+00
3.229751999999678560e+02,0.000000000000000000e+00
3.230751999999678219e+02,0.000000000000000000e+00
3.231751999999677878e+02,0.000000000000000000e+00
3.232751999999678105e+02,0.000000000000000000e+00
3.233751999999677764e+02,0.000000000000000000e+00
3.234751999999677423e+02,0.000000000000000000e+00
3.235751999999677651e+02,0.000000000000000000e+00
3.236751999999677878e+02,0.000000000000000000e+00
3.237751999999678105e+02,0.000000000000000000e+00
3.238751999999677764e+02,0.000000000000000000e+00
3.239751999999677423e+02,0.000000000000000000e+00
3.240751999999677651e+02,0.000000000000000000e+00
3.241751999999677309e+02,0.000000000000000000e+00
3.242751999999676968e+02,0.000000000000000000e+00
3.243751999999677196e+02,0.000000000000000000e+00
3.244751999999677423e+02,0.000000000000000000e+00
3.245751999999677651e+02,0.000000000000000000e+00
3.246751999999677309e+02,0.000000000000000000e+00
3.247751999999676968e+02,0.000000000000000000e+00
3.248751999999677196e+02,0.000000000000000000e+00
3.249751999999676855e+02,0.000000000000000000e+00
3.250751999999676514e+02,0.000000000000000000e+00
3.251751999999676741e+02,0.000000000000000000e+00
3.252751999999676968e+02,0.000000000000000000e+00
3.253751999999677196e+02,0.000000000000000000e+00
3.254751999999676855e+02,0.000000000000000000e+00
3.255751999999676514e+02,0.000000000000000000e+00
3.256751999999676741e+02,0.000000000000000000e+00
3.257751999999676400e+02,0.000000000000000000e+00
3.258751999999676059e+02,0.000000000000000000e+00
3.259751999999676286e+02,0.000000000000000000e+00
3.260751999999676514e+02,0.000000000000000000e+00
3.261751999999676741e+02,0.000000000000000000e+00
3.262751999999676400e+02,0.000000000000000000e+00
3.263751999999676059e+02,0.000000000000000000e+00
3.264751999999676286e+02,0.000000000000000000e+00
3.265751999999675945e+02,0.000000000000000000e+00
3.266751999999675604e+02,0.000000000000000000e+00
3.267751999999675832e+02,0.000000000000000000e+00
3.268751999999676059e+02,0.000000000000000000e+00
3.269751999999676286e+02,0.000000000000000000e+00
3.270751999999675945e+02,0.000000000000000000e+00
3.271751999999675604e+02,0.000000000000000000e+00
3.272751999999675832e+02,0.000000000000000000e+00
3.273751999999675490e+02,0.000000000000000000e+00
3.274751999999675149e+02,0.000000000000000000e+00
3.275751999999675377e+02,0.000000000000000000e+00
3.276751999999675604e+02,0.000000000000000000e+00
3.277751999999675832e+02,0.000000000000000000e+00
3.278751999999675490e+02,0.000000000000000000e+00
3.279751999999675149e+02,0.000000000000000000e+00
3.280751999999675377e+02,0.000000000000000000e+00
3.281751999999675036e+02,0.000000000000000000e+00
3.282751999999674695e+02,0.000000000000000000e+00
3.283751999999674922e+02,0.000000000000000000e+00
3.284751999999675149e+02,0.000000000000000000e+00
3.285751999999675377e+02,0.000000000000000000e+00
3.286751999999675036e+02,0.000000000000000000e+00
3.287751999999674695e+02,0.000000000000000000e+00
3.288751999999674922e+02,0.000000000000000000e+00
3.289751999999674581e+02,0.000000000000000000e+00
3.290751999999674240e+02,0.000000000000000000e+00
3.291751999999674467e+02,0.000000000000000000e+00
3.292751999999674695e+02,0.000000000000000000e+00
3.293751999999674922e+02,0.000000000000000000e+00
3.294751999999674581e+02,0.000000000000000000e+00
3.295751999999674240e+02,0.000000000000000000e+00
3.296751999999674467e+02,0.000000000000000000e+00
3.297751999999674126e+02,0.000000000000000000e+00
3.298751999999673785e+02,0.000000000000000000e+00
3.299751999999674013e+02,0.000000000000000000e+00
3.300751999999674240e+02,0.000000000000000000e+00
3.301751999999674467e+02,0.000000000000000000e+00
3.302751999999674126e+02,0.000000000000000000e+00
3.303751999999673785e+02,0.000000000000000000e+00
3.304751999999674013e+02,0.000000000000000000e+00
3.305751999999673671e+02,0.000000000000000000e+00
3.306751999999673330e+02,0.000000000000000000e+00
3.307751999999673558e+02,0.000000000000000000e+00
3.308751999999673785e+02,0.000000000000000000e+00
3.309751999999674013e+02,0.000000000000000000e+00
3.310751999999673671e+02,0.000000000000000000e+00
3.311751999999673330e+02,0.000000000000000000e+00
3.312751999999673558e+02,0.000000000000000000e+00
3.313751999999673217e+02,0.000000000000000000e+00
3.314751999999672876e+02,0.000000000000000000e+00
3.315751999999673103e+02,0.000000000000000000e+00
3.316751999999673330e+02,0.000000000000000000e+00
3.317751999999673558e+02,0.000000000000000000e+00
3.318751999999673217e+02,0.000000000000000000e+00
3.319751999999672876e+02,0.000000000000000000e+00
3.320751999999673103e+02,0.000000000000000000e+00
3.321751999999672762e+02,0.000000000000000000e+00
3.322751999999672421e+02,0.000000000000000000e+00
3.323751999999672648e+02,0.000000000000000000e+00
3.324751999999672876e+02,0.000000000000000000e+00
3.325751999999673103e+02,0.000000000000000000e+00
3.326751999999672762e+02,0.000000000000000000e+00
3.327751999999672421e+02,0.000000000000000000e+00
3.328751999999672648e+02,0.000000000000000000e+00
3.329751999999672307e+02,0.000000000000000000e+00
3.330751999999671966e+02,0.000000000000000000e+00
3.331751999999672194e+02,0.000000000000000000e+00
3.332751999999672421e+02,0.000000000000000000e+00
3.333751999999672648e+02,0.000000000000000000e+00
3.334751999999672307e+02,0.000000000000000000e+00
3.335751999999671966e+02,0.000000000000000000e+00
3.336751999999672194e+02,0.000000000000000000e+00
3.337751999999671852e+02,0.000000000000000000e+00
3.338751999999671511e+02,0.000000000000000000e+00
3.339751999999671739e+02,0.000000000000000000e+00
3.340751999999671966e+02,0.000000000000000000e+00
3.341751999999672194e+02,0.000000000000000000e+00
3.342751999999671852e+02,0.000000000000000000e+00
3.343751999999671511e+02,0.000000000000000000e+00
3.344751999999671739e+02,0.000000000000000000e+00
3.345751999999671398e+02,0.000000000000000000e+00
3.346751999999671057e+02,0.000000000000000000e+00
3.347751999999671284e+02,0.000000000000000000e+00
3.348751999999671511e+02,0.000000000000000000e+00
3.349751999999671739e+02,0.000000000000000000e+00
3.350751999999671398e+02,0.000000000000000000e+00
3.351751999999671057e+02,0.000000000000000000e+00
3.352751999999671284e+02,0.000000000000000000e+00
3.353751999999670943e+02,0.000000000000000000e+00
3.354751999999670602e+02,0.000000000000000000e+00
3.355751999999670829e+02,0.000000000000000000e+00
3.356751999999671057e+02,0.000000000000000000e+00
3.357751999999671284e+02,0.000000000000000000e+00
3.358751999999670943e+02,0.000000000000000000e+00
3.359751999999670602e+02,0.000000000000000000e+00
3.360751999999670829e+02,0.000000000000000000e+00
3.361751999999670488e+02,0.000000000000000000e+00
3.362751999999670147e+02,0.000000000000000000e+00
3.363751999999670375e+02,0.000000000000000000e+00
3.364751999999670602e+02,0.000000000000000000e+00
3.365751999999670829e+02,0.000000000000000000e+00
3.366751999999670488e+02,0.000000000000000000e+00
3.367751999999670147e+02,0.000000000000000000e+00
3.368751999999670375e+02,0.000000000000000000e+00
3.369751999999670034e+02,0.000000000000000000e+00
3.370751999999669692e+02,0.000000000000000000e+00
3.371751999999669920e+02,0.000000000000000000e+00
3.372751999999670147e+02,0.000000000000000000e+00
3.373751999999670375e+02,0.000000000000000000e+00
3.374751999999670034e+02,0.000000000000000000e+00
3.375751999999669692e+02,0.000000000000000000e+00
3.376751999999669920e+02,0.000000000000000000e+00
3.377751999999669579e+02,0.000000000000000000e+00
3.378751999999669238e+02,0.000000000000000000e+00
3.379751999999669465e+02,0.000000000000000000e+00
3.380751999999669692e+02,0.000000000000000000e+00
3.381751999999669920e+02,0.000000000000000000e+00
3.382751999999669579e+02,0.000000000000000000e+00
3.383751999999669238e+02,0.000000000000000000e+00
3.384751999999669465e+02,0.000000000000000000e+00
3.385751999999669124e+02,0.000000000000000000e+00
3.386751999999668783e+02,0.000000000000000000e+00
3.387751999999669010e+02,0.000000000000000000e+00
3.388751999999669238e+02,0.000000000000000000e+00
3.389751999999669465e+02,0.000000000000000000e+00
3.390751999999669124e+02,0.000000000000000000e+00
3.391751999999668783e+02,0.000000000000000000e+00
3.392751999999669010e+02,0.000000000000000000e+00
3.393751999999668669e+02,0.000000000000000000e+00
3.394751999999668328e+02,0.000000000000000000e+00
3.395751999999668556e+02,0.000000000000000000e+00
3.396751999999668783e+02,0.000000000000000000e+00
3.397751999999669010e+02,0.000000000000000000e+00
3.398751999999668669e+02,0.000000000000000000e+00
3.399751999999668328e+02,0.000000000000000000e+00
3.400751999999668556e+02,0.000000000000000000e+00
3.401751999999668215e+02,0.000000000000000000e+00
3.402751999999667873e+02,0.000000000000000000e+00
3.403751999999668101e+02,0.000000000000000000e+00
3.404751999999668328e+02,0.000000000000000000e+00
3.405751999999668556e+02,0.000000000000000000e+00
3.406751999999668215e+02,0.000000000000000000e+00
3.407751999999667873e+02,0.000000000000000000e+00
3.408751999999668101e+02,0.000000000000000000e+00
3.409751999999667760e+02,0.000000000000000000e+00
3.410751999999667419e+02,0.000000000000000000e+00
3.411751999999667646e+02,0.000000000000000000e+00
3.412751999999667873e+02,0.000000000000000000e+00
3.413751999999668101e+02,0.000000000000000000e+00
3.414751999999667760e+02,0.000000000000000000e+00
3.415751999999667419e+02,0.000000000000000000e+00
3.416751999999667646e+02,0.000000000000000000e+00
3.417751999999667305e+02,0.000000000000000000e+00
3.418751999999666964e+02,0.000000000000000000e+00
3.419751999999667191e+02,0.000000000000000000e+00
3.420751999999667419e+02,0.000000000000000000e+00
3.421751999999667646e+02,0.000000000000000000e+00
3.422751999999667305e+02,0.000000000000000000e+00
3.423751999999666964e+02,0.000000000000000000e+00
3.424751999999667191e+02,0.000000000000000000e+00
3.425751999999666850e+02,0.000000000000000000e+00
3.426751999999666509e+02,0.000000000000000000e+00
3.427751999999666737e+02,0.000000000000000000e+00
3.428751999999666964e+02,0.000000000000000000e+00
3.429751999999667191e+02,0.000000000000000000e+00
3.430751999999666850e+02,0.000000000000000000e+00
3.431751999999666509e+02,0.000000000000000000e+00
3.432751999999666737e+02,0.000000000000000000e+00
3.433751999999666396e+02,0.000000000000000000e+00
3.434751999999666054e+02,0.000000000000000000e+00
3.435751999999666282e+02,0.000000000000000000e+00
3.436751999999666509e+02,0.000000000000000000e+00
3.437751999999666737e+02,0.000000000000000000e+00
3.438751999999666396e+02,0.000000000000000000e+00
3.439751999999666054e+02,0.000000000000000000e+00
3.440751999999666282e+02,0.000000000000000000e+00
3.441751999999665941e+02,0.000000000000000000e+00
3.442751999999665600e+02,0.000000000000000000e+00
3.443751999999665827e+02,0.000000000000000000e+00
3.444751999999666054e+02,0.000000000000000000e+00
3.445751999999666282e+02,0.000000000000000000e+00
3.446751999999665941e+02,0.000000000000000000e+00
3.447751999999665600e+02,0.000000000000000000e+00
3.448751999999665827e+02,0.000000000000000000e+00
3.449751999999665486e+02,0.000000000000000000e+00
3.450751999999665145e+02,0.000000000000000000e+00
3.451751999999665372e+02,0.000000000000000000e+00
3.452751999999665600e+02,0.000000000000000000e+00
3.453751999999665827e+02,0.000000000000000000e+00
3.454751999999665486e+02,0.000000000000000000e+00
3.455751999999665145e+02,0.000000000000000000e+00
3.456751999999665372e+02,0.000000000000000000e+00
3.457751999999665031e+02,0.000000000000000000e+00
3.458751999999664690e+02,0.000000000000000000e+00
3.459751999999664918e+02,0.000000000000000000e+00
3.460751999999665145e+02,0.000000000000000000e+00
3.461751999999665372e+02,0.000000000000000000e+00
3.462751999999665031e+02,0.000000000000000000e+00
3.463751999999664690e+02,0.000000000000000000e+00
3.464751999999664918e+02,0.000000000000000000e+00
3.465751999999664577e+02,0.000000000000000000e+00
3.466751999999664235e+02,0.000000000000000000e+00
3.467751999999664463e+02,0.000000000000000000e+00
3.468751999999664690e+02,0.000000000000000000e+00
3.469751999999664918e+02,0.000000000000000000e+00
3.470751999999664577e+02,0.000000000000000000e+00
3.471751999999664235e+02,0.000000000000000000e+00
3.472751999999664463e+02,0.000000000000000000e+00
3.473751999999664122e+02,0.000000000000000000e+00
3.474751999999663781e+02,0.000000000000000000e+00
3.475751999999664008e+02,0.000000000000000000e+00
3.476751999999664235e+02,0.000000000000000000e+00
3.477751999999664463e+02,0.000000000000000000e+00
3.478751999999664122e+02,0.000000000000000000e+00
3.479751999999663781e+02,0.000000000000000000e+00
3.480751999999664008e+02,0.000000000000000000e+00
3.481751999999663667e+02,0.000000000000000000e+00
3.482751999999663326e+02,0.000000000000000000e+00
3.483751999999663553e+02,0.000000000000000000e+00
3.484751999999663781e+02,0.000000000000000000e+00
3.485751999999664008e+02,0.000000000000000000e+00
3.486751999999663667e+02,0.000000000000000000e+00
3.487751999999663326e+02,0.000000000000000000e+00
3.488751999999663553e+02,0.000000000000000000e+00
3.489751999999663212e+02,0.000000000000000000e+00
3.490751999999662871e+02,0.000000000000000000e+00
3.491751999999663099e+02,0.000000000000000000e+00
3.492751999999663326e+02,0.000000000000000000e+00
3.493751999999663553e+02,0.000000000000000000e+00
3.494751999999663212e+02,0.000000000000000000e+00
3.495751999999662871e+02,0.000000000000000000e+00
3.496751999999663099e+02,0.000000000000000000e+00
3.497751999999662758e+02,0.000000000000000000e+00
3.498751999999662416e+02,0.000000000000000000e+00
3.499751999999662644e+02,0.000000000000000000e+00
3.500751999999662871e+02,0.000000000000000000e+00
3.501751999999663099e+02,0.000000000000000000e+00
3.502751999999662758e+02,0.000000000000000000e+00
3.503751999999662416e+02,0.000000000000000000e+00
3.504751999999662644e+02,0.000000000000000000e+00
3.505751999999662303e+02,0.000000000000000000e+00
3.506751999999661962e+02,0.000000000000000000e+00
3.507751999999662189e+02,0.000000000000000000e+00
3.508751999999662416e+02,0.000000000000000000e+00
3.509751999999662644e+02,0.000000000000000000e+00
3.510751999999662303e+02,0.000000000000000000e+00
3.511751999999661962e+02,0.000000000000000000e+00
3.512751999999662189e+02,0.000000000000000000e+00
3.513751999999661848e+02,0.000000000000000000e+00
3.514751999999661507e+02,0.000000000000000000e+00
3.515751999999661734e+02,0.000000000000000000e+00
3.516751999999661962e+02,0.000000000000000000e+00
3.517751999999662189e+02,0.000000000000000000e+00
3.518751999999661848e+02,0.000000000000000000e+00
3.519751999999661507e+02,0.000000000000000000e+00
3.520751999999661734e+02,0.000000000000000000e+00
3.521751999999661393e+02,0.000000000000000000e+00
3.522751999999661052e+02,0.000000000000000000e+00
3.523751999999661280e+02,0.000000000000000000e+00
3.524751999999661507e+02,0.000000000000000000e+00
3.525751999999661734e+02,0.000000000000000000e+00
3.526751999999661393e+02,0.000000000000000000e+00
3.527751999999661052e+02,0.000000000000000000e+00
3.528751999999661280e+02,0.000000000000000000e+00
3.529751999999660939e+02,0.000000000000000000e+00
3.530751999999660597e+02,0.000000000000000000e+00
3.531751999999660825e+02,0.000000000000000000e+00
3.532751999999661052e+02,0.000000000000000000e+00
3.533751999999661280e+02,0.000000000000000000e+00
3.534751999999660939e+02,0.000000000000000000e+00
3.535751999999660597e+02,0.000000000000000000e+00
3.536751999999660825e+02,0.000000000000000000e+00
3.537751999999660484e+02,0.000000000000000000e+00
3.538751999999660143e+02,0.000000000000000000e+00
3.539751999999660370e+02,0.000000000000000000e+00
3.540751999999660597e+02,0.000000000000000000e+00
3.541751999999660825e+02,0.000000000000000000e+00
3.542751999999660484e+02,0.000000000000000000e+00
3.543751999999660143e+02,0.000000000000000000e+00
3.544751999999660370e+02,0.000000000000000000e+00
3.545751999999660029e+02,0.000000000000000000e+00
3.546751999999659688e+02,0.000000000000000000e+00
3.547751999999659915e+02,0.000000000000000000e+00
3.548751999999660143e+02,0.000000000000000000e+00
3.549751999999660370e+02,0.000000000000000000e+00
3.550751999999660029e+02,0.000000000000000000e+00
3.551751999999659688e+02,0.000000000000000000e+00
3.552751999999659915e+02,0.000000000000000000e+00
3.553751999999659574e+02,0.000000000000000000e+00
3.554751999999659233e+02,0.000000000000000000e+00
3.555751999999659461e+02,0.000000000000000000e+00
3.556751999999659688e+02,0.000000000000000000e+00
3.557751999999659915e+02,0.000000000000000000e+00
3.558751999999659574e+02,0.000000000000000000e+00
3.559751999999659233e+02,0.000000000000000000e+00
3.560751999999659461e+02,0.000000000000000000e+00
3.561751999999659120e+02,0.000000000000000000e+00
3.562751999999658779e+02,0.000000000000000000e+00
3.563751999999659006e+02,0.000000000000000000e+00
3.564751999999659233e+02,0.000000000000000000e+00
3.565751999999659461e+02,0.000000000000000000e+00
3.566751999999659120e+02,0.000000000000000000e+00
3.567751999999658779e+02,0.000000000000000000e+00
3.568751999999659006e+02,0.000000000000000000e+00
3.569751999999658665e+02,0.000000000000000000e+00
3.570751999999658324e+02,0.000000000000000000e+00
3.571751999999658551e+02,0.000000000000000000e+00
3.572751999999658779e+02,0.000000000000000000e+00
3.573751999999659006e+02,0.000000000000000000e+00
3.574751999999658665e+02,0.000000000000000000e+00
3.575751999999658324e+02,0.000000000000000000e+00
3.576751999999658551e+02,0.000000000000000000e+00
3.577751999999658210e+02,0.000000000000000000e+00
3.578751999999657869e+02,0.000000000000000000e+00
3.579751999999658096e+02,0.000000000000000000e+00
3.580751999999658324e+02,0.000000000000000000e+00
3.581751999999658551e+02,0.000000000000000000e+00
3.582751999999658210e+02,0.000000000000000000e+00
3.583751999999657869e+02,0.000000000000000000e+00
3.584751999999658096e+02,0.000000000000000000e+00
3.585751999999657755e+02,0.000000000000000000e+00
3.586751999999657414e+02,0.000000000000000000e+00
3.587751999999657642e+02,0.000000000000000000e+00
3.588751999999657869e+02,0.000000000000000000e+00
3.589751999999658096e+02,0.000000000000000000e+00
3.590751999999657755e+02,0.000000000000000000e+00
3.591751999999657414e+02,0.000000000000000000e+00
3.592751999999657642e+02,0.000000000000000000e+00
3.593751999999657301e+02,0.000000000000000000e+00
3.594751999999656960e+02,0.000000000000000000e+00
3.595751999999657187e+02,0.000000000000000000e+00
3.596751999999657414e+02,0.000000000000000000e+00
3.597751999999657642e+02,0.000000000000000000e+00
3.598751999999657301e+02,0.000000000000000000e+00
3.599751999999656960e+02,0.000000000000000000e+00
3.600751999999657187e+02,0.000000000000000000e+00
3.601751999999656846e+02,0.000000000000000000e+00
3.602751999999656505e+02,0.000000000000000000e+00
3.603751999999656732e+02,0.000000000000000000e+00
3.604751999999656960e+02,0.000000000000000000e+00
3.605751999999657187e+02,0.000000000000000000e+00
3.606751999999656846e+02,0.000000000000000000e+00
3.607751999999656505e+02,0.000000000000000000e+00
3.608751999999656732e+02,0.000000000000000000e+00
3.609751999999656391e+02,0.000000000000000000e+00
3.610751999999656050e+02,0.000000000000000000e+00
3.611751999999656277e+02,0.000000000000000000e+00
3.612751999999656505e+02,0.000000000000000000e+00
3.613751999999656732e+02,0.000000000000000000e+00
3.614751999999656391e+02,0.000000000000000000e+00
3.615751999999656050e+02,0.000000000000000000e+00
3.616751999999656277e+02,0.000000000000000000e+00
3.617751999999655936e+02,0.000000000000000000e+00
3.618751999999655595e+02,0.000000000000000000e+00
3.619751999999655823e+02,0.000000000000000000e+00
3.620751999999656050e+02,0.000000000000000000e+00
3.621751999999656277e+02,0.000000000000000000e+00
3.622751999999655936e+02,0.000000000000000000e+00
3.623751999999655595e+02,0.000000000000000000e+00
3.624751999999655823e+02,0.000000000000000000e+00
3.625751999999655482e+02,0.000000000000000000e+00
3.626751999999655141e+02,0.000000000000000000e+00
3.627751999999655368e+02,0.000000000000000000e+00
3.628751999999655595e+02,0.000000000000000000e+00
3.629751999999655823e+02,0.000000000000000000e+00
3.630751999999655482e+02,0.000000000000000000e+00
3.631751999999655141e+02,0.000000000000000000e+00
3.632751999999655368e+02,0.000000000000000000e+00
3.633751999999655027e+02,0.000000000000000000e+00
3.634751999999654686e+02,0.000000000000000000e+00
3.635751999999654913e+02,0.000000000000000000e+00
3.636751999999655141e+02,0.000000000000000000e+00
3.637751999999655368e+02,0.000000000000000000e+00
3.638751999999655027e+02,0.000000000000000000e+00
3.639751999999654686e+02,0.000000000000000000e+00
3.640751999999654913e+02,0.000000000000000000e+00
3.641751999999654572e+02,0.000000000000000000e+00
3.642751999999654231e+02,0.000000000000000000e+00
3.643751999999654458e+02,0.000000000000000000e+00
3.644751999999654686e+02,0.000000000000000000e+00
3.645751999999654913e+02,0.000000000000000000e+00
3.646751999999654572e+02,0.000000000000000000e+00
3.647751999999654231e+02,0.000000000000000000e+00
3.648751999999654458e+02,0.000000000000000000e+00
3.649751999999654117e+02,0.000000000000000000e+00
3.650751999999653776e+02,0.000000000000000000e+00
3.651751999999654004e+02,0.000000000000000000e+00
3.652751999999654231e+02,0.000000000000000000e+00
3.653751999999654458e+02,0.000000000000000000e+00
3.654751999999654117e+02,0.000000000000000000e+00
3.655751999999653776e+02,0.000000000000000000e+00
3.656751999999654004e+02,0.000000000000000000e+00
3.657751999999653663e+02,0.000000000000000000e+00
3.658751999999653322e+02,0.000000000000000000e+00
3.659751999999653549e+02,0.000000000000000000e+00
3.660751999999653776e+02,0.000000000000000000e+00
3.661751999999654004e+02,0.000000000000000000e+00
3.662751999999653663e+02,0.000000000000000000e+00
3.663751999999653322e+02,0.000000000000000000e+00
3.664751999999653549e+02,0.000000000000000000e+00
3.665751999999653208e+02,0.000000000000000000e+00
3.666751999999652867e+02,0.000000000000000000e+00
3.667751999999653094e+02,0.000000000000000000e+00
3.668751999999653322e+02,0.000000000000000000e+00
3.669751999999653549e+02,0.000000000000000000e+00
3.670751999999653208e+02,0.000000000000000000e+00
3.671751999999652867e+02,0.000000000000000000e+00
3.672751999999653094e+02,0.000000000000000000e+00
3.673751999999652753e+02,0.000000000000000000e+00
3.674751999999652412e+02,0.000000000000000000e+00
3.675751999999652639e+02,0.000000000000000000e+00
3.676751999999652867e+02,0.000000000000000000e+00
3.677751999999653094e+02,0.000000000000000000e+00
3.678751999999652753e+02,0.000000000000000000e+00
3.679751999999652412e+02,0.000000000000000000e+00
3.680751999999652639e+02,0.000000000000000000e+00
3.681751999999652298e+02,0.000000000000000000e+00
3.682751999999651957e+02,0.000000000000000000e+00
3.683751999999652185e+02,0.000000000000000000e+00
3.684751999999652412e+02,0.000000000000000000e+00
3.685751999999652639e+02,0.000000000000000000e+00
3.686751999999652298e+02,0.000000000000000000e+00
3.687751999999651957e+02,0.000000000000000000e+00
3.688751999999652185e+02,0.000000000000000000e+00
3.689751999999651844e+02,0.000000000000000000e+00
3.690751999999651503e+02,0.000000000000000000e+00
3.691751999999651730e+02,0.000000000000000000e+00
3.692751999999651957e+02,0.000000000000000000e+00
3.693751999999652185e+02,0.000000000000000000e+00
3.694751999999651844e+02,0.000000000000000000e+00
3.695751999999651503e+02,0.000000000000000000e+00
3.696751999999651730e+02,0.000000000000000000e+00
3.697751999999651389e+02,0.000000000000000000e+00
3.698751999999651048e+02,0.000000000000000000e+00
3.699751999999651275e+02,0.000000000000000000e+00
3.700751999999651503e+02,0.000000000000000000e+00
3.701751999999651730e+02,0.000000000000000000e+00
3.702751999999651389e+02,0.000000000000000000e+00
3.703751999999651048e+02,0.000000000000000000e+00
3.704751999999651275e+02,0.000000000000000000e+00
3.705751999999650934e+02,0.000000000000000000e+00
3.706751999999650593e+02,0.000000000000000000e+00
3.707751999999650820e+02,0.000000000000000000e+00
3.708751999999651048e+02,0.000000000000000000e+00
3.709751999999651275e+02,0.000000000000000000e+00
3.710751999999650934e+02,0.000000000000000000e+00
3.711751999999650593e+02,0.000000000000000000e+00
3.712751999999650820e+02,0.000000000000000000e+00
3.713751999999650479e+02,0.000000000000000000e+00
3.714751999999650138e+02,0.000000000000000000e+00
3.715751999999650366e+02,0.000000000000000000e+00
3.716751999999650593e+02,0.000000000000000000e+00
3.717751999999650820e+02,0.000000000000000000e+00
3.718751999999650479e+02,0.000000000000000000e+00
3.719751999999650138e+02,0.000000000000000000e+00
3.720751999999650366e+02,0.000000000000000000e+00
3.721751999999650025e+02,0.000000000000000000e+00
3.722751999999649684e+02,0.000000000000000000e+00
3.723751999999649911e+02,0.000000000000000000e+00
3.724751999999650138e+02,0.000000000000000000e+00
3.725751999999650366e+02,0.000000000000000000e+00
3.726751999999650025e+02,0.000000000000000000e+00
3.727751999999649684e+02,0.000000000000000000e+00
3.728751999999649911e+02,0.000000000000000000e+00
3.729751999999649570e+02,0.000000000000000000e+00
3.730751999999649229e+02,0.000000000000000000e+00
3.731751999999649456e+02,0.000000000000000000e+00
3.732751999999649684e+02,0.000000000000000000e+00
3.733751999999649911e+02,0.000000000000000000e+00
3.734751999999649570e+02,0.000000000000000000e+00
3.735751999999649229e+02,0.000000000000000000e+00
3.736751999999649456e+02,0.000000000000000000e+00
3.737751999999649115e+02,0.000000000000000000e+00
3.738751999999648774e+02,0.000000000000000000e+00
3.739751999999649001e+02,0.000000000000000000e+00
3.740751999999649229e+02,0.000000000000000000e+00
3.741751999999649456e+02,0.000000000000000000e+00
3.742751999999649115e+02,0.000000000000000000e+00
3.743751999999648774e+02,0.000000000000000000e+00
3.744751999999649001e+02,0.000000000000000000e+00
3.745751999999648660e+02,0.000000000000000000e+00
3.746751999999648319e+02,0.000000000000000000e+00
3.747751999999648547e+02,0.000000000000000000e+00
3.748751999999648774e+02,0.000000000000000000e+00
3.749751999999649001e+02,0.000000000000000000e+00
3.750751999999648660e+02,0.000000000000000000e+00
3.751751999999648319e+02,0.000000000000000000e+00
3.752751999999648547e+02,0.000000000000000000e+00
3.753751999999648206e+02,0.000000000000000000e+00
3.754751999999647865e+02,0.000000000000000000e+00
3.755751999999648092e+02,0.000000000000000000e+00
3.756751999999648319e+02,0.000000000000000000e+00
3.757751999999648547e+02,0.000000000000000000e+00
3.758751999999648206e+02,0.000000000000000000e+00
3.759751999999647865e+02,0.000000000000000000e+00
3.760751999999648092e+02,0.000000000000000000e+00
3.761751999999647751e+02,0.000000000000000000e+00
3.762751999999647410e+02,0.000000000000000000e+00
3.763751999999647637e+02,0.000000000000000000e+00
3.764751999999647865e+02,0.000000000000000000e+00
3.765751999999648092e+02,0.000000000000000000e+00
3.766751999999647751e+02,0.000000000000000000e+00
3.767751999999647410e+02,0.000000000000000000e+00
3.768751999999647637e+02,0.000000000000000000e+00
3.769751999999647296e+02,0.000000000000000000e+00
3.770751999999646955e+02,0.000000000000000000e+00
3.771751999999647182e+02,0.000000000000000000e+00
3.772751999999647410e+02,0.000000000000000000e+00
3.773751999999647637e+02,0.000000000000000000e+00
3.774751999999647296e+02,0.000000000000000000e+00
3.775751999999646955e+02,0.000000000000000000e+00
3.776751999999647182e+02,0.000000000000000000e+00
3.777751999999646841e+02,0.000000000000000000e+00
3.778751999999646500e+02,0.000000000000000000e+00
3.779751999999646728e+02,0.000000000000000000e+00
3.780751999999646955e+02,0.000000000000000000e+00
3.781751999999647182e+02,0.000000000000000000e+00
3.782751999999646841e+02,0.000000000000000000e+00
3.783751999999646500e+02,0.000000000000000000e+00
3.784751999999646728e+02,0.000000000000000000e+00
3.785751999999646387e+02,0.000000000000000000e+00
3.786751999999646046e+02,0.000000000000000000e+00
3.787751999999646273e+02,0.000000000000000000e+00
3.788751999999646500e+02,0.000000000000000000e+00
3.789751999999646728e+02,0.000000000000000000e+00
3.790751999999646387e+02,0.000000000000000000e+00
3.791751999999646046e+02,0.000000000000000000e+00
3.792751999999646273e+02,0.000000000000000000e+00
3.793751999999645932e+02,0.000000000000000000e+00
3.794751999999645591e+02,0.000000000000000000e+00
3.795751999999645818e+02,0.000000000000000000e+00
3.796751999999646046e+02,0.000000000000000000e+00
3.797751999999646273e+02,0.000000000000000000e+00
3.798751999999645932e+02,0.000000000000000000e+00
3.799751999999645591e+02,0.000000000000000000e+00
3.800751999999645818e+02,0.000000000000000000e+00
3.801751999999645477e+02,0.000000000000000000e+00
3.802751999999645136e+02,0.000000000000000000e+00
3.803751999999645363e+02,0.000000000000000000e+00
3.804751999999645591e+02,0.000000000000000000e+00
3.805751999999645818e+02,0.000000000000000000e+00
3.806751999999645477e+02,0.000000000000000000e+00
3.807751999999645136e+02,0.000000000000000000e+00
3.808751999999645363e+02,0.000000000000000000e+00
3.809751999999645022e+02,0.000000000000000000e+00
3.810751999999644681e+02,0.000000000000000000e+00
3.811751999999644909e+02,0.000000000000000000e+00
3.812751999999645136e+02,0.000000000000000000e+00
3.813751999999645363e+02,0.000000000000000000e+00
3.814751999999645022e+02,0.000000000000000000e+00
3.815751999999644681e+02,0.000000000000000000e+00
3.816751999999644909e+02,0.000000000000000000e+00
3.817751999999644568e+02,0.000000000000000000e+00
3.818751999999644227e+02,0.000000000000000000e+00
3.819751999999644454e+02,0.000000000000000000e+00
3.820751999999644681e+02,0.000000000000000000e+00
3.821751999999644909e+02,0.000000000000000000e+00
3.822751999999644568e+02,0.000000000000000000e+00
3.823751999999644227e+02,0.000000000000000000e+00
3.824751999999644454e+02,0.000000000000000000e+00
3.825751999999644113e+02,0.000000000000000000e+00
3.826751999999643772e+02,0.000000000000000000e+00
3.827751999999643999e+02,0.000000000000000000e+00
3.828751999999644227e+02,0.000000000000000000e+00
3.829751999999644454e+02,0.000000000000000000e+00
3.830751999999644113e+02,0.000000000000000000e+00
3.831751999999643772e+02,0.000000000000000000e+00
3.832751999999643999e+02,0.000000000000000000e+00
3.833751999999643658e+02,0.000000000000000000e+00
3.834751999999643317e+02,0.000000000000000000e+00
3.835751999999643544e+02,0.000000000000000000e+00
3.836751999999643772e+02,0.000000000000000000e+00
3.837751999999643999e+02,0.000000000000000000e+00
3.838751999999643658e+02,0.000000000000000000e+00
3.839751999999643317e+02,0.000000000000000000e+00
3.840751999999643544e+02,0.000000000000000000e+00
3.841751999999643203e+02,0.000000000000000000e+00
3.842751999999642862e+02,0.000000000000000000e+00
3.843751999999643090e+02,0.000000000000000000e+00
3.844751999999643317e+02,0.000000000000000000e+00
3.845751999999643544e+02,0.000000000000000000e+00
3.846751999999643203e+02,0.000000000000000000e+00
3.847751999999642862e+02,0.000000000000000000e+00
3.848751999999643090e+02,0.000000000000000000e+00
3.849751999999642749e+02,0.000000000000000000e+00
3.850751999999642408e+02,0.000000000000000000e+00
3.851751999999642635e+02,0.000000000000000000e+00
3.852751999999642862e+02,0.000000000000000000e+00
3.853751999999643090e+02,0.000000000000000000e+00
3.854751999999642749e+02,0.000000000000000000e+00
3.855751999999642408e+02,0.000000000000000000e+00
3.856751999999642635e+02,0.000000000000000000e+00
3.857751999999642294e+02,0.000000000000000000e+00
3.858751999999641953e+02,0.000000000000000000e+00
3.859751999999642180e+02,0.000000000000000000e+00
3.860751999999642408e+02,0.000000000000000000e+00
3.861751999999642635e+02,0.000000000000000000e+00
3.862751999999642294e+02,0.000000000000000000e+00
3.863751999999641953e+02,0.000000000000000000e+00
3.864751999999642180e+02,0.000000000000000000e+00
3.865751999999641839e+02,0.000000000000000000e+00
3.866751999999641498e+02,0.000000000000000000e+00
3.867751999999641725e+02,0.000000000000000000e+00
3.868751999999641953e+02,0.000000000000000000e+00
3.869751999999642180e+02,0.000000000000000000e+00
3.870751999999641839e+02,0.000000000000000000e+00
3.871751999999641498e+02,0.000000000000000000e+00
3.872751999999641725e+02,0.000000000000000000e+00
3.873751999999641384e+02,0.000000000000000000e+00
3.874751999999641043e+02,0.000000000000000000e+00
3.875751999999641271e+02,0.000000000000000000e+00
3.876751999999641498e+02,0.000000000000000000e+00
3.877751999999641725e+02,0.000000000000000000e+00
3.878751999999641384e+02,0.000000000000000000e+00
3.879751999999641043e+02,0.000000000000000000e+00
3.880751999999641271e+02,0.000000000000000000e+00
3.881751999999640930e+02,0.000000000000000000e+00
3.882751999999640589e+02,0.000000000000000000e+00
3.883751999999640816e+02,0.000000000000000000e+00
3.884751999999641043e+02,0.000000000000000000e+00
3.885751999999641271e+02,0.000000000000000000e+00
3.886751999999640930e+02,0.000000000000000000e+00
3.887751999999640589e+02,0.000000000000000000e+00
3.888751999999640816e+02,0.000000000000000000e+00
3.889751999999640475e+02,0.000000000000000000e+00
3.890751999999640134e+02,0.000000000000000000e+00
3.891751999999640361e+02,0.000000000000000000e+00
3.892751999999640589e+02,0.000000000000000000e+00
3.893751999999640816e+02,0.000000000000000000e+00
3.894751999999640475e+02,0.000000000000000000e+00
3.895751999999640134e+02,0.000000000000000000e+00
3.896751999999640361e+02,0.000000000000000000e+00
3.897751999999640020e+02,0.000000000000000000e+00
3.898751999999639679e+02,0.000000000000000000e+00
3.899751999999639906e+02,0.000000000000000000e+00
3.900751999999640134e+02,0.000000000000000000e+00
3.901751999999640361e+02,0.000000000000000000e+00
3.902751999999640020e+02,0.000000000000000000e+00
3.903751999999639679e+02,0.000000000000000000e+00
3.904751999999639906e+02,0.000000000000000000e+00
3.905751999999639565e+02,0.000000000000000000e+00
3.906751999999639224e+02,0.000000000000000000e+00
3.907751999999639452e+02,0.000000000000000000e+00
3.908751999999639679e+02,0.000000000000000000e+00
3.909751999999639906e+02,0.000000000000000000e+00
3.910751999999639565e+02,0.000000000000000000e+00
3.911751999999639224e+02,0.000000000000000000e+00
3.912751999999639452e+02,0.000000000000000000e+00
3.913751999999639111e+02,0.000000000000000000e+00
3.914751999999638770e+02,0.000000000000000000e+00
3.915751999999638997e+02,0.000000000000000000e+00
3.916751999999639224e+02,0.000000000000000000e+00
3.917751999999639452e+02,0.000000000000000000e+00
3.918751999999639111e+02,0.000000000000000000e+00
3.919751999999638770e+02,0.000000000000000000e+00
3.920751999999638997e+02,0.000000000000000000e+00
3.921751999999638656e+02,0.000000000000000000e+00
3.922751999999638315e+02,0.000000000000000000e+00
3.923751999999638542e+02,0.000000000000000000e+00
3.924751999999638770e+02,0.000000000000000000e+00
3.925751999999638997e+02,0.000000000000000000e+00
3.926751999999638656e+02,0.000000000000000000e+00
3.927751999999638315e+02,0.000000000000000000e+00
3.928751999999638542e+02,0.000000000000000000e+00
3.929751999999638201e+02,0.000000000000000000e+00
3.930751999999637860e+02,0.000000000000000000e+00
3.931751999999638088e+02,0.000000000000000000e+00
3.932751999999638315e+02,0.000000000000000000e+00
3.933751999999638542e+02,0.000000000000000000e+00
3.934751999999638201e+02,0.000000000000000000e+00
3.935751999999637860e+02,0.000000000000000000e+00
3.936751999999638088e+02,0.000000000000000000e+00
3.937751999999637746e+02,0.000000000000000000e+00
3.938751999999637405e+02,0.000000000000000000e+00
3.939751999999637633e+02,0.000000000000000000e+00
3.940751999999637860e+02,0.000000000000000000e+00
3.941751999999638088e+02,0.000000000000000000e+00
3.942751999999637746e+02,0.000000000000000000e+00
3.943751999999637405e+02,0.000000000000000000e+00
3.944751999999637633e+02,0.000000000000000000e+00
3.945751999999637292e+02,0.000000000000000000e+00
3.946751999999636951e+02,0.000000000000000000e+00
3.947751999999637178e+02,0.000000000000000000e+00
3.948751999999637405e+02,0.000000000000000000e+00
3.949751999999637633e+02,0.000000000000000000e+00
3.950751999999637292e+02,0.000000000000000000e+00
3.951751999999636951e+02,0.000000000000000000e+00
3.952751999999637178e+02,0.000000000000000000e+00
3.953751999999636837e+02,0.000000000000000000e+00
3.954751999999636496e+02,0.000000000000000000e+00
3.955751999999636723e+02,0.000000000000000000e+00
3.956751999999636951e+02,0.000000000000000000e+00
3.957751999999637178e+02,0.000000000000000000e+00
3.958751999999636837e+02,0.000000000000000000e+00
3.959751999999636496e+02,0.000000000000000000e+00
3.960751999999636723e+02,0.000000000000000000e+00
3.961751999999636382e+02,0.000000000000000000e+00
3.962751999999636041e+02,0.000000000000000000e+00
3.963751999999636269e+02,0.000000000000000000e+00
3.964751999999636496e+02,0.000000000000000000e+00
3.965751999999636723e+02,0.000000000000000000e+00
3.966751999999636382e+02,0.000000000000000000e+00
3.967751999999636041e+02,0.000000000000000000e+00
3.968751999999636269e+02,0.000000000000000000e+00
3.969751999999635927e+02,0.000000000000000000e+00
3.970751999999635586e+02,0.000000000000000000e+00
3.971751999999635814e+02,0.000000000000000000e+00
3.972751999999636041e+02,0.000000000000000000e+00
3.973751999999636269e+02,0.000000000000000000e+00
3.974751999999635927e+02,0.000000000000000000e+00
3.975751999999635586e+02,0.000000000000000000e+00
3.976751999999635814e+02,0.000000000000000000e+00
3.977751999999635473e+02,0.000000000000000000e+00
3.978751999999635132e+02,0.000000000000000000e+00
3.979751999999635359e+02,0.000000000000000000e+00
3.980751999999635586e+02,0.000000000000000000e+00
3.981751999999635814e+02,0.000000000000000000e+00
3.982751999999635473e+02,0.000000000000000000e+00
3.983751999999635132e+02,0.000000000000000000e+00
3.984751999999635359e+02,0.000000000000000000e+00
3.985751999999635018e+02,0.000000000000000000e+00
3.986751999999634677e+02,0.000000000000000000e+00
3.987751999999634904e+02,0.000000000000000000e+00
3.988751999999635132e+02,0.000000000000000000e+00
3.989751999999635359e+02,0.000000000000000000e+00
3.990751999999635018e+02,0.000000000000000000e+00
3.991751999999634677e+02,0.000000000000000000e+00
3.992751999999634904e+02,0.000000000000000000e+00
3.993751999999634563e+02,0.000000000000000000e+00
3.994751999999634222e+02,0.000000000000000000e+00
3.995751999999634450e+02,0.000000000000000000e+00
3.996751999999634677e+02,0.000000000000000000e+00
3.997751999999634904e+02,0.000000000000000000e+00
3.998751999999634563e+02,0.000000000000000000e+00
3.999751999999634222e+02,0.000000000000000000e+00
4.000751999999634450e+02,0.000000000000000000e+00
4.001751999999634108e+02,0.000000000000000000e+00
4.002751999999633767e+02,0.000000000000000000e+00
4.003751999999633995e+02,0.000000000000000000e+00
4.004751999999634222e+02,0.000000000000000000e+00
4.005751999999634450e+02,0.000000000000000000e+00
4.006751999999634108e+02,0.000000000000000000e+00
4.007751999999633767e+02,0.000000000000000000e+00
4.008751999999633995e+02,0.000000000000000000e+00
4.009751999999633654e+02,0.000000000000000000e+00
4.010751999999633313e+02,0.000000000000000000e+00
4.011751999999633540e+02,0.000000000000000000e+00
4.012751999999633767e+02,0.000000000000000000e+00
4.013751999999633995e+02,0.000000000000000000e+00
4.014751999999633654e+02,0.000000000000000000e+00
4.015751999999633313e+02,0.000000000000000000e+00
4.016751999999633540e+02,0.000000000000000000e+00
4.017751999999633199e+02,0.000000000000000000e+00
4.018751999999632858e+02,0.000000000000000000e+00
4.019751999999633085e+02,0.000000000000000000e+00
4.020751999999633313e+02,0.000000000000000000e+00
4.021751999999633540e+02,0.000000000000000000e+00
4.022751999999633199e+02,0.000000000000000000e+00
4.023751999999632858e+02,0.000000000000000000e+00
4.024751999999633085e+02,0.000000000000000000e+00
4.025751999999632744e+02,0.000000000000000000e+00
4.026751999999632403e+02,0.000000000000000000e+00
4.027751999999632631e+02,0.000000000000000000e+00
4.028751999999632858e+02,0.000000000000000000e+00
4.029751999999633085e+02,0.000000000000000000e+00
4.030751999999632744e+02,0.000000000000000000e+00
4.031751999999632403e+02,0.000000000000000000e+00
4.032751999999632631e+02,0.000000000000000000e+00
4.033751999999632289e+02,0.000000000000000000e+00
4.034751999999631948e+02,0.000000000000000000e+00
4.035751999999632176e+02,0.000000000000000000e+00
4.036751999999632403e+02,0.000000000000000000e+00
4.037751999999632631e+02,0.000000000000000000e+00
4.038751999999632289e+02,0.000000000000000000e+00
4.039751999999631948e+02,0.000000000000000000e+00
4.040751999999632176e+02,0.000000000000000000e+00
4.041751999999631835e+02,0.000000000000000000e+00
4.042751999999631494e+02,0.000000000000000000e+00
4.043751999999631721e+02,0.000000000000000000e+00
4.044751999999631948e+02,0.000000000000000000e+00
4.045751999999632176e+02,0.000000000000000000e+00
4.046751999999631835e+02,0.000000000000000000e+00
4.047751999999631494e+02,0.000000000000000000e+00
4.048751999999631721e+02,0.000000000000000000e+00
4.049751999999631380e+02,0.000000000000000000e+00
4.050751999999631039e+02,0.000000000000000000e+00
4.051751999999631266e+02,0.000000000000000000e+00
4.052751999999631494e+02,0.000000000000000000e+00
4.053751999999631721e+02,0.000000000000000000e+00
4.054751999999631380e+02,0.000000000000000000e+00
4.055751999999631039e+02,0.000000000000000000e+00
4.056751999999631266e+02,0.000000000000000000e+00
4.057751999999630925e+02,0.000000000000000000e+00
4.058751999999630584e+02,0.000000000000000000e+00
4.059751999999630812e+02,0.000000000000000000e+00
4.060751999999631039e+02,0.000000000000000000e+00
4.061751999999631266e+02,0.000000000000000000e+00
4.062751999999630925e+02,0.000000000000000000e+00
4.063751999999630584e+02,0.000000000000000000e+00
4.064751999999630812e+02,0.000000000000000000e+00
4.065751999999630470e+02,0.000000000000000000e+00
4.066751999999630129e+02,0.000000000000000000e+00
4.067751999999630357e+02,0.000000000000000000e+00
4.068751999999630584e+02,0.000000000000000000e+00
4.069751999999630812e+02,0.000000000000000000e+00
4.070751999999630470e+02,0.000000000000000000e+00
4.071751999999630129e+02,0.000000000000000000e+00
4.072751999999630357e+02,0.000000000000000000e+00
4.073751999999630016e+02,0.000000000000000000e+00
4.074751999999629675e+02,0.000000000000000000e+00
4.075751999999629902e+02,0.000000000000000000e+00
4.076751999999630129e+02,0.000000000000000000e+00
4.077751999999630357e+02,0.000000000000000000e+00
4.078751999999630016e+02,0.000000000000000000e+00
4.079751999999629675e+02,0.000000000000000000e+00
4.080751999999629902e+02,0.000000000000000000e+00
4.081751999999629561e+02,0.000000000000000000e+00
4.082751999999629220e+02,0.000000000000000000e+00
4.083751999999629447e+02,0.000000000000000000e+00
4.084751999999629675e+02,0.000000000000000000e+00
4.085751999999629902e+02,0.000000000000000000e+00
4.086751999999629561e+02,0.000000000000000000e+00
4.087751999999629220e+02,0.000000000000000000e+00
4.088751999999629447e+02,0.000000000000000000e+00
4.089751999999629106e+02,0.000000000000000000e+00
4.090751999999628765e+02,0.000000000000000000e+00
4.091751999999628993e+02,0.000000000000000000e+00
4.092751999999629220e+02,0.000000000000000000e+00
4.093751999999629447e+02,0.000000000000000000e+00
4.094751999999629106e+02,0.000000000000000000e+00
4.095751999999628765e+02,0.000000000000000000e+00
4.096751999999628993e+02,0.000000000000000000e+00
4.097751999999628651e+02,0.000000000000000000e+00
4.098751999999628310e+02,0.000000000000000000e+00
4.099751999999628538e+02,0.000000000000000000e+00
4.100751999999628765e+02,0.000000000000000000e+00
4.101751999999628993e+02,0.000000000000000000e+00
4.102751999999628651e+02,0.000000000000000000e+00
4.103751999999628310e+02,0.000000000000000000e+00
4.104751999999628538e+02,0.000000000000000000e+00
4.105751999999628197e+02,0.000000000000000000e+00
4.106751999999627856e+02,0.000000000000000000e+00
4.107751999999628083e+02,0.000000000000000000e+00
4.108751999999628310e+02,0.000000000000000000e+00
4.109751999999628538e+02,0.000000000000000000e+00
4.110751999999628197e+02,0.000000000000000000e+00
4.111751999999627856e+02,0.000000000000000000e+00
4.112751999999628083e+02,0.000000000000000000e+00
4.113751999999627742e+02,0.000000000000000000e+00
4.114751999999627401e+02,0.000000000000000000e+00
4.115751999999627628e+02,0.000000000000000000e+00
4.116751999999627856e+02,0.000000000000000000e+00
4.117751999999628083e+02,0.000000000000000000e+00
4.118751999999627742e+02,0.000000000000000000e+00
4.119751999999627401e+02,0.000000000000000000e+00
4.120751999999627628e+02,0.000000000000000000e+00
4.121751999999627287e+02,0.000000000000000000e+00
4.122751999999626946e+02,0.000000000000000000e+00
4.123751999999627174e+02,0.000000000000000000e+00
4.124751999999627401e+02,0.000000000000000000e+00
4.125751999999627628e+02,0.000000000000000000e+00
4.126751999999627287e+02,0.000000000000000000e+00
4.127751999999626946e+02,0.000000000000000000e+00
4.128751999999627174e+02,0.000000000000000000e+00
4.129751999999626833e+02,0.000000000000000000e+00
4.130751999999626491e+02,0.000000000000000000e+00
4.131751999999626719e+02,0.000000000000000000e+00
4.132751999999626946e+02,0.000000000000000000e+00
4.133751999999627174e+02,0.000000000000000000e+00
4.134751999999626833e+02,0.000000000000000000e+00
4.135751999999626491e+02,0.000000000000000000e+00
4.136751999999626719e+02,0.000000000000000000e+00
4.137751999999626378e+02,0.000000000000000000e+00
4.138751999999626037e+02,0.000000000000000000e+00
4.139751999999626264e+02,0.000000000000000000e+00
4.140751999999626491e+02,0.000000000000000000e+00
4.141751999999626719e+02,0.000000000000000000e+00
4.142751999999626378e+02,0.000000000000000000e+00
4.143751999999626037e+02,0.000000000000000000e+00
4.144751999999626264e+02,0.000000000000000000e+00
4.145751999999625923e+02,0.000000000000000000e+00
4.146751999999625582e+02,0.000000000000000000e+00
4.147751999999625809e+02,0.000000000000000000e+00
4.148751999999626037e+02,0.000000000000000000e+00
4.149751999999626264e+02,0.000000000000000000e+00
4.150751999999625923e+02,0.000000000000000000e+00
4.151751999999625582e+02,0.000000000000000000e+00
4.152751999999625809e+02,0.000000000000000000e+00
4.153751999999625468e+02,0.000000000000000000e+00
4.154751999999625127e+02,0.000000000000000000e+00
4.155751999999625355e+02,0.000000000000000000e+00
4.156751999999625582e+02,0.000000000000000000e+00
4.157751999999625809e+02,0.000000000000000000e+00
4.158751999999625468e+02,0.000000000000000000e+00
4.159751999999625127e+02,0.000000000000000000e+00
4.160751999999625355e+02,0.000000000000000000e+00
4.161751999999625014e+02,0.000000000000000000e+00
4.162751999999624672e+02,0.000000000000000000e+00
4.163751999999624900e+02,0.000000000000000000e+00
4.164751999999625127e+02,0.000000000000000000e+00
4.165751999999625355e+02,0.000000000000000000e+00
4.166751999999625014e+02,0.000000000000000000e+00
4.167751999999624672e+02,0.000000000000000000e+00
4.168751999999624900e+02,0.000000000000000000e+00
4.169751999999624559e+02,0.000000000000000000e+00
4.170751999999624218e+02,0.000000000000000000e+00
4.171751999999624445e+02,0.000000000000000000e+00
4.172751999999624672e+02,0.000000000000000000e+00
4.173751999999624900e+02,0.000000000000000000e+00
4.174751999999624559e+02,0.000000000000000000e+00
4.175751999999624218e+02,0.000000000000000000e+00
4.176751999999624445e+02,0.000000000000000000e+00
4.177751999999624104e+02,0.000000000000000000e+00
4.178751999999623763e+02,0.000000000000000000e+00
4.179751999999623990e+02,0.000000000000000000e+00
4.180751999999624218e+02,0.000000000000000000e+00
4.181751999999624445e+02,0.000000000000000000e+00
4.182751999999624104e+02,0.000000000000000000e+00
4.183751999999623763e+02,0.000000000000000000e+00
4.184751999999623990e+02,0.000000000000000000e+00
4.185751999999623649e+02,0.000000000000000000e+00
4.186751999999623308e+02,0.000000000000000000e+00
4.187751999999623536e+02,0.000000000000000000e+00
4.188751999999623763e+02,0.000000000000000000e+00
4.189751999999623990e+02,0.000000000000000000e+00
4.190751999999623649e+02,0.000000000000000000e+00
4.191751999999623308e+02,0.000000000000000000e+00
4.192751999999623536e+02,0.000000000000000000e+00
4.193751999999623195e+02,0.000000000000000000e+00
4.194751999999622853e+02,0.000000000000000000e+00
4.195751999999623081e+02,0.000000000000000000e+00
4.196751999999623308e+02,0.000000000000000000e+00
4.197751999999623536e+02,0.000000000000000000e+00
4.198751999999623195e+02,0.000000000000000000e+00
4.199751999999622853e+02,0.000000000000000000e+00
4.200751999999623081e+02,0.000000000000000000e+00
4.201751999999622740e+02,0.000000000000000000e+00
4.202751999999622399e+02,0.000000000000000000e+00
4.203751999999622626e+02,0.000000000000000000e+00
4.204751999999622853e+02,0.000000000000000000e+00
4.205751999999623081e+02,0.000000000000000000e+00
4.206751999999622740e+02,0.000000000000000000e+00
4.207751999999622399e+02,0.000000000000000000e+00
4.208751999999622626e+02,0.000000000000000000e+00
4.209751999999622285e+02,0.000000000000000000e+00
4.210751999999621944e+02,0.000000000000000000e+00
4.211751999999622171e+02,0.000000000000000000e+00
4.212751999999622399e+02,0.000000000000000000e+00
4.213751999999622626e+02,0.000000000000000000e+00
4.214751999999622285e+02,0.000000000000000000e+00
4.215751999999621944e+02,0.000000000000000000e+00
4.216751999999622171e+02,0.000000000000000000e+00
4.217751999999621830e+02,0.000000000000000000e+00
4.218751999999621489e+02,0.000000000000000000e+00
4.219751999999621717e+02,0.000000000000000000e+00
4.220751999999621944e+02,0.000000000000000000e+00
4.221751999999622171e+02,0.000000000000000000e+00
4.222751999999621830e+02,0.000000000000000000e+00
4.223751999999621489e+02,0.000000000000000000e+00
4.224751999999621717e+02,0.000000000000000000e+00
4.225751999999621376e+02,0.000000000000000000e+00
4.226751999999621034e+02,0.000000000000000000e+00
4.227751999999621262e+02,0.000000000000000000e+00
4.228751999999621489e+02,0.000000000000000000e+00
4.229751999999621717e+02,0.000000000000000000e+00
4.230751999999621376e+02,0.000000000000000000e+00
4.231751999999621034e+02,0.000000000000000000e+00
4.232751999999621262e+02,0.000000000000000000e+00
4.233751999999620921e+02,0.000000000000000000e+00
4.234751999999620580e+02,0.000000000000000000e+00
4.235751999999620807e+02,0.000000000000000000e+00
4.236751999999621034e+02,0.000000000000000000e+00
4.237751999999621262e+02,0.000000000000000000e+00
4.238751999999620921e+02,0.000000000000000000e+00
4.239751999999620580e+02,0.000000000000000000e+00
4.240751999999620807e+02,0.000000000000000000e+00
4.241751999999620466e+02,0.000000000000000000e+00
4.242751999999620125e+02,0.000000000000000000e+00
4.243751999999620352e+02,0.000000000000000000e+00
4.244751999999620580e+02,0.000000000000000000e+00
4.245751999999620807e+02,0.000000000000000000e+00
4.246751999999620466e+02,0.000000000000000000e+00
4.247751999999620125e+02,0.000000000000000000e+00
4.248751999999620352e+02,0.000000000000000000e+00
4.249751999999620011e+02,0.000000000000000000e+00
4.250751999999619670e+02,0.000000000000000000e+00
4.251751999999619898e+02,0.000000000000000000e+00
4.252751999999620125e+02,0.000000000000000000e+00
4.253751999999620352e+02,0.000000000000000000e+00
4.254751999999620011e+02,0.000000000000000000e+00
4.255751999999619670e+02,0.000000000000000000e+00
4.256751999999619898e+02,0.000000000000000000e+00
4.257751999999619557e+02,0.000000000000000000e+00
4.258751999999619215e+02,0.000000000000000000e+00
4.259751999999619443e+02,0.000000000000000000e+00
4.260751999999619670e+02,0.000000000000000000e+00
4.261751999999619898e+02,0.000000000000000000e+00
4.262751999999619557e+02,0.000000000000000000e+00
4.263751999999619215e+02,0.000000000000000000e+00
4.264751999999619443e+02,0.000000000000000000e+00
4.265751999999619102e+02,0.000000000000000000e+00
4.266751999999618761e+02,0.000000000000000000e+00
4.267751999999618988e+02,0.000000000000000000e+00
4.268751999999619215e+02,0.000000000000000000e+00
4.269751999999619443e+02,0.000000000000000000e+00
4.270751999999619102e+02,0.000000000000000000e+00
4.271751999999618761e+02,0.000000000000000000e+00
4.272751999999618988e+02,0.000000000000000000e+00
4.273751999999618647e+02,0.000000000000000000e+00
4.274751999999618306e+02,0.000000000000000000e+00
4.275751999999618533e+02,0.000000000000000000e+00
4.276751999999618761e+02,0.000000000000000000e+00
4.277751999999618988e+02,0.000000000000000000e+00
4.278751999999618647e+02,0.000000000000000000e+00
4.279751999999618306e+02,0.000000000000000000e+00
4.280751999999618533e+02,0.000000000000000000e+00
4.281751999999618192e+02,0.000000000000000000e+00
4.282751999999617851e+02,0.000000000000000000e+00
4.283751999999618079e+02,0.000000000000000000e+00
4.284751999999618306e+02,0.000000000000000000e+00
4.285751999999618533e+02,0.000000000000000000e+00
4.286751999999618192e+02,0.000000000000000000e+00
4.287751999999617851e+02,0.000000000000000000e+00
4.288751999999618079e+02,0.000000000000000000e+00
4.289751999999617738e+02,0.000000000000000000e+00
4.290751999999617396e+02,0.000000000000000000e+00
4.291751999999617624e+02,0.000000000000000000e+00
4.292751999999617851e+02,0.000000000000000000e+00
4.293751999999618079e+02,0.000000000000000000e+00
4.294751999999617738e+02,0.000000000000000000e+00
4.295751999999617396e+02,0.000000000000000000e+00
4.296751999999617624e+02,0.000000000000000000e+00
4.297751999999617283e+02,0.000000000000000000e+00
4.298751999999616942e+02,0.000000000000000000e+00
4.299751999999617169e+02,0.000000000000000000e+00
4.300751999999617396e+02,0.000000000000000000e+00
4.301751999999617624e+02,0.000000000000000000e+00
4.302751999999617283e+02,0.000000000000000000e+00
4.303751999999616942e+02,0.000000000000000000e+00
4.304751999999617169e+02,0.000000000000000000e+00
4.305751999999616828e+02,0.000000000000000000e+00
4.306751999999616487e+02,0.000000000000000000e+00
4.307751999999616714e+02,0.000000000000000000e+00
4.308751999999616942e+02,0.000000000000000000e+00
4.309751999999617169e+02,0.000000000000000000e+00
4.310751999999616828e+02,0.000000000000000000e+00
4.311751999999616487e+02,0.000000000000000000e+00
4.312751999999616714e+02,0.000000000000000000e+00
4.313751999999616373e+02,0.000000000000000000e+00
4.314751999999616032e+02,0.000000000000000000e+00
4.315751999999616260e+02,0.000000000000000000e+00
4.316751999999616487e+02,0.000000000000000000e+00
4.317751999999616714e+02,0.000000000000000000e+00
4.318751999999616373e+02,0.000000000000000000e+00
4.319751999999616032e+02,0.000000000000000000e+00
4.320751999999616260e+02,0.000000000000000000e+00
4.321751999999615919e+02,0.000000000000000000e+00
4.322751999999615578e+02,0.000000000000000000e+00
4.323751999999615805e+02,0.000000000000000000e+00
4.324751999999616032e+02,0.000000000000000000e+00
4.325751999999616260e+02,0.000000000000000000e+00
4.326751999999615919e+02,0.000000000000000000e+00
4.327751999999615578e+02,0.000000000000000000e+00
4.328751999999615805e+02,0.000000000000000000e+00
4.329751999999615464e+02,0.000000000000000000e+00
4.330751999999615123e+02,0.000000000000000000e+00
4.331751999999615350e+02,0.000000000000000000e+00
4.332751999999615578e+02,0.000000000000000000e+00
4.333751999999615805e+02,0.000000000000000000e+00
4.334751999999615464e+02,0.000000000000000000e+00
4.335751999999615123e+02,0.000000000000000000e+00
4.336751999999615350e+02,0.000000000000000000e+00
4.337751999999615009e+02,0.000000000000000000e+00
4.338751999999614668e+02,0.000000000000000000e+00
4.339751999999614895e+02,0.000000000000000000e+00
4.340751999999615123e+02,0.000000000000000000e+00
4.341751999999615350e+02,0.000000000000000000e+00
4.342751999999615009e+02,0.000000000000000000e+00
4.343751999999614668e+02,0.000000000000000000e+00
4.344751999999614895e+02,0.000000000000000000e+00
4.345751999999614554e+02,0.000000000000000000e+00
4.346751999999614213e+02,0.000000000000000000e+00
4.347751999999614441e+02,0.000000000000000000e+00
4.348751999999614668e+02,0.000000000000000000e+00
4.349751999999614895e+02,0.000000000000000000e+00
4.350751999999614554e+02,0.000000000000000000e+00
4.351751999999614213e+02,0.000000000000000000e+00
4.352751999999614441e+02,0.000000000000000000e+00
4.353751999999614100e+02,0.000000000000000000e+00
4.354751999999613759e+02,0.000000000000000000e+00
4.355751999999613986e+02,0.000000000000000000e+00
4.356751999999614213e+02,0.000000000000000000e+00
4.357751999999614441e+02,0.000000000000000000e+00
4.358751999999614100e+02,0.000000000000000000e+00
4.359751999999613759e+02,0.000000000000000000e+00
4.360751999999613986e+02,0.000000000000000000e+00
4.361751999999613645e+02,0.000000000000000000e+00
4.362751999999613304e+02,0.000000000000000000e+00
4.363751999999613531e+02,0.000000000000000000e+00
4.364751999999613759e+02,0.000000000000000000e+00
4.365751999999613986e+02,0.000000000000000000e+00
4.366751999999613645e+02,0.000000000000000000e+00
4.367751999999613304e+02,0.000000000000000000e+00
4.368751999999613531e+02,0.000000000000000000e+00
4.369751999999613190e+02,0.000000000000000000e+00
4.370751999999612849e+02,0.000000000000000000e+00
4.371751999999613076e+02,0.000000000000000000e+00
4.372751999999613304e+02,0.000000000000000000e+00
4.373751999999613531e+02,0.000000000000000000e+00
4.374751999999613190e+02,0.000000000000000000e+00
4.375751999999612849e+02,0.000000000000000000e+00
4.376751999999613076e+02,0.000000000000000000e+00
4.377751999999612735e+02,0.000000000000000000e+00
4.378751999999612394e+02,0.000000000000000000e+00
4.379751999999612622e+02,0.000000000000000000e+00
4.380751999999612849e+02,0.000000000000000000e+00
4.381751999999613076e+02,0.000000000000000000e+00
4.382751999999612735e+02,0.000000000000000000e+00
4.383751999999612394e+02,0.000000000000000000e+00
4.384751999999612622e+02,0.000000000000000000e+00
4.385751999999612281e+02,0.000000000000000000e+00
4.386751999999611940e+02,0.000000000000000000e+00
4.387751999999612167e+02,0.000000000000000000e+00
4.388751999999612394e+02,0.000000000000000000e+00
4.389751999999612622e+02,0.000000000000000000e+00
4.390751999999612281e+02,0.000000000000000000e+00
4.391751999999611940e+02,0.000000000000000000e+00
4.392751999999612167e+02,0.000000000000000000e+00
4.393751999999611826e+02,0.000000000000000000e+00
4.394751999999611485e+02,0.000000000000000000e+00
4.395751999999611712e+02,0.000000000000000000e+00
4.396751999999611940e+02,0.000000000000000000e+00
4.397751999999612167e+02,0.000000000000000000e+00
4.398751999999611826e+02,0.000000000000000000e+00
4.399751999999611485e+02,0.000000000000000000e+00
4.400751999999611712e+02,0.000000000000000000e+00
4.401751999999611371e+02,0.000000000000000000e+00
4.402751999999611030e+02,0.000000000000000000e+00
4.403751999999611257e+02,0.000000000000000000e+00
4.404751999999611485e+02,0.000000000000000000e+00
4.405751999999611712e+02,0.000000000000000000e+00
4.406751999999611371e+02,0.000000000000000000e+00
4.407751999999611030e+02,0.000000000000000000e+00
4.408751999999611257e+02,0.000000000000000000e+00
4.409751999999610916e+02,0.000000000000000000e+00
4.410751999999610575e+02,0.000000000000000000e+00
4.411751999999610803e+02,0.000000000000000000e+00
4.412751999999611030e+02,0.000000000000000000e+00
4.413751999999611257e+02,0.000000000000000000e+00
4.414751999999610916e+02,0.000000000000000000e+00
4.415751999999610575e+02,0.000000000000000000e+00
4.416751999999610803e+02,0.000000000000000000e+00
4.417751999999610462e+02,0.000000000000000000e+00
4.418751999999610121e+02,0.000000000000000000e+00
4.419751999999610348e+02,0.000000000000000000e+00
4.420751999999610575e+02,0.000000000000000000e+00
4.421751999999610803e+02,0.000000000000000000e+00
4.422751999999610462e+02,0.000000000000000000e+00
4.423751999999610121e+02,0.000000000000000000e+00
4.424751999999610348e+02,0.000000000000000000e+00
4.425751999999610007e+02,0.000000000000000000e+00
4.426751999999609666e+02,0.000000000000000000e+00
4.427751999999609893e+02,0.000000000000000000e+00
4.428751999999610121e+02,0.000000000000000000e+00
4.429751999999610348e+02,0.000000000000000000e+00
4.430751999999610007e+02,0.000000000000000000e+00
4.431751999999609666e+02,0.000000000000000000e+00
4.432751999999609893e+02,0.000000000000000000e+00
4.433751999999609552e+02,0.000000000000000000e+00
4.434751999999609211e+02,0.000000000000000000e+00
4.435751999999609438e+02,0.000000000000000000e+00
4.436751999999609666e+02,0.000000000000000000e+00
4.437751999999609893e+02,0.000000000000000000e+00
4.438751999999609552e+02,0.000000000000000000e+00
4.439751999999609211e+02,0.000000000000000000e+00
4.440751999999609438e+02,0.000000000000000000e+00
4.441751999999609097e+02,0.000000000000000000e+00
4.442751999999608756e+02,0.000000000000000000e+00
4.443751999999608984e+02,0.000000000000000000e+00
4.444751999999609211e+02,0.000000000000000000e+00
4.445751999999609438e+02,0.000000000000000000e+00
4.446751999999609097e+02,0.000000000000000000e+00
4.447751999999608756e+02,0.000000000000000000e+00
4.448751999999608984e+02,0.000000000000000000e+00
4.449751999999608643e+02,0.000000000000000000e+00
4.450751999999608302e+02,0.000000000000000000e+00
4.451751999999608529e+02,0.000000000000000000e+00
4.452751999999608756e+02,0.000000000000000000e+00
4.453751999999608984e+02,0.000000000000000000e+00
4.454751999999608643e+02,0.000000000000000000e+00
4.455751999999608302e+02,4.199916001679011466e-04
4.456751999999608529e+02,2.099958000839505733e-04
4.457751999999608188e+02,1.049979000420946627e-03
4.458751999999607847e+02,1.049979000419752921e-03
4.459751999999608074e+02,6.299874002518516657e-04
4.460751999999608302e+02,4.199916001679011466e-04
4.461751999999608529e+02,2.099958000839505733e-04
4.462751999999608188e+02,6.299874002525678897e-04
4.463751999999607847e+02,0.000000000000000000e+00
4.464751999999608074e+02,4.199916001679011466e-04
4.465751999999607733e+02,0.000000000000000000e+00
4.466751999999607392e+02,0.000000000000000000e+00
4.467751999999607619e+02,0.000000000000000000e+00
4.468751999999607847e+02,0.000000000000000000e+00
4.469751999999608074e+02,0.000000000000000000e+00
4.470751999999607733e+02,0.000000000000000000e+00
4.471751999999607392e+02,0.000000000000000000e+00
4.472751999999607619e+02,0.000000000000000000e+00
4.473751999999607278e+02,0.000000000000000000e+00
4.474751999999606937e+02,0.000000000000000000e+00
4.475751999999607165e+02,0.000000000000000000e+00
4.476751999999607392e+02,0.000000000000000000e+00
4.477751999999607619e+02,0.000000000000000000e+00
4.478751999999607278e+02,0.000000000000000000e+00
4.479751999999606937e+02,0.000000000000000000e+00
4.480751999999607165e+02,0.000000000000000000e+00
4.481751999999606824e+02,0.000000000000000000e+00
4.482751999999606483e+02,0.000000000000000000e+00
4.483751999999606710e+02,0.000000000000000000e+00
4.484751999999606937e+02,0.000000000000000000e+00
4.485751999999607165e+02,0.000000000000000000e+00
4.486751999999606824e+02,0.000000000000000000e+00
4.487751999999606483e+02,0.000000000000000000e+00
4.488751999999606710e+02,0.000000000000000000e+00
4.489751999999606369e+02,0.000000000000000000e+00
4.490751999999606028e+02,0.000000000000000000e+00
4.491751999999606255e+02,0.000000000000000000e+00
4.492751999999606483e+02,0.000000000000000000e+00
4.493751999999606710e+02,0.000000000000000000e+00
4.494751999999606369e+02,0.000000000000000000e+00
4.495751999999606028e+02,0.000000000000000000e+00
4.496751999999606255e+02,0.000000000000000000e+00
4.497751999999605914e+02,0.000000000000000000e+00
4.498751999999605573e+02,0.000000000000000000e+00
4.499751999999605800e+02,0.000000000000000000e+00
4.500751999999606028e+02,0.000000000000000000e+00
4.501751999999606255e+02,0.000000000000000000e+00
4.502751999999605914e+02,0.000000000000000000e+00
4.503751999999605573e+02,0.000000000000000000e+00
4.504751999999605800e+02,0.000000000000000000e+00
4.505751999999605459e+02,0.000000000000000000e+00
4.506751999999605118e+02,0.000000000000000000e+00
4.507751999999605346e+02,0.000000000000000000e+00
4.508751999999605573e+02,0.000000000000000000e+00
4.509751999999605800e+02,0.000000000000000000e+00
4.510751999999605459e+02,0.000000000000000000e+00
4.511751999999605118e+02,0.000000000000000000e+00
4.512751999999605346e+02,0.000000000000000000e+00
4.513751999999605005e+02,0.000000000000000000e+00
4.514751999999604664e+02,0.000000000000000000e+00
4.515751999999604891e+02,0.000000000000000000e+00
4.516751999999605118e+02,0.000000000000000000e+00
4.517751999999605346e+02,0.000000000000000000e+00
4.518751999999605005e+02,0.000000000000000000e+00
4.519751999999604664e+02,0.000000000000000000e+00
4.520751999999604891e+02,0.000000000000000000e+00
4.521751999999604550e+02,0.000000000000000000e+00
4.522751999999604209e+02,0.000000000000000000e+00
4.523751999999604436e+02,0.000000000000000000e+00
4.524751999999604664e+02,0.000000000000000000e+00
4.525751999999604891e+02,0.000000000000000000e+00
4.526751999999604550e+02,0.000000000000000000e+00
4.527751999999604209e+02,0.000000000000000000e+00
4.528751999999604436e+02,0.000000000000000000e+00
4.529751999999604095e+02,0.000000000000000000e+00
4.530751999999603754e+02,0.000000000000000000e+00
4.531751999999603981e+02,0.000000000000000000e+00
4.532751999999604209e+02,0.000000000000000000e+00
4.533751999999604436e+02,0.000000000000000000e+00
4.534751999999604095e+02,0.000000000000000000e+00
4.535751999999603754e+02,0.000000000000000000e+00
4.536751999999603981e+02,0.000000000000000000e+00
4.537751999999603640e+02,0.000000000000000000e+00
4.538751999999603299e+02,0.000000000000000000e+00
4.539751999999603527e+02,0.000000000000000000e+00
4.540751999999603754e+02,0.000000000000000000e+00
4.541751999999603981e+02,0.000000000000000000e+00
4.542751999999603640e+02,0.000000000000000000e+00
4.543751999999603299e+02,0.000000000000000000e+00
4.544751999999603527e+02,0.000000000000000000e+00
4.545751999999603186e+02,0.000000000000000000e+00
4.546751999999602845e+02,0.000000000000000000e+00
4.547751999999603072e+02,0.000000000000000000e+00
4.548751999999603299e+02,0.000000000000000000e+00
4.549751999999603527e+02,0.000000000000000000e+00
4.550751999999603186e+02,0.000000000000000000e+00
4.551751999999602845e+02,0.000000000000000000e+00
4.552751999999603072e+02,0.000000000000000000e+00
4.553751999999602731e+02,0.000000000000000000e+00
4.554751999999602390e+02,0.000000000000000000e+00
4.555751999999602617e+02,0.000000000000000000e+00
4.556751999999602845e+02,0.000000000000000000e+00
4.557751999999603072e+02,0.000000000000000000e+00
4.558751999999602731e+02,0.000000000000000000e+00
4.559751999999602390e+02,0.000000000000000000e+00
4.560751999999602617e+02,0.000000000000000000e+00
4.561751999999602276e+02,0.000000000000000000e+00
4.562751999999601935e+02,0.000000000000000000e+00
4.563751999999602162e+02,0.000000000000000000e+00
4.564751999999602390e+02,1.469970600587653959e-03
4.565751999999602617e+02,2.099958000839505733e-04
4.566751999999602276e+02,0.000000000000000000e+00
4.567751999999601935e+02,0.000000000000000000e+00
4.568751999999602162e+02,0.000000000000000000e+00
4.569751999999601821e+02,0.000000000000000000e+00
4.570751999999601480e+02,0.000000000000000000e+00
4.571751999999601708e+02,0.000000000000000000e+00
4.572751999999601935e+02,0.000000000000000000e+00
4.573751999999602162e+02,0.000000000000000000e+00
4.574751999999601821e+02,0.000000000000000000e+00
4.575751999999601480e+02,0.000000000000000000e+00
4.576751999999601708e+02,0.000000000000000000e+00
4.577751999999601367e+02,0.000000000000000000e+00
4.578751999999601026e+02,0.000000000000000000e+00
4.579751999999601253e+02,0.000000000000000000e+00
4.580751999999601480e+02,0.000000000000000000e+00
4.581751999999601708e+02,0.000000000000000000e+00
4.582751999999601367e+02,0.000000000000000000e+00
4.583751999999601026e+02,0.000000000000000000e+00
4.584751999999601253e+02,0.000000000000000000e+00
4.585751999999600912e+02,0.000000000000000000e+00
4.586751999999600571e+02,0.000000000000000000e+00
4.587751999999600798e+02,0.000000000000000000e+00
4.588751999999601026e+02,0.000000000000000000e+00
4.589751999999601253e+02,0.000000000000000000e+00
4.590751999999600912e+02,0.000000000000000000e+00
4.591751999999600571e+02,0.000000000000000000e+00
4.592751999999600798e+02,0.000000000000000000e+00
4.593751999999600457e+02,0.000000000000000000e+00
4.594751999999600116e+02,0.000000000000000000e+00
4.595751999999600343e+02,0.000000000000000000e+00
4.596751999999600571e+02,0.000000000000000000e+00
4.597751999999600798e+02,0.000000000000000000e+00
4.598751999999600457e+02,0.000000000000000000e+00
4.599751999999600116e+02,0.000000000000000000e+00
4.600751999999600343e+02,0.000000000000000000e+00
4.601751999999600002e+02,0.000000000000000000e+00
4.602751999999599661e+02,0.000000000000000000e+00
4.603751999999599889e+02,0.000000000000000000e+00
4.604751999999600116e+02,0.000000000000000000e+00
4.605751999999600343e+02,0.000000000000000000e+00
4.606751999999600002e+02,0.000000000000000000e+00
4.607751999999599661e+02,2.099958000839505733e-04
