1.444708847721288912e+05 1.081557216473106528e+05 4.305952508687367663e+04 1.086994367973599583e+04 2.497210228220641147e+04 3.956067803017050028e+04 4.456230936611397192e+04 3.237493240497657098e+04 6.010582318971498171e+04 2.708147195455973269e+04 1.387288039751368342e+04 6.006906933890894288e+04 4.468050431434391066e+04 5.893515578563266899e+04 3.427653957288496895e+04 -4.437231061871745624e+03 4.747054160319006769e+04 8.762470529717399040e+04 3.486044792353484081e+04 -6.443008864564180840e+03 3.222703066185757052e+03 -5.898461707333568484e+03 4.617462828768714098e+04 5.775746398519823560e+04 4.279922909589338815e+03 4.775309310893766815e+04 7.170707560746293166e+04 4.806665627050629701e+04 1.037516744503366936e+05 2.285377947412572685e+05 2.879433084675758146e+05 3.080221736944132717e+05 3.869226815066183917e+05 4.173765081691970117e+05 3.703323497703080066e+05 3.097502798425467918e+05 2.480199853053503903e+05 1.661404067682772875e+05 1.068718238855069503e+05 8.804586493269866332e+04 6.412296204097499140e+04 -1.895530427518719807e+04 -1.028776746039749123e+05 -1.060853341840505600e+05 -8.190695514756394550e+04 -7.425882282952172682e+04 -8.981508138177241199e+04 -6.737272608960466459e+04 -1.010069375016260892e+03
-4.240469028388452134e+05 -2.298820715964120463e+05 -7.539559280438881251e+04 -6.299696161563589703e+04 -1.032323914501012041e+05 -1.273032412004794896e+05 -1.108392063958398940e+05 -8.408180587445720448e+04 -1.216155227332638169e+05 -8.559803449478745461e+04 -9.256749450871231966e+04 -1.066038790309450414e+05 -2.407532647267548600e+04 -5.803803741173393792e+04 -7.383241542733227834e+04 -1.607307762405980611e+04 -7.192997086136520375e+04 -8.388846311290760059e+04 2.169915353640133981e+04 3.648756418073386885e+04 -6.232758600781438872e+03 3.250648886918515200e+04 2.194127596303593600e+04 -1.311370171243656659e+04 -5.409002844553557225e+03 -1.951487799979071133e+04 8.252260243325610645e+03 4.580371059539186535e+04 5.477312645753205288e+03 -1.120407938120846520e+05 -1.447168296614655410e+05 -1.630993346431303071e+05 -2.329723829685563687e+05 -2.083829305348627968e+05 -2.086382586426772177e+05 -1.731141859135552077e+05 -3.951702932987234090e+04 1.990107425625855103e+04 4.260153726682066917e+03 2.444633614224579651e+04 5.150509672553208657e+04 3.524007431609800551e+04 5.418951785571139771e+04 1.422052525175065966e+05 1.600981584875495173e+05 1.194091761089198990e+05 1.592144775049299933e+05 1.694141765853329562e+05 1.085917298781585414e+05
3.935868282312093070e+05 1.808109781634903047e+05 7.847331354362718412e+04 1.384200046391652140e+05 1.489015773834853317e+05 1.269976369204777875e+05 1.444377142419852607e+05 1.164004204163393588e+05 7.678110286093220930e+04 1.135279352485758136e+05 1.565188725223197835e+05 9.116394106847123476e+04 1.938984038965828950e+04 3.644737411222193623e+04 1.210510865725154290e+05 1.240073883295098785e+05 1.937755441936152056e+04 -4.137991031640919391e+04 1.093870319587038830e+04 7.386010040805547033e+04 8.082487282123102341e+04 1.877161300426430535e+04 -4.275996348433184903e+04 2.188875392122054473e+04 7.838505783191067167e+04 1.489180482892168220e+04 -5.276550611270067748e+04 -6.167752604221284855e+04 -9.517552241184585728e+04 -1.021681130712384474e+05 -1.261416202641791315e+05 -1.838717126503165346e+05 -1.968024222918490705e+05 -2.190926825640871539e+05 -1.730309747838233598e+05 -1.412798711037065077e+05 -1.597628104331487557e+05 -1.110310554942500166e+05 -3.741313236105281976e+04 -2.660397111213562312e+04 -5.006165657625393942e+04 -1.260634759958556970e+04 4.873993389117444167e+04 2.851347779788708431e+04 -7.348370377258193912e+03 4.901886088184242544e+04 4.020028133169903595e+04 -5.555195743763679639e+04 -1.320490071989103453e+05
-3.995422384565245593e+05 -2.128977207245406462e+05 -7.581739140932762530e+04 -7.729475728980102576e+04 -6.899115775026078336e+04 -7.382782264605339151e+04 -1.343787702911139932e+05 -1.271498782721027965e+05 -1.265527208598906873e+05 -8.093907444857899100e+04 -8.261610551620845217e+04 -1.417833651757611078e+05 -1.229401410092941369e+05 -1.037861483648884459e+05 -1.104673754138274817e+05 -1.168817424517329491e+05 -7.705938519182396703e+04 -8.286371503416373162e+04 -1.240765940845812438e+05 -6.843439460730220890e+04 -6.157975570959006291e+04 -7.476876986132978345e+04 -4.769045859553452465e+04 -7.258246756584399554e+04 -1.043674963821104175e+05 -7.580590529982157750e+04 -5.665320827391406056e+02 -4.507799601151424577e+04 -1.094308932703643513e+05 -9.661944021780078765e+04 -1.081005537297823466e+05 -1.082095455348463729e+05 -1.574087811377471662e+05 -1.819978541252749856e+05 -1.064588084027307341e+05 -8.802993427751038689e+04 -1.142417578748244559e+05 -4.309280806290195324e+04 -3.103602607161493506e+04 -7.665835358600795735e+04 -5.740284442479605787e+04 -1.451614288362220395e+04 -7.593384659921750426e+03 -3.714290725403768010e+04 1.135796049142256379e+04 2.029009231309825554e+04 1.556730387443210930e+04 4.636946210797759704e+04 3.867241798456106335e+04
4.089984348855062854e+04 5.273273244270973373e+04 5.597452183465077542e+04 5.079186059405398555e+04 5.787177001722739078e+04 5.593621158652252052e+04 3.615055184855591506e+02 4.508610269338556100e+04 1.269127973237846745e+05 4.620000443757814355e+04 4.420971571229537949e+04 1.123847541059331270e+05 8.510165101362869609e+04 6.123911192264140118e+04 5.539923442620411515e+04 8.673464637138764374e+04 1.239752736292576883e+05 1.181539521496961825e+05 1.184291659420703072e+05 8.719796792569453828e+04 5.118579417065135203e+04 7.826195777906849980e+04 1.007423976620158646e+05 1.173111092004545499e+05 1.273626538896861020e+05 7.118921826220699586e+04 2.317474445269908756e+04 6.400447563875815831e+04 1.288216642826951575e+05 7.242878080936847255e+04 -1.035314311864576302e+04 3.906832690712739713e+04 4.080129823514702730e+04 -1.876112997117172927e+04 1.124856534814182669e+04 6.536830540324444883e+04 3.814172662760037929e+04 -2.388408589589758776e+04 -1.982371231366461143e+04 -7.061196098340558819e+04 -4.077166362818963826e+05 -1.106571788142917212e+06 -1.498404824599579675e+06 -9.874359445376445074e+05 -3.214858230471350253e+05 -7.895353121371933958e+04 -2.848210350238950923e+03 1.422904809343913803e+04 -1.578964321099244989e+04
2.668908288193051121e+05 1.269481633479153388e+05 -2.733905834906175733e+04 -7.660694627669727197e+04 -3.056744751434965292e+04 -2.536105524377489928e+04 -3.098703464416752104e+04 -3.487068042637477629e+04 -4.162989650494646048e+04 -7.097932958757149754e+04 -1.100507612278489105e+05 -8.606214237226609839e+04 -3.562636902644953807e+04 -5.623291011359466938e+04 -9.781255837458952738e+04 -7.215891075278703647e+04 -3.586361461813797359e+04 -7.713557993616629392e+04 -1.152751270144107839e+05 -1.052949063470623223e+05 -9.941015720967685047e+04 -7.278804585164821765e+04 -5.204227776475826977e+04 -7.317884416692313971e+04 -1.000189832773139642e+05 -7.503837788151949644e+04 -4.013995789298863383e+04 -3.749417131295567378e+04 -4.960503221624082653e+04 -9.831850898755883100e+04 -9.964410397247783840e+04 -5.210079877213493455e+04 -1.373480083369958447e+04 -3.777652554399508517e+04 -5.218995372795680305e+04 -4.511479547272901982e+03 -3.525108173646021169e+04 -2.264853911208780482e+04 9.577428467935498338e+04 2.006512938471672824e+05 4.909347391855256283e+05 1.165187677549927961e+06 1.557952807468878105e+06 1.089405919021408306e+06 4.608433577761414926e+05 1.923790989618278109e+05 7.134666731046279892e+04 8.562941123955021612e+04 2.084522814755653962e+05
-3.400705822161760880e+05 -1.724523904571470339e+05 -2.431873610221385024e+04 -2.269758747861487791e+03 -3.325265351708373055e+04 1.373613411957200151e+04 5.108546793871931732e+04 4.131086440782377031e+04 6.730071966598194558e+04 8.142320931809081230e+04 4.604215036288218107e+04 6.788218220241100062e+04 1.105767689925050363e+05 1.279887111582502257e+05 9.180851334633177612e+04 7.469901402571855579e+04 1.090115512663761037e+05 1.093250383291887701e+05 1.091760704412445193e+05 1.169278568529625190e+05 8.586280018927925266e+04 7.496597134097106755e+04 9.239791495405387832e+04 7.232043038420676021e+04 8.388004694632408791e+04 7.088981572742357093e+04 3.491032302561505639e+04 7.542458683325108723e+04 6.884092542979505379e+04 -8.116996880927545135e+02 4.103192895854452217e+03 1.897476469570381232e+04 -1.324315236459369044e+04 -3.600177055250237026e+04 -1.640191579637745599e+04 -1.355192547976902279e+04 -8.276228252660093131e+04 -1.164793176020250248e+05 -8.547486180250422331e+04 -6.730139581493841251e+04 -9.115053158835539944e+04 -1.161184264507030603e+05 -1.202992302659182460e+05 -1.263323675985158770e+05 -1.297904642974393209e+05 -1.613833594344755402e+05 -1.629574900420628255e+05 -7.928909528542205226e+04 2.593984848797926679e+04
2.325701436072994256e+05 1.140643808178720064e+05 4.690103951037605293e+04 3.259731612597533967e+04 1.633656721387524158e+03 -2.245729236245097127e+04 -2.011746904103347333e+04 4.834336131061718334e+03 -5.585181147434865125e+03 -2.652998409932479262e+04 -2.569512532631057547e+04 -3.944526170729659498e+04 -3.415357415193284396e+04 -5.261434407086198917e+04 -5.212911603004613426e+04 -3.486448944586305879e+04 -3.646303750065277563e+04 -6.043662138836225495e+01 -3.577548572018710547e+04 -9.940404800941899884e+04 -2.391817204341359320e+04 1.389879417583695613e+03 -8.769265345246838115e+04 -1.075193537235828262e+05 -2.579680319773587689e+04 -2.907183786155481357e+03 -7.113246324974180607e+04 -6.618862691790139070e+04 -3.543940349321925896e+04 -6.294540636878091027e+04 -5.584953136058185191e+04 -3.903503558998654626e+04 -6.912249449793327949e+04 -2.152681347735805321e+04 -3.916707849675766192e+04 -1.094227458779278240e+05 -3.779154460837133229e+04 -3.889150608069036389e+04 -1.168665696031165135e+05 -1.011363403818901861e+05 -5.424845185618317919e+04 -4.137614258856052766e+04 -8.238423710234177997e+04 -1.261706376872827532e+05 -9.452667732643068302e+04 -5.430925791297317483e+04 -5.513409225059160963e+04 -4.633381847852433566e+04 -1.949409583066822961e+04
1.726522963566810358e+04 4.169928431001619902e+04 4.501047806541470345e+04 -4.119389817751711234e+03 -3.382122196348058060e+04 1.306094285810098518e+04 5.195431938569515478e+04 5.792985533371218480e+03 -3.918506730296940077e+04 9.970015796825406142e+03 4.437482415156415664e+04 -2.085421416413621046e+03 1.094281216392060742e+03 5.059370813822175842e+04 1.794754212802217808e+04 -3.526010420991969295e+04 -2.271719863965758123e+03 6.828669028353039175e+04 3.327915505979035515e+04 -2.922864156640577130e+04 9.683231692397152074e+03 6.933125878837029450e+04 5.097480972257477697e+04 -3.217133156467694789e+03 7.717840906479978003e+03 3.038779831145808566e+04 3.406287290272291284e+04 3.916362496307562105e+04 3.630675087191781495e+04 4.784110627548221964e+04 9.057736886818002677e+04 7.441798087311291602e+04 4.588651729951385641e+04 9.190511809574661311e+04 7.376479554604861187e+04 3.752703676018427359e+04 7.209076838174957084e+04 1.033181661533673760e+05 9.488651935320376651e+04 4.052486418400792172e+04 5.187739820870826952e+04 1.007499549466230965e+05 5.990838320743915392e+04 5.056264880819107202e+04 4.666720601813760004e+04 5.089356907916213095e+04 8.548968144343246240e+04 2.357592269010732707e+04 -9.287943110368373164e+04
8.450102282371511683e+04 -2.202304825190367410e+04 -8.489956181132578058e+04 -6.790511429957399378e+04 -3.193158027170284186e+04 -5.093407892789400648e+04 -1.086305691732195555e+05 -1.212699744325437059e+05 -9.927230640016210964e+04 -1.169577965423377027e+05 -1.171611353320986673e+05 -9.485955161821044749e+04 -1.263769080086785398e+05 -1.456603267065292457e+05 -1.438497223208468640e+05 -1.638707735857316293e+05 -1.641707924044023093e+05 -1.601550073925317847e+05 -1.945130049033831456e+05 -2.239955863003705163e+05 -1.874512160640368238e+05 -1.936049014762830921e+05 -2.438394676704779267e+05 -2.333953572293467587e+05 -2.245126632414031774e+05 -2.022478049074197188e+05 -1.963822627345507499e+05 -1.922561772357225418e+05 -1.606347429976449348e+05 -1.427099267555603292e+05 -1.327544888461851515e+05 -1.131415733499671333e+05 -7.463588571528880857e+04 -6.544466226652706973e+04 -5.258976817549415864e+04 -5.986693896134942770e+04 -6.309551222468144260e+04 -5.374425794798415154e+03 1.604299098726222292e+04 -3.830670940700639039e+04 -6.245188153607142158e+04 1.904776449246075936e+04 7.802631686463416554e+04 3.287286425438616425e+04 2.935381772604119033e+04 6.650085557383112609e+04 6.708119683902640827e+04 7.508052082750480622e+04 9.512717308574542403e+04
-1.011114873561745917e+05 -8.136112473039249016e+04 -8.150356390400699456e+04 -9.619688341055733326e+04 -1.556329349283987540e+05 -2.377395269611224066e+05 -3.250394969925036421e+05 -4.632448628389105434e+05 -5.046404703634474427e+05 -4.296901830045316601e+05 -3.057998305383080151e+05 -1.885359608742510900e+05 -1.577979295572002884e+05 -1.153645099179630633e+05 -5.037214469397440553e+04 -6.800170350761618465e+03 5.700371828537737019e+04 6.208426610002783127e+04 2.844315034952154383e+04 6.246976275193458423e+04 6.698621188330394216e+04 9.490859417121112347e+04 1.422920605285982601e+05 1.201882362405378371e+05 1.292581243614403065e+05 1.527248996705387253e+05 1.606611553694166942e+05 1.331343525553168729e+05 1.018452789217553800e+05 1.554450036269919947e+05 1.674218643845597981e+05 1.253686561561701819e+05 1.652716999970292673e+05 1.436653151700014714e+05 6.080225512087042443e+04 1.179173935039213393e+05 1.475656147235347307e+05 4.107706934704777086e+04 -3.436968951900838874e+03 7.362712827609333908e+04 8.249304649259982398e+04 2.381602901007863693e+02 2.344111062058794778e+04 4.262937518931698287e+04 6.333505200127547141e+03 7.545284416446520481e+03 7.485299749969330151e+03 4.837415366215200629e+04 1.316331503458772786e+05
-1.331725986800305545e+05 -5.204505965819419362e+04 4.084901705562486313e+04 1.201684227890293114e+05 1.551396438415758312e+05 2.613939100666174199e+05 4.257977465528163593e+05 5.088998725198692409e+05 5.322854469014058122e+05 4.830806077443410177e+05 3.883327546666988637e+05 3.184925697297151200e+05 2.556017056616109621e+05 2.037532371009728231e+05 1.744658387864182587e+05 1.236576584655630868e+05 9.288485649212822318e+04 1.297949780003181659e+05 1.276069639217529912e+05 9.743461991336510982e+04 1.016673145855747862e+05 6.751958169523254037e+04 5.180480908817134332e+04 9.097507579412194900e+04 9.860879616884631105e+04 9.079822571606189013e+04 6.814193953276122920e+04 3.999161062074569054e+04 4.131642492706293706e+04 9.693568067486933433e+04 1.096207361050983891e+05 7.060852135164174251e+04 7.868378172126575373e+04 8.946164512333786115e+04 7.206314630926493555e+04 3.107158839236944914e+04 5.948108718177559786e+04 4.830450467597995885e+04 -2.720202020544093102e+04 1.737907730825082399e+04 2.513726624365476891e+04 -5.470394298215955496e+04 -3.385138433601241559e+04 1.510067713148612529e+04 -5.039442853983864188e+04 -8.308986913554673083e+04 -5.192402202465035953e+04 -1.034157742883677129e+05 -2.095665749251903035e+05
2.187667985779262090e+05 1.085312640901975101e+05 4.353826300597575027e+04 6.264749143374503183e+04 6.656707875015854370e+04 4.427903529242027435e+04 4.994394064502554829e+04 7.265486634612907073e+04 6.824003621979508898e+04 1.494802399305623840e+04 4.204214320852787932e+04 7.026313077985838754e+04 7.903989566038944758e+03 4.433301554556237534e+04 7.631419776284013642e+04 2.872533872701757355e+04 3.036974809016101062e+04 6.742361817014170811e+03 3.845985551452031359e+03 6.298708203510614112e+04 6.699128143140114844e+04 7.898110023088403977e+03 -4.889471248243353330e+03 2.823627008969185408e+04 3.290420975048613036e+04 2.794559680689417291e+04 3.848222886015730910e+04 3.896349199407268316e+04 9.242485207360005006e+03 3.560825444750685710e+04 7.808328672181232832e+04 7.203628537623444572e+04 7.903157379689253867e+04 8.908028363628534134e+04 7.366009464429214131e+04 3.084623659859073814e+04 2.795106722784123849e+04 7.832977874561049975e+04 6.639101906213921029e+04 -9.340235661147744395e+03 -2.747870228194748051e+03 9.600866879191366024e+03 -1.418010393608710729e+03 4.701523627023585141e+04 1.615324784084863495e+04 -4.884075986214145087e+04 -1.899840175377880223e+04 -1.116277429027599283e+03 -3.509128821584396064e+04
4.152351180826370546e+04 4.917486091369937640e+04 1.303053609874044196e+04 3.272993259815862984e+03 3.777657138882204890e+04 1.356920115889809676e+04 1.800807126637664624e+04 4.251641688671952579e+04 4.002906091467593797e+04 1.487562884685758036e+04 1.059719185148432734e+04 4.073097395106745535e+04 8.821649390010861680e+03 1.283698517116135918e+04 4.437719677953279461e+04 2.849669876173720695e+04 2.095428644679486752e+01 -2.317042157104876242e+04 4.134517458442132920e+03 3.151361631782489712e+04 3.543429875273426296e+04 8.670896318362618331e+03 -2.988839152676519006e+03 2.816772173522616504e+04 1.223553072486422025e+03 -3.328502268690499477e+04 8.096878240249003284e+03 3.796551529339927947e+04 7.866279625959636178e+03 3.645278014664771035e+03 4.539290253822383238e+04 7.017639245364995440e+04 4.608742107950121863e+04 5.603775344541628147e+04 4.164403730974282371e+04 -1.468811196682509035e+03 2.661349103873374406e+04 1.614127915338036837e+04 -2.588526161132904235e+04 -7.871933258793433197e+03 2.899973970539582660e+04 9.723645976555766538e+03 -3.188087427799461875e+04 -4.449577734281786252e+04 -4.383623627822101116e+04 -1.730074913371930597e+04 -1.862682135855744127e+04 -9.066515373502526199e+04 -1.827465365282819839e+05
7.792267702636303147e+04 2.076965950371231884e+04 -1.721321320612326963e+04 -2.506887763476691907e+04 -2.031522064135060646e+04 -1.678926875218166970e+04 -4.446525392551842378e+04 -4.773539588743000058e+04 -1.757667652411328163e+04 -1.551584232583991252e+04 -2.090982884939882206e+04 -4.893747554000583477e+04 -5.053004153298388701e+04 -4.901201072047115304e+04 -4.831329122658641427e+04 -3.220419150944513967e+04 -6.037850081556825899e+04 -5.289038326911392505e+04 -2.586068582000734750e+04 -3.021260649620671757e+04 -5.686643229833846272e+04 -8.159333206633162627e+04 -3.101059418142546201e+04 -2.242195395665374235e+03 -6.099344221693184227e+04 -3.333161157221209578e+04 8.292047581635320967e+03 -5.477377501614693028e+04 -2.471043193072576469e+04 6.207687936672304932e+04 1.132528716989355416e+04 -2.474482783123654372e+04 4.206686651428754703e+04 8.246843293207342504e+04 6.968409424880510778e+04 2.639151134964787343e+04 2.454731286547039053e+04 4.578703880135444342e+04 4.784876766498375218e+03 -5.483479992180917179e+03 3.092506982902719756e+04 4.085593052994232858e+04 3.016923221359311719e+04 1.856001586878849776e+04 5.096093450767488685e+04 4.602322011698546703e+04 1.380166561662929598e+04 6.767425496618571924e+04 1.642649896306814626e+05
5.128796249868185259e+04 5.078324028865608852e+04 7.172350836692191660e+04 6.559601592569373315e+04 4.061421803919074591e+04 7.241966106194013264e+04 7.363762468768982217e+04 4.215108238407992758e+04 4.392152626132889418e+04 4.379018940533569548e+04 6.810036430659244070e+04 1.025991107155278441e+05 7.080177437332164845e+04 4.054255290058790706e+04 7.146315730933562736e+04 8.888401726886518009e+04 6.095341271684455569e+04 6.865018435892122216e+04 6.529469757901094272e+04 2.989612693621891958e+04 6.411055289245250606e+04 7.105545912047075399e+04 6.177491108304832596e+04 5.889878528927519073e+04 2.985544432012825564e+04 2.782521381239344191e+04 3.919467016079583846e+04 3.624399591004484682e+04 3.523304740905578365e+04 6.045473946694988990e+04 6.996576244579043123e+04 6.439246897476559388e+04 3.903995216067443835e+04 1.823318509406817611e+04 3.699155984548269771e+04 5.458642079502163688e+04 2.270788489047827898e+04 -1.613600312724884134e+04 4.674950769331015181e+03 -3.768567421066109091e+03 -2.858550847442529630e+04 -1.973822072861372726e+04 -3.008484706086153165e+04 -4.079068239771010121e+04 -3.797470095822075382e+04 -4.347324794769511209e+04 -7.597318531581581919e+04 -4.999440290637797443e+04 5.056538960685511120e+04
-1.265536193131265463e+05 -8.915374437274265802e+03 4.109951316917431541e+04 6.175820683929487132e+03 1.207442284423450474e+04 1.144204263211577199e+04 1.090809291643381584e+04 4.233690027635023580e+04 1.565850593899094383e+04 1.295934531000966672e+04 6.090222830607599462e+03 1.228426979338102683e+04 4.142733198445056041e+04 9.062711577498703264e+03 9.243732453542172152e+03 -2.181330595995023032e+03 -3.006656424237010651e+04 8.175504437313065864e+03 3.519306927053548134e+04 2.926543099318222085e+04 2.433533393996229279e+03 -1.957963906395887898e+04 2.816102858778322116e+03 -1.869795989768943400e+03 -1.574441653719877650e+03 2.788145969490867719e+04 -2.175671288845501840e+04 -2.590457316109682142e+04 3.322334764205147076e+04 2.684859050357763772e+04 4.799294876138468680e+03 2.980346073542054364e+04 6.486649199432601017e+04 1.340531138645043211e+04 3.201257405671840388e+03 5.150627325994716375e+04 2.033753719144427305e+04 1.339432003886032908e+04 4.708649683452829777e+03 -3.216834236569402128e+04 3.778587900597231055e+03 4.178733223416209512e+04 1.376525495797970507e+03 -8.316965442063272349e+03 2.594486411493564810e+04 -1.057542852999173920e+04 -1.294938891158351908e+04 1.589853177079940360e+04 -9.020201282694470137e+02
9.019169195868016686e+04 2.220100161830487195e+04 -2.031693251607066486e+04 7.091938337180181406e+03 1.353553700762859080e+04 -5.002406676518142922e+04 -2.165266038216941524e+04 4.238574422823154600e+04 -1.328987979082728270e+04 -1.827569732136907987e+04 3.536851952398143476e+04 -1.780508746698603500e+04 -4.955964474291249644e+04 7.939083134187967516e+03 3.842426154078566469e+04 -2.094518666927004233e+03 -6.061071618503774516e+04 -2.218901783024193719e+04 3.549809690135586425e+04 -1.885405742214061320e+03 -2.894635513679526048e+04 -1.898948036650836002e+04 4.732924967829603702e+03 2.906039600668006460e+04 -2.320382952093612403e+03 -3.311214825705977273e+04 -2.165133060218064929e+04 3.648538463676231913e+03 3.121093011883200961e+04 2.321218277254948043e+04 -2.679775083378772251e+02 -6.045864640182146104e+03 2.808391801358084194e+04 6.802190106398475473e+04 5.945050001013436122e+04 1.608634453376004240e+04 -1.436125168722349918e+04 -1.949234375621023355e+04 3.681379648405534681e+03 3.054779319732903969e+04 5.167140646808315068e+03 1.097420722129731439e+04 3.234755351710179821e+04 -6.334193563962180633e+03 -3.165750327767460840e+04 -7.684469153100508265e+03 -1.038488242280459963e+04 -6.889214229762653122e+04 -1.400467510501748184e+05
6.547358957992400974e+04 5.259327615873189643e+04 3.825037433525722008e+04 3.798061187721032184e+04 1.485045581721351482e+04 -2.200371599908976350e+04 3.435031150220311247e+03 1.008740828714502277e+04 1.884279692814737791e+04 4.054587079132033978e+04 -2.990377144982645405e+04 -1.842954416206356836e+04 4.268403084526653402e+04 4.855996930127730593e+03 -2.658890693121065851e+04 -2.732701899512845557e+03 3.110083892970578745e+04 -2.302084032409766223e+04 -2.664534464005555492e+04 2.725345980048587080e+04 -2.465563173608679790e+02 1.194613707353727659e+04 6.931986471754498780e+03 -3.280637080846648314e+04 -4.160571557003859198e+03 2.806707874500713660e+04 8.518753100288333371e+03 -2.948754709534120047e+04 -3.574764750155911315e+03 4.720063117893011076e+04 2.141647782489610836e+04 -1.550432847951020813e+04 1.740895535287554958e+04 2.618783122263275436e+04 -1.038213829080635333e+04 8.355313369101902936e+03 4.066352548303260119e+04 7.680811801401432604e+03 2.183415154649817850e+03 2.282333084003766999e+03 -2.360023598237609258e+04 1.046002498173021013e+04 3.326000154120253865e+04 -3.335444346230651718e+03 -2.701949236718070460e+04 2.718006826951744733e+04 2.392424412777432008e+04 -6.010638599967863411e+04 -1.223570010166426655e+05
2.234608022868632106e+05 1.457610341039253399e+05 6.819673288875492290e+04 6.974740056175505742e+03 1.542953306598064955e+04 3.897589416053961031e+04 6.611239755147835240e+02 9.057233978965203278e+03 5.040645568849868141e+04 3.909268925250216853e+04 -1.134011200702050701e+03 1.204424251962325070e+04 4.263103642013447825e+04 2.850572447496233508e+03 2.135334419872378930e+03 2.772561075915291440e+04 3.063855440574116074e+04 7.105962981004267931e+03 3.425482561797252856e+03 2.596716030791867524e+04 -3.301073535585578065e+04 -1.965065170777926687e+04 3.865880231889605056e+04 2.842906034529733006e+04 -5.821052716783015057e+03 -3.479618497331102844e+04 7.490204315254464746e+03 3.044281397131271660e+04 -7.039162442597444169e+03 -2.052747117289970629e+04 1.404819116607529577e+04 7.633100243037566543e+03 -2.262222045173984952e+04 -1.460552001233748160e+04 1.251197938465350308e+04 8.542423081963788718e+02 -5.878419934822886717e+04 -5.870037443972262554e+04 -8.057756130439229310e+02 1.921757784439250827e+03 -5.522747786693845410e+04 -8.443278801954886876e+04 -6.018259526324959006e+04 -3.341010739102785010e+04 -8.658916887579800095e+04 -1.242706697841637069e+05 -9.686491414307977539e+04 -1.464307742532386910e+05 -2.633532376079495298e+05
-5.506856673673610203e+04 -7.408511564324726351e+04 -5.948173876822693273e+04 -2.551115537025895901e+04 -1.607946811534930021e+04 5.770057752160821110e+03 -3.625249280448770151e+03 -5.582811276028235443e+04 -4.376358560177334584e+04 5.252243329305143561e+03 -4.285325117671221960e+03 -5.176471330589259742e+04 -5.200140814486076124e+04 -3.118208395557303447e+04 -3.194756919627252501e+04 -4.251065937351027969e+03 -3.263807051225728355e+04 -8.792985875559673877e+04 -2.882339003917877562e+04 -6.515205199466436170e+03 -6.599097684505954385e+04 -5.150584646646142937e+04 -2.303838821841054596e+04 -6.571891311352359480e+04 -6.950203812084498350e+04 -3.522335492401910597e+04 -5.541870621134885005e+04 -6.423832090091321152e+04 -4.029764265214910847e+04 -5.559494609529800073e+04 -5.297445510492262110e+04 -2.788531069265450060e+04 -5.857695149738001783e+04 -8.178756035304104444e+04 -5.259326490333467518e+04 -3.212446456258474063e+04 -6.000021343148555752e+04 -5.815496284296397062e+04 -3.001330570819845889e+04 -5.667561865004230640e+04 -8.304745313078467734e+04 -5.140343587263525114e+04 4.496196691980003379e+03 1.237870847689715447e+03 -2.094125264586191042e+04 -2.801347984677698696e+04 -1.064876149975694716e+03 1.045306543780301872e+05 2.366487630516323843e+05
-8.679108256568721845e+04 -4.613302220117475372e+04 -6.431629455430080270e+04 -9.149581032768762088e+04 -4.887956947743077762e+04 -2.867703118812639150e+04 -7.230170150767659652e+04 -1.226185566391359898e+05 -7.671603756447456544e+04 -2.954267023575084750e+04 -7.097537310233758762e+04 -8.484860316966666142e+04 -8.459562983945937594e+04 -9.715613577936892398e+04 -6.605923186529247323e+04 -3.585148630452755606e+04 -6.440331908241205383e+04 -8.876692485624516848e+04 -9.216216500142763834e+04 -6.989197523595066741e+04 -3.507150162571645342e+04 -5.105287902406428475e+04 -5.284609084985288791e+04 -3.369550947776588146e+04 -6.952711233730963431e+04 -6.573195371041959152e+04 8.184491548527148552e+03 -1.237904967128997669e+03 -7.245020360423938837e+04 -5.824712387584429234e+04 6.358498399713309482e+03 3.182137069190503098e+04 5.800238785013789311e+02 -2.308536276585073210e+04 7.904098884027916938e+03 2.928877066566201393e+04 3.303450098865129985e+04 5.228845186356920749e+03 3.013910633599036373e+03 7.085694633096840698e+04 4.398657228179182857e+04 1.221499281004036311e+04 6.886408723359624855e+04 6.630897082795854658e+04 7.522971002173994202e+04 6.799541899439634290e+04 1.983073351730010472e+03 1.692717640500562266e+04 9.109614973640325479e+04
-1.193460352635157178e+05 -1.630300391982012661e+04 2.872658807325927773e+04 3.427114822785370052e+04 4.596313288289820775e+04 3.339419745352643076e+04 5.190861145485535963e+04 6.625549620293889893e+04 4.940785874110594159e+04 6.351196390794939362e+04 8.548896012958729989e+04 4.081771473131101811e+04 4.107162477434030734e+04 9.069378104170024744e+04 5.815985296525465674e+04 5.786784547432042018e+04 6.075835318704783276e+04 3.575099552086611948e+04 6.393554453396061581e+04 8.591901860490904073e+04 5.699693477334218915e+04 4.129557984691931051e+04 4.015750111218956590e+04 5.842005156824582809e+04 8.511798264720708539e+04 5.764010463812164380e+04 3.644095471179755987e+04 2.630447592680872185e+04 4.811814582943022833e+04 5.951396595410173177e+04 2.779725490669082501e+04 2.141783872684760718e+04 2.016714140365377534e+04 2.627944579631724628e+04 2.743804636440466857e+04 4.944282187585468637e+04 2.224268037272826768e+04 -3.767501936526969075e+03 2.663895740122819552e+04 3.136703985292115249e+03 3.821951762220176170e+04 6.711792536552861566e+04 6.758597876614658162e+02 -3.119831948839424876e+04 1.024225346030993387e+04 6.594635923735023243e+04 3.057022832988837035e+04 -4.396547358199261362e+04 -8.630888845473108813e+04
-2.530720967771770665e+05 -1.518824660342942225e+05 -7.515074706745496951e+04 -6.833271918294485658e+04 -8.730880799776059575e+04 -1.014256379193102475e+05 -1.179322462476555957e+05 -1.015908402326749638e+05 -1.173327579710165737e+05 -2.021180512019782327e+05 -2.439418561067578848e+05 -2.539949248459016671e+05 -2.530676626058265101e+05 -2.697220443038530648e+05 -3.660121326622173656e+05 -3.627197625743429526e+05 -2.628687216269465862e+05 -2.562471100322726415e+05 -2.912963687378214090e+05 -2.363447222786634229e+05 -1.369928547195012216e+05 -1.195455327363016549e+05 -1.509601258004843257e+05 -1.011807708650303539e+05 -4.231284535584575497e+04 -6.862847464071796276e+04 -9.029202984289452434e+04 -6.870230508633540012e+04 -4.803997963055735454e+04 -4.020001335258712061e+04 -4.171588144366978668e+04 -4.713544848826131783e+04 -4.863741653905925341e+04 -4.356701952048740350e+04 -7.411991701665101573e+03 -1.446058924200758338e+04 -4.075731097327661701e+04 -3.200585895057907328e+04 -3.133124189924262464e+04 -2.126320606206706725e+04 -1.747293007516418584e+04 1.017310258692270145e+04 3.943472510589333251e+04 8.830815564360702410e+03 -4.295551600524061359e+04 -1.734330076156766154e+04 4.081603625243622810e+04 -7.211644366169348359e+02 -1.006737965350481682e+05
-9.179548512125608977e+04 -5.555157675087684765e+04 -1.097644691297318786e+04 2.879025410067697521e+04 1.040252680330013391e+04 -3.660981847278890200e+03 4.420094214627170004e+04 6.094012416928308085e+04 4.540905750080139842e+04 8.951313539539114572e+04 1.445247462882252876e+05 1.666802814802213106e+05 1.994480825310164946e+05 2.141247258586371318e+05 2.459742041517164325e+05 2.808920756961744046e+05 2.509874913129899069e+05 1.921978077760285814e+05 1.562483920696831192e+05 1.140558505323860445e+05 8.421093990167710581e+04 6.906503308484377339e+04 5.242649879655800760e+03 -9.580631157296127640e+03 1.698277931471238844e+04 -4.141723545173567254e+04 -9.544414139796560630e+04 -7.395259709155664314e+04 -8.574140868120579398e+04 -1.429094478982734145e+05 -1.451029202948848833e+05 -1.185872021362594969e+05 -1.840768665580257948e+05 -2.116045140268398100e+05 -1.743024963378411485e+05 -1.805500177539942088e+05 -1.746872253320906893e+05 -1.646800144521696493e+05 -1.632284488280855585e+05 -1.521135141714325873e+05 -1.166383057490747888e+05 -1.205969331294909352e+05 -1.529570403114481596e+05 -8.826592369034141302e+04 -4.546743064500321634e+04 -8.170069632396905217e+04 -5.452285599472781178e+04 -3.228130380208254792e+04 -6.708974011249607429e+04
-3.243456879352740943e+05 -3.538087742582139326e+05 -4.068206680245927419e+05 -4.640265794546574471e+05 -4.812525432207621634e+05 -4.624698189449554193e+05 -4.152757980655585998e+05 -3.652083164811485331e+05 -3.477521946668276796e+05 -3.034898431249893038e+05 -2.471300502246596152e+05 -2.231571529924987117e+05 -1.571349231926433276e+05 -1.429485209530685097e+05 -1.421340729354415089e+05 -7.263726261400734074e+04 -6.973154945771954954e+04 -6.406070760334841907e+04 -2.708605420994106680e+03 2.014897234810632654e+04 -9.587809851655038074e+03 -2.440220700213103555e+04 4.093985527761117555e+04 9.025825888747931458e+04 5.267581286243489012e+04 2.661853646306577139e+04 6.831446465774206445e+04 1.216914455304506700e+05 1.409854418312897906e+05 1.138032897458467633e+05 7.868654487087042071e+04 1.370679314520392800e+05 1.982673870355217950e+05 1.690163625421702163e+05 1.426059269630057970e+05 1.362378444799105637e+05 1.728808850888890447e+05 2.459454769741573255e+05 2.147618477269865107e+05 1.616664534225123934e+05 1.958208224994456687e+05 1.586636534735597088e+05 1.258242038445311046e+05 1.900303016786353546e+05 1.690447579559994047e+05 6.986476331716384448e+04 6.517141868826046993e+04 1.504798393458610517e+05 2.430057908084531664e+05
1.956698708639304969e+05 1.659806652371481177e+05 2.102670228264467441e+05 2.827026894531444996e+05 2.976541520602768287e+05 2.833384977954846690e+05 2.319962041088728583e+05 2.162864605196229240e+05 1.679171640663119033e+05 1.139811975715564913e+05 1.049802646019089152e+05 3.141283736898918869e+04 -2.597435351344756782e+02 1.289790499067748897e+04 -1.880724660062696785e+04 -7.835901876140281092e+04 -7.579278980309038889e+04 -6.095613147481344640e+03 -4.168153858947334811e+04 -1.154052356349711772e+05 -8.090982445442923927e+04 -6.362710282890475355e+04 -6.238270229703641962e+04 -7.733010517622443149e+04 -1.145991896990744135e+05 -7.593436263734489330e+04 -6.637038160610255727e+04 -1.086067650374027144e+05 -1.214687905197205982e+05 -1.180484495968266565e+05 -1.216131877880251704e+05 -1.579194619692867273e+05 -1.600173706900394172e+05 -9.439462196314719040e+04 -8.707386415888339980e+04 -1.551018649416798144e+05 -1.492857173473747098e+05 -7.393228015425859485e+04 -7.207599363391613588e+04 -9.220143593891372439e+04 -8.895690448014659341e+04 -6.269634555312269367e+04 -3.044272670813370496e+04 -5.948383258844865486e+04 -4.841199960530549288e+04 1.125230851699598134e+04 7.055625497159664519e+03 -3.239097801269928459e+04 -6.284105462022079155e+04
2.261009350356470095e+05 1.313325731693475973e+05 1.106225391873157932e+05 1.505702607431157667e+05 1.335492892240290530e+05 1.196729971778404142e+05 1.331115194475569006e+05 1.174761601457430952e+05 1.014843160699820728e+05 8.019799204543230007e+04 7.159414835783542367e+04 6.317395439808031369e+04 3.155115197747362254e+04 4.426529449672671035e+04 1.283051523336325772e+04 -4.631534659638421726e+04 -1.154260634662944358e+04 -6.696169387141708285e+03 -7.453418684934146586e+04 -8.350040702105613309e+04 -1.695574142242554080e+04 9.948498613075207686e+01 -6.289793737552838866e+04 -7.792395010124900728e+04 -5.080872968304900132e+04 -4.417231803585309535e+04 -3.486771522861088306e+04 -4.496381860852132377e+04 -2.621370912762370426e+04 8.207741596706895507e+03 4.016085338662407594e+03 -4.658103785186394816e+02 -2.953860107372747734e+03 -2.216108138673007488e+03 5.135021395544768893e+03 3.260585309340956155e+04 6.954858840152157063e+04 4.943879545578975376e+04 1.911464942386372786e+04 3.028033014328676290e+04 6.441709766353629675e+04 8.992973160784473293e+04 5.903088077087870624e+04 2.961928109856678930e+04 4.021542498201597482e+04 6.872392857636422559e+04 6.433672943574481178e+04 -6.588954613252222771e+03 -9.897245325177162886e+04
-1.043363950369529193e+05 -6.881610069394815946e+04 -5.683702441761840601e+04 -4.974611184617964318e+04 -3.352879373313044198e+04 -4.631272540529601974e+04 -3.323193613541661762e+04 -1.687152186248567887e+04 -3.340876144255165127e+04 1.062969420701844501e+04 3.533125143774665776e+04 2.731070416644791840e+04 6.037474682263564318e+04 7.229504922332125716e+04 7.365716476211667759e+04 4.770009471147198929e+04 4.982742233565653441e+04 8.597882237736484967e+04 1.145168007540632389e+05 1.379901889526808518e+05 7.516785538784472737e+04 9.131570969475468155e+04 1.566136556860877899e+05 7.720487558603077196e+04 4.018393312275316566e+04 1.108132296516848728e+05 1.193026446696602507e+05 7.745402527754800394e+04 6.352428669735661242e+04 6.379597868639382068e+04 2.688555757762538269e+04 -8.511745388678042218e+03 5.273234380627400242e+04 5.114955876182671636e+04 -3.591209324760735035e+04 -6.790522432275116444e+03 2.980010434970608912e+04 1.053935308707877994e+04 1.184516186141967773e+04 -9.158487439126474783e+03 -7.077627743565244600e+03 1.829853486895444803e+04 -1.106233657672419213e+04 -4.033554463341739029e+04 9.678350128519814461e+02 3.149020709199248813e+04 -3.870093093282775953e+03 -4.399014081980520859e+04 -7.233325173146836460e+04
5.209498824508045800e+04 2.377799925263389014e+04 3.778306581807613838e+03 1.000397503696149215e+04 2.661550632823491469e+04 4.753074078413192183e+04 2.826812805491499603e+04 -2.107549532971461304e+04 -6.607988627656712197e+03 6.123468002042500302e+03 -4.352469823788851500e+02 2.373443951350054704e+04 -7.515001706487964839e+03 -6.012924541602836689e+04 -2.584239096235251054e+04 -1.873797303516772809e+04 -4.855153363823780091e+04 -1.320427885861136019e+04 -1.652784078032709658e+04 -8.776612214787743869e+04 -8.630085760043576011e+04 -3.852613417097012280e+04 -6.884830845810953178e+04 -8.335033239709456393e+04 -5.534889713831941481e+04 -7.981955521041512839e+04 -1.029947460036782431e+05 -4.811389306283681071e+04 -2.981547955831031140e+04 -9.369746561598741391e+04 -6.699950158887100406e+04 -3.747611805796652334e+04 -7.052877633090275049e+04 -7.346950360864863615e+04 -6.460106145037568058e+04 -3.398578901440495974e+04 -2.936534288150153589e+04 -1.673471140893531265e+04 1.587833729703567224e+04 -5.736226523149525747e+03 -3.770998752297426108e+03 2.177255344737204723e+04 -6.786461222363868728e+03 -4.888567313755309442e+03 3.579907870444003493e+04 4.798990719864377752e+03 3.219598039329933817e+04 1.474091306017350289e+05 2.436978119387607439e+05
2.119490537740057334e+05 1.198618693486787379e+05 3.586998143393418286e+04 9.757411078171455301e+03 2.658610436308663338e+04 1.602939447388052940e+04 2.909421091419056756e+04 7.583705155237112194e+04 5.787206031396647450e+04 3.887914853417896666e+04 6.473619458833133103e+04 5.676882495390606346e+04 2.558204007931635715e+04 3.701441974262706935e+04 7.131529818070703186e+04 7.835553877943317639e+04 8.039694758423144231e+04 8.348373617642206955e+04 7.997443037806075881e+04 7.259332327055741916e+04 7.375351557289819175e+04 5.738383387695637794e+04 5.864525327953753731e+04 1.075614603451684525e+05 1.034958366188219079e+05 4.698479500119002478e+04 5.517831523611690500e+04 7.813816475958461524e+04 3.276336447830556426e+04 2.586863367469049990e+02 2.669411137423582841e+04 2.453659590828444925e+04 -8.498810128658078611e+03 -1.194693450466732611e+04 -3.204553907125926344e+03 -3.955709917936444981e+03 -3.100904275255749235e+04 -1.841649392677939613e+04 1.401921937213043566e+04 -7.848934586800140096e+03 -3.730033954430848826e+04 -1.172874852403794648e+04 2.253301887889386853e+04 -6.997808091546467040e+03 -2.911364398489252198e+04 2.789066126279038144e+03 -8.274781628281634767e+02 -4.195626398228306789e+04 -7.054908888443512842e+04
-1.438440893765073270e+05 -4.288504594238473510e+04 6.579638037132093450e+04 7.132611057284516573e+04 2.403232460055733100e+04 7.809834039828270033e+04 5.924312834205918625e+04 9.141693433484804700e+03 5.446740300438248960e+04 3.616270267040816543e+04 -1.551005515357217519e+03 2.225478123858920299e+04 5.492086173355343635e+04 3.433479331186387572e+04 5.017495640931883827e+03 4.405986775702337036e+04 1.434837012086075265e+04 -1.467687542099153507e+04 4.544165430270365323e+04 3.864079514270994696e+04 7.940797634364571422e+03 -8.638077790674404241e+03 -7.345788686070591211e+03 4.164280326862342190e+04 3.811825846598349744e+04 -1.785989673939178465e+04 -9.718795017979398835e+03 4.524089194907003548e+04 3.100927032940089703e+02 -3.241803606666490668e+04 -6.042763896257383749e+03 -3.894488204401603434e+04 -3.981672407535399543e+04 -1.275109073103521951e+04 -3.969730926037242170e+03 -3.870007961086172145e+03 1.606876352162216790e+02 1.255359053058788413e+04 -1.808999546032265062e+04 -9.350330097513447981e+03 2.366263508578407345e+04 1.804139165105886059e+04 2.123381509169115452e+04 -8.564438551693747286e+03 -3.811087954440154135e+00 3.258098497695749393e+04 2.898706009931635344e+04 4.915285407914739335e+04 8.209855911380052567e+04
1.186043477049679495e+04 4.938192880930728279e+04 6.218345051223877817e+04 3.238110547972493805e+03 -1.184949645787128247e+04 1.144715932896360755e+04 -6.817358327098190784e+03 5.726081420725677162e+03 1.778674140121438541e+04 8.343618029903154820e+02 -3.575291018554707989e+04 -4.420839328973682132e+04 -1.172798295374377631e+04 -4.630613588960841298e+02 -2.903502210232545622e+04 -5.319079900364158675e+04 -5.104349265166104306e+04 -4.869493962323758751e+04 -5.206085721918498166e+04 -5.786043073880136944e+04 -8.832958864775695838e+04 -1.052745973967828904e+05 -1.039126520430729142e+05 -1.175790245218376513e+05 -1.201226621247769217e+05 -1.437455167429287394e+05 -1.669140981517556356e+05 -1.426868586466301058e+05 -1.240748116327449097e+05 -1.565651285268541542e+05 -1.926634163393463241e+05 -1.616749679589701991e+05 -1.303054443153092288e+05 -1.670263439181142021e+05 -1.581811289316099719e+05 -6.327587671097740531e+04 -5.961117232611309737e+04 -1.098215167305900250e+05 -4.737013543272053357e+04 -8.494476134655997157e+03 -3.788815312218503095e+04 -4.288686797590355854e+04 -8.212516436324222013e+03 2.374840670789137948e+04 7.935657053895993158e+02 3.204248744295793585e+03 3.093618851358781103e+04 4.997036109081783798e+04 8.188652510187099688e+04
-1.168652349467446911e+05 -7.818551165793905966e+04 -9.614827440571389161e+04 -1.552236654926673509e+05 -1.384284000335901510e+05 -8.200116554915439337e+04 -9.917169194915913977e+04 -1.194592573243426159e+05 -7.720289740449527744e+04 -9.228819960349926259e+04 -9.619079191135824658e+04 -4.230314641084987670e+04 -4.131447953186579980e+04 -6.120881860319059342e+04 -2.645867634812020697e+04 1.234837835378129967e+04 1.443406378428335302e+04 4.767915833086590283e+04 4.423720702616265044e+04 3.895625720469979569e+04 1.021803982074194355e+05 1.159838227024009684e+05 8.571794221468747128e+04 1.032663235449580243e+05 1.631953739834716544e+05 2.017017523745015496e+05 1.779797866365695372e+05 1.395364737989441492e+05 1.577232396123871149e+05 2.180927379030618467e+05 2.126439981318254431e+05 1.189609557269429206e+05 1.189959388926220126e+05 1.744359702506334870e+05 1.205758842630891450e+05 9.118973723234361387e+04 1.252366644768335682e+05 1.056790315108085051e+05 7.425973982011782937e+04 8.094098543573613279e+04 8.229326437111018458e+04 4.647529253779834835e+04 1.919375337369262706e+04 5.033842164761177264e+04 5.766173073701828253e+04 -9.501510809059254825e+02 -4.131803460186114535e+03 1.059826976119058672e+05 2.597324888233537786e+05
6.442692491400492145e+03 4.573603042255851324e+04 5.943337759395941976e+04 3.115128870704211295e+04 4.753289589512860402e+04 7.338221165540743095e+04 2.564698244153986161e+04 4.206309553119397606e+03 4.488805110086101922e+04 6.207948194787603279e+04 5.861458507322827063e+04 8.010945337780867703e+04 8.092209847804039600e+04 6.122360161054527271e+04 3.365639167197512870e+04 4.089117164170612523e+04 7.392231481266212359e+04 4.424682740485877730e+04 9.660545141668990254e+03 3.616136246986567858e+04 6.753223900843289448e+04 4.956413928084648796e+04 5.029374886682501528e+04 3.707024294853926403e+04 4.453061907843220979e+03 1.208016752731049201e+04 1.949940927413990721e+04 4.407964758269384038e+04 3.199802874369209167e+04 -3.118339140011824202e+04 -3.607069882724329364e+04 -4.299210575554694515e+03 -3.363869672772119520e+04 -4.142914158481301274e+04 -3.337548578580038156e+04 -3.018570665735757211e+04 -2.757677972229433362e+04 -7.819469644717185292e+04 -4.851394555676987511e+04 -1.253966005358958500e+04 -4.177416392980390810e+04 -7.640873114811243431e+04 -1.030873885701291147e+05 -4.222849222467587970e+04 -3.556901320669527195e+04 -9.251243213118842687e+04 -6.466127973442764051e+04 -4.866961413208585873e+04 -8.133078147628009901e+04
1.899543570041712373e+05 1.062929667804564815e+05 8.942954334212106187e+04 1.224772134039084776e+05 1.076425353685044684e+05 7.274514714314136654e+04 8.792664043969119666e+04 9.633286575117381290e+04 4.294394995653431397e+04 6.121492469188524410e+04 8.925642934031202458e+04 4.822471975887322333e+04 1.830801811724086292e+04 2.994689563958669896e+04 3.365904724676508340e+04 1.001368183671726729e+04 1.207489503722172230e+04 1.315242037890129723e+04 9.590210229944204912e+03 -2.498436846275581047e+04 -2.467950469654175686e+04 1.863703637980506755e+04 -1.136535379846463911e+04 -5.494421944284107303e+04 -2.538474786706487066e+04 1.304648135192110203e+04 2.030548534981789999e+04 -1.614751278975748573e+04 -5.843475991030567093e+04 -5.981964162128858152e+04 -3.397351650637580315e+04 -1.989704139268607832e+03 -1.513873366639018059e+02 -8.643116896710125729e+03 -3.162723829154862324e+04 -2.794887819487490924e+04 3.539489996677741874e+04 4.558957987988839159e+04 1.358183574178843992e+04 4.863464612746599596e+04 5.001800782134503243e+04 4.624295621149920044e+04 8.063209377563887392e+04 4.925032430153785390e+04 5.541540526944999874e+04 9.048115018929795770e+04 8.767605328015651321e+04 1.332164711710345582e+05 2.216701953373529832e+05
1.823371828618108993e+05 1.024464839746360667e+05 -4.087275159836222883e+03 -3.388676942937303102e+04 1.170637578048626892e+04 1.049585115120868431e+04 2.713350390418781899e+04 3.280984289594925940e+04 3.879952180315737496e+04 5.947554426704297657e+04 2.752565421818866162e+04 4.620366769231620128e+04 7.757488418312276190e+04 5.948916851790269720e+04 6.336107831375554815e+04 1.003452978609130951e+05 1.024134229778429726e+05 7.243388064918687451e+04 9.892768587029418268e+04 9.641107873423604178e+04 9.622013182306525414e+04 1.074521328575791849e+05 7.751842803132618428e+04 9.532729236030700849e+04 1.253178490744903684e+05 1.029221138815046870e+05 7.951057264814153314e+04 1.048465780660628225e+05 9.440844537326495629e+04 6.345963449595728889e+04 8.915604667374270502e+04 9.185560213576536626e+04 3.535675518476672005e+04 2.524004850842151791e+04 9.177744034503144212e+04 6.736059594826679677e+04 8.516493746283347718e+03 4.699071934257529210e+04 4.422642757679580245e+04 1.591523022056207992e+04 1.732799565681489184e+04 1.498323460560652893e+04 1.874842011195130181e+04 1.631972911171021406e+04 -8.978713902469840832e+03 -6.291215412929863669e+04 -6.518718119725224096e+04 6.376778530829236843e+03 8.919003148359479383e+04
-1.815257317085342947e+05 -1.918961259172647260e+04 8.614240648297703592e+04 5.586738482423240202e+04 1.047801345499465242e+04 4.054928649158679764e+04 5.792917484315692855e+04 6.223535838653338578e+04 3.708389412335246016e+04 -1.088493971910792879e+03 2.775503556258635945e+04 4.538160903888643952e+04 1.662536667237872462e+04 -7.692974503152072430e+02 3.175066994590451941e+03 9.736548353394027799e+03 1.191416755013052170e+04 1.189631807021213899e+04 8.195464517921209335e+03 6.410469274997012690e+03 6.137476390431402251e+03 1.686095887067499280e+04 -1.285754454540440929e+04 -2.485667007713357452e+04 5.490878523123697960e+03 -1.646711485373077448e+04 -3.973856946933661675e+04 -1.412465956644157995e+04 5.970312446443131194e+03 -2.433447475501463123e+04 -2.855045917021935020e+04 4.419366246002115076e+03 -2.120334481121965291e+04 -3.200804707652432990e+04 -2.631360114959541534e+04 -5.005608625564487011e+04 -1.937741178495328495e+04 -1.181289448853932845e+04 -1.508509411563873437e+04 -1.422811240583537437e+04 -1.278475711922491610e+04 -1.474538495735012111e+04 -4.100100350507990515e+04 -1.391749198795857956e+04 -9.497200152691060794e+03 -3.089023578067994094e+03 -5.256295999716065126e+03 -5.425252952845719119e+04 -9.229040507983771386e+04
5.583220500091568101e+04 -1.845606696733739227e+04 -3.190777652605914045e+04 2.525234228523902129e+04 9.261803880363004282e+03 -1.762886255295586307e+04 1.322248394135385752e+03 -2.645453050587116741e+04 5.694437205238500610e+03 2.973387518228264526e+04 -3.395833264233078808e+01 1.539995389917748980e+04 -1.255948189398623072e+04 7.371493866958189756e+02 3.398556766856927425e+04 -1.890672897148772608e+04 1.279814699562836904e+04 4.168139672125107609e+04 -2.107543910824460909e+04 7.630040047079091892e+03 3.650060498213837855e+04 1.685194752120890189e+04 1.680002789609716274e+04 -2.435698338595079258e+04 6.291301844321656972e+03 7.330044473361340351e+04 2.051709173814719543e+04 -1.274531064904294908e+04 7.828852887323591858e+03 7.941828193143010139e+03 3.342563857891946100e+04 3.695688440900982823e+04 1.250623226354934741e+04 7.529902891839155927e+02 3.492108270482299849e+04 4.183361364674079232e+04 1.248732560852658935e+04 1.879837567990762182e+04 1.478380301516165491e+04 7.361255167765170336e+04 7.518447162568883505e+04 1.470095006661734078e+04 4.783755670840025414e+04 4.436804116819961928e+04 4.832490087414014852e+04 8.496935132381599396e+04 5.336238558462343644e+04 3.314093124470650218e+04 5.291237011377140880e+04
2.509996580367441493e+04 1.148079960257745552e+04 -8.606365839659702033e+02 -3.552186470915330574e+03 8.756106430955696851e+03 1.317964870686409995e+04 4.625571510550791572e+03 4.207672232005286787e+03 5.233359938283691008e+03 2.252203632087912410e+03 3.150326436472831483e+04 4.488272979317122372e+04 -1.112822430630330564e+04 -2.592375758686102199e+04 3.557151353277730232e+04 4.110930031878520094e+04 1.456553516036364999e+04 1.345188048158888341e+04 9.614260731468672020e+03 3.894910595830877719e+04 9.067669914511614479e+03 -1.099256532455893466e+04 4.665803848562073108e+04 3.538478471731662285e+04 8.486336097412306117e+03 4.564622454316104995e+04 5.144531735524639953e+04 -9.536694405396730872e+03 1.205105759770932491e+04 7.147801204759161919e+04 3.899929128834640142e+04 1.444206417727412190e+04 2.134224029097834136e+04 3.778917058487411123e+04 4.072613945550975041e+04 2.030020269317901693e+04 4.895770943010592600e+04 5.319033426058018813e+04 4.801665391787525732e+04 7.421395667624869384e+04 4.701361517683812417e+04 1.800343536539003253e+04 2.084740510457771597e+04 4.522164088208257454e+04 7.724869056648469996e+04 8.496138639020477422e+04 5.417624289068020880e+04 -2.713916320426424500e+04 -1.291094913198309951e+05
-9.071149964307551272e+04 -1.030842090157967759e+05 -8.589403197343915235e+04 -3.176239486754639074e+04 -2.020482367486692965e+04 -7.176901388404075988e+04 -7.889444934189668857e+04 -2.334385962007206399e+04 -2.332159207115182653e+04 -8.186329349424334941e+04 -8.114575924075325020e+04 -4.056368485602445435e+04 -3.832099666615249589e+04 -5.210189307879772969e+04 -4.871835484635079047e+04 -4.352365623330115341e+04 -4.099604973729589256e+04 -4.243903528287773952e+04 -7.492685899153002538e+04 -4.523496058813179843e+04 -1.776554394804395270e+04 -3.806192759657269926e+04 -3.849751452988135861e+04 -4.963615141867191414e+04 -4.708455044601575355e+04 -3.887227477011037990e+04 -4.759314098191505764e+03 -3.616698358018771978e+04 -7.143616374392888974e+04 -1.192642426918593992e+04 -1.527508328043024812e+04 -3.934353309377908590e+04 -3.169553948915573710e+04 -4.492660836505814223e+04 -1.446957867068686392e+04 -5.247936373198035653e+03 -3.501624823795280827e+04 -3.223527649926842423e+04 -3.830944696703222144e+04 -1.374321800030880695e+04 -1.178055990996681794e+04 -4.007072970940507366e+04 -8.773809651902389305e+03 -1.435572477683339093e+04 -4.112482780459700734e+04 -4.400865342759047053e+03 -5.973889375600541825e+03 -5.885360871980026423e+04 -1.039197895779203973e+05
5.229688055449514650e+04 -1.341243872055201791e+04 -2.302774301497265697e+04 5.745503908838145435e+02 -4.588869014696683735e+04 -6.549966509468504228e+04 -4.153908370761200786e+04 -1.019995302328609396e+05 -1.598910041645288002e+05 -1.297303256588928634e+05 -1.563532049595961580e+05 -1.756646917462060228e+05 -1.167612276550788665e+05 -1.283211931971891318e+05 -1.257676335118594579e+05 -1.214551848001430044e+05 -1.187664190644865157e+05 -3.706021541001967853e+04 -4.098089335369877517e+04 -6.658886550503666513e+04 -4.030482999907678459e+04 -6.101379180283407914e+04 -3.360550414145120885e+04 -1.661108532614877913e+04 -4.113867323074367596e+04 -3.278245702415006235e+04 -2.811240860726684332e+04 -2.268062022776575759e+03 -7.017533315665670671e+03 -5.943232960155006731e+04 -6.243574801643271348e+04 -2.945246306117039057e+04 -2.010888548597000772e+04 -3.399140985580737470e+04 -6.319112046490775538e+04 -5.251515573894733097e+04 -5.434006332725413085e+04 -8.270410328754238435e+04 -9.032580008206416096e+04 -9.738424925599221024e+04 -9.507438076630950673e+04 -9.349260904418790597e+04 -9.251403946516776341e+04 -1.281269074568995566e+05 -1.271422024251665862e+05 -9.126551614826871082e+04 -9.286933114126458531e+04 -9.014383951216569403e+04 -8.148107858418207616e+04
-2.114880191511416342e+03 4.408454248390631983e+04 9.032871563162188977e+04 8.563068724120961269e+04 6.668122486735228449e+04 1.029938413829949568e+05 9.922666902726632543e+04 1.219434815629213117e+05 1.752226900571259903e+05 1.499026526538362959e+05 1.790429320631667506e+05 1.872975742994461907e+05 1.348637098005564185e+05 1.515452573137008585e+05 1.263134618925687391e+05 7.506893307130667381e+04 7.802268131345044822e+04 4.817838548653526232e+04 -1.122465699183521792e+04 -6.427358386208652519e+04 -9.373992883905838244e+04 -1.143590085500907153e+05 -1.707387051967093721e+05 -1.817410393897445174e+05 -2.061626258108299226e+05 -2.537895998827297008e+05 -2.495710846591099398e+05 -2.801409442711160518e+05 -2.569420874962817761e+05 -2.252815358313091856e+05 -2.286357970901008521e+05 -1.400312804082928924e+05 -1.027075919075289567e+05 -1.169152314052917354e+05 -6.235822947463001765e+04 -2.337103528319857287e+04 -2.520093193234060891e+04 -2.572825735696828633e+04 -5.093392394192138454e+03 4.436839641188259702e+04 4.724722990984431090e+04 2.118811393083889561e+04 5.084305162308723811e+04 7.262787343715906900e+04 7.415823780742363306e+04 8.214817721440317109e+04 5.262760584155312972e+04 -3.040390425245178631e+04 -1.366084862221022486e+05
-1.105124412651639286e+05 -6.389674925012513268e+04 -4.499956768151602591e+04 -2.268928289311587287e+04 -1.506919302773894742e+04 -6.089445091813101317e+04 -3.593333775119390339e+04 1.266015922563380445e+04 -1.830020857174528646e+04 -1.466627332250933978e+04 1.405221136970794760e+04 -3.452582147510829964e+04 -3.117372951746801846e+04 4.108364018466090783e+04 4.303262340297803166e+04 1.930380802412400953e+04 2.204940831725252792e+04 7.507529229347709042e+04 9.892801441645130399e+04 7.413356233824740048e+04 1.278874453619934357e+05 1.627914386279006430e+05 1.903107583498061867e+05 2.352679431003342906e+05 2.395588660107750911e+05 2.763885703643606976e+05 2.813421979620760540e+05 2.798750760516854934e+05 3.044591322823541705e+05 2.819145913544342620e+05 2.240716026492011733e+05 1.738623721087060403e+05 1.567329078880727757e+05 1.435052551249098033e+05 1.141454143496230245e+05 7.018832108951779082e+04 4.082142609317111783e+04 6.826966256718174554e+04 6.070974883929011412e+04 -3.135363390712882392e+04 -2.804995903818006627e+04 2.711372608173638582e+03 -5.300562753342092037e+04 -3.180619431906961836e+04 -3.096911155414953828e+04 -8.018769601461803541e+04 -5.306526548316469416e+04 -5.140226604562415741e+04 -1.018967843041149899e+05
5.751905796874786029e+04 -3.501939724665164249e+03 -3.768233419163149665e+04 -1.629967441112964298e+04 1.632434018392814323e+04 -4.031301883512060158e+01 -2.736993139886180870e+04 -3.586823441844905028e+04 -1.329977852190501289e+04 1.979041273589245975e+04 -3.339335472323014983e+04 -5.665466236707298958e+04 1.858231287915259600e+03 2.032024357351473009e+04 -5.953358727274462581e+03 -2.991682680702072685e+04 -2.710331948896058020e+04 -3.000364443811121600e+04 -6.615471112600062042e+03 -3.196003190387273207e+03 -3.288103593484259909e+04 8.147257946258614538e+02 1.322677853750064969e+02 -3.842702298163201340e+04 -6.824614235956534685e+03 1.609190771851101090e+03 -2.220271729485828473e+04 -2.447078496086764790e+04 -2.726936872568330364e+04 6.040752734406987656e+03 3.206956079520899948e+03 -1.984041772055200272e+04 1.869702489610058547e+04 4.606911871087680993e+03 -2.707337083236775288e+04 1.284620964521295718e+04 3.861714644444869919e+04 7.952914811030510464e+03 -2.854879930629971204e+04 -3.774315276663390978e+04 -3.434175089118075266e+04 -3.384494027850712882e+03 2.452388210716883259e+04 1.708960251562527992e+04 -1.037224251878780342e+04 -3.150070826726724408e+04 -4.381462313467411150e+03 2.505530428010377000e+04 2.985338174112203706e+04
5.980176111886987928e+04 3.755515353986993432e+01 -6.153618040552828461e+03 1.488896040769753745e+04 -7.689285123196896166e+03 3.704512213298585266e+03 3.164627185469726101e+04 2.222241802286583697e+04 1.724356788894510828e+04 2.447579494677478215e+04 2.550471723283408210e+04 9.606231989164371043e+02 5.842423926660558209e+03 2.522185453883139417e+04 2.555804199975682423e+04 2.858559088126639836e+04 4.592525101616105530e+03 1.653568192414240912e+03 -2.078406928485492244e+03 1.838850597559940070e+03 2.636674352499545785e+04 5.522051063307968434e+03 5.094248819077620283e+03 2.101200811754091410e+04 -1.627901402389456052e+03 -2.023088521644240245e+04 1.027130250164202880e+04 8.017232149140909314e+03 6.324941688071587123e+03 4.043543304709601216e+04 -1.696641350907133892e+04 -4.007624894627934555e+04 2.633006095260503935e+04 4.010969403534539742e+04 7.359640534850710537e+03 -7.265607821173034608e+03 1.835234381011122605e+04 1.419638074497925118e+04 5.237898194609326310e+03 -4.727195427694707178e+03 -2.834078193191101309e+04 2.922815762721933424e+03 2.995514111767977010e+04 -5.631373492215410806e+03 -3.314783776455448242e+04 1.288156591472215950e+03 2.842907235273736296e+04 8.555995312679314520e+04 2.010705109489192255e+05
6.113519351129070856e+04 1.933351689222021378e+03 -3.846118856017725193e+03 4.373186517841531895e+04 2.049902753627975471e+04 5.349930536031024531e+03 6.052858850103801524e+04 2.377345833403515280e+04 -8.248733442305907374e+03 2.621705358149483800e+04 2.706820474821142852e+04 2.868280760492780246e+04 3.379143844038477982e+04 5.360573488011138397e+04 2.664655273212702014e+04 2.613019090349669568e+03 3.251278247946174815e+04 2.479026283253915608e+03 2.585600928636267781e+04 5.681599285031552427e+04 2.722161385332589271e+04 3.344488683113019215e+04 3.306110244055168005e+04 2.177947549120290205e+04 -7.521418434043880552e+02 3.514020742004481144e+04 6.544026539428142132e+04 8.853020157257560641e+03 7.441430939943413250e+03 4.176670230343006551e+04 3.924900722602609312e+04 1.610057929734454956e+04 5.047076271149562672e+02 1.427517960721155396e+04 8.454810572729853448e+03 -5.948038609058130533e+03 -8.023129931680159643e+03 -4.033732487543608295e+04 -4.971475031197781209e+04 -6.021021590349834878e+04 -8.388897749333427055e+04 -8.075118913358898135e+04 -1.102223511222106463e+05 -1.464651999663332244e+05 -1.468404786750036874e+05 -1.132925780247020593e+05 -1.149471283621101175e+05 -1.709005520364725962e+05 -2.247061497764626693e+05
3.634277261982786877e+04 3.105121182787115686e+04 -7.975503758643608307e+02 -3.340990068609244190e+04 -3.088050067031872459e+04 -1.912196788951403869e+04 9.828135917487088591e+03 -8.316374968854506733e+02 -3.309775249697852996e+04 1.792302188987378031e+03 2.294181699253313127e+03 -2.388610832291308907e+04 -1.862366920962813310e+04 -2.529493082824045268e+04 8.142852291348390281e+02 3.012185478670291195e+04 6.203118945704816724e+03 -2.395378110057207232e+04 -8.119562710635364056e+02 3.079993515129899606e+03 -2.683209587310555798e+04 -2.095407009313924937e+04 5.496725848643109202e+03 2.094191879543359391e+04 -1.574321440275642090e+03 -2.016108617011920433e+04 -1.750115835311589763e+04 3.439991363164161157e+04 3.306533451468589192e+04 -1.410403773188588093e+04 1.033276874688445241e+04 1.411092689057104872e+04 2.596267579210686381e+04 3.967321803138479299e+04 3.349617569328986428e+04 1.916777177480989485e+04 1.721698633424247237e+04 3.983468405349420209e+04 3.058496117708276870e+04 4.810516902231016138e+04 2.489928300681599285e+04 9.614631628207789618e+02 2.742640295618904929e+04 1.975040435776461527e+04 2.020839357093790022e+04 -1.645672449376426812e+03 -2.481143574841327791e+03 2.615400547641902085e+04 2.866146439322573133e+04
3.768871794411097653e+04 3.265112919194507413e+04 1.246290112903836416e+03 -4.638028285844484344e+03 5.062137347616953775e+04 3.605433479155183886e+04 -1.428286659021975356e+04 2.806515103700815234e+04 4.909709363768348703e+04 4.573605142795713618e+03 3.177098848813341465e+04 5.845909355630291975e+04 1.084066952636931092e+04 4.810824510932434350e+03 3.064209456133539788e+04 3.317983934161026264e+04 3.625409922475228086e+04 3.306629991639056243e+04 2.733908490627072752e+03 6.930162917560664937e+03 5.772986719122849172e+04 3.693036369164456846e+04 -1.716905254012090154e+04 -1.824402059865009505e+03 2.985690295783581678e+04 3.859273446083528688e+04 1.419825150631362339e+04 -1.535007342085009441e+04 1.097744538477837341e+04 1.863460901105997618e+04 -3.850854587552003795e+04 -3.497023921634507133e+04 4.201062595966504887e+03 -9.259756473038520198e+03 -1.633658379199908813e+04 -3.046075536971323891e+04 -6.007205396992497845e+04 -6.600422186849766877e+04 -7.597598719090450322e+04 -5.940673105244041653e+04 -5.499289182116661686e+04 -7.923170209876852459e+04 -5.361261608588378294e+04 -6.182550430618037353e+04 -8.973413219660890172e+04 -5.663701407596802892e+04 -1.848897246236214414e+03 2.669732146809100959e+04 2.856531525467240135e+04
4.167617606319254264e+04 3.721418453525984660e+04 3.337832126810098998e+04 5.388463831317482982e+04 5.400126051739789546e+04 1.323611010244349018e+04 1.717141378525405889e+04 5.812260361024539452e+04 5.218504374221095350e+04 8.715852230088785291e+03 8.505934645509172697e+03 3.314604332161252387e+04 3.938408121670363471e+04 6.094518908052117331e+04 5.902723848019371508e+04 7.867616513831249904e+03 1.075386760479887016e+04 3.385310421377653256e+04 5.716803034927579574e+04 6.135013612816692330e+04 4.495185357518552337e+03 3.724789460233319551e+04 9.067312128492648480e+04 5.205822626521706115e+04 5.692835328271045000e+04 6.557612168675415160e+04 6.795425386982978671e+04 9.239057023994989868e+04 6.532550722928142932e+04 1.009803876052321721e+05 1.527549913356778852e+05 1.292622914515960292e+05 1.421446585816743027e+05 1.568873541026550520e+05 1.222398668613458867e+05 1.641100728485612781e+05 1.903601345766217564e+05 1.575339925290612737e+05 2.036903668512237491e+05 1.935507350899564335e+05 1.447962266580727883e+05 2.050043469370575622e+05 2.314519398598342668e+05 1.974078186496628914e+05 1.709634565978201572e+05 1.770194786039059982e+05 2.052130264541485813e+05 1.229714870250620879e+05 -4.278194651953689754e+04
-5.640472966304514557e+04 -6.017450182698667049e+04 -8.878753564102225937e+04 -1.203101337378030294e+05 -9.585057412114110775e+04 -8.370992328142165206e+04 -1.311027654957433115e+05 -1.175158291487604729e+05 -9.706169667770160595e+04 -1.395419291948200553e+05 -1.143739811256818502e+05 -9.221340286007034592e+04 -1.116250416282855003e+05 -1.155003498462610441e+05 -1.192171524101285904e+05 -9.133857439810526557e+04 -8.892838725034380332e+04 -1.462259751676174055e+05 -1.498619688850884850e+05 -9.305045554167003138e+04 -9.747194739815295907e+04 -1.187517298643068643e+05 -9.251974531391181517e+04 -1.055863971236975631e+05 -1.284203610663824948e+05 -1.206541442032902269e+05 -1.200177058884582948e+05 -9.701497204281645827e+04 -9.715406759220047388e+04 -1.158780381208634935e+05 -9.263099939824314788e+04 -9.128849832544825040e+04 -1.068009266168524045e+05 -9.275264452517149039e+04 -7.574976610616431572e+04 -8.976375707163219340e+04 -1.194198385298659559e+05 -1.003288474182775244e+05 -1.113353212445506360e+05 -1.511129909867299721e+05 -9.099313183047296479e+04 -6.034093799753463827e+04 -1.194097038684410509e+05 -1.277710743495842908e+05 -1.007736042972833384e+05 -1.253744661418017931e+05 -9.900430880486918613e+04 4.107063942210376263e+04 2.090349818216040730e+05
5.182871573357258603e+04 4.828227517151390930e+04 2.041804047257756974e+04 1.559323097651941862e+04 1.252365315987844951e+04 -1.787173854972941626e+03 3.057463766963336457e+04 1.760362474087735973e+04 1.217057996531360550e+04 2.299903513150637446e+04 -4.979785655741608934e+03 1.652351841228659032e+04 2.434740758093539625e+04 -4.927605094708269462e+03 1.755200183528357593e+04 1.909943950115115149e+04 -4.688327759940890246e+03 1.824915381570463069e+04 1.537734287659986876e+04 -7.305630198825383559e+03 -1.150612222292688966e+04 -5.501691818935752963e+03 2.153002539096637338e+04 8.772227493318627239e+03 -4.046487688203348080e+04 -5.195056819502744474e+03 2.249571609034307767e+04 -8.064255758072264143e+03 -7.050282552372693317e+03 2.296813381108237081e+03 2.618014771549488069e+04 2.860834714370430447e+02 -1.449107841908716364e+04 2.818441838040592847e+04 1.759342093355359975e+04 -2.280042522921568889e+04 -2.410095148210521438e+04 2.240878444848934305e+04 1.209295894499534916e+04 -2.698547907086313353e+04 7.168141274451321806e+03 1.090952815517112322e+04 -4.842243520193720178e+04 -5.568824573376323679e+04 -1.488428062296588905e+02 2.393121604109175678e+03 -2.623472668681645882e+04 3.384897471405056422e+03 5.967988896474690409e+04
-2.318488143218564219e+05 -7.668217110011026671e+04 2.875676543917505478e+04 2.485086333006617497e+04 1.989176468370715156e+04 3.137776857329296763e+04 1.180185810924740508e+04 2.509647885191955720e+04 2.035240393539430806e+04 5.042593218386173248e+03 2.891601719136821339e+04 4.897578828327823430e+04 3.129512935207455303e+04 3.141557406925101532e+03 -2.243896100553683937e+03 2.586716672929475317e+04 2.844165973830979783e+04 -1.874341693473979831e+03 2.261904389073606580e+04 2.619466116448165849e+04 2.173545418452698505e+04 2.813180447090417147e+04 2.011984236596617848e+03 1.577827668050292414e+04 4.709164675878139678e+04 2.849102373002108652e+04 1.759437872678972781e+03 2.464015064790152246e+04 2.642696405673632398e+04 9.293533993768505752e+03 3.307668178545997944e+04 6.052979490166780306e+04 4.552690982876846101e+04 7.866868658165971283e+03 2.347207719314628048e+04 6.548558585200208472e+04 3.767392495356017025e+04 1.327066625235602260e+03 1.866301338101027068e+04 3.493707876681571361e+04 1.500883808650518768e+04 -3.693187972996360622e+04 -1.256029567978108535e+05 -6.356471952286715386e+05 -1.253673454245145665e+06 -1.034945121646448504e+06 -4.244566015916630859e+05 -1.428551169743882492e+05 -3.042361932777334005e+04
-4.426374384056538111e+04 -4.740861293539631879e+04 -7.352455452200950822e+04 -1.035421717763529159e+05 -5.629242138995323330e+04 -1.864204017561860383e+04 -6.469369353755604243e+04 -1.046152835187968449e+05 -8.257763263740355615e+04 -4.497693263954712893e+04 -4.829443208815070102e+04 -5.555558848194780876e+04 -9.997034557018191845e+04 -1.013982345728436194e+05 -2.741974478994960373e+04 -5.306644363503452041e+04 -1.043904503560043522e+05 -8.160063984891164000e+04 -5.721239732694809936e+04 -5.414655730797674187e+04 -8.619062054145596630e+04 -1.070331928532686288e+05 -7.970460407086662599e+04 -6.655989462800783804e+04 -6.279907248186640209e+04 -8.212432554864772828e+04 -1.097330721069010906e+05 -8.759696537628787337e+04 -5.901898509328014916e+04 -7.672005508997256402e+04 -1.081577569470390445e+05 -8.168217003840231337e+04 -4.286315796285658143e+04 -5.343799236521578860e+04 -9.350233378587313928e+04 -1.071692515540053137e+05 -8.063623223715694621e+04 -6.273871118843101431e+04 -7.358215053885919042e+04 -8.559926480345870368e+04 -7.850694439723156393e+04 -7.560203136497887317e+04 3.050426712288754061e+04 5.831771371030530427e+05 1.201383271132654510e+06 9.838509362208398525e+05 3.435690140302160871e+05 6.790973594208515715e+04 1.310461946850339882e+04
6.571288154431380099e+04 6.265957149123999989e+04 3.740884029917651787e+04 8.048531821405049413e+03 6.125745736062526703e+02 -1.596213022887241095e+04 -8.758694877615198493e+03 4.669213102024514228e+03 1.001872014894615859e+03 3.868200251861708239e+04 7.421793762768968008e+03 -2.757777440798241878e+04 3.583464284252841026e+04 8.256144339975435287e+03 -5.257306282815989107e+04 2.388177738175785635e+03 3.137719023507100064e+04 -2.635084112058393657e+04 -1.104887751571368426e+03 2.860215276363305748e+04 -3.683146325929614250e+03 2.930752093961928040e+03 3.894297028600703925e+03 -1.000708331848721718e+04 -3.359635713190078968e+04 1.533865556702774484e+03 2.812652243184845429e+04 -4.139337484084535390e+03 2.534520889486867236e+04 7.936531925224466249e+03 -2.341466643440077314e+04 2.673153269279340748e+03 1.421294789732195204e+04 3.246192813909141114e+04 1.962852878932596650e+04 -2.135935875150596257e+04 -2.136851767369074514e+04 -3.232861096621491015e+03 -1.368846275028766831e+04 -2.509391861181933200e+04 -4.493827927683037706e+04 -6.998566862137528369e+04 -7.596396095963404514e+04 -8.199327005160762928e+04 -8.217466582224029116e+04 -8.322014878358435817e+04 -1.125987139705106383e+05 -1.652623679980742745e+05 -2.204850397675153799e+05
-6.472602479188935104e+04 -1.376209829322760197e+04 4.256879318883871019e+04 6.788433321897171845e+04 3.267182145063998178e+04 1.539581738587002474e+04 4.984776102704925870e+04 6.398524153337349708e+04 3.439828277827479178e+04 1.812272496637886798e+04 4.011664031306288962e+04 3.147857335803571914e+04 4.201060250372393057e+04 6.927965534239771659e+04 7.379645768669433892e+03 8.784849416697514243e+03 6.519313931057698210e+04 3.460163000301690772e+04 6.317192377464380115e+03 8.653015168965794146e+03 3.059727280255168444e+04 6.524259179626827245e+04 3.949676801712490851e+04 2.566310819878696930e+04 2.925209479551989352e+04 9.657059610472060740e+03 3.635434629279200453e+04 3.313598815584555268e+03 -2.170648561266734032e+04 4.381701290374639211e+04 3.974070722091721836e+04 9.821482929692196194e+03 -6.990849496214592364e+03 -4.294130750640761107e+04 -5.663488472695456585e+04 -9.868178872828121530e+04 -1.822141761583044135e+05 -2.486518781099589542e+05 -3.443085218628398143e+05 -4.972994227026342996e+05 -6.312284827249838272e+05 -7.443303211283645360e+05 -7.537942023258054396e+05 -6.203230094644827768e+05 -4.812507174085490406e+05 -3.439784839638730045e+05 -2.327362959572931286e+05 -1.995411126525136642e+05 -1.975274821626916528e+05
-1.717329817742574960e+05 -1.196810733980964869e+05 -8.847401913517399225e+04 -1.163409688087994000e+05 -9.886462821013992652e+04 -6.327614924375666305e+04 -1.112043190031544073e+05 -9.639251665852498263e+04 -7.034164130978751928e+04 -8.809274312894558534e+04 -6.738570342364266980e+04 -7.696203947125456762e+04 -9.374351895006827544e+04 -6.592935366090387106e+04 -7.488143217487959191e+04 -1.015076071949442849e+05 -1.003518410801191349e+05 -1.041321449630777352e+05 -7.739756803377531469e+04 -7.629106815642444417e+04 -1.102578973450001795e+05 -1.032678559780470096e+05 -1.020066584885355551e+05 -8.913586419512284920e+04 -8.654845204146136530e+04 -1.073360161439632066e+05 -8.142062091268575750e+04 -8.780248931521782652e+04 -1.135597175094881095e+05 -1.040133973883348517e+05 -8.106080711993854493e+04 -2.856698582501825877e+04 -4.629671339615038596e+04 -5.401413124869577587e+04 1.597791949723614380e+04 5.785275504458718933e+04 1.152118893392616883e+05 1.901397151398125570e+05 2.930385381742957979e+05 4.523899517292724922e+05 6.043322996722434182e+05 6.939331712271097349e+05 7.188097961907605641e+05 6.326399679313185625e+05 4.657528187331642257e+05 3.517580890940725221e+05 2.676955874546547420e+05 1.898055026211658842e+05 1.366223008735654876e+05
5.011655330803478137e+04 1.027458892666618340e+05 1.072461341938469559e+05 5.250509606092236936e+04 7.023946053144754842e+04 7.835671819542767480e+04 3.033255118323717033e+04 4.605045004194835201e+04 4.577481715154135600e+04 5.573451734206173569e+04 4.884035082533955574e+04 -1.599786806560587138e+04 -4.469299663614947349e+03 2.426909507456002757e+04 -1.251089080702513456e+04 -3.891281794640235603e+04 -9.735328969836817123e+03 1.511288551177131012e+04 -4.069151479023275897e+04 -6.767565113434102386e+04 -1.788396856863982975e+04 -3.809666783839947311e+04 -9.209932615776802413e+04 -7.865173892729228828e+04 -4.789735917816864094e+04 -6.901663032651401591e+04 -1.274070096804645145e+05 -1.057595639300417970e+05 -7.511462114023731556e+04 -1.220644331054064387e+05 -1.270859372834093519e+05 -1.033722975867569185e+05 -1.225085322154340538e+05 -1.572788292096810183e+05 -1.433926122420233150e+05 -1.303286776551975636e+05 -1.571025459966040507e+05 -1.669106178058430669e+05 -1.774128994191412930e+05 -2.164293596660712501e+05 -2.355594319768718560e+05 -2.059718433290261310e+05 -2.137643867442960618e+05 -2.460571095865456155e+05 -2.464710251241928199e+05 -2.812253142098772805e+05 -3.114538253159848973e+05 -3.036360402379061561e+05 -2.991608330528782681e+05
1.095270775436074182e+05 5.078942050196928176e+04 2.837102025456260890e+04 1.925942809320971719e+03 -3.735008670802926645e+04 -2.437965173157892423e+03 3.237531127437249233e+04 2.104515254701254889e+04 -5.992007490131029044e+03 2.877728364546783268e+03 2.289419365843059495e+04 1.339881474093998258e+04 2.538464859972007980e+04 -1.730150396761018783e+03 1.701626851223409176e+04 7.538080710393846675e+04 1.952961455855998793e+04 -1.161585654888764839e+04 4.617044862505278434e+04 7.488842642225784948e+04 4.010220046737237135e+04 4.869323730818019249e+04 7.997468970745120896e+04 3.707995498640235746e+04 3.969702022615837632e+04 7.531385998066974571e+04 7.350144208816345781e+04 6.709987254551390652e+04 7.022871136141463649e+04 8.012937400140805403e+04 7.554289698571665213e+04 7.061705292697297409e+04 5.073736769583809655e+04 4.636999138310772832e+04 3.229604639578610659e+04 -1.231741740572033450e+04 -3.821448913106007967e+04 -1.342482038427263033e+05 -2.603856935788640985e+05 -3.863835760208884021e+05 -5.802928862953578355e+05 -8.432773262934644008e+05 -1.057074013263915433e+06 -1.090490286751593696e+06 -1.005127411719879834e+06 -8.096198166135561187e+05 -5.485123913738057017e+05 -3.634317759078107774e+05 -2.401472828662302345e+05
-5.956154702580536832e+04 -5.037357120309010497e+03 2.961042849085059424e+04 3.190497980045619624e+04 2.051155551278498024e+04 2.674995335459242051e+04 3.310805730870923435e+04 2.209641858760733157e+04 5.248586957779475051e+04 6.098098884947828628e+04 2.383300730405607101e+04 1.436235838569701446e+04 -2.046820535033468332e+03 -7.255322849960066378e+02 4.654796697897835111e+04 1.964794045808947703e+04 -8.242077296890856815e+03 1.766085759329143912e+04 -9.734985454124398530e+03 1.876490290567743068e+04 1.212915983283903915e+04 -6.538224166288278502e+04 -3.394926413719082484e+04 8.919880928588114330e+03 -4.644023412402039685e+04 -9.744528179959158297e+04 -7.101008357392842299e+04 -7.802865711360951536e+04 -1.331227888606370543e+05 -1.239110877111668815e+05 -7.131393715128072654e+04 -7.703185472229999141e+04 -1.267587455574544147e+05 -1.022005137318047928e+05 -2.953138992015726399e+04 -1.667853251739859115e+04 -1.339693169866217067e+04 3.608519784815149615e+04 8.485018326929991599e+04 1.055240866274104337e+05 8.779098325147054857e+04 -2.791985120187670691e+04 -2.985136502710512141e+05 -4.173062478183421190e+05 -1.540218877239406575e+05 1.024806788013663609e+05 1.616107146578729153e+05 1.733914758951864205e+05 1.812371581350415945e+05
1.413564167806179030e+05 2.411235278879757971e+04 -8.407405208505224437e+04 -8.107581346121151000e+04 -6.420785026246448979e+04 -8.760435543052153662e+04 -5.297179125453112647e+04 -6.364285271993139759e+04 -6.101067868759855628e+04 -5.325115679297596216e+04 -6.270262797217583284e+04 -4.342775471741333604e+04 -3.126621200528461486e+04 -3.003043805074412376e+04 -4.028778397390851751e+04 -9.872588117432082072e+03 1.926873796328436583e+04 1.653019186196615919e+04 -1.089007326576393098e+04 1.726158638106426224e+04 6.813103636057325639e+04 1.903963623830303550e+04 2.182136197050567716e+04 9.382963682495732792e+04 9.589447743608581368e+04 7.356273485958809033e+04 1.002699115299037658e+05 1.514083019323882181e+05 1.254405640572078992e+05 1.060967951815109700e+05 1.302536524919560179e+05 6.674073090922285337e+04 1.705387785448692739e+04 -1.601724564621667378e+04 -8.839872840355394874e+04 -1.922439203635436716e+05 -3.349468873190927552e+05 -4.025564253472846467e+05 -3.837838681307036895e+05 -2.764351958894978743e+05 2.629952317540487275e+04 4.948936972377109341e+05 1.015402031535047106e+06 1.309900620095143560e+06 1.109279014237112598e+06 6.953996108888513409e+05 4.045237590864413651e+05 2.411928656237435061e+05 1.321928446012279019e+05
1.131947781503549777e+05 5.337650896079139784e+04 2.799697911832481623e+03 3.504146418097650167e+04 8.092700967419659719e+04 5.724707415298325941e+04 3.406661982357036322e+04 2.369314813782693818e+04 5.578468789550242946e+04 6.342880427459016209e+04 2.490479226660676068e+04 4.455377928185038036e+04 5.696076886379159987e+04 2.942212881142040715e+04 4.822218775225337595e+04 5.006018017214949941e+04 2.134771181910767336e+04 4.795959318871606956e+04 4.987158445001114160e+04 1.995811661588959396e+04 4.225744363764519221e+04 5.124092377198382746e+04 -3.892567879229347454e+03 1.078182880533838761e+04 4.184115150012064259e+04 -1.007275589188782033e+04 -4.165906392154285277e+04 -1.364778675441632804e+05 -4.263750382966817124e+05 -1.061742931180052925e+06 -1.594995024324743077e+06 -1.251195179795320844e+06 -4.831486872822311707e+05 -1.844870834174845368e+04 1.722910677787149325e+05 3.019513730463217944e+05 4.521775489870926831e+05 5.905350945162365679e+05 6.988677862656181678e+05 6.913725860838876106e+05 6.452737251040538540e+05 6.178559828430311754e+05 4.943338355357977562e+05 3.774609853647421114e+05 3.204243814307855209e+05 2.550839891115895007e+05 1.972913556531422073e+05 1.806775448773982062e+05 1.895139232079929207e+05
-3.255010309469070053e+05 -2.096919714458636008e+05 -8.408959815744322259e+04 -7.986539203469874337e+04 -1.802431445728871040e+05 -1.758283390029101865e+05 -1.119490702330949716e+05 -1.217283584142571781e+05 -1.762402374931843951e+05 -1.693453594367019832e+05 -1.502978157624602318e+05 -1.887728649360360578e+05 -1.762585068363111932e+05 -1.455120654226627667e+05 -1.853446404443820938e+05 -1.834948676297792699e+05 -1.542306347482372075e+05 -1.566751678477157839e+05 -1.838063671853158157e+05 -1.853145535421206150e+05 -1.631325315922731534e+05 -1.834911389907938428e+05 -1.512641868830546737e+05 -1.074341737636132166e+05 -1.059688298922260292e+05 -1.000391064505674876e+05 -7.348090889048762619e+04 3.630789693008409813e+04 3.902895096121923998e+05 1.073036040032167220e+06 1.566652537490298739e+06 1.298366805588884046e+06 6.334405082068443298e+05 2.205608883028620621e+05 1.189068598850280396e+05 1.022953548599616770e+05 4.760642741981409199e+04 1.009311437781435961e+04 7.995376686449744739e+02 2.238056111120380228e+04 6.369295269571027893e+04 3.479386411112536734e+04 2.765909551817452302e+04 2.777245536766693112e+04 -9.004243195522576571e+02 2.091102948033943539e+04 2.149596866132906871e+04 3.478661684959591366e+04 1.035054573306106031e+05
1.174380721733905375e+05 5.586625695112161338e+04 5.111062285140971653e+03 1.136171506979723927e+04 2.926895445154514164e+04 3.198344387725228444e+04 3.554825379542302107e+04 2.741810312611056725e+04 3.445528473617741838e+04 9.068700749485287815e+03 -2.701803496456646826e+03 5.020460577623447170e+04 6.310629045736277476e+04 3.582470137043856084e+03 -7.059293812781106681e+03 5.635518159804638708e+04 5.539858902164280880e+04 2.339374827774008736e+04 2.747490863112034276e+04 2.442552789463661611e+04 4.751279164571291767e+04 5.750920570775622036e+04 3.094270848610909889e+04 1.707477731251859223e+04 1.809118684614080121e+04 5.390675993839965668e+04 5.123214644438106916e+04 4.396454874833588838e+04 4.673463886661929428e+04 2.411156585265413742e+04 4.944901737326277362e+04 4.166821167920694279e+04 4.681894333974923939e+04 7.708759197994369606e+04 3.336517071118560852e+04 1.364344733476165857e+04 5.011515838501516555e+04 7.445668749598566501e+04 3.522770069394044549e+04 2.940128947579061787e+04 7.308760512591124279e+04 4.158887804369484365e+04 3.447301449516077992e+04 6.833005742373655085e+04 3.850748715543924482e+04 2.779914958577128709e+04 6.011123225674981950e+04 1.640804385126190027e+04 -9.235669300483993720e+04
8.687122126342722913e+04 8.670827203663066030e+04 3.584552645392250270e+04 -1.900901471322865109e+04 -6.595246278448030353e+02 1.465392094105482101e+03 4.359212263370864093e+03 2.774585427541754325e+04 4.897008445987070445e+03 9.270232043054420501e+03 2.791923350217984989e+04 -1.051544459391146665e+04 2.422948242165148258e+03 3.468453941604819556e+04 2.408766307577023690e+04 2.674615243362497131e+04 -5.509657660440934706e+03 -6.739576255204141489e+03 2.892397930670993810e+04 2.527529870247234066e+04 1.772567938052813406e+04 -2.977680632902862271e+03 1.171678674290888011e+03 4.953280484158300533e+04 1.934380504244446638e+04 -6.687066949380223377e+03 2.156373100966445782e+04 1.426350453286434640e+04 1.694903368421360574e+04 2.438451938709475507e+04 1.914434946927941564e+04 1.095805301913058793e+04 1.522116398467917861e+04 1.569800008612221791e+04 2.944048638164505974e+03 1.318255330872481863e+04 1.956870152818733186e+04 1.394387114123676292e+04 3.653430256323179492e+04 2.576533137471415102e+02 -1.744238604238459084e+04 4.333183785987773445e+04 3.629854440601765236e+04 9.308258240344031947e+03 1.004281265108150546e+04 -1.523457921866793185e+03 3.474081296009098878e+02 -1.171665660658574780e+04 -5.830828894075192511e+04
-6.989886496448889375e+04 -6.766881282674148679e+03 3.631044793728506193e+04 1.254494401102419943e+04 9.100029157707467675e+01 3.295909818727523088e+04 3.570719997514970601e+03 -3.250027273315819912e+03 3.738139878289087210e+04 9.416140057728625834e+03 -3.396885240799747407e+03 2.121067195781506598e+04 2.627236362022813410e+03 3.805279863299801946e+03 2.478350736084394157e+04 -3.831470215518493205e+03 -3.717038584203692153e+04 -6.543046151637099683e+03 6.204784535919316113e+04 2.610153245506808162e+04 -4.467548221204185393e+04 2.890624023624730762e+04 6.485438337665994186e+04 -1.126812637608940713e+04 -1.081524345354398247e+04 2.514565096760634333e+04 2.245789534732466564e+04 1.522684112453146372e+04 -1.383097775629709940e+04 2.449307087692455389e+04 5.087997623981221113e+04 1.060584383143566083e+04 4.523275171348371077e+04 1.515812310739443637e+04 -2.856496211141336244e+04 4.393307159072696231e+04 5.106402816454635467e+04 1.487591745477402583e+04 3.837145512690744363e+04 3.411104723927553277e+04 1.626444367488147691e+04 1.438020125351625029e+04 7.724632794852368534e+03 4.496462759969325271e+04 4.558209238864993677e+04 3.300438677659246605e+04 3.559151011984783690e+04 -7.003922700823587365e+04 -2.422449392994144000e+05
1.174078009655931965e+05 5.475094005989376456e+04 3.540201072231866419e+04 4.364700076490407810e+04 3.132291873276699334e+04 3.228977320250123739e+04 6.548094573168779607e+04 9.111978676955919946e+04 3.753473243414203171e+04 8.480318305955734104e+03 5.901554378593584988e+04 8.465189267735695466e+04 9.750973574758972973e+04 6.667429433204233646e+04 2.444655947823770111e+04 5.939316247444372857e+04 5.725059922726370860e+04 5.664882503391709179e+04 9.466092736198334023e+04 5.785281959455460310e+04 5.005613877612631768e+04 6.070692556473659351e+04 6.527066216105606873e+04 8.454609842941851821e+04 5.288546231109637301e+04 5.698740735067962669e+04 5.432527700031630229e+04 4.719119034969492350e+04 8.161350421345548239e+04 5.594106109958363231e+04 5.080374710203590803e+04 4.190071619232150260e+04 1.219096629065473098e+04 4.633265526936133392e+04 6.665872013778425753e+04 4.329447777679865249e+04 1.881355610938044265e+04 4.689546532550593838e+04 7.087668094493006356e+04 3.510995361633831635e+04 1.709736581891775131e+04 1.488519860082329251e+04 4.050590417085890658e+04 4.682437483628722839e+04 1.526743518479657359e+04 3.417987739609088749e+04 3.714389464759710245e+04 5.943708248727396131e+04 1.428362141636894085e+05
-4.671505681617418304e+04 -4.467910060862777755e+04 1.465282686985970940e+03 4.308283213817045907e+04 3.107498283032327890e+04 6.386072297842471744e+04 6.406608463847075473e+04 -6.319281500764263910e+03 5.154642624256579438e+03 7.194855020468818839e+04 5.823312947934021940e+04 2.044281007867540029e+04 3.310850445996037161e+04 3.386777985258957779e+04 5.631380031671140023e+04 5.959521750482960488e+04 2.445259733562126348e+04 5.666698089946291293e+04 6.356181098904924875e+04 2.543076826696051285e+04 1.747344832983799279e+04 2.828905005910203909e+04 6.545664706442054012e+04 5.334634811413718853e+04 5.331243973865653970e+04 5.690155999676804640e+04 2.183965564036043361e+04 4.728515553550102049e+04 4.959919945395097602e+04 5.529394039534975309e+04 5.024027327919623349e+04 8.729614813928434160e+03 4.259143763891188428e+04 7.790325981739436975e+04 3.439511042437498691e+04 9.884155667095794342e+03 5.027216886810510186e+04 4.711130821495328564e+04 3.916692941624193918e+04 6.829752833698852919e+04 5.002586021204455756e+04 1.505733698257256765e+04 8.880127735610585660e+03 4.826471941254602280e+04 8.088738116726768203e+04 6.722117328143189661e+04 3.810492028860584833e+04 -3.513760559726157226e+03 -4.792314095888240263e+04
-8.366459664131978934e+04 -1.476260370283851807e+04 3.266513217153260484e+04 4.226760260557057336e+04 6.359916070359759033e+04 6.337332370021613315e+04 2.962720349984007771e+04 2.491661141713851248e+04 3.734832173766335472e+04 7.130080637609350379e+04 5.721931118518111180e+04 5.275666125089622801e+04 6.519154196372255683e+04 3.262735408497974277e+04 2.286790645535796648e+04 2.632610334141651401e+04 5.625665793748333817e+04 5.627146633807569742e+04 6.384008363704197109e+04 5.757410437072388595e+04 1.646894383651670069e+04 2.735433345253125299e+04 3.215908250364020932e+04 5.366117843397636898e+04 5.338147513888520189e+04 2.346182124165340792e+04 5.395637012115924153e+04 4.713556104805332143e+04 1.628811092698015273e+04 2.134587226202711463e+04 1.642499041743564885e+04 4.017963306832849048e+04 4.059751027147320565e+04 1.122965930146153551e+04 8.706854766933247447e+02 7.895368813478737138e+03 4.926306318666343577e+04 4.701762875512952451e+04 6.276484290137770586e+03 3.618963396293111145e+03 1.793802950094686821e+04 4.787500535137951374e+04 4.210219402186328080e+04 -1.574727851082605775e+04 -1.579474630765640177e+04 3.575231655559025239e+04 3.954372799722466152e+04 -1.840123537694569677e+03 -4.573216115706507117e+04
1.098163645967724733e+05 4.637774235365213826e+04 -5.824690269073442323e+03 4.731127186678349972e+03 2.810878957534441724e+04 2.705184870021184906e+04 2.434834370476892218e+04 -1.317020320508169243e+04 -3.295057591632942786e+04 4.326806621975265443e+02 1.997109991993056610e+04 1.742725006915861741e+04 2.926135411922587082e+04 2.910109667252979125e+04 2.019817869528193842e+04 2.402491238928635721e+04 2.007119984511521761e+04 -1.339193604828324169e+04 -4.433815825032070279e+03 2.229543211200507358e+04 1.406777142663486302e+04 5.901757659303274704e+04 6.396537484950400540e+04 -1.421874787280085729e+04 -1.490093428234086605e+04 2.129361345636425540e+04 5.306716209830500884e+04 4.676395484304527054e+04 -1.926680018659675261e+04 1.858007063623546856e+04 4.800188819936016807e+04 4.872441524930705782e+03 3.670168095559405629e+03 8.469394437270238996e+03 3.331647820741648320e+04 3.876481063576659653e+04 1.406876391876721755e+04 1.346722654765477637e+04 5.826869607553875539e+03 4.052447901049104985e+03 1.852138246089452878e+04 4.871625528612633934e+04 4.371195349172910210e+04 1.921169473702320829e+04 1.853749195346620400e+04 3.680999887583311647e+03 4.191979463998036226e+04 1.013945298112225719e+05 1.251672471879264340e+05
-6.618475828901861678e+04 -6.026350436033681035e+04 -8.705830062972410815e+03 7.149812963587464765e+04 6.120038618915714324e+04 2.522542953229275008e+04 2.165968672197776323e+04 -1.577957499830525194e+04 3.397211680276070547e+04 6.712619953643294866e+04 1.770111178338996251e+04 5.063050185039167991e+04 2.752797788823954761e+04 -7.558934309927280992e+03 5.316657144023335422e+04 5.712369470449627261e+04 1.819578537280907040e+04 1.904218376643254305e+04 2.855406675429546158e+04 5.523758150113280863e+04 4.694338330737082288e+04 2.325798971229238668e+04 2.823995591636054451e+04 5.323008152859966503e+04 5.233736966882116394e+04 1.956496461614733562e+04 5.194728883740038145e+04 4.592068834725080524e+04 1.322557308478269260e+04 1.660703514848137274e+04 4.661068487417633878e+04 3.749791786191018764e+04 1.151764857641013805e+03 4.068750708742276765e+04 6.660668273078044876e+04 3.692440389393607620e+04 1.207581262540782336e+04 1.224684722634276841e+04 3.880073294276348315e+04 7.150875742983748205e+04 1.761693279695417732e+04 1.381191894237371162e+04 7.751412152836541645e+04 5.316551251627947204e+04 1.798083818663144484e+04 3.692782456957502291e+04 7.600882850412768312e+04 3.445259149331913795e+04 -7.698871092085028067e+04
-7.403865497122745728e+04 -6.662555717251956230e+04 -4.877072983974352246e+04 -2.269146843464113772e+03 -1.180831204605055973e+04 -4.880414685991132865e+04 -5.367288346635177732e+04 -5.573047087702434510e+04 -4.276785356341977604e+03 -6.781110853480640799e+03 -5.702017422183422605e+04 -5.731343813415151089e+04 -4.635248618142210762e+04 -1.198097649961709976e+04 -1.963891748338937759e+04 -5.071677625091982190e+04 -2.026293639122750028e+04 -1.899682200077222660e+04 -4.383569314202759415e+04 -1.696354919986333698e+04 9.975114008411765099e+03 -1.445590359682691633e+04 -4.455286765616628691e+04 -1.768607604404694575e+04 1.639884722448186949e+04 -1.754203437303644023e+04 -1.921120478713401826e+04 1.039544369821670989e+04 1.199509768222919956e+04 1.467046448553445225e+04 -2.418354478140811261e+04 -3.297279982158199709e+04 -8.834122907137643779e+02 5.016010965337030939e+03 3.252114563074440230e+04 3.612234239990364586e+04 1.105463803425664082e+04 1.230737910460450803e+04 4.735637123812979553e+03 3.750784950389061123e+03 1.820283011591533432e+04 4.887641120440082159e+04 4.492758439184387680e+04 2.071922651433857391e+04 5.369412963365888572e+04 3.845344047003882588e+04 9.518912315252353437e+03 7.112608805647949339e+04 1.657173033081912436e+05
2.776643136472557089e+05 1.424969995030551217e+05 5.314168715325655648e+04 6.445918312965659425e+04 9.191927052190294489e+04 5.401365125842863927e+04 4.776294075098121539e+04 8.243124187312810682e+04 6.326794709457317367e+04 2.360469653096515685e+04 4.464258048421482090e+04 8.168705508694984019e+04 5.573392347083427012e+04 1.808531512040644884e+04 1.115536908793728799e+04 1.540870305529097095e+04 -1.699173331283961888e+05 -5.278533035956205567e+05 -6.238699552672912832e+05 -3.803602617260183906e+05 -1.007067582715536410e+05 -1.820904681313561741e+04 -4.901876451796860783e+04 -2.010981286497565452e+04 -2.126094654813656234e+04 -5.649811284500171314e+04 -2.190650261094546295e+04 9.015810457349289209e+03 -2.516310770035476889e+04 -5.879258029803168029e+04 -2.646625701570897945e+04 8.516743531799293123e+02 -3.851750441885093460e+04 -3.199678488919761730e+04 -2.597579600405937526e+03 -3.550149722985213157e+04 -6.065278200461767847e+04 -2.269884600391384447e+04 4.046276921057130676e+04 4.585843015520367771e+03 -5.159673120331717655e+04 1.486544465908029815e+04 4.696015606197749730e+04 -1.229460607515677111e+04 -1.438804869423649507e+04 5.596551579073944595e+03 -2.305741351767233573e+04 -3.042010710632911650e+04 -3.980202691745478660e+03
-1.207591771223815012e+05 -3.889183045306707209e+04 1.642482479161115771e+04 2.785021436691749113e+04 -1.670805395551724359e+04 -5.457977131329242548e+04 1.146810199104947242e+04 4.643675258994331671e+04 -8.725267871341144200e+03 -4.837156175955895742e+04 -2.708305580599693349e+04 1.031714382144856791e+04 -1.553548457944998518e+04 -1.702850913745351136e+04 1.232976549566956237e+04 1.670953003776958212e+04 1.911705447512210521e+05 5.521485823762484360e+05 6.704869642609262373e+05 3.731091928319072467e+05 1.126839858011226170e+05 8.688620267959777266e+04 5.574478186812496278e+04 1.270143592380918562e+04 4.708370902924821712e+04 4.732651495636673644e+04 -2.575344518205395434e+04 5.082954513200093061e+03 4.220240261085575912e+04 8.037386421347036958e+03 4.024346973485068884e+04 -3.905451738392817788e+03 -4.388600630511075724e+04 -1.676744815195095725e+03 -4.336383456044143531e+04 -5.744915394462179393e+03 4.001914924068830442e+04 -2.854338085977372248e+04 -3.618895989522582386e+04 -1.193759912275709212e+03 -2.241019313776656054e+04 -2.658984035602782387e+04 5.982315155270043761e+03 -1.809554962004802655e+04 -2.053494593768869527e+04 -3.107732569333165884e+02 -2.898409379471582361e+04 -3.650054181140172295e+04 -9.822025071769952774e+03
5.697642542218090966e+04 6.737866001174552366e+04 5.047663760720752180e+04 2.542183421901430120e+04 5.406150186900049448e+04 8.883751737448616768e+04 4.542168452491748030e+04 8.047972863423667150e+03 2.555355372838675976e+04 5.800270942709172959e+04 7.958422486466591363e+04 4.503113847546057514e+04 1.840866287908283266e+04 5.299003920925314014e+04 8.299274314078499447e+04 1.467925902805276928e+04 8.960461753012947156e+03 8.327339741110333125e+04 5.844102540082528867e+04 4.916784009896217322e+04 4.084597568580652296e+04 5.093890308344291407e+04 9.195691186323543661e+04 1.311353974917466985e+04 1.156628867756840191e+04 8.388905209605579148e+04 4.654797056893570698e+04 4.178141489828715567e+04 4.305402367288491223e+04 4.438128446519857971e+04 7.704783957015012857e+04 3.279168172244646121e+04 -7.706432085251493845e+03 3.480614095431496389e+04 6.492123395320953568e+04 3.064226072252506856e+04 4.071666741307143820e+04 4.370279442373436177e+04 2.099411113886744715e+02 3.534694676927744877e+04 8.507456008606834803e+04 8.065399242215824779e+04 4.224787694634858053e+04 1.798695440898882225e+04 5.076964764361025300e+04 7.101350722019548994e+04 4.217446656548406463e+04 -1.002934925199719146e+03 -4.515839575353264809e+04
8.923003421892650658e+04 2.682424146303668385e+04 9.961883830546867102e+03 2.124962675996357575e+04 1.394762821728363633e+04 1.213947463664232055e+04 4.297498092928435653e+03 3.730223021120764315e+03 2.154000281676411396e+04 1.682901178166503087e+04 2.013124982768320478e+03 4.839700462762149982e+03 1.398775021545588970e+04 1.172007432731334120e+04 5.984514628071337938e+03 4.723334749374783132e+04 4.113554918702004943e+04 6.053165917692240328e+03 1.803311995958210900e+04 -2.822180296992883086e+04 1.800603623267961666e+02 4.673282121511863079e+04 1.467460590269183740e+04 4.583808084716997109e+04 4.415038962441019248e+04 6.951134913833811879e+03 6.087095235707354732e+03 1.919830449623987079e+03 3.039896488771657459e+03 4.035476730758103076e+04 3.748907389177475125e+04 -6.816869476170046255e+03 2.431056141591409687e+04 6.758727478416392114e+04 2.629346988222084474e+04 -4.577439483487966936e+04 8.436094061476178467e+02 7.726878324610891286e+04 3.312220704799995292e+04 -3.546170289628207684e+03 1.036183418385917321e+04 4.212808507843862753e+04 4.011335514864174183e+04 1.565383459848817438e+04 4.823539294739020988e+04 3.328631968557601795e+04 -3.131326989794638939e+04 -3.943342419544956647e+04 -1.238972087186854333e+04
-1.387019308857270225e+05 -5.136408732359993155e+04 4.397178327024448663e+04 1.788861016451843898e+04 -6.340529401932144538e+04 9.584172757458843989e+03 3.846483466797508299e+04 -3.634983560972622945e+04 -5.544709292065823684e+04 -2.320218407548961113e+04 -5.082534861867316067e+02 -3.409729308361414587e+04 -6.250178623304236680e+04 -2.770338008354883641e+04 -3.275284311413996329e+04 -6.530644404527267034e+04 -3.427387644274866034e+04 -6.925437657162544201e+04 -9.387175660958742083e+04 -2.909712988621321347e+04 -3.715752152202172874e+04 -6.443859876861092926e+04 -5.950068566191487480e+04 -6.406066618423204636e+04 -2.862411519919970306e+04 -2.909839662315772148e+04 -6.640680303680710495e+04 -3.322067115310352528e+04 4.857680980348959565e+03 -3.110223164869257016e+04 -7.020551113935653120e+04 -4.173011545207729796e+03 2.714822942012708518e+04 -3.888813525263668271e+04 -7.965381119574888726e+04 -6.162598899100325070e+03 4.088340596121258568e+04 -2.768461612140532816e+04 9.291876867061364464e+02 7.336123020591895329e+04 5.082041107409153483e+04 -2.590885312616560259e+04 -2.757200304098651395e+04 5.662342824129201472e+04 8.916960158851012238e+04 7.411225697287570802e+04 4.539376170752794133e+04 1.054255925410368945e+03 -4.397263159189606085e+04
8.327101018076075707e+04 2.135097658698214218e+04 -3.296255097637174185e+04 -5.951728001557057723e+04 -2.838201976323034614e+04 -3.013075900846160948e+04 -7.665251056867418811e+04 -1.142855035478716018e+05 -1.335613672155889217e+05 -1.389370786576181417e+05 -2.283741781581195537e+05 -2.241148795641497127e+05 -1.779563124195555574e+05 -2.179026845871702826e+05 -1.849490627340855426e+05 -1.052672925152000535e+05 -3.669409144524259318e+04 -3.452355588058706780e+04 -2.189117271074790915e+04 4.310526448709421675e+04 7.213847747712853015e+04 8.136028439941583201e+04 4.865256167366178124e+04 4.425785987812542589e+04 1.167132096979186463e+05 7.845513382548262598e+04 4.064835200406395597e+04 7.406308036093844566e+04 7.490115371387207415e+04 7.504663927131326636e+04 -1.314255965989781544e+03 -8.627587280643114354e+03 5.935938481445220532e+04 2.959144636202848051e+04 -1.127675082127103815e+04 -1.156856381625408540e+04 -1.104009971604682505e+03 -3.299048611690528924e+04 -4.081504091125691775e+04 -4.332976740843092557e+03 9.339328436763025820e+03 -3.136018270481110085e+04 -6.902338787127501564e+04 -2.047118944727088092e+04 -2.418928737082716543e+04 -7.498866922396683367e+04 -3.064860999467747752e+04 6.957349216885521309e+04 1.691150383176850155e+05
2.328356550962779438e+05 1.712574487118398538e+05 1.170703790849073557e+05 9.058722263580420986e+04 1.223907281691208482e+05 1.585962685823324136e+05 1.494895061975693679e+05 2.247676482956742984e+05 2.806564270594392437e+05 2.373028142549446202e+05 2.601654644051452633e+05 3.017384969690467115e+05 3.471641942011773353e+05 3.439181326900142012e+05 2.637236578771261266e+05 2.303536106378307450e+05 1.860365740556154633e+05 1.128226028161587892e+05 8.775895505910739303e+04 7.779260844079544768e+04 3.201403441256866790e+04 3.695566327660460956e+03 8.174604742671363056e+03 4.068538569554104470e+03 2.168375437031616457e+03 -3.623595114913757425e+04 -7.383182268531515729e+04 -7.715175828780059237e+04 -7.602904605650110170e+04 -1.127841810454266379e+05 -1.147808363032529596e+05 -4.739369325601716992e+04 -9.023156554962031078e+04 -1.567451306674046209e+05 -1.230625780348780681e+05 -1.232205213210543734e+05 -1.124576030889872927e+05 -7.021376743738085497e+04 -7.785834444803179940e+04 -4.117427041201147949e+04 -2.736179437779390719e+04 -3.151052309956893441e+04 4.214914461772423238e+03 1.616844034579125582e+04 4.850404157506983029e+04 3.403242375876283040e+04 4.177270808490045602e+04 1.783168451685903710e+05 3.507816400239206851e+05
3.871846565802104305e+04 5.396888441580813378e+04 3.769442763266852126e+04 -2.744866464083315805e+04 -3.238837210403289646e+04 4.669349616451654583e+03 -4.930767666373867542e+03 3.373307414934982080e+04 5.255957407789560966e+04 8.775847344659268856e+03 3.272915482637472451e+04 3.809487249178346246e+04 8.050503911508712918e+03 5.125345449196174741e+03 1.287700329266954213e+03 4.387895183434023056e+04 7.513685775600606576e+04 7.727565361623419449e+04 5.251391943282214925e+04 4.269587272952776402e+04 7.230746110784797929e+04 4.364062366454151925e+04 8.565694789023848716e+04 1.198610898395419936e+05 8.025246627716108924e+04 1.162511385726973531e+05 1.159451267079564277e+05 1.124521614957486454e+05 1.505420788575428596e+05 1.501450060927890008e+05 1.849911042835444387e+05 1.777810712324570632e+05 9.663152472407145251e+04 1.407138051532088721e+05 2.111937778367426945e+05 1.725264412845718616e+05 1.823288741501165787e+05 1.870892260581607115e+05 1.415209516001049778e+05 1.407186729882956715e+05 1.536427143399489578e+05 1.121495550865081605e+05 1.108591483440246666e+05 1.591704471694540698e+05 8.089839539432513993e+04 2.957670306263025850e+04 7.420440177753346507e+04 1.012007719997194363e+05 1.277835948046403937e+05
-1.620388388121500611e+05 -6.810982258524722420e+04 -7.409427447128109634e+03 -3.581394350971106905e+04 -4.014509209111565724e+04 -2.692152448289562017e+03 -5.221053611370734870e+04 -9.015280767052900046e+04 -7.150043872185063083e+04 -7.814960080722812563e+04 -5.341163467644935008e+04 -4.697485943121137097e+04 -1.172944500288575655e+05 -1.209369758371029748e+05 -8.534380633383989334e+04 -1.190861470557866851e+05 -1.259998960484518902e+05 -8.513939989643398440e+04 -1.099172145006014034e+05 -1.196261238961596391e+05 -8.898331819509604247e+04 -1.189554992158083187e+05 -1.527207966888093506e+05 -1.158256752195303852e+05 -7.930876075552073598e+04 -8.102620956720781396e+04 -8.031187118525846745e+04 -8.234519924590145820e+04 -1.191792008437912882e+05 -1.194738230877554161e+05 -4.434862024965713499e+04 -4.979382820543882553e+04 -5.656611034675777773e+04 -4.869480800814909162e+04 -8.844374620763119310e+04 -9.033257398376005585e+04 -4.190105410380038666e+04 2.371006681642029434e+03 -4.323399136046622880e+04 -4.350342162098956760e+04 -3.022672893916058820e+04 -3.406660424312611576e+04 3.773853876336943358e+03 -2.143743157328595407e+04 -2.665961801802070113e+04 -2.697139883239287883e+03 6.179493078380066436e+03 6.974115706805500668e+04 1.701718349655836355e+05
6.544954281533136964e+04 5.563871853519231081e+03 -1.069433081429451704e+04 -5.125870724441483617e+02 -3.938387101516127586e+03 3.429202441911908682e+04 6.194998467690308462e+04 6.290994064882403472e+04 4.287023655371749919e+04 3.603836679219965299e+04 6.136750241887060838e+04 2.959187987988124951e+04 3.590507558226817491e+04 1.094157836266094382e+05 1.067397420809720206e+05 3.386390182364260545e+04 6.525385761575296056e+04 1.060918520981794863e+05 8.084157216188029270e+04 1.093317278637550480e+05 1.012488733738427982e+05 7.022717740415828303e+04 7.412465821456874255e+04 7.274165912676829612e+04 7.041182059096178273e+04 6.799107819097110769e+04 6.837270066229393706e+04 6.607366714393731672e+04 6.659577500424336176e+04 2.731605090317293070e+04 -1.193067337415413931e+04 2.075402096059429459e+04 5.160377868363901507e+04 2.094616330025030766e+04 -1.898808018944691867e+04 1.608586587535648141e+04 2.644473155349248555e+04 -4.261718442139681429e+04 -5.091197362256958149e+04 2.417607818817475345e+04 3.672713710082438774e+04 -4.262203091697266791e+04 -4.188820935465616640e+04 7.644129214459098876e+03 1.716889705276233144e+03 -4.871243289351684507e+04 -3.957363264576962683e+04 1.358774635949494550e+05 3.859867966445717029e+05
2.403249123686691746e+04 4.243440856022061780e+04 2.608915713732136646e+04 3.591998752293869620e+04 7.172805712558329105e+04 3.205966087174607674e+04 2.046060860855504870e+04 6.044909884396480629e+04 4.012362088949891040e+04 -5.921283913776278496e+03 5.859384639130468713e+04 6.591638597863505129e+04 -6.057312414632178843e+03 6.757012783345999196e+04 6.524644888151669875e+04 -8.044698163284803741e+03 2.348927045473817270e+04 2.571131841337773949e+04 4.917316575301811099e+02 2.931364930351264775e+04 6.010280687856720760e+04 2.867956307803967502e+04 -6.145006908918730915e+03 3.172146887780388352e+04 2.947307878290291410e+04 -1.161970397370180581e+04 2.760010782454651780e+04 6.414420668035757262e+04 2.623567951901361812e+04 -5.171600188652530778e+04 -1.407088999170844909e+04 5.756186308892199304e+04 1.180991136730916332e+04 -1.898746709921408910e+04 -2.043860106525244191e+04 1.441080314427358098e+04 2.472035333164955955e+04 -6.422744344163220376e+03 2.307471376756427344e+04 2.235571607190649956e+04 -3.355204057006631047e+03 3.064505452814034652e+04 6.935535142751154490e+04 4.301219559041748289e+04 -3.881778351438650861e+04 -1.386713478364981711e+04 7.066858628793864045e+04 2.057091661379765719e+04 -1.049623825866724364e+05
5.890275473851955030e+04 -3.713621365022845566e+02 -5.610046774090721738e+04 -7.447359983634669334e+03 2.916095816763117909e+04 -4.982609983679139987e+04 -2.264184302330249920e+04 1.772785806475428399e+04 -4.221625213656807318e+04 -4.955109537229861598e+04 -2.334242062963312492e+04 -1.542440382298093755e+04 -1.001284152764128521e+04 -1.441111635096604005e+04 -1.618693719210568815e+04 -1.167429990164237097e+04 -1.905398242903174832e+04 -1.682205899036489427e+04 -3.048204982187598944e+03 -5.181116760300938040e+04 -5.950971423415455502e+04 2.534446161735127680e+04 2.909069197485235054e+04 -4.866028115182404872e+04 -5.090236981603049207e+04 2.412367589888139628e+04 -1.356933141622028779e+04 -5.384696027787879575e+04 2.428793422586726956e+04 -1.561258038273104466e+04 -5.461866039724578150e+04 -2.041903334436949808e+04 -2.785571248939970974e+04 -2.025705690321058501e+04 -2.124291947839083150e+04 -2.497028853162191808e+04 -5.293095592845935607e+04 -4.539074857893871376e+04 2.264136547106300713e+04 2.179581301374122268e+04 -4.247168649861164158e+04 -4.600541641120833810e+04 -6.286795588675828185e+03 -3.267952149733935948e+04 -3.931893835047987523e+04 2.437351560074597364e+04 -3.868457467761472799e+03 -1.304103618688518181e+05 -2.570344197863566224e+05
8.664091558894142509e+04 -5.099345214781351388e+04 -1.074047359888207866e+05 -5.929537127405632054e+04 -6.009066072234418243e+04 -5.939742943068273598e+04 -7.241065651236561825e+04 -1.506304132708465913e+05 -9.241856597131141461e+04 -2.032870766415726393e+04 -1.118178757352872926e+05 -1.420373673783617269e+05 -5.811550274898762291e+04 -6.286540158558633993e+04 -1.028104391761007428e+05 -9.807765144360024715e+04 -1.052702139283065044e+05 -6.314295320946256106e+04 -4.882644945726494188e+04 -1.370692615720326430e+05 -1.045066926185973280e+05 -5.887952677672743448e+04 -9.470022032153807231e+04 -9.236716886050993344e+04 -9.435095798398827901e+04 -5.776003392471477855e+04 -5.562341539800417377e+04 -9.520402752503298689e+04 -9.411566880356974434e+04 -5.621159957110637333e+04 -5.522257664182665758e+04 -9.732675087783741765e+04 -6.558653937361715361e+04 -5.768935457745078020e+04 -9.643505795829696581e+04 -6.198043488751864061e+04 -5.148950930277362932e+04 -8.168216191639669705e+04 -5.141761579550802708e+04 -1.363313192588975653e+04 -2.008142982085584663e+03 -4.340999306266871281e+04 -7.912574470858066343e+04 -2.927878362679586280e+04 1.868395565834362060e+03 -4.721181856613827404e+04 -7.510262252588290721e+04 -5.155453122017218266e+04 -2.827636104629980400e+04
4.360490616934845457e+04 -1.373127592203678796e+04 -3.024998036009492353e+04 -2.248414707399206236e+04 -2.287288246559910476e+04 -2.190350619232049212e+04 -3.521726219099946320e+04 -3.366101555642671883e+04 -5.560478747414884856e+04 -6.345996276795625454e+04 -3.500230265926802531e+04 -2.516005642566602910e+04 -2.141434677148936316e+04 -6.635250293678836897e+04 -1.061448421023669362e+05 -6.168033696914781467e+04 -2.917386380897369236e+04 -6.668842704326377134e+04 -9.226131616916968778e+04 -6.146649962553053047e+04 -2.874956464103882900e+04 -6.304707426606924855e+04 -9.921987726498645497e+04 -9.641346039657943766e+04 -5.902511370833945693e+04 -6.195570818905232591e+04 -9.924134646076704666e+04 -5.985127845517138485e+04 -5.888481758185641957e+04 -9.971561978018147056e+04 -9.842847187188451062e+04 -1.009013213455912191e+05 -1.081654405835438520e+05 -1.003124544478486641e+05 -9.970979141216969583e+04 -1.433904582477404620e+05 -1.718171228171557887e+05 -1.236806259740844835e+05 -9.310532633215177339e+04 -1.327450619681618409e+05 -1.596850217288013082e+05 -1.231492188459384488e+05 -8.097497627575637307e+04 -1.081617914556413889e+05 -1.155023548414472025e+05 -8.681097362568811513e+04 -1.143498880192057695e+05 -9.150675693817972206e+04 7.917779059499502182e+03
7.067510994965559803e+02 2.434659444639692083e+04 7.934435856586787850e+03 -2.471751627774210647e+04 1.574663497856818140e+04 5.738725634757429361e+04 4.397179464431240922e+04 4.566627197928028181e+04 2.352190833771612961e+04 1.565814076137030497e+04 8.460331359383428935e+04 9.469600814918536344e+04 5.801820412365483935e+04 5.281763005885292660e+04 9.300666388415264373e+04 9.735344067506951978e+04 4.978972935554342985e+04 9.172931426670399378e+04 1.454814640933181508e+05 9.636660181335170637e+04 4.923195660114281054e+04 9.374962920730483893e+04 1.364102887402989727e+05 9.921439952187950257e+04 5.676276268117362633e+04 9.278110245038964786e+04 9.461780583078484051e+04 5.454681379836989800e+04 9.432921130792214535e+04 9.223004576837393688e+04 1.418817123834753875e+04 5.068359806580760051e+04 8.214151515101606492e+04 -6.770550962915841956e+04 -3.804874263203245355e+05 -9.712382007550310809e+05 -1.270762475095979404e+06 -7.110352487233480206e+05 -9.310439053777430672e+04 1.005058514178378973e+05 1.499784544273283100e+05 1.466926450963367242e+05 1.492560534898070619e+05 1.591794468552692560e+05 1.888622789521469967e+05 1.781186955276639201e+05 1.490526557737034163e+05 2.086457220438738004e+05 3.067878194435569458e+05
-1.658612347330200719e+05 -1.410945263697067276e+05 -1.170470343646593392e+05 -1.099037118101840606e+05 -1.087277279366389848e+05 -1.065116156672594370e+05 -1.198657372884916840e+05 -1.177126641737415921e+05 -5.936104055610485375e+04 -6.689055753493448719e+04 -1.577827776179767679e+05 -1.064885920134838670e+05 -6.266772446280810982e+04 -1.077315109726623632e+05 -6.631752506451448426e+04 -6.137379854975733906e+04 -6.836601615475956351e+04 -6.564645169011759572e+04 -9.107632531202374958e+04 -5.930830786295700818e+04 -2.577556807198585011e+04 -2.074728279054397717e+04 -1.722555628541158512e+04 -1.350355716393073089e+04 -5.523516730143479072e+04 -1.854064978484553285e+04 6.345492595457448624e+04 2.398553378850920126e+04 2.472514936525840312e+04 6.260566588462074287e+04 6.383192951063415967e+04 6.136546402442036197e+04 9.287413534766505472e+04 1.784627897478637751e+05 4.914573424754788866e+05 1.188246049214501400e+06 1.467645724143366097e+06 8.853671314599358011e+05 2.876958268889581086e+05 8.998750406375597231e+04 6.136617634416336659e+04 5.826878680061805062e+04 6.108729385188769083e+04 7.106758710200677160e+04 6.223753767350013368e+04 1.342169552488485351e+04 2.337359658529795706e+04 1.600236303650287446e+05 3.351208262098920532e+05
-2.176636030871304683e+05 -1.100181349684135057e+05 -4.573030992905842140e+04 -8.123023024701979011e+04 -1.201065756590105593e+05 -1.174907141769654118e+05 -1.317697813571429579e+05 -1.300891465338645503e+05 -1.541011814543162473e+05 -1.622549232261370635e+05 -1.312383624259382486e+05 -2.009038168602273799e+05 -2.395370605299830786e+05 -2.043534379432093119e+05 -2.428011600163880794e+05 -2.786992305831519770e+05 -2.449548055997003976e+05 -2.425355857383691764e+05 -3.088806439808103023e+05 -3.159694638056679396e+05 -2.810801901062946999e+05 -2.370423943831698853e+05 -2.335488712647933280e+05 -2.678396245918701170e+05 -1.892563694037377136e+05 -1.919112364595633699e+05 -2.282830669521352975e+05 -1.864626538049201481e+05 -2.248615631752177142e+05 -1.860021052215595264e+05 -1.428234991748463362e+05 -1.828512960806260817e+05 -1.893687114896611311e+05 -1.814380299745241646e+05 -1.397942295932443812e+05 -1.849530027896976098e+05 -2.142738395518972538e+05 -1.248224030283750035e+05 -1.332744243182237260e+05 -1.349008732152283192e+05 -1.239672628397238441e+05 -1.251109954543071799e+05 -8.070782928523793817e+04 -1.095821034300029278e+05 -7.913780252885865048e+04 -4.744575037708273157e+04 -1.139349123026477173e+05 -9.439067926927283406e+04 2.610900427388958633e+03
-1.624272644432494417e+04 1.071527815918670967e+04 -6.272021370241418481e+03 -4.192184264305979013e+04 1.491833927575498819e+03 4.801263312692753971e+03 -5.007574330404167995e+04 -7.374970403616200201e+03 9.274098415044252761e+03 1.265064066101331264e+03 3.270375216816319153e+04 3.724665262270835228e+03 5.425976947590243071e+03 -1.270524112624116242e+02 1.854042586928699166e+03 8.718010365322721191e+04 7.996991519292374142e+04 7.709284574957564473e+02 -2.578293164115166292e+04 7.025350116309709847e+03 4.119901717232994270e+04 3.660962544090347365e+03 -7.423243594472319819e+04 -1.089066315846866928e+05 -1.111132305636419915e+05 -1.142858222575158579e+05 -1.107350908181980485e+05 -1.093888110056289006e+05 -1.082526008220156655e+05 -1.096856436674715951e+05 -1.067867252847645432e+05 -6.721829529560625087e+04 -7.413459342933516018e+04 -1.066148862257250585e+05 -6.525506289035547525e+04 -3.188636752340220846e+04 -2.236837434116750956e+04 -1.275680902559566312e+04 1.737581300054420717e+04 -2.438964086293685250e+04 -5.402458337368420325e+04 2.314939797099190764e+04 -1.142171873972984031e+04 -4.149303365324111655e+04 -1.154968203249154612e+04 -1.912272023706464097e+04 -8.203578990942100063e+03 -2.896491407620417885e+04 -8.922965041972929612e+04
-4.289812379638896091e+05 -2.380725088989128126e+05 -1.327662118358419975e+05 -1.284160554627305828e+05 -1.256431237718788907e+05 -2.038980058525338536e+05 -2.590400422332458547e+05 -1.754708127363119274e+05 -1.593053021444939077e+05 -2.895969264782614773e+05 -3.797034664885724778e+05 -4.080173641516013304e+05 -6.095418126264119055e+05 -7.362949476769424509e+05 -5.292294476277309004e+05 -2.800198647068463033e+05 -1.644157721058581956e+05 -8.099052523291902617e+04 1.416897391318343580e+04 4.756223216856596991e+04 4.159095180832035840e+04 4.395681955269537866e+04 4.648804641910828650e+04 9.261129463382507674e+04 8.993306414980860427e+04 5.721611962653929368e+03 9.054429811949376017e+03 5.040913928387453780e+04 1.099987502617319115e+04 -7.089224885654426180e+04 -1.078852500440550502e+05 -1.475969482114310376e+05 -1.940839206398243550e+05 -1.863725818967213854e+05 -1.841737312421903480e+05 -1.505001675436506048e+05 -1.404545889605653938e+05 -1.698319307342176326e+05 -1.389420734049051534e+05 -6.191887110762740485e+04 -5.187810962117556483e+04 -9.239912111137551256e+04 -4.777928010240406729e+04 -3.838210854475665838e+04 -4.783192104485398158e+04 2.356560168787837029e+04 3.458517541497712955e+04 -2.608135648100776598e+04 -8.715333283384237438e+04
-2.252516873046988621e+05 -1.154914054804248735e+05 -5.072640459780837409e+04 -4.618685501336585730e+04 -4.274810430128127337e+04 -3.871300637430977076e+04 -5.275271850143326446e+04 -5.060357414564373903e+04 6.500527339521562681e+03 8.028702410287223756e+04 1.124087253745528869e+05 2.057306880314718001e+05 4.102976376109289704e+05 4.853433227151979227e+05 3.242013923835473834e+05 1.245393866286030971e+05 -4.511879619676503353e+03 -8.389074492937652394e+04 -1.105119288532296196e+05 -1.578685176212457009e+05 -2.038741901540196268e+05 -1.606583120347929653e+05 -1.172358584825998405e+05 -1.108629570427001454e+05 -1.130503576979390346e+05 -7.597571376943960786e+04 -3.200799812911986373e+04 -3.066140560258645564e+04 1.031015703600109555e+04 4.859943704796023667e+04 9.121202292997599579e+04 1.706269256721140118e+05 1.629553289592157817e+05 1.292865755115053616e+05 1.699462871279685060e+05 2.021612657266086899e+05 1.708518754859686596e+05 1.004331986940816278e+05 5.082453696173621574e+04 8.718605401838407852e+04 9.617345118254871340e+04 5.481230834993778262e+04 5.939315424300712766e+04 6.762832633627130417e+04 5.730367926240444649e+04 1.094083757430780679e+04 2.147878937161347130e+04 7.714025159046254703e+04 9.306278141069749836e+04
5.557997277006518561e+04 -8.000390042783698300e+04 -1.797563440224620572e+05 -1.354447047316351964e+05 -1.315906178540899418e+05 -2.501577053513028077e+05 -3.053143700442159316e+05 -3.850514206226220122e+05 -4.512203903062621248e+05 -4.585225228941997630e+05 -3.840064669772982597e+05 -2.076165578584189061e+05 -8.397217252175312024e+04 -7.930746827914845198e+03 -4.924566264962777495e+03 -8.294598179054446518e+02 1.146756258953243960e+05 1.161472542991394876e+05 4.803186962410109118e+04 1.226035130809759721e+05 1.574155296094247606e+05 7.730037722038081847e+04 7.929333236854313873e+04 1.262954080474446528e+05 8.284354998468165286e+04 7.892672026064235251e+04 1.227417882048757747e+05 8.350733969971782062e+04 8.383609593554842286e+04 1.219626862276344909e+05 8.462522659421677236e+04 4.462718472670536721e+04 3.758876606851129327e+04 8.395928081066787126e+04 8.525555651052831672e+04 3.760799996467540041e+04 4.624737400357844308e+04 5.571033899148469209e+04 8.540196546440695238e+04 8.166052671527701023e+04 5.019392844085826073e+04 9.438681233732888359e+03 1.457278988382309763e+04 1.010022184834820509e+05 5.067017719586231397e+04 5.099391063558854512e+03 5.511920389864842582e+04 -9.193371126601596188e+03 -1.528999833148548787e+05
1.459833566012093797e+04 -3.865926461439812556e+04 -1.518138858111342415e+04 2.925325010728556663e+04 3.337049297057092190e+04 1.199702903968861792e+05 2.695115834622991970e+05 4.349630534555767663e+05 4.906530794533322915e+05 4.411081625975201605e+05 3.916500547176111722e+05 2.806184613160443259e+05 1.580508071044459357e+05 7.014736833545609261e+04 7.268934364372395794e+04 7.646054335840739077e+04 2.870346834242812474e+04 2.993025662115539308e+04 2.423808770254254341e+03 -4.481303026026577572e+04 -9.810587404354067985e+03 3.175647194468183443e+04 -6.816429755999735789e+03 -4.059361972642363980e+04 -4.338453388074410032e+04 -6.604549636249605101e+03 -2.864000073750648880e+03 -4.185769194853500812e+04 -8.963375494933861773e+02 -2.700348541839222889e+03 -7.980835859634663211e+04 -3.888691242202126887e+04 -5.294386631867215328e+03 -7.896141060075008136e+04 -3.730643192015088425e+04 -4.597983219718842520e+03 -3.589301328931463649e+04 -2.610431812674510002e+04 -7.561806690355273895e+04 -7.914739656524012389e+04 8.874866665865221876e+03 8.128854045935819158e+03 -6.559094729425832338e+04 -5.820585084205934254e+04 -2.925000530434769462e+04 -3.446561018965431140e+04 -2.358493067935336148e+04 -4.915399611520042527e+04 -1.149585065146666020e+05
1.311957442888524383e+05 1.606358609790913761e+05 1.421880904867431382e+05 1.438020361165399663e+05 1.892586853681132197e+05 1.530330774761387147e+05 1.382692166700143134e+05 1.806393945496533997e+05 1.531657188254757784e+05 1.037710286056972109e+05 1.373473573676894885e+05 1.493039452627999708e+05 1.075014716293662786e+05 1.009825927932977211e+05 1.037148937972958665e+05 6.601920367305865511e+04 1.836179298348724842e+04 1.888408330560196191e+04 -9.589742054231464863e+03 -5.605566829239251092e+04 -6.128627617406868376e+04 -6.192356579500483349e+04 -1.010014097200476099e+05 -1.338651851500617340e+05 -1.773680894405697472e+05 -2.212415026171950158e+05 -2.166921859208375681e+05 -2.549479112439443124e+05 -2.537930042299559573e+05 -2.546738211001503514e+05 -3.306179619402971002e+05 -2.877519347076303093e+05 -2.524593342986198841e+05 -2.858855497496551834e+05 -2.432891231420214754e+05 -2.502654273289951670e+05 -2.413306876274870301e+05 -2.306453178037194884e+05 -2.399408139291336120e+05 -2.036401847223163350e+05 -1.954378259315856849e+05 -1.548127589849180076e+05 -1.875330777905759169e+05 -1.811821596790100448e+05 -1.124569774343401659e+05 -1.153134506079364801e+05 -1.040547476822393946e+05 -1.722396143263886916e+05 -3.209071875800113194e+05
-3.244898177671711310e+05 -4.761053582304154406e+04 1.394248969177714607e+05 9.934021211432985729e+04 2.216276415652828291e+04 6.893023597018324654e+04 1.366852190738426871e+05 9.713752061041294655e+04 2.824363914929563180e+04 1.023841468052705168e+05 1.368018498009769246e+05 6.700643171294376953e+04 6.617552300420356914e+04 1.009053729323204025e+05 1.040410920669091283e+05 1.073229226711556548e+05 1.008685743325623334e+05 1.012875514864572324e+05 7.259495772625086829e+04 1.080072078443481587e+05 1.436020651168655604e+05 1.014668623320176266e+05 1.432870167991498020e+05 1.103076214736214606e+05 6.604411280452052597e+04 1.433204817463408690e+05 1.470579840216668090e+05 6.726122089516138658e+04 2.703608398151118308e+04 2.524031837645475753e+04 2.916513912699883804e+04 -9.375810743659269065e+03 -1.359521060533009004e+05 -1.700873893513927469e+05 -1.279103863608905813e+05 -1.756408591210490558e+05 -2.472889791629859246e+05 -2.369414668882386759e+05 -2.062813979617203004e+05 -2.503736178771935520e+05 -2.425683660572395602e+05 -2.015103973454100487e+05 -1.547239509000788094e+05 -1.489180017268524389e+05 -1.997908267925961700e+05 -1.621986629563611932e+05 -1.113925138569904084e+05 -1.020603195275178005e+05 -9.416470817406475544e+04
-1.649755661532981321e+05 -2.165111106034601107e+05 -1.945508073802921572e+05 -1.122878875184687786e+05 -1.062261295318603516e+05 -1.405925111073884182e+05 -1.133792136784176109e+05 -2.942463863029831555e+04 2.413869151845574379e+04 -2.432238001405494288e+04 -1.117116539465497481e+05 -5.802170452108862810e+04 2.312463448994094506e+04 -2.367680292547447607e+04 -6.076112074049888179e+04 -1.620097686100052670e+04 1.915634057717397809e+04 -2.106105124694295228e+04 3.184866365976631641e+04 6.862594027799787000e+04 -1.733415352267911658e+04 2.182880637235974427e+04 1.048120357436712366e+05 7.265850925323332194e+04 6.939847761765134055e+04 1.471708739941820968e+05 1.919080864966962254e+05 1.528534432142626029e+05 1.126771850039949641e+05 1.917521846271122340e+05 2.764398983336285455e+05 2.778592120908438228e+05 2.715488895657482790e+05 2.763855526607948123e+05 3.170098012473318377e+05 3.079619316445314907e+05 2.345092795949310530e+05 2.431597505029644235e+05 1.522475429504998028e+05 -2.527944215276504401e+05 -7.240129018842737423e+05 -8.008406277970084921e+05 -4.730468323384398245e+05 -1.881900583946841070e+05 -8.015544790308969095e+04 -4.230109118652751204e+04 -3.161002088891109452e+04 -6.302617143315647263e+04 -1.355930482636892702e+05
1.641662881462250371e+05 1.125896474384354660e+05 5.219217398698674515e+04 5.204370422608917579e+04 5.802508810913423076e+04 2.354401215736276936e+04 5.059997045318596065e+04 1.120693471777474042e+04 -1.751500731683359481e+04 1.609685019822791219e+04 1.066468538978369907e+04 2.320070267509436235e+04 2.215907664940459654e+04 1.622653264115797356e+04 1.995329465804388747e+04 2.341713148169219494e+04 1.776376916532183532e+04 1.825066852819873020e+04 3.021718350471928716e+04 2.613814102456672117e+04 2.173592080071091186e+04 2.000846116832678672e+04 2.146716055402078200e+04 3.011960382689721882e+04 -1.361224092630471569e+04 -1.684779056115087587e+04 2.834192834881832823e+04 3.019617247773567215e+04 -9.544915664882690180e+03 -1.087207490199932363e+04 3.411603816493880004e+04 -3.869381502154632472e+03 -9.229440341587469447e+03 -3.361092194972850848e+03 -1.983581369277031627e+03 3.022445481561595807e+04 -2.064597567368939053e+03 4.752857120271079475e+04 2.371639574237628258e+05 5.107406298367991112e+05 8.347503809197251685e+05 9.121495400535082445e+05 6.366447635553759756e+05 3.205416840876563219e+05 1.086549435148490593e+05 6.610978754673828371e+04 3.659787197830085643e+04 -1.539718781434907578e+05 -3.855337022012048401e+05
-4.664032206637901254e+03 -5.574713043868541718e+04 -1.167226636831765063e+05 -1.179587771446676925e+05 -7.021487800317117944e+04 -6.274366389930958394e+04 -3.530971211293945089e+04 -3.359834822709695436e+04 -6.321304981509456411e+04 -2.930119932454545051e+04 7.234601960517698899e+03 -2.118591478210850619e+04 -2.252279946289490908e+04 1.271383902465458959e+04 1.667765696940477937e+04 2.006369153270497918e+04 -2.583655987720680423e+04 1.521866266004508361e+04 6.758928462309995666e+04 2.363369966886239126e+04 1.976598066452401690e+04 1.726065310038393363e+04 1.865911610628268681e+04 2.785262519028061070e+04 6.525443082413391676e+04 6.227992814936442301e+04 2.643070659192733001e+04 2.840794000541802961e+04 2.918261192302464042e+04 2.813516973168589175e+04 3.297605659900000319e+04 3.575075677159475163e+04 3.095149528118793387e+04 7.660765242530021351e+04 7.777104044012934901e+04 -1.075003673933655955e+04 -3.154477396164904349e+03 8.658201458601991180e+04 7.625970886816526763e+04 -9.406645826238673180e+03 -3.067660872474894859e+03 3.798480333149211947e+04 4.466372370370652061e+04 4.840276222908881027e+04 -3.442942387482267804e+03 -4.709025399351958185e+03 4.532957876654120628e+04 -2.768816313735290896e+04 -1.817244991086765658e+05
-1.715787745942361071e+05 -2.224535353796091222e+05 -2.018822395952883817e+05 -1.629545071837491996e+05 -1.970536077342694625e+05 -1.892145001667086035e+05 -1.206085231967153377e+05 -1.189965429328732425e+05 -1.084383158991114469e+05 -7.441073737252736464e+04 -1.192147630444380920e+05 -1.068073717618245864e+05 -6.744208088814036455e+04 -3.221395134489273187e+04 1.264303202362498268e+04 -2.496697217284259386e+04 -7.045049041131290141e+04 -7.041260536410845816e+04 -1.858642154431436211e+04 1.985493385058362037e+04 -2.433911638770950958e+04 -2.755878192692750599e+04 1.442357028485287447e+04 2.389775625022605527e+04 2.062310313573095482e+04 -2.256690786656667478e+04 -1.756353472126624547e+04 2.499494610296096653e+04 -1.458926465478702448e+04 -1.534619356330938172e+04 3.024504496715962887e+04 3.336817755742254667e+04 2.912768488284200430e+04 -5.770047987170866691e+03 -4.485055653087329119e+04 -1.258033175341563765e+04 3.501106584008084610e+04 4.439781122491706628e+04 -5.819673497753450647e+03 -5.164984095463284757e+04 -5.612569705408066511e+03 -3.928466252109152265e+03 -7.649643320852168836e+04 -7.316130902327108197e+04 -5.597056611441425048e+03 -5.713838839146774262e+03 -1.142096397629947169e+05 -2.280892441017189994e+05 -3.042835447294013575e+05
1.117703089420681354e+05 1.427702785935252905e+05 1.622472069386276416e+05 3.594777010759571567e+04 -1.617816059023607522e+05 -2.764073854716843925e+05 -5.346753259142858442e+05 -9.823967341234685155e+05 -1.380655644063372631e+06 -1.467809607317612506e+06 -1.224641279996722471e+06 -8.848845111590353772e+05 -5.594810351266639773e+05 -3.195731208592767362e+05 -1.927578499924854841e+05 -1.484938860719562508e+05 -1.115508749935547821e+05 -3.017159459355752915e+04 -1.943623464612755924e+04 -6.128152793884510174e+04 -6.400913328572688624e+04 -2.700754461926408112e+04 1.506671210518106818e+04 -1.542298851796658710e+04 2.200183849461609498e+04 6.039956783555727452e+04 -1.520607529615564272e+04 -1.299769398174295202e+04 2.857644540927186608e+04 2.822981544770253822e+04 3.374693557008868083e+04 3.727510529017308727e+04 3.361840253521222621e+04 7.906031558843050152e+04 8.000170161656523123e+04 3.186751574394339696e+04 3.923019402835052460e+04 4.868847755336901173e+04 7.853920949564781040e+04 1.123997819030769169e+05 1.180174836766675580e+05 7.978010266291722655e+04 4.694610532518685795e+04 8.944202528597135097e+04 1.565138159212071914e+05 1.563265553832747974e+05 8.681845213985070586e+04 5.098320817458443344e+04 5.285412779659777880e+04
-1.115325907975201728e+06 -1.247437060319353128e+06 -1.268539203344553011e+06 -9.855199338166853413e+05 -4.873412023976561613e+05 -2.912641932256519794e+04 3.664604126085760072e+05 8.167904562817431288e+05 1.274247250565968221e+06 1.429520517345517408e+06 1.139259487131785369e+06 7.417795165756257484e+05 4.531351220354551915e+05 2.429429517645619344e+05 4.256345924193738028e+04 -5.648151330658595543e+05 -1.502951660057878820e+06 -1.664166348632424371e+06 -8.396149727181178750e+05 -1.896765715567743755e+05 -7.046974267956102267e+04 -3.439968141028645914e+04 7.212194710737210698e+03 -2.337711255793680903e+04 -2.683733990706957411e+04 1.152869606623426080e+04 1.673123343352926895e+04 5.885752312518900726e+04 1.935233392810949590e+04 -2.130176434671715833e+04 2.456599498371372465e+04 2.818100750824669376e+04 2.506158691860048566e+04 2.996414799359627068e+04 3.042668605718051549e+04 2.251706295326584950e+04 2.942248518054839224e+04 3.845514829707110766e+04 2.822067988076026086e+04 -1.830847278528369498e+04 2.664705184317502426e+04 6.878923061740404228e+04 -3.719250951253343374e+03 -2.294877235253516119e+03 6.464596000092552276e+04 6.593444045865884982e+04 -3.765612957068078686e+03 -2.670821827487729024e+03 7.524798453261586837e+04
1.092229402802767465e+06 1.123254284535651328e+06 1.060635602802503621e+06 8.114629008158224169e+05 4.508267734749824740e+05 9.152709032612628653e+04 -1.256156546110287018e+05 -1.650694912680774869e+05 -1.968965139027568803e+05 -2.034337609802604711e+05 -1.654052771319403546e+05 -1.534288659188314923e+05 -1.146744516835314571e+05 -7.933419492008391535e+04 -3.473956937406910583e+04 4.559237340264383820e+05 1.426541032528620679e+06 1.586115860090066679e+06 6.998724807266258867e+05 8.857164136337791570e+04 -3.638721383933397010e+04 -8.185280509933363646e+04 -1.214488111506218556e+05 -1.521211691433563828e+05 -1.152106935644401237e+05 -1.171960539749125019e+05 -1.523044979339465499e+05 -1.503657740890050773e+05 -1.493971375591354445e+05 -1.493160528840961633e+05 -1.836436940572456224e+05 -2.196949850965761580e+05 -1.818288095641772961e+05 -1.764916815140165854e+05 -2.158252414854359231e+05 -2.230395113580742618e+05 -2.156583285858504241e+05 -2.061336094097354217e+05 -2.555178131200952339e+05 -2.617388469056452159e+05 -2.162330873901377199e+05 -2.527201346243965672e+05 -2.447638599487247702e+05 -2.429744234748075251e+05 -2.546399301243954105e+05 -2.120970324764488032e+05 -2.018735975603342522e+05 -8.284815504565078299e+04 1.521134918218012899e+05
4.765210588954503182e+05 4.259083106994513073e+05 4.037030883730038768e+05 4.398681438484344981e+05 4.470530990642146207e+05 3.739132395264459192e+05 3.608118420065146638e+05 3.615648598043483216e+05 2.877147914323725272e+05 1.993227139621740207e+05 1.556712658124160953e+05 1.261187441032961942e+05 1.544385704037267715e+03 -4.477472707483684644e+04 -8.180306408874457702e+04 -2.009327978341027629e+05 -2.448525039607195649e+05 -3.267553376487920759e+05 -3.577270387447786052e+05 -3.168398876040008618e+05 -3.996493956656187074e+05 -4.852197412855455768e+05 -4.431236118410023628e+05 -3.919673210344625404e+05 -3.545306136200085748e+05 -3.152090024741481757e+05 -3.494223331296234392e+05 -3.068020294647436822e+05 -1.846150916366606252e+05 -1.839422396512237610e+05 -1.777595674249459989e+05 -1.332436457509177271e+05 -1.351464441561263520e+05 -1.299749113997675013e+05 -8.948991723329504021e+04 -5.682031717587960884e+04 -8.972717796044913121e+04 -8.058405205432791263e+04 -5.041407546494156122e+04 -5.710317344724875875e+04 -5.199713417910947464e+04 -9.286005258036544546e+03 -1.738980941881891340e+03 -4.056759411061648279e+04 -5.264890698890667409e+04 -1.053637837409018539e+04 3.861795475822873414e+04 -4.075022011995152570e+04 -2.020149092050259933e+05
-5.522614585876005003e+04 -2.444339806621422758e+04 -4.720636834012111649e+04 -9.300339226785581559e+04 -8.511382259312085807e+04 -3.520714060112368315e+04 -6.716228592849802226e+03 -4.605385264178062789e+04 -3.871911577531148214e+04 -4.274133861181326210e+03 3.441035592753917444e+04 4.568167672754521482e+04 2.763271644944325089e+03 3.807585654896683991e+04 8.215904015029082075e+04 8.467038924456579844e+04 1.218828788757673465e+05 1.608455856385989464e+05 1.290337067356448970e+05 1.695575228036613553e+05 2.074498431902608718e+05 1.206344990569047804e+05 1.211614593659762759e+05 1.309079813855352113e+05 8.660652098013083742e+04 4.462919857673128718e+04 9.595579153974555084e+03 1.107988363568441127e+04 1.179091923753730953e+04 1.200772992626298219e+04 -6.233473641652349033e+04 -5.840026290476032591e+04 5.985838290653197328e+04 2.443776662374180160e+04 -1.586989490286196815e+04 5.639353911712512490e+04 6.282728357182336913e+04 3.141058983223052928e+04 2.126882381649923627e+04 5.359529661276596016e+04 9.757655772642485681e+04 1.002650499448648188e+05 6.758989586989604868e+04 2.755641028954403009e+04 9.398080039943987504e+04 9.685383367119327886e+04 2.646501198672928149e+04 1.028385051229254459e+05 2.552269167912870180e+05
1.455445531400619075e+05 9.502120354038197547e+04 3.090917150315362960e+04 -1.568359480646904558e+04 3.289724815171211958e+04 4.267898019228596240e+04 3.117803152359556407e+04 7.276434455823607277e+04 3.855594977445446420e+04 7.312177816289477050e+04 1.123529990669338731e+05 8.269971134606748819e+04 1.205529755819587735e+05 1.558997235016430495e+05 1.591221985541051254e+05 1.613750377687393338e+05 1.587286899186439114e+05 1.970313966990215122e+05 2.450298249308251543e+05 2.058938796131405106e+05 2.037506415700768703e+05 2.370534314622635720e+05 2.373595070664309897e+05 2.869372185197422514e+05 2.424397480150214396e+05 2.006723533722103457e+05 2.456337211787467240e+05 1.663355125160891330e+05 1.664928461232916452e+05 2.067462804442037595e+05 1.322481029515619157e+05 1.357915691460953094e+05 1.344383953738734126e+05 5.879386050219181925e+04 1.794702192302793264e+04 1.060236858320399188e+04 1.674249593226728030e+04 -1.478779601980955340e+04 -6.437459195789415389e+04 -7.199174265144369565e+04 -6.793560882506426424e+04 -6.428897672740276903e+04 -9.643034718057571445e+04 -1.370614981988914078e+05 -2.277058323455272475e+05 -3.409275319764846936e+05 -4.494173341192087391e+05 -6.497895059332911624e+05 -8.932876551343223546e+05
1.442276019032580080e+05 9.355880761868320405e+04 6.933072236250154674e+04 2.218068644229788333e+04 -5.052501126076094806e+04 -5.555250035832868889e+02 2.837064507941249758e+04 -5.129466513986699283e+04 -4.590717013808921911e+04 -1.139871885126922280e+04 -5.259008107532293070e+04 -1.227373591036304133e+05 -1.252562867390224710e+05 -4.960633359616622329e+04 -4.652561359689570963e+04 -1.647724607383136754e+05 -2.068434937146960292e+05 -1.284883594384882017e+05 -1.209572722844313248e+05 -1.587464070157147653e+05 -1.599555973469975870e+05 -2.068233585078270407e+05 -2.458093945065052249e+05 -1.955110040877480933e+05 -1.591480334888910584e+05 -1.594869859935714921e+05 -1.936026911792578758e+05 -2.320251903386092163e+05 -1.909278897079639719e+05 -1.098146469070342137e+05 -1.034530807356347796e+05 -1.786890795262303436e+05 -1.787906965578449890e+05 -9.457560740876954515e+04 -9.536679517186735757e+04 -1.417905508854889777e+05 -9.557275985076522920e+04 -4.752883529232349247e+04 -5.707291835045907646e+04 -6.458224360365420580e+04 -6.041700242436490953e+04 -9.587888783134985715e+04 -8.832543650583806448e+04 2.875211649108771235e+04 9.546966054767859168e+04 9.979611473740055226e+04 2.650934161955976160e+05 5.348028956464225193e+05 7.616794232983260881e+05
-2.980842526810012059e+05 -1.083223665185504360e+05 2.698865257669228595e+04 5.955261472321581095e+04 2.782335894065909088e+04 3.806272922782227397e+04 1.076605455542448908e+05 6.863145911425806116e+04 3.308433581434655935e+04 1.079342313366940944e+05 1.076930437242843909e+05 7.749618082132656127e+04 1.150261514028534293e+05 1.105205793742788956e+05 1.132673255034023314e+05 1.553193579259096296e+05 1.137157440831653657e+05 1.112194193829781725e+05 1.578531566163291864e+05 2.004821333236758655e+05 1.991814327688186895e+05 1.115476263716115936e+05 1.518931300711122458e+05 2.013832613261184888e+05 1.571043413778533286e+05 1.565486964653245523e+05 1.219392981362760183e+05 1.224655548896410037e+05 1.626556092186363530e+05 1.636057275655912235e+05 1.296299548231763765e+05 5.403493468242196832e+04 5.401385575416509528e+04 1.371816456067605177e+05 9.570653817441745196e+04 9.646672527305781841e+03 5.501499873702437617e+04 2.320368968707055319e+04 -2.601495614275347907e+04 5.349248558050021529e+03 -3.053129513165960088e+04 -2.647547884495020844e+04 -1.932264662988018245e+04 -1.003668317809940781e+05 -1.121775096410424449e+05 -2.814727137796569150e+04 -5.938155626820027828e+04 -2.231558760697933612e+05 -3.908597893151401076e+05
1.012569635669935960e+05 1.301418501202715561e+05 1.443343607644783333e+05 9.601354099577292800e+04 6.399404518655501306e+04 7.398013646190520376e+04 2.358965335588436574e+04 2.426600987615552731e+04 6.761553786520380527e+04 2.239357445912901312e+04 2.226775814779126085e+04 7.117299861856736243e+04 2.861248247092589736e+04 -1.566039702272973955e+04 2.628415336250327528e+04 6.769121911260276102e+04 2.687869600427825935e+04 -1.598021427402272820e+04 2.927811741305049509e+04 3.310392830695491284e+04 -7.347747402964159846e+03 2.373983476427430287e+04 -1.529317680629901588e+04 -4.557140860706614330e+04 2.912516542419325560e+04 2.948702494089957327e+04 -4.800254289875738323e+03 3.478615497064311057e+04 3.525120594946248457e+04 -4.177723193773999810e+04 -7.513303958752658218e+04 -3.200238426972599700e+04 4.807730424334295094e+04 1.268096655199816450e+04 -6.870716563076665625e+04 -7.465294686728133820e+04 -6.886816913203778677e+04 -6.172621900739637204e+04 -1.099388935248134658e+05 -1.963143896934338845e+05 -1.929436479654398281e+05 -1.488212898909114301e+05 -1.417917895957357250e+05 -1.454908358427933417e+05 -1.565994302986657713e+05 -1.106706507061605807e+05 -6.473247801768616773e+04 -3.609308229410136119e+04 2.686827192665264010e+04
1.808511789684416144e+05 5.004964348801877350e+04 -5.610212712374047260e+04 -2.545189512020439724e+04 6.224180795717984438e+04 3.312682127987503191e+04 -1.596275590709410608e+04 -1.505976167623884976e+04 -1.245939584332518280e+04 2.248839380394201726e+04 2.323861460085021099e+04 -7.728951289318501949e+03 2.953785468009299075e+04 2.569364876660982554e+04 -1.190703670436050743e+04 2.943960992153745610e+04 6.874772074515935674e+04 2.604202601418364065e+04 -8.317506646853871644e+03 3.590797821467275207e+04 1.146572457562430936e+05 6.640617640281521017e+04 2.754829747835179296e+04 1.158302035089579877e+05 7.196910638420339092e+04 7.264310767932288582e+04 1.568030540720791905e+05 7.802409671188815264e+04 7.846155157370923553e+04 1.984519913775149034e+05 1.649659766734114964e+05 8.977995019406086067e+04 1.697808326745874947e+05 2.519203015597303165e+05 2.093405041849471163e+05 2.029172623652264010e+05 2.473293690686114132e+05 2.537623052083658986e+05 2.830745274113721680e+05 3.130574257828984410e+05 3.542674092110253405e+05 3.581286310462756082e+05 3.248667157453007530e+05 3.198554013675316237e+05 2.298385188874104060e+05 1.581746423873114400e+05 1.643548756156815216e+05 1.533377118932544254e+05 1.378477072238447145e+05
-3.715546260820700554e+05 -3.446870405366644263e+05 -2.148391253472073004e+05 -6.687486939597863238e+04 -5.842898196366149932e+04 -4.764477874385204632e+04 2.249500535137485713e+04 1.022596855845769169e+05 1.040181057609154377e+05 6.031100306019652635e+04 1.009725061600330519e+05 1.484853154065787094e+05 1.463015590608118800e+05 1.427859980933135375e+05 1.049966117751318961e+05 1.066178360284540104e+05 1.462869941408280865e+05 1.034829051117412164e+05 1.079701728496001451e+05 1.133866956218843698e+05 7.412608644517580979e+04 1.042873027722817787e+05 1.050133407616524200e+05 7.482344657357313554e+04 7.034093493886753276e+04 3.237753422406982281e+04 3.775377937243336055e+04 7.682440463278922834e+04 3.819869546394344070e+04 1.440853413078006270e+03 7.565035621519178676e+03 1.113429032033310796e+04 5.253134689293803967e+04 5.645272708905409672e+04 -2.510910876735597049e+04 8.332244533230215893e+03 5.306732819706651935e+04 -1.824081567232500311e+04 -2.716585710295488389e+04 3.436247122590419167e+03 6.385007546632579761e+03 1.130515810335054994e+04 1.794567442266266153e+04 1.356101823446800699e+04 4.122668934636726044e+04 8.714418572606494126e+04 9.355727042711817194e+04 1.211558162531573907e+05 1.828782191738693509e+05
2.190431355073814048e+05 3.239453708735528635e+05 3.741311405156739056e+05 2.853091174591098679e+05 1.755493433511583135e+05 1.467943029740126804e+05 1.382581704348558560e+05 9.966734667832497507e+04 2.207298678869847208e+04 1.781914250052068383e+04 1.922155156324175186e+04 -1.260632118210219778e+04 2.443071444518864155e+04 2.112208753474988043e+04 -1.704631281783804297e+04 -1.566110543848457746e+04 -1.476742106489860453e+04 -1.864527835394255817e+04 -1.505194767727516592e+04 -4.777915506856516004e+04 -8.627144555328367278e+04 -5.681871919019590132e+04 -1.694803326216060668e+04 -8.279759957222267985e+03 -5.186954601085768081e+04 -8.875427293416578323e+04 -4.444056878564856015e+04 -4.506041947694029659e+04 -8.343136946903518401e+04 -4.149448551936051808e+04 3.404450116795254871e+03 -3.231235273007815704e+04 -1.065134657436284469e+05 -1.025430884322851198e+05 -2.922820902545913123e+04 -3.407461932743887883e+04 -6.730516328476369381e+04 -6.103787780390132684e+04 -6.943547603674232960e+04 -7.787507701956189703e+04 -1.136736493499489734e+05 -1.082516766514168121e+05 -6.324454557325202040e+04 -6.850223853136436082e+04 -1.173510344757231651e+05 -1.476381510123605840e+05 -6.465823644481081283e+04 -6.259405182207119651e+02 -1.890298093319847248e+04
1.410953085432993248e+05 8.774917616916353290e+04 5.761504898138809949e+04 8.523635693825784256e+04 9.338368682889267802e+04 1.041205374232958420e+05 1.358252375980372890e+05 9.783387620060238987e+04 9.713089341239532223e+04 1.323205485031939461e+05 9.574956867087166756e+04 1.018327986169606447e+05 1.388734631403349340e+05 9.757494985766231548e+04 9.756507389945897739e+04 1.373337966378312558e+05 1.392954475944861770e+05 1.347737145313293440e+05 1.368877199006964220e+05 1.059026201872620732e+05 6.839590213319752365e+04 1.351985014486128930e+05 1.746275797218552325e+05 1.052185379352886230e+05 1.002207712316887919e+05 1.417161167907759082e+05 1.466572928428647574e+05 1.065020208462376613e+05 6.817699166596867144e+04 1.486089212779190857e+05 1.926614278071792796e+05 7.950573486275901087e+04 8.395898898597829975e+04 1.644100183760744985e+05 1.201208074844905641e+05 1.158353290357624646e+05 1.209492812695675530e+05 4.954858581302687526e+04 4.152826107805594802e+04 7.115399698493955657e+04 3.528432433435181156e+04 2.594579144497867674e+03 -6.820959612785326317e+04 -1.890439972240719944e+05 -2.363226892583773006e+05 -2.650920887012029998e+05 -2.980684735835536849e+05 -3.130884171888458077e+05 -3.339992481021843851e+05
1.415873697621282190e+05 8.773415398900395667e+04 1.833708006422969629e+04 6.863779177074320614e+03 5.349311314232181758e+04 6.422891619673467358e+04 1.920466833631508052e+04 -1.854026478133167257e+04 5.727220757165906252e+04 5.403805119509340147e+04 -2.055964401748491218e+04 2.361218963225831976e+04 6.074871266318950802e+04 2.001514968462288380e+04 -1.880311275017447770e+04 2.079517454141762573e+04 6.181278810021467507e+04 5.722711247741238913e+04 2.050875816552428296e+04 -9.677346470416523516e+03 3.027876125823234906e+04 5.826365897490171483e+04 2.086227455758495489e+04 2.852516234037448885e+04 2.367113655840500724e+04 2.709782841557153733e+04 7.059503034106455743e+04 3.050838589086208958e+04 6.915285800583614036e+04 7.302372833073581569e+04 4.036906354187498800e+04 8.090616190922446549e+04 8.579692224331712350e+04 8.956718999077565968e+04 8.356882004649378359e+04 1.178929310123200994e+05 8.487152682500868104e+04 9.001405206625373103e+04 1.586251842038471950e+05 1.117252949211976957e+05 1.521780571260033175e+05 2.339701299450830556e+05 2.391001083859002683e+05 3.084103909449195489e+05 4.128462347830650397e+05 4.591823664522951003e+05 4.249167243012925610e+05 3.326765549229457974e+05 2.348558345483578742e+05
1.037161445629318478e+05 1.259554821078199893e+05 5.601699168619245756e+04 5.843672074843314476e+03 5.209388993040192872e+04 6.272127687407191843e+04 5.680067095672711730e+04 5.755579577875323594e+04 5.555870253185264301e+04 5.256927764101407956e+04 9.352337724296422675e+04 6.017212797887646593e+04 5.900853219674900174e+04 9.538670819310937077e+04 5.616199848009273410e+04 9.526094842993211932e+04 6.013192006677878089e+04 5.515864557703025639e+04 9.429156769765540957e+04 6.504699542943853885e+04 1.049961858463939279e+05 5.602874173782742582e+04 1.896759103168733418e+04 1.022775231034026947e+05 9.719394712359621190e+04 2.502821596921421587e+04 2.990920784883224405e+04 6.572814353392459452e+04 2.777178482792805880e+04 -5.997599369729869068e+03 3.759406436933181249e+04 7.713551953376759775e+04 6.924136474845465273e+03 -2.724520531948702410e+04 3.891843431629240513e+03 7.373272377299144864e+02 5.972606856375932693e+03 -6.508135151991178282e+04 -7.228793384041660465e+04 -4.766367819393053651e+03 -7.802906340803112835e+04 -1.100183864310388453e+05 -6.709207611507712863e+04 -7.410931279242527671e+04 -8.255503908148990013e+04 -1.108079390542111360e+05 -1.068015385919713881e+05 -4.785783288825792260e+04 4.902359990520868450e+03
-4.707439023419271689e+04 -2.607208672328852117e+04 1.758051399723626673e+04 4.350138169829727849e+04 5.131232523359358311e+04 6.187099891016259789e+04 1.857393364887684584e+04 5.742983302450762130e+04 9.285237914708000608e+04 5.212454905908083310e+04 5.509704899159260094e+04 5.942521279794164002e+04 5.862931130512151867e+04 5.712557335675228387e+04 9.372857616574037820e+04 5.653039068914938252e+04 2.211831159540440422e+04 5.506367072986904532e+04 5.544409031514066737e+04 1.029864315892335726e+05 1.050802966690389439e+05 5.612802423187519889e+04 5.737985644140292425e+04 6.405105072830338031e+04 5.895493364951119293e+04 6.349508604325796477e+04 1.062241609120976645e+05 1.036422048270471860e+05 6.576021285727596842e+04 7.027536676672752947e+04 7.571030084567586891e+04 7.688921035034582019e+04 4.523021973320329562e+04 4.908465448301262222e+04 1.174157474742971826e+05 7.667951330193341710e+04 6.204608130501583219e+03 1.074806214135605842e+04 3.743434528005076572e+03 -4.549432140192948282e+03 -3.983631818147888407e+04 -3.396062436280795373e+04 -6.687687184021319263e+04 -1.495222825231035240e+05 -1.575730485393432900e+05 -1.855151156452479772e+05 -2.193430169881327311e+05 -2.738859015464534750e+05 -3.724285587115380913e+05
1.441547222604276612e+05 8.831382641976245213e+04 9.280741818132787012e+04 1.181710839760489762e+05 5.015143431315664202e+04 2.271890094212722033e+04 5.593539494962897152e+04 5.673669174895621836e+04 5.337952327099628747e+04 1.325629630824550986e+04 1.645081724040233530e+04 2.004851998877734877e+04 -5.584179557859897614e+04 -5.687927576072979718e+04 -5.888183369126636535e+04 -1.336035958508730400e+05 -1.292589718924139161e+05 -1.344940180762204109e+05 -2.102178565540815471e+05 -2.375039326748809544e+05 -2.348934818262927001e+05 -2.082233286736297887e+05 -2.443751125922430656e+05 -2.758833957428578869e+05 -2.055867585237135354e+05 -2.379705954773813428e+05 -2.332112730422518798e+05 -1.230986454529922921e+05 -1.230243285710455675e+05 -1.557290507480501547e+05 -1.126291022775695892e+05 -3.646990106615671539e+04 -2.959468321234459290e+04 -6.318138518836343428e+04 -7.095525798678869614e+04 -3.565442939754592953e+04 4.500810235098481644e+04 4.935104998876352329e+04 5.044818955357244704e+03 3.454916299786407035e+04 7.467786432651357609e+04 8.058359302929611295e+04 1.603582046017977991e+05 1.905471523007144569e+05 1.073385503079048794e+05 1.545387454389124759e+05 2.706894335831755889e+05 2.908574127947207307e+05 2.671131404925782699e+05
-4.207238719274754112e+04 -2.351825839199590700e+04 1.749791825248391979e+04 4.847333371872060525e+03 -6.279588496603537351e+04 -1.495404675893954845e+04 5.619271636009214126e+04 1.947117027768393018e+04 -2.194199864345137030e+04 -2.404593350423964876e+04 1.692744625906935107e+04 9.522172819182739477e+04 9.508935268037018250e+04 5.673480430094058102e+04 9.189597262244203012e+04 1.301105181750609190e+05 1.347120076220018091e+05 1.668497392331482260e+05 2.412314411625264911e+05 2.518192491639637738e+05 2.168434426526071038e+05 2.431395206076558679e+05 2.445734337199250003e+05 2.502429425390433753e+05 2.824711851216852665e+05 2.127883316593945492e+05 1.422099204483677167e+05 1.763780831755143590e+05 1.761856742226518691e+05 1.436673721845729742e+05 1.487568236363583710e+05 1.114660600584463682e+05 1.186152170918653719e+05 1.225611541315447539e+05 7.654636092658620328e+04 7.449310897674853913e+04 7.963523307756986469e+04 1.208648145850752480e+05 1.518268670979887247e+05 1.436803829652485438e+05 1.086853015539231710e+05 7.713810100045520812e+04 1.183333550160746090e+05 1.850587811612067744e+05 1.777480122173447162e+05 1.128094470442733727e+05 1.154024015500908718e+05 1.343815803295001388e+05 1.094642044370975345e+05
1.486533315922133042e+05 9.054091435158619424e+04 5.484880933887319406e+04 4.187149145989672979e+04 1.192687074770219624e+04 2.178022988897282630e+04 5.602418587135610869e+04 1.980459803424304118e+04 1.492267887282645097e+04 5.044538617890793830e+04 5.412864410202024737e+04 9.325852246023708722e+04 9.379893191799052875e+04 1.940763992432039231e+04 1.598149797588121146e+04 9.074227768112919875e+04 9.624497650715068448e+04 5.337626799242568086e+04 8.877676312113177846e+04 1.003187995543703146e+05 6.628848409280172200e+04 9.211395832302524650e+04 1.310545206558892969e+05 1.359773782320552855e+05 1.306907999317626818e+05 1.370606538443824975e+05 1.042587708175413427e+05 1.004090718436056632e+05 1.745243705390018295e+05 1.428868466493437300e+05 1.106719467754007783e+05 1.845437552529625827e+05 1.553410382819138467e+05 8.515325758780806791e+04 1.502053332846848061e+05 1.488146349927412812e+05 7.971531257149786688e+04 1.203580396948384587e+05 7.734891281696036458e+04 -4.708270906121470034e+03 3.500642920553241856e+04 4.092491734307305887e+04 -2.981042686442378908e+04 -7.486644382297550328e+04 -8.133298086409922689e+04 -7.134768441610480659e+04 -1.060570275998912985e+05 -1.616651363542763283e+05 -1.869600548257548362e+05
-2.877888170653022826e+04 -1.617490748292772332e+04 -1.748823996225837618e+04 -3.071424083551391959e+04 -2.413432877976447344e+04 -1.507338986906677019e+04 -5.296887493459507823e+04 -5.204043958743568510e+04 -2.179060883354395628e+04 -2.278506409900728613e+04 -1.891684264352091122e+04 -1.858881738153297920e+04 -1.712307138135656714e+04 -5.292340808431617916e+04 -5.785635452135466039e+04 -2.121717618603724986e+04 -1.463602707081008703e+04 -2.075809850124642253e+04 -2.398518125701230019e+04 -1.143242596648633480e+04 -7.782799840788356960e+03 -1.929112137178902049e+04 -1.724749408895161469e+04 -1.373138195020135026e+04 -1.920543792133685201e+04 -1.176064066181413364e+04 -7.806675491738133132e+03 -1.253601315955165774e+04 -1.308096264780033380e+04 2.974812730390124489e+04 7.111739762942306697e+04 3.277580632246076129e+04 5.039168560760794207e+03 9.536608094931696542e+03 3.598203054629277904e+04 1.091089029074644204e+05 7.779069231939455494e+04 4.407974790199659765e+04 1.126065590744836954e+05 6.853793864487658720e+04 7.134084368823177647e+04 1.508588433580010314e+05 1.169894520845261286e+05 1.089481427444848232e+05 1.402033893053887587e+05 1.502485859295116679e+05 1.889043862349359842e+05 2.436782699986350490e+05 2.914468311937475810e+05
1.940660162566925865e+05 5.995656729966867715e+04 -5.134547377645503730e+04 -1.005197665136074647e+05 -5.855973705591168255e+04 -1.438330698467325419e+04 -1.457359722524415702e+04 -1.360086162807408255e+04 -5.681064344244077802e+04 -5.731813065591268241e+04 1.859675178420741577e+04 -1.843860494671366177e+04 -8.818066933541558683e+04 -1.463849178515374660e+04 1.521157175011467189e+04 -5.709651514829613734e+04 -4.967637771042063832e+04 1.611236493801698089e+04 -2.439734786108601838e+04 -8.337870877876412123e+04 -7.111424548784503713e+03 1.751963042130216490e+04 -5.248372696107253432e+04 -5.028171614569146186e+04 -1.973664040328026749e+04 -4.764387900300743058e+04 -4.413218988920538686e+04 -1.345125842606648803e+04 -5.063767658895789646e+04 -8.045926474209409207e+04 -4.004721685603726655e+04 -6.688819068949669600e+03 -6.962388626066991128e+04 -1.012597080250270665e+05 -4.006240172311663628e+04 -3.976508241321402602e+04 -7.067493922135327011e+04 -6.827266932989004999e+04 -7.272239685757062398e+04 -4.314689936058130115e+04 -4.026941409916640259e+04 -7.106502530281455256e+04 -6.899301115772663616e+04 -7.722181288234423846e+04 -4.537545526225655340e+04 -3.549380590091459453e+04 -3.430966471962118521e+04 5.615367023856262676e+04 1.759576393139995635e+05
1.647546754509664606e+04 -4.643996817816514522e+04 -8.644627847825177014e+04 -6.391337341163295787e+04 -2.228237897739745677e+04 -1.430602981068671215e+04 -5.000059743062593043e+04 -8.488834449381078593e+04 -5.659195633023045957e+04 -2.116215357789769769e+04 -5.315106564783491194e+04 -5.455186000734101981e+04 -1.617443234194070101e+04 -5.043843979947268963e+04 -2.103771790745668113e+04 1.458554745127889328e+04 -4.966840845241653733e+04 -2.013776370789855719e+04 1.112761238415259868e+04 -4.744638935255352408e+04 -7.313569985563401133e+03 5.327266891545127146e+04 1.966554271464701742e+04 2.163869164302013814e+04 5.213837604678678326e+04 2.464716657996177673e+04 2.815199802746064961e+04 9.481373507645935751e+04 9.395176120742713101e+04 6.452457869425415993e+04 1.049093057709976565e+05 1.742503208148997510e+05 1.844008824374767719e+05 1.531891564087710576e+05 1.779088662238791585e+05 1.786329312151066260e+05 1.843290889100172208e+05 2.593849298421997228e+05 2.553882148099365586e+05 2.489524764951777470e+05 2.884673851670236909e+05 2.579277650819866103e+05 2.598657642665777530e+05 2.881368883722465253e+05 3.204418455250564148e+05 3.667349855467900052e+05 3.313278877711856039e+05 2.757539792149321875e+05 2.492240146268112585e+05
-1.591296810482168803e+04 -8.440327196731232107e+03 -1.343519368558196584e+04 -2.649604751437436789e+04 -2.079886924126185477e+04 -1.314718093955889344e+04 -4.810254533891566098e+04 -4.708356968651060015e+04 1.633196284412406385e+04 1.622773835784755647e+04 -1.545506968395784497e+04 -5.304671257617871743e+04 -5.007194927253294736e+04 -1.241064139001537114e+04 -1.948179308092221618e+04 1.584520468721177895e+04 -1.182602088723785710e+04 -5.403345385682769120e+04 -2.354838900617323816e+04 -4.560247085173614323e+04 -5.548640349880093709e+03 1.883886825584317558e+04 -1.434865740360692143e+04 -1.318609149369876832e+04 -5.471740931330726016e+04 -9.834087783820228651e+03 2.916208522103249561e+04 -1.279574404237803537e+04 -1.401106618635822088e+04 -7.210287571069784462e+03 3.251598292903497349e+04 2.844374907552229706e+04 -3.309411685215320904e+04 -2.814060332602821290e+04 3.143507016357034445e+04 3.249463689222477842e+04 3.811316819104843307e+04 4.008821278461255133e+04 3.466518758797319606e+02 3.014569478284090292e+04 3.333467834221641533e+04 2.712332832743297331e+03 4.008689155452873092e+04 6.809034068835910875e+04 2.846042800811154302e+04 3.817841337178822141e+04 1.110162164829676040e+05 1.279842381289927289e+05 1.014042424462942872e+05
-1.497684249596210429e+04 -7.841767625068314373e+03 -1.306382860697340220e+04 -2.608552446938119829e+04 -2.044365412381011993e+04 2.264680346823297441e+04 2.344979179615620524e+04 -1.101824105251580477e+04 -1.889620868838392198e+04 -1.893890550476498902e+04 -1.502304950205143541e+04 -1.709597162494901568e+04 -1.398603107081726193e+04 -1.185334510926622897e+04 -1.907190347090363503e+04 -1.949318199593108147e+04 -1.133478562114760280e+04 -5.354223286034533521e+04 -2.320516085892444244e+04 2.625010812771506608e+04 -4.080434243427577894e+04 -5.214078856981347781e+04 -1.385029999364633113e+04 -1.288250868092279416e+04 -1.856127718521736097e+04 -9.410432599252089858e+03 -4.212908056215406395e+04 -4.838808456494007260e+04 -1.389415009238291532e+04 -4.291483347071346361e+04 -3.924426966230396647e+04 -7.736266496940515935e+03 2.730706414440413937e+03 7.745440701837767847e+03 -4.077395585889485665e+04 -3.962032658746477682e+04 1.844421982532250695e+03 -3.228423624066635966e+04 -3.591138612129725516e+04 -6.150213325745309703e+03 -2.928773111197981052e+03 -3.361395069048728328e+04 -3.253202408843208104e+04 -4.651364505989593454e+03 -8.026764128008042462e+03 1.577943405136466026e+03 1.936132308910600841e+03 5.493269019876501989e+04 1.727287303435136564e+05
-2.231649342551827431e+05 -7.616470816778016160e+04 -1.166941846488046576e+04 -5.982382916845384170e+04 -1.908643692207988352e+04 2.337048497749492526e+04 -4.593829816440120339e+04 -4.486241800826968392e+04 -1.774600619217377971e+04 -1.755477723141666502e+04 -1.366313728678511688e+04 -1.626978852669714252e+04 -4.812256457109469920e+04 -4.567107515118550509e+04 1.734820137149654329e+04 1.681623057753307512e+04 -4.548966638394625625e+04 -5.207425067026633769e+04 1.298759272263851017e+04 -8.451586792361922562e+03 -3.943620910402393201e+04 2.032634119852457661e+04 2.310967621218878776e+04 -1.203957618447014829e+04 -1.773620450578164309e+04 -8.188833778258471284e+03 -5.306592776323668659e+03 -1.189680465904530138e+04 -1.338106361741659930e+04 -6.368234755937010050e+03 3.272616696602187585e+04 2.767711403139377944e+04 2.840456016128766350e+03 4.370932608901045751e+04 3.058767007780243875e+04 -3.512713314266933594e+03 2.068170497077459004e+03 3.636274608434236143e+03 3.620860777853504987e+04 6.619110448402335169e+04 3.386208159907232039e+04 3.268594355904438999e+03 3.788928937865362968e+03 3.160443751607128070e+04 6.478954871185132652e+04 3.833170778409100603e+04 3.835054933035315480e+04 9.099689974274892302e+04 1.361642095789991436e+05
2.837874816672412271e+04 -3.748765724187252636e+04 -4.470163110876456631e+04 1.268017215596047754e+04 1.782677810464520007e+04 -4.557131914538329147e+04 -4.360009187425019627e+04 -7.480367798125385889e+03 -1.604981504206079990e+04 -1.554246729065198451e+04 -1.171647180919536913e+04 -1.503488787449896336e+04 -4.599343702022448997e+04 -4.309684662381185626e+04 -1.650646880385465920e+04 -1.722410287184175104e+04 -8.267217627144418657e+03 -1.486950797843746841e+04 -2.127493382606189698e+04 -6.994967987993732095e+03 -3.757755093392901472e+04 -4.856672534078813624e+04 -1.044363130815330078e+04 -1.101631283760064980e+04 -1.672921029385179281e+04 -4.196487328910717042e+04 -3.941474221704978845e+04 -1.122141388652380556e+04 -1.299455232569016516e+04 -5.799193874699936714e+03 -2.712593385949730873e+03 -8.775477158487716224e+03 -3.303993665263993898e+04 -2.769016451493377099e+04 -6.163076163502468262e+03 -4.102207869873382151e+03 1.542654603836126626e+03 -3.274104257696314016e+04 -3.547131150320649613e+04 -5.389795651426538825e+03 -1.751567281316965818e+03 3.123711156658770051e+03 -3.262235459929786157e+04 -4.050375143706303788e+04 2.872220853634609375e+04 2.098655126173980534e+03 -6.962718919559859205e+04 -5.297345084080030210e+04 -8.229055784758646041e+03
3.420321125129703432e+04 -3.308704893162939698e+04 -7.624793987895827740e+04 -5.374371312675072113e+04 -4.894873086246661842e+04 -7.772280980309005827e+04 -7.492434057814528933e+04 -7.374668156204285333e+04 -4.809503864089504350e+04 -1.253823793318588287e+04 -4.349562737275852123e+04 -1.170250203245086304e+05 -1.122007307509192615e+05 -3.943369714776054025e+04 -4.881415943091268127e+04 -8.449453464301770146e+04 -4.034618145960860420e+04 -4.699371003836856835e+04 -8.889515988761556218e+04 -3.969943487900307809e+04 -3.501427255803704611e+04 -1.153042805602309527e+05 -7.733892889111315890e+04 -4.438415045035051298e+04 -8.499074511695650290e+04 -3.958828555827509263e+04 -7.245983041706527001e+04 -1.499460645066577126e+05 -1.873323240136958193e+05 -3.551961939421021962e+05 -4.931143444665938732e+05 -3.612862716120427940e+05 -1.402814496442453237e+05 -2.972590663295681588e+04 -4.445106730796420015e+04 -4.184017856547166593e+04 -3.620410073432186618e+04 -7.057604045898211189e+04 -3.762612636026460677e+04 -4.254096376302163117e+04 -3.864653006603452377e+04 -3.427864081168058328e+04 -3.521618076192680746e+04 -7.580521454219706357e+03 -4.405609719397034496e+04 -7.091070454858685844e+04 -3.653846921748458408e+04 5.105184046609676443e+04 1.664204965106891468e+05
3.607663002621848136e+04 -3.181358684611046920e+04 -7.543982876406516880e+04 -5.304679209948517382e+04 -4.849521858908701688e+04 -7.754266641393769532e+04 -4.010336236853612354e+04 -3.903359164309233893e+04 -8.277633847785188118e+04 -4.734792547766119242e+04 -4.383918820531113306e+04 -8.289602567208942492e+04 -4.341410049586556852e+04 -3.999086534255184233e+04 -8.424477579828817397e+04 -5.073240931145835202e+04 -6.650700691970996559e+03 -4.801330502494238317e+04 -9.004383871157187968e+04 -7.572126912884402554e+04 -3.634936192014720291e+04 -1.232903504453133792e+04 -4.395337054040282965e+04 -8.070259681204322260e+04 -8.660556630988139659e+04 -4.125408180523675401e+04 -4.383637682185624726e+03 2.294258156383887399e+04 1.256566905532961246e+05 2.731555190199289937e+05 3.112662699504289776e+05 1.994679422798796440e+05 7.128596504975622520e+04 -2.805651601112890057e+04 -4.272885714017308783e+04 -5.074624275439418852e+03 -3.447835023573157378e+04 -6.885569495498220203e+04 -7.107155891659198096e+04 -7.593656706390879117e+04 -3.688017498061491642e+04 2.703289911150815897e+03 -3.358895336452394258e+04 -7.643614319793425966e+04 -4.224122772633610293e+04 -3.388158935063984245e+04 -3.486750185955292545e+04 5.264978401886648498e+04 1.678904469724497758e+05
-1.633414024545344291e+05 -9.585999973467556993e+04 -7.193948911852197489e+04 -4.926818093517795205e+04 2.338944646937306970e+04 2.819365684932563454e+04 -2.238864836981520057e+03 -3.521286440314730862e+04 -4.460127179161651293e+04 -9.053445618483237922e+03 -5.592356762499548495e+03 -1.070879013335797936e+04 -3.921195311937478255e+04 -3.513916036987208645e+04 -1.121482559246942401e+04 -1.244337267242372036e+04 -2.454793284996412694e+03 -8.933197631267830729e+03 -1.676821486267726868e+04 -3.653203616850075196e+04 -3.167697970289736986e+04 -7.482181902159936726e+03 -3.833466866577518522e+04 -6.967221659142785938e+03 2.177317096211470198e+04 -7.032308613299363060e+04 -6.868913465645132237e+04 2.657320070837163075e+04 -1.057433973241101194e+04 -3.749625901633390458e+04 -9.105978696606907761e+02 -4.443885768472723430e+04 -3.258489918371229578e+04 7.944215906900382834e+03 -7.634379258379362000e+03 -3.903973102220322471e+04 -3.324628661735900096e+04 1.687678905436769128e+03 -3.439935076516102708e+04 -3.829458449210495746e+04 8.394961181329836108e+02 -3.016419068793742190e+04 -3.238350593775967718e+04 -4.565349277108944079e+03 -3.917384480824675120e+04 -3.160688036878118874e+04 1.674267919152014656e+03 -1.579037322604536894e+04 -4.087876725767238531e+04
1.249050659942446509e+04 9.948131412966176867e+03 -1.255229201633483171e+03 -4.611273189366335282e+04 -4.206563178799115121e+04 -4.091301576117984951e+03 -6.762269115017261356e+04 -6.641366043768345844e+04 -8.227341560996195767e+03 -4.050476485106628388e+04 -3.725822070264245849e+04 -9.033497690688818693e+03 -3.672624728584193508e+04 -6.627397821401240071e+04 -4.323781782877628575e+04 -1.073040458955799113e+04 -3.451946327462789486e+04 -4.091778235277161002e+04 -1.519421510165557265e+04 -3.474317633488679712e+04 -6.398767245525946782e+04 -3.973324226331881073e+04 -1.975932390196263441e+03 -4.001190528331769019e+04 -4.561861132271570386e+04 -3.424445223819917010e+04 -3.291924594144789444e+04 -7.112631335039636724e+03 -4.434530563128629728e+04 -3.678272067918422545e+04 -3.509817818587161310e+04 -7.933901061653177021e+04 -3.310076186317054089e+04 7.389810281456491794e+03 -8.664364945143490331e+03 -5.068181983660935657e+03 -3.366120274993608473e+04 -6.810161686909863784e+04 -3.467128115065873135e+04 -3.638046616688370705e+03 -3.347847677941931761e+04 -6.468186067941147485e+04 1.568100290023721755e+03 2.957272535539206001e+04 -3.873452519183032564e+04 -6.638905165425947052e+04 -3.361050785810197704e+04 5.356532229576149257e+04 1.678232207149250899e+05
-3.454964473209109856e+05 -1.508507611794630066e+05 -3.025494229106696730e+04 -4.023292568628676236e+04 -7.013776503561530262e+04 -6.748490774887612497e+04 -2.898928213864563804e+04 -2.791209084447482746e+04 -7.125509148288985307e+04 -6.922560134029478650e+04 -6.653058936295571038e+04 -3.974376836034940789e+04 -3.270313015906137298e+04 -9.478249729785596719e+04 -7.323255925730333547e+04 -8.171581383212527726e+03 -6.481210126192297321e+04 -1.046300296107074246e+05 -4.653489202086348087e+04 -3.243015798449044814e+04 -9.502462711592653068e+04 -7.062250058632314904e+04 -3.323277481133124093e+04 -7.228256277914613020e+04 -4.417987106018682243e+04 -6.631913631688780151e+04 -9.943747893150430173e+04 -4.077016126189846545e+04 -4.444547020073479507e+04 -7.082429654954466969e+04 -6.972256717679556459e+04 -8.127554208680544980e+04 -3.534654781629843637e+04 -2.893409607931948267e+04 -7.973690798913605977e+04 -7.588633154751732945e+04 -7.010116857534740120e+04 -3.641031379578646738e+04 -3.691650428110710345e+04 -7.377441584132588468e+04 -3.459342990769038443e+04 -3.201495200395549182e+04 -7.012753595598018728e+04 -4.185572875547199510e+04 -5.889865903300233185e+03 -3.409364719584118575e+04 -7.065607478143647313e+04 -5.219196905498416163e+04 -6.896013539517298341e+03
-1.421215802116784616e+05 -8.204084264929406345e+04 -2.886096069647465629e+04 -5.249172624316997826e+03 -1.869884514017030597e+03 -3.283529224165247433e+04 -6.078412044211288594e+04 6.868471143534544353e+03 3.022524970874665814e+04 -6.744981372263279627e+04 -6.483202786475875473e+04 -5.082148248329758644e+03 2.291811626637354493e+03 7.442807804327458143e+03 -3.805051493167410808e+04 -7.346683644107545842e+04 -2.952390004764319747e+04 -2.209407812333665788e+03 -4.473709520127157157e+04 2.849154194118455052e+03 7.504237652756390162e+03 -6.833216481318231672e+04 2.696657018968835473e+03 -3.082478293799445964e+03 -7.562330423621457885e+04 -3.023098098696226953e+04 3.917381224455253687e+03 -4.864881971734605031e+03 -4.229497188760415884e+04 -6.849995474622116308e+04 -3.378572134184656898e+04 -1.208323037601081887e+04 3.825730294908862561e+01 -2.713376450934424065e+04 -7.802657168067526072e+04 -4.009762223635346163e+04 -3.174401621799916029e+02 -3.470209582359535852e+04 -3.483091183879890013e+04 -3.177232990274205804e+03 -6.589265304151986493e+04 -6.356731294829008402e+04 7.563334191218018532e+01 -3.949505492986674653e+04 -3.726594223582698032e+04 -3.175697260536247632e+04 -6.825870588189008413e+04 -4.923766107065626420e+04 -3.515879153273534030e+03
-1.396221029444131709e+05 -8.038799866451881826e+04 5.412858648342042216e+03 2.919634732359552436e+04 -3.383193605055566877e+04 -3.184244357049466271e+04 -2.636721722141372811e+04 -2.530165821255646006e+04 3.112368727510324607e+04 2.676085510756820440e+02 -6.363387794932355609e+04 -4.207537730108153482e+03 3.656359892396720534e+04 -2.465412389719858038e+04 -3.694267454789949988e+04 -3.909968699910686701e+04 -2.846579935168856173e+04 3.219087701174429094e+04 -1.031853335094638169e+04 -6.303416798531540553e+04 -2.504186392412522400e+04 -3.445775154978036880e+02 3.743788420688360929e+03 -3.574487303732873988e+04 -4.111557870870438637e+04 4.248368833796092076e+03 -2.883721550169881084e+04 -3.769224432937343954e+04 -8.055065494263544679e+03 -3.414734811580285896e+04 -3.319699310755828628e+04 -1.198550351837190101e+04 -6.732764437561863451e+04 -6.061201898031891324e+04 2.332932142540818313e+04 -6.184073773910989985e+03 -6.775797791371587664e+04 -6.842585919774149079e+04 -3.464979804761253763e+04 -2.865715628140605986e+03 -3.129024505207809852e+04 -6.313674978446227033e+04 -3.387723864463611972e+04 -5.161557863466441631e+03 -7.078514703432988608e+04 -6.549687677470478229e+04 1.546834537293761969e+02 -8.272036429843702354e+04 -2.411707742034906987e+05
-1.282224638451588980e+05 -7.272345808160027082e+04 -2.231599068793005426e+04 2.421860555186867714e+03 -2.744436710316222161e+04 -2.698121946887113154e+04 1.188248381833545864e+04 1.276567345601506531e+04 2.820894861361040967e+03 -2.707493270514532924e+04 7.578418694902327843e+03 3.264445923501637299e+04 -2.453160416102036834e+04 -1.880000368691980839e+04 9.555509232450276613e+02 -3.447528249351313571e+04 -2.378074027888951241e+04 3.643428944400508772e+04 2.691422336560208350e+04 7.349381914245896041e+03 1.175036692293355009e+04 -2.888269871880780556e+04 -2.459399935789409210e+04 3.395913227519477368e+04 2.893717212136823218e+04 7.994069377309613628e+03 7.867775608901836677e+03 -1.051826660986989737e+03 2.759438434208263061e+04 3.502281306136850617e+04 -3.084489151195136947e+04 -1.170265560038338299e+04 6.668187745090125827e+04 7.385425195098272525e+03 -4.352542316482853494e+04 2.761631710571216536e+04 6.706514381512526597e+04 3.298683041008193686e+04 3.538571612444065977e+02 3.290546741220160038e+04 3.913140186516083486e+04 6.841948637156761833e+03 9.596830577356740832e+02 3.068859281949734577e+04 6.797716766712263052e+04 3.832422100473185128e+04 2.307707577710953046e+03 -1.013673698471373427e+04 -2.983504303323545537e+04
2.343672515975777060e+05 9.356416002963669598e+04 -1.907804562011727830e+04 6.420707356883271132e+03 4.157565703149884939e+04 -2.356581522966729244e+04 -1.698666718730237335e+04 1.626547249034052948e+04 6.520407352363748942e+03 -2.272447925002779812e+04 -2.113159420958248666e+04 3.485110710607783403e+03 -2.020233563554935972e+04 -1.414169323223174433e+04 5.142132146866060793e+03 -3.025522357609597384e+04 -1.953934294520886033e+04 7.996846716850996017e+03 -3.420742046611849219e+04 -5.415757478855081717e+04 -1.741222002776339650e+04 8.305954187526367605e+03 -5.263367756968375761e+04 -9.355821509147070174e+04 -3.301013175863753713e+04 1.160549404332411359e+04 -2.167913238983617339e+04 -6.334303958981774485e+04 -6.844209384231359581e+04 -9.423757917131304566e+04 -6.140258689585630054e+04 -1.095509948791011993e+04 -6.519101136189425597e+04 -9.088517700729431817e+04 -7.610586125985720719e+04 -7.162315492169003119e+04 -3.267157623078662436e+04 -3.382351980078971246e+04 -6.599040969158516964e+04 -6.637447942688578041e+04 -5.991848985489929328e+04 -2.655668901221390115e+04 -3.344910177693230798e+04 -6.967540886718791444e+04 -3.226215658534818795e+04 3.658059013541787863e+03 -3.226822716766071972e+04 -1.099526302708534640e+05 -1.947151342726990115e+05
4.306178249767987290e+04 3.109120782813988626e+04 -1.680385112878860673e+04 -5.526452585821965476e+04 -5.263649738975800574e+04 -8.577972340222913772e+04 -1.113146379793760716e+05 -7.839636819495348027e+04 -5.579355106514418731e+04 -8.469270857109219651e+04 -1.157752278604312160e+05 -1.562235776259331033e+05 -1.473206329799722298e+05 -1.089962472295155458e+05 -1.549441752262645750e+05 -1.258410579094196728e+05 -8.310149278608147870e+04 -1.204346200771396398e+05 -9.786765885772180627e+04 -8.589319395658094436e+04 -4.960805393522611121e+04 8.738478308659920003e+03 -1.935323101584799588e+04 -2.802701951412018389e+04 -1.621951861306442879e+02 4.424685175239562523e+04 7.619651254150079330e+04 2.218094857526011765e+03 -2.900296160369471181e+03 6.958938988740550121e+04 3.690341335954162059e+04 5.413542116584780160e+04 6.574427801941099460e+04 4.062788019597055973e+04 5.552042005234389217e+04 2.743203527759769349e+04 6.654416981444250268e+04 6.552485950756829698e+04 3.396621496591238247e+04 6.718423581449297490e+04 4.117502034525368072e+04 4.121633702132366307e+04 6.720993306487781228e+04 3.191360717406474578e+04 3.665436839451989363e+04 7.200384994794128579e+04 3.230274022207013331e+03 -3.983095637173423893e+04 9.594554122305242345e+03
4.415406773681740742e+04 3.166545445914380252e+04 4.793505990412074607e+04 7.406654846388846636e+04 7.651539381302427500e+04 4.303462840907729696e+04 4.976469289627857506e+04 1.147549980494660558e+05 7.285353969025914557e+04 7.637926806928584119e+04 1.420606072893133969e+05 1.341163913818309666e+05 1.433208023768383428e+05 1.496509727230295248e+05 1.363785356463631033e+05 1.333961283712415898e+05 1.441542439878686273e+05 1.073040964937535609e+05 9.787383197224694595e+04 1.101126476330682199e+05 4.932356792152860726e+04 1.065778415184469486e+04 4.770913249987650488e+04 7.154413900279907102e+04 2.108143993536708876e+03 -1.858703305595571874e+04 1.314590491063424270e+04 -2.811607992392970482e+04 -3.342003042809679755e+04 6.229138424387230771e+03 6.113336174748867052e+03 -4.255818078352647717e+04 -6.386216963117505657e+04 -2.372357781743639498e+04 -9.097883488866529660e+03 -3.727570578514122462e+04 -6.415018876432441903e+04 -3.252985807950614253e+04 1.490261433064017183e+03 -3.109930245380374618e+04 -5.709603977389640932e+04 -5.761357343231800769e+04 -6.518309731560275395e+04 -3.430351301853054611e+04 3.389624076662556035e+03 -2.797632766014423396e+04 -6.362763723533148004e+04 -4.004125403938847012e+04 9.774362379685626365e+03
8.113854548835661262e+04 3.757999977678991854e+03 -4.416084399272222072e+04 -4.876716503873473266e+04 -1.435020191885996610e+04 -1.643127649615047267e+04 -4.131510454928502440e+04 -9.012882976094144396e+03 -1.825675938976922771e+04 -4.626655652187764645e+04 -4.558237714867579052e+04 -5.365115101041737944e+04 -4.421488660736934980e+04 -5.801673669484443963e+03 -5.129627845599316061e+04 -8.691226350667409133e+04 -4.468027334660297493e+04 -8.076087132794779609e+04 -9.033364088158117374e+04 -4.736951360595409642e+04 -4.405810553929756861e+04 -8.158368769509263802e+04 -7.710357920674156048e+04 -5.462431479652871349e+04 -5.877288319170469913e+04 -4.759632989589590579e+04 -4.892827737494372559e+04 -2.503074933483735731e+04 -3.099482783698460116e+04 -5.661387201864265808e+04 -2.484323028766093194e+04 -9.626429497147983056e+03 -3.108600619074428687e+04 -5.588315583532670280e+04 -4.163929744274343830e+04 -3.724559549067626358e+04 -3.133069187344508828e+04 -1.151604647748172283e+02 -3.125355098396519315e+04 -3.014231589215333224e+04 -2.277475743787392275e+04 -2.416053748165752040e+04 9.983261232264339924e+01 -3.334044332033983665e+04 -2.809104718267958378e+04 4.918458106112666428e+03 -3.020452166616480099e+04 -1.031686362618337735e+05 -1.827551658480640035e+05
-1.095759912562789250e+05 -5.955201578501146287e+04 2.001850106054912612e+04 1.550726045970801351e+04 -4.587810563563834876e+04 1.562054329493545447e+04 5.451268645876550727e+04 -9.027726752101534657e+03 -1.828793668362784956e+04 1.755006698600481468e+04 1.816029213019646340e+04 1.008368973445614029e+04 1.953896283695939201e+04 2.595028286741579723e+04 1.249558306299149626e+04 8.868569083861093532e+03 1.913282051100395256e+04 4.728562717384191637e+04 3.782963794597888773e+04 1.676929106295573001e+04 5.227066040795751906e+04 4.708023059705723426e+04 1.964133736386432429e+04 1.012469601642808993e+04 -2.605777420336389332e+04 1.744585999462255859e+04 4.841563140624188236e+04 -2.422377018898265669e+04 -3.009588319051556755e+04 -2.346006120438697690e+04 -2.393243685655771696e+04 -8.787743418943238794e+03 -6.265764649317136355e+04 -5.500202688330341334e+04 -8.409825072158149851e+03 -3.637253287190095580e+04 -3.045667228463558422e+04 -3.180797297565737972e+04 -3.034880352613993455e+04 -2.926591937488402618e+04 -5.434519119677140407e+04 -2.330699754646077054e+04 -3.184309582633423270e+04 -3.240555842872682842e+04 -2.721410502097549033e+04 -2.704287542379453953e+04 3.379467428312651464e+03 -6.921486775681698055e+04 -2.138653490523558576e+05
-1.366814250341849111e+05 -2.443613212497436325e+04 2.289490111113991588e+04 1.964210562466181000e+04 2.205232410400640219e+04 1.901247092871920904e+04 2.610962856560945511e+04 -5.589779444853833411e+03 1.729063413338724058e+04 5.331277403282001615e+04 -9.899536165176075883e+03 1.393363055365614127e+04 5.529257614572998136e+04 -1.640722846495918930e+03 -1.490657448652200401e+04 1.285249768989166478e+04 2.279212669760454446e+04 1.958299091842491180e+04 1.041425508505199105e+04 2.034549883857835084e+04 2.325329907296691090e+04 1.897538100369274616e+04 -8.271290317643492017e+03 -1.824514846783137182e+04 4.208800306951178936e+04 2.088720277359266765e+04 -1.249986941693339031e+04 1.177285638579633087e+04 5.516268704668618739e+03 1.196747909532865742e+04 -2.074475696659629466e+04 -6.531025811563769821e+03 3.591574824764422374e+04 -2.046384923160064500e+04 -3.837434165005089017e+04 -1.996739919995947275e+03 -2.838026309676945675e+04 -2.963609345257288078e+04 3.640107399376557441e+04 6.048029447556473315e+03 -5.044744989136239747e+04 1.170146093063475564e+04 3.482092583551991265e+04 -2.899323152320028748e+04 -2.328052559809328523e+04 -2.462479836423875531e+04 -2.651678814669116400e+04 6.617886384716141038e+04 1.850801007216782309e+05
8.649569392553530633e+04 8.615437502739921911e+03 -7.299565733410418034e+03 5.323249609442430665e+04 2.406133979849983007e+04 -1.095978848403322627e+04 2.769208399462513626e+04 2.751020911266098847e+04 1.889393972582180868e+04 -8.230256536626257002e+03 -8.257564672385255108e+03 1.554343721072652261e+04 2.519602732616473804e+04 3.174395199341230909e+04 1.861590483807958663e+04 1.443317479861434549e+04 2.414873076486401260e+04 2.126721681328490376e+04 1.225996925379149616e+04 2.163372998009435833e+04 2.426707956590695539e+04 -1.137250835367024411e+04 -6.745846448466181755e+03 4.667529425118106883e+04 4.345775069494254421e+04 2.211347126285545528e+04 -1.137918651453230996e+04 -1.873851471522363136e+04 3.855326007644168567e+04 1.290873649879329605e+04 -1.967551474226656137e+04 2.603373706515436061e+04 4.170636303606675938e+03 -1.994429979065910447e+04 -5.758697582641616464e+03 -1.613684057374601252e+03 4.172646695515140891e+03 -2.919040204898925731e+04 4.550811345688707661e+03 3.884808370668900898e+04 -1.719274872739368584e+04 -2.006730284250836121e+04 2.599062434164807200e+03 -2.820130191918025957e+04 -2.237599253363470780e+04 8.027953102136962116e+03 6.349121513776481152e+03 6.739471422741073184e+04 1.869355043233360630e+05
2.136334595957304700e+05 1.357709517015610472e+05 2.559231674706103513e+04 -7.847612090408802032e+03 5.758560168149415404e+04 2.231100772565702209e+04 -2.110197762958705425e+03 2.901399130350915948e+04 2.067052202648483217e+04 2.536716366535983980e+04 2.515698226052342216e+04 1.754817877139430493e+04 -4.326167555991560221e+03 2.239910119678825140e+03 2.085463962983340025e+04 1.648386003042111406e+04 2.596811533323489130e+04 -8.108683520113117993e+03 -1.688032546022441238e+04 2.344754534657113254e+04 -5.862248365301464219e+03 -9.233519084518600721e+03 2.700505589134991169e+04 1.675785522093065083e+04 -1.788765884819458006e+04 -7.884904394159268122e+03 2.204646206984756282e+04 -1.666735817445442080e+04 -2.333576031844137469e+04 -1.734769970586063573e+04 -4.996939395146904280e+04 -3.668296945048484486e+04 4.885878583881945815e+03 1.272412297199480236e+04 -3.677895659406215418e+04 -6.481569270719779888e+04 -2.727214213169628056e+04 -2.859042687923653284e+04 -5.906778294476686278e+04 -2.464810563658823958e+04 1.578482217795687029e+04 -1.967869770538498415e+04 -6.164944222778995754e+04 -5.958779676759155700e+04 -2.161956352414592402e+04 7.939983909600414336e+03 -5.797806238639235380e+04 -1.250194186007134849e+05 -1.336690258176505449e+05
8.993247284728579689e+04 1.248230302298901370e+04 -2.460367000894562807e+03 -2.649567206972278655e+03 -3.129520777671132237e+04 -4.733606505324132740e+03 2.048069643788039684e+03 -3.021542746224440634e+04 -3.785866220016038278e+04 -1.450424783397465944e+03 -2.276813652715703938e+03 -4.060716059873817721e+04 7.291332120075821877e+01 6.471869528177194297e+03 -5.738546577049419284e+03 2.057969522604253143e+04 -3.342335475492279511e+04 -3.492801001411862671e+04 1.960283599037211388e+04 -4.744305032654665411e+03 -3.307811361737549305e+03 2.583679662435321370e+04 -1.104909824789501727e+03 -1.152024272247229237e+04 1.766497643082408467e+04 -3.647672370600019349e+04 -3.854132610431371722e+04 4.994118011265539099e+04 1.131225424935133196e+04 -4.615635175548953703e+04 -1.556013135064870585e+04 -3.455800655880055274e+04 -2.566793501260716585e+04 1.359447922615802963e+04 -3.503343159100055345e+04 -3.170974426670017419e+04 -2.637322298833183595e+04 -2.749283001350710401e+04 5.515755745000205934e+03 -2.314008780231227865e+04 -1.426051315036576125e+04 -1.888509043259514146e+04 -2.938886129588345648e+04 6.220584621769434307e+03 -1.967282086086900381e+04 -2.378716117993455555e+04 -2.469171305303492409e+04 -8.847774326160934288e+04 -1.578040396695703676e+05
-1.286858770670369122e+05 -1.865168821299447154e+04 6.016965604736466776e+04 2.879586861527056317e+04 1.447594398632645607e+02 5.788858302112200181e+04 6.464840681233906071e+04 3.237193004111762275e+04 2.476844086020719260e+04 2.993305785174012999e+04 2.910420670174062252e+04 2.209441580635029823e+04 3.149701255082618445e+04 3.792608713090885431e+04 2.575822354818228632e+04 2.077368673635652522e+04 2.942647276329807937e+04 2.799153044295962900e+04 1.994554163713473827e+04 2.691828457696823170e+04 2.834312704624608159e+04 -5.189032583148276899e+03 -7.165961159626021981e+02 2.025512388616334647e+04 1.811596272571483860e+04 2.686501226038666209e+04 -6.633658840437536128e+03 -1.243944709131028503e+04 4.337437839887553127e+04 4.893076434149401030e+04 -1.491286322823708178e+04 -6.539668878540414153e+04 -2.505515663418942131e+04 4.580606136238184990e+04 -2.719197975239017978e+03 -3.097629133029858349e+04 6.032499266439117491e+03 4.957288308651186526e+03 6.330900962930172682e+03 -2.224077979510178557e+04 -1.330863470444432460e+04 1.376894466753600864e+04 3.251611813320778310e+03 7.297012779745273292e+03 -1.855663364636682672e+04 -2.280551005795126548e+04 8.293790787574835122e+03 -5.510019630309997592e+04 -1.876751686062181834e+05
5.931421713088639081e+04 4.473630564170889556e+04 3.058242055412841728e+04 3.912960959132178687e+02 3.091137569281272590e+03 2.896529231220483780e+04 4.266013717860914767e+03 2.750237713335140143e+03 -4.423795456532330718e+03 9.696144249755889177e+02 3.090051792678423226e+04 -6.854293061187432613e+03 2.207580493413843215e+03 3.957405444176401943e+04 2.792109193396754563e+04 -8.664625272504112218e+03 -6.031288334634737112e+02 2.966691206092943321e+04 -9.197617890313267708e+03 2.792813068372197449e+04 5.997575157904060325e+04 -4.057648369344096864e+03 2.521423640428110957e+02 2.110491396626463393e+04 -1.197650868038189947e+04 -4.050154364667949267e+03 5.637781823053966218e+04 1.984730898635467747e+04 -1.885688318172479921e+04 4.906010365171839658e+04 1.676440393843254424e+04 -3.362744278565500281e+04 6.102935391827428248e+03 1.370233061141338840e+04 2.863687308214147924e+04 6.721038429555483162e+01 -2.614254894957398938e+04 3.587189822923397878e+04 5.489115402452007402e+03 -2.267749464546790114e+04 4.957566150464156090e+04 4.447335140488617617e+04 2.128069871687323030e+03 6.884071331005616230e+03 1.280647223698910238e+04 7.899803427862912940e+03 3.931255552277472452e+04 1.043409475777290208e+05 1.640567141235783638e+05
-9.599383030203171074e+04 -4.799945679609663785e+04 -3.036500028567388654e+04 2.464486698154360056e+03 3.636369388201273978e+04 -2.011727500939741731e+02 -2.508786865277215838e+04 4.058461215463525150e+03 2.838312432228124817e+04 2.954125732649117708e+03 1.524953352636715863e+03 -4.615788183873402886e+03 -2.693758045381397824e+04 1.018033318687230349e+04 3.017664940620303969e+04 -6.597674823133333120e+03 -3.013170601567256381e+04 5.837394431000575423e+02 2.452340396121141384e+04 -1.668731496320106089e+03 -3.250083567399997264e+04 -2.379483538679603953e+03 1.758806415018625557e+03 -8.484686762094555888e+03 2.132182936125894776e+04 -3.396928997419273946e+04 -3.627747824881196721e+04 2.159208700177265564e+04 -1.724596771411580266e+04 -4.365414757281536004e+04 -1.332690538023610134e+04 -1.112953236443048809e+03 -5.593503448588319588e+04 -4.853636803221906302e+04 -2.108396263211092446e+03 -3.098342864017456304e+04 -2.594578901655029040e+04 -2.698309893836273113e+04 -5.751243469538161298e+04 -2.261246547219337663e+04 -1.350109338294737972e+04 -5.073268566746270517e+04 -3.032184016017703107e+04 6.653682658216101117e+03 -1.916064886259828927e+04 -5.643179820210195612e+04 -2.493274442793300841e+04 9.220159188844263554e+03 6.703960141166811809e+03
1.192855600529583171e+05 -1.694532224268189748e+04 -5.947673554590434651e+04 -2.518267494451718812e+04 -2.189101801253855228e+04 -2.772211260511539876e+04 -2.219144351140128856e+04 -2.485212467901877244e+04 -6.152661746134978603e+04 -2.454691258142700826e+04 4.587583292159175471e+03 -3.130450927419589789e+04 -2.336646083509548771e+04 -4.858602766471447103e+04 -5.822687992593271338e+04 -2.625734540051707882e+03 3.910750533104939677e+03 -2.621422706579323130e+04 -3.222252613166345691e+04 -6.018293634639119409e+04 -6.094892235938458180e+04 1.082851019455265487e+03 4.953913566423609154e+03 -3.562757802254050330e+04 -3.602491672791072051e+04 -3.074145784485150944e+04 -3.312124328454956412e+04 -3.599556968547409633e+04 -4.387165843043473433e+04 -3.962490847567090532e+04 -9.327443263609951828e+03 -2.798911786288989242e+04 -8.338616432563899434e+04 -7.647747274255385855e+04 -2.935069779225147795e+04 -2.785590467276039999e+04 -5.439925298094749451e+04 -2.396154101763392100e+04 -2.370463522558554541e+04 -8.227497241168725304e+04 -7.289847295207413845e+04 -1.744884564890549518e+04 2.405220227665267885e+03 -2.155498257314338116e+04 -7.883487296698143473e+04 -8.611726072558644228e+04 -2.257800923194701318e+04 1.406337217194947880e+04 1.481452165637072176e+04
2.607019351853529224e+04 7.551102795812772820e+04 6.423397230042616138e+04 6.146113242721185088e+03 9.533630501828156412e+03 3.456751841935323318e+04 3.997307750163599849e+04 6.300986582064011600e+03 7.402449124491540715e+02 6.867283909639803460e+04 3.602703091106365900e+04 4.697612195740221068e+02 3.910954529012087733e+04 1.389249924104660749e+04 4.673351023229770362e+03 2.927421979955409188e+04 4.737101860810187645e+03 5.880732529913075268e+03 3.115479002182837576e+04 2.839601020095869899e+03 1.886885141138918698e+03 3.328205422265466768e+04 6.216826189193059690e+03 -3.399099759815726429e+04 -3.087690467945998535e+03 3.263407868100341875e+04 -5.583814374405192211e+02 -3.371911470836505760e+04 -1.057524254138127435e+04 -6.403317519580130465e+03 -3.791729154880158603e+04 -2.522024039411905687e+04 -1.876235578558407724e+04 -4.288778740738052875e+04 -2.629971253452810925e+04 -2.509973158070346108e+04 -5.162384048569941660e+04 -5.214046411332680145e+04 -5.211214793671388179e+04 -4.818337615113687934e+04 -3.862510554783517728e+04 -4.598989141290070256e+04 -5.739829969184921356e+04 -1.815415461722266627e+04 -4.427595730987319257e+04 -8.321816324780209106e+04 -1.930443414603336714e+04 -4.386619293130817823e+04 -1.663070121034965850e+05
-1.296613355050795944e+05 -1.754717683419579407e+04 3.401281875732814660e+04 7.627476548659615219e+03 4.200140655448194593e+04 3.603800926939584315e+04 -2.066261422936804593e+04 3.767935441457683919e+04 3.254345358407608001e+04 -2.272682412469293922e+04 3.692964381771173794e+04 6.357706644746952225e+04 9.163383396225981414e+03 1.451477730995975435e+04 5.969037241884478135e+03 -6.011904584010480903e+02 6.685210439143699477e+04 3.756401965743862092e+04 1.583033325150609016e+03 3.415466165693939547e+04 3.271254512190347305e+04 3.357657129759900272e+04 6.393899223767250078e+03 2.825847186788427643e+04 5.941138280672008113e+04 3.261369292333256453e+04 3.032961701508609985e+04 2.869083217403391609e+04 2.081104342127221025e+04 2.477926427614878048e+04 5.521099886158470326e+04 3.719303908874253102e+04 1.244458758621475135e+04 1.911123780475466265e+04 5.098938941373464331e+03 3.699915565724932821e+04 7.236548691405911813e+04 1.006770245498047734e+04 -2.104493269638637139e+04 7.600804187939480471e+04 8.569390151475052699e+04 1.613976075081169256e+04 3.587878767400971265e+04 4.449687651998817455e+04 4.951539094967290293e+04 7.260077990882541053e+04 4.353778307675366523e+04 1.979784915049083065e+04 2.285767275548982434e+04
8.000120790209624101e+04 1.046486885054036975e+04 3.273595360806182725e+03 3.990393363346814294e+04 -1.730616536864545196e+04 -2.309705317544291029e+04 4.210805181472093682e+04 7.127920033526519546e+03 3.146785246208251920e+03 9.940634584054350853e+03 -2.281035923457235913e+04 5.377559101907507284e+03 1.102740721427835524e+04 1.570087930827867240e+04 4.008336251834404538e+04 -2.834382966975693125e+04 -2.386178279994073091e+04 4.033711183525153319e+04 6.209694863064214587e+03 -2.495499851997010410e+04 2.921645752503478434e+03 3.559657334990339587e+04 8.109330637962557375e+03 -2.997967374976724386e+04 -2.840224082523485413e+04 3.623590260976809077e+03 3.220918424543927540e+04 3.295246860594494501e+04 -5.550679264706384856e+03 -3.288390577712556114e+04 -3.289390584221109748e+04 -1.858972307934873970e+04 1.701242413313596626e+04 -7.922198011074069655e+03 -1.992813028104123077e+04 -2.037967204814765137e+04 -4.736405826464758138e+04 -1.648393093200869043e+04 1.286819259054027498e+04 -1.389098171202928643e+04 -3.495568296581046889e+04 -1.304008228995389072e+04 6.579600399709277553e+03 -1.358688425563764758e+04 -4.052383164525963366e+04 -1.920261000399471959e+04 -1.567423536616866477e+04 -6.712370221153770399e+04 -1.222700097027684096e+05
4.627440587850281736e+04 3.968366139102730085e+04 3.256719906348735094e+03 -2.089478454028721899e+04 1.414303918601945043e+04 8.512821103795460658e+03 -1.882110318518243730e+04 7.090158838545961771e+03 3.418963257165160030e+04 1.048830024956259876e+04 -2.223447206662970711e+04 6.544103916967200348e+03 1.149458726751618087e+04 1.584340163448359817e+04 4.104951764282304794e+04 3.136323769576760242e+03 -2.348717008251696825e+04 1.040615225385408849e+04 3.812181350192984974e+04 6.255802452797070146e+03 -2.760629258875267988e+04 5.344232080388042959e+03 3.892808302887721220e+04 1.476803828845891985e+03 -2.716640768514477531e+04 3.886533116456004791e+03 3.248657135583925992e+04 3.354504485614597797e+03 -3.506593517609869014e+04 -1.339035770506437984e+03 2.939106008328964526e+04 -1.699661234393752238e+04 -1.242170096433280560e+04 2.356558683211919561e+04 -1.849632332276101806e+04 -4.997121344087645411e+04 -1.587303268373932224e+04 1.508262741612273385e+04 -1.730245123268090538e+04 -4.409052430244616698e+04 -3.844383729155815672e+03 1.771434558089834172e+04 -2.395498633792152395e+04 -4.362732518406116287e+04 -9.470502309850649908e+03 1.150229946768374066e+04 1.545467011223093141e+04 2.615477438026561867e+04 3.329517405072634574e+04
-1.130399829335510149e+05 -5.568611941765988013e+04 2.116646275972016156e+03 9.382790059898979962e+03 -1.637876264983788133e+04 -2.156598747475072742e+04 -1.921563797688577324e+04 5.852922512567660306e+03 -2.739804876560799312e+04 -5.079932944092433900e+04 8.276770579395873938e+03 7.744823290268017445e+03 -1.932464603800326586e+04 -4.609372497594443848e+04 -1.912424699694383889e+04 3.804287328384758439e+03 -2.367291445669258246e+04 -1.952484198787715286e+04 -5.154349682212341577e+04 -2.381085762812290341e+04 2.455883113434654661e+03 -2.502650318492669612e+04 -2.246750721998978406e+04 -2.769211444770917296e+04 -2.479368591855739942e+04 -2.652408140187611571e+04 -2.819053045590405236e+04 -2.485227120167113026e+04 -3.238356764370106976e+04 -2.960815771250048419e+04 -2.896784318087153952e+04 -4.273484863282661536e+04 -3.888008727226423798e+04 -3.442215206683610450e+04 -4.407083171419797873e+04 -4.590750096074771136e+04 -4.291868001746476511e+04 -4.205233368324123148e+04 -4.490740758075841586e+04 -4.135025034192938620e+04 -3.194340570073112031e+04 -1.131327450799307553e+04 -2.170939437928603729e+04 -7.033087733725582075e+04 -3.748063687002340157e+04 -1.734274341200939671e+04 -4.258244021562857961e+04 1.541010168142092880e+02 7.019370652560587041e+04
-1.183108138514216989e+05 -5.832488755579106510e+04 1.700400966219487600e+03 9.554959531524218619e+03 -4.630640706163831055e+04 -5.099149942339863628e+04 1.150840796472039074e+04 5.514208007953013293e+03 -2.705819854803849012e+04 1.068735106207896024e+04 8.829098378773778677e+03 -2.127368048240896314e+04 -1.889461886254139245e+04 -1.563307114352937788e+04 1.253423775488045067e+04 3.521496260538685601e+04 7.234637383953668177e+03 -1.861987324256915599e+04 -1.941037836950272322e+04 7.465210824157111347e+03 3.309244649019069038e+04 5.994612173526431434e+03 -2.208141868177335709e+04 -2.642867793387267739e+04 3.765570985735417344e+04 6.516972742450912483e+04 -2.751428626885195263e+04 -2.337381712335627526e+04 2.994659068936028052e+04 2.136013043345767073e+03 2.898969320231117308e+03 2.033515515853650868e+04 2.382704262505273800e+04 -2.631777637870865874e+03 -1.167357724858436268e+04 1.639644754875928629e+04 -1.128141627647005953e+04 -1.028481890971318353e+04 1.672975846333429217e+04 2.008906146977085155e+04 2.936211168416787405e+04 -1.105532951129099820e+04 -2.123231359350017738e+04 5.210835295205516741e+04 2.373744372802379075e+04 -1.708145641954604071e+04 1.886067859770276118e+04 -2.932654953736241441e+04 -1.413349335041125305e+05
3.264501606579869986e+04 3.206038267817351152e+04 3.142690760607365519e+04 8.815943534718826413e+03 -1.650581780006177723e+04 9.358727605431282427e+03 4.112582110567018390e+04 4.494941445882373955e+03 2.498044490348489489e+03 4.019411493209190667e+04 7.936374221462698188e+03 -2.183373486739583313e+04 -1.991227136109955609e+04 1.356448726088274270e+04 4.218239414331037551e+04 3.960377932526113000e+03 6.135268055950233247e+03 4.129444629768840969e+04 -1.984099854074884206e+04 -2.380847297492437065e+04 3.186231563799083233e+04 -2.541398774774302728e+04 -2.328128740016842494e+04 3.376812260306905955e+04 7.050343980081321206e+03 3.318051705718913581e+03 1.984349802369135432e+03 -2.346061754098633537e+04 -3.500725282357307151e+02 3.245288990146946162e+04 3.226583791547571309e+03 -3.877310347277688561e+04 -3.540287549258221406e+04 -1.592865612474444788e+03 2.064754997089039534e+04 -1.223514725570561131e+04 -3.991724352003069362e+04 -8.273305924958549440e+03 1.812812687305267900e+04 -3.920319536933663767e+04 -3.007334758469322696e+04 2.015670054883247940e+04 -1.971494347730180016e+04 -3.677681134780868888e+04 -5.122101081651868299e+03 1.464180499780917307e+04 -3.954414377920381958e+04 -8.678933454852071009e+04 -7.639031352067645639e+04
1.803995583590585738e+05 1.206925623037386686e+05 6.062546470668178517e+04 6.863996483210951556e+04 7.390832914505153894e+04 3.923219168849755079e+04 7.030397900554817170e+04 6.371515976381488144e+04 3.167007074924185872e+04 6.926342275633942336e+04 6.755820914229843765e+04 3.848026726744126063e+04 6.967007615312456619e+04 7.224781068740400951e+04 4.111710436991415918e+04 3.316394571564160287e+04 3.481038826052099466e+04 3.987645292771048844e+04 4.020734743913635612e+04 3.549278314341790974e+04 2.982540798780997284e+04 3.152564321062527597e+03 -2.529525816615228541e+04 2.506310845492174849e+03 -2.359758595644985326e+04 -8.919352355529554188e+04 -1.203748137329241727e+05 -1.747008511994503206e+05 -2.115721241809659405e+05 -2.391664369002683088e+05 -2.375227671442554565e+05 -1.868794352392435540e+05 -1.534828861645662109e+05 -1.506248071225127205e+05 -1.271409057860726607e+05 -1.000755556987132877e+05 -6.764268442348088138e+04 -3.571746322559198597e+04 -4.038659113692119718e+04 -3.757970853825088125e+04 -2.874880762887193123e+04 -9.204732681973953731e+03 -4.822703976009495091e+04 -6.462397344468606752e+04 -3.805121393525216263e+03 -1.427427652175535331e+04 -3.733123795071151108e+04 -5.375986683065946272e+04 -1.029552467924063967e+05
-1.561189706617733464e+05 -3.240421749942470342e+04 3.000478305679280311e+04 7.798606403521262109e+03 -1.721375009801704437e+04 -2.120850247389171273e+04 9.627569048316217959e+03 3.331332509347703308e+04 3.187303561309812358e+04 8.807650474482215941e+03 -2.312472140649333596e+04 8.809204148128512315e+03 9.390762866823934019e+03 1.186709018598776311e+04 4.181963210634421557e+04 -2.670679348695575027e+04 -2.513839165971166221e+04 4.066362184064928442e+04 1.091574998747091740e+04 6.103802152210846543e+03 3.064536829013383249e+04 4.076250119833159260e+03 5.869039994431659579e+03 6.405068987223767908e+04 9.839350426220335066e+04 9.298180518089793622e+04 9.185421957809012383e+04 1.581736629601804307e+05 2.417313437437403481e+05 2.740134608995866729e+05 2.450530257262289524e+05 1.747979153576305835e+05 1.174450215272379573e+05 8.993838281370676123e+04 1.134351188899017870e+05 8.012167260632873513e+04 -3.802808658860181458e+04 -3.612100909114815295e+04 1.938606412964873016e+04 -3.799519751337356865e+04 -5.927264613448618911e+04 -3.972991811926476657e+04 -4.839857189799658954e+04 -6.456174316175770946e+04 -9.413161165488394909e+04 -7.440158469835272990e+04 -9.710816618404421024e+04 -1.734330188028970733e+05 -2.223363447736445814e+05
2.020616778929250722e+04 2.496311246592085809e+04 -1.576507486752212571e+03 -2.348626849881838280e+04 1.234313646506052464e+04 8.980675151105984696e+03 -2.160606139630544203e+04 1.621345765888741880e+03 7.135159941390666063e+02 -2.225136819994076359e+04 6.705901754903672554e+03 3.932641150429846311e+04 8.460528560681261297e+03 -4.998548512754494732e+04 -1.886893671297001129e+04 3.366039767453913373e+04 -2.561655833385874575e+04 -2.013421835319603997e+04 4.157432899577542412e+04 -2.413982708472758532e+04 -3.034753547632144910e+04 3.388537485618144274e+04 -2.483727579994597181e+04 -2.594996674859456834e+04 3.892508213233668357e+04 2.220514194341551047e+03 -2.865756052953652397e+04 -2.172571035567673971e+04 1.837505709263379686e+03 3.416272486967501754e+04 5.737930278410378378e+03 -3.268031881714712654e+04 2.439342444993671961e+02 2.221451211953695747e+03 -3.361905678175389767e+04 -7.149001259240438230e+03 2.483629223832396383e+04 2.685815194912726292e+04 -8.526510162628110265e+03 -6.099405026179723791e+03 3.242954385641503904e+04 2.166251255432158359e+04 1.331101057527116791e+04 2.729648544976966514e+04 5.725946985650799616e+04 4.688892545644181519e+04 5.440677276754328341e+04 1.281645547132929642e+05 1.993946354184272641e+05
-1.445127494051122994e+04 5.257075437228196824e+04 5.777986370434519631e+04 5.729784426512182108e+03 1.130929502309300005e+04 3.861725575930904597e+04 3.773477928072678333e+04 3.041266733896918595e+04 2.978179538506083190e+04 3.699287743307648634e+04 3.588727827998812427e+04 3.876078791916370392e+04 3.717393791477658669e+04 3.875714334775690804e+04 4.048820762545801699e+04 6.265332113136546104e+04 6.341320759966043988e+04 3.887498682015575469e+04 4.070834541460499167e+04 3.490728969452902675e+04 5.835672401415643981e+04 6.223211399628769141e+04 6.347232993633963633e+04 6.338629024859989295e+04 3.814076328009832650e+04 6.039651573635620298e+04 8.983121649944229284e+04 6.736777195765182842e+04 3.112930393661360722e+04 6.323477791855135001e+04 9.507674606982606929e+04 5.848458493303018622e+04 3.130564725899638142e+04 6.247608687495789491e+04 5.783632327220391016e+04 -3.572982565674441867e+04 -5.418944056733762845e+05 -1.226355484445814509e+06 -1.052485269269092474e+06 -3.627814045036201715e+05 -5.577068304468388669e+04 -6.953966182773117907e+03 -1.456425793410732877e+04 -3.023942371597501915e+04 2.872345788346091285e+04 4.840680813591449987e+04 -3.319657056825282052e+04 -7.920108818565483671e+04 -6.786803338793013245e+04
-1.088951422058744356e+05 -1.005443452211329713e+05 -6.372193573159165680e+04 -2.508757906209223438e+04 -1.943194358434993774e+04 -5.195924578059930354e+04 -5.324229538673534989e+04 -3.800086618866771460e+02 -3.077573552087403368e+04 -5.366574767045676708e+04 -2.434354996832564939e+04 -2.099871100275777280e+04 -2.317467819899320602e+04 -2.176903050276450813e+04 -1.927852679626084864e+04 -5.715173853968747426e+04 -2.638502189714938868e+04 9.503097587730735540e+03 -1.831200545944739133e+04 5.855352010112255812e+03 -3.087953268666740041e+04 -5.686546745477232616e+04 4.525697449571453035e+03 5.030961684533627704e+03 -1.993269770580809563e+04 1.944358055479824543e+03 1.602536002173903398e+03 -2.046334590355399996e+04 3.438289728946983814e+03 5.631279433145886287e+03 -2.236730202217574697e+04 1.258916498627862893e+03 3.388099055620841682e+04 4.923842635471606627e+03 2.535851683933287859e+02 1.158063161687456304e+05 6.253340713912637439e+05 1.284673958246132825e+06 1.098526424074081238e+06 4.127970516076299828e+05 1.220073372119803680e+05 8.120765105879434850e+04 7.376505487074586563e+04 5.823741377680539154e+04 2.763406231650174595e+04 1.769429496373049915e+04 2.592798719182610512e+04 3.972424069070210680e+04 5.112606119480868801e+04
1.889371714385924279e+05 7.825335776258719852e+04 -4.297539489925839007e+03 4.090335986693389714e+03 9.727217652252875268e+03 7.687902495963498950e+03 3.604268222872633487e+04 2.846861664147581905e+04 2.836070276331162313e+04 5.421164255240000784e+03 4.776338894153072033e+03 8.449413228081597481e+03 5.499407409224659204e+03 3.659691984532400966e+04 3.965874084038659930e+04 3.184914650861173868e+04 2.302061712835042272e+03 8.104005272034555674e+03 4.072330605238676071e+04 3.457382986962329596e+04 -2.393797315889911260e+03 1.593096908182080369e+03 3.265466537268372485e+04 4.061355504673090763e+03 9.258769463631411782e+03 3.016280736133927712e+04 2.998310231894723256e+04 8.490390228107571602e+03 2.737928304122644477e+03 3.476472526439465582e+04 3.689135209831874818e+04 3.208942770434086560e+04 5.011707168305409141e+03 -2.440131904499133816e+04 1.718213587883015862e+03 5.715481493738468271e+04 2.886422432260561618e+04 1.760752095142379403e+03 2.480113390134648944e+04 2.641380223503794696e+04 3.417547576944352477e+04 2.318837060243837186e+04 1.637955961516122625e+04 3.074929558206361980e+04 2.943061285768649395e+04 1.969311675115017715e+04 5.784867756825448305e+04 7.137081205146410502e+04 2.316504654940088221e+04
3.701389192719936545e+03 1.518558746378403885e+04 2.433325199468525534e+04 3.253253592760301763e+04 8.097091257222928107e+03 6.576375703443758539e+03 3.423775085655505245e+04 -3.432387225329963258e+03 -3.323348650767005893e+04 3.651900453260164795e+03 3.325987853575499321e+04 7.387571917497614777e+03 3.405668294872155911e+03 4.053597021265884905e+03 -2.194778876088092875e+04 2.899083087687031366e+02 5.413621442858675437e+02 -2.351653812802395623e+04 9.503622262272978332e+03 3.304254529357420688e+04 -4.112998031778190125e+03 -5.980907998979100375e+04 -2.905281515733809647e+04 3.309597488259998499e+03 -2.107431908545549231e+04 -1.349697249243115948e+03 -3.092020918265938235e+04 -5.172689060622370016e+04 2.546237232163446606e+03 4.754181138705360354e+03 -2.260176302806937019e+04 -2.545916110917461629e+04 -2.257960736169489974e+04 -2.292905234382487833e+04 -2.558841641875915229e+04 -1.783853844973491505e+02 1.188709545531222830e+03 -5.504151563334753155e+04 -6.237385300686591654e+04 -1.864593224017880857e+03 5.511721440125023946e+03 -3.510561864590269397e+04 -1.144016501028087805e+04 2.986325783422071254e+03 -2.849632287980057299e+04 -3.774006127961902530e+04 -2.896797765803051880e+04 1.371914763993059751e+04 8.379676308890269138e+04
1.799854565219720243e+05 7.318973288929549744e+04 -6.293214122415520251e+03 -2.807532677194103599e+04 7.321548322215676308e+03 6.602083916892297566e+04 3.349703908723307541e+04 -4.117491850629390683e+03 2.612527238088659942e+04 3.091334016644395888e+03 3.284713704488257645e+04 6.702261888480291236e+04 2.784477971727028489e+03 3.208153562154620886e+03 3.744835898163722595e+04 5.970321528206119547e+04 5.984436370490590343e+04 6.006201460841111839e+03 9.394055972225032747e+03 6.262361996341496706e+04 5.517916238633909961e+04 -4.719757376007037237e+02 3.008758253534327378e+04 9.260330095945388894e+04 3.856388780288369162e+04 -1.773804492550028954e+03 5.794198749121295987e+04 6.705021026020417048e+04 3.222194342408327793e+04 6.403531948162720801e+04 6.643409677722970082e+04 3.469091390783440875e+04 3.756585439958157804e+04 3.678974231763277203e+04 6.412156296137264872e+04 5.980114613310447021e+04 3.145629064762034977e+04 3.465897376416256884e+04 5.656118329963633732e+04 5.756827427772790543e+04 5.587496516527346103e+03 2.413179931987504824e+04 4.819888293510288349e+04 3.305126057763129938e+04 6.041751982469571522e+04 2.198080855829169741e+04 1.375243983930296963e+03 1.027086270053391345e+05 2.313792180211725645e+05
-1.529512672545388923e+05 -7.875252454075962305e+04 -3.728447629779111594e+04 3.111977968364953995e+02 5.633642112952657044e+03 -2.463041948154562851e+04 -2.778624463942833245e+04 -3.548122227250138531e+04 -5.128967420314555056e+03 -2.824774205801077187e+04 -2.797620200144581031e+04 6.410327689955069218e+03 -2.875016088539263001e+04 1.043644815217703581e+03 -2.352298642043024302e+04 -3.083416656474577030e+04 -1.000523499678703956e+03 -2.493317915766965598e+04 8.578621586784720421e+03 -2.738128634111490101e+04 -6.460149310005363077e+04 -1.380045407567871734e+03 2.898791327606898267e+04 3.390835215686936863e+03 -5.021641498431586660e+04 -6.152530323888640851e+04 -1.675043954746681266e+03 3.740472893172409385e+04 3.170336420880863443e+03 -5.367168268887337763e+04 -5.106138358474709094e+04 7.555988876847899519e+03 4.011206793773465324e+04 9.139073392725782469e+03 -2.194723343476653099e+04 -2.625952459115057718e+04 -2.510489243082702160e+04 7.771472484455443919e+03 -3.369641292372252792e+02 -2.912555438757408410e+04 -2.230051864695269614e+04 -3.328719625016674399e+04 -8.775075803860090673e+03 3.495921405614365358e+04 2.997146222042269073e+03 -3.505883235950011294e+04 -2.610108732595108449e+04 -4.316664104815514293e+04 -9.176515165716316551e+04
1.980912662646732933e+05 3.712244143243876169e+04 -3.841183602751701255e+04 -1.426577612291992409e+03 3.583752630511298776e+03 -2.585734687338114600e+04 -2.961039651650935411e+04 -7.629411961534060538e+03 2.275707629916723818e+04 -5.767371004913002253e+02 -5.899509371782199014e+04 -2.457965764508128632e+04 2.804855162336025387e+04 -1.903627176070585847e+03 -2.563104976085014641e+04 -3.069459183607192244e+03 2.650690164184203604e+04 -2.699438009934965521e+04 -5.229631335241720080e+04 5.563775321934372187e+02 2.233069460024114233e+04 2.597423303115647286e+04 -2.955921667162328959e+03 -5.660994531004677992e+04 -2.150049122865294339e+04 2.509074756992055336e+04 -3.403735575848317239e+03 6.284874901175498962e+03 2.249685966526274569e+03 -2.478425910696387291e+04 7.299390521948167589e+03 3.843252034392225323e+04 1.242258469224919099e+04 -1.927562368102365872e+04 -1.974099429848138243e+04 5.426695425412501208e+03 3.583329293120192597e+04 1.031638492946512997e+04 1.586391291930223815e+03 1.841660146019421518e+03 -2.119077594485139707e+04 -2.788645597174938302e+03 2.273512323736207327e+04 7.551630844245490152e+03 -2.470614735269919038e+04 -3.124632262624800205e+03 3.518720942491217284e+04 4.646333832351939054e+04 5.569375978491618298e+04
1.635843151831062278e+04 -2.429148450843058527e+04 -3.916956905683036894e+04 -6.163819579058326781e+04 -5.696423592977225780e+04 2.608277300023473799e+03 -3.100306974898558110e+04 -6.781592170009395340e+04 -3.739612518751528114e+04 -3.147053616412449628e+04 -3.034329081419866998e+04 -2.538694723800302017e+04 -3.264856325637083501e+04 -3.332983165222685784e+04 2.388404523371718824e+03 -4.222369448398356326e+03 -6.285407485149335116e+04 -5.749782776285428554e+04 5.733267338946461678e+03 -1.873497030464932323e+02 -3.727940094831876922e+04 -4.391018453752622008e+03 -3.876182073727250099e+03 -5.641534951515484136e+04 -2.146170440828404389e+04 2.429055529355548788e+04 -3.308195370598719455e+04 -2.331812709569942672e+04 3.164532406779471785e+04 -2.441932906629540958e+04 -2.170049900189053733e+04 4.005637780181143899e+04 -1.481433677952724975e+04 -1.780978254973911680e+04 4.074311506468802691e+04 7.486068896833108738e+03 -2.069915879983466584e+04 -1.670216518570668995e+04 3.409375937771983445e+03 3.253192534029937815e+04 9.232856805319781415e+03 -3.077467495924781542e+04 -4.723417765926569700e+03 9.142614972661132924e+03 5.866643001208896749e+03 2.783710793475620449e+04 -2.148493435990577564e+04 -6.920627113606303465e+04 -6.063157363387243822e+04
-1.505546461208729306e+04 3.941252977820113301e+03 4.846558988152531674e+04 5.514252307009883225e+04 9.242493251804262400e+02 3.124212928814807674e+04 5.612982827762607485e+04 1.954222025116905570e+04 2.057443098514340818e+04 2.624383078771643341e+04 2.755769737879745662e+04 3.246900575759354979e+04 5.400315709819548647e+04 2.376838155498259584e+04 9.520847193198278546e+02 2.381668866553809494e+04 2.394435344205706497e+04 2.902385280001905630e+04 4.294465027051046491e+03 -1.488956203684210777e+03 1.999927674653002759e+04 2.332424519350752234e+04 2.370935734710661927e+04 3.034127649967555772e+04 6.624036388238775544e+03 -3.590130642813158920e+04 -5.318470785277721006e+03 3.354280736239167163e+04 3.021518243942409754e+04 3.568523457506526029e+03 -2.284506673808206688e+04 1.088326833327334316e+04 4.392183987249170605e+04 1.130499461316516681e+04 -1.710039605211932212e+04 8.264557509682970704e+03 9.395185653120177449e+03 1.364777189737654408e+04 3.338798496522942150e+04 -2.498393111512988980e+04 -1.945352731738192961e+04 2.799550769734208006e+04 -3.310026410617851070e+03 -1.872243192919992725e+04 -2.210926066443786840e+04 5.540362274041399360e+02 3.846986529766595049e+04 4.805157429480440624e+04 5.562258008459946723e+04
9.768717498518584762e+03 -2.768487014109268785e+04 -4.016270201769657433e+04 -5.255102079245203640e+03 2.751333787979092449e+04 5.628597515169531107e+01 -3.400500202667893609e+04 -4.073308540973818162e+04 -1.058005540107848356e+04 2.345052204036619514e+04 -3.274435568542702822e+04 -5.706558663223416079e+04 -7.808219307335093617e+03 -9.240607793326489627e+03 -3.141205763153266162e+04 -8.170174889382789843e+03 -7.775529641658009496e+03 -6.128229730646123062e+04 -5.658099397900511394e+04 -3.264766977634280920e+04 -4.025360768835517229e+04 -8.349208601284626639e+03 -7.996506679919548333e+03 -5.797316474490790279e+04 -5.276448678108848981e+04 -3.781568016391241690e+04 -3.598775697348166432e+04 -2.670961433614142879e+04 -5.806173556775305042e+04 -5.530683862569260236e+04 -2.373187232296913135e+04 -1.633175630646288664e+04 -1.168849425448573675e+04 -4.512032729049664340e+04 -4.335407311911678698e+04 1.131993374321599549e+04 -1.624440277111737669e+04 -6.917193253699236084e+04 -2.130217597063186258e+04 6.854179179063037736e+03 -4.593399102508589567e+04 -5.630254344898302224e+04 -2.827756312850389804e+04 -1.533718863851387869e+04 -1.889636247826271574e+04 -5.259820520761408261e+04 -4.424220972054149024e+04 2.082646759052239941e+04 8.389908861776278354e+04
-2.041459219355601817e+04 7.401430961908772588e+02 1.774101112212520093e+04 2.330744618375319988e+04 -2.198597292881458998e+03 -4.026020981837064028e+02 2.340600444178562611e+04 -1.205944140558136860e+04 1.801199428911780706e+04 5.172455672640353441e+04 -4.122676650877168868e+03 4.651390272191492841e+02 2.032754639803897589e+04 1.874018994218198350e+04 -3.291295305825769901e+03 -8.838961665169335902e+03 4.944820829259691527e+04 5.366155449068167945e+04 2.939567739085759968e+04 2.453427004569675773e+04 1.695411107328260550e+04 1.972667568072216818e+04 2.002407105464959750e+04 2.820441833173378836e+04 3.320001794199924916e+04 4.780560527811740758e+04 4.967760633851867169e+04 1.025809216662310064e+03 2.752511177328380290e+04 5.906289401696994901e+04 3.279546156991273165e+04 4.105834173853509128e+04 4.593935084820294287e+04 6.967655577522213571e+04 4.302988544222875498e+04 1.163226608361571562e+04 7.045456713007320650e+04 7.536031991650827695e+04 3.680834999482601415e+04 3.609652476152393501e+04 4.066964469617232680e+04 3.051828660827607382e+04 3.046257030451670289e+04 4.313664553337742109e+04 3.975335402123187669e+04 3.570768796780600678e+04 4.382271542330272496e+04 5.025958552898350172e+04 5.465174550481559709e+04
6.123008728027343750e+03 -2.921820040559399058e+04 -1.136766192270448664e+04 2.226044467126479140e+04 2.506575920269824564e+04 2.731185641896445304e+04 -3.550474534276869963e+04 -4.140567736234507174e+04 4.598768095485857339e+04 2.152937786187973688e+04 -3.345587651943790843e+04 2.832865286094590556e+04 4.756900293170471559e+04 -4.035068175697230618e+04 -3.336383139248937368e+04 4.784554474288600613e+04 1.991809900151577312e+04 -3.367195308732334524e+04 -2.665706357220187783e+02 2.420409196405671537e+04 1.687203523586498341e+04 1.945926257001698832e+04 1.981359558296392788e+04 -1.621105871162435506e+02 4.623535319115122547e+03 1.899277106567754527e+04 -7.547191971680236747e+03 1.090625761426053941e+03 2.786521706730127335e+04 3.074341558909509331e+04 3.319726032786999713e+04 1.391260744654561859e+04 -9.518228351953497622e+03 4.229057026095662150e+04 7.327749112504519871e+04 1.370551713742330321e+04 1.508107826695792028e+04 4.865082170814283745e+04 1.004948468587842945e+04 9.154473370872408850e+03 4.203822816023608902e+04 3.297814616817369824e+03 3.581708389683615678e+03 4.449391135596681852e+04 4.103417537058717426e+04 3.729545111302276200e+04 1.642552253906595797e+04 -3.505410901212543831e+04 -8.853585819073402672e+04
-2.407914707204326987e+04 -1.158834372181438084e+03 1.753034020890480679e+04 -7.044078431790712784e+03 -3.379184652410913259e+04 -3.113929503131657475e+04 -8.434995610150504945e+03 1.517601394618396262e+04 -4.035546740225972462e+04 -3.704327545943668520e+04 2.269336549856236161e+04 -3.046072931552761293e+04 -4.047116471221669053e+04 1.412723485380410420e+04 -7.497833550442010164e+03 -3.976205655897505494e+04 -3.839117426075975527e+04 -7.139078704640269279e+03 2.566010002570690995e+04 -5.698539806180633605e+03 -4.080543567601121322e+04 -3.869167341734282672e+04 -9.898996996926158317e+03 2.790259935718491033e+04 -2.468159848474925093e+04 -6.733122200006626372e+04 -8.128551011322851991e+03 2.765253438556106994e+04 -1.825066818855586462e+03 -2.706786467868369073e+04 3.374708506744238548e+03 1.515627144312011660e+04 -7.115095634944766061e+03 1.477509103540785145e+04 1.780653613561287057e+04 -1.160769980517213116e+04 1.841526499134501501e+04 2.366795679554349044e+04 1.361546843487293518e+04 1.259633736917746137e+04 -1.209868284116967698e+04 6.420629456988361198e+03 8.012543314835027559e+03 -8.980599553324267617e+03 -1.205508653190915356e+04 1.408908845158289478e+04 4.895339439623069484e+04 5.209661099303034280e+04 5.324015243502694648e+04
3.994776700274087489e+03 -2.909873825556135853e+04 -6.632185397611465305e+04 -6.333191688579967013e+04 -6.440073063131421804e+03 -3.632555131916888058e+03 -3.739255237160250545e+04 -4.129502758383756736e+04 -4.021876781538594514e+04 -9.415025207563303411e+03 -6.053345226100704167e+03 -5.932480721967288991e+04 -6.945512381149455905e+04 -1.543112029612530023e+04 -8.993999949307180941e+03 -4.038189340149989584e+04 -1.050135069817776093e+04 -8.133370479336008430e+03 -6.015831879165483406e+04 -3.428872663294890663e+04 1.562745504779741168e+04 -3.881530969287292100e+04 -6.645835616043780465e+04 -4.652031610022531822e+02 3.215642559807514772e+03 -3.909827328752726316e+04 -8.232666007824940607e+03 -1.502074441523291171e+03 -3.048794077534694225e+04 8.730042859680252150e+02 2.766970278462511487e+03 -1.266796547162800562e+04 2.193646923114999663e+04 1.508733122667775024e+04 -9.876420773798716255e+03 -1.040230169368442148e+04 -8.588019980234093964e+03 2.490637489536311477e+04 1.484161411295668222e+04 1.378973529615905136e+04 1.712961461686040275e+04 -2.082409587630536407e+04 9.404677240527234972e+03 2.027606019226345234e+04 -1.085330609057564288e+04 -1.256124599196482450e+04 2.158110161079128738e+04 5.193152606894727796e+04 5.206416367611242458e+04
-2.265557060251006624e+04 2.422381704673171043e+02 -8.527155927149578929e+03 -6.308867947082035244e+03 2.125207140750717372e+04 -3.148743217054288834e+04 -3.712957535171881318e+04 1.570435947214718908e+04 -3.894330636016081553e+04 -3.696263075631571701e+04 2.233596097328700125e+04 -3.120559722592582693e+04 -6.907630569767206907e+04 -1.585288527188822627e+04 1.780185745330527425e+04 -1.236434653401380638e+04 -6.574372384871827671e+04 -3.639484221755992621e+04 -4.733836952946148813e+03 -6.152917374041859875e+04 -3.937554797390475869e+04 1.779706970846746117e+04 -3.722302129608584801e+04 -5.522628792910851189e+04 3.353119677049224265e+03 -3.810756796912729624e+04 -6.301392662920970179e+04 -2.076904827263206244e+03 -3.026580513396742754e+04 -5.491562897339447227e+04 2.222254514344822383e+03 -1.132464661495800829e+04 -3.207117019686868298e+04 1.619785018498066347e+04 -8.148907393333713117e+03 -3.511532280419496965e+04 2.297858789446778246e+04 5.913782317657023668e+02 -3.703252800041816954e+04 -9.924505750532232923e+03 -6.983563753892718523e+03 1.162709448428340693e+04 1.470861863577734766e+04 -3.132264032261473767e+04 -3.324865974136654404e+04 2.257536802033421918e+04 2.682755213463660039e+04 -2.985303461842646357e+04 -8.853341628506236884e+04
-1.579614727245643444e+05 -8.064302838407453964e+04 -3.439310768677386659e+04 -5.517047186731353577e+03 2.072666546271648258e+04 -4.008744116872527229e+03 -9.497664749505929649e+03 1.638484226830771513e+04 -1.034330280963325640e+04 -9.050739235244691372e+03 2.242632893787233479e+04 -3.875368103035667446e+03 1.388400187541264313e+04 3.900171061570289021e+04 -1.084844870958477259e+04 -3.998645591258539207e+04 -9.722508631530283310e+03 4.635436376207506692e+04 4.987490423256529175e+04 -5.535895095672458410e+03 -1.060626695572867175e+04 1.826971983304247260e+04 1.905941941135100205e+04 2.885992211638942536e+04 3.118923486093986139e+04 1.817280454793947865e+04 2.131282105983706424e+04 2.545670510153289069e+04 -2.222230677143583307e+03 2.870318783796415664e+04 5.744058496551596909e+04 1.726237869937892538e+04 2.481263800873424043e+04 7.240781040512942127e+04 7.612768215243692975e+04 2.262595362262811977e+04 2.525247569836222101e+04 5.864545143209409434e+04 4.931059442402329296e+04 2.107885488367168000e+04 2.391737164056411711e+04 4.260885283991246251e+04 4.629461724136478733e+04 5.569852868560707429e+04 2.681936860550229903e+04 2.763157169567415258e+04 5.863943498115992406e+04 5.638661546632635873e+04 5.212741540511976928e+04
-1.836594819620949856e+05 -5.208581659535408835e+04 2.130306166829541326e+04 -4.991978300386123010e+03 -6.635278703179210424e+03 2.346115644089877605e+04 -9.353852760978043079e+03 -1.050526690727559617e+04 1.762732642877382750e+04 -8.774523710017092526e+03 -4.736776522477099206e+03 2.356950758839958871e+04 1.392466296791097557e+04 -1.598149063240269606e+04 -3.846289670385884529e+04 -1.224303921975655248e+04 1.809680608392228896e+04 -8.742191838682629168e+03 -5.396181698306463659e+03 2.222948222537524998e+04 -1.007700757356351824e+04 -3.641518824791999214e+04 -8.091406244202531525e+03 2.914346418867347529e+04 3.655404231976557639e+03 -9.088918077177469968e+03 -5.931148839299632527e+03 -2.293079320807024487e+03 2.535623070609286515e+04 -2.661926058877748437e+04 -2.571863309247443249e+04 4.490481283923164301e+04 2.496351290901682660e+04 1.703065168694581371e+04 2.070754580374332727e+04 2.300153184100044018e+04 5.336492337402887642e+04 3.645060836570337415e+03 -5.604368684580724221e+03 4.934945523331395816e+04 2.437745420320401900e+04 1.532698879018408479e+04 1.904418949736276409e+04 3.933539515128650237e+02 2.729708866856512032e+04 2.823435298399993917e+04 3.095512455212909845e+04 1.116135605995065416e+05 2.181191199377621524e+05
-1.123920185025775572e+04 8.701826611068099737e+03 -7.046009763143374585e+02 -2.786702717014122754e+04 -3.154854767490178347e+04 -2.946918607747642091e+04 -7.398635367862880230e+03 -6.010979673010297120e+03 -3.259205082722479710e+04 -3.289433487690985203e+04 -2.860922728606965393e+04 -2.974571382394060493e+04 -1.129500691778957844e+04 -1.377092340437229723e+04 -3.730196196236644755e+04 -3.687320845492652734e+04 -3.325727679999548127e+04 -6.933949638623744249e+03 -3.152646821807135711e+04 -2.954909498104822705e+04 -5.885404954897152493e+03 -3.207799875701309065e+04 -4.032985636731609702e+03 -2.217742237029579701e+04 -4.862171777873289830e+04 -5.456674653105554171e+03 -2.022075222339553875e+03 -2.824509374389894947e+04 -2.789371658815072442e+04 -2.501112068770453334e+04 -2.504162688332144171e+04 -8.759232849115418503e+03 2.655939293210396136e+04 1.814085267425992060e+04 -5.451363692991391872e+03 -1.145308836130425334e+03 2.094474436016767868e+03 7.628670399426497170e+03 -7.783221098361245822e+02 -3.917526680743321776e+02 2.127856307779380586e+03 2.065282004536110617e+04 2.482098247739479120e+04 5.276326579623870202e+03 6.190607228199965903e+03 -1.929442893248045584e+04 8.092145759729202837e+03 1.123540891712752345e+05 2.148099406243975391e+05
1.894986147119197994e+04 -1.540672927454579622e+04 -2.528361047501675785e+04 -2.611443318019158323e+04 -3.049370405438821763e+04 -2.063740396988578141e+03 2.012243466102518141e+04 -4.267091684159851866e+03 -3.086396524566228618e+04 -3.159082460333593190e+04 -2.728532305103726685e+04 -2.368420338025374804e+03 -1.029628179501742125e+04 -3.947235424071547459e+04 -9.900862987269647419e+03 -8.930784762487804983e+03 -3.188920660817532917e+04 -3.292821808485312795e+04 -3.084192939451894199e+04 -1.544394353986717761e+03 -4.327387944795103977e+03 -3.045096653338985925e+04 -2.522567855776287615e+03 6.037923778058102471e+03 -2.069784110004549439e+04 -3.100743055460040341e+04 -2.752387545711822168e+04 -5.395529582165181637e+02 -1.483774720690344111e+02 -2.439407358469907194e+04 -2.470315175771249051e+04 -8.359896077308701933e+03 2.686150536581409688e+04 1.837989258347091527e+04 -5.156195583404005447e+03 2.697306983871373814e+04 3.039288039668452984e+04 -1.853009728074542363e+04 -2.663239941524814640e+04 2.858288876246652944e+04 5.848981016490147886e+04 -4.984056766842928482e+03 -2.811443739628876210e+04 3.410132060351344990e+04 3.568166254845011281e+04 1.066487372969272838e+04 -1.794287375407323998e+04 -5.232515136944109690e+04 -6.106817497871699743e+04
-3.359933328465573140e+03 1.430346460605507309e+04 3.777744472026839503e+03 -2.399893307301681489e+04 -2.914897638955153525e+04 -2.783611146674956399e+04 -5.500724281882867217e+03 2.424672671186274965e+04 -2.397559545934134803e+03 -3.006255087617317622e+04 7.717104500625864603e+02 -1.825986520270751498e+03 -9.032792708603657957e+03 -1.145946246571838492e+04 -3.587606681336181646e+04 -7.734429537667834666e+03 -3.799836127436668903e+03 -5.140323287923820317e+03 2.331077938666566479e+04 -3.622244094731286168e+02 -2.923052344005550549e+04 -1.862285021343148401e+03 -8.383534202585010462e+02 -1.946573829278352787e+04 6.984760884079229982e+03 2.431506353081203997e+04 2.799965817364865507e+04 2.635519555769860744e+02 -2.618459725228606112e+04 3.249548160820366320e+03 2.964204948453695761e+04 1.909527361218342776e+04 2.282885846216522623e+02 1.874173405056342745e+04 4.929210548114499397e+04 5.501038838527163171e+04 3.159268438292191422e+04 3.712526561284910713e+04 5.665102280967404658e+04 3.521526979748130543e+03 6.259357656236214098e+03 7.910314284847112140e+04 5.611606363323499681e+04 8.942903913557529449e+03 3.862871855788381072e+04 6.861661182891091448e+04 3.929143426183122210e+04 -2.315352755598659860e+04 -8.740327792009257246e+04
6.352727565099543426e+03 2.144720144046004862e+04 9.544698111130855978e+03 -1.860354282660409808e+04 1.163473262568004429e+03 2.775126716180233052e+04 -1.633979582693427801e+03 -2.253572705434629461e+04 3.051694902242161334e+03 1.249060707632452250e+03 5.542213896405941341e+03 1.522742790984979365e+03 -3.021765205077826977e+04 -6.225837524980306625e+03 -5.292769600637257099e+03 -2.882177067163866013e+04 1.600150089361646678e+03 2.598616738803678891e+04 -2.546570283069735160e+04 -4.789649424841621658e+04 3.951584972673968878e+03 3.110718471405562013e+04 5.821074587292969227e+03 -1.364190630323719233e+04 -1.495664575311820954e+04 -2.247037224064121256e+04 7.878665188909624703e+03 4.965683069313003216e+03 -2.132665344106499106e+04 7.179701584391412325e+03 6.046205532620719168e+03 -4.774838637094886508e+03 2.806513347895874176e+03 -5.620904466486594174e+03 2.444145688030420570e+04 3.140645451843750197e+04 8.498678741743846331e+03 1.363789845083380351e+04 6.956835268065333366e+03 3.621849878923955839e+04 3.925840824784222059e+04 3.478679380496090744e+03 7.142913438146933913e+03 1.375609418901149184e+04 1.792126436892437050e+04 2.059982956096058479e+04 1.611496893165161600e+04 -2.055512422986736055e+04 -8.599460864148475230e+04
-1.163348702754591359e+05 -5.134081398427952081e+04 1.332210032385773957e+04 1.083215356920839986e+04 3.768216221360489726e+03 2.946041433664504439e+04 8.665238955290988088e+02 -1.867231769079808146e+04 6.387171705136948731e+03 3.023699423763900995e+04 8.373586225788982119e+03 3.557304021669493522e+03 -8.483402075944468379e+02 -2.903030431771179428e+04 -2.740424232906661928e+03 2.670157075393944979e+04 3.082942315202672035e+04 2.564141343464085367e+03 -2.268547339597711107e+04 -1.846552222152234754e+04 7.691922951489628758e+03 3.476664848160004476e+04 9.554239256540371571e+03 -1.055334922915796051e+04 -1.238287743646657327e+04 7.702636013272975106e+03 3.804671794117894024e+04 7.810908809187822044e+03 -1.853389615018392215e+04 9.333944813697715290e+03 7.937438596272899304e+03 -3.322551542660163250e+03 3.766019105678482447e+03 -4.510783164878317621e+03 2.530382068071066169e+04 3.288428088882943848e+04 1.015904915460856864e+04 1.508782447024720022e+04 8.965804091421887279e+03 1.188444535597221693e+04 1.519103356462431839e+04 3.321639714937179815e+04 9.426318387850187719e+03 -1.109114026417938294e+04 4.810430626268492779e+04 2.348911647859495133e+04 -3.651732139987888513e+04 -4.679286648461117875e+04 -5.847635673649935052e+04
1.730348167516058020e+05 8.159088986518327147e+04 -9.821727854432505410e+03 -1.265484206960533993e+04 3.126338411704637110e+04 4.593200072413324051e+03 -2.347673972602932918e+04 9.518445197609331444e+03 3.412103816459424706e+04 5.845878789550621150e+03 -1.611903330835049201e+04 4.276096380199258419e+03 2.659061127516905981e+04 -1.462549617281183600e+03 -2.773166033963206428e+04 1.878750690957593179e+03 3.171785017475486893e+04 3.368330484372560022e+03 4.062644763616837736e+03 8.358213937026448548e+03 8.797585943248057447e+03 3.576313411060254293e+04 1.045042219397148438e+04 1.607955334242418758e+04 4.020082583476319269e+04 8.415675100986947655e+03 -1.390116012364158814e+04 7.891478533274508663e+03 3.411270110867914627e+04 3.527858904097224877e+04 3.389137752819803427e+04 2.230784287035919260e+04 2.920977846137250890e+04 4.768285317055415362e+04 2.427190416434305371e+04 3.225689435901568504e+04 6.289476878708228469e+04 6.791367645666480530e+04 6.229501564172096550e+04 6.578050163632706972e+04 4.258269876299868338e+04 3.374644706724199932e+04 6.368295640451816143e+04 7.024503675696917344e+04 7.615130277466977714e+04 5.164127885713224532e+04 7.267768673773435876e+04 1.439071085385505576e+05 1.866601931850863621e+05
5.414159475010819733e+04 1.203986295615322888e+04 -3.746548997587466147e+03 1.874152763164602220e+04 3.610968175693415105e+04 8.662765780463814735e+03 -4.386198337189853191e+04 -9.568538652965624351e+03 4.002920214144978672e+04 -1.386936333030462265e+04 -3.590348494239145657e+04 9.050659475033171475e+03 7.317163394181989133e+03 -2.035424583067651838e+04 4.374837226932868361e+03 8.741119378246366978e+03 -1.366200466116430471e+04 -1.606684242899063975e+04 -1.571836573421023786e+04 1.460791914782021195e+04 1.608873030054394621e+04 -8.652389296912588179e+03 -8.209337347652821336e+03 -3.990387928206473589e+03 -6.706614265567681286e+03 -1.049125034653116018e+04 -6.394696026691177394e+03 -1.209367975359782577e+04 1.343408280925342115e+04 1.344379807647765847e+04 -4.085306055552785983e+04 -2.752813418686826481e+04 3.060011478723032633e+04 2.284990102401946206e+04 -2.709502355020970572e+04 -1.880737457424413878e+04 1.128838027070742100e+04 1.565350988705182681e+04 1.058251907583326101e+04 -1.189680441573722055e+04 -7.864611211116309278e+03 9.442929372890037484e+03 1.127186566824093461e+04 -9.493337398162402678e+03 -2.954244963882962475e+04 -1.177996909827925265e+03 -9.510504190693900455e+03 -4.741691324976255419e+04 -5.956917849951318931e+04
6.720818937174044549e+04 2.201093207462693681e+04 3.680261540575884283e+03 2.573320404742844403e+04 1.696956342959310859e+04 -1.173615766747388989e+04 1.366467792831826955e+04 2.384242439642548561e+04 -3.982705871458107140e+03 -6.595190529478713870e+03 -3.519176698173396289e+03 -1.082480334909632802e+04 -3.581050044740547310e+04 -6.331022954778742860e+04 -3.953593157057184726e+04 -3.477287018904468277e+04 -8.396691423084118287e+04 -6.066382445977067982e+04 -3.503445159527470241e+04 -8.273829601414033095e+04 -8.044291543250430550e+04 -7.934036252845553099e+04 -7.991453496797490516e+04 -2.590838357806217391e+04 -3.387595961685321527e+03 -5.332316912827089254e+03 -2.716625369328550005e+04 -5.994782965804927517e+04 -3.569949586177254969e+04 1.495611053018372331e+04 3.926832859229757742e+04 2.472129787725850474e+04 -2.404836487607097661e+04 -5.033545183250884293e+03 5.040378985926509631e+04 3.266169394075414311e+04 9.665451500914066855e+03 4.007018743373926554e+04 6.233786930795758963e+04 4.122337562323070597e+04 4.627136827446545067e+04 3.666572125628622598e+04 1.057926176814360224e+04 4.370504099177229364e+04 7.884510195232006663e+04 7.971249396156032162e+04 4.350125137250847183e+04 -2.105900902126388974e+04 -8.671379572420771001e+04
4.434513794432854047e+04 4.905425937206024537e+04 5.531732412579003721e+04 5.171329334028996527e+04 1.732873251719865948e+04 1.358001651300583035e+04 6.444265668978914618e+04 4.926761283248185646e+04 2.118379328865557909e+04 6.937915769114618888e+04 7.229361878940829774e+04 3.936432833201257745e+04 6.575953175604806165e+04 8.944156001671214472e+04 8.775682078092356096e+04 9.283275269262962684e+04 9.504513598280031874e+04 9.310686803364657681e+04 1.192944273125612672e+05 1.491816859244135558e+05 1.265856792806879239e+05 1.028722307091811381e+05 1.029317153053127404e+05 1.058421500306575617e+05 1.031144996493821382e+05 1.020019543077796116e+05 8.085423861979495268e+04 4.871461706177802989e+04 4.739541804010508349e+04 7.229610720765782753e+04 7.084475116746040294e+04 3.003776891273434740e+04 3.361344065808237065e+04 5.288701311103068292e+04 5.605194615083746612e+04 6.482244709797657561e+04 4.181417440820939373e+04 4.582253804605000187e+04 6.829071866231958847e+04 4.755563725659146439e+04 5.296543705509998836e+04 4.336160522652824875e+04 4.370128846087015700e+04 7.703104597341734916e+04 5.905949632055161055e+04 3.252259845205117017e+04 4.963685557886515744e+04 1.200648694066320313e+05 2.164254010678245686e+05
8.414733652898564469e+04 3.484746865055058151e+04 1.291106274235062301e+04 9.444727614754810929e+03 -2.470817742170765996e+04 -4.626848125481046736e+03 2.208212340017780662e+04 -1.725064238999044755e+04 4.595689689158403780e+03 2.766224496590439230e+04 4.407421287614852190e+03 -3.541424658033065498e+03 -2.123312081675976515e+02 2.327728422184009105e+04 2.127255224739201367e+04 -2.471776856051303912e+04 -2.483148740255279699e+04 -9.802243649028241634e+02 -6.943808228243142366e+02 2.730025313736405224e+04 3.088464220636524260e+04 7.429699934436939657e+03 5.797271475894376636e+03 -1.928706786362442654e+04 3.091338986414659303e+03 5.487763470970085473e+04 7.766847929451381788e+03 -2.495602058130319347e+04 -2.018501249258406460e+03 -5.498493525665311608e+03 1.893027345940918894e+04 2.757222372572860331e+04 2.251183385378681123e+03 -4.272285448969312711e+03 -1.329770450247451663e+03 6.575792451621964574e+03 8.887526175822102232e+03 3.847793553490197519e+04 3.483150791609674343e+04 -1.162938081892204355e+04 2.089750279847113416e+04 3.720436555624505854e+04 9.097132218303129775e+03 4.258276041655373410e+04 2.515578788938047364e+04 -2.877734131179749966e+03 3.993206446350114129e+04 5.700203179556404939e+04 4.648017314553610049e+04
6.764913675608101767e+04 6.702014875598257640e+04 6.857965042581781745e+04 4.002711631939746439e+04 6.349702690495178103e+03 2.555085122236044845e+04 5.317570668179541826e+04 6.501213638985069701e+04 3.563837067049476900e+04 8.589848399860784411e+03 3.563339365879079560e+04 5.329787271679381956e+04 3.291633377782997559e+04 3.106291340722236782e+04 5.499011622741818428e+04 3.454861172707748483e+04 7.462241442990503856e+03 3.223551766655872052e+04 5.862998511758631503e+04 3.431193670083301549e+04 1.301631829759568063e+04 4.149737553729218780e+04 6.475657233095274569e+04 1.324703027436065713e+04 1.026390522019957825e+04 6.330583598231892393e+04 4.258559407084235863e+04 1.051946574996693380e+04 6.898205197649054753e+03 2.105373863596440060e+03 9.984246047679043841e+02 3.368462564831163036e+04 3.204725283256292460e+04 -2.603726187720881717e+04 -2.280009572044931701e+04 -1.595286085328541230e+04 -4.104086958337572287e+04 -3.877659316291108553e+04 -4.245942523179107229e+04 -6.212895150529203238e+04 -1.088030143850487657e+05 -1.466975326195826929e+05 -2.044172233587591036e+05 -2.785589359543526080e+05 -3.507384055812146398e+05 -4.633133054070627550e+05 -6.120385544700565515e+05 -7.579298785526740830e+05 -8.768307849101107568e+05
-5.243201540899462998e+04 -3.720593486214056611e+03 4.716784923628438264e+04 6.956752320402301848e+04 3.638289669877849519e+04 4.142088415101286955e+03 3.237766168371308595e+04 4.423952824377920479e+04 3.973401748749893159e+04 3.853186343214468798e+04 1.431120025983540108e+04 3.220808285870589316e+04 3.827079161594156176e+04 3.627598939172457904e+04 3.510724257852416486e+04 1.433493848307989538e+04 3.673439956386573613e+04 3.649527939152898034e+04 1.209803071687929332e+04 3.764742790139280260e+04 4.212776245025440585e+04 1.970054803765378892e+04 4.203724122256977716e+04 4.122894327563710976e+04 1.263978579547250411e+04 1.471635811030861805e+04 1.979333840485190740e+04 1.388540354208092322e+04 9.548263534088619053e+03 3.670507461647444870e+03 -2.320902453269800753e+04 -1.816205887880621594e+04 4.392083494458347559e+03 -1.129696209682122571e+03 -2.390669179381811409e+04 -4.391857698501553386e+04 -4.359690702171064913e+04 -6.809581141918915091e+04 -7.175271139945840696e+04 -6.482296295755059691e+04 -1.109835501882485114e+05 -1.490987479203615221e+05 -1.543717307958282763e+05 -1.745377461914909072e+05 -1.922428901254901430e+05 -1.706726593722118996e+05 -1.295906551036750898e+05 -8.453697758552164305e+04 -3.978942567657073960e+04
-4.512250420812057564e+04 2.337171013350627618e+03 2.635982152656652033e+04 -1.390369057771749794e+03 -7.900283340131863952e+03 3.559109330759380828e+04 3.943699560593813658e+04 3.144957957555889152e+02 -4.666988466051436262e+03 2.075888399092946202e+04 2.149559806275647134e+04 1.496018507808915456e+04 2.272370417194906622e+04 2.074775807035619800e+04 2.097532530024180596e+04 2.531070419761817902e+04 1.978194773080760206e+04 2.090101522451731580e+04 -2.607127780211158097e+03 2.087715945148374158e+04 5.147539644793137268e+04 4.211649466305847454e+03 -6.526087387464976928e+02 2.349806477490345787e+04 2.138355511473489241e+04 -1.337328056106259282e+03 -2.153995685453991609e+04 -3.284862032160162926e+00 -5.558635982451840391e+03 -6.525736665120359976e+04 -6.523730789951524639e+04 -6.326823885145166423e+04 -1.488068080705128377e+05 -2.065578472847117810e+05 -2.296889177348930680e+05 -3.052560250129314954e+05 -4.396420498227237258e+05 -5.722545504977472592e+05 -7.108586877922054846e+05 -8.391131628304696642e+05 -8.885142012231533881e+05 -8.517927003937095869e+05 -7.034073058038465679e+05 -4.861073023406784050e+05 -2.384069001587363891e+05 2.186313873855397105e+04 2.518684150872305036e+05 3.535929107206170447e+05 3.476447209174428135e+05
-1.416962989896998624e+04 -1.870537416718434542e+04 4.140682854340397171e+03 5.385898277978414262e+04 7.445700272801332176e+04 4.095552526821848005e+04 -5.618603896000422537e+03 5.825959225185302785e+03 5.166750948235858232e+04 7.843159586016551475e+04 5.321693267032966833e+04 -3.139128173934237566e+03 5.924613306415267289e+03 5.526963691867419402e+04 5.732462968735489994e+04 3.556682273338083178e+04 2.756261956994421780e+04 3.016548499814234674e+04 3.359439298103097826e+04 3.409748060512356460e+03 -1.703057388833252480e+04 -1.211455963610205799e+04 -1.864807830133946845e+04 -7.222344508510991000e+04 -2.286008521012266865e+05 -4.843796790560000809e+05 -9.200561794562973082e+05 -1.495935497941684909e+06 -1.767546783332363004e+06 -1.472420526094500208e+06 -9.576589361624796875e+05 -5.458740734704760835e+05 -2.720930432155746967e+05 -1.478957457828801125e+05 -6.607465728418854997e+04 9.337710281193675473e+04 2.749209451134083793e+05 4.353384110308261588e+05 6.187358137150290422e+05 8.149989336461275816e+05 9.339280819037249312e+05 9.539088887145058252e+05 9.252002230141053442e+05 7.789754474558871007e+05 6.065955758647774346e+05 5.224586333439205773e+05 4.068341744603822008e+05 2.963414707483022357e+05 2.382100312149792444e+05
-1.030107303638942540e+04 -1.545220434316433966e+04 6.576866469113127096e+03 3.142941022291778791e+04 2.776678833412006497e+04 4.529556496883740328e+04 5.028876935772130673e+04 9.637909443699707481e+03 -2.182333678007125491e+04 -1.980705246853175777e+04 -4.549405295518237108e+04 -1.780329112813341198e+05 -3.741617513040544582e+05 -6.336316794372394215e+05 -8.880332709458887111e+05 -8.601080742332855007e+05 -6.140761366853262298e+05 -4.320073030370983761e+05 -3.520558010681995656e+05 -3.079279224999481812e+05 -2.784629476087866351e+05 -2.487776443560142070e+05 -2.059435180749283172e+05 -1.576933118491433561e+05 -4.686987276072148234e+03 2.824837058893162757e+05 7.290102173882781062e+05 1.298954947841705289e+06 1.581216784169082064e+06 1.316669257991596125e+06 8.027574906271192012e+05 4.148055141785875312e+05 2.233887898072146345e+05 1.422593007417162880e+05 1.222558397287502885e+05 9.853227006446116138e+04 4.307127985346596688e+04 4.416305215854675043e+04 4.054841174976911861e+04 2.237884567817673087e+04 5.863083456526533701e+04 4.688465486688120291e+04 3.796033964492368978e+04 4.756184776895667892e+04 3.622308410122408532e+03 2.041484191024210304e+04 6.335588805261068046e+04 6.121511688281293027e+04 5.867948707134835422e+04
-8.663118438504164806e+04 -1.433863967243815132e+05 -1.987216294254176028e+05 -2.249868218472692533e+05 -2.280534314125543460e+05 -2.104182003071763902e+05 -1.795861096656880109e+05 -1.947161347547082696e+05 -2.006566511472922284e+05 -1.728392812417586101e+05 -1.473753243702232139e+05 -2.295588971697748639e+04 1.920432337763485266e+05 4.466618845076297875e+05 6.557132315181659069e+05 6.332219561742387014e+05 4.432376598578416742e+05 2.411378049087942927e+05 1.426904866285621538e+05 1.364371213462435990e+05 1.161081956484121038e+05 9.606460647715721279e+04 6.260949982854083646e+04 6.093932396674039774e+04 8.677851868502324214e+04 6.489308818418061128e+04 4.616028785472747404e+04 7.237670565838937182e+04 9.153131888364441693e+04 5.549819763400580268e+04 5.867108612204878591e+04 5.702186294307443313e+04 4.456646732229297049e+04 6.772427894175052643e+04 2.200492088391887955e+04 2.242792736971715931e+04 6.998909281159285456e+04 4.442409833951399196e+04 4.055276094761188142e+04 4.840857650851819199e+04 3.253383131814189255e+04 4.690053796512074769e+04 6.288871373340941500e+04 4.674223319860175252e+04 2.856124759244290181e+04 4.344779478502459824e+04 3.417388918111065868e+04 -1.904684736684372183e+04 -7.270705001603253186e+04
-1.630417197558562912e+05 -6.505238362471570144e+04 8.073900213348650141e+03 3.407376038318034261e+04 6.618154897587373853e+03 -2.740492819226346910e+04 2.970776720554564963e+04 6.523196125461254269e+04 7.505688102101034019e+03 -1.507810195966158062e+04 1.053336111304821679e+04 6.028736961132375291e+04 7.035070475598331541e+04 1.658398766594473273e+04 2.242908027779776603e+04 5.053811886173207313e+04 3.764802482968661934e+04 6.825640668917912990e+04 7.400863562477752566e+04 1.333165746880695224e+04 1.847912859288044274e+04 5.067937515676027397e+04 4.105925589567061979e+04 6.553795692976540886e+04 6.688153450493700802e+04 1.869448535726417322e+04 2.656523390091024339e+04 5.580575953179516364e+04 4.815917026833642740e+04 3.667102258245006669e+04 1.536992431560065597e+04 1.149862418125860859e+04 2.156181504076835699e+04 -6.689520609215716831e+03 -2.483245699084352236e+04 -2.765219396853353828e+04 -3.515470449987333268e+04 -3.520362804469198454e+04 -6.637026274285733234e+04 -8.565626092953584157e+04 -1.012066679476998397e+05 -1.401384097646224545e+05 -1.528128826728785061e+05 -1.949178905860761006e+05 -2.678692625334954355e+05 -3.616069436492388486e+05 -4.488696312485272647e+05 -4.731036717718222062e+05 -4.713980581640407909e+05
1.242063118598889268e+05 6.641640365240164101e+04 9.404518881929123381e+03 1.026742192159873957e+04 3.621036203578114510e+04 2.171130939386803220e+03 -1.834111776377539718e+04 1.620916740037507043e+04 6.176067376683930343e+04 3.977571108494883811e+04 1.347057891776789620e+04 3.906645482929890568e+04 2.310347157239448279e+04 4.661694733891634678e+04 5.413808172917923366e+04 2.980243418249307433e+04 6.666283779428337584e+04 4.618725701584480703e+04 5.281565391866021673e+04 6.780338031065181713e+04 2.094521627295768121e+04 5.356678821262926795e+04 6.844037971226510126e+04 4.164085725438769441e+04 6.978218004456738709e+04 4.690832506807072787e+04 2.942201981437409995e+04 6.079626819293492008e+04 5.271289096213877201e+04 4.051900541933713248e+04 2.036639578465837985e+04 1.523912396165542305e+04 -2.610577159211738035e+03 -3.024725799623411149e+04 -2.128522883285768330e+04 -2.608169158047530800e+04 -6.129988295549998293e+04 -8.752768571604986209e+04 -9.316152063023764640e+04 -1.391324896988222608e+05 -1.803266134753360529e+05 -1.931946694117506850e+05 -2.328800689399934490e+05 -2.480967186647470808e+05 -2.434543480852157227e+05 -2.854222039034349727e+05 -2.915587749227417517e+05 -2.082867858611284173e+05 -9.961574761371244676e+04
1.242474644491448998e+05 6.631687582936137915e+04 9.087996023590705590e+03 1.044028192991390824e+04 6.329677447560243309e+04 8.125129400461446494e+04 6.059400183381512761e+04 4.258399340091279009e+04 3.634984343720134348e+04 4.059222133771976223e+04 6.607618250418466050e+04 6.694571653963072458e+04 5.069318498193746200e+04 4.838436985854053637e+04 5.713483192666899413e+04 8.410351978905976284e+04 6.815355779661342967e+04 4.804206558677833527e+04 5.537558434123639017e+04 4.337648387416265905e+04 7.380920321331347805e+04 8.086363863607391249e+04 4.309421891812246758e+04 4.270173271768714767e+04 1.997975449427019339e+04 2.237142770842160098e+04 5.703659409715328366e+04 6.453502830758236814e+04 3.050368543714296538e+04 -7.727199651999399066e+03 -9.033575624927179888e+02 -6.858108954620780423e+03 -5.185080104740336537e+04 -7.874835599737707525e+04 -6.856037978548544925e+04 -1.268632606032766635e+05 -1.894037748500703601e+05 -2.414196743670622236e+05 -2.735594501445303322e+05 -2.684254894434700254e+05 -3.350512554019234376e+05 -3.479114228597618639e+05 -3.103992804844156490e+05 -2.732238353963476839e+05 -1.663772604468986392e+05 -5.345688891422451707e+04 4.650824612414051080e+04 1.317484475113443332e+05 1.898262560577103868e+05
-1.356755240203345893e+05 -8.982225047308020294e+04 -4.312935124267818173e+04 -4.055905440356582403e+04 -6.362999773467890918e+04 -7.098082523443733226e+04 -9.182165559730489622e+04 -5.923435693373894901e+04 -3.928545297880185535e+04 -6.055012814991638879e+04 -3.493609948956870358e+04 -5.758423563151148119e+04 -7.473612244473767350e+04 -5.126332794083280896e+04 -6.629443541751240264e+04 -6.590149141789879650e+04 -3.196202370920225076e+04 -5.191021407255901431e+04 -9.517489854944866966e+04 -5.722795657115055656e+04 -5.308749681105825584e+04 -9.711119616113134543e+04 -8.458132675557880430e+04 -8.394484447082492989e+04 -1.054819429299095646e+05 -7.848319645505410153e+04 -6.910662934998993296e+04 -1.108257668348962907e+05 -9.363723569957079599e+04 -5.521147748979274184e+04 -7.341338919650285970e+04 -1.061542672844373155e+05 -1.010717682278488064e+05 -5.074351070157729555e+04 -1.429383097740367521e+04 2.971857180236722343e+03 4.196587945742078591e+04 1.188949618721383158e+05 1.894920895708490862e+05 2.200673813774477458e+05 2.829711762163798558e+05 3.736176710954171722e+05 3.854713904374501435e+05 3.716161519865280134e+05 3.996244902070617536e+05 3.564717436424679472e+05 2.765773331507809926e+05 2.595622067485229345e+05 2.668762547377217561e+05
1.000918652553808643e+05 9.283906717144418508e+04 6.169270104903262109e+04 1.382258389028723468e+04 4.366691476083360612e+04 8.799349262146276305e+04 6.592019216564946692e+04 4.532379213953393628e+04 3.971401186194272304e+04 4.340460928622631764e+04 4.331124447693583352e+04 7.404804779798720847e+04 8.045289051602591644e+04 5.232595735753418558e+04 8.991181743331250618e+04 8.956457984982986818e+04 4.539774072996809264e+04 4.998832482378929853e+04 5.855612564017061959e+04 6.934181115997486631e+04 7.251698597508945386e+04 5.429780870850660722e+04 6.487608780851599295e+04 6.698818212724290788e+04 4.665097410615999252e+04 4.567881780385499587e+04 5.561391610768629471e+04 6.816826506634260295e+04 8.529232332133676391e+04 7.339098483440460404e+04 3.208420562557876110e+04 4.966118748299812432e+04 7.893834691727568861e+04 5.440863547264609952e+04 1.804525431711226702e+04 6.716830924269626848e+03 4.128074029518768657e+04 4.178928986133541912e+04 8.890594870317727327e+03 1.025738127820659429e+04 2.035733909986447543e+04 3.279382608190656174e+04 1.863010203640430700e+04 -2.003739163570606615e+04 -2.338511166861292440e+04 6.937392082763719372e+03 9.766435410710866563e+03 -2.565051732934045140e+04 -6.379591109347390011e+04
-2.464998582145170076e+03 -1.161606742418371141e+04 -1.680154036672320217e+04 -1.208346456405703793e+04 -7.346238403697498143e+03 -1.371494809689465910e+04 -3.670106084493451635e+04 -3.221547152206764440e+04 -1.150346765585709363e+04 -9.896683690603822470e+03 -9.349156505195423961e+03 -5.246831549738996546e+04 -4.885465578059664404e+04 -9.959546639584004879e+02 -1.352618500182869320e+04 -1.367112539417573134e+04 -3.130346635763993982e+04 -5.408730030525474285e+04 -2.092284364218357223e+04 -3.447997376322744822e+04 -5.663071218295948347e+04 -4.955057406739798171e+04 -8.909250002761853102e+04 -6.017399453499844094e+04 -2.968704333470680285e+04 -8.185965758282679599e+04 -4.650437748059607111e+04 -7.445402371813543141e+03 -6.307261898531555198e+04 -7.253843353304534685e+04 -1.368193935952163883e+04 -2.056379396352014737e+04 -3.971798752434580820e+04 -1.340416036779060960e+04 -2.225622659607330570e+04 -3.475388937862589955e+04 -2.741038764244870981e+04 -1.647999021224677563e+03 1.420341851480776677e+04 1.326350303832435748e+04 4.632123051444103476e+04 3.449190559040330118e+04 2.133162936952424934e+04 7.943011412979147281e+04 7.314045774226586218e+04 3.009762372472314746e+04 5.967753842007409548e+04 1.233565390284630557e+05 1.833669625769807899e+05
-2.378859327349340310e+04 1.299257843696983764e+04 3.225102530908776680e+04 3.763789437245577574e+04 4.155361995275598019e+04 3.526473185513156932e+04 3.521934892109129578e+04 3.962207865144591779e+04 3.636466591036878526e+04 3.433318120019976050e+04 3.529387587739620358e+04 4.229171978833619505e+04 6.637387140886858106e+04 3.991822441457770765e+04 2.596763182547874749e+04 5.038353169860783964e+04 1.075251824979204684e+04 3.173441165650717448e+04 6.159237382817070466e+04 1.998803424066863954e+03 -2.062299094861361664e+04 8.490941874915850349e+03 4.077509348746389151e+04 2.202019054617278744e+04 -2.155925594037410337e+04 -4.428338904981734231e+03 5.189072943176142871e+03 -5.881703477934934199e+03 1.212431847234244924e+04 5.857867105514742434e+03 -9.562241149833542295e+03 -1.557247430435393471e+04 -2.957684559223719407e+04 -2.598931935499422252e+04 -3.118195476010430139e+04 -4.314868690911692102e+04 -3.834415181947406381e+04 -5.637186275504075456e+04 -6.422894207644276321e+04 -4.671303049428376835e+04 -6.345039906504133251e+04 -5.168509969487821218e+04 -3.770086858887213748e+04 -5.356377610703953542e+04 -4.382725616742402781e+04 -3.798074991733289789e+04 -2.626822192338289460e+04 -2.890188611578161363e+04 -5.960234370781015605e+04
-9.126463738153688610e+04 -6.885892479564069072e+04 -5.284518553118687123e+04 -6.880121744528878480e+04 -9.194382214860524982e+04 -7.633265484648291022e+04 -5.803478850692044944e+04 -7.399559093930304516e+04 -7.369923977355938405e+04 -6.171364892914413940e+04 -8.203367351146892179e+04 -7.562162633461423684e+04 -5.821317480294965208e+04 -5.853389822470489889e+04 -5.217801281949505210e+04 -4.867212008917704225e+04 -3.424515639315359294e+04 -4.369408267608366441e+04 -6.286784118681668770e+04 -2.211851350031793118e+04 2.744749001576332375e+03 -1.507025625440292060e+04 -4.600272267707623541e+03 2.704851851449580863e+03 2.861157555424142629e+04 6.637412805983331054e+04 5.428253780468355399e+04 6.587624259060260374e+04 1.083691143296890659e+05 1.510044806409860030e+05 1.578710804320872994e+05 1.304639973375017289e+05 1.644981934735556133e+05 1.902214450441533700e+05 1.844817509240237414e+05 2.157755038567118463e+05 2.176481915579641063e+05 1.771084148716184427e+05 1.673112784523981682e+05 2.018009320227423741e+05 2.032706245104784030e+05 1.476148748991550819e+05 1.385262037301431992e+05 1.412615111481864296e+05 1.038132593414051225e+05 1.080701655335721443e+05 9.831524030189018231e+04 5.319734605669515440e+04 2.284112574357935227e+04
-5.767071300593669002e+04 -5.171844621014316363e+04 -3.950841742916965450e+04 -3.208718646608758718e+04 -3.904897997039370239e+04 -4.742333054833576898e+04 -3.574655656120739877e+04 -2.466689995490017463e+04 -4.073008687584660947e+04 -4.223772539524361491e+04 -3.889623896393465111e+04 -3.662804397463335772e+04 -2.763448998739477247e+04 -2.672017235774546862e+04 -3.072421117511112243e+04 -4.344308778119744966e+04 -2.063034141319809714e+04 -2.874128026305697858e+03 -2.771971367939841002e+04 -2.169781952921766788e+04 -9.740222885739058256e+01 7.566045998828485608e+02 -7.473868582164868712e+03 -2.049314731964835664e+04 -2.338845969992689788e+04 5.458308944944234099e+03 3.258588550961576402e+04 1.357371043181046844e+04 -4.709739236859604716e+03 2.499982294393703341e+03 2.237985642976115923e+04 4.037313699256640393e+04 2.620825802674528677e+04 3.290421161218534689e+04 5.043649011291557690e+04 4.533246577833782067e+04 4.757737166539297323e+04 3.860585219576029340e+04 3.303180140908807516e+04 2.021451288950623712e+04 1.582307429926021723e+04 2.537243756698450306e+04 9.225823314627603395e+03 5.061386572779272683e+03 3.391306778648955515e+03 -3.885404452448681695e+03 -4.524082908756128745e+03 -2.107473681622621370e+04 -4.803529511496843770e+04
1.331261844839900441e+05 9.153394008520990610e+04 6.324429880885875900e+04 7.091050909715701710e+04 7.912895770918112248e+04 6.946232545364182442e+04 5.812637712573626777e+04 5.331167700875090668e+04 5.955707151500973850e+04 4.955362602835521102e+04 5.305721513752359897e+04 5.095896980259573320e+04 1.668127777869813144e+04 1.708842388528864831e+04 2.217366584285628051e+04 1.292233817337558139e+04 3.718094445648719557e+03 -1.243625990813598037e+04 -6.987208207719959319e+03 -1.218656120938248932e+04 -3.130427727126504760e+04 -3.475777271029062103e+04 -4.012354559032246470e+04 -3.568179080379201332e+04 -2.903251886775251478e+04 -6.165405038511363091e+04 -9.482668748591089388e+04 -9.064730199577769963e+04 -8.677833937807008624e+04 -1.067955508199520700e+05 -1.324051500984932936e+05 -1.305881044093986420e+05 -1.237291650776755851e+05 -1.445701261074281065e+05 -1.417058958089909283e+05 -1.323337712354258401e+05 -1.399890549562405213e+05 -1.042238666629420768e+05 -8.502187760022925795e+04 -9.849782792793092085e+04 -9.221399042697169352e+04 -8.122889701218833216e+04 -6.565158904995751800e+04 -6.217175013269303599e+04 -5.394046642759372480e+04 -4.910811831068689935e+04 -5.723093361419171561e+04 -4.056286162114725448e+04 -9.893503828206332400e+03
