8.036758655871194787e+05 5.908368996690842323e+05 2.207661581905998755e+05 -2.341775862223766744e+05 -4.309691484030145220e+05 -4.644713692538698670e+05 -5.177020638710062485e+05 -5.179971372786670108e+05 -4.402061443737923983e+05 -2.926154596531613497e+05 -1.985038323264007922e+05 -1.631390625153245928e+05 -9.891379510697785008e+04 -3.824845935387653299e+04 3.056011536237745895e+04 3.018314840020134579e+04 7.807316326056898106e+03 1.145042026652843924e+04 2.215476042817042617e+04 2.862648849114519544e+04 -4.400609323642567324e+04 -1.142476565444713196e+05 -1.703710387149116141e+05 -2.310197739989278489e+05 -1.923456127377310186e+05 -1.330286230459159124e+05 -2.058479330576895736e+05 -2.447305646217778558e+05 -1.719159101506693987e+05 -1.698967202079531271e+05 -1.755007470984947868e+05 -1.314120592521567596e+05 -9.323828365274542011e+04 -6.282108912607328966e+04 3.114569393467763439e+04 2.832840994928523432e+05 5.363248296388747403e+05 5.392196188749277499e+05 2.977186656506734435e+05 4.722056809729547240e+04 -8.841989801968843676e+04 -1.356371479152633110e+05 -9.848054963033040985e+04 -4.419634625545307063e+04 -4.670550645702175098e+04 -2.091594785902992589e+04 -2.235560320809134282e+04 -1.358831879885367816e+05 -2.770788864166270941e+05
4.793280026030876907e+05 4.817251582613791106e+05 5.758241507740146481e+05 7.700226068283790955e+05 9.217066445303952787e+05 1.004707459103210364e+06 8.945936904323750641e+05 5.191793701389085036e+05 6.222031880634906702e+04 -3.828699395549844485e+05 -7.606225953228576109e+05 -9.771526394144988153e+05 -1.000453317243454512e+06 -8.712107614890371915e+05 -6.271232970995331416e+05 -3.756363617764508817e+05 -1.961646260129512521e+05 -7.214794071141979657e+03 1.245654472072055796e+05 1.651346178476887289e+05 1.971457694862596691e+05 2.498534940839272458e+05 2.775712009091426735e+05 2.415164874586026417e+05 2.148548538697195181e+05 2.094488587607247173e+05 2.229111647398622008e+05 1.701284462296101265e+05 1.008986308246403059e+05 1.346278427460493986e+05 1.220146064301936131e+05 9.032782045075719361e+04 8.914555762906320160e+04 6.113692182320851134e+04 -4.190738740276207682e+04 -2.368591875979922770e+05 -3.070601343749146909e+05 -1.695884984249190311e+05 3.017533496478747838e+04 1.155311964730205073e+05 1.101455008347695548e+05 1.576135079055620008e+05 1.860257637083754526e+05 1.975917940203731705e+05 2.272361850456767716e+05 2.020055697449964355e+05 2.291578404271613108e+05 2.961736643937811023e+05 3.160984978522937745e+05
-5.617616366776744835e+05 -5.999608846055526519e+05 -6.295702383612297708e+05 -5.536025815949685639e+05 -3.494112700769256335e+05 -1.510961539962047245e+05 7.461003819350479171e+04 3.839161237170454115e+05 6.254725282355232630e+05 8.114631480426120106e+05 1.029437242724999087e+06 1.079741397007438354e+06 9.218862329655345529e+05 6.781992742265445413e+05 3.558005820153265959e+05 6.148596183023951016e+04 -1.718112370964626316e+05 -3.458260945381151978e+05 -4.383681493679796113e+05 -4.815075089277523221e+05 -4.334374885250139050e+05 -3.817066187147974269e+05 -3.260433121647662483e+05 -2.210602817211112124e+05 -1.931351252235436114e+05 -1.847326635681929474e+05 -1.267436506200463627e+05 -5.762420333750935970e+04 -2.172747979115229100e+04 -3.333219348320207791e+04 -2.560927105596422916e+04 -2.988671644281590125e+04 -3.582509385856636800e+04 -2.164351911736949114e+04 -1.080983563253906905e+05 -2.273429083905100124e+05 -2.852272235065537971e+05 -2.690330850283595501e+05 -2.013583935861244099e+05 -9.667292371719644871e+04 1.720831049195164815e+04 -1.036398670190421399e+04 -6.661585109686688520e+04 -5.713002377588965464e+04 -3.252562872777180746e+04 -3.263766804552683607e+04 -7.001647991309291683e+04 -6.468809297758853063e+03 1.453369085400020704e+05
-8.071014409975577146e+05 -6.275204090645456454e+05 -4.008328453762623831e+05 -1.776606772605191218e+05 1.427057591899938416e+04 2.267062112794882269e+05 3.964238297815243714e+05 4.967771299273594050e+05 5.707461421669725096e+05 5.636803474246697733e+05 5.150605840184109402e+05 4.994605224652152974e+05 4.701081202954264591e+05 4.268583049288825132e+05 3.481360694463544060e+05 3.253280956792698707e+05 2.821460617274900433e+05 1.492598901947529521e+05 8.833242639168025926e+04 3.825823990358901210e+04 -2.522644790940778330e+04 -1.061041415980071761e+05 -1.799548022083221003e+05 -2.442952053620135412e+05 -4.187858927700291388e+05 -5.789837286538928747e+05 -6.096878112574081169e+05 -5.919029104685443453e+05 -5.481940127083361149e+05 -3.918516046009783167e+05 -2.546618923201276630e+05 -2.256729045907016553e+05 -1.628388118204392958e+05 -7.603315069764004147e+04 -6.389043562561718863e+04 -1.607357304910870444e+05 -2.136019779996420839e+05 -1.593477404903208371e+05 -9.620911632435326464e+04 -2.073891938998701517e+04 6.180503945021022810e+04 1.071411869269105373e+05 8.898825930289574899e+04 8.292664813059708104e+04 1.164482029574537883e+05 1.120400975919070770e+05 1.267450206310063950e+05 1.913986970577014727e+05 2.578710052989076648e+05
5.092858379291463643e+05 1.573349891394716688e+05 -1.420943040260516107e+06 -3.843995703928394243e+06 -3.648881717330532614e+06 -1.410962844149035169e+06 -3.205278074277699925e+05 -1.815202355237128213e+05 -5.146997614318039268e+04 6.292726245237607509e+04 2.020226566933887079e+05 3.389214631790127605e+05 3.881825120556643233e+05 4.134247066106582060e+05 4.463511151254165452e+05 4.557450657811751589e+05 5.017771932360304054e+05 4.862113404138654005e+05 3.528741723943674006e+05 3.258458131581571652e+05 4.201693396760848118e+05 4.294729758370700292e+05 4.091507907302373787e+05 4.929451820515709696e+05 5.995535548377847299e+05 6.515325527150522685e+05 6.689694750971100293e+05 6.716508894550510449e+05 6.034723351110368967e+05 4.547152724315123633e+05 3.231989402855832595e+05 2.194671203247525264e+05 1.531065833207331598e+05 1.139779815815566108e+05 7.719018182149739005e+04 4.491722577082342468e+04 -5.410793224347801879e+04 -1.432769866600395180e+05 -6.386224945879844017e+04 7.302271225971681997e+04 8.803876176045322791e+04 6.936905478909495287e+04 8.609138448513438925e+04 3.881723400916531682e+04 -9.705337371796835214e+03 -1.961257397928414866e+04 -6.251272834953945130e+04 -6.429684133940120228e+04 -8.342192387987859547e+03
-4.811620016812768299e+05 -4.010648123907779809e+05 8.860917956063519232e+05 3.090475539491417352e+06 2.737678092532114591e+06 3.368943030764609575e+05 -8.077673273554316256e+05 -8.425835546768578934e+05 -6.997730615218285238e+05 -4.557172081218776293e+05 -2.576590931857571995e+05 -9.137333061702545092e+04 6.293857196695169114e+04 1.938572953450965579e+05 2.710905746335446602e+05 3.280065118566566380e+05 3.898957345698911231e+05 3.928801062644196209e+05 4.099786862063590670e+05 4.229333903769290773e+05 4.170940652068560012e+05 4.038195305188125931e+05 3.592368944349805824e+05 3.442658185990876518e+05 2.879285946493286174e+05 1.754584666992195416e+05 1.341712987848408520e+05 8.343162669656565413e+04 -7.371147182890120894e+04 -2.459388869788015727e+05 -4.039104148674411699e+05 -5.615928071612888016e+05 -7.695264571580651682e+05 -9.508996690509952605e+05 -8.973248320558005944e+05 -7.592275549466647208e+05 -7.138972697841561167e+05 -6.480070214367709123e+05 -5.188086900640155654e+05 -3.780208215696063126e+05 -2.535305288089693058e+05 -1.505016374222587328e+05 -1.318394729994174559e+05 -1.821613435708971228e+05 -1.743617662190815900e+05 -9.110289766811532900e+04 -3.502035512516135350e+04 -3.626869437242881395e+04 -4.714936626309249550e+04
2.129084586934912950e+05 2.840408625233247876e+05 4.360062889221441001e+05 7.353499679745072499e+05 9.968707204515887424e+05 1.103190292141298298e+06 1.120681228420762112e+06 1.051275118798840325e+06 8.684827431679158472e+05 5.448170159026265610e+05 2.425264351957957260e+05 2.410955760224198457e+04 -1.983398490827311762e+05 -3.691001455738659133e+05 -4.400086647718488821e+05 -4.223918659752600361e+05 -3.992500206777915591e+05 -3.649495683692292077e+05 -3.236488742478467757e+05 -2.962192964490167797e+05 -2.569407761557156919e+05 -1.579777931594795082e+05 -2.937313425074541010e+04 -9.506992963215219788e+03 3.035285848782281391e+03 5.364595174294663593e+04 1.383583414334499976e+05 2.458674892687854590e+05 3.080978489970583469e+05 4.160508478649901226e+05 5.649172020205509616e+05 7.420505592932953732e+05 8.670502599898133194e+05 9.186658433176483959e+05 9.556993069316010224e+05 8.396684152225498110e+05 6.089880157959845383e+05 4.240377603286113590e+05 2.929786185811464675e+05 2.008710891303773969e+05 1.558198744100085460e+05 9.859897292281035334e+04 2.778596699903579429e+04 -5.043269190599024296e+04 -1.359965549415205605e+05 -1.430040419270512648e+05 -1.717906374393724836e+05 -2.609055981018524617e+05 -3.328352270676549524e+05
1.693725627752467990e+06 -2.803771579274799675e+06 -5.619430430740173906e+06 -3.956022840263174847e+06 -1.113096388739104383e+06 -4.863841563942331704e+05 -5.187324814061137149e+05 -5.597651449827392353e+05 -5.244751432268825592e+05 -4.350825952348895371e+05 -3.970862582407791633e+05 -3.794803888876417186e+05 -2.980724138325601816e+05 -2.439785112112802453e+05 -1.974026257890365086e+05 -1.354250938941915520e+05 -2.803090122870169580e+03 1.075700666859843768e+05 8.427996875059744343e+04 1.080492174598840065e+05 1.756312589320070110e+05 2.369639665974683594e+05 2.930651549439067021e+05 3.077882694443177897e+05 2.891648672070729081e+05 3.045859992553596385e+05 3.501080533354615327e+05 3.240032539462486748e+05 3.201335977964479243e+05 3.339665350107676350e+05 3.562502067687088856e+05 3.484357842262763879e+05 2.952090777887144359e+05 2.921898241736197378e+05 3.062348449940690771e+05 3.643383392761457944e+05 3.402842634159601876e+05 2.175277104523051530e+05 1.886130726295957575e+05 1.947813589012360899e+05 1.964172428911483148e+05 1.986173450678695226e+05 1.326893426313105738e+05 8.913978573305951431e+04 6.628844966820953414e+04 -3.078619892137788702e+04 -1.198929150385452667e+05 -1.486607469425867312e+05 -1.604031191091383807e+05
-1.917720290182915982e+06 2.421586846146384254e+06 5.052625445438459516e+06 3.161034713822261896e+06 4.709621421647164971e+04 -8.471823792508076876e+05 -1.103651023563215509e+06 -1.334376208760478068e+06 -1.555486867352774832e+06 -1.786365180730462307e+06 -1.924757516966821160e+06 -1.902817070190504892e+06 -1.743690778026866028e+06 -1.472324221302660182e+06 -1.140397382790687960e+06 -8.288178029346454423e+05 -5.840915934939405415e+05 -3.936043128087110817e+05 -2.345067205224768259e+05 -6.820154588152933866e+04 3.933126114788930863e+03 3.499072630198532715e+04 1.265704106964408420e+05 1.459208766869418323e+05 1.696375685055679642e+05 1.918900023527387530e+05 1.705409391058855690e+05 2.099887890137694776e+05 2.087445895561906509e+05 1.938843420063126832e+05 2.200905823899668176e+05 2.161830235510575585e+05 2.020453918401477858e+05 2.008484095877790824e+05 2.146036914304203819e+05 2.171095821792187635e+05 2.066669083436862566e+05 1.830185248621278442e+05 1.409717028066008352e+05 1.278069992070228327e+05 1.189730432235958287e+05 1.202001349632334895e+05 1.501184435111640487e+05 1.713425149331310531e+05 1.798799982580386568e+05 1.733264366896032589e+05 2.330261844422068098e+05 3.221989578613999765e+05 3.687336907444045646e+05
4.301641015945633408e+05 2.864963679989159573e+05 2.158218245573877357e+05 2.752631293138985056e+05 2.729398257651701570e+05 1.911773476098824758e+05 2.280653593521128641e+05 3.895399623413326917e+05 5.923796364355075639e+05 7.837715802259114571e+05 7.821611222304638941e+05 2.050512988590719760e+05 -8.612881268062479794e+05 -1.464127865227382630e+06 -1.066376721741725691e+06 -4.806488035923030693e+05 -2.058064471681430005e+05 -8.589966923031187616e+04 -6.305366781325568445e+04 -3.388320352161815390e+04 3.296148949156980962e+03 6.600380574498535134e+04 5.295161309997667558e+04 3.924901363421673886e+04 7.263924817751091905e+04 6.755255983516690321e+04 7.663535958163230680e+04 8.152850946706184186e+04 1.140913049305165187e+05 1.038540257821658161e+05 6.832221998036419973e+04 1.029973354191321414e+05 9.989271070127887651e+04 6.918735365867172368e+04 1.445502446864703670e+05 2.171782958933908958e+05 1.702205809948280221e+05 1.094842904066174524e+05 8.817361578636337072e+04 1.039610106842153473e+05 1.033979643359998008e+05 6.784524517072003800e+04 7.381837106124276761e+04 1.075404523344699992e+05 9.528203377303760499e+04 9.444866073448763927e+04 1.244731497084652656e+05 6.092102571139653446e+04 -7.396406060095736757e+04
-4.551348786029121839e+05 -2.475738652103608474e+05 -2.798663805952295661e+03 2.301337344595594332e+05 3.663472774581531994e+05 4.612364869128572755e+05 6.059343430983787403e+05 6.638501225674916059e+05 6.236850024530221708e+05 6.785426509086755104e+05 8.550502414234511089e+05 1.430819426122725476e+06 2.381240893074099440e+06 2.705345659888006747e+06 2.076859212837697938e+06 1.292234965306852246e+06 7.575526470828484744e+05 4.537430817578565329e+05 2.986663384563508444e+05 2.191179059885325842e+05 1.136991472462620586e+05 -2.760389126560650766e+03 -9.359080913454806432e+04 -1.800544842554517090e+05 -2.100349710312727839e+05 -2.790942984420326538e+05 -3.440400820667855442e+05 -3.439119001472508535e+05 -3.791784109887885861e+05 -4.188186839364422485e+05 -3.822830041182166897e+05 -3.710795540739865974e+05 -3.581500552725275047e+05 -3.188039136139559560e+05 -3.165241797535780352e+05 -2.449982324890519958e+05 -1.908469213377609849e+05 -2.309057174832562450e+05 -2.847903393112206832e+05 -3.108208567935426254e+05 -3.701195793487217743e+05 -4.442299146585725248e+05 -4.243140277295231353e+05 -3.928504520409486722e+05 -4.431591212145944010e+05 -4.916997023791541578e+05 -5.245587435755089391e+05 -6.574970140482365387e+05 -8.586787990485255141e+05
1.020296781592514366e+06 8.111570579997715540e+05 4.266966840043826960e+05 -1.525664153792243451e+05 -6.566420144213770982e+05 -9.853358580260825111e+05 -1.018124562134507578e+06 -7.570553079519232269e+05 -4.180860503952504951e+05 -8.676421230153206852e+04 1.248397818956802366e+05 2.510774048254097579e+05 4.090987833626421634e+05 4.661497310386765748e+05 3.991981760083943955e+05 3.462876617815347854e+05 3.669699816601496423e+05 3.772239686853208113e+05 2.966446784588696901e+05 2.530073656143213157e+05 2.512396307537346147e+05 2.340220832843624521e+05 2.068307026478217449e+05 1.206803389361812733e+05 9.776229340019216761e+04 1.021432624911903404e+05 -3.831773722566151991e+04 -1.463163126468502451e+05 -2.168288578937423881e+05 -3.584341005046372302e+05 -4.561620391973336227e+05 -5.093159171612947248e+05 -4.888542295058524469e+05 -4.820417964000439970e+05 -5.183768299863002030e+05 -4.151866538845937466e+05 -2.829717229531158810e+05 -3.389530683053460089e+05 -5.258955914317987626e+05 -6.951923944207355380e+05 -8.565816078506781487e+05 -1.026513104452861939e+06 -9.973218977878030855e+05 -7.870251495152115822e+05 -5.651115877029248513e+05 -3.157278433949607424e+05 -5.862128796361386776e+04 1.938902650966676883e+05 4.459611339759733528e+05
6.950199436349791940e+05 8.397930236208776478e+05 1.089446675808539614e+06 1.458366624638037756e+06 1.799299429438506253e+06 1.969337489131648559e+06 1.836915142620309256e+06 1.538630349934429163e+06 1.176030452879204880e+06 7.686451093107461929e+05 4.882316533183627762e+05 2.625241680518966168e+05 6.836447409368678927e+04 -5.158024568063393235e+04 -1.598897012697849423e+05 -2.203447514388612472e+05 -4.225184046726645902e+05 -2.096476730455323355e+06 -4.463863326194330119e+06 -3.830837068460458424e+06 -1.153489863353971392e+06 4.407464735515532084e+04 1.253269706232098397e+05 2.226971515732291155e+05 2.800044587669251487e+05 3.265360956422952004e+05 3.610464940113159828e+05 3.921037407774572494e+05 4.610791736244569765e+05 4.224894875347667257e+05 3.215475808567863423e+05 2.303567139584628749e+05 7.555298002837004606e+04 -1.295120338711416116e+05 -4.124866147761355387e+05 -6.212498592193147633e+05 -6.203619684993460542e+05 -4.611411102046268061e+05 -2.039649441501391120e+05 2.609471926913084462e+04 3.275857685944379773e+05 6.827760986042263685e+05 8.637664925964758731e+05 8.589914569140831009e+05 7.707620198278545868e+05 6.484873057403075509e+05 5.039366409517608117e+05 4.259111146643398097e+05 4.166835671474034898e+05
6.444578348680818453e+04 7.275231717248959467e+04 7.879664859661739320e+04 -1.317501292462134734e+04 -2.385891527619969565e+05 -4.170920849403771572e+05 -5.147615146481981501e+05 -6.439971528836761136e+05 -8.040976424964176258e+05 -9.038362825983492658e+05 -8.729629847480105236e+05 -7.494006070571782766e+05 -6.642714511357187293e+05 -5.736084736877817195e+05 -4.354273459737303201e+05 -3.177546755048390478e+05 -8.825181769461813383e+04 1.563650861033092486e+06 3.952028971082908101e+06 3.304326923294137232e+06 6.600491156886727549e+05 -5.772049354902994819e+05 -7.529517275774572045e+05 -8.024410162711865269e+05 -8.520523327102998737e+05 -8.385104497502469458e+05 -8.375971335374196060e+05 -8.734994738040420925e+05 -7.617772790360325016e+05 -6.148191547447636258e+05 -5.312576879571133759e+05 -3.333558632925987476e+05 -6.068171818413329311e+04 2.234008884716596222e+05 5.253071912259478122e+05 7.204483380926097743e+05 8.154973333651286084e+05 8.011686320743334945e+05 6.754767766579608433e+05 4.168764882537642261e+05 1.019473708089198917e+05 -8.292220353832771070e+04 -1.640695903702720534e+05 -1.888281373252543854e+05 -2.307877406650367193e+05 -2.780505868237370159e+05 -2.866476788151345681e+05 -3.315315222076590871e+05 -4.069537527213033754e+05
-2.566269252957134740e+05 -1.743916313980298582e+05 -9.567224332902691094e+04 -4.803012470096288598e+04 4.484254038405197207e+04 1.544282321640638984e+05 2.366637728908971185e+05 3.563052915834854357e+05 4.459334220811434789e+05 4.897806607597155962e+05 4.886272784252653364e+05 4.018576715006933082e+05 2.394641326909183990e+05 1.167053111318091396e+05 -3.498608826048439369e+04 -2.100698991740501951e+05 -2.401450991785535589e+05 -2.752654184716811869e+05 -3.553503566601283383e+05 -4.002634582371682627e+05 -3.671777836812540190e+05 -3.549237127468222752e+05 -3.876804719412764534e+05 -3.615572581462765229e+05 -3.704359089448553277e+05 -3.170352022181034554e+05 -2.447910241276985616e+05 -2.466095298014993314e+05 -1.708215808892421192e+05 -5.918190241165563930e+04 -1.193490640318486840e+04 4.464013123106327839e+04 1.433631490155679057e+05 1.815886544901150046e+05 2.017930891871947679e+05 2.909653020866968436e+05 3.562682949504231801e+05 3.205408539363276213e+05 2.722097141183620552e+05 2.563777551564264577e+05 1.841141911500742426e+05 1.362197363557789940e+05 1.227790729378463002e+05 6.451257677523221355e+04 9.313149949070031289e+04 1.146558542881391477e+05 3.294493670386110898e+04 1.930958835990109947e+04 8.138837594422465190e+04
-7.280539568440872245e+04 -5.479074811373732518e+04 -6.497444600317860022e+03 7.511402475916850381e+04 9.973874982810229994e+04 7.992958689872454852e+04 9.598510211821121629e+04 1.067616124465713510e+05 1.563292624099995010e+05 2.634988015289854957e+05 2.571798531884995755e+05 2.011305165412344504e+05 2.489101696693249978e+05 2.295093999795061536e+05 1.052629961739147548e+05 2.961242805962706916e+04 -1.015565325236832723e+04 -5.240419946392648853e+04 -1.334327154167112894e+05 -2.533303386899933685e+05 -2.956434471364619676e+05 -2.885245886455955915e+05 -3.630155403998657130e+05 -4.095265754954743898e+05 -3.418243793134748703e+05 -3.209008707108293311e+05 -3.578167284632216906e+05 -3.955812905129285064e+05 -4.259961890277916682e+05 -3.813238081829327857e+05 -3.651603893007265287e+05 -4.112411794353837031e+05 -4.121949084357055835e+05 -3.698948404826660408e+05 -3.127257615537381498e+05 -2.635913055168928113e+05 -1.974725691984347068e+05 -1.076170529673984274e+05 -6.848607390675158240e+04 -7.714510115736606531e+04 -1.061260501937069930e+05 -8.020678911962104030e+04 -2.275040124324732460e+04 2.783897116212802939e+04 1.308067755802762695e+05 1.877545730819832534e+05 1.702688023290103301e+05 1.164384788642930798e+05 3.646264482449321076e+04
-8.445361394471582025e+04 1.228452906369068660e+04 6.599540949857328087e+04 7.457915620587300509e+04 1.406245790133108385e+05 2.091773301606005989e+05 1.948132192480987869e+05 2.404738221541631501e+05 3.947684856416161638e+05 4.206362940601685550e+05 3.732319488334911875e+05 3.841250878639407456e+05 -5.079702617986174300e+04 -1.842658672703909455e+06 -4.495626704266031273e+06 -4.944098427638092078e+06 -2.591160679163299501e+06 -5.854701253225351684e+05 3.900002819813322276e+04 2.963654002429386601e+05 4.475276507485965267e+05 5.373145013867169619e+05 6.569009083451977931e+05 6.950033011316559277e+05 7.357434595649102703e+05 8.392985199988470413e+05 8.820821311952015385e+05 8.108652758528494742e+05 7.827826349562378600e+05 8.292484621766194468e+05 8.084669427133484278e+05 7.986944334725574590e+05 7.970373694499754347e+05 7.257060498755162116e+05 6.317067136315015377e+05 5.244225003205066314e+05 4.323182877993527800e+05 3.757288516130945645e+05 2.380057160232539754e+05 -2.049055994571237825e+05 -1.255908274521143176e+06 -2.660939642224983312e+06 -2.928234177833211608e+06 -1.650856877015098231e+06 -4.711645951621211134e+05 -4.288645359607459977e+04 1.209387227371926419e+05 2.099643326600920409e+05 2.742819514596275985e+05
-8.126804520641602576e+05 -6.435361163829655852e+05 -5.560444999886387959e+05 -6.271864417135654949e+05 -6.374241520833312534e+05 -5.697689593462566845e+05 -5.582347227090210654e+05 -5.271540220226598904e+05 -4.969443694638903253e+05 -4.529230984388417564e+05 -3.338898967477148399e+05 -1.527193324950356036e+05 3.556417043618420139e+05 2.164355615447783843e+06 4.801671290726952255e+06 5.152112876167958602e+06 2.583838888356409036e+06 2.147280842525651678e+05 -8.722827370535377413e+05 -1.636962434037413448e+06 -2.141447486371395178e+06 -2.148739997090523131e+06 -1.747099494833749719e+06 -1.345719220133032650e+06 -9.738680156440376304e+05 -6.087841688448681962e+05 -4.511961014975528233e+05 -3.311918907411023974e+05 -2.421445290397242643e+05 -1.903043057142347097e+05 -9.366363596047414467e+04 -6.051277432496100664e+04 -5.694529458480328321e+04 -1.267410322936484590e+04 8.434740991287864745e+03 5.074637878620717674e+04 1.072690466511994600e+05 1.673324778393004090e+05 2.592860779138570651e+05 4.483866847182782367e+05 1.279639632096885936e+06 2.597317760001168586e+06 2.794685087385652587e+06 1.551335740346689941e+06 3.667336066090541426e+05 -1.253453920846364927e+05 -2.910132733429791406e+05 -4.215028479276199359e+05 -5.771259945828835480e+05
-7.986617092602679040e+05 -6.279845774941351265e+05 -4.669878233623603592e+05 -3.933470941345148021e+05 -3.998914676826825598e+05 -3.615707670932898764e+05 -2.743823682815125212e+05 -2.404261220386982895e+05 -2.444306109982426278e+05 -2.012180836393234786e+05 -1.184945737694215495e+05 -8.428316872421395965e+04 -5.554771522001828998e+04 9.282463183066295460e+04 2.082087045590013731e+05 3.028845862849995028e+05 5.427234425263304729e+05 8.989443016457513440e+05 1.345177523682941217e+06 1.755614903579407139e+06 1.834326677373971790e+06 1.361397654343379661e+06 6.150033294589240104e+05 -6.726911273006303236e+04 -6.004067118787504733e+05 -8.425392315447970759e+05 -7.641757747183865868e+05 -5.710088920334246941e+05 -4.460944949812254636e+05 -4.344166473981021554e+05 -4.911629821545646410e+05 -4.592307584631637437e+05 -4.191838232940078015e+05 -4.517523790173433954e+05 -4.296588630042967852e+05 -3.935439819553719717e+05 -3.151653171012726380e+05 -2.202835328212681925e+05 -1.876770091796059860e+05 -1.229742691697170958e+05 -4.415796293091238476e+04 -8.701548647586954758e+03 7.272082121562445536e+03 9.760120346451108344e+04 2.059253199775411049e+05 2.286962609214236727e+05 2.453332044330461649e+05 2.605190503554325551e+05 2.516457961769571993e+05
-1.031375517671694746e+06 -1.219205534495413303e+06 -1.381705886752606137e+06 -1.382734564822239568e+06 -1.211336160960418172e+06 -9.574798489035312086e+05 -6.217750363377123140e+05 -3.754031272563589737e+05 -2.746918640613881871e+05 -1.273108087936271913e+05 6.195424964891606942e+04 1.678886725075431168e+05 1.954556688036248088e+05 2.700461376555901952e+05 3.483660202443567105e+05 3.683211386739281006e+05 4.203963109930197243e+05 5.130179239132120274e+05 6.205248063486940227e+05 7.274049388165437849e+05 8.005808667729418958e+05 8.867451384549349314e+05 1.042837245294942521e+06 1.118725396731897024e+06 9.699432106975282077e+05 6.217654733030945063e+05 2.144321365711940452e+05 -2.328619380624154583e+05 -6.377864294082967099e+05 -8.164775548412577482e+05 -8.363353432980509242e+05 -8.049816510891116923e+05 -6.892138156905306969e+05 -4.937245245989472605e+05 -3.568229041672017775e+05 -2.071613969818286132e+05 2.053901926490687765e+04 1.901001720307252835e+05 2.245087872463774402e+05 1.787692425978452666e+05 2.231823423226897139e+05 2.598183091997641604e+05 2.373826583262410131e+05 2.899001656908521545e+05 3.225324235828891397e+05 2.697110460054674768e+05 2.869130352557850420e+05 4.542836779191535315e+05 6.733979460796308704e+05
-1.997727680330711883e+05 -2.622912480619573034e+04 1.026321376823035534e+05 7.226323436720110476e+04 -3.425712883457890712e+04 -9.280410146413487382e+04 -1.440685163625311106e+05 -2.506844356783407275e+05 -3.256390656590522267e+05 -2.862424905480290763e+05 -2.796457180302969646e+05 -3.231185199316680664e+05 -3.757290732140243053e+05 -4.200307890373367700e+05 -5.358973721078652889e+05 -7.503741387140331790e+05 -9.018466181458648061e+05 -9.776853318820210407e+05 -8.861405834039029432e+05 -6.816324928219544236e+05 -5.457531925763029139e+05 -3.929794413555641659e+05 -2.044360323494044133e+05 -5.640687865365203470e+04 5.643138778243167326e+04 2.009700436807177030e+05 3.677995601473960560e+05 5.732190073982940521e+05 8.215149145002206787e+05 9.920152107212196570e+05 1.054352939303207444e+06 1.052769200477707200e+06 1.019753807431192836e+06 9.130554815068170428e+05 6.716039414077379042e+05 3.616190523925619200e+05 1.214119988991294522e+05 -2.094207492453278974e+04 -1.724523958187634125e+05 -3.587498177035730332e+05 -4.927165216700099409e+05 -6.051076231941990554e+05 -7.450571429982645204e+05 -8.480196500580514548e+05 -8.951302574771412183e+05 -8.739447791118412279e+05 -7.807632466685761465e+05 -6.892989797917822143e+05 -6.219281712466785684e+05
1.204591652761228383e+06 1.161483018766666297e+06 1.144944252989152912e+06 1.112665323775872588e+06 9.345492798003397183e+05 6.618638106699653435e+05 3.946190731991372304e+05 1.800269131055392209e+05 3.290390101516112918e+04 -1.095990420447196229e+05 -2.491945650622804533e+05 -3.303188110067277448e+05 -3.106390013459894108e+05 -2.448356532381875440e+05 -6.314877372424233181e+04 2.084209695352186973e+05 4.370064253128657583e+05 5.961358706634925911e+05 6.999485796227233950e+05 7.656624333791111130e+05 7.217489972647299292e+05 7.296077849670110736e+05 7.705234900769589003e+05 6.927317099046194926e+05 4.998653528324933723e+05 1.083689707917082123e+05 -4.899764925029748119e+05 -1.166853909201165428e+06 -1.689689559156321455e+06 -1.834641520683507202e+06 -1.590636382087250473e+06 -1.216374673194078030e+06 -9.096640807804258075e+05 -6.352409159023230895e+05 -4.153092266419839580e+05 -3.048377008271925151e+05 -1.294904617269632872e+05 3.464740391820669174e+04 8.456428238736419007e+04 1.393200438164055813e+05 2.031264228977675084e+05 3.205791625999696553e+05 4.847819810726637952e+05 6.104596027082896326e+05 7.161676398472633446e+05 8.528749526033039438e+05 7.935218743662701454e+05 5.400579960917099379e+05 3.005902585513003869e+05
-5.073811549511441262e+04 -9.403759589135006536e+04 -1.115017342225473549e+05 -7.512722594736258907e+04 -1.105627125901082763e+05 -1.673209820291958749e+05 -1.518661139735922334e+05 -1.915684785764462431e+05 -1.994317769236660388e+05 -2.050764856357999670e+05 -2.410590931035405956e+05 -2.172244827731629484e+05 -1.654136491443932755e+05 -1.397008755376735935e+05 -1.446486184844251256e+05 -9.852347686079167761e+04 -6.374061197595437989e+04 -6.259767021998413838e+04 -3.545703553318162449e+03 5.542676811375713442e+04 4.343630339440994430e+04 4.788027723465347663e+04 4.925465062864532229e+04 8.335228740084834863e+04 2.308297925568333594e+05 2.975663281552260742e+05 2.388227167449073750e+05 1.803333079256848432e+05 9.766532705544435885e+03 -2.034153770082778647e+05 -1.823926617696273024e+05 5.297354934592440259e+03 1.617944472000821843e+05 3.235857878762175096e+05 4.695562492212774814e+05 5.035323232532390393e+05 5.967383062310548266e+05 7.171205808922981378e+05 7.300233211409065407e+05 6.769523496743184514e+05 6.343964513640103396e+05 6.410240589620671235e+05 6.520733327241742518e+05 5.849155602274551056e+05 4.575347624121801928e+05 3.618694081081035547e+05 2.635726793628414162e+05 2.403597127271480858e+05 3.083623388988021761e+05
-2.367224571548283566e+05 -1.403517994467983954e+05 -1.901762167399306782e+04 4.826525691554695368e+04 8.313260897244606167e+04 9.773457219300325960e+04 7.399904214449622668e+04 1.039593122077349108e+05 9.404824746627151035e+04 8.537712855992140248e+04 4.709626733412710018e+04 -3.961726598245138302e+04 -2.675539084288175218e+04 -3.978732455339911394e+04 -1.189397263592400122e+05 -1.479733053215022665e+05 -1.909971148672776762e+05 -1.936981221647146158e+05 -1.374203229010161012e+05 -1.554281808582888916e+05 -9.400550543570751324e+04 2.298691233809199184e+04 6.360061654217122123e+04 2.505246104469543789e+05 5.511218765634116717e+05 8.875349221946077887e+05 1.444696881139026256e+06 2.081589881628537318e+06 2.532950859679038636e+06 2.674991344521039631e+06 2.361195291165931616e+06 1.635284318287302274e+06 8.335512285916833207e+05 1.484786069455016404e+05 -4.371335665716482326e+05 -9.873258440730553120e+05 -1.415287921078851447e+06 -1.660030419316393323e+06 -1.761205570395759074e+06 -1.644810564111389685e+06 -1.481526239583183546e+06 -1.281233565430887975e+06 -9.681793398160489742e+05 -7.330168294515174348e+05 -5.573430051138729323e+05 -4.240548341162491124e+05 -2.896990589846970979e+05 -1.186547585776143242e+05 2.717508261747006327e+04
-6.859666523348994087e+04 2.916673580388305709e+04 8.191957908929907717e+04 8.187396846267802175e+04 1.222608386399951996e+05 1.785609479223785456e+05 1.579834425759327132e+05 1.560120762845329009e+05 1.852601782822604291e+05 1.766014371214259882e+05 1.387110505961028393e+05 8.808668498255428858e+04 9.883277957756957039e+04 1.043685213866410777e+04 -1.047073581034056842e+05 -1.348556090649073012e+05 -2.571497832284513861e+05 -3.047800359704706352e+05 -2.932259333736873232e+05 -3.937918783854546491e+05 -4.164941681784687098e+05 -3.810084902848027996e+05 -4.588231880097745452e+05 -4.704123359901860822e+05 -4.119115854993285611e+05 -3.918806850745021366e+05 -3.344620777654923731e+05 -2.744521508160692756e+05 -2.130476186765009770e+05 -1.204305791022486519e+05 -2.424106671525817364e+04 1.247866625714243855e+05 3.177268205845765187e+05 4.824150626381738111e+05 6.783241158649619902e+05 9.072457185824888293e+05 1.054387055457554758e+06 1.156351635827306658e+06 1.070409271036187652e+06 -1.847777165331858210e+06 -5.308516865356011316e+06 -3.523798283715250902e+06 -4.695067297892803326e+05 7.258084393164655194e+04 1.378383626317372546e+04 6.953741883444320410e+04 2.064199818808278069e+05 2.629682083390071057e+05 2.544795792989246547e+05
3.167600543340812437e+05 2.699193899740203051e+05 2.491247321323316137e+05 2.114563498461938289e+05 1.806838854829402408e+05 2.719870166005420615e+05 2.838798864098498016e+05 2.449439737038485473e+05 3.086857749782211613e+05 2.605633009731536731e+05 2.202163886805649381e+05 2.755978157806384843e+05 2.111949432882829569e+05 1.217716047057912219e+05 4.366240905954339541e+04 -1.318028498356582131e+05 -2.559634617990381084e+05 -3.072314371634274721e+05 -4.090843649186715484e+05 -5.498398217935025459e+05 -6.507967455472669099e+05 -6.545103119593110168e+05 -6.216278642116242554e+05 -6.364205971454789396e+05 -6.575281289232951822e+05 -6.409437047476965236e+05 -6.211417354202419519e+05 -5.985124716327127535e+05 -5.376344403513213620e+05 -4.849090518659069203e+05 -4.676724765366814099e+05 -4.359591612789523788e+05 -3.608616445015668869e+05 -2.355901334680677392e+05 -1.926108831604509614e+05 -2.341701964737870730e+05 -2.073860790304751135e+05 -1.069265132071455009e+05 8.342622015799814835e+04 2.820130454525780398e+06 5.984209103987902403e+06 4.028799971373693086e+06 8.218379466090826318e+05 4.731530315897520632e+04 -5.419770424537966028e+04 -1.579117184314229526e+05 -2.177675403493782505e+05 -2.017685806657383218e+05 -2.115492269123867154e+05
-2.458130765803796239e+05 -2.248563056027342100e+05 -1.425678173870255705e+05 -7.627987150728586130e+04 -1.426581699438975193e+05 -1.245646880017011426e+05 -4.726079591855517356e+04 -5.416935872344771633e+04 -6.550186299995408626e+04 -8.428359937694040127e+04 -2.390890840324561577e+04 2.521824937604839215e+04 -8.848294564231764525e+03 5.156170549889793620e+03 7.131673709140159190e+04 4.205640823070995975e+04 -4.611321287913597189e+04 -6.147713804559316486e+04 -1.262509432097430690e+05 -1.550236670156299951e+05 -1.431145994945833518e+05 -1.789833319494209136e+05 -1.413459538033932913e+05 -7.891925753807304136e+04 1.367444707153514901e+04 1.456463703549522324e+05 2.477661905391143227e+05 3.155069404881220544e+05 3.449388630324390833e+05 4.017346355700284475e+05 4.207664968633615645e+05 3.389159735899012303e+05 2.975054502567229792e+05 2.694803160981973633e+05 1.640554726686966605e+05 1.230371844962062314e+05 1.319624694803496823e+05 5.742225935347960331e+04 1.801301792831486091e+04 1.040119053682424128e+05 1.864069487081728876e+05 2.004374609015944880e+05 1.555140658326849807e+05 1.472172659546779469e+05 1.923604745657942258e+05 1.621932848342107609e+05 1.053655703767435625e+05 8.552340058289701119e+04 7.684583030728437006e+04
1.577459199039733503e+05 3.259646794002037495e+04 -1.013294830686934292e+05 -1.104022289451675024e+05 -3.987113337527262047e+04 -2.725673367473063990e+04 4.221105588920181617e+04 1.026919214949884918e+05 9.030340894358255900e+04 1.025540241099951090e+05 1.577588062605354935e+05 2.745469570794375613e+05 3.800952079232955584e+05 4.289682157599598868e+05 5.707477185619061347e+05 7.269419894488241989e+05 7.511432885444086278e+05 7.759939877815482905e+05 8.251721420866667759e+05 7.275800782235453371e+05 5.244598354362822138e+05 2.381481886502287816e+05 -1.626467647899701260e+05 -5.477267334196940064e+05 -8.373415973503142595e+05 -9.412597273220305797e+05 -8.847943248938820325e+05 -7.497202666541866492e+05 -5.773054396193767898e+05 -4.536010934811198385e+05 -3.680271134774375823e+05 -2.678669265411734814e+05 -2.019227890777991852e+05 -1.919409455941058695e+05 -1.390912429084706819e+05 -1.008620745189543813e+05 -1.766449031843515113e+05 -2.218177330700566527e+05 -1.771837743697687984e+05 -1.135504961623516865e+05 -5.888768202494247817e+04 -4.298614475337695330e+04 -5.180517797096376307e+04 -6.159587590125715360e+04 -9.422386194579303265e+04 -8.471835462900320999e+04 -2.176960587923508137e+04 -3.774610042484616861e+04 -1.209009846716066822e+05
-1.019199419720097212e+05 4.821579660463612527e+04 1.558899208223737078e+05 1.821779447958396049e+05 1.848895480437204242e+05 1.632155682137816912e+05 1.627127985318656429e+05 1.893692143486987916e+05 1.785281042194402544e+05 1.909014265358563862e+05 1.749181230571412016e+05 1.135474770466681803e+05 1.095940878531836934e+05 1.543606667080893531e+05 1.502699729343293584e+05 1.593216826148274704e+05 2.126311938569416234e+05 1.940035781232290028e+05 2.720675374397250125e+05 4.579730477572591626e+05 5.793714316605465719e+05 7.339736207405806053e+05 8.888259363673583139e+05 8.800553180061979219e+05 6.379163295707246289e+05 1.383887185271317139e+05 -4.622912205026671290e+05 -9.917091457403164823e+05 -1.379069929098622408e+06 -1.486348830880596535e+06 -1.336834131716750562e+06 -1.059926527246425860e+06 -7.777519850245190319e+05 -4.705925787784515414e+05 -1.909602634969630744e+05 -7.581995416534482501e+04 -4.256390234949998558e+03 9.658106175251328386e+04 2.202515279692304321e+05 3.304954171703128377e+05 3.537261076268628240e+05 3.332063738263974665e+05 3.227123720332739176e+05 2.727981289337914204e+05 1.989718580310005345e+05 9.154937198371021077e+04 -3.575101281181606464e+04 -8.860830280042107916e+04 -9.461892404607916251e+04
1.614308616914784070e+05 1.040830902609741315e+05 5.330783367972006090e+03 -7.032136738052952569e+04 -3.211789763401611708e+04 -1.996808209922164679e+04 -5.678998568328097463e+04 -6.506152992602437735e+04 -7.598253835298237391e+04 -1.356766464293467579e+05 -1.898112722138467943e+05 -1.493662412892447319e+05 -1.222093295346712694e+05 -1.516866289488097536e+05 -1.926670712917983765e+05 -2.215899231084041821e+05 -2.089090457420390157e+05 -1.616367650333267520e+05 -1.624752238384098164e+05 -2.366582718168500869e+05 -1.966503156890393002e+05 -1.229645813151728653e+05 -1.582693435631520406e+05 -1.407909602149449056e+05 -9.904223980105604278e+04 -8.797494301281403750e+04 -5.999406232527690008e+04 8.458299632038746495e+03 1.126506992350912187e+05 1.657909798450418166e+05 1.780810861826466280e+05 2.034093214099998586e+05 2.680669507815045072e+05 2.428334425736104604e+05 1.887204777459556062e+05 2.677902195193742518e+05 2.230436896512396052e+05 9.190289894380857004e+04 1.756960134384275298e+05 2.877834092867844156e+05 2.750845292292073136e+05 2.912457548607203644e+05 3.151082445125203812e+05 2.241415437318205368e+05 1.461402381464727223e+05 1.489475854624465574e+05 2.192667733383015729e+04 -1.056711750461542979e+05 -1.114893131043910980e+05
-9.589438420982309617e+04 -9.449664800398750231e+04 -9.937653276239894331e+04 -7.835809577140025795e+04 -4.636399273513234220e+04 -7.781686193935456686e+04 -8.885348950585466810e+04 -3.158626830001594499e+04 -7.808252573333424516e+04 -1.411659024715479463e+05 -9.699441387914726511e+04 -6.120469803820038214e+04 -7.290922068787040189e+04 -1.052704715047730133e+05 -4.025633337907493114e+04 1.887822939461097121e+03 -2.119473967948555946e+04 2.424398985269339755e+04 9.279351569959567860e+04 2.321619323347113095e+05 3.451347735250592232e+05 4.609637125240988098e+05 7.567171363416141830e+05 1.070066295651339926e+06 1.411405697082809871e+06 1.870973532440546434e+06 2.316208380947355181e+06 2.620078439958602190e+06 2.665418763434426393e+06 2.470909529784256592e+06 2.117973188078176230e+06 1.660509883878112771e+06 1.161668845435786061e+06 6.123886851118002087e+05 3.836963398774899542e+04 -1.065592989842840470e+06 -4.652360611154008657e+06 -7.818864102137899958e+06 -5.471355897353506647e+06 -1.460874628771121614e+06 6.550482319145929068e+03 2.826912680115490220e+05 3.777308417286248878e+05 4.357442248784367694e+05 5.046309076239418937e+05 5.798457648656024830e+05 6.456632024674050044e+05 7.108902956949870568e+05 7.819291338915210217e+05
-1.537703558593055932e+05 -2.227103711955714971e+05 -2.960448517191978754e+05 -2.738890000825630268e+05 -1.749898058877442963e+05 -1.760616991168353125e+05 -1.561396119899290497e+05 -9.787579979529260891e+04 -1.062665353223565617e+05 -6.608180178300241823e+04 -5.731175124979938846e+04 -1.244131506761187047e+05 -1.031951828207820654e+05 -6.755801752253313316e+04 -1.373139601308502024e+05 -1.272363819027667632e+05 -8.197250059369241353e+04 -1.428483922960003838e+05 -1.504751976215629838e+05 -1.275243440787015716e+05 -1.649271179331114981e+05 -2.322324071124603506e+05 -2.335596017620995408e+05 -1.560440764251688961e+05 -1.616216743481347803e+05 -1.940750535076949745e+05 -2.048881707618420478e+05 -1.763731953101526015e+05 -1.118288202508119866e+05 -1.361103879116128664e+05 -1.331537268547983840e+05 -8.173345310526178218e+04 -6.404919226115499623e+04 -1.525993467046669684e+04 1.590885509326476604e+05 8.301099173031953396e+05 3.754069162758687511e+06 6.332165672519488260e+06 3.412516037832695525e+06 -1.379512941960707307e+06 -3.547295123645318672e+06 -4.155980651183205657e+06 -3.847628665226064622e+06 -2.695756973952227738e+06 -1.384109599522060947e+06 -5.386554387606140226e+05 -1.010531365982005373e+05 1.892818951926873997e+05 4.102967824297901243e+05
3.354938460639095865e+05 3.974674642065656371e+05 4.239430279943919741e+05 3.826550617549214512e+05 3.172332351231304929e+05 2.822862608896684833e+05 2.354448617539308034e+05 1.637966231218888424e+05 1.272135220094057731e+05 1.030309582587503828e+05 4.584218650299590081e+04 -5.261918868505768478e+04 -1.314557827470707707e+05 -1.957840681697418913e+05 -3.272784931390197016e+05 -6.507231071442952380e+05 -1.415474547542980639e+06 -1.919574896835837979e+06 -1.433111299826122820e+06 -8.152476918624595273e+05 -6.229494002289712662e+05 -5.894363903984775534e+05 -5.964345395572320558e+05 -6.001314445605382789e+05 -6.161190670251380652e+05 -6.925069340242764447e+05 -7.118455004761924502e+05 -6.589038547799293883e+05 -7.071038447521273047e+05 -7.383612769778119400e+05 -7.119460479455296881e+05 -6.722665309619335458e+05 -5.575767745687365532e+05 -4.047333672649981454e+05 -2.310970450604511425e+05 -1.082476647912701592e+05 2.475101440228149295e+04 2.802981960799666122e+05 7.319235028252284974e+05 1.448098230606989004e+06 2.112420657540357672e+06 2.320277050346489530e+06 1.871222703549132682e+06 9.100133277493263595e+05 -7.137497081127134152e+03 -4.807386544902679743e+05 -5.573815981629019370e+05 -4.877753873589966097e+05 -4.140281584257809445e+05
-1.684345182802621275e+04 -2.367856079232320189e+04 2.653958881276194006e+02 2.337035696022212505e+04 -1.107142508510150947e+04 -4.943039548816159368e+04 -6.574923450432834215e+04 -1.052598449336073827e+05 -1.094016963591277599e+05 -1.019764396628306713e+05 -1.944668962997095659e+05 -2.280035692344247364e+05 -2.419959671076502418e+05 -2.742152593805802753e+05 -2.056676590080313617e+05 8.800216616073506884e+03 6.630656289609025698e+05 1.013490623948309454e+06 3.341313792862636037e+05 -4.236482622459877748e+05 -7.705582948494686279e+05 -9.748400881867563585e+05 -1.086341634846905712e+06 -1.128271121585566550e+06 -1.080133121191319777e+06 -9.882450480185796041e+05 -8.379705513353100978e+05 -6.134014135836344212e+05 -4.167182859047898091e+05 -2.354645455491840839e+05 -6.492470727724162862e+04 4.897610766754997894e+04 1.669008085658424534e+05 2.873493493620478548e+05 3.563744553310973570e+05 4.810237692967343610e+05 6.131825439126985148e+05 7.194390654853499727e+05 9.454341985196506139e+05 1.251523029529195046e+06 1.538507823107360397e+06 1.694966968525116565e+06 1.598048262948864372e+06 1.249748373495822074e+06 8.006579913875646889e+05 3.945545476130782627e+05 -7.883419940046500415e+03 -3.683001065824613906e+05 -6.518892445729486644e+05
1.694481258647283248e+05 9.234982693917119468e+04 4.682649866139402729e+04 3.560632613880440476e+04 3.140330731126596220e+04 5.318610222529966268e+04 3.393795776530168951e+04 -4.036431240965612233e+03 -5.973773713485512417e+03 -6.386093896551753278e+04 -9.081924821861324017e+04 -9.197542693771535414e+04 -1.388036236556944787e+05 -1.704991482407785370e+05 -1.673346359581045690e+05 -1.207164746469061211e+05 -7.460980786476290086e+04 -3.229347352462355047e+04 -1.009541075429297052e+04 7.258806354497208667e+04 2.351067900618358399e+05 3.777181794382342487e+05 4.799842840027130442e+05 5.508867044025096111e+05 5.772436634787297808e+05 5.449122705552143743e+05 4.987518498089048080e+05 3.851040497675428633e+05 2.760769223773966078e+05 2.151199051809089724e+05 1.028667518511067610e+05 -3.567667054609116167e+04 -2.080180441224367823e+05 -4.104817314144743141e+05 -5.598112574730475899e+05 -6.873279504575470928e+05 -8.748204424085270148e+05 -1.025653457638838561e+06 -1.027374938110878924e+06 -9.140724316703537479e+05 -7.465870160925266100e+05 -5.952457790782519151e+05 -5.102720906876479276e+05 -4.895882806731977034e+05 -4.626138646315680817e+05 -3.251038736663749442e+05 -2.511267546359160915e+05 -3.835147241619392298e+05 -5.843331552902162075e+05
2.064491010563506279e+05 6.364686988861646387e+04 -1.492028880282305181e+04 6.217832324764487566e+03 1.446352216153172776e+03 -1.058887778621286270e+04 3.472658182407027925e+04 6.238678961395641090e+04 6.129991302936107968e+04 1.024365599906013522e+05 1.743291255459190579e+05 1.743446088068596437e+05 1.949319110957730445e+05 2.971862808489821618e+05 3.694995626408489188e+05 3.866568829007158056e+05 4.035288955067518400e+05 4.829870909318558406e+05 5.086309959020579699e+05 4.603886400771443732e+05 4.574318623974972870e+05 4.337083514381079003e+05 4.006989305357281119e+05 3.334603620163397864e+05 1.879091017360039987e+05 1.644177482725400478e+04 -1.710752001281073317e+05 -4.266850486946357414e+05 -7.782960035430721473e+05 -1.049518808447319083e+06 -1.102244670689542312e+06 -9.417564284135008929e+05 -6.063258305375379277e+05 -2.604638668242847198e+05 3.871223028807505034e+04 3.282289627043057699e+05 4.927739149524131208e+05 5.531342340601269389e+05 5.851520834787513595e+05 6.244181097834352404e+05 6.114341974789572414e+05 3.071409897833683062e+05 -2.331126024466350209e+05 -9.005313609495400451e+05 -1.388933023145511048e+06 -1.255731997936669504e+06 -8.404413278966966318e+05 -5.925993906667277915e+05 -4.464891849217999261e+05
-1.931005897749855940e+05 -1.808147033283600467e+04 9.371549915143981343e+04 5.038840866778625059e+04 1.173390806783572771e+04 5.908079691798774002e+04 3.725840107072144747e+04 1.788235852727666497e+03 3.506176234368467703e+03 1.266333379564457573e+04 -1.488084099328269076e+04 -4.855786108993929520e+04 -2.955061811691848561e+04 -9.192772099908321979e+04 -8.610711655957854236e+04 -5.781947120267403079e+03 -8.878487240741364076e+04 -1.109588382333458867e+05 -5.863407932702096878e+04 -8.063689920905738836e+04 -8.934504668111907085e+04 -8.400270444180927007e+04 1.025737720614415593e+04 1.036435258437995217e+05 1.232092543995532324e+05 2.864190167964254506e+05 5.025183544521861477e+05 5.880261496480681235e+05 5.488558886425744276e+05 8.468455540525430115e+04 -6.379181017895446857e+05 -7.810621320555219427e+05 -3.456042605935388128e+05 6.800763190520164790e+04 1.970174563424368971e+05 2.140621167616334569e+05 2.093216923809084110e+05 1.333234241497123148e+05 9.615826107459719060e+04 1.351508482744971698e+05 2.605480210782854992e+05 4.387843227876874153e+05 7.556060108469662955e+05 1.313734054879319621e+06 1.665080464553760365e+06 1.436744449851390440e+06 9.458184024083302356e+05 5.343161542163593695e+05 1.969747892112284899e+05
-2.310744203292406746e+04 -1.699666970512771804e+05 -2.834217393497237354e+05 -2.950683524261694402e+05 -2.716412158905586693e+05 -2.919108342046091566e+05 -3.155239694003829500e+05 -2.868531932246697834e+05 -2.525559515604983317e+05 -2.760413201605842914e+05 -2.408706352616718505e+05 -1.795616029728264548e+05 -2.263320351055879146e+05 -2.247196239940237720e+05 -9.074179127797833644e+04 -1.155432724175625481e+04 -2.959810082917101681e+04 -5.227462773342267610e+04 3.154518324270611629e+04 1.061877267232921440e+05 6.466244620052701794e+04 1.365967224523776677e+05 1.974952807970116846e+05 1.919178572563396301e+05 2.113752357507471461e+05 2.076368135065422393e+05 2.886568721948426683e+05 4.728613394635622390e+05 9.047655633180676959e+05 1.658340408529185224e+06 2.363561657884126995e+06 2.368238382787386887e+06 1.661423872804597951e+06 9.572873416409138590e+05 6.055933934955098666e+05 4.460380465543130413e+05 2.342566196687398478e+05 -1.518405058959592134e+04 -1.622268068532869220e+05 -3.045438962007751688e+05 -9.315675244003129192e+05 -2.402931047811866738e+06 -3.423802482105811592e+06 -2.556885373511464335e+06 -9.889887548681944609e+05 -1.593641585265863687e+05 1.780417834913547849e+05 4.199233311765391263e+05 6.293986578906968934e+05
1.433931368967749877e+05 1.857358996494441526e+05 2.308618089319498977e+05 2.208160930642042076e+05 1.810436652737553231e+05 1.911693175356775755e+05 1.681138664833270013e+05 1.041353335183523595e+05 7.879484092598431744e+04 5.882927111917524599e+04 2.342997773666866124e+02 -6.408826476210355759e+04 -1.075195188178622629e+05 -1.340368570067221299e+05 -1.892916253667499404e+05 -2.994849628240630263e+05 -3.452277296867398545e+05 -3.635156632916185772e+05 -4.409906299416614929e+05 -4.991271483994203154e+05 -5.427110077544047963e+05 -6.031891348811041098e+05 -6.149149942887027282e+05 -5.345398191254936391e+05 -4.579441689257508842e+05 -4.694081476253627334e+05 -4.367356685965200886e+05 -3.052863560001431033e+05 -2.547772853884086944e+05 -2.530421432806176599e+05 -1.740487465061596595e+05 -8.614443053564149886e+04 -9.145360979673592374e+04 -8.329281091500911862e+04 8.886252939119003713e+03 9.511013352894224226e+04 1.358214673669133335e+05 1.672888164107284974e+05 2.935985042719396297e+05 5.587260642502207775e+05 1.211978276361193741e+06 2.620935371840456501e+06 3.625692370782916434e+06 2.726962362604095601e+06 1.063301761692281347e+06 1.422875702397138812e+05 -1.941525960007868707e+05 -3.204580861965934746e+05 -3.773794496261589229e+05
-1.067444842191471253e+06 -8.437253870125277899e+05 -4.907620044914076570e+05 -9.547964521494554356e+04 4.979019054968375713e+04 2.372672607962135226e+04 3.164351370593067259e+04 6.490000676683848724e+04 1.059768760402221233e+05 1.505213657970307395e+05 1.232493321696524508e+05 9.044828990125097334e+04 1.417885628958172165e+05 1.791769007917898707e+05 1.876384462670830544e+05 2.360745938945910893e+05 2.869977161353747360e+05 3.344582149090999737e+05 3.220557066400942858e+05 2.970744171742990147e+05 3.519046882030662382e+05 3.918623981359993340e+05 3.523316133450140478e+05 2.760855819645804586e+05 1.972325008313051658e+05 1.262619217486645211e+05 9.502681922123878030e+04 6.319695688929650350e+04 -1.523505497811106034e+04 -7.828870636047216249e+04 -6.795790307092832518e+04 -8.339690895838476717e+04 -1.583725640135531430e+05 -1.865033981925807893e+05 -1.340703070459127775e+05 -1.174441856643531937e+05 -1.366279745918289991e+05 -1.362556778939327924e+05 -1.522172826515451306e+05 -7.082794982561597135e+04 3.333199003129289486e+04 4.891632960352930240e+03 -4.544281087117257994e+04 -1.942749984911619686e+04 5.561006854986888357e+03 -2.857302965421695262e+03 3.427912724728346802e+03 -1.548014838030154351e+04 -6.646473123677447438e+04
1.301074686565261334e+06 1.027377910575305694e+06 6.653087977960240096e+05 3.454012042799148476e+05 2.101933560379256960e+05 1.521476591263490263e+05 1.285517851587791229e+05 1.311154756377801532e+05 1.424058555946977576e+05 1.258825360030458542e+05 9.966103354614460841e+04 6.801900113699981011e+04 8.946204617415787652e+04 1.290960752648243215e+05 7.672241164967999794e+04 9.474621408502594568e+04 1.482401797824422829e+05 1.055263785597344395e+05 9.476158642370137386e+04 1.317725180661363993e+05 1.237759635967086069e+05 1.011384727025870234e+05 9.033735194825590588e+04 1.049745548158532474e+05 1.220773261479916982e+05 8.358875332138268277e+04 7.550658909516665153e+04 9.594487452442990616e+04 7.741403277497738600e+04 1.280249150513531640e+04 -1.602516224171314389e+04 -7.184273370629036799e+04 -2.464421328919709194e+05 -3.412376544512517285e+05 -3.951375794834166300e+05 -5.398072068270989694e+05 -6.331068337433679262e+05 -6.819325057425897103e+05 -7.112375670016624499e+05 -6.618161764436790254e+05 -5.841454725091176806e+05 -4.607530993421112653e+05 -3.794023176176404813e+05 -3.442584578784591286e+05 -2.207300938091077842e+05 -1.037350961234185379e+05 -6.280135463166516274e+04 -7.493994943229993805e+04 -1.182268962670057081e+05
3.020022692435304052e+05 2.752395735404570587e+05 2.547339949563319678e+05 2.468711458006873145e+05 2.038674287709000055e+05 1.128624021541327238e+05 8.986860162665823009e+04 1.254059457925906172e+05 1.090521931383410702e+05 3.348938503768295050e+04 8.217387252370943315e+03 8.207264286611578427e+03 -6.135518239214434288e+04 -5.033690182550344616e+04 -9.569469316484173760e+03 -8.431028437669761479e+04 -1.211875061840693234e+05 -6.793535132135718595e+04 -7.809250856400455814e+04 -1.353243056841893122e+05 -1.435826457508661551e+05 -1.051303073365122546e+05 -8.851114524135494139e+04 -1.393737018827230204e+05 -1.838718713969864766e+05 -1.301312800653979648e+05 -8.368178742981402320e+04 -1.021137117331092595e+05 -3.018695699240232352e+04 6.044396634271839866e+04 9.218898470731792622e+04 1.592769257133484352e+05 2.658790207636783598e+05 3.590684760356085608e+05 5.200353877211459912e+05 7.166796006234647939e+05 8.175688137904217001e+05 8.655262670216339175e+05 8.561486963515919633e+05 7.901038230421524495e+05 6.892417315035709180e+05 5.459283524693474174e+05 3.056616106016729027e+05 2.650314729151315987e+04 -2.546630482659372501e+05 -5.996764173911632970e+05 -2.381795283932897262e+06 -5.552414502000277862e+06 -8.693255077511884272e+06
2.645640267194539774e+05 2.982237457016890403e+05 2.777088901119714137e+05 2.093589846139366273e+05 2.267718969089037273e+05 2.572577669152814196e+05 2.043254274195351172e+05 1.797386183074561413e+05 1.961390549091449939e+05 1.837876627550576814e+05 1.286964850894582924e+05 9.834670159194502048e+04 9.149093956715660170e+04 4.380990178702631965e+04 -7.283463922794908285e+03 -2.098225391091546044e+04 -5.488947443489450961e+04 -1.502607116608121432e+05 -1.887811850711293519e+05 -2.144881495092704426e+05 -2.817092484462764114e+05 -2.732950389957111329e+05 -2.891610494103229139e+05 -3.713922082869973965e+05 -3.821932512361669797e+05 -3.281439454470819910e+05 -3.199438937610829598e+05 -3.470749157067627530e+05 -3.409887503666686243e+05 -3.143396170051708468e+05 -3.175102407710799016e+05 -3.169403562499795808e+05 -3.058426861534839263e+05 -3.065468699237679830e+05 -2.745622566013479372e+05 -2.327906230585356243e+05 -1.776534928666658234e+05 -1.463928267934536561e+05 -1.570928207713586744e+05 -1.365496397161036730e+05 -1.111328480315571651e+05 -1.167763137730075978e+05 -1.240131534842655528e+05 -1.113318055555280298e+05 -7.729892835734109394e+04 -8.401547547822678462e+04 1.360651732495186385e+06 4.338073151568640955e+06 7.345331473429447040e+06
1.236962680930444913e+05 1.569246642199869093e+05 1.380327913888322364e+05 1.032011597770906083e+05 1.201771423075115308e+05 5.947988978208744084e+04 -5.015728838232460839e+04 -1.313313120773820556e+05 -2.919386274857969256e+05 -4.206058947725976468e+05 -4.114379742198800668e+05 -4.089066204951088876e+05 -3.825695780024396954e+05 -2.750933837848423282e+05 -2.056356248064548708e+05 -1.304375961152254604e+05 -7.172023974329954945e+04 -1.035413028825132642e+05 -8.154689940289244987e+04 -1.854743539370247163e+04 -2.608959632329060696e+04 -7.969914609464490786e+04 -6.880355776520469226e+04 -3.273897668812400661e+04 -4.302787198801524937e+04 -1.985056183577398770e+04 -1.635285972181009129e+04 -4.786093942573643290e+04 -4.310550123744178563e+04 -1.643667230950086378e+04 -2.009933225475810468e+04 -5.035566061138547957e+04 -6.933972435595979914e+04 -3.954923288445570506e+04 2.095586863259086385e+04 6.226501883851620369e+04 6.186846908065467142e+04 6.676089683591295034e+04 1.438512063081725501e+05 1.882053572170839179e+05 2.085425689666597173e+05 2.610446055034117308e+05 3.427920221429658122e+05 5.036243101309827762e+05 7.123566458935968112e+05 9.654153851975543657e+05 1.202826226514010224e+06 1.331916210137710907e+06 1.404680844444929622e+06
-1.142086368199437857e+03 3.252066560395178385e+04 7.511859645586786792e+04 7.170508975701499730e+04 5.897153968558995984e+04 1.201224469990120269e+05 2.231714524686684599e+05 3.235074861538307741e+05 4.644183585884458153e+05 6.361940644179410301e+05 7.031304056973026600e+05 7.025577279679422500e+05 6.358982635954450816e+05 5.906355972420712933e+05 6.273321026102347532e+05 6.097614239674296696e+05 6.069592199313049205e+05 6.349387109602685086e+05 6.265389643995147198e+05 6.289901141692823730e+05 6.813597392804506235e+05 6.871047142143654637e+05 6.062249794536922127e+05 5.509074609905648977e+05 5.140324491121280007e+05 4.498433585593011230e+05 3.568464650872917846e+05 2.547672399957086891e+05 1.335574021721547469e+05 -8.029823349483218044e+04 -2.669818637080602348e+05 -3.911788018717207015e+05 -6.168634584388937801e+05 -8.820579380386332050e+05 -1.098900881008740049e+06 -1.354096745006971527e+06 -1.576989724578015041e+06 -1.676839702076106798e+06 -1.727027997377589811e+06 -1.608126427721722517e+06 -1.299928719278833130e+06 -1.020849372245141305e+06 -7.835715288665939588e+05 -5.783947569757585879e+05 -4.462427907025283203e+05 -3.616729992561149411e+05 -2.886442297298344783e+05 -2.066886053247433156e+05 -1.249148773592580110e+05
1.005274976309738122e+05 1.337241473569883965e+05 1.458878612917035352e+05 1.119279110000934452e+05 6.717171910437173210e+04 3.712263603156316094e+04 2.090449407376581803e+04 3.153934314512321725e+04 2.360872364079090767e+04 1.734564885249710642e+04 2.735466768703190610e+04 -4.492217869847081602e+02 -3.282720880990382284e+04 -1.219787161069689319e+04 2.438118664387729950e+04 -2.327531043192720972e+04 -2.128637273475783877e+04 4.254944278756738640e+04 9.194765743886819109e+03 -1.468475138797657564e+04 -1.788199936723662540e+04 -3.987822641996899620e+04 -3.152513668552273884e+04 -5.496899080433649942e+04 -8.543722496251575649e+04 -8.615189399279188365e+04 -1.521418466712932568e+05 -1.984610846314176451e+05 -2.009147921526164282e+05 -2.348206782195483102e+05 -2.723452721795181860e+05 -3.362565042865763535e+05 -3.270719689480043598e+05 -2.728176173880637507e+05 -2.619125882437218388e+05 -1.463426583916593227e+05 1.179787315834261826e+05 3.567172362709249719e+05 3.797067706396047724e+05 1.969987450493494398e+05 -5.161144910904229619e+04 -2.669636836749847280e+05 -3.767390027159115998e+05 -4.012944416176476516e+05 -4.118721796799225267e+05 -4.406476669291430153e+05 -4.521516747341963346e+05 -3.703769662539709825e+05 -2.324053217255217023e+05
-1.488709018744702335e+05 -1.726078100247832481e+05 -1.860885627720562625e+05 -1.856608331140887167e+05 -1.677658147453621496e+05 -1.622205955060780398e+05 -2.013979882924467674e+05 -2.172604604902154533e+05 -1.620840581392987515e+05 -1.042451267215074040e+05 -1.195766093031853670e+05 -1.152359214595344383e+05 -8.518040222086699214e+04 -8.963525727158412337e+04 -8.447735984183964320e+04 -7.535996644292026758e+04 -1.146182506548950914e+04 2.665221752147772349e+04 -3.811456671392079443e+03 3.647751156968297437e+03 6.028586664484429639e+04 9.561380010112759192e+04 7.235669888134009670e+04 7.760837217065272853e+04 1.084175334894098341e+05 1.664676897179740481e+05 2.108145357655300759e+05 2.151908626483058906e+05 2.658706694959253073e+05 3.454502227890771464e+05 4.200984221028917818e+05 4.679163980447638314e+05 5.314079086044532014e+05 5.800451101403448265e+05 5.517089575069255661e+05 4.577225828712108778e+05 2.997211787324335892e+05 3.647741191089176573e+04 -3.680598019219168928e+05 -8.689084172535489779e+05 -1.286207374949885067e+06 -1.434556321053535212e+06 -1.417377103543690871e+06 -1.288777997339349240e+06 -1.066523289798790822e+06 -8.387279790228032507e+05 -6.250842779764207080e+05 -5.164739583268221468e+05 -4.919036135142873973e+05
-1.705427757294090698e+05 -1.926610155626258929e+05 -2.044839723438780056e+05 -2.031937811714305135e+05 -2.148097985249478370e+05 -2.365822839351312141e+05 -2.130789255286799162e+05 -1.688741289968311903e+05 -1.436657114293485356e+05 -1.146082250239850837e+05 -9.830524401768349344e+04 -9.342881414020672673e+04 -9.228964645400986774e+04 -6.497851040054229088e+04 -3.223406743316445500e+04 -2.591963439874234609e+04 9.334012874605716206e+03 4.929048974867328070e+04 4.993942513028741814e+04 2.991869275749195367e+04 5.859775854318268830e+04 9.329738563770655310e+04 9.837922845777956536e+04 1.045893892135063652e+05 8.119246701564395335e+04 5.519848243187885964e+04 3.930432230743451510e+04 3.974714328258420574e+04 5.947929626694528270e+04 2.536268626994549413e+04 -6.988518679645468364e+04 -1.047411237627966620e+05 -9.317450416914693778e+04 -9.817955667342169909e+04 -9.885138306417502463e+04 -5.049109371844690759e+04 1.144877795960932854e+05 3.138218327655346366e+05 4.114121189093564171e+05 4.308909072657104116e+05 3.943440019717676332e+05 2.659553813019022928e+05 1.102901985801869887e+05 -1.557592046679975465e+04 -4.755802672734740190e+04 1.090173887161654420e+04 8.305581933440448483e+04 1.882602149961149553e+05 3.210247514673355035e+05
6.484053740612580441e+04 -1.445377930460381322e+04 -5.374268385945470072e+04 -8.157242472181684570e+04 -1.524147470422030892e+05 -1.697804288929910399e+05 -1.720971204712986364e+05 -2.179376289337234921e+05 -2.529929019502016017e+05 -3.703635980306715937e+05 -6.160830096706929617e+05 -1.168668436109291855e+06 -1.986222376250079134e+06 -2.092324003464017762e+06 -1.167685544479172211e+06 -2.467777934906184673e+05 1.440554770785090514e+05 2.741685763583518565e+05 3.345896477473434061e+05 3.158113048283848912e+05 2.863049389369538985e+05 2.899468710196376778e+05 2.361252346209948882e+05 1.565169874840648845e+05 1.067501725388863124e+05 8.202383019219292328e+04 3.554140807973407209e+04 -2.380436469684354961e+04 -6.242085433943383396e+04 -1.066891608366835862e+04 6.511257212216174230e+04 5.846613292029406875e+04 1.542622975829001516e+05 2.882667226364719681e+05 3.672883990236730315e+05 5.513288762798758689e+05 7.991816142504108138e+05 1.025156287909487262e+06 1.200662099233594956e+06 1.323518122024830431e+06 1.446540221590115223e+06 1.589480030885463115e+06 1.649286456873664865e+06 1.544621827550000977e+06 1.314530569259081502e+06 9.313519366808733903e+05 5.388257373245125636e+05 3.723280966779561713e+05 3.422316312990672886e+05
-6.121949414208941162e+05 -5.647820874328315258e+05 -4.459210071225240827e+05 -2.557898177987951785e+05 -1.695838131925845519e+05 -1.191755731661394238e+05 3.767548115865327418e+03 1.092537699120296165e+05 2.241057094470309094e+05 3.748154000021172687e+05 6.613344300290923566e+05 1.314956144843745045e+06 2.106930240577202756e+06 2.155644223755661398e+06 1.290767223636066075e+06 4.630201585817845771e+05 1.156902144060588907e+05 -1.775579429828212596e+04 -4.324704624523292296e+04 2.780911791560356505e+04 8.760164236096863169e+04 1.208619381631433498e+05 1.832906847550478997e+05 2.773370106249054661e+05 4.004309871139412280e+05 5.179241648792227497e+05 5.821892148822370218e+05 5.746635956926922081e+05 5.866883178205166478e+05 6.338208002678583143e+05 6.206033962451327825e+05 6.121487682744930498e+05 6.236303536866060458e+05 5.871917237419979647e+05 4.929744957119692117e+05 4.476383403711947612e+05 4.798559978105183691e+05 4.425029875962361693e+05 3.171910816464517266e+05 5.362725690269144252e+04 -2.556853891914961860e+05 -4.783350487417192198e+05 -7.219513245855318382e+05 -9.388116497203032486e+05 -1.148713709760778118e+06 -1.324386890159508679e+06 -1.274057661659173202e+06 -1.144923140150637832e+06 -1.072644576716534328e+06
-1.802980248084349441e+05 -7.494900545789278112e+04 -1.994061323843197897e+04 -1.560298418931779452e+04 -2.407715636174543761e+04 -6.522950748098077020e+04 -3.349246396275702864e+04 9.028242178755986970e+03 -2.859994645550608402e+04 2.326158311188919470e+03 2.471566563428490190e+04 -2.880518660400406225e+04 -2.700715456448961049e+04 -2.405918491058395011e+04 -5.610178079354221700e+04 1.042382018786156550e+03 8.569290677842334844e+03 -6.488154259524890222e+04 -3.020563153855619021e+04 1.485880497813923284e+04 -1.097688768029911444e+04 -6.451424757891823538e+04 -8.584096970080304891e+04 -4.377777957401121967e+04 -2.903946909515082370e+04 -4.854613527408218943e+04 -6.385804966645082459e+04 -9.456959007904527243e+04 -1.349782372072512517e+05 -1.373876401153391926e+05 -1.135037874100088375e+05 -1.396549321567004081e+05 -1.739102806949821534e+05 -1.482945167344587389e+05 -1.562677043999431189e+05 -2.007472584754575510e+05 -8.197657215656316839e+04 5.165233600782812573e+04 -4.596747779331007041e+04 -1.467191844008627813e+05 -1.285384099889777135e+05 -1.090239377868422307e+05 -8.569495721370889805e+04 -3.763055286137363873e+04 4.438640040971152484e+04 1.348754752396775875e+05 2.070770718893627636e+05 2.785374571228737477e+05 3.493367367170806974e+05
-5.295434678759169765e+04 -6.251015004527405836e+03 4.940138525969814509e+04 2.289715772552881390e+04 -7.563466962164966390e+04 -1.436895243439357728e+05 -1.695125331086455844e+05 -1.879628976329696015e+05 -2.867021282864153036e+05 -4.032546027260831324e+05 -5.547186819417407969e+05 -8.120874998767977813e+05 -1.012636268328642123e+06 -1.149292527079232503e+06 -1.175283862226060126e+06 -9.650796627977984026e+05 -6.565137256396706216e+05 -3.432997779126162641e+05 -9.957156593212857842e+04 1.233542019443120807e+05 2.724033229440096766e+05 3.321966671745758504e+05 3.958250152636906132e+05 3.788191167252077721e+05 4.192627627734327689e+05 4.538395215090715792e+05 3.500347678274551872e+05 2.594539571188220289e+05 2.153290958463912830e+05 2.101130786689464003e+05 1.761194640124451835e+05 9.329220402258215472e+04 8.701961055383435450e+04 8.360999807860958390e+04 4.573756542362365872e+04 8.181734178928285837e+04 1.711301731078128796e+05 2.493644947173020337e+05 3.171450169541637879e+05 3.543270716656106524e+05 4.008803653906227555e+05 5.593980239889059449e+05 8.047936533454026794e+05 1.047500728937159642e+06 1.161869184813988162e+06 1.069920335946223466e+06 8.234526433916471433e+05 5.717169668388674036e+05 3.709794655683701858e+05
2.894789662881530239e+04 -1.033087173869717226e+05 -1.662971655835280544e+05 -1.611851681565167091e+05 -1.677384940121555701e+05 -1.732333916446077346e+05 -2.271698457832098356e+05 -2.752893139878871152e+05 -2.545682126967587392e+05 -2.514755967783275410e+05 -2.246293697608052753e+05 -6.887789812433789484e+04 1.697566949034807039e+05 3.502383319617363741e+05 4.018862271358374273e+05 3.645859514962650137e+05 3.102234989369756076e+05 2.342680808054864465e+05 1.219287577533395379e+05 5.175271997693924641e+04 5.462186516466308967e+04 -9.537253185410809238e+02 -4.989401970058688312e+04 -6.167795254383223073e+04 -7.381168683583370876e+04 -6.302210418682074669e+04 -1.023094698574278591e+05 -1.576392146729634260e+05 -1.979047203960361076e+05 -1.698028904706004250e+05 -1.686462948084223899e+05 -2.425462314873590949e+05 -2.397349900874553132e+05 -1.819665323750815587e+05 -2.157826246056357631e+05 -2.623942855451604119e+05 -1.462279773436599644e+05 -3.737808773235895205e+04 -4.679397366300679278e+04 -1.112596090725853574e+05 -1.932758466684031300e+05 -1.661290114169253502e+05 -2.739405900676501915e+04 7.634108557045762427e+04 1.317175382134155370e+05 2.005268641049037687e+05 2.203498201229379047e+05 1.779188754793722183e+05 1.331880535720805638e+05
-8.956317948817712022e+04 -2.791490365663776756e+05 -6.105695358727822313e+05 -1.295169018940359820e+06 -2.286613519084057771e+06 -2.908287206286330707e+06 -2.468211719808458816e+06 -1.369805631865746807e+06 -4.176958447697693482e+05 2.451038531109225005e+05 6.907235400649374351e+05 9.036367621819954365e+05 1.078745300365553237e+06 1.196928211527992506e+06 1.096223840621241368e+06 9.363199308601906523e+05 7.910463881716718897e+05 6.538009881903415080e+05 5.393361577007452725e+05 3.804375244650872191e+05 2.651158848477638094e+05 2.076957622260666685e+05 1.295666085174891632e+05 5.999456718243914656e+04 4.720853434235317400e+04 2.875176413072057767e+04 -3.850097309506981401e+04 -9.322804695810202975e+04 -1.060066049644956365e+05 -1.063752740545895649e+05 -1.892136329936325783e+05 -2.058874488031141227e+05 -1.459895153759869281e+05 -1.999547900495232316e+05 -2.617043623590142233e+05 -2.255330706175302621e+05 -1.387449730033401866e+05 -8.598457694723061286e+04 -1.220864828801127151e+05 -1.848672122630518861e+05 -2.105320260574813001e+05 -2.383458834869090933e+05 -1.554010230800481513e+05 -2.581276313954708166e+04 1.128990601864643395e+02 1.225831616300272290e+05 4.169012139475694858e+05 7.047390728979334235e+05 9.354990796767952852e+05
-8.416673175661694258e+05 -4.845001191893238574e+05 3.204338729527033865e+04 8.838194614817630500e+05 1.991256835535750724e+06 2.767173378655860666e+06 2.556731128365498967e+06 1.686720378723984817e+06 9.177183934181822697e+05 4.671466296387368347e+05 2.548988881325932452e+05 1.406250102148625301e+05 8.027404401567764580e+04 8.470341961306973826e+04 4.624979916436120402e+04 -2.299178263027011417e+04 -1.771628383576183114e+04 2.384933325170993339e+04 5.868079321226105094e+02 -3.659155312780046370e+04 -6.272927823709300719e+04 -6.181404843751783483e+04 -4.800680118816671893e+04 -8.306536058924382087e+04 -6.643969742988678627e+04 -8.416996193875058088e+04 -1.710988050687592477e+05 -1.596201946472867858e+05 -1.701553268573477399e+05 -2.522529971052426845e+05 -2.428419121797197149e+05 -2.188458149493095407e+05 -2.599515122658348992e+05 -2.514294253845583298e+05 -2.491122109614662186e+05 -2.954057131559236441e+05 -2.201212553028012917e+05 -8.964442762604466407e+04 -1.424457470240299008e+05 -2.085177710207056953e+05 -1.833906903458413435e+05 -1.717768406833059853e+05 -8.376292342785722576e+04 -1.253799442522006575e+04 1.089699203992460389e+04 8.452751689386763610e+04 1.324272101244427031e+05 1.368730340446925256e+05 1.371468655459431466e+05
-6.428136668560914695e+05 -7.685526996714184061e+05 -9.776518456998737529e+05 -1.092074913096148288e+06 -9.420464927208377048e+05 -7.824415982991922647e+05 -6.786451670769017655e+05 -5.226094206748530851e+05 -3.607929824755414156e+05 -2.980792152968932642e+05 -2.637903423790704110e+05 -1.663528617934209469e+05 -1.366834039823151834e+05 -1.592363761248997762e+05 -1.085030909345368273e+05 -6.066464206989621744e+04 -8.437391475017642369e+04 -1.020519205796880997e+05 -3.549000538885587594e+04 -9.622732299612835050e+03 -3.598356282309402013e+04 2.317450655915326206e+04 1.344368601188762113e+04 -4.572188896447187290e+04 2.742074177629576297e+04 6.566078759991814150e+04 1.531246352911682334e+04 6.131622607645113021e+03 2.364372194773744559e+04 -2.219064857054210734e+03 -4.652709615183982532e+04 -1.623437042173428927e+04 4.039916516630968545e+03 -1.428979465679731220e+04 -3.555025745357864071e+04 -8.243986865127208875e+04 -7.718142713245458435e+04 -4.051815800979977939e+04 -8.564262701285746880e+04 -2.440199955838028109e+05 -3.706013632452238817e+05 -3.821439023673891788e+05 -4.093294692889311118e+05 -4.608663180656740442e+05 -4.762297170542306267e+05 -4.647508719563470222e+05 -4.257631942239827476e+05 -4.049075335223448928e+05 -4.153493006835849956e+05
1.070401162439956330e+06 1.124934719321318436e+06 1.154325938993715681e+06 1.094337747307144571e+06 9.072767317289258353e+05 6.419289938636943698e+05 3.807184056934779510e+05 1.696043783606728539e+05 -9.564929641026444733e+04 -6.050343877446716651e+05 -1.554935265284732915e+06 -2.737207004461961798e+06 -2.968964449912017677e+06 -1.938559644978085067e+06 -9.292510316762487637e+05 -5.526012549523150083e+05 -5.153965651456384803e+05 -5.034504564723463263e+05 -4.637289149247223977e+05 -4.324043482905834680e+05 -3.978737009217725135e+05 -4.231585449859267101e+05 -3.945363327974344138e+05 -2.994373299920698628e+05 -2.837296123098351527e+05 -3.022481312768650241e+05 -2.528360645208158530e+05 -2.206528569274819456e+05 -2.289978654243163764e+05 -1.958916171293822117e+05 -1.502905622962862253e+05 -1.426484499551593326e+05 -1.195457575417831540e+05 -2.502316122699994594e+04 -1.711212307622237131e+04 -3.974848552810726687e+04 9.255131793004740030e+04 2.030100064765429124e+05 1.879398288900847547e+05 2.068867569783465005e+05 3.106268357686363161e+05 4.395277973092743196e+05 5.235550969000889454e+05 5.558851215764309745e+05 6.012057867940173019e+05 6.515874824207258644e+05 6.172308650889325654e+05 5.030926281766730826e+05 3.821582593541725073e+05
6.503779078280786052e+04 -5.789423190319212154e+04 -1.450177141115998384e+05 -1.399240574866416864e+05 -1.401026388231548481e+05 -1.579734189331065863e+05 -1.144635590969118057e+05 -8.394149253930663690e+04 -4.830304235307278577e+04 1.919115475707802689e+05 1.003725625673543778e+06 2.140416319314390421e+06 2.218588447182264179e+06 1.024535344156029169e+06 -2.705122712650336325e+03 -4.043954424129333347e+05 -5.778117294583357871e+05 -6.576018033953732811e+05 -6.789544615737390704e+05 -7.068424431566377170e+05 -7.624176158392205834e+05 -8.466748130507764872e+05 -9.596291674076945055e+05 -9.465120458169259364e+05 -7.850338617985827150e+05 -6.579952066871919669e+05 -5.390025935231818585e+05 -4.071361306330080261e+05 -3.242875588982133195e+05 -2.590128515384275233e+05 -2.345571533351902617e+05 -1.865629498616907513e+05 -1.246525491608196171e+05 -1.078672739735338837e+05 -1.141465336960391141e+05 -1.004503192292759195e+05 -6.993739801400806755e+04 -8.867048001149669290e+04 -8.923370258184149861e+04 -6.230384808150120080e+04 -7.119251993630337529e+04 -7.445033811702183448e+04 -8.012135322176595218e+04 -1.213376804874865338e+05 -2.070554024269222282e+05 -3.408387643282175995e+05 -4.208022953500046860e+05 -4.389197338407379575e+05 -4.615366809582253918e+05
9.501337732822876424e+05 7.064028368162689731e+05 4.968057046335898340e+05 2.875583670055493712e+05 -1.456774251933675259e+06 -4.953652431704684161e+06 -5.500036781311207451e+06 -2.249447553655769676e+06 -1.418571693537528627e+05 6.990892066183732823e+04 1.094065240991768660e+05 8.705396963749092538e+04 8.322011020412901416e+04 1.499510809508500388e+05 1.695835090440231143e+05 1.249682055163430050e+05 1.284784111974295229e+05 1.943387516518122284e+05 2.589389560127164295e+05 3.168687444314126624e+05 3.742377955865224940e+05 4.896569957036993001e+05 5.757824516712581972e+05 5.807944245281394105e+05 4.987439447868377902e+05 3.257112376502483385e+05 1.797349893057250883e+05 2.080034685408463702e+04 -1.285621179614097346e+05 -2.358098765820614062e+05 -4.101293383311706129e+05 -5.870982777333133854e+05 -7.213572766134190606e+05 -9.592365519623843720e+05 -1.132291379097441211e+06 -1.116361706755705643e+06 -9.787594397008061642e+05 -6.888435120272347704e+05 -4.571778055015602149e+05 -3.081360191234843805e+05 -1.123897336283689365e+05 -3.573570812005084008e+03 7.235369382979115471e+04 2.001400047080833465e+05 2.878430219832807779e+05 4.217388848194957245e+05 6.149990752819592599e+05 7.237649041385136079e+05 7.665196078171562403e+05
5.412760619336063974e+04 1.754426131708896719e+05 2.712074622191719245e+05 4.271321943908696994e+05 2.021676075712603051e+06 5.308705915664030239e+06 5.732266794440800324e+06 2.233949601451164577e+06 -1.420583345321938396e+05 -5.618075970100471750e+05 -9.100287968691568822e+05 -1.229632707976561971e+06 -1.470212083806981798e+06 -1.697486250455839559e+06 -1.791329916333487956e+06 -1.681533387151722098e+06 -1.523810304083455121e+06 -1.394800780380609911e+06 -1.235470958506047726e+06 -1.020878047434670967e+06 -8.102214463124973699e+05 -6.574131642249990255e+05 -5.287002151782514993e+05 -3.658564377721636556e+05 -2.404459779668832198e+05 -2.067700938196503557e+05 -1.374578025500518270e+05 -2.604985267273150384e+04 5.551450684841256589e+04 1.179294386913529597e+05 2.294128561654356308e+05 4.246569716060201172e+05 6.891228146653175354e+05 9.358369719306929037e+05 1.049711067086027004e+06 1.037605007081292453e+06 8.842267447055192897e+05 6.831237650036939885e+05 4.914285424351694528e+05 3.424491335274060257e+05 2.993604539387164405e+05 2.215998868489998858e+05 1.631073208883751649e+05 1.793976913904773537e+05 1.542856008160747588e+05 1.475013641093387268e+05 1.666717642737787683e+05 1.545368731272171717e+05 1.334246716607576236e+05
3.150746006160625257e+05 3.771786701722887810e+05 4.127770264158605132e+05 4.175059177185173612e+05 4.508962745257304050e+05 5.004462795911240391e+05 5.144564386963609140e+05 5.368627268128332216e+05 6.233096775220476557e+05 6.826650070730827283e+05 6.929349431500309147e+05 7.282829342834887793e+05 7.204519391799109289e+05 6.357488552387801465e+05 5.050775542311018799e+05 3.098697318689664826e+05 1.631044152600229718e+05 1.361225476188701577e+05 1.403695807632175274e+05 1.419303959037642926e+05 1.091123850367148407e+05 5.043384960736148059e+04 -5.649543672188883647e+04 -1.573345346414134838e+05 -1.837288807754521258e+05 -2.416490396091826260e+05 -3.363763048144755885e+05 -3.551897135862971190e+05 -3.525363709367229603e+05 -3.707365946104980540e+05 -3.341054402070587967e+05 -2.664507222414251883e+05 -2.197885707297255285e+05 -1.934910522014254238e+05 -1.761398480448403861e+05 -1.495973404680262320e+05 -1.261407424841307802e+05 -1.231586537839031080e+05 -7.176910191221418791e+04 -4.133222414995532017e+04 -3.348396048939309549e+04 4.042301252775359899e+03 -4.216204744792764541e+04 -1.094830124595322413e+05 -1.541076848693772918e+05 -2.021960318769555888e+05 -2.563490627217114670e+05 -3.738609013630752452e+05 -5.291819153289464302e+05
-5.619607213127892464e+05 -4.388707876403350383e+05 -3.428731897912804270e+05 -3.379199251372483559e+05 -2.724798566524987109e+05 -1.296891816350400914e+05 -5.480316930479602888e+04 5.540843286958988756e+04 1.698887631247637328e+05 2.607275758680768777e+05 4.242840565746885259e+05 6.106635757652113680e+05 7.819966982508773217e+05 9.663911450665906304e+05 1.015226661468913895e+06 9.087561543440100504e+05 7.904674517078095814e+05 5.533505125815279316e+05 2.304054296761748847e+05 -3.756964938656892627e+03 -1.844089218377477955e+05 -3.004187339424970560e+05 -3.143501110526272096e+05 -3.239492634407361038e+05 -3.523442409827837255e+05 -3.236344653309788555e+05 -2.671258078489333857e+05 -2.529283372158537968e+05 -2.513540006359107210e+05 -2.422707367822294182e+05 -2.064585497017834277e+05 -1.095924175457909150e+05 -6.413737102382598096e+04 -6.884066057857130363e+04 -2.218478680297249230e+04 3.385039105487550842e+03 -3.687546497792948503e+04 -8.335898864606875577e+03 7.361881228978732543e+04 1.077299927041164483e+05 2.369381370631177269e+05 3.351801628604888683e+05 3.210631122783515602e+05 3.772955194185498403e+05 4.298576886707460508e+05 4.215750214474963723e+05 4.403009406366625335e+05 5.166063316623307765e+05 6.130644153393125162e+05
3.052038323122540023e+05 3.681897271925117821e+05 3.736216420514390338e+05 3.475052175385643495e+05 3.827182470512343571e+05 3.762594003498087986e+05 3.306724864183341851e+05 3.185810577651138301e+05 3.103751354294946650e+05 3.107518936684936052e+05 2.963034598078231211e+05 3.334401147667085752e+05 3.848741903420884628e+05 3.618360058986580698e+05 3.537885718268807977e+05 3.687731029980934691e+05 3.414406849589431658e+05 3.117418439744506031e+05 2.857280268124302384e+05 2.308020369484436233e+05 1.370747854645019397e+05 5.099044789210939780e+04 7.184418279997771606e+04 3.618501869554165751e+04 -5.644467556587141007e+04 -2.036576977408025414e+03 3.630640721356030554e+04 -2.463270057807676494e+04 -1.833221083739772439e+04 -6.719356569810770452e+03 -5.248331475333543494e+04 -3.790558709296863526e+03 4.882182649336801842e+04 -9.287851905392017215e+03 -3.664659205591306090e+04 -7.836553070233203471e+02 -2.836706826288718730e+04 -1.385376964861648157e+05 -1.045795608527264558e+05 2.050694433302804828e+04 2.081532198120839894e+04 3.031932602927554399e+04 6.423318427754566073e+04 9.626784019055310637e+03 -1.063878467315216549e+05 -1.255930717772566713e+05 -8.874964205024344847e+04 -1.785340480250290129e+05 -3.389948558178674430e+05
2.721767684115910670e+05 1.571172741687041707e+05 7.306356028740995680e+04 7.621814386016922072e+04 1.128044598485575989e+05 7.920033275819144910e+04 3.341381617035949603e+04 4.707785456441348651e+04 5.298140887753164861e+03 -1.123223631602012902e+05 -1.526680954411858984e+05 -1.145958138114657486e+05 -1.529498845458146534e+05 -2.041231153681291617e+05 -1.494513072856352082e+05 -1.024582992176875123e+05 -9.904137561417887628e+04 -7.081880912708582764e+04 -7.995961522974539548e+03 2.830415414093295112e+04 2.233683202211972093e+04 -2.732957117841637228e+03 2.450266129861125955e+04 8.043081488722229551e+04 4.138110244937683456e+04 3.250749332190008136e+04 7.852263986540494079e+04 8.366418179706684896e+04 8.868183767044678098e+04 9.682289154472525115e+04 1.383066688445976470e+05 1.571206167363562563e+05 1.480335399147594289e+05 2.055286231066563632e+05 2.678721366223181249e+05 2.435992038901895867e+05 1.784117650508413790e+05 1.815471954201351618e+05 2.487810978718332481e+05 3.523441487763182959e+05 4.490071417062436230e+05 5.220336988847709727e+05 5.278838082362185232e+05 5.074302058105249889e+05 5.528240825983823743e+05 5.746891140728238970e+05 4.976516149254166521e+05 3.526391829596837051e+05 1.962807386100720614e+05
6.586614504718442913e+04 1.288050508030575002e+05 1.631574487706529908e+05 1.363384172512450023e+05 1.433939214222482406e+05 2.285890896746421931e+05 2.713670078269204823e+05 2.841061136612553382e+05 3.305155219251174713e+05 4.204443282698047115e+05 5.285942000191430561e+05 5.663630992418624228e+05 6.161454300861803349e+05 6.533921272776203696e+05 6.191977728909113212e+05 5.773835864939612802e+05 4.920326239138380624e+05 4.307365036773260217e+05 3.455496548069638666e+05 2.050945039122598246e+05 8.041796338831819594e+04 -3.175172880874015391e+04 -1.179769571847287007e+05 -1.763740164451883174e+05 -2.176842775943805464e+05 -1.987430956916068681e+05 -1.141675549268249888e+05 -6.874804814375261776e+04 -2.958326749532739632e+04 4.011814984172838740e+04 1.164731107346594799e+05 2.021713548523264471e+05 2.570350389368841425e+05 2.592246460303431377e+05 2.726866807145420462e+05 2.564936661624233238e+05 1.201808580360375345e+05 -7.275036923150811344e+04 -1.839586930209770799e+05 -2.193073958312734030e+05 -3.660700476801157929e+05 -6.795448952630974818e+05 -1.076022339398329379e+06 -1.479991716344379354e+06 -1.850964775850299280e+06 -2.155543288437759969e+06 -2.184436571779081598e+06 -1.919568970846009674e+06 -1.590884770747471601e+06
-1.940948942946851894e+05 -7.305692793772323057e+04 1.897861220320916618e+04 2.108756744535636972e+04 -5.083303875289857388e+02 5.547894252551482350e+04 9.666386283555763657e+04 7.642032511765137315e+04 8.983334481366908585e+04 1.501471252483315184e+05 2.013908517581877823e+05 2.101367306202884356e+05 2.884068937585105887e+05 3.854352787023524870e+05 4.137600314401787473e+05 5.220594989537500078e+05 6.150924989723719191e+05 7.002609141691934783e+05 8.513696322313623969e+05 9.497261135303413030e+05 1.061160163870661985e+06 1.130850498052022420e+06 1.085488434463333804e+06 1.036442158515855204e+06 7.871059110114574432e+05 9.594096408575028181e+04 -1.225842006004534662e+06 -3.158556277941103559e+06 -4.350938451153049245e+06 -3.592972266222636681e+06 -1.898324793086215388e+06 -7.503214847351757344e+05 -2.594328610296379775e+05 1.629657721204683185e+03 1.916225821638368070e+05 2.911993578041438013e+05 2.900747449847401585e+05 3.268121095432438888e+05 4.938041813950981013e+05 8.090886842345913174e+05 6.391083428982507903e+05 -1.606353477044017520e+06 -3.108523381201658398e+06 -9.324896419368311763e+05 1.157774100435489323e+06 1.689602606499970192e+06 1.875303531664542854e+06 1.773283573148069670e+06 1.687804777333477279e+06
-2.065312919460119447e+05 -2.616466307549854973e+05 -2.880382074913358083e+05 -3.155527709444868378e+05 -3.362173290018108673e+05 -3.103110581802320085e+05 -3.302755475701995892e+05 -3.839592129457744304e+05 -3.748037288122579921e+05 -3.441400101201724028e+05 -3.785631639647183474e+05 -3.995840639303789940e+05 -3.534691801498410059e+05 -3.157851541548733367e+05 -3.435207124974111794e+05 -3.516850286640693666e+05 -2.899341859525886830e+05 -2.976961260306413751e+05 -3.269891054910838138e+05 -2.900605324568459764e+05 -2.141119361348685343e+05 -1.470292740245347377e+05 -1.040700335215660743e+05 1.828041532600717619e+04 2.592852366899026092e+05 7.726180071764958557e+05 1.974778677756260382e+06 3.801311289327575359e+06 4.519222925071080215e+06 1.209043431657760404e+06 -5.201418867261074483e+06 -7.548359987621082924e+06 -3.919683451924674679e+06 -7.985854337108335458e+05 -1.623996282651200891e+05 -6.257374504348263144e+03 -1.603927333402726799e+04 -1.850440219044685364e+04 5.106802734459098428e+04 1.445272998386640102e+05 7.422787562600630336e+05 3.302914292988995090e+06 5.162705277033659630e+06 3.168924308612466790e+06 1.263296974313565064e+06 1.070037626913105370e+06 8.027233146288194694e+05 5.298783600903698243e+05 3.085120985002052039e+05
-7.788031075033353409e+04 -1.338206855661701702e+05 -1.330632065859390423e+05 -7.555576414393723826e+04 -3.921840808499837294e+04 -4.329233222786567057e+04 -6.454969337966755847e+04 -6.200534025527304038e+04 -8.265358290256696637e+04 -1.088220006210030697e+05 -8.376043787866365165e+04 -1.040780971662024967e+05 -1.735794961842474877e+05 -2.218197679548756569e+05 -2.760211079401777824e+05 -3.694504483882340137e+05 -4.818861890342670958e+05 -5.789973877466397826e+05 -6.980097560439023655e+05 -8.385638849597305525e+05 -8.556058229773759376e+05 -7.621886305839866400e+05 -6.608312362583833747e+05 -5.710123017316795886e+05 -5.162232091368059628e+05 -4.264320906985080801e+05 -2.659107101385593414e+05 -8.466038198384921998e+04 3.084974860303909518e+05 2.675111363304902799e+06 7.356512915395710617e+06 8.522786419914338738e+06 4.253887057956920005e+06 7.978764427470760420e+05 -1.669467849627789110e+04 -4.206589318299656734e+05 -8.594830123087754473e+05 -1.432821093594250269e+06 -2.559339589290898759e+06 -3.393920371502744500e+06 -2.490764438254114240e+06 -9.071385779173646588e+05 -1.655339969016492832e+05 -4.059022810048214160e+04 -7.973444063711189665e+04 -1.387152291342497338e+05 -2.710296455930816010e+05 -3.948103467418681830e+05 -4.278265298940744251e+05
-8.355046709766611457e+03 -1.788465522602200508e+05 -2.654175474849762395e+05 -2.388949626401881687e+05 -2.332027258750167675e+05 -2.399961237362001557e+05 -2.356153266291948967e+05 -2.359323428000791464e+05 -2.299783620476955548e+05 -1.994446113010053523e+05 -1.749337710949475877e+05 -1.674881461483892053e+05 -1.229450343735516071e+05 -5.594939961505588144e+04 3.534339957986958325e+04 8.802571612352039665e+04 1.802389430408948101e+05 3.172797624082886614e+05 4.350678425387011375e+05 5.337989159146670718e+05 5.237826929436405189e+05 4.804420264280629344e+05 4.753684871844607405e+05 4.281482285918901907e+05 3.115959636858310550e+05 2.583961521615854581e+05 2.818268979925778112e+05 2.674051379782035947e+05 2.207634097311529331e+05 2.244931134846411005e+05 2.415679487361921347e+05 2.413144882523925626e+05 2.887497579364581616e+05 3.132085303310304298e+05 3.030280240747379139e+05 3.229882484432890778e+05 4.077128811000150163e+05 7.122838411389980465e+05 1.764234580064071575e+06 2.832606513158527203e+06 2.188927256865422241e+06 6.920475571934431791e+05 -3.064059050404466689e+04 -1.937511558501878753e+05 -2.059349853076860309e+05 -2.392472119317967445e+05 -4.097658813631301746e+05 -5.690931471053026617e+05 -6.676223842194136232e+05
-4.336237807708674227e+05 -3.796405213305843645e+05 -3.265021513649843982e+05 -2.721648820911649382e+05 -2.106407675484661013e+05 -1.909829431094112224e+05 -1.880482307577039464e+05 -1.333279437461169437e+05 -1.273648170469095930e+05 -1.798961613469872391e+05 -1.540592505960376002e+05 -9.001531872432678938e+04 -7.385986143577611074e+04 -6.239484689460368827e+04 -5.388300009566580411e+04 -8.436106872221000958e+04 -7.784079179109539837e+04 -1.955507843813393265e+03 -2.731160862313117832e+03 -5.105735862976871431e+04 -3.764700539875775576e+04 5.902474782196804881e+03 9.149998232518555596e+04 1.609773674601454986e+05 1.237925705488303211e+05 1.220095596209282521e+05 2.403274967722247820e+05 3.524831323788391892e+05 4.264029195939653437e+05 4.883711061719803838e+05 5.977353295744973002e+05 6.913233347731888061e+05 7.698303754327963106e+05 9.187068210513090016e+05 1.009121059269818710e+06 1.012844328872451559e+06 9.540520018327510916e+05 8.599958005509702489e+05 7.891419821983431466e+05 6.502046565897744149e+05 4.649256538058402948e+05 2.477411971989218146e+05 -8.588470526592526585e+04 -4.167863243687334470e+05 -7.511668273649401963e+05 -1.600173312068796251e+06 -6.568654288381271064e+06 -1.464941920760950260e+07 -2.217796501220812649e+07
1.590200012567220256e+05 1.572299766930518672e+05 9.956899769196764100e+04 1.624695638573030010e+04 2.303750365652376786e+04 4.304942686314461753e+04 -9.016275245230644941e+03 -9.303035943768930156e+04 -1.136911774385954486e+05 -8.044441349338740110e+04 -1.091258122396540130e+05 -1.283700893487550784e+05 -1.113239830234669498e+05 -1.263057045970344334e+05 -1.435987186076817452e+05 -1.151114615952246240e+05 -7.844355043111142004e+04 -1.158839977681054152e+05 -1.445619417235138244e+05 -1.358392884983913391e+05 -1.232942463993093261e+05 -7.807452388922669343e+04 -4.784370634413798689e+04 -7.028609753179061954e+03 9.477038819750203402e+03 -2.583637806994367565e+04 3.520762274070906278e+04 1.778752658280430769e+05 2.198840684405877255e+05 2.175685487000737921e+05 2.916002626472614938e+05 3.489400388585643377e+05 4.174134840790080489e+05 4.958687376711165998e+05 5.783360785531114088e+05 6.997359284214321524e+05 7.014809107140167616e+05 6.976383212467783596e+05 7.752456957328827120e+05 8.463382281613280065e+05 8.723310944731943309e+05 4.604736148758134805e+05 -7.049884812688082457e+05 -3.225387148199390620e+06 -7.578087764779911377e+06 -1.107592370237308182e+07 -6.120948567730334587e+06 5.124663345873015001e+06 1.591802339712726884e+07
-1.564211217974661267e+05 -1.079747695967672043e+05 -8.628660363145166775e+04 -8.718185607751365751e+04 -8.330112042342079803e+04 -6.964984710240969434e+04 -6.972915509948506951e+04 -1.251278731532512757e+05 -1.437670447494021209e+05 -1.097373459109803225e+05 -1.380995279105265508e+05 -1.854816136718728230e+05 -1.960704828059533029e+05 -2.091976051265372953e+05 -2.521473824357962003e+05 -3.065412863920212840e+05 -3.546206948562758625e+05 -3.954981086004407844e+05 -4.288603254361075815e+05 -4.263965327138429275e+05 -3.934464956435835920e+05 -3.520038447892875411e+05 -2.685455847578130197e+05 -2.059340271304242779e+05 -1.995669236700632609e+05 -1.869304397245284636e+05 -1.015092270393506624e+05 7.479268230963498354e+03 4.392459481663582847e+04 6.282532464363565668e+04 9.956006368942302652e+04 1.490716630069080275e+05 2.066499585952265188e+05 2.468003889874669258e+05 2.917025682321400382e+05 3.184413961667451076e+05 2.609559121885099448e+05 1.912445248558656313e+05 2.872973381774495356e+05 4.347391276291442337e+05 4.797904990203105845e+05 5.733247499589927029e+05 7.567441924559513573e+05 1.246981046339502558e+06 1.942895081324969186e+06 1.711141620929406723e+06 2.343152350207595155e+05 -1.101403587167432299e+06 -1.893778527321677655e+06
-1.443157342358608730e+05 -9.819857562746619806e+04 -7.859819228644482791e+04 -8.085427608748420607e+04 -7.909481345646781847e+04 -9.532968104031181429e+04 -9.721158660016953945e+04 -7.226662768487585708e+04 -6.390126425772905350e+04 -8.434664828062523156e+04 -5.926360017445404083e+04 2.872882789873972069e+04 7.352428955608047545e+04 8.974542775133159012e+04 1.591067354034748860e+05 2.460928777311347658e+05 3.143199754357921192e+05 3.639279344130771933e+05 3.675566519409766188e+05 3.801654661368228262e+05 3.961490193978528259e+05 4.222641704816487618e+05 4.617736566404355108e+05 4.518733114146742155e+05 4.126761596198774641e+05 3.788488818053154973e+05 3.876997156016293447e+05 8.911790656275115907e+03 -1.391774328984897351e+06 -2.306965493956521153e+06 -1.243827489205290563e+06 -3.513160662550735287e+04 1.915175845861093840e+05 2.573802052353853360e+05 3.268964527698697057e+05 2.932822414278052747e+05 2.466750878232411924e+05 1.840833930793454638e+05 1.791174870738175523e+05 2.439001539486337570e+05 1.407064977605469176e+05 -3.200917324199667200e+05 -2.572714326558336616e+06 -7.966309181175353937e+06 -8.369590905525879003e+06 1.957897528683819808e+06 1.090973603291469440e+07 1.192639348326103389e+07 1.056621295281109586e+07
-3.620564365191967227e+05 -2.654478574878885411e+05 -1.946161241189111024e+05 -2.236634143569972366e+05 -2.766543754131998867e+05 -2.432783454703167081e+05 -2.206870206038000761e+05 -2.762793071239143610e+05 -2.947127752113738097e+05 -2.360203378106232267e+05 -2.139114077022534329e+05 -1.830249569728039205e+05 -1.406933076583663933e+05 -1.263847028792952187e+05 -8.754238368244841695e+04 -5.906685835740063339e+04 -2.262252623855601996e+04 -6.201948107045609504e+03 -8.575971274985931814e+03 -3.457917775667738169e+03 5.096596849034307525e+03 8.008954204327892512e+04 1.400291794663646724e+05 1.222030667492074426e+05 7.469059670955152251e+04 1.188108281316817738e+05 2.647942737911944278e+05 7.296674603002624353e+05 2.158341578528338112e+06 3.120047346630015876e+06 2.079615401807535440e+06 9.436327563918898813e+05 7.383244129718546756e+05 6.889406776288519613e+05 6.991628844954539090e+05 6.360337103766505606e+05 3.835632100497605279e+05 -4.258311313606053591e+04 -9.294778267410560511e+05 -3.310501085301502608e+06 -8.388456522217646241e+06 -1.300972039559566230e+07 -9.414211120000082999e+06 3.448067020115926862e+06 1.233076418199548498e+07 8.922899484054045752e+06 2.976226204585100524e+06 1.129058771124983672e+06 6.799385740203224123e+05
7.658239301701518707e+04 1.691045808681522030e+05 2.633637543281656690e+05 2.877748603283541743e+05 2.612793933053035289e+05 3.184960213955491781e+05 3.687635809794298839e+05 3.197862171425367706e+05 3.091391235080664046e+05 3.466698392209945014e+05 3.461455408050098922e+05 3.548086434882135945e+05 3.509795566744286334e+05 2.934735969980828231e+05 2.849853143899234710e+05 3.199018942963450681e+05 3.100187365428430494e+05 2.800399368972283555e+05 2.575280792400006903e+05 2.404587079555494129e+05 1.998918921631410485e+05 1.983857137322776252e+05 2.603563859395221807e+05 2.728520266347912839e+05 2.304057672049382236e+05 1.913246835960305762e+05 2.165786539291730151e+05 2.634969632478901185e+05 2.430563773610626813e+05 1.998395763582084328e+05 2.292669141705844086e+05 2.636952905461660121e+05 1.809111268020945136e+05 1.116087651721318252e+05 6.603322990791639313e+04 -1.596479161365998443e+05 -1.032112737521240488e+06 -5.010468348400618881e+06 -1.158754158473688178e+07 -1.094894007108200341e+07 6.935252996459137648e+05 1.157544903720378876e+07 1.273992325501833111e+07 7.700756282593052834e+06 3.147735421095585451e+06 7.916542616588398814e+05 -5.900067506177639589e+05 -1.359385160815719515e+06 -1.802665522014399990e+06
2.385426981415367918e+05 7.521028177405241877e+04 -5.958955817914090585e+04 -5.817103130655596033e+04 -3.397601715405471623e+04 -8.308946437056886498e+04 -8.541081821691477671e+04 -7.961724044347659219e+04 -8.595860491419455502e+04 -7.420204291731351987e+04 -7.850309889094217215e+04 -9.949566841649363050e+04 -7.750975024915527320e+04 -2.983702302735764533e+04 -1.548508354375371709e+04 -1.035245556267903885e+04 -2.200840533972950652e+04 -2.699242841859813780e+04 1.029177312157116830e+03 5.159646687970962375e+03 -1.133710827154561412e+04 1.041624473873537499e+04 6.202352838707168121e+04 6.573128039482986787e+04 4.861178862454841146e+04 3.300230450666282559e+04 4.246043001854571048e+04 4.468933998112345580e+04 1.686425400374003220e+04 -3.460759971960238181e+04 -2.193751929773127777e+05 -4.941008273657663958e+05 -1.012111220917725004e+06 -2.116874693736604881e+06 -4.000448268695912324e+06 -6.337573245823434554e+06 -7.052450168897626922e+06 -2.114842730312379077e+06 7.492003116783719510e+06 1.142282498786251992e+07 6.560850967602434568e+06 1.901661713018850656e+06 6.840147312640310265e+05 4.186335756207704544e+05 4.202298773924130946e+05 5.813818805405739695e+05 8.139320447196974419e+05 9.716566449333885685e+05 1.045609690264083445e+06
-2.516595860710355919e+04 -3.690500446711666882e+04 -4.480388933792698663e+04 -4.280938053823786322e+04 -4.500941015518037602e+04 -7.048026618489518296e+04 -7.261306361295282841e+04 -6.455962391162768472e+04 -9.344266155181685463e+04 -1.067185756558319554e+05 -6.128250039182591718e+04 -3.146620806714060018e+04 -5.962012018106173491e+04 -3.670209245115984231e+04 -2.371970716019859537e+04 -1.908025030686979881e+04 2.225250951043562964e+04 -7.974237728049047291e+03 -3.230030360602540895e+04 -2.967540949466638267e+03 7.488708359014824964e+03 2.896810149046377046e+04 7.683301853190653492e+04 5.066906699736148585e+04 7.498397013696376234e+03 4.742470550670975354e+04 7.750153318716911599e+04 7.391405260888871271e+04 7.333638272422819864e+04 5.066860704711859580e+04 -1.862002230744098779e+04 -1.772078206075833295e+05 -5.151282608159827651e+05 -1.372716144283473492e+06 -2.673260320620613638e+06 -2.430191996355136856e+06 3.075029162646462210e+05 2.620447473868266679e+06 2.676988491688099224e+06 1.765665237488860730e+06 9.565252211637548171e+05 4.219876262170174159e+05 6.759051908826222643e+04 -1.832887514831977896e+05 -3.517398070203489624e+05 -5.282159235011189012e+05 -7.284660972474396694e+05 -8.087343036607472459e+05 -7.843338630624767393e+05
-5.162535800714953803e+04 3.516982069355424028e+04 7.734679310553485993e+04 5.610817885230062529e+04 5.302391617762623355e+04 7.565436761680745985e+04 7.507719334855210036e+04 3.820155903726117685e+04 -9.364442913792910986e+03 4.889506315230391920e+03 4.836523525882512331e+04 5.268357915425440297e+04 2.853598002839135006e+04 -2.257580375502584502e+04 -1.066098748560762033e+04 1.855907041957834736e+04 -1.660888704122044146e+04 -4.442497302166884765e+04 -6.773092696646926925e+04 -1.199015905155101791e+05 -1.895313006016652798e+05 -2.263900067831852939e+05 -2.727446197552495287e+05 -3.373085786882436951e+05 -5.215098876898997114e+05 -7.934194720897350926e+05 -9.616226122510852292e+05 -1.226347181498715654e+06 -1.708215921708322363e+06 -2.196234069191269111e+06 -2.633425195855377708e+06 -2.911958699149841443e+06 -2.496369857352123596e+06 -6.934729332316834480e+05 2.718572523424234241e+06 5.612129429762129672e+06 5.271217164080582559e+06 3.002813385468331166e+06 1.468976736082114512e+06 8.891277920507104136e+05 6.319730279548096005e+05 5.140540642116696108e+05 4.640628110757083632e+05 4.003499115240992978e+05 2.968286787581755780e+05 1.171366291781300679e+05 -1.505703636084236205e+05 -4.472569060538047925e+05 -7.284394596723606810e+05
-2.315816389018431073e+04 -1.349827228035429143e+05 -1.914564588011126034e+05 -1.873719372198683559e+05 -1.690262352867284790e+05 -1.266758069358184002e+05 -1.278807615669211082e+05 -1.357658211744274304e+05 -7.955812389176583383e+04 -4.243525206809861993e+04 -3.047790303855435923e+04 -3.059652797499438020e+04 -2.931761616986476292e+04 2.056576596078229340e+04 5.236678039684191026e+04 2.717181871528734337e+04 1.690747656946768257e+04 6.777528676961080055e+04 9.760986202716591652e+04 4.549714316031893395e+04 3.230888757359926240e+04 7.593445377075119177e+04 1.060457808984212752e+05 1.241123785919625661e+05 1.188852914312154753e+05 1.107962046915781102e+05 1.135780113053624518e+05 1.101801338058432448e+05 1.332923045169444522e+05 1.657083444477757439e+05 1.478448999248212203e+05 9.247181397571670823e+04 9.439030818059132434e+04 1.180026053878827952e+05 8.728562568401673343e+04 9.032812033023196273e+04 1.332825763997971080e+05 1.499020693529749988e+05 7.874757857585814781e+04 -4.461321268172468990e+04 -2.106593994825392729e+05 -4.026088054201683262e+05 -4.724267849183512153e+05 -4.503799507120864582e+05 -4.948055000204480020e+05 -6.314867475815099897e+05 -9.458576510456659598e+05 -1.396376120464694221e+06 -1.829185854195064865e+06
3.475370493120861938e+05 2.854958593452466303e+05 2.550249915447784006e+05 2.368880079564405023e+05 2.079819093845435418e+05 1.781900219910312444e+05 1.306055232274229638e+05 1.518287237163169775e+05 1.630750949645881774e+05 1.040748860413441435e+05 1.427449533442270476e+05 1.700691607128829928e+05 1.509891431490540272e+05 2.049493620713474229e+05 2.135113528772490099e+05 1.913457043646487873e+05 2.362663523817900568e+05 2.927842056367078330e+05 3.027700349668157287e+05 2.816593864894821309e+05 2.757857876803609543e+05 2.976674547389845829e+05 2.995206149548180401e+05 2.644826796569395810e+05 1.878385923453606665e+05 5.104814557445934042e+04 -2.324473087364467792e+05 -1.024277297918454045e+06 -2.762447971955983434e+06 -4.918453789838825352e+06 -5.254178159756703302e+06 -2.920945235403477680e+06 -1.292461450604656711e+05 1.517356925818892196e+06 2.151273180007119197e+06 2.203243783471989445e+06 2.010102774885016028e+06 1.748104508550608065e+06 1.467197236421925714e+06 1.123713121479373891e+06 7.935819542981337290e+05 5.825831198331451742e+05 4.604846618679573294e+05 3.971079287317119306e+05 3.228813547230686527e+05 2.107218085133347195e+05 6.564728152559744194e+04 -1.243947494315197691e+05 -3.235161069763079286e+05
1.464124513420390431e+05 1.330504464180559153e+05 1.033015476964646950e+05 1.103460560663370416e+05 1.526948284020181745e+05 1.694417983377934434e+05 1.720856647321488126e+05 1.734485499589937972e+05 1.890257873944939638e+05 2.023807871670578024e+05 2.103807271303959424e+05 1.846947111861665617e+05 1.663169523849500692e+05 1.682627418736228137e+05 1.448352668929146021e+05 1.680463808024071332e+05 1.332569351431449759e+05 3.451336189638817450e+04 1.450020433025201783e+04 -4.056547454529203242e+04 -1.559396637277673581e+05 -2.776406964752824861e+05 -4.555607635242639808e+05 -6.958094072641679086e+05 -1.052113079319243087e+06 -1.504696934252568521e+06 -1.800633122063881950e+06 -1.481925364997880999e+06 2.122389324221820571e+05 3.007558565073709935e+06 4.475456107384232804e+06 3.422450376706253272e+06 1.675393239145060536e+06 6.706415551598188467e+05 2.546515197950061411e+05 1.382474171288823709e+04 -1.201409045921168290e+05 -1.360786343785007484e+05 -2.870114881466720253e+05 -6.406693949399031699e+05 -1.081521262249447871e+06 -1.915167634247335140e+06 -4.073557950710517354e+06 -7.833038022602300160e+06 -9.957813090227738023e+06 -7.307148339811226353e+06 -2.288164022081164643e+06 1.142605039523020387e+06 3.125303431347385049e+06
2.629838386605841806e+05 2.512143427404225804e+05 2.242796010125311441e+05 2.347101982968160883e+05 2.548884572100359946e+05 2.000551717510097660e+05 1.820004910216083517e+05 2.151128961204087827e+05 2.125168470232166583e+05 2.020286550934541738e+05 1.824512002931442112e+05 1.561583439065725543e+05 1.407066830672556534e+05 1.178130874995258637e+05 8.880815429816721007e+04 5.741199262556619942e+04 4.635803705285070464e+04 2.542151804693276063e+04 7.115138011576840654e+03 3.635074115882162005e+03 -2.125327991961734369e+03 -2.107350250997138210e+04 -5.231021430721762590e+04 -5.580405306289297296e+05 -6.236987282575303689e+06 -1.033939397573005408e+07 -3.305516921161879785e+06 3.043264851632708684e+06 3.548112642433842644e+06 3.508212029255225789e+06 3.049579655090056360e+06 2.392709240460827947e+06 1.752480967455784325e+06 1.205121325892396970e+06 7.677973848197131883e+05 5.085238636605209904e+05 3.737965093742238823e+05 2.134040379690127447e+05 -2.748993558192143682e+05 -1.289910170661747688e+06 -2.810374959336780943e+06 -4.454758253995388746e+06 -4.313733095489431173e+06 -3.684197823155876249e+05 4.175115707473881543e+06 4.391404302129219286e+06 2.025372505877743242e+06 7.029790872967009200e+05 2.314266425729021430e+05
4.212178719081566087e+05 3.122579217932070605e+05 2.376673562993528321e+05 2.493798711514681345e+05 2.458567552585736848e+05 2.164965985630988143e+05 2.743201622902414529e+05 3.116029581468320685e+05 2.872607266090929043e+05 3.011030656917137094e+05 3.295606541185409296e+05 3.787896497259498574e+05 4.168254477457955945e+05 3.955792209869830403e+05 4.164861895021749660e+05 4.114820022048661485e+05 3.002719800153868273e+05 5.130090024817036465e+04 -9.493748668831537943e+05 -4.363674955837193877e+06 -8.469212778465865180e+06 -7.980043058316503651e+06 -3.877011475891638547e+06 -5.221055677675791085e+05 6.408546914975473657e+06 1.150211827966151573e+07 5.399033602308455855e+06 -1.065616113823489286e+05 -1.199263678622080479e+05 -1.703123372976551764e+05 -2.025361638757749461e+05 -2.326660941782764858e+05 -2.555763274958016118e+05 -3.076198630876020761e+05 -3.836420895435729180e+05 -4.103802206489489181e+05 -3.725057554099473055e+05 -2.983059951997716562e+05 -3.683186488566565095e+05 -7.151598266206545522e+05 -1.241036283884609351e+06 -1.480602645195907447e+06 -4.035418006780662108e+05 1.525979131482028402e+06 1.870934151382833719e+06 1.171742593400991755e+05 -1.471603841841576155e+06 -1.668464447192963213e+06 -1.285452560694508255e+06
8.839782039081904804e+04 7.878672071354236687e+04 5.420351848093565786e+04 1.636818658676929772e+04 -1.178419643401866779e+04 -1.631701144244289026e+04 -8.324112178524956107e+03 5.242535983270558063e+03 4.052650339435786009e+03 -3.828793089603999397e+04 -6.746817013394320384e+04 -7.505647069105179980e+04 -1.437005449860588997e+05 -2.507217843862598820e+05 -4.209588780498596607e+05 -8.480214925305347424e+05 -1.797862167896527797e+06 -3.202294533190141432e+06 -3.401806565164295956e+06 4.571802161107189022e+05 5.993888848772025667e+06 6.644546913824151270e+06 3.237540071704139933e+06 8.733582863412466832e+05 4.042911258584260941e+04 -6.562141509776101448e+05 -1.393474727975845803e+06 -1.745492375398465432e+06 -1.424420202362526907e+06 -7.833049725496658357e+05 -3.643852624809374101e+05 -2.411962564990976825e+05 -3.481035371770857600e+05 -7.524557841639019316e+05 -1.977140758055614773e+06 -4.462224812338528223e+06 -6.423528292923874222e+06 -5.754186843306826428e+06 -3.494927698052491061e+06 -1.128125632180597633e+06 1.614106996710779145e+06 4.665604206846322864e+06 6.100807482107467949e+06 4.754636711724158376e+06 2.860635879159973469e+06 2.551517719375835732e+06 2.748112488809278235e+06 2.329511964824632276e+06 1.691149401995891705e+06
-1.582678341263090260e+05 -6.604882927116705105e+04 1.063221508549747523e+04 2.247318709007231519e+04 -4.904937872779555619e+03 -3.336755656375316903e+04 -5.063711397931911051e+04 -6.155024425039312337e+04 -1.148128207572152605e+05 -2.634926908559281146e+05 -5.270648056932266336e+05 -8.713204041728751035e+05 -1.304318314213014208e+06 -1.780877207181182923e+06 -2.041006631536583416e+06 -1.707877959427714814e+06 -5.250687647468317300e+05 1.462601013291568030e+06 3.107618522485135123e+06 3.019121098227332346e+06 1.844201453994899523e+06 9.730145212542249355e+05 5.922971353988407645e+05 4.558528837008633418e+05 5.199171233602102729e+05 8.654014662146787159e+05 1.309408685892704409e+06 1.351210099581224145e+06 7.617644869055966847e+05 -1.861020271907928400e+05 -9.964147029060388450e+05 -1.603382877576519735e+06 -2.228546893373139203e+06 -2.694452381340377964e+06 -2.386862697299217805e+06 -4.597475647140590008e+05 1.884779702073140536e+06 2.222462989923955873e+06 1.181588705729520414e+06 3.657262060634083464e+05 -1.016238587207061064e+05 -2.759896369196944870e+05 -2.796976872908991645e+05 -2.676276450711888028e+05 -2.303451819423941779e+05 -2.634446330121129286e+05 -3.595292043572416878e+05 -3.771864282188464422e+05 -3.424130550085033756e+05
-7.452190055104438215e+04 -1.323678468324942514e+05 -2.322742981760528637e+05 -5.280235145718326094e+05 -1.170393174638738856e+06 -1.866714084553531837e+06 -1.990782780485750875e+06 -1.542514165560715133e+06 -1.061455913834799081e+06 -7.289120406616711989e+05 -4.325473721572775394e+05 -3.318073841626802459e+04 5.138484502714704722e+05 1.098674595071933698e+06 1.572976166883890517e+06 1.771792786485166987e+06 1.684350150330866687e+06 1.412133404344203416e+06 1.089149341072188225e+06 8.568539746373422677e+05 7.066587584116489161e+05 5.478990809578675544e+05 3.840042649232789408e+05 3.150913853233212139e+05 2.795102602257973049e+05 1.801521878669154830e+05 4.678457279049302451e+04 -1.199103881462363061e+05 -3.423353036039038561e+05 -6.982135594298602082e+05 -1.260334902810280211e+06 -1.992204376886663958e+06 -2.576373430274261627e+06 -2.416199517346395180e+06 -1.364228701910756994e+06 -1.423258532336913049e+02 1.078076299559908453e+06 1.486287424778277287e+06 1.180579582604114898e+06 6.183370866943716537e+05 1.643027010225327685e+05 -1.040057685371714178e+05 -2.592025668328271713e+05 -3.482869662283344660e+05 -3.135053055905164219e+05 -2.709524969162878115e+05 -3.414662052973301616e+05 -4.416735560441138223e+05 -5.171167458087364212e+05
-8.467135226514070528e+05 -8.023880093466141261e+05 -6.721816106658661738e+05 -3.527923881023887079e+05 2.898767698928713799e+05 1.010799369257874321e+06 1.125210057410003617e+06 6.816177838150176685e+05 3.202350524600482895e+05 1.425802620165631524e+05 4.504476794099784456e+03 -4.687550275703077205e+03 2.917036440834635869e+04 1.802969420707086101e+04 4.791516687575494871e+04 8.407390590524306754e+04 1.151920900418189703e+05 1.709541810661903583e+05 2.300666039751375793e+05 3.320840468449748587e+05 3.891651868022740819e+05 3.797566069656750187e+05 4.150889788236243185e+05 4.451476018028911203e+05 4.681916431061106268e+05 4.277061000690443907e+05 1.535394316251035780e+05 -5.228404435006096028e+05 -1.824156063549449202e+06 -3.223364579640911892e+06 -3.164073339374155737e+06 -1.220886505265070358e+06 1.076305998552997829e+06 2.367687711516626179e+06 2.456285772246481385e+06 1.920552935101732844e+06 1.375126738706602249e+06 8.795561872684645932e+05 4.602526880402006209e+05 1.201093597331782803e+05 -2.034323563808011822e+05 -3.415581448993184604e+05 -3.231864687456977554e+05 -3.273195936370766722e+05 -3.319377299182820134e+05 -3.284877614569258876e+05 -3.809260966026352253e+05 -4.479958235900250729e+05 -4.944962790867332369e+05
3.591685985447722487e+03 -1.376819703727960587e+03 -2.409551477059721947e+04 -3.838002604752546176e+04 -3.527954741846770048e+04 -6.321013214765116572e+03 8.074677606899058446e+04 1.498457714397227392e+05 1.706728870834923582e+05 2.221935316035524011e+05 2.906183305059678387e+05 3.076954325273984578e+05 3.422626424845656147e+05 3.811224225224576658e+05 3.048978595077641075e+05 2.098052035135334299e+05 2.126437980070477352e+05 1.614246342779368861e+05 3.394630039547337219e+04 -4.962153213855338981e+04 -1.246438228664916242e+05 -2.718622700410199468e+05 -4.816608706783162779e+05 -6.656000849470723188e+05 -7.942468352327704197e+05 -8.780565230539646000e+05 -8.840720596601017751e+05 -3.921443970210393891e+05 1.111401862628112547e+06 2.978539332071961835e+06 3.648586975104989950e+06 2.822064848759327084e+06 1.673440563049234916e+06 9.789387195243039168e+05 6.181977190563334152e+05 3.646483545436058193e+05 2.337584252445967868e+05 1.245096914269383997e+05 -1.592953011739877984e+05 -5.358237902348618954e+05 -8.000956783173047006e+05 -9.595011850912133232e+05 -1.151744837579896674e+06 -1.282221087971705012e+06 -1.285711531134731602e+06 -1.276335799081422156e+06 -1.196230373351719929e+06 -1.078079331025071675e+06 -9.986702725101858377e+05
-1.217260796533080284e+05 -7.174879645433975384e+04 -1.463546716811833903e+04 2.317376366438111290e+04 5.704577722528483719e+04 9.091121483303140849e+04 7.280155348504194990e+04 1.158922011675897520e+05 1.856200466427253559e+05 1.799181175755801378e+05 1.942575488024161896e+05 1.836375828133898322e+05 1.614271760775591247e+05 1.646812797390157357e+05 1.629423051653429866e+05 1.445439126552082598e+05 8.600367239647335373e+04 5.382902676996309310e+04 2.528937357594259083e+04 -3.447500528651289642e+04 -1.650180992833331693e+05 -4.052373787024409976e+05 -7.368449612942653475e+05 -1.195594514217226068e+06 -1.524995410972041776e+06 -1.534451473001681268e+06 -1.240210204208559357e+06 -5.557654793749689125e+05 1.660654774273270741e+05 6.212995544858863577e+05 8.810235529401684180e+05 9.602225252558143111e+05 9.049424934349408140e+05 7.775098714427440427e+05 5.946276259436847176e+05 4.243460790152312256e+05 3.650381376722361310e+05 3.381250917134464253e+05 2.611932267338853562e+05 1.582068338411041768e+05 1.458246731228434946e+05 2.317350214402542915e+05 2.875323921974624973e+05 2.963216093750093132e+05 2.328140158386679832e+05 7.397225883585610427e+04 -1.965156822808806319e+05 -4.539028667734211776e+05 -6.289374277664944530e+05
2.812669380218721926e+05 3.866858330648393603e+05 4.719295335805508075e+05 4.568204863270511851e+05 3.867522738894331269e+05 3.971504320792153012e+05 4.060984244479911868e+05 3.414647548977520783e+05 2.738223942363401875e+05 2.107569579037954099e+05 1.152904197110910900e+05 -3.258394890232011676e+04 -2.221118486908380874e+05 -4.709483858395831194e+05 -8.019741583496211097e+05 -1.120327728358389111e+06 -1.318273673420481617e+06 -1.378351714171876200e+06 -1.322549247468995862e+06 -1.157483231420919532e+06 -8.732032279501429293e+05 -5.149863075127350166e+05 -9.048620700981724076e+04 5.211765124698267318e+05 1.251316339286278002e+06 1.672909007088163868e+06 1.589403256429358153e+06 1.236829631380389677e+06 8.291245566282310756e+05 5.137477112529445440e+05 3.276437595492464025e+05 2.029118759519767482e+05 1.067508444568384439e+05 -4.109363942989148200e+03 -8.180650539899943396e+04 -8.689091678097634576e+04 -8.801525565737369470e+04 -1.100183933231167030e+05 -1.404823997989296913e+05 -1.230018164930511266e+05 -3.723092111176787876e+04 2.169671657087747008e+04 9.712735791632416658e+04 1.994903711279046256e+05 2.120982517587260809e+05 1.943356645415762905e+05 1.237879530282220803e+05 -2.491057096281927079e+04 -1.736355725803850219e+05
-2.554538030549883260e+05 -1.476721046539023519e+05 -6.299600699334405363e+04 -2.793128100718604401e+04 1.098338145471643656e+04 2.196411502809502417e+04 -1.304597784182988107e+03 3.711388739960972453e+04 9.840611245628679171e+04 1.402295488817616715e+05 1.812304164143280650e+05 2.522072128785658279e+05 3.895734590408391086e+05 5.204858866904394818e+05 6.815726499489389826e+05 9.094745251527645160e+05 1.033784817040432594e+06 1.019002209757163189e+06 8.705426280200479086e+05 6.943433095832006074e+05 5.528820257788174786e+05 3.184220908934366889e+05 9.786949111003195867e+04 -1.086505564861046150e+04 -6.775972621602704749e+04 -1.251818760760943405e+05 -2.247709802055032924e+05 -2.686617744606342167e+05 -2.624003378400811926e+05 -2.692957807710622437e+05 -2.820352164222281426e+05 -3.116336687590233050e+05 -2.836161665632980876e+05 -2.648504001530818641e+05 -3.126410039051549975e+05 -3.422449510937437881e+05 -4.277989891046311241e+05 -5.353500606704629026e+05 -5.413936420643584570e+05 -4.799444913669127272e+05 -4.065520878776446916e+05 -4.201761734604954254e+05 -5.177933637364171445e+05 -6.293217340332937893e+05 -7.134406763740127208e+05 -6.632109990931330249e+05 -5.132182182298857952e+05 -4.148161770953439409e+05 -3.702087552982191555e+05
1.354243223977390444e+05 1.357668263811501674e+05 1.092885870774625218e+05 8.551230550336182932e+04 1.013440170022659004e+05 1.151770289576961513e+05 1.412962448023608304e+05 1.456170503748581104e+05 1.127836853044574091e+05 1.476693843823158531e+05 1.885119834789657616e+05 1.492573684564560244e+05 1.159771205770084052e+05 1.532616088062058552e+05 1.783518767275381251e+05 1.635328289089376922e+05 1.455774609552464681e+05 1.517004966302191606e+05 1.900513686556949979e+05 1.540195794258033857e+05 1.238739256031111581e+05 1.043327645433597500e+05 -3.207170878013130277e+04 -1.643629927191064926e+05 -2.410279061624897877e+05 -3.385472188450508984e+05 -4.690619560424239025e+05 -6.173297664814174641e+05 -6.407703667474561371e+05 -4.956151798728382564e+05 -3.866422156544284080e+05 -3.493441225428254111e+05 -2.812967949933969649e+05 -1.752731015515746549e+05 -5.554977744352037553e+04 -3.581885073421290144e+04 -1.897027188187355641e+05 -3.082113506586761214e+05 -1.825817304314118810e+05 4.727936327515612356e+04 2.661236470277088229e+05 5.364301807960142614e+05 7.825263970470383065e+05 9.234976676054085838e+05 8.696256916999141686e+05 7.120809347188313259e+05 5.729627107208946254e+05 4.012245971011002548e+05 2.166556975420028903e+05
1.158995085291099094e+05 -4.818483706447298755e+04 -1.321434490708633966e+05 -7.751388445612968644e+04 -5.910870885418262333e+04 -9.971831176691919973e+04 -7.988814485492181848e+04 -8.286381753161561210e+04 -9.915983166312804678e+04 -1.250797136579057551e+05 -1.658567744743778603e+05 -1.761030526773539023e+05 -2.401822015288052498e+05 -2.921578478559966898e+05 -2.893866500508737518e+05 -3.237512268213324714e+05 -3.686439414031337947e+05 -3.898132314265239984e+05 -3.763635703406177927e+05 -2.942818813610936049e+05 -1.534260349988474045e+05 -3.259535152581520379e+04 8.156388192466716282e+04 2.480574655655070674e+05 5.141706837812676094e+05 7.790504274508561939e+05 8.988225008119477425e+05 9.635181404952908633e+05 9.335190889437217265e+05 8.362125674675912596e+05 7.331171172324685613e+05 5.175115614326200448e+05 2.447989788273132872e+05 5.311938063794537447e+04 -3.739638265717076138e+04 -2.049919228593348525e+05 -5.723411426751415711e+05 -9.370896030950841960e+05 -9.835098946391372010e+05 -7.517821896853253711e+05 -4.861817140708441730e+05 -2.467236841210994171e+05 -1.246044398081718246e+05 -1.422691275842958130e+05 -1.897859657468508231e+05 -1.838243291361136362e+05 -1.746557577929347754e+05 -2.819783491140675033e+05 -4.521781846787729301e+05
1.223819760442710685e+05 1.786843399016652256e+05 1.750311248711659282e+05 1.161418304979451495e+05 1.358289894720655866e+05 1.496627748006721959e+05 8.183655277389333060e+04 1.780170975107460981e+04 -6.295267379493446788e+04 -1.484057577428756631e+05 -2.427041522978109133e+05 -3.340660372452113079e+05 -4.290038046959669446e+05 -5.422550531395243015e+05 -6.170527063551705796e+05 -6.723026533529633889e+05 -6.383278183100630995e+05 -5.034975355642379727e+05 -3.353696683564337436e+05 -1.487107350505536888e+05 -1.507859186764108017e+04 9.626283849414903671e+04 1.805384817637971137e+05 1.822003607198714744e+05 2.290491673667565919e+05 2.590876454129465856e+05 1.680369747299116571e+05 1.359867925135770347e+05 1.844980417034819257e+05 1.926411608257330954e+05 1.685093344005874824e+05 1.805784599430630915e+05 2.272844722782616736e+05 3.201078644848889671e+05 4.479553563756054500e+05 4.755315365511340788e+05 3.298250596009886940e+05 1.546649760127186601e+05 2.403045951729283843e+05 5.501060704767572461e+05 7.553733809298153501e+05 8.499476355838133022e+05 8.654989591796742752e+05 6.913547225997899659e+05 4.408557238266821951e+05 2.857570095785188023e+05 1.901030489167897031e+05 7.437832309049647301e+04 -4.897091320017445832e+04
-3.032623711787164211e+05 -4.027553401514887810e+05 -4.881994469620985910e+05 -5.274364684370812029e+05 -5.624711458315141499e+05 -5.819088678224941250e+05 -5.823019769423990510e+05 -5.779317731218184344e+05 -5.150602850207365118e+05 -4.211173816717923619e+05 -2.736756429998786189e+05 -9.700284507300285622e+04 9.743267260753782466e+04 3.494582660039304756e+05 5.716307577039692551e+05 7.330506573806642555e+05 8.378212091393657029e+05 8.769694851851086132e+05 8.418219557564586867e+05 7.503197998760150513e+05 6.288389272172925994e+05 4.606611434425570769e+05 3.015586686288594501e+05 1.384573596468548349e+05 1.376600413961557206e+04 5.161597675760218408e+03 -4.451113250717779738e+04 -1.297518888337074022e+05 -1.232159514576779329e+05 -8.166985015675885370e+04 -6.672905638319201535e+04 -1.042275623918980709e+05 -1.030796520339214476e+05 -1.824638138845353387e+04 1.550091357989008538e+05 2.602178961064783507e+05 -6.197417302813980496e+04 -4.360317457476056879e+05 -3.175085138724541175e+05 1.317546094793938100e+05 5.541538996426995145e+05 7.609597438885257579e+05 8.123148512068997370e+05 7.203554515208819648e+05 5.787079805502447998e+05 5.401525959742125124e+05 5.118208316384702921e+05 4.610552201920645311e+05 4.223377094790255651e+05
-2.556625455143511062e+05 -3.850530368552427972e+05 -4.589583954878615914e+05 -4.239722499216439319e+05 -3.144584649280295707e+05 -1.747714323955005966e+05 -4.382032221707049757e+04 6.715236320596898440e+04 1.530972798081347137e+05 2.017900596550315386e+05 2.113897287612782093e+05 1.996093594669947634e+05 1.922440839611225529e+05 1.604198632959740935e+05 1.003443324161344208e+05 8.154074043792206794e+04 4.774015025090205017e+04 -4.586519644712097943e+04 -9.022440421744249761e+04 -1.243709931406192482e+05 -1.895551346195857041e+05 -2.433073667038115673e+05 -3.083892884157836670e+05 -3.448347982193808421e+05 -3.756823385838652030e+05 -4.110189776873447117e+05 -3.910579054758998100e+05 -3.716313252301195171e+05 -3.317194305278827087e+05 -2.887897006398997037e+05 -2.940169341221916256e+05 -2.536940066734676948e+05 -1.799993127086791210e+05 -8.720060050109191798e+04 2.100069794934833189e+05 5.008775371764199808e+05 2.526070623844846850e+05 -1.520613780446003657e+05 -1.928252864047046751e+04 3.995360718661675928e+05 6.915812398889124161e+05 7.933405558616518974e+05 7.105328667853589868e+05 5.424281032339788508e+05 3.916478085392750800e+05 2.904201236271173693e+05 -3.355521038473562337e+06 -1.055563036490863003e+07 -1.773802478636999801e+07
3.459534275109760929e+05 4.839877326184069389e+05 6.057735767535630148e+05 6.304653366855926579e+05 5.729463581071468070e+05 5.213742887915575411e+05 4.193346676352665527e+05 2.571359209719230421e+05 1.368409743430677336e+05 7.088354601903120056e+04 1.446662367292447016e+04 -3.849074418249074370e+04 -8.682589579635532573e+04 -1.161443156443419866e+05 -1.255944306711899117e+05 -1.757312577427367214e+05 -2.022667466313581681e+05 -1.851229962561045540e+05 -2.225577669893391430e+05 -2.689765490117132431e+05 -2.865051333879814483e+05 -3.114589252136647119e+05 -3.423522833175963024e+05 -3.495113802826380124e+05 -3.779639219152159058e+05 -3.937673143928986392e+05 -3.335003135810254025e+05 -2.739139191352301277e+05 -2.571792622981591267e+05 -2.390773345276828622e+05 -1.886163345412933268e+05 -1.306543851914466359e+05 -7.791853990551375318e+04 1.940013119019544683e+04 3.527051262598261237e+05 6.717916188648082316e+05 4.826471207806012826e+05 1.726994891415236634e+05 2.517703080284984317e+05 5.155754698361838236e+05 6.124980422327652341e+05 4.110746305418456323e+05 -2.283982145221665269e+05 -1.704394015942537226e+06 -4.099734247604496311e+06 -5.980690884753405116e+06 -2.208521984235524666e+06 6.148065732190938666e+06 1.431588171631461196e+07
1.041931749836658128e+05 1.513495163232437335e+05 1.623683727422030643e+05 1.256677210348425433e+05 1.108609483620966785e+05 9.775737672840472078e+04 6.563218449329724535e+04 4.078378122270805761e+04 -7.522742881556041539e+03 -4.528918966447236016e+04 -5.464803513983497396e+04 -6.080499497591517866e+04 -8.243971216550556710e+04 -1.237797256084740511e+05 -1.273635682466555736e+05 -1.127760128554655821e+05 -1.320678161262185313e+05 -1.666601602907757624e+05 -1.965595403104088327e+05 -2.006966573192038923e+05 -2.152042504202105047e+05 -2.334071543105527526e+05 -2.340032598999100155e+05 -2.647133511226273258e+05 -2.920108027823152952e+05 -2.969276449663446983e+05 -2.627862532119613606e+05 -2.126829461535091978e+05 -1.899891227757324232e+05 -1.667103246314215939e+05 -1.571042951330309734e+05 -1.227215483007600997e+05 -6.025943477288866416e+04 2.049835678888461553e+04 3.452952301042396575e+05 7.301382793282383354e+05 6.232048695464606863e+05 3.192365331749903853e+05 3.005029249392097117e+05 3.644614783333953819e+05 2.435598844813642208e+05 -1.670466547302181134e+05 -7.558862275193657260e+05 -9.631572825525663793e+05 -2.823583199264993891e+04 1.648104587156553753e+06 2.470207685767095070e+06 2.246867931963931303e+06 1.825352206789787859e+06
-3.707294781605013122e+04 -4.153781845554476604e+04 -3.783620213303947094e+04 -2.674815413396571603e+04 -2.128853002068353817e+04 -2.688672739721368271e+04 -3.432549803081199934e+04 -2.611242070968728149e+04 -1.554511325230124203e+04 -1.815826284902868065e+04 -2.536661831225503556e+04 -3.120809717860539968e+04 -3.307593951176384871e+04 -3.397319236362817173e+04 -3.327392584527841245e+04 -2.391254819813184440e+04 -1.365706943179247901e+04 -3.843226780008990318e+03 1.267255132290301844e+04 3.231992026267106121e+04 5.656147859990583675e+04 9.125058791221823776e+04 1.387812124961058435e+05 1.807328742550451716e+05 2.016737464419565513e+05 1.890909688107785478e+05 1.445701016715609294e+05 9.707831395440752385e+04 4.795131807972223032e+04 -1.729361844190920237e+03 -4.044664318149437895e+04 -8.106411858985701110e+04 -1.354222448894873960e+05 -1.824934056599157047e+05 -1.497686235402940947e+05 -2.010222893554595939e+05 -8.997079829769814387e+05 -2.165187205802071374e+06 -3.021925037461039610e+06 -3.010776142764944583e+06 -2.430470129534369335e+06 -1.431189965134262107e+06 9.392287117079831660e+04 2.010489231413242407e+06 3.614969693388266489e+06 3.989479091821111273e+06 3.232578736075376160e+06 2.455102655362859368e+06 1.976022332711971365e+06
3.388189547957152536e+04 4.681970041565364227e+04 4.822602262080179935e+04 4.149770828109465947e+04 5.196069691446609795e+03 -5.243730627960756101e+04 -6.650532081286652829e+04 -6.401041020377311361e+04 -7.467479197977812146e+04 -8.960304978158090671e+04 -9.754310278600320453e+04 -9.075425353425095091e+04 -7.210812287725272472e+04 -5.717874322435818613e+04 -5.697016342048300430e+04 -3.656013164902105927e+04 -6.136025264277064707e+03 2.190881425049155951e+04 5.327207999245729297e+04 7.658260899130254984e+04 1.045046423352321144e+05 1.437863773427671113e+05 2.056427860091211332e+05 2.914943165273867780e+05 3.740160918468610034e+05 4.164768150489542750e+05 4.032009734597520437e+05 3.756913584936417174e+05 3.460064354876521975e+05 3.102143351078848355e+05 3.042075723264131229e+05 2.747003727691480890e+05 1.951004334469335154e+05 -2.223939182032993995e+04 -9.814620418704027543e+05 -1.753781263757845853e+06 -1.032694673511943547e+05 2.536788927074817475e+06 3.072453593460668810e+06 1.808496594928141683e+06 4.401844660262530670e+05 -4.448789468620065600e+05 -8.448941879349853843e+05 -7.874630628278832883e+05 -4.788017487808265723e+05 -4.311040930688600056e+05 -4.402410434078774415e+05 -5.204681958712637424e+04 5.033264493598844856e+05
