1.466528110143075755e+05 1.412403525776630850e+05 1.714137414083461044e+05 2.266774124306539306e+05 2.241120315925831674e+05 1.812431399885735591e+05 1.839088241556669818e+05 2.124131337478003697e+05 2.003692000739511568e+05 1.503688094702601666e+05 1.175269764054565458e+05 1.254137581998519599e+05 9.414499296163744293e+04 3.834764360703947023e+04 -1.680386890417151153e+04 -7.015533014946873300e+04 -1.151498802384412847e+05 -2.122687393191198353e+05 -2.371655746340911137e+05 -2.360183327819958795e+05 -3.111477668030050118e+05 -3.275791714873546152e+05 -3.033416235704004066e+05 -2.909322371921871090e+05 -2.464673582288421458e+05 -1.897282044232906774e+05 -1.820339894770495303e+05 -1.447031603904181393e+05 -8.012753877419536002e+04 -8.255971006239182316e+04 -4.311648667095165001e+04 -1.619109465557383373e+04 -4.675522637480776757e+04 -2.036157773784006713e+04 5.702167398881050758e+03 1.981970557631051634e+03 -1.104344054922880605e+04 -6.699718622376152780e+03 1.616590570225979900e+04 3.755839641603408381e+03 -1.621235002921824344e+04 7.961136866901826579e+03 3.264514560682978481e+04 1.664093226504966151e+04 -2.291760698919906281e+04 -6.512726756645832211e+03 6.903118956638383679e+03 -7.865557618555938825e+04 -1.969609611257812940e+05
-2.302870454497679020e+05 -1.866293452481477580e+05 -1.905609225033912808e+05 -2.247507393789782654e+05 -2.170447440057796193e+05 -1.592055736722432775e+05 -1.367908154199084966e+05 -1.613754299269112526e+05 -1.215927271886178060e+05 -7.481950858192250598e+04 -3.065404858713003341e+04 6.371082593932515010e+03 2.354547874628228601e+04 5.372170549478137400e+04 9.610285619903146289e+04 1.579885100628781365e+05 2.094211704241207335e+05 2.512001055743347388e+05 2.258606539344417979e+05 2.387853903167523677e+05 2.918381315756955883e+05 2.671241168297181139e+05 2.487681254793464905e+05 2.153561951574830164e+05 1.739384541927665414e+05 1.364040168507381750e+05 1.265334157608323148e+05 1.257456085898504243e+05 7.020003919589734869e+04 5.557815322651556926e+04 1.758732878407515818e+04 1.638428361658996437e+04 9.421018245596357156e+04 6.474530454685026780e+04 3.118224049937457312e+04 7.713226045815635007e+04 8.392416902314836625e+04 5.850586307419696823e+04 5.033210801172570791e+04 7.243428437196579762e+04 9.684860572428093292e+04 8.863414617668266874e+04 6.838746232205245178e+04 4.854585045831289608e+04 9.451648011146951467e+04 8.627083878742251545e+04 1.465732779184659012e+04 7.912311229832842946e+04 2.260303149986416101e+05
9.081718320718186442e+04 3.036486658129433636e+04 -3.767780504073016346e+04 -7.534194275251135696e+04 -1.828664747910806909e+04 -1.455496342829079367e+04 -4.044383781192649622e+04 1.190851825631398242e+04 -8.383495862317271531e+03 1.839698247110389639e+04 5.771617002050322480e+04 4.174170958481228445e+04 9.592682562029943801e+04 1.217600315063919406e+05 1.266748103622830240e+05 1.571545657439403003e+05 1.674065316985072568e+05 2.081993964855792001e+05 2.524739256042447523e+05 1.995693082015895052e+05 2.083378047332730494e+05 2.877498722062409506e+05 2.773893315090759424e+05 2.866373783092510421e+05 2.520849024378363392e+05 2.105309408429817995e+05 2.588362494203011156e+05 1.942316046568070306e+05 1.564939623071036767e+05 1.694499036791055696e+05 1.333285598837572616e+05 1.502829919475883944e+05 1.072361862929672934e+05 2.385277164921723306e+04 1.608346249780897051e+04 7.441297170626115985e+03 -4.939416555225732736e+03 -1.827478326869825833e+04 -4.984031985310139135e+04 -6.161995833728706930e+04 -5.998777839264238719e+04 -6.090593578546762001e+04 -8.463165394341538195e+04 -1.054642862120637437e+05 -1.703717088187109912e+05 -2.591548514757771627e+05 -3.385063922690835316e+05 -4.832113851534603746e+05 -6.626731985646700487e+05
9.663243169650761411e+04 3.431338896703894716e+04 3.569700380630907603e+03 -3.115977360988839064e+04 -8.577087713651056401e+04 -4.364298881540901493e+04 -2.886618228341836948e+04 -9.286190537930466235e+04 -7.902072386992606334e+04 -5.835108234341535717e+04 -9.826219346785370726e+04 -1.582551801936460542e+05 -1.632836439014862990e+05 -1.010989265248462325e+05 -9.575766036477941088e+04 -1.971596716138994962e+05 -2.267186765061889892e+05 -1.486653229154034634e+05 -1.486266400823296281e+05 -1.899558058017282165e+05 -1.798293663345064269e+05 -1.859963612883439346e+05 -2.229539769197985588e+05 -2.037776219767148141e+05 -1.541320971329149907e+05 -1.476807922786792042e+05 -1.748177258326360025e+05 -1.857902584140177350e+05 -1.643099894993065391e+05 -1.095416277280307841e+05 -6.454271630007494241e+04 -1.036134334487547167e+05 -1.361004542019334622e+05 -7.354877799469279125e+04 -3.438187884281459264e+04 -6.718852862890344113e+04 -4.517782332502980717e+04 1.472327545958245173e+04 2.212323852256312966e+04 1.080966249561239965e+04 1.463397518560686149e+04 -1.869817833010503091e+04 -1.062625023905653507e+04 9.704190445914794691e+04 1.579427391704124166e+05 1.576827295961624477e+05 2.853272830236363225e+05 5.046287480330254184e+05 6.916070780334377196e+05
-2.669097972926284419e+05 -1.099252261797481915e+05 2.841746653028531000e+02 3.676211656811565626e+04 2.239919198904314544e+04 1.896646585440973286e+04 6.744220339936867822e+04 3.992107524196384475e+04 6.763496894800453447e+03 5.836306317129125819e+04 5.525329656404198613e+04 2.961797005518758669e+04 4.788391126239730511e+04 3.572192877089045942e+04 4.489234187569306232e+04 8.442917742677312344e+04 5.535811164634651504e+04 5.732057044200703967e+04 9.059502406322269235e+04 1.290843640866477508e+05 1.361637846580376499e+05 8.147700518906262005e+04 1.194055228451000294e+05 1.371795761185787269e+05 1.075052691520614026e+05 1.114449838283144636e+05 7.356099492011693656e+04 9.458772990883534658e+04 1.187387539363954565e+05 9.370876777569716796e+04 9.229499341055995319e+04 5.343530356081805076e+04 2.046447382806951646e+04 7.080863604433012370e+04 7.298707742398598930e+04 8.813000327390996972e+03 2.137108860066306079e+04 1.090615850642281293e+04 -1.554996165306883631e+04 6.054400158627657220e+03 -2.100332890522653179e+04 -2.340348137240680808e+04 -1.966215796102910826e+04 -7.671849877562676556e+04 -7.142502014081444941e+04 -6.500604353641392663e+02 -2.416534154755989948e+04 -1.410164239786703838e+05 -2.608257470847971272e+05
9.664284767724876292e+04 1.026598369833303150e+05 9.876692397303483449e+04 6.006858717082673684e+04 4.642981614504614845e+04 4.191650209168065339e+04 -1.941032364171394147e+04 -1.080687491887132637e+04 2.643326582347066142e+04 -3.445723260318115354e+04 -3.906042840924765915e+04 4.375279844898730516e+03 -6.020173289194633253e+04 -1.059382241679667495e+05 -5.965848939446010627e+04 -3.293263363078958355e+04 -6.375180408984306268e+04 -9.876631089991866611e+04 -7.082312721262499690e+04 -6.223987589828530326e+04 -9.268603683734871447e+04 -5.435981975915632211e+04 -8.171351293385680765e+04 -1.294301609925969969e+05 -5.537260746901645325e+04 -4.426982994020334445e+04 -8.746460714466578793e+04 -3.465768054556974676e+04 -3.125330057684541680e+04 -1.202707578707487555e+05 -1.323434859484770568e+05 -6.737640823270322289e+04 -1.786207307750382461e+04 -7.006106573522614781e+04 -1.069273730230996152e+05 -9.659193294311990030e+04 -1.146469448585046921e+05 -9.409351836890005507e+04 -1.186555475145722157e+05 -1.919126746258911444e+05 -1.828628540614227531e+05 -1.513903852076329931e+05 -1.474301500501674891e+05 -1.415185505846969027e+05 -1.327024784175958775e+05 -8.971166425821113808e+04 -5.605672526678981376e+04 -2.068975113441465510e+04 4.858086907705022895e+04
1.758149663457151037e+05 4.100502625027729664e+04 -6.983300464798952453e+04 -3.852202844060224015e+04 5.372759773999860045e+04 1.312849884201568784e+04 -4.375111440440377919e+04 -3.596426845291722566e+04 -3.791715330426086439e+04 -2.457966205201955745e+04 -2.897958643028693041e+04 -5.887937147141201422e+04 -5.294742788279108936e+04 -5.795756714021990774e+04 -8.082754297280189348e+04 -5.887730653277673991e+04 -1.879436813575006090e+04 -5.194306902321847156e+04 -9.411558179053827189e+04 -4.727239081479632296e+04 2.750922112110839225e+04 -9.195996818271232769e+03 -3.396423579979455099e+04 2.615133631279598922e+04 -5.718165390972280875e+03 7.452325576923438348e+03 6.741234590848744847e+04 1.518464754997706041e+04 2.084697327456506900e+04 1.035965711878453149e+05 8.782204229599318933e+04 4.875592595562944189e+04 1.001599415620150394e+05 1.485794348132184823e+05 1.422613803708008491e+05 1.502543172828153474e+05 1.640933908913210616e+05 1.815198504422008700e+05 2.195650204814590397e+05 2.414249882209326315e+05 2.782497465915373759e+05 2.716789260439335485e+05 2.379238982639429159e+05 2.388440496006299509e+05 1.786838724994240329e+05 1.215292520684667397e+05 1.195918441668619635e+05 1.207173606459397124e+05 1.249896693158349954e+05
-3.282409215486401226e+05 -3.158732573765884154e+05 -2.120661033229774330e+05 -7.817396630045562051e+04 -5.964018502436368726e+04 -6.331254651999194175e+04 -1.095577322550537065e+04 6.616257554342178628e+04 6.343562850081082433e+04 9.748116268492769450e+03 4.001998767438624054e+04 7.875187055629794486e+04 5.079086912810453214e+04 4.898140622593939770e+04 2.650685761145723518e+04 1.014767347624001559e+04 4.849644470235949848e+04 1.534953623955510557e+04 7.514400350992218591e+03 2.134652538257802371e+04 -8.891937611770117655e+03 1.673183277864160482e+04 2.861268427164759487e+04 -1.185519803890190087e+04 -1.204333836194570176e+04 -2.945064490730129182e+04 -3.899795687160803936e+04 7.464696541064768098e+03 -1.676846216098032892e+04 -6.713808443415479269e+04 -5.439004823670990299e+04 -2.770231974322069436e+04 -2.399321630109800026e+03 -1.803663878519716673e+04 -6.148635446261335164e+04 -1.806834491086192429e+04 1.542110014051897451e+03 -4.654490957444068044e+04 -3.922442669048905373e+04 -1.208474366692802869e+04 -3.859211283852113411e+03 -6.313287066441262141e+03 -2.557900402825791389e+03 2.232797189462929964e+03 4.234026731373858638e+04 8.519708831809088588e+04 8.367053594432957470e+04 1.170980229473925428e+05 1.870538916440969333e+05
1.850156034270548262e+05 2.679886296674885671e+05 3.022895487847200129e+05 2.254375332612107741e+05 1.371476573854306480e+05 9.812152923961554188e+04 8.185573572598514147e+04 5.379331108219036832e+04 -1.840549648673902266e+04 -3.486461805190623272e+04 -3.915065217086533085e+04 -6.992758703643630724e+04 -5.961675335511239246e+04 -5.712009037153620739e+04 -7.899294086753798183e+04 -9.575115491246839520e+04 -9.187086271733278409e+04 -9.028154540523246396e+04 -9.728814492344099563e+04 -1.149599356595717254e+05 -1.451453503751323442e+05 -1.271710947453537374e+05 -7.951594404468795983e+04 -8.163243358190800063e+04 -1.199397161427259562e+05 -1.329453417758486466e+05 -1.082612188694473152e+05 -1.042900937974993285e+05 -1.255290427958970395e+05 -1.028611569452912809e+05 -6.779799404117511585e+04 -8.367071571447046881e+04 -1.488337530430366751e+05 -1.598998035633849504e+05 -8.121525216094573261e+04 -7.482728577699139714e+04 -1.152944050030418439e+05 -1.007938800400735927e+05 -9.719300590535561787e+04 -1.015065213531485642e+05 -1.282491371078145457e+05 -1.304575415380537743e+05 -9.096986071741394699e+04 -8.700443484274751972e+04 -1.146085432303153211e+05 -1.364141118437324185e+05 -7.429475870674592443e+04 -1.118364788220776245e+04 -7.188988487251102924e+03
8.455294270948795020e+04 4.089298039245476684e+04 1.484582744258658931e+04 3.949917038265994051e+04 4.964722380314924521e+04 4.889578449008693860e+04 7.424716543271639966e+04 4.789085124019033537e+04 4.523352496227739903e+04 7.034780078862237860e+04 3.367991416369471699e+04 3.650871256239037029e+04 5.708832578795406152e+04 3.158018112208080129e+04 4.048671231212210841e+04 5.782890979658989818e+04 6.172734837655298179e+04 6.252504452517314348e+04 5.634806038211536361e+04 4.014468534027400892e+04 9.250740466995979659e+03 5.387009214631718351e+04 1.020357550220798585e+05 3.691617700915248133e+04 2.823040432442235760e+04 8.691022275492281187e+04 8.094407599677646067e+04 4.057439879732567351e+04 1.956384129065554589e+04 8.511292544022609945e+04 1.103656951380254468e+05 1.510648087358230259e+04 3.054491798677179031e+04 9.656731717299402226e+04 5.837491923870390747e+04 5.999108288997353520e+04 6.434491186999343336e+04 5.481705449892557226e+03 4.646305850255768746e+03 3.706733234506810550e+04 7.430656869218801148e+03 -2.817607166496594436e+04 -9.171330887809721753e+04 -1.967953659364873311e+05 -2.315926313385721296e+05 -2.567134114770662272e+05 -3.040649536380813224e+05 -3.207825874186883448e+05 -3.263473910414475831e+05
7.537133673504284525e+04 3.518221475496829953e+04 -2.186917106268081989e+04 -3.168941092273596587e+04 1.009189283038722351e+04 1.052267307120928308e+04 -2.909251942353875347e+04 -5.495133784330394701e+04 1.001902537216652127e+04 4.016532326713786460e+03 -6.558559557062840031e+04 -2.923081848271985655e+04 -4.302720243213116191e+03 -2.821495395313831978e+04 -5.522517193854579818e+04 -3.751841950448576245e+04 1.546058884196099825e+02 1.663665654996293597e+02 -4.025785086589166895e+04 -5.702232651499795611e+04 -2.088904862543134368e+04 -1.256214920907956548e+04 -3.355477729415730573e+04 -3.013144981181545882e+04 -4.089924321917357156e+04 -1.673461821010301355e+04 1.168775540776533308e+04 -3.232772712832235266e+04 1.433351804218522739e+04 1.210990914867544780e+04 -3.411689149877935415e+04 5.835241001223213971e+03 2.290604365189210512e+04 2.078389080390479648e+04 1.435186914415680803e+04 4.954724848608736647e+04 2.020894306544476422e+04 3.105823237066945876e+04 9.991747285323074902e+04 6.263139618644327857e+04 1.040671995382225723e+05 1.755091350555088138e+05 1.845647257421655522e+05 2.592100445454717265e+05 3.699951206141124712e+05 4.205919870368950069e+05 3.774983722000981797e+05 2.918333671776780393e+05 2.160589707004637457e+05
3.649454880072886590e+04 6.646132792240672279e+04 1.174224828122532926e+04 -3.237438243602798320e+04 7.299195789673831314e+03 8.808942999021383002e+03 5.441675461333943531e+03 1.385615827395673841e+04 1.147855280018120538e+04 8.558863401231006719e+03 4.143733359214838129e+04 1.037301033960841596e+04 7.834398514787666500e+03 5.398626738948223647e+04 2.499337735018343665e+04 4.496113534176419489e+04 1.627135587867104914e+04 1.678368936380138621e+04 4.540107351505872793e+04 2.955590457197104115e+04 6.677387114781583659e+04 5.361106580130290240e+03 -1.605851649776019622e+04 5.891741310915665235e+04 4.739822696432378143e+04 3.199172504318994470e+03 6.066691552769625559e+02 2.043822179199196398e+04 -4.116130221373168752e+03 -3.603371214925567620e+04 -1.720521904455404729e+04 1.713089319491724018e+04 -3.091957606855407357e+04 -6.373803133381460793e+04 -4.376339792950602714e+04 -4.816041709873394575e+04 -3.653048547657800373e+04 -1.005119493776148884e+05 -1.059759367008158006e+05 -3.720200918702164199e+04 -1.063016802886348451e+05 -1.413318925404387992e+05 -9.745680609168601222e+04 -9.828493757220736006e+04 -1.000169695974183851e+05 -1.253635472363381123e+05 -1.369389872276952956e+05 -8.658949639928352553e+04 -2.673654773618018953e+04
-1.041285854887973983e+05 -7.160962204288807698e+04 -2.339416741422610357e+04 -9.405122799580567516e+02 3.355015995621215552e+03 6.114958158832450863e+03 -2.856140541225612105e+04 1.422802934368536808e+04 4.535978305706530227e+04 1.097769877400423866e+04 1.093193242133565946e+04 1.329467865998594789e+04 1.504144180555155617e+04 2.833322750393560273e+04 6.442027858232901781e+04 1.698219626785416040e+04 -1.127675748110056156e+04 2.235835723731725011e+04 1.672865471609836095e+04 6.890648015130861313e+04 7.134703482253832044e+04 8.820559806772449519e+03 2.035768665158684598e+04 2.706855103322601644e+04 1.449656877808592981e+04 3.865994402367493603e+04 7.243999963509861846e+04 5.496279209317441564e+04 2.899211478572385386e+04 3.451129781384224771e+04 1.697710476964863483e+04 1.358488986839813879e+04 2.636187011412577704e+03 7.400864939845458139e+03 6.134211601693107514e+04 1.989451674904581159e+04 -3.786960998972057132e+04 -3.003467248159722658e+04 -3.649364599416003330e+04 -3.960478284632688155e+04 -7.290594355956325307e+04 -7.029442199378577061e+04 -9.959884175772435265e+04 -1.753300006123758503e+05 -1.788192395623995690e+05 -2.052694186164074927e+05 -2.551725683678893256e+05 -3.198993492113351822e+05 -4.132323519360150094e+05
6.565229841129633132e+04 3.248628980654757470e+04 4.868816388421691954e+04 7.103451237817353103e+04 6.326714628157787956e+03 -2.364468367304664571e+04 1.165208791782788467e+04 2.135186259125487413e+04 1.839221937523689121e+04 -1.394239059969549999e+04 -1.259129101788846310e+04 -1.050236684110132046e+04 -7.198024020486627705e+04 -5.774220517341746017e+04 -5.935182575754867867e+04 -1.403233347542119445e+05 -1.338707409509518184e+05 -1.356804606731020613e+05 -2.116522842437552172e+05 -2.305004526710398495e+05 -2.301576517639473313e+05 -2.260044694426322239e+05 -2.535130254928667564e+05 -2.831418355362984003e+05 -2.285044237952386029e+05 -2.437904977961440163e+05 -2.456113556535271346e+05 -1.626967436404814362e+05 -1.584760975922833895e+05 -1.875882045998877147e+05 -1.729554320049646776e+05 -1.098545864637704799e+05 -8.460907291984802578e+04 -1.150405651488834992e+05 -1.380173632166406605e+05 -1.104099517104623374e+05 -2.174377359013305977e+04 -1.446018844377249479e+04 -5.885481442506681196e+04 -2.534805702307494357e+04 1.511409213962941431e+04 1.940001542221568525e+04 1.032982581432586303e+05 1.399485929904038785e+05 6.403273690877575427e+04 1.157823433133304352e+05 2.199608339856792009e+05 2.322689968644405017e+05 2.136960342060727999e+05
-1.054274684106348868e+05 -7.043260068836389109e+04 -1.997810993278110254e+04 -3.243459968165554892e+04 -9.907202316571783740e+04 -6.089686989034819999e+04 9.897350132741834386e+03 -1.464352130191409378e+04 -5.292922003478455008e+04 -5.066698154572802014e+04 -1.481676109753601486e+04 5.528397267298708903e+04 6.451693853261529875e+04 4.454157867832689954e+04 7.572787908080496709e+04 9.930603290798905073e+04 1.072407540914719284e+05 1.413755586073238519e+05 2.061310686806972953e+05 2.244906031004210818e+05 1.931641871581812447e+05 2.008266466274653794e+05 2.112537256022918737e+05 2.212700669781769393e+05 2.453487781227157684e+05 1.981936211702123983e+05 1.303723434820130933e+05 1.449448515551924938e+05 1.511041848803869216e+05 1.271540707310489379e+05 1.087821538099525496e+05 6.417566854346636683e+04 9.332026771480753087e+04 1.029417206533253193e+05 4.294967197995004244e+04 3.423354238468175754e+04 5.370155416749208234e+04 9.916769614545069635e+04 1.285121189748314209e+05 1.259096736207718495e+05 9.274012481087981723e+04 6.234686696989275515e+04 1.094753948044669814e+05 1.833793676128701773e+05 1.806051468609084841e+05 1.188095235520447604e+05 1.110044091305464972e+05 1.166908324685932603e+05 8.683077297158818692e+04
7.468050606265017996e+04 4.037909249476791592e+04 2.196869279803649988e+04 8.512424740401853342e+03 -2.625244261114858091e+04 -2.136673479333694559e+04 1.823247576430730987e+04 -6.651844042790005915e+03 -1.287178300161031075e+04 2.573727485934796277e+04 2.898356620207772357e+04 6.425104523281322327e+04 7.841526021467865212e+04 2.264651849851361476e+04 1.432078989950241521e+04 7.497901586204546038e+04 8.428910376278520562e+04 4.744225176000324427e+04 7.673743777857450186e+04 9.353979299841736793e+04 6.051699246898341516e+04 6.804403450027172221e+04 1.103940946858349198e+05 1.194287022631033324e+05 1.073561027018149325e+05 1.270639664657208777e+05 9.516791028494454804e+04 7.082375081627120380e+04 1.456335021926494956e+05 1.236186744993025495e+05 6.858432544831873383e+04 1.299825583343778271e+05 1.226102713955341023e+05 6.075730326636403333e+04 1.085750400619874708e+05 9.796632910052733496e+04 4.505124970179167576e+04 9.054245174644188955e+04 4.266691120486962609e+04 -3.801536643353744876e+04 2.569374966697418131e+03 1.013488340795482509e+04 -5.921832903783058282e+04 -1.039642766983890906e+05 -1.109677915694921976e+05 -9.920113701125921216e+04 -1.478854503940245486e+05 -2.249739061036224593e+05 -2.628876890760828974e+05
-7.083200109322200296e+04 -4.085532764976960607e+04 -2.874636403626936954e+04 -4.363538371660979465e+04 -4.520085186260985211e+04 -4.037212710019957740e+04 -6.882205811409215676e+04 -5.981884752894978737e+04 -3.491507859500416089e+04 -3.081085182217066176e+04 -2.619826010050019249e+04 -2.814106730562343728e+04 -1.088282221106055658e+04 -3.466486872661334928e+04 -4.891585410929110367e+04 -2.139869426420773380e+04 -1.043901180608361028e+04 -1.322660678721149452e+04 -2.070389564265497029e+04 -4.973557757912203670e+03 -2.938375079611549154e+03 -2.947108636202767957e+04 -2.722875544059206732e+04 -1.973840297687263228e+04 -3.122171148395875935e+04 -1.758213880042603705e+04 -1.247561498348671012e+04 -3.948878852155769709e+04 -4.333494171798520256e+04 1.035067505130439531e+04 2.931623549382505007e+04 -2.477041539445088711e+04 -3.520363457209931221e+04 -2.326182033015345223e+04 -1.554794183073681779e+04 4.686913407582312357e+04 3.014365814386075363e+04 -4.033774967683712021e+02 6.376698842766915914e+04 1.753792370458529331e+04 2.060043206925992854e+04 1.077194076646266039e+05 7.544330248158052564e+04 6.819608622994599864e+04 1.008685913264345145e+05 1.150361405689179082e+05 1.492565419015596271e+05 1.883116380379934562e+05 2.225239488390756305e+05
1.734413464082900900e+05 5.390363802747731097e+04 -4.653008548921195325e+04 -9.818775720239500515e+04 -6.430646893095399719e+04 -2.405955772213928867e+04 -1.605605130214826204e+04 -8.236054247245308943e+03 -5.827060872346919496e+04 -5.484949962294194847e+04 2.291551395646831952e+04 -1.690480059951357543e+04 -7.156400795305671636e+04 1.069807789877813775e+04 2.953206044025137089e+04 -5.022193506571068428e+04 -3.795560483769816346e+04 3.207738382232491858e+04 -1.255160652268386912e+04 -7.015649430089967791e+04 5.793078644346445799e+03 1.897400421774340793e+04 -5.480451664305303711e+04 -4.800613895255094394e+04 -2.003802522311161738e+04 -4.756176236573071219e+04 -4.129481753181607928e+04 -3.037879249422985595e+04 -7.475478071573865600e+04 -9.386225981434108689e+04 -7.190526211612450425e+04 -5.366047103118035011e+04 -1.054684280612858711e+05 -1.312778313519083895e+05 -8.623115190071985126e+04 -1.007706702191352379e+05 -1.198888196858754382e+05 -1.140258731542420574e+05 -1.282496077761605848e+05 -1.018219266908997670e+05 -1.009663130147967022e+05 -1.292559132335740142e+05 -1.277284352930288296e+05 -1.403896788210116792e+05 -1.105733091882581357e+05 -9.933459890518826433e+04 -1.047917351493379101e+05 -3.133484971374925226e+04 7.217075117878243327e+04
4.221248423637240194e+03 -4.644569446805689950e+04 -7.742423423791478854e+04 -5.762473537222831510e+04 -2.368156928321695887e+04 -1.949589343115792144e+04 -4.752620501480123494e+04 -7.651408595484099351e+04 -5.561473405039578211e+04 -1.646860311346244998e+04 -4.706868365385185461e+04 -5.131373479816841427e+04 2.267152834538137540e+03 -2.509734117869811598e+04 -6.682521416878444143e+03 2.275397717217844911e+04 -3.779191201247158460e+04 -4.116604741138871759e+03 2.421399522267153952e+04 -3.360201584444439504e+04 6.036152852393221110e+03 5.706333070091181435e+04 1.967365860866266303e+04 2.661283324458054267e+04 5.578625976879254449e+04 2.774618158233375289e+04 3.464392362358921673e+04 8.408454907206771895e+04 7.728849638508120552e+04 5.963612203195225447e+04 8.382223020926176105e+04 1.410377539145709015e+05 1.657955914364727214e+05 1.420889476352749625e+05 1.520791171166637796e+05 1.400454279059341643e+05 1.611951916685213218e+05 2.469981893121443863e+05 2.362239542543831049e+05 2.270290380282670667e+05 2.704676938741618651e+05 2.465950073044230521e+05 2.513683889403175854e+05 2.808561809701499878e+05 3.147394281607560115e+05 3.699282003394899657e+05 3.306648406378371874e+05 2.477060256733964197e+05 1.906257806146424264e+05
-1.858649060071911663e+04 -1.290104549843817949e+02 2.792610099422745407e+03 -1.315928834017540794e+04 -1.476605263807869051e+04 -1.037491682705876883e+04 -3.791772418284381274e+04 -3.111750585252593737e+04 2.532678503608622123e+04 2.836935853738395963e+04 -1.629066333407536149e+03 -4.278210714386653854e+04 -2.571096478248364292e+04 1.884862502993200906e+04 1.800052238831995055e+02 3.049947164181515109e+04 6.713124553862318862e+03 -3.275478573319560383e+04 -4.312701379603822716e+03 -2.554540665092645213e+04 1.482589009043277474e+04 3.115036556642717915e+04 -7.229675472626695409e+03 -9.559935626748483628e+02 -4.452580228622554569e+04 -9.431300983158871531e+01 4.408358893822861137e+04 -1.718730825887178071e+04 -2.549427846541226609e+04 -5.520241359772568103e+03 2.097135283889650600e+04 1.641187049826548900e+03 -5.248184582967968890e+04 -4.006248294688708847e+04 7.720527185956598260e+03 -4.746567135443736333e+03 1.348886185820464743e+04 2.110239964844373753e+04 -2.977589686233835528e+04 -4.745365419512323570e+03 -2.283797134369029664e+03 -2.779315537176455837e+04 1.120881781695061363e+04 3.658068406584789045e+04 -1.116999184887355659e+04 1.265585364599246532e+03 7.823478721817117184e+04 7.104159080801799428e+04 8.802974250282510184e+03
-1.484833320551845827e+04 2.738536550095886923e+03 4.997465650740195997e+03 -1.094677676148421597e+04 -1.247833796893246472e+04 2.826077140700360178e+04 3.722011459358327556e+04 7.664694599516195012e+03 -8.825207423287763959e+03 -5.866984003878314979e+03 5.369797471212223172e+02 -4.188461971643846482e+03 1.276690343693189789e+04 2.063958767095755320e+04 1.840998898114776239e+03 -4.501857631112216040e+03 8.567395901191048324e+03 -3.113302177596779075e+04 -2.437559498357586563e+03 5.019272635152444127e+04 -2.023416163814533502e+04 -4.030107278704224154e+04 -5.059946372275619069e+03 1.089703312391095096e+03 -4.619915365983644733e+03 2.005552292030159151e+03 -2.850407522440963658e+04 -5.216505477495968807e+04 -2.335291870913351886e+04 -4.097999010220530909e+04 -5.167630607851606328e+04 -3.358953793453116668e+04 -1.265065223087748745e+04 -2.377928476197994314e+02 -6.627555230341415154e+04 -7.861792793337383773e+04 -2.341529374978563283e+04 -5.436130466609034920e+04 -6.708906304127600743e+04 -4.306521487676928518e+04 -4.064865271844610106e+04 -6.653473450540308841e+04 -6.732990489486814477e+04 -4.312057269307854585e+04 -5.227672152788739186e+04 -4.060628141451149713e+04 -4.279290896527550649e+04 -1.144966392406856176e+04 8.221002483136462979e+04
-2.193729649790475087e+05 -5.959628982840512617e+04 1.287203362044238202e+04 -3.946081513342507242e+04 -4.280337941308971494e+03 3.652711315146008565e+04 -2.699396336553035508e+04 -2.109545789586258252e+04 -2.336803350917738499e+03 3.056373041181358303e+02 6.977146327772048608e+03 1.691332699047048663e+03 -1.894674755836603435e+04 -1.223679258509946158e+04 4.211406958005680644e+04 3.606191033453792625e+04 -2.447055961099972410e+04 -2.727877579578488439e+04 3.825845353676412196e+04 1.705073400080436113e+04 -1.608269306547302767e+04 3.986108447876188438e+04 3.763521576031060249e+04 6.161203724332146521e+03 2.008734177070415171e+03 7.244758184024212824e+03 1.426802143127133604e+04 -7.695283415814650652e+03 -1.665386603337542329e+04 3.891172478761334787e+03 3.360007806135389546e+04 1.435676073895560694e+04 -4.147034484121933929e+03 4.598549715883548197e+04 1.993956348262121901e+04 -2.871591097486093349e+04 -1.300551641121269495e+04 -4.844276121875736862e+03 2.197031481286090275e+04 4.535891735278697161e+04 1.037720067717575876e+04 -1.387341933819705446e+04 -1.611823905688647937e+04 7.549600031634632614e+03 3.794295894462276192e+04 1.089857809784004348e+04 1.102262135311341262e+04 4.171817764567074482e+04 5.291029878178879153e+04
5.410628086858202005e+04 -9.718523852061509388e+03 -1.373176275301375426e+04 4.352291148155930568e+04 4.257507104033720680e+04 -2.631046461654474842e+04 -1.643651968493941240e+04 2.478255494999757502e+04 5.618483029902592534e+03 7.824093806048040278e+03 1.467251902737189084e+04 8.648903122229938162e+03 -1.357862864344497211e+04 -8.405709317157743499e+03 9.153189091884996742e+03 3.290303851317730732e+03 1.623029251619297429e+04 1.343921053136000410e+04 4.977413698143209331e+03 2.085026252425447456e+04 -1.212812448742607376e+04 -2.812602771649818169e+04 6.037138692481705220e+03 1.066089683306924417e+04 8.441395217305369442e+03 -2.536457804642835981e+04 -1.878405856266888441e+04 -1.113396042492240667e+03 -1.037456091093196301e+04 1.022647532467095880e+04 5.201555532476108056e+03 -1.389241895667515928e+04 -3.530843207219734904e+04 -2.419936720521960524e+04 -1.046562247727712383e+04 -1.929663037823050399e+04 -6.121443714800960151e+03 -3.582733285147702554e+04 -4.643831320332549512e+04 -2.525603417656377133e+04 -2.136419133144953230e+04 -6.735718222698851605e+03 -4.974027236967218050e+04 -6.628313496126775863e+04 2.407276045268801681e+03 -2.528525276400607254e+04 -1.018927088711646502e+05 -1.111725012007079786e+05 -1.039799465861120261e+05
7.554830718123423867e+04 5.371106897873571143e+03 -3.981902684121439233e+04 -1.871585038345074281e+04 -1.924382179466192611e+04 -5.160050175087223761e+04 -4.110099010802514385e+04 -3.833186734154878650e+04 -2.222106574961799197e+04 1.632701511683990248e+04 -1.363605668579135090e+04 -9.410885082783352118e+04 -8.190580216236412525e+04 -5.066202409216202796e+03 -2.372214626717322972e+04 -6.630557955541019328e+04 -1.734895911802619230e+04 -2.038196934685402084e+04 -6.589515332474542083e+04 -1.321673914688290097e+04 -8.804305372322967742e+03 -9.619454804778803373e+04 -6.253927635298180394e+04 -2.253727304560004268e+04 -5.979674316549790092e+04 -2.066429746759257978e+04 -5.242202081506577088e+04 -1.434252813630885503e+05 -1.902271875129371183e+05 -3.575010827044757316e+05 -5.095220527661147062e+05 -3.803591845370823285e+05 -1.442708631276774686e+05 -2.282355255738378037e+04 -4.439385326768411323e+04 -5.076691733862401452e+04 -4.151827693596738391e+04 -7.109108100376056973e+04 -4.268607133904891089e+04 -6.147918286478659138e+04 -5.709976927719218656e+04 -4.299839156308711972e+04 -5.001048242818773724e+04 -2.961479414589121006e+04 -7.608638876488816459e+04 -1.043511298954396043e+05 -6.428806012227118481e+04 3.999946084876894020e+03 8.596929624552931637e+04
8.343938057005287556e+04 1.078894547608795983e+04 -3.637509726737334859e+04 -1.562538125566787494e+04 -1.642106506646086928e+04 -4.924838063954666723e+04 -2.245301567818387412e+03 -4.040060398984642234e+02 -5.836318534755264409e+04 -2.018131115983123891e+04 -1.375413228684928617e+04 -5.777801173877378460e+04 -9.405264630986494012e+03 -6.650274970597820356e+03 -6.200223722480583820e+04 -3.092453653764087358e+04 1.774934943714475958e+04 -2.221758296407642774e+04 -6.777910919314308558e+04 -5.221538068028166890e+04 -1.085819460051436909e+04 1.299038054668920813e+04 -2.750151657957764110e+04 -6.180807126205757959e+04 -6.207477575037046336e+04 -2.314702826028241543e+04 1.934687905581080122e+04 4.021700318851805059e+04 1.430132980687627569e+05 3.126449343829156132e+05 3.493725531248492771e+05 2.195075166034799768e+05 8.339360260768502485e+04 -1.910554951653446187e+04 -4.008731845118731144e+04 -8.572761478208150947e+03 -3.666905181991764402e+04 -6.585858394704712555e+04 -7.487565854265986127e+04 -9.347438801771178260e+04 -5.100765857910996419e+04 1.474838159119783086e+03 -4.356229129560221918e+04 -9.907510685894542257e+04 -6.896864607639188762e+04 -5.890649736487813061e+04 -5.639474550000144518e+04 1.215725445770585793e+04 9.384476993058284279e+04
-1.205623889680282446e+05 -5.186115888260246720e+04 -2.939278972145973239e+04 -8.113187036069459282e+03 6.476128822898317594e+04 6.888170695572625846e+04 4.325869155130931176e+04 6.766492436363361776e+03 -1.490905602062423714e+04 2.328293632876011543e+04 2.961492079120944254e+04 2.203340831285458989e+04 -5.205687314664828591e+03 -3.820821100816829130e+03 1.588818470016121864e+04 1.048893131468503270e+04 2.107239601078617852e+04 1.789223765401402488e+04 9.599661082465900108e+03 -1.151039788615889847e+04 -6.807216697779833339e+03 1.951183445555216167e+04 -2.030687418104207609e+04 1.768157915714220144e+04 5.627592646102106664e+04 -5.267518887565506157e+04 -4.866192216919409111e+04 4.914377411056205165e+04 4.415359618433518335e+03 -1.347185138678445946e+04 2.581359090494515840e+04 -2.888933296628296375e+04 -1.963010238629090600e+04 2.494944413410848938e+04 7.802265019927290268e+03 -3.071965221999550704e+04 -2.547809440431580879e+04 2.001131413118855562e+04 -2.265808845753769856e+04 -4.159767833065404557e+04 1.965776862707687542e+03 -2.067095742167998105e+04 -3.028175445433577988e+04 -1.024402932729583699e+04 -5.330615258069848642e+04 -4.372354199709650129e+04 -2.082183658713009208e+03 -4.397037379989272449e+04 -1.130966840507593006e+05
7.528341374534647912e+04 6.599520654475782067e+04 4.850141047878423706e+04 -2.980836720089428127e+03 -3.280421326489886269e+03 3.732016641180962324e+04 -2.421734602670767345e+04 -2.588751613526244182e+04 2.516393628262449056e+04 -9.579088390455581248e+03 -3.752593422541394830e+03 2.476016158820129931e+04 -4.080714367155451328e+03 -4.010504397287149914e+04 -1.914332026062766090e+04 1.206485150833043735e+04 -1.505183381654205732e+04 -1.847809893573867157e+04 9.898340252402704209e+03 -1.112515593311400153e+04 -4.282486318697908428e+04 -1.523917990154563449e+04 1.844969232130097225e+04 -1.795135561653284822e+04 -1.528714923566416837e+04 -1.409014033139101230e+04 -1.126925317235838156e+04 1.494737511922721751e+04 -2.845675462784117553e+04 -1.070507528376742266e+04 -6.402453638438484631e+03 -6.032511059864220442e+04 -1.668666651603445644e+04 2.627006491413345793e+04 1.098131499806186184e+04 1.179732132091873791e+04 -2.193808394877129467e+04 -5.028514970559632638e+04 -1.782956273076718207e+04 -3.946963422640692443e+02 -2.960647944695694605e+04 -5.243007235359994229e+04 9.744464417453855276e+03 2.973576847551128594e+04 -4.829133519873692421e+04 -7.609916477915225551e+04 -3.458613260867405916e+04 3.647318446528440109e+04 1.168650757598509081e+05
-3.029258254940213519e+05 -1.037273452510999050e+05 1.787015423004052718e+04 3.934694586496305419e+03 -3.230338981418753974e+04 -2.806230538684758358e+04 1.968543456474435516e+04 1.482949872690360644e+04 -4.210973328386901994e+04 -3.965657963883131742e+04 -3.496253723889822140e+04 -7.254437946830978035e+03 -2.422965127625502646e+03 -7.480678115680345218e+04 -5.132595475850391813e+04 1.559569255361567048e+04 -4.921618548047252261e+04 -8.890186979828283074e+04 -2.463301220035645383e+04 -9.762648159667147411e+03 -7.671169797424206627e+04 -4.757436741216192604e+04 -1.337181503520699334e+04 -5.120616767817406799e+04 -1.229348673543411132e+04 -4.607654856998090690e+04 -8.102159008252766216e+04 -1.647644641023364966e+04 -2.158938977008784423e+04 -4.169811149477024446e+04 -3.521803873867605580e+04 -5.224093183540404425e+04 -1.209074427097247099e+04 -7.383442810969194397e+03 -5.586418114471598528e+04 -5.145985805589589290e+04 -5.241402285173541168e+04 -9.824814223102293909e+03 -1.126942855669738492e+04 -6.561480027157790028e+04 -2.172875734948279569e+04 -9.673744871397269890e+03 -5.812315545845177257e+04 -3.794217507325788029e+04 -5.644410715176549274e+03 -3.384190314158325782e+04 -6.470987511696881847e+04 -6.325974291612498928e+04 -5.255249964466062374e+04
-8.266435211771749891e+04 -2.963583480202942155e+04 1.845320417589388671e+04 4.064890771231145482e+04 4.029699756079935469e+04 8.794017490872647613e+03 -1.497421286403550766e+04 5.066298545891200774e+04 6.575193985030648764e+04 -3.849569578072984586e+04 -3.423241520766154281e+04 2.895476034958846867e+04 3.305210953854839318e+04 3.198219895071815699e+04 -1.490703086528810672e+04 -5.486793279196720687e+04 -1.345369460337687633e+04 1.791109082405455410e+04 -2.451591309814827400e+04 2.551733908083406277e+04 2.985126412735565100e+04 -4.700072736421131412e+04 2.281911542741002631e+04 2.000283195884578163e+04 -4.751911105995526304e+04 -9.856429069186735433e+03 2.547013191739097238e+04 1.987665167820526403e+04 -1.972155082912635407e+04 -4.028976181376483873e+04 2.233498989080399042e+03 2.078523814401697018e+04 2.455710956506669754e+04 -6.582413678988639731e+03 -5.365798772894774447e+04 -1.228672945057062316e+04 2.073574266876673209e+04 -7.992046102444903227e+03 -8.032764392555778613e+03 9.284047281107603339e+03 -5.214443510398332728e+04 -4.080287868535445887e+04 1.646221521208641934e+04 -3.306453132652713975e+04 -3.524501885302049050e+04 -2.815752662980223249e+04 -5.815659285726738017e+04 -5.356385956125448865e+04 -3.933155230581070646e+04
-7.955993026465874573e+04 -2.821659198234556243e+04 5.433233119721986441e+04 7.668462161003841902e+04 5.136189234617631882e+03 9.403335985844008974e+03 2.148176481350674294e+04 1.505250074333170778e+04 6.590840676755757886e+04 3.344637003974639811e+04 -3.355129466115616378e+04 2.923538114686365589e+04 6.831649044514048728e+04 -3.665316321275895461e+03 -1.422847832654952072e+04 -1.842080078524310375e+04 -1.322686286657708115e+04 5.304397725092709879e+04 1.104921921854838729e+04 -4.506946779627466458e+04 -5.616070880205399590e+03 2.408637815708061680e+04 2.345679374077013927e+04 -1.507940066439899965e+04 -1.189618048156244913e+04 2.588341689130174927e+04 -9.796594486397341825e+03 -1.461441226798345451e+04 1.677160338746031630e+04 -4.200683979143039323e+03 3.355586456745979376e+03 2.180256524952704785e+04 -4.487920957370070391e+04 -4.115343864177729120e+04 5.252812436665422865e+04 2.460887969995406456e+04 -4.835534089448628947e+04 -4.223580241741737700e+04 -6.546296270244143670e+03 1.095680995858853566e+04 -1.468836930915154517e+04 -3.885894713137537474e+04 -1.734246836058440385e+04 3.909402822173404275e+03 -6.752023312583283405e+04 -6.079893844434975472e+04 1.422900721125189739e+04 -8.426032359202318185e+04 -2.774775624459994724e+05
-7.059382143561381963e+04 -2.617690487866639160e+04 1.639146365429038997e+04 3.986306106860865839e+04 4.981177146109985188e+03 9.576002931134979008e+03 5.638654956725073862e+04 4.719573116148239933e+04 3.019764030919762445e+04 5.696793324023019522e+02 3.726422214022038679e+04 6.409548872368771117e+04 -2.540185544639825821e+03 -3.707928234653081745e+03 2.377412440735496784e+04 -1.370803046083902882e+04 -1.147104084200699435e+04 5.185210648924110865e+04 4.643837352312401345e+04 2.550846086640375506e+04 2.881753061403284300e+04 -9.287591116881365451e+03 -7.715333145461059758e+03 5.485749528437721892e+04 5.695208161530885263e+04 2.743473050926695578e+04 2.459574427572078275e+04 2.271398007316751318e+04 5.536771522107283818e+04 6.635553956410138926e+04 6.897738469124451512e+03 2.455170299581420841e+04 9.417140239209434367e+04 2.875277702070921077e+04 -1.492621627112370334e+04 6.342910830688173883e+04 9.122383678215550026e+04 6.103033768944453914e+04 3.106669170374522218e+04 5.011161693211743841e+04 6.046912562567729037e+04 3.428356474207260180e+04 2.021628401809715433e+04 4.369679768788081128e+04 7.826216186804248719e+04 4.941395988484128611e+04 2.044667979222140275e+04 1.815222364384972025e+03 -3.720792958862124942e+04
3.034383890558091225e+05 1.406407051549467724e+05 1.124950461278788862e+04 3.527035851526312763e+04 6.890974041132722050e+04 5.677276075439236593e+03 1.767797648673877120e+04 4.113349968160036951e+04 2.647483274660777533e+04 -1.300584347191033885e+03 -1.643101815710542724e+01 2.658602734387386590e+04 -5.172526354435831308e+03 -5.938704227301059291e+03 2.284465908029233105e+04 -1.304463753593160072e+04 -1.240543680964049418e+04 1.543135940548381768e+04 -2.239488823266583495e+04 -4.323376888161874376e+04 -7.079502880078507587e+03 2.310745697424863465e+04 -4.029592942155443598e+04 -8.044573631385000772e+04 -1.278471962039454957e+04 2.673042741749665583e+04 -1.048945227230445016e+04 -4.394220559130195761e+04 -4.351809532076003961e+04 -6.747915774700234761e+04 -2.593974850664410042e+04 2.437942527845725999e+04 -3.985173959517845651e+04 -7.095693119888898218e+04 -4.723938609633473970e+04 -3.444036094093466818e+04 -8.376132622943187016e+03 -6.625933916366207995e+03 -3.387384938891039201e+04 -4.561929411167499347e+04 -3.466363289931901818e+04 3.155005704611317924e+03 -1.069770803122079815e+04 -5.054525131461568526e+04 -1.514245071171931886e+04 2.080840341426659506e+04 -8.086893254804002936e+03 -8.531730689515722042e+04 -1.791542607429417840e+05
9.516383375826996053e+04 6.766797500575194135e+04 6.912214714975561947e+03 -3.534949699518620037e+04 -3.550270941137569025e+04 -6.400545797048835084e+04 -8.539189040675410070e+04 -6.293600200835493160e+04 -4.204091265972238034e+04 -6.819784350780534442e+04 -1.006128477827588213e+05 -1.402147263739607588e+05 -1.378220760005933116e+05 -1.045220890858035564e+05 -1.409805490409780177e+05 -1.093164527077169041e+05 -7.613336009249903145e+04 -1.150810054199245933e+05 -8.555312309850699967e+04 -7.330805861842233571e+04 -3.809361468622239772e+04 2.498781574176973663e+04 -3.755095420492580160e+03 -1.135144122526992578e+04 2.156029440637212247e+04 6.138759448949701618e+04 8.953243875177571317e+04 2.419972991410762188e+04 2.498118020288503612e+04 9.821214147639693692e+04 7.351373197889199946e+04 9.009519919971415948e+04 9.184012595957085432e+04 6.068512378973526938e+04 8.357636834727598762e+04 6.419134638766997523e+04 8.925270363775797887e+04 8.970184740275744116e+04 6.319916144086152781e+04 8.511652663335530087e+04 6.353147176443590433e+04 6.694412434764663340e+04 8.539973446429916658e+04 4.740457020176091464e+04 5.073516791817365447e+04 8.526374821813055314e+04 2.409697268521942897e+04 -1.626808599627146032e+04 2.568305813823873177e+04
9.563119987724360544e+04 6.816003323532640934e+04 7.457838110771251377e+04 9.986966456417576410e+04 9.984952070721192285e+04 7.151708572811912745e+04 8.332576282235083636e+04 1.383923654950923519e+05 9.331983996846259106e+04 1.004199114200309850e+05 1.668618258152856142e+05 1.599090942852490698e+05 1.616820428128993954e+05 1.611746766480790975e+05 1.573378618732385221e+05 1.553841161825403688e+05 1.545198969944614219e+05 1.150431866532016575e+05 1.111215689792879566e+05 1.226647471178147971e+05 5.879977189368219115e+04 2.308225520289855194e+04 6.019082438841008116e+04 8.493412187424834701e+04 1.916741762033756822e+04 -6.162572427274571965e+03 2.176920694531872869e+04 -1.023346804548057844e+04 -9.066267017187929014e+03 3.087300569401128450e+04 3.880826779175552656e+04 -9.406922909548011376e+03 -3.982309909362831968e+04 -5.667830688471556641e+03 1.709547137143093278e+04 -1.601618058193620527e+03 -4.106288548908199300e+04 -8.822039593069377588e+03 3.000721804157368024e+04 -1.156425523120557773e+04 -3.265159322472751956e+04 -2.966746798498200951e+04 -4.304863820128946099e+04 -1.557091956899943762e+04 2.040946706314574112e+04 -9.564903511636628537e+03 -3.850756300322251627e+04 -1.275160591321802349e+04 3.186581280577252619e+04
1.160365607831046218e+05 2.358099111734185135e+04 -3.477592044277116656e+04 -4.084422104599070735e+04 -8.343250471953069791e+03 -3.647877571784134489e+03 -2.507249807982589118e+04 -4.790799480542715173e+03 -1.289513470692321425e+04 -3.628325890982523561e+04 -3.700951815029839054e+04 -4.280410424078587675e+04 -3.979985158526684972e+04 -6.634554908086982323e+03 -4.040180166703066789e+04 -7.254073641219286947e+04 -4.195484461422896129e+04 -8.058307115177738888e+04 -8.262258514325364376e+04 -4.006603702116989007e+04 -3.904205708298824175e+04 -7.289419175431257463e+04 -6.625665482366469223e+04 -4.329432732425623544e+04 -4.575124817420140607e+04 -3.643005958394493791e+04 -4.166628349354144302e+04 -8.458660182222971343e+03 -6.264897010405373294e+03 -3.278178840613686771e+04 5.927897159126456245e+03 2.199721781886175449e+04 -6.666745706170302583e+03 -3.607526889099963591e+04 -1.495828421902828268e+04 -7.437605470476264600e+02 -7.593625754379841965e+03 2.103489009765330411e+04 -2.754829725308634806e+03 -8.106192535342386691e+03 2.886660124931775499e+03 2.453780190989884431e+03 2.118453857823618455e+04 -1.086955121951205365e+04 -5.521103586070545134e+03 2.567577162350055005e+04 -3.715447216673273942e+03 -6.433270628331151966e+04 -1.327689689339590259e+05
-7.810235467492023599e+04 -4.106358166216523387e+04 3.007160211171137053e+04 2.445155682304169750e+04 -3.965942576134693809e+04 2.942031387166932109e+04 7.242489800511972862e+04 -3.844910368207027204e+03 -1.155528700721342466e+04 2.954822283558314666e+04 2.857446789421373978e+04 2.271275768420312670e+04 2.565093809447715466e+04 2.675575346336698567e+04 2.485665806365430763e+04 2.464582577260445396e+04 2.294961956285990891e+04 4.776501941523745336e+04 4.555304568770223705e+04 2.400527939054881426e+04 5.652394360324236914e+04 5.424374958733082894e+04 2.896409055581904249e+04 1.987207311569368176e+04 -1.448916831825054396e+04 2.635873308783600805e+04 5.260731153408397222e+04 -9.090622052317499765e+03 -6.981476375222089700e+03 -1.992852804687659955e+03 4.989699829748002230e+03 2.100805797279455874e+04 -3.890336677999579115e+04 -3.682383648803827236e+04 1.557482465039358067e+04 -1.658037307060934836e+03 -8.443402692355375621e+03 -1.137398573395332642e+04 -3.823902248696074821e+03 -8.663296869635792973e+03 -2.894916788165572507e+04 1.548708790360069543e+03 -1.074555283543301630e+04 -1.124547057945137931e+04 -5.615022775891466154e+03 -5.805872250784872449e+03 2.682820270652891122e+04 -3.275859983274010665e+04 -1.616296388792387734e+05
-1.171194739222118951e+05 -1.774348525839740250e+04 2.135782541445224342e+04 1.766579345669014947e+04 1.847594010498141870e+04 2.275572200102031638e+04 3.235352204530499148e+04 -1.096479356259816268e+04 1.592400034569423588e+04 5.729461155016904377e+04 -7.219088764832209563e+03 1.878355808061300195e+04 5.412819245306306402e+04 -6.033549862768253661e+03 -7.408350853511365131e+03 2.471264739331674355e+04 2.274739833301285398e+04 1.531311912185628898e+04 1.416993256309069693e+04 2.330615281243808568e+04 2.310882247867996921e+04 2.125332827010424808e+04 -1.646265668241539970e+03 -1.138565547604236053e+04 4.574397346077623661e+04 2.517535146384057589e+04 -1.116962448490073439e+04 2.172500241707899841e+04 2.390708484046626836e+04 2.695574537472572410e+04 2.151809655188233592e+03 1.768931774029665394e+04 5.254927665955651901e+04 -6.066767290030606091e+03 -1.776754340535250958e+04 2.643011047504830640e+04 -9.669241131050686818e+03 -1.525580532717873575e+04 5.355082114620000357e+04 2.217018446332070744e+04 -2.852075939008506248e+04 2.864421458551043179e+04 4.809007552452373784e+04 -9.689805432863300666e+03 -3.089021643245650921e+03 -5.115729325334541500e+03 -4.693880389240512159e+03 9.586676130187558010e+04 2.246407165913821664e+05
9.638095604997941700e+04 8.719941304443629633e+03 -1.390743984709844517e+04 4.566303738029092347e+04 1.586823382138391025e+04 -1.113187289898635026e+04 2.881578119573531512e+04 1.705405915432491747e+04 1.432737850002012055e+04 -6.096352663880677937e+03 -8.364813418447685763e+03 1.769650145943160896e+04 2.242373725021024438e+04 2.535403355199377256e+04 2.394598829356253918e+04 2.532156776185731724e+04 2.345072521740804950e+04 1.585267223228584044e+04 1.516295425317366607e+04 2.369334462084223924e+04 2.302453154770773835e+04 -9.287212396593633457e+03 -6.189300968253519386e+02 5.072988447514935979e+04 4.502351216491650848e+04 2.501004197009024210e+04 -1.075857656294843764e+04 -8.658219908102211775e+03 5.447574955644071451e+04 2.630236512719397433e+04 1.237068201298709027e+03 4.724717702061776072e+04 2.152808323546225438e+04 -5.628844451275741449e+03 1.253640660084786941e+04 2.545413749641730101e+04 2.074338789883762365e+04 -1.619961843520289403e+04 2.157546917413099436e+04 5.288718973126364290e+04 2.367550014023203403e+03 -2.732378306245838758e+03 1.716192663341638399e+04 -8.389886722143506631e+03 -1.469955918292107526e+03 2.576632346550456714e+04 2.573713888530631084e+04 9.815795565969753079e+04 2.307409071006964659e+05
2.123208387200428988e+05 1.263780455595406238e+05 1.290161404365795897e+04 -1.926587713111072662e+04 4.372640501809655689e+04 1.677752491450519301e+04 -5.859706413612002507e+03 1.335364085272885859e+04 1.224349731259277905e+04 2.308632416548789479e+04 2.041734437254490331e+04 1.580464285070775077e+04 -9.229871837887883885e+03 -5.616476529539795592e+03 2.332977014390050317e+04 2.521473754139151424e+04 2.361520090416891617e+04 -1.448893922948627733e+04 -1.468848690958111547e+04 2.361932579282438383e+04 -7.904610293917241506e+03 -9.322271222772396868e+03 3.033495032985234866e+04 2.020759605744393775e+04 -1.674188211662121466e+04 -5.835578436817886541e+03 1.960883539577477495e+04 -8.440291151346173137e+03 -6.767450949992140522e+03 -5.105265615566255292e+03 -3.029514632828065078e+04 -1.470970199123246130e+04 2.103047556956886547e+04 2.502853988058635150e+04 -1.811913623896555509e+04 -3.612202270349377068e+04 -9.540623455250082770e+03 -1.723925523110668291e+04 -4.011727312317816541e+04 -6.882015379087533802e+03 3.285286182508579805e+04 -3.651322510849771788e+03 -4.316164411779012880e+04 -3.677538922318496043e+04 4.262827061754069291e+02 2.648102944818668766e+04 -3.373451187610096531e+04 -7.835423344426084077e+04 -6.108115762210061075e+04
7.066481471774751844e+04 -9.538981195801170543e+03 -2.676289285009262676e+04 -2.508249524122220464e+04 -5.156677370410761796e+04 -1.925037727021846513e+04 -1.385595205341814290e+04 -5.350896971489422867e+04 -5.053203836898325244e+04 -9.358385587547669274e+03 -1.267679690863596079e+04 -4.627849293872716953e+04 -9.016558796574823646e+03 -3.719786535948514938e+03 -6.662632067309456033e+03 2.601691848467455566e+04 -3.359190756527810299e+04 -4.132359998358877783e+04 1.885552803141761979e+04 -4.753707723284605891e+03 -7.147451662604049488e+03 2.180457509588450921e+04 2.395031073974685569e+03 -7.759345916711077734e+03 1.326942635074377176e+04 -3.540604004971074755e+04 -3.896986804305901023e+04 5.241406763045243133e+04 2.284825276656222559e+04 -3.632114266700221924e+04 -2.607076650747432723e+03 -1.630274321461947693e+04 -8.895222398423597042e+03 2.659452429652450519e+04 -1.773641870589941391e+04 -8.386254118231772736e+03 -8.900422123552023550e+03 -1.888902207778304000e+04 1.650488453567957913e+04 -5.338599085225709132e+03 3.221941857191573945e+03 -6.147792646078974940e+03 -1.379133859736607701e+04 2.552505687461244815e+04 3.373018103011650965e+03 -2.588657661399338394e+03 -3.636517841951179435e+03 -4.221152662779745879e+04 -7.463027591103949817e+04
-1.386660721928637358e+05 -3.999828031155628560e+04 3.232189835456661240e+04 4.445083935424889205e+03 -2.188935361074982211e+04 4.011311230584394070e+04 4.539984850256585923e+04 5.861877285060458235e+03 8.969674957770592300e+03 2.036388733293278347e+04 1.700588225023238920e+04 1.317504139020457660e+04 2.073167818583896951e+04 2.605633048267917911e+04 2.303791419937623868e+04 2.599307025928285293e+04 2.590243036305767237e+04 1.817403155029750633e+04 1.891402828536228481e+04 2.494870504015124243e+04 2.250889990566064080e+04 -7.911035820579963911e+03 2.418984846153762192e+03 2.196696093873475911e+04 1.320959435179250431e+04 2.388206234623791534e+04 -9.270806191343726823e+03 -6.968276802654159837e+03 5.237767969767434988e+04 5.250642602011784038e+04 -2.860293261182814604e+03 -4.616223301141889533e+04 -8.988868224987745634e+03 5.625233650498546194e+04 1.183116622138158709e+04 -8.697726080427120905e+03 2.065341799403533514e+04 1.048999659207765944e+04 1.607810544111995841e+04 -5.400308756652491866e+03 3.049379838339780690e+03 2.304374872241186677e+04 1.555705700622632867e+04 2.552505386134731816e+04 3.405467854027170688e+03 -2.740996940265176818e+03 2.575751132666491321e+04 -1.227571181909216102e+04 -1.029725087502441602e+05
2.850984590681031113e+04 1.123385117418365553e+04 -2.751548102678556461e+03 -2.827775494151870953e+04 -2.357351417304016650e+04 7.309741336648585275e+03 -1.866558977286331356e+04 -2.706539632126805373e+04 -2.196340043199586216e+04 -1.065253939101239666e+04 1.518078048145980574e+04 -1.767779744695872068e+04 -9.029803743178490549e+03 2.653560489910887554e+04 2.224791380125680007e+04 -3.846634577348711900e+03 -2.665410069894278422e+03 1.919579777255421504e+04 -9.180001115164486691e+03 2.528370518848526990e+04 5.165229103280574782e+04 -7.515507463103975169e+03 3.051169670943694655e+03 2.252132714653277071e+04 -1.645901918542233761e+04 -6.359370170976093505e+03 5.002963659790111706e+04 2.290593165336764650e+04 -7.708083091420179699e+03 5.094727342628187034e+04 2.514181684309762204e+04 -1.736540675468841800e+04 2.052591163956088712e+04 2.741567518896778347e+04 4.146849490236502606e+04 1.942405221067043021e+04 -8.750044920452579390e+03 3.938827988633426139e+04 1.449871015400305623e+04 -4.893373355298535898e+03 6.205762693469336955e+04 5.134367927603347925e+04 1.518697723018698161e+04 2.642561108033999335e+04 3.382521301464294083e+04 2.685195437094074441e+04 5.522634854889518465e+04 1.371973630497803097e+05 2.269773038386452827e+05
-1.245002087368630455e+05 -8.114730324421543628e+04 -6.385749970329925418e+04 -2.962804019130993402e+04 5.217879112460650504e+03 -2.329766991650103591e+04 -5.075681445843650727e+04 -2.887255453751992900e+04 6.646363028557971120e+03 -1.156840235344134271e+04 -1.519128032261505723e+04 -1.848862309430842288e+04 -3.828347814254811965e+04 -2.342875452450243756e+03 2.123803210430196486e+04 -4.506816287030233070e+03 -3.127488921032624785e+04 -9.280703851109137759e+03 2.122024325231905095e+04 -3.947251781355589628e+03 -3.681760913998004980e+04 -7.378692626516451128e+03 3.183309935120632872e+03 -6.506997914693900384e+03 1.281152157724136487e+04 -3.663130157598026562e+04 -3.819557950206194073e+04 2.289669951263931580e+04 -8.958518956496729515e+03 -3.901931820189929567e+04 -6.154542954755132087e+03 1.089723507902829442e+04 -3.876781619896076154e+04 -3.091362877370580100e+04 1.182079774895089213e+04 -1.203516384382953402e+04 -8.975942512479261495e+03 -2.053533058424363844e+04 -4.655276865159964655e+04 -5.059380329330451787e+03 2.193412694032071158e+03 -3.905959793861256912e+04 -1.535091030309558846e+04 2.657654822891356889e+04 4.290623014822020195e+03 -3.304166223882930353e+04 -4.635276970365783200e+03 4.931664685005636420e+04 8.263710310289589688e+04
6.758384465138081578e+04 -5.749546834282230702e+04 -9.384907163606840186e+04 -5.768283925062858907e+04 -4.979182783150463365e+04 -5.126708815019810572e+04 -5.308033945926580054e+04 -5.790509138940254343e+04 -7.907056695752541418e+04 -4.047915297851429204e+04 -1.512494968061227701e+04 -4.716360478589197737e+04 -3.681935028987933765e+04 -5.842454243887914345e+04 -6.713307031444855966e+04 -5.789076986256928649e+03 -4.036667160107172094e+02 -3.564299056437448598e+04 -3.433493315984378569e+04 -6.134589825946016936e+04 -6.586386593669885769e+04 -6.270297321170684882e+03 3.737956076656759251e+03 -3.429980025524849771e+04 -4.450653947438695468e+04 -3.791878688978607533e+04 -3.726008492085390026e+04 -3.462968063991877716e+04 -4.044783635908958968e+04 -4.154514520167151932e+04 -8.718067397130769677e+03 -1.944377068750362378e+04 -6.793593364607682452e+04 -5.814745550960651599e+04 -1.626075426567695104e+04 -1.523706522246345412e+04 -3.794823392570833676e+04 -2.073322685653693043e+04 -2.040732447509048507e+04 -6.409347278618940618e+04 -5.836011139908793848e+04 -1.286574977682926692e+04 1.260431590140785556e+04 -2.528503444046014920e+03 -5.545040434022643603e+04 -6.506146472223906312e+04 -6.183909016253543086e+03 5.022647977879352402e+04 8.714465008277166635e+04
-2.017427696890078369e+04 2.870270675615756772e+04 2.201208638711253298e+04 -2.776037039628135972e+04 -1.932620300343842246e+04 7.752744229364907369e+03 5.437161899026250467e+03 -2.771302534471041872e+04 -1.964764245465639397e+04 4.766464587271909113e+04 1.530395246212705388e+04 -1.658393936406364082e+04 2.297014732059324160e+04 1.599141917831730098e+03 -7.671172815753379837e+03 2.454194181700589252e+04 1.607782268984068651e+03 -4.083901173435151577e+03 2.645218386300257407e+04 -8.854056685231626034e+02 -5.418566556327306898e+03 2.544464725273434306e+04 6.002390197390923277e+03 -3.168336431481290492e+04 -1.236297341238227091e+04 2.267764016331054154e+04 -5.153428130288521061e+03 -3.168959791684761876e+04 -9.153731854021403706e+03 -1.026785421694521210e+04 -3.614192208071469213e+04 -1.674447528974252054e+04 -6.132485981070145499e+03 -2.503317861875984818e+04 -1.253654175437978120e+04 -1.322412060442724032e+04 -3.460095735514187254e+04 -4.698297831841053267e+04 -4.798220669050353172e+04 -3.152937437655046233e+04 -2.637169859619469207e+04 -4.063892672289509210e+04 -4.435933951433969196e+04 5.165550076347790309e+02 -2.348055055204845848e+04 -6.352669168292760151e+04 -3.802868939673901423e+03 -6.725002991733337694e+03 -8.906582156196201686e+04
-1.706543988648628001e+05 -6.125651620663120411e+04 -8.103226091188844293e+03 -2.816205971219460480e+04 1.026023323094705120e+04 7.275362494256114587e+03 -5.467164618778036674e+04 2.120730339084984735e+02 8.320849836745823268e+03 -4.115731533151114127e+04 1.364088589965837309e+04 3.971906550490541849e+04 -7.730452761752530932e+03 2.549071359680965543e+01 -1.064541275292867795e+04 -7.838321962190035265e+03 5.796687771202408476e+04 2.374951582169160247e+04 -4.098835820332169533e+03 2.618598673085216433e+04 2.143079755798669066e+04 2.363614643647451885e+04 3.655164093070197850e+03 2.506317744453536579e+04 4.486696284206106793e+04 2.015212800775776850e+04 2.245118436258053407e+04 2.555372234812245006e+04 1.765896912300382974e+04 1.674595949429203756e+04 5.015074266266298946e+04 4.077548872883181321e+04 2.217229370522545651e+04 3.327954490159754641e+04 1.633855274762015324e+04 4.418886619678218267e+04 8.313408613597851945e+04 1.169818960144769517e+04 -1.975788628449675161e+04 8.672724851945508271e+04 9.179425841110022156e+04 1.796345884533377830e+04 4.459647374897018017e+04 6.008489208092206536e+04 6.592983812355656119e+04 8.555972201851522550e+04 5.627750590123460279e+04 5.343291069511859678e+04 9.038408521606359864e+04
2.826274376959196525e+04 -3.015455705070056138e+04 -3.035154574143237551e+04 9.160612971318158088e+03 -3.738170221942709759e+04 -4.259281573569754255e+04 8.275502309697913006e+03 -2.128541777419748541e+04 -1.396033999350047088e+04 -8.015660036326153204e+03 -3.975422214090940543e+04 -1.326134915187148727e+04 -3.498115719266934320e+03 3.965294576482847333e+03 1.986952271487096732e+04 -3.820155390581942629e+04 -2.744949598069084459e+04 2.910819013472064398e+04 2.217984903836622834e+02 -3.049354285263689235e+04 -6.058763360924829612e+03 2.749947214513669314e+04 4.918435534927994013e+03 -3.106257255974919826e+04 -3.827157761450505495e+04 -8.646283697744489473e+03 2.600683224998649530e+04 3.011228486648184480e+04 -1.175747893721547007e+04 -4.213999104991664353e+04 -3.741169791042918223e+04 -1.449545377661685779e+04 2.624089613062101853e+04 8.585435937711863517e+03 -7.328170878754390287e+03 -1.449147397419428307e+04 -3.225677819646076387e+04 -1.254153936402874388e+04 1.170036370283919678e+04 -3.572414217342156917e+02 -2.697105342624136392e+04 -1.157283653214128572e+04 1.617352606015624769e+04 1.489663167448998365e+03 -2.526236798978061051e+04 -6.257077156624274721e+03 -3.437638893374434701e+03 -3.959264020464580244e+04 -6.850346905790414894e+04
-2.450511632341658697e+03 -1.946920955379027873e+02 -2.824519053639960475e+04 -4.705576445980113931e+04 -5.107431120122782886e+03 -1.134073004868690623e+04 -4.963399307787767611e+04 -1.967006635764843668e+04 1.626368826211546548e+04 -8.349139540223404765e+03 -3.994630792163664591e+04 -1.323715998936680262e+04 -4.177804996579652652e+03 2.917852130049141124e+03 1.830988124434949714e+04 -1.124524473125353688e+04 -2.937323885387743940e+04 -1.072030454233754426e+03 2.916366224904774572e+04 -2.446695092949084938e+03 -3.759682136878833990e+04 -3.310713251412264071e+03 3.290619899562449427e+04 -2.636553905322100036e+03 -3.863442943489650497e+04 -1.037645042611990357e+04 2.505701985210180283e+04 -6.216915232653263956e+02 -4.377844514165184228e+04 -1.378007909093849594e+04 2.161080080244573765e+04 -1.505898802948679077e+04 -4.630013438436668366e+03 3.819222851991065545e+04 -7.566288543894421309e+03 -4.624973956058965996e+04 -2.860987086023495067e+03 1.778341787794488482e+04 -1.978660345499508549e+04 -3.218865815884777112e+04 1.881332206103485078e+03 1.751109462624310981e+04 -1.576962356310104951e+04 -3.078430835157627007e+04 3.145845443504862487e+03 2.223362492863083025e+04 2.593216882916766917e+04 5.027875214553170372e+04 8.090583484183170367e+04
-1.487893239872937556e+05 -8.313857745335553773e+04 -1.958887950822827406e+04 -8.676796841173199937e+03 -2.496966009246534668e+04 -3.229841007560025901e+04 -4.249891865081735887e+04 -1.076727474617649568e+04 -3.641524396472948138e+04 -6.327216932375449687e+04 -4.262169150751957204e+03 -6.979366482846613508e+03 -2.983748974336776882e+04 -5.406748175329988590e+04 -3.884302980164642213e+04 -1.068706923018913949e+04 -2.807248926124890568e+04 -2.716285654110834002e+04 -5.788910513991140760e+04 -3.082035528554115444e+04 -5.743543131684302352e+03 -3.061174480855691945e+04 -2.666013379304792034e+04 -3.076467570645036176e+04 -3.363675301356121781e+04 -3.907489500124935876e+04 -3.273269465455081081e+04 -2.739659738479537191e+04 -4.249968415722827194e+04 -4.191509602416765119e+04 -3.587918135075594182e+04 -4.087732705826064921e+04 -3.176119901181680325e+04 -1.951154041351401247e+04 -3.300585617427719262e+04 -4.403141299262642860e+04 -3.011503417103080574e+04 -3.730389321208356705e+04 -4.718382982013282890e+04 -3.046087405673453031e+04 -2.717441961576706672e+04 -1.055183868185871688e+04 -1.374189211055633496e+04 -6.125331365852645104e+04 -2.843520262831641594e+04 -9.017386215418780921e+03 -3.438161104611934570e+04 1.759139916059133247e+04 1.034503671013219864e+05
-1.508790621327352710e+05 -8.146069940383319044e+04 -1.532896984252159018e+04 -4.948016919224872254e+03 -5.223933639819733799e+04 -6.048527403807383962e+04 -1.070909583286265843e+04 -8.833332784706843086e+03 -3.688925510417902842e+04 -4.475246213696664199e+03 -5.097837485227617435e+03 -3.825504385706153698e+04 -3.276094735716469586e+04 -2.761572955976589583e+04 -1.170900845885626040e+04 1.546461736914352514e+04 -2.009196669241529889e+03 -3.009376339512527920e+04 -3.080858228830038570e+04 -4.219781237916322425e+03 2.142699780917586759e+04 -3.203769787942408584e+03 -3.112718897071329411e+04 -3.446026849502231926e+04 2.621559181847283617e+04 5.005395908418006729e+04 -3.592765668639936484e+04 -2.998086750405502971e+04 1.611231362519902177e+04 -1.377449900668591727e+04 -7.351914179307641461e+03 1.917353167329577263e+04 2.777098932303488255e+04 8.674505942472256720e+03 -3.764801711222273298e+03 1.568488273318507709e+04 -1.450842752965632826e+03 -7.405114317080006003e+03 1.313905296308803372e+04 2.922103844175569247e+04 3.274064963610726409e+04 -1.273360887280409224e+04 -1.606434131012065336e+04 6.122357619460718706e+04 3.113245931483164895e+04 -1.167143699480220675e+04 2.637319010449585039e+04 -1.699546448420640081e+04 -1.218170739011836704e+05
2.948326579207845498e+03 1.221377307476359420e+04 1.807830085395835340e+04 -1.826344361761584878e+03 -1.849274660984519869e+04 3.979407075385097414e+03 2.370964912333874963e+04 -4.670575695345236454e+03 -2.547111146705050487e+03 2.990248320071259513e+04 -9.660838246055063792e+02 -3.401891618064837530e+04 -2.912337898538674926e+04 6.537728148687165231e+03 2.296325792223791359e+04 -1.195264047186356038e+04 1.243446929874946363e+03 3.547367403356474824e+04 -2.710097335278982064e+04 -3.158008848316967487e+04 2.520286644547013566e+04 -3.030455279091274133e+04 -2.829820373575791018e+04 3.099693911557545653e+04 4.572503844973980449e+02 -7.630656724650296383e+03 -9.842368755198549479e+02 -2.573368457131437026e+04 -1.050515147639106726e+04 2.211329305515397573e+04 -2.343407033476862125e+03 -3.741952002092153998e+04 -2.969771917560149450e+04 1.295034837283293018e+04 3.313395899007440312e+04 -1.033127827395207714e+04 -2.781177488548558904e+04 -6.298118985432665795e+02 1.932027429022121942e+04 -2.895666152835462708e+04 -2.522966340547963046e+04 2.403156711763597559e+04 -1.137463970677345060e+04 -2.899948593752924353e+04 2.892692891036742367e+03 2.328659044389490737e+04 -3.218386182139569428e+04 -7.874517675882083131e+04 -6.304226631545880809e+04
1.596154874100467423e+05 1.089672724207048304e+05 5.431086370095738675e+04 6.477201883069938049e+04 7.865604356047697365e+04 3.979907026281580329e+04 6.011098502814990934e+04 6.246101731783722062e+04 3.235434415051690303e+04 6.471982430899515748e+04 6.513740769587457180e+04 3.226837494818028063e+04 6.681613887485582381e+04 7.111785141372820362e+04 2.687987715180497617e+04 2.130818790174089372e+04 3.416362321149790660e+04 3.917579530942020938e+04 3.806070250866468996e+04 3.284949666616739705e+04 2.812955914560030214e+04 3.674727416364476085e+03 -2.713968230847991072e+04 2.512474123795749620e+03 -2.604037361365067773e+04 -9.869637520198011771e+04 -1.238774591879334766e+05 -1.800992480470454320e+05 -2.278696466775728622e+05 -2.578375183505704626e+05 -2.514753317119902931e+05 -1.922354821467889706e+05 -1.545620957150828326e+05 -1.447573721781373024e+05 -1.226218455421619583e+05 -1.036982591330888681e+05 -5.910081074660387821e+04 -2.930153577035531634e+04 -4.173324942763429135e+04 -2.940662730106839444e+04 -2.529759463999664877e+04 -6.542451906425587367e+03 -4.308470396092149895e+04 -6.179522013379004784e+04 1.162650821497489233e+03 -9.607447800808557076e+03 -3.226291773782577366e+04 -5.038449279090797063e+04 -1.040078847220853204e+05
-1.797182878380407928e+05 -4.426794553466601064e+04 2.488198339327936992e+04 3.883575063373427838e+03 -1.359870405867695808e+04 -2.188677553902380168e+04 -1.589642204344272614e+03 3.151381954987306381e+04 3.151671100436942652e+04 1.474973197036888450e+03 -2.918443289847351843e+04 -6.652732059604022652e+01 2.663484278891701251e+03 6.585493677994236350e+03 2.486413982172962278e+04 -4.361403487680957187e+04 -3.099571396684058709e+04 3.677588457503588870e+04 4.266526255232747644e+03 -1.134094550798181444e+03 2.543892551446339348e+04 1.001006290316523518e+03 1.366895234095863998e+03 6.262703777378174709e+04 9.736552720802143449e+04 8.753897081478498876e+04 9.415223571995738894e+04 1.643831578703251434e+05 2.433071517062487546e+05 2.774576455238276394e+05 2.534242339950288879e+05 1.876466864309622906e+05 1.313541715030448977e+05 1.100759171164825093e+05 1.330503889868853148e+05 8.918607704894384369e+04 -2.433191177435219288e+04 -2.558902021439280361e+04 2.534098233445524238e+04 -2.617597441159887239e+04 -5.368380348401865922e+04 -3.486411677760747261e+04 -3.979729054844938219e+04 -5.887811612949054688e+04 -9.181218809884740040e+04 -7.066664093697885983e+04 -9.331684998527704738e+04 -1.764182116600556765e+05 -2.319716867900528014e+05
8.762788145104423165e+03 2.223777809529566730e+04 -8.489152768742933404e+02 -2.317328170669496467e+04 2.086846208694623783e+04 1.271553165948719834e+04 -2.884737758518893679e+04 4.062585033534618560e+03 2.004850531520845834e+03 -2.885671410534995084e+04 3.547798888757897657e+03 3.345482695032845368e+04 2.667887552815940580e+03 -5.745625313051274861e+04 -3.695878228434591438e+04 1.833046516258038173e+04 -3.315469091641706473e+04 -2.617477830091955548e+04 3.529114920936989802e+04 -3.400380205712279712e+04 -3.848040137090727512e+04 3.171511682448910869e+04 -3.241882317699497798e+04 -3.305667800392286154e+04 3.557618278078733420e+04 -7.249296843656149576e+03 -3.305301121057701675e+04 -2.560532308241823193e+04 -9.413948212168284954e+03 2.478038856934294017e+04 -2.255035928099787270e+02 -3.500272197212331957e+04 2.161486567929237935e+03 1.095139154931542362e+04 -2.834841465781213628e+04 -8.735023662157020226e+03 3.519684792176126211e+04 3.549188587814576022e+04 -9.096259337384115497e+03 1.284833226818584080e+03 3.784038588113618607e+04 2.548819362360530067e+04 2.022619852825294947e+04 3.276144758681781241e+04 6.355807131447357824e+04 5.342287474515601934e+04 6.362704471277582343e+04 1.392201842195926583e+05 2.093128171583492076e+05
-2.093721278564768727e+04 5.701411341753555462e+04 6.605056165251886705e+04 1.117190027289322461e+04 2.303019242273876444e+04 4.689672027219785377e+04 3.754896035068668425e+04 3.851539690222131321e+04 3.517687894520355621e+04 3.572272079443791881e+04 3.711041046539327363e+04 3.604211256722919643e+04 3.513673199253383791e+04 3.731458331196336076e+04 2.829278164019342512e+04 5.110280012711900054e+04 6.159177439083583886e+04 3.809514308464707574e+04 3.630276318493991857e+04 2.965358437097165734e+04 5.718011256365559530e+04 6.427237589494313579e+04 6.237450162676407490e+04 6.251824211678479332e+04 3.811323881003784481e+04 5.800166503613558598e+04 9.498501826863514725e+04 7.104237527149973903e+04 2.467309272440616041e+04 5.951449479878670536e+04 9.778460919711494353e+04 6.312695785571110900e+04 3.565201195626310073e+04 7.468964296975138132e+04 6.901077739079471212e+04 -3.810736062237969600e+04 -5.701951079678856768e+05 -1.302343672613499220e+06 -1.124504412328243721e+06 -3.830098151904520928e+05 -5.842936912580614444e+04 -6.272471429256489500e+03 -1.240864271036116406e+04 -3.261285077634966001e+04 2.951722041907440871e+04 5.200333065789879765e+04 -3.317053379898471758e+04 -8.818538601306464989e+04 -8.651939058996364474e+04
-1.147881999469245784e+05 -9.912402727903099731e+04 -5.765448518563067773e+04 -1.819291672902187565e+04 -7.359974827559199184e+03 -4.659379567165154731e+04 -5.517380215576849878e+04 8.712917415832693223e+03 -2.763567182322713779e+04 -5.891752724332036451e+04 -2.550972254364751279e+04 -2.631649391463730717e+04 -2.849824802775395801e+04 -2.695502336573554203e+04 -3.447769256745232269e+04 -7.612075721699523274e+04 -3.481381243036605883e+04 5.929915451561100781e+03 -2.784274713107151911e+04 -2.980757866171188653e+03 -3.899728108750423416e+04 -6.384077010065072682e+04 -2.533237338066101074e+03 -2.107055622618529014e+03 -2.586429063201649114e+04 -6.275974051386583596e+03 -1.572005165799288079e+03 -2.556134881713660434e+04 -8.048813938803505152e+03 -5.105883993674186058e+03 -3.090352556697314139e+04 -1.998561677173478529e+03 3.400435411196667701e+04 8.989793950459221378e+03 3.464191632228903472e+03 1.198414789253725903e+05 6.732464673643716378e+05 1.378871374022276141e+06 1.175270700063557830e+06 4.490770114443136845e+05 1.354211614257656038e+05 9.190672426339052618e+04 8.578925378795224242e+04 6.548623303475300781e+04 3.146754209999972954e+04 2.209131428768159822e+04 3.300797769712517038e+04 4.117621214914810844e+04 4.155898961384128779e+04
2.055661218237945577e+05 9.403900347911985591e+04 8.205678342783357948e+03 1.520423513604330947e+04 2.516962707537459210e+04 1.825680321780961822e+04 4.254236148815834895e+04 4.215712791396075045e+04 3.677069872617724468e+04 5.590869547449983656e+03 7.441948395571729634e+03 7.111799291451548925e+03 3.717973954335320741e+03 3.669235282053705305e+04 3.109083324583480135e+04 2.040804016665789823e+04 -3.227185169234784553e+03 6.532141537463758141e+03 3.642180304363135656e+04 2.913361820043063199e+04 -6.780264059198016184e+03 6.060617131895560306e+01 2.891342658229409426e+04 -1.985865297319745878e+03 7.513661331031617010e+03 2.689904962782753137e+04 3.081299971643608296e+04 6.921377445687554427e+03 -6.305380297708434227e+03 2.890741328505102865e+04 3.448081610549706966e+04 3.157047298504045466e+04 2.950424421578780311e+03 -2.369146773242391646e+04 4.161084608931670118e+03 5.772569684108006186e+04 3.496446865290612914e+04 7.636123553384102706e+03 2.686185908154585195e+04 3.219095740991169441e+04 3.834759285178736900e+04 2.726172038150265871e+04 2.052023111289594090e+04 3.172150510334191495e+04 2.934478111128570163e+04 2.060477348131820327e+04 6.387676898681139573e+04 7.037568472675082739e+04 4.130509909008513205e+03
1.417774364381330088e+04 3.152049631549745391e+04 4.232540928467642516e+04 4.846722255431811209e+04 2.492656135786091909e+04 1.887079036241630092e+04 4.475387517712076078e+04 1.134284812229443924e+04 -2.715387249656487256e+04 6.119865007058251649e+03 4.033463116909842938e+04 8.672719819296675269e+03 3.595267839264124632e+03 3.975321302714291960e+03 -3.066989706625463441e+04 -1.046538999711623183e+04 -4.057895918085676385e+03 -2.526995388470820035e+04 4.584670915792230517e+03 2.891266856051512877e+04 -6.832721138198277913e+03 -6.428620284510549391e+04 -3.616152089089161018e+04 -2.432147548824927071e+03 -2.326642665022515575e+04 -3.964925149921415141e+03 -3.319052166916681745e+04 -5.705062925320828799e+04 -4.748712270520743914e+03 -1.145133185200495063e+03 -2.844609436200697382e+04 -3.144272823032230372e+04 -2.901879831362759433e+04 -2.577582975820405409e+04 -2.824414679576876006e+04 -5.175353650120196107e+03 2.185850783134726953e+03 -5.488524223124851414e+04 -6.709539083647550433e+04 -6.824108411092311144e+02 6.298786613333220885e+03 -3.601748028449945559e+04 -1.153436272754330275e+04 -8.175177531668086885e+02 -3.541795140830796299e+04 -4.331777772458724212e+04 -3.175858732021877950e+04 4.351253247295462643e+03 6.233574550395103870e+04
2.081197160258305958e+05 9.746064075414330000e+04 1.226950786483939737e+04 -1.437366214086062973e+04 2.516866800084244460e+04 8.397096958389738575e+04 4.673357284103985876e+04 1.249617704917915398e+04 3.748573677177776699e+04 7.017788684752304107e+03 4.135188319196473458e+04 7.414307316619684570e+04 4.056643509538844228e+03 4.012599925044924021e+03 3.511995660141107510e+04 5.470532260631452664e+04 5.991032678779454727e+04 7.148533482686601928e+03 4.983626083412673324e+03 6.109784234460674634e+04 5.738800966500998766e+04 -3.387337230379926041e+02 2.742154853302058837e+04 9.333016967662834213e+04 4.121695950743713183e+04 -3.311454141221558530e+03 6.248518137610536360e+04 7.044502886856219266e+04 2.785193228628486395e+04 6.337310205068220966e+04 6.738744031114049722e+04 3.240349185769452015e+04 3.441877652541748830e+04 3.659853383782316814e+04 6.657841365842628875e+04 5.852293405303510372e+04 3.308979736233601579e+04 4.063172735157428542e+04 6.043526367866416695e+04 6.181461023632419528e+04 5.629779064329050016e+03 2.712364135484636063e+04 5.123329698777507292e+04 2.991152393311506603e+04 5.859381435904646059e+04 1.940054515522200381e+04 -8.319437140013906173e+02 9.731675315764598781e+04 2.167947615473510232e+05
-1.459060598269570619e+05 -6.286074859555810690e+04 -1.868850049067987129e+04 1.796555283304763725e+04 2.358103708073031157e+04 -1.273396415461314609e+04 -1.598434133193222806e+04 -1.922347013518452877e+04 4.980785202933417168e+03 -2.460505327413557097e+04 -2.206831777293689083e+04 1.151942927506758133e+04 -2.790868334792321548e+04 3.486642617790494114e+03 -2.612628976494306698e+04 -3.933848771819600370e+04 -4.209258308110234793e+03 -2.422006612381665036e+04 5.552504347870126367e+03 -3.422605685947922757e+04 -6.958322922204388306e+04 -2.239515152176609263e+02 2.706023352482594782e+04 -2.075694063096190803e+03 -5.289970368146908004e+04 -6.514687621063785627e+04 -7.367094900108058937e+02 3.881507143669301877e+04 -1.885953921300650109e+03 -6.151834993390372256e+04 -5.856035132543189684e+04 1.675184476189664565e+03 3.491216616093885386e+04 3.734396649524744134e+03 -2.865112802042864496e+04 -3.515435450914083049e+04 -3.014670221455150750e+04 1.037207132263574749e+04 -9.108844996079569682e+02 -3.294547980069171172e+04 -2.495349268836434931e+04 -3.472454205882968381e+04 -1.103049515746533871e+04 3.083933781948895194e+04 -3.836668997246073559e+03 -4.229141246090864297e+04 -3.080576357082452159e+04 -6.024200928280979861e+04 -1.318835134059179109e+05
2.370890622757723904e+05 6.466579907370031287e+04 -1.852710119477707485e+04 1.687694743974135781e+04 2.018224294501123950e+04 -1.450887185696045344e+04 -1.551394988840911537e+04 1.168350606545577466e+04 3.513690823048821767e+04 6.712531874654814601e+03 -5.416945263423270080e+04 -1.985521203750991845e+04 3.479706826998152246e+04 1.909220123779959977e+03 -2.365328127314567973e+04 -5.809888505609662388e+03 2.644638456433312967e+04 -2.451759166287955304e+04 -5.819762496335896139e+04 -2.805122154823038727e+03 2.547767856100102654e+04 3.007960468326929549e+04 -6.370854128617793322e+03 -6.604759521607763600e+04 -2.080395257304160623e+04 3.073574145237219636e+04 -1.722457410360337235e+03 5.527692860923707485e+03 -6.880046889999357518e+02 -2.816039873112452915e+04 4.367429375124513172e+03 3.233718991657957667e+04 1.915083768253796734e+03 -3.166464243899096618e+04 -3.086673829413481872e+04 -3.597290561592788436e+03 3.023781524592780625e+04 9.767048711946728872e+03 -3.695443627658241894e+02 -3.732752815703861415e+03 -2.604404758050807868e+04 -4.049342972284823190e+03 1.893188466026907554e+04 -2.212041023012920050e+03 -3.663656711229123175e+04 -1.127394147828451241e+04 3.069318994850630406e+04 3.053600089799152920e+04 1.960706647776468890e+04
4.308098883862840012e+04 -3.340181746170856059e+02 -1.853542267956072465e+04 -4.763870786526240408e+04 -4.635664525500033051e+04 1.571161125379143050e+04 -1.495467239234130830e+04 -5.244701634219381958e+04 -2.928069101762957871e+04 -2.474497969989897683e+04 -2.183497632708173478e+04 -1.853823454701341689e+04 -2.847620139538776129e+04 -2.981997097376734018e+04 1.094463612855179235e+04 -3.255283938779088203e+03 -6.759379519440699369e+04 -5.498288121918443358e+04 6.017979459138587117e+03 -1.805653011833783239e+03 -3.642632958857581252e+04 -1.218069078458822332e+03 -6.030752284568734467e+03 -6.465047577512450516e+04 -1.937991602870146744e+04 3.229447422170790378e+04 -3.228152919269655831e+04 -2.551428038656013086e+04 3.260506067716050893e+04 -2.572431689564860426e+04 -2.605200352321856190e+04 3.275242612464365084e+04 -2.861600853299023584e+04 -3.253579458541958593e+04 3.119661913631705102e+04 -2.276442642614594661e+03 -3.221966173849068582e+04 -2.032167045166715980e+04 1.464739370567258447e+03 2.739480066637031268e+04 5.848800367093412206e+03 -3.397547293658123817e+04 -1.128034521650988609e+04 -1.230917455104878172e+03 -4.592921078438172117e+03 2.107227990316459909e+04 -3.010446358908712864e+04 -9.266838946321466938e+04 -1.041525147104389034e+05
9.984944336756481789e+03 3.026299628458224470e+04 7.566848842485330533e+04 7.765239662956440588e+04 1.456271461414871737e+04 4.534911738155636704e+04 7.877663088846017490e+04 4.067736489843809977e+04 3.203196661750553176e+04 3.700264833430989529e+04 3.979285683308265288e+04 4.338766161381502752e+04 6.404046496812949772e+04 3.113815814926054736e+04 1.082359377964166924e+04 2.776685046672353928e+04 2.498720378702272137e+04 3.739043392823076283e+04 4.403034773131366819e+03 -3.352600103535223752e+03 2.455026995565272227e+04 2.766043944662669674e+04 2.280899215285903483e+04 2.699481086892768144e+04 9.934117421216669754e+03 -3.132445174618617602e+04 -3.425666704133442181e+03 3.380013780872110510e+04 3.104092837660571968e+04 4.129421175457417121e+03 -2.831293113966235978e+04 -1.013285836670267599e+03 3.054559158656060754e+04 -5.874560278316341282e+03 -3.448937782522985071e+04 -4.533150346251306473e+03 -4.910011249594490437e+03 7.775346175476457574e+03 3.010746657964778569e+04 -3.773518973990566155e+04 -2.788618165912289260e+04 2.460339158162255626e+04 -1.401692041370548213e+04 -3.448701720160897821e+04 -3.765234443533697777e+04 -1.161634505231628646e+04 2.833096413494794979e+04 2.617828045622449645e+04 1.405779263470272053e+04
3.361692677746765548e+04 -7.659985376812983304e+03 -2.382637037342641270e+04 8.014844150166027248e+03 3.589842236746335402e+04 6.101870707643742207e+03 -2.037966966337990016e+04 -2.828448307904187823e+04 -5.663801562623237260e+03 3.155767320451559499e+04 -2.704264470783533761e+04 -5.301500883942953078e+04 -3.161494656815193594e+03 -4.830856740009039640e+03 -2.006782336975447834e+04 -3.536201261449488811e+03 -8.939676321751845535e+03 -5.795681482471985510e+04 -5.925431101204588776e+04 -3.565929011732805520e+04 -3.875623257539689075e+04 -6.891551243024761789e+03 -1.102542252338025719e+04 -6.646958339406398591e+04 -5.299387605045904638e+04 -3.124831060442375019e+04 -3.620348842814555974e+04 -3.122672652592888335e+04 -6.022798017307635746e+04 -5.625007687165620155e+04 -3.052722082356916508e+04 -3.372250710322991654e+04 -3.251204166619585885e+04 -7.118794662877899827e+04 -6.798119638289770228e+04 -5.498138875118558644e+03 -3.830835145112382452e+04 -8.382143735943842330e+04 -3.036344562133326326e+04 -9.764775996736687375e+03 -5.858608451031646109e+04 -6.666218172205873998e+04 -4.419751748268013762e+04 -3.384552187984809279e+04 -3.669687177432930912e+04 -6.914576943294360535e+04 -6.130461095075571211e+04 -5.575620984309760388e+03 4.179191524686734192e+04
1.207240898802410811e+03 2.191213733429322019e+04 3.695766879274748499e+04 3.745822518743813271e+04 2.824256906169466674e+03 4.487758942414016929e+03 4.023002189904212719e+04 1.269173439650272485e+03 2.375106344261427876e+04 6.113372153864474967e+04 2.839098811382427812e+03 7.729761964874225669e+03 2.635355748177971691e+04 2.450020168384071440e+04 1.057262160233221948e+04 -3.348861329141014721e+03 5.094504085922375089e+04 6.237435388466104632e+04 3.064890558453043923e+04 2.379751595930429175e+04 2.047481684450758621e+04 2.131099291640566662e+04 1.726316688058443833e+04 2.241571246151567902e+04 3.524453001009533182e+04 5.681864304322504904e+04 5.106016879057267215e+04 -4.449529449339024723e+03 2.722480406955548096e+04 6.070006534195260610e+04 2.521487527177669108e+04 2.198284720303490758e+04 2.317342150548961945e+04 4.253710358811065089e+04 1.613101842987793498e+04 -9.895146942581282929e+03 4.493370344687730540e+04 5.902523506432771683e+04 2.384603063459508121e+04 1.357727786438760813e+04 2.404788924497552216e+04 1.578831860446382780e+04 8.808641548093874007e+03 1.908298644033493474e+04 1.630520807084417902e+04 1.370021989278018009e+04 2.021920608764037024e+04 1.637973649078037124e+04 5.375824916409328580e+03
2.819866567151620984e+04 -1.105437243008054793e+04 4.799395337468013167e+03 3.499172893847565865e+04 2.916169098345562816e+04 3.222605355491396040e+04 -2.095480271003904636e+04 -2.981856323982350295e+04 5.296427600755120511e+04 3.085611983085979591e+04 -2.617989475227662479e+04 3.903288436034915503e+04 5.690671039803416352e+04 -3.421804404904833063e+04 -1.587191706115842680e+04 6.013613261195138330e+04 2.304017920163474628e+04 -2.561662384570806171e+04 3.037528079294133931e+03 2.657489124423588510e+04 2.324106898129681940e+04 2.320247080031546648e+04 1.972627006209225510e+04 -4.137984548578853719e+03 7.920087781676673330e+03 2.999347350152679428e+04 -5.669414487201836891e+03 -2.162208040244877338e+03 3.071437999635233427e+04 3.426810238306641986e+04 2.747753640811427613e+04 -4.501961012720348663e+03 -3.196229522902297322e+04 1.535535300732566975e+04 4.798408075643227494e+04 -5.477472523052550969e+03 -1.025674867036273645e+04 3.325030106178025017e+04 -5.795234718241554219e+02 -1.130128804594274698e+04 2.834415830846419703e+04 -8.594963631766979233e+03 -1.507713187718760310e+04 2.435844780498891487e+04 2.171627620176886558e+04 1.943413823959412548e+04 -3.373797196836909279e+03 -6.473859731951884169e+04 -1.326060735012273653e+05
-9.913152890221695998e+03 1.068265434791101870e+04 2.735798022738888903e+04 -2.026570969901535136e+03 -3.925807268446078524e+04 -3.454986041935625690e+04 2.609165512549225241e+03 2.227448564342920145e+04 -4.063793456967678503e+04 -3.187562378501751664e+04 2.834664560126840661e+04 -2.302445993787831685e+04 -3.482758568658026343e+04 2.117007567081598972e+04 1.294159937446237018e+04 -2.722580154542815580e+04 -3.553285548696298792e+04 1.846171515062451363e+03 2.984320217714410683e+04 -3.205880990426521748e+03 -3.506175831018475583e+04 -3.666030964523088187e+04 -1.021138511569009279e+04 2.458120509225405112e+04 -2.242752506688726135e+04 -5.668714391184045235e+04 -7.009209208190324716e+03 2.295855913485871861e+04 8.903410745552973822e+02 -2.406309892103308812e+04 -5.021467747865302954e+03 -6.113782694447028916e+03 -3.115613301313726697e+04 -1.642248661635682220e+04 -1.269634057010995457e+04 -3.315808509796619182e+04 -1.125211071572254878e+04 3.117490287986584008e+03 1.114786157267808449e+02 -1.129794842854604940e+04 -2.881293151702263276e+04 -8.609934202104515862e+03 -1.314398501010140171e+04 -2.990202397311804816e+04 -3.161911015427910024e+04 -4.947256291052268352e+03 2.626873279223224381e+04 2.201996287680231035e+04 1.392892214935214724e+04
1.426028274057887029e+04 -2.166670165781397372e+04 -6.068952615227317438e+04 -6.116596154577564448e+04 -1.435344898956827819e+04 -8.940784456208290067e+03 -2.817363162728725001e+04 -3.690779826923983637e+04 -4.093707675492623821e+04 -3.846706449403427541e+03 -1.165802593168453313e+03 -5.099874423438444501e+04 -6.229125807760277530e+04 -7.444118777639232576e+03 1.333713329950114712e+04 -2.490141487418441102e+04 -5.326381252671126276e+03 2.172200173372402787e+03 -5.378295350994449109e+04 -2.941025974956573918e+04 2.284460968163318466e+04 -3.523085448629013263e+04 -6.422307567612745333e+04 -1.821509157016524114e+03 6.413213372288504615e+03 -2.677481457503733691e+04 -6.085852840042090975e+03 -5.255911406420636922e+03 -2.581326689280103892e+04 5.013117878988967277e+03 -4.996588974026730284e+03 -3.278363657766010147e+04 -1.288653524243505672e+03 -1.543937194976001047e+04 -3.939562515239231288e+04 -3.084928572381613776e+04 -3.727369308704510331e+04 4.306224204192403704e+03 2.015128960483940318e+03 -9.477050187415326945e+03 6.743438713600626215e+02 -3.445394506532466039e+04 -1.073012828623177484e+04 5.474129319189814851e+02 -2.840906985482445452e+04 -2.921307738608436193e+04 6.144031984152970836e+02 2.377229690580861643e+04 1.670014771836437285e+04
-1.887775218696333468e+04 7.398918492253869772e+02 -9.116257358109520283e+03 -9.769729613908508327e+03 7.027985738241113722e+03 -4.162661951471818611e+04 -3.303417650138723548e+04 1.323693675745741348e+04 -4.357004191202568472e+04 -3.475796066486509517e+04 2.195639134442899376e+04 -2.630231587187145487e+04 -6.395168279501373763e+04 -1.075852615467738360e+04 3.627633889118442312e+04 1.028167752956447657e+03 -6.037590111838653684e+04 -2.815004039381165057e+04 -9.738315755384974182e+02 -5.655384225450686063e+04 -3.326472794549778337e+04 1.708824245404683461e+04 -3.631633576704196457e+04 -5.584103945206163917e+04 3.201876259117969312e+03 -2.839484022988446304e+04 -6.176532448851490335e+04 -9.004266835690956214e+03 -2.756088511989198014e+04 -5.157588336442119908e+04 -9.308884705242318887e+03 -3.354077058524169843e+04 -5.477904582832739106e+04 -1.664169775816850597e+04 -3.971908139414170000e+04 -5.648199674178619171e+04 -9.802602013223688118e+03 -2.339019453735093703e+04 -5.118973159958844190e+04 -3.515483895316708367e+04 -2.601584716787328944e+04 -6.944991856289707357e+03 -8.224412646668497473e+03 -4.950203956133947941e+04 -4.983941725688084261e+04 3.121373090543784201e+03 3.025365875509800389e+03 -5.391393200465181144e+04 -1.110309490948554594e+05
-1.528647082115639350e+05 -8.132866950560128316e+04 -3.749889429163886234e+04 -1.152390853734685516e+04 4.127351394563447684e+03 -1.640709385916125029e+04 -8.335973074717912823e+03 1.116663992928805237e+04 -1.624088600801765278e+04 -7.948632012703441433e+03 2.083190677978565509e+04 -6.053562014127965085e+01 1.636114291293779388e+04 4.195044245716414298e+04 8.100902851438135258e+03 -2.454437713488009467e+04 -4.650741711084323470e+03 5.117799390049183421e+04 5.160937937675041758e+04 -1.331439840141676541e+03 -5.060155646933759272e+03 1.726846038858636894e+04 1.841515120991974982e+04 2.594823762570738108e+04 2.926383117737713110e+04 2.437678329064511490e+04 1.846406650845891272e+04 1.675561586685947259e+04 -1.173783181875398441e+03 2.725305071944622978e+04 4.198207456589455978e+04 -5.840493779978860402e+03 5.467817335737927351e+02 3.725537770253132476e+04 4.054511933034512185e+04 -1.298406251298598363e+03 -7.389921605936135165e+03 3.058358005248014524e+04 2.970226783858385170e+04 -5.739347777562201372e+03 2.540506441728459322e+03 2.124667141004478617e+04 2.159913271316321334e+04 3.350403837626804307e+04 8.029893208877445431e+03 8.485662848688662052e+03 3.299369436368581955e+04 2.926111944951111218e+04 2.672394951572595164e+04
-1.779437462222994945e+05 -5.544684108288491552e+04 1.399809800845103746e+04 -1.223996464803350682e+04 -2.291972752340370789e+04 8.768220380006809137e+03 -9.518668318341937265e+03 -1.573549045424438373e+04 9.684971599781420082e+03 -8.305936635879334062e+03 -5.813660395506260102e+03 2.525297480984592403e+04 1.582025832409270515e+04 -1.069126201880862936e+04 -1.876947449229190534e+04 1.561930198804504471e+03 2.180976778035983443e+04 -1.458842589345294982e+03 -8.692793134832754731e+02 2.507595485833007842e+04 -4.560092063038566266e+03 -3.439761279179945996e+04 -6.936261072405628511e+03 2.661492199375058408e+04 3.193402540637063794e+03 -1.735460489871999016e+03 -7.178757196234189905e+03 -9.218821550020962604e+03 2.469764943467448757e+04 -2.469083568605153414e+04 -3.596979535708687035e+04 2.092045540950506984e+04 1.888165765849524178e+03 -1.348406679084297502e+04 -1.024384165619271516e+04 -1.437525498622562736e-01 1.995209970831636747e+04 -2.016158527199880336e+04 -2.099906415445746097e+04 2.163836023770266911e+04 3.721213937096574227e+03 -3.568134491215620073e+03 -2.715588930586818606e+03 -1.668025962833782251e+04 9.814743463648279430e+03 1.026319718221199582e+04 8.266751636110930122e+03 8.209318058128590928e+04 1.833815108981779194e+05
-2.169685606000706321e+04 -5.436376256693649339e+03 -1.322330099152165349e+04 -3.718252242309972644e+04 -4.684247520752251148e+04 -4.231441734009422362e+04 -1.315743205224860867e+04 -1.553600680956158612e+04 -3.804088433389554848e+04 -3.263030034227993747e+04 -3.005790132418042776e+04 -2.694186215027005528e+04 -9.578386292851057078e+03 -9.940063931862823665e+03 -2.250244772527366149e+04 -2.371617704367966144e+04 -2.501250951550902755e+04 -1.746866363391744926e+03 -2.514433156669837263e+04 -2.216630100825567933e+04 -1.341163250326590060e+03 -2.983631407230859259e+04 -1.796660110994711431e+03 -1.839635961019645765e+04 -4.509299173427270580e+04 -1.631971321767297923e+03 -4.021511791797936894e+03 -3.214526143390691141e+04 -2.586490755405976961e+04 -2.422342777048471908e+04 -3.391693082434353710e+04 -2.352544054243470600e+04 9.885097249352766084e+03 -4.530817646300274646e+03 -2.650409363355713140e+04 -1.698037867899981211e+04 -2.075843278784304857e+04 -1.220148056541805272e+04 -1.348147592594608432e+04 -1.883296663349025766e+04 -1.336164841108256951e+04 4.504386674670822686e+03 8.337269132025510771e+03 -5.247343311493750662e+03 -3.042607879324408714e+03 -2.766805311752244597e+04 -7.027917779923474882e+03 9.046997170895230374e+04 1.914284378953721607e+05
3.992864284082344966e+03 -2.883022154506763036e+04 -3.670679757255129516e+04 -3.590965985611546057e+04 -4.488844279112527147e+04 -1.692432540992741997e+04 1.045064738573273280e+04 -1.449758476286666337e+04 -3.592153802368559991e+04 -3.168735758372348573e+04 -2.907513876969461853e+04 -2.607252546295116190e+03 -9.065218344039745716e+03 -3.364756918774218502e+04 2.127630190807394683e+02 4.620007041375502013e+02 -2.340618864283898438e+04 -2.600969048304249009e+04 -2.457517036207718047e+04 3.559831593302078545e+03 -2.098695965832594084e+02 -2.812716645654292370e+04 3.675480198580771685e+01 8.196241032565114438e+03 -1.947563486086440389e+04 -2.597955748613456672e+04 -2.719089938414981589e+04 -6.332581815950121381e+03 -9.835134123567695497e+02 -2.402247195539533277e+04 -3.279164315492376045e+04 -2.073106597963478998e+04 1.283531604072771734e+04 -1.011654067551571643e+03 -2.286293611396098277e+04 1.090911300474533346e+04 8.008824670978239737e+03 -3.397250450914731482e+04 -3.566510167031086166e+04 1.000182317424329813e+04 3.968276703119053855e+04 -1.734766853245630045e+04 -3.765101985220087226e+04 2.350143170682739583e+04 2.627183553180680610e+04 1.955937639577314258e+03 -2.857611810351983877e+04 -5.744780443463227130e+04 -5.752858063817152288e+04
-1.759781068714801950e+04 -3.426058901823125780e+03 -1.162804569845320657e+04 -3.417269986064638215e+04 -4.223808488517533988e+04 -3.933283353864679520e+04 -1.408644158393144608e+04 1.061868535645771772e+04 -9.800502964644634631e+03 -3.076164814294314419e+04 -4.220778152230166597e+03 -3.025300586013996508e+03 -8.551903766347095370e+03 -9.042897004692349583e+03 -2.615979179827263579e+04 -3.450399605207494460e+02 1.906381467706582043e+03 -1.842845413775648922e+03 2.391643543378449976e+04 4.563990231254138052e+03 -2.318208383861926268e+04 -2.206279380770749412e+03 1.881631966971326619e+03 -1.407666375976987183e+04 5.585871139483118895e+03 2.272190675052115694e+04 2.307656482502349536e+04 -4.949839067994616926e+03 -2.505310001666657627e+04 5.663269100478501059e+02 1.749340761394705623e+04 7.058427340234571602e+03 -8.130202356551337289e+03 3.304430661373713519e+03 3.061003800743493775e+04 3.917023791873360460e+04 1.281113773758977186e+04 1.941975587629717484e+04 4.208928451436808973e+04 -9.663473057444178266e+03 -5.619637596536966157e+03 6.173068142903497210e+04 4.245751779089902266e+04 3.778399052389446297e+03 3.224660836160163672e+04 5.812174525257416826e+04 2.739957778947407860e+04 -2.634319761564206419e+04 -7.638522680586835486e+04
-8.240047117578797042e+03 3.673958506551571190e+03 -5.705657815269660205e+03 -2.716728662984681432e+04 -9.692302017356269062e+03 1.462031618866606732e+04 -1.054972757090581581e+04 -2.920559211663203314e+04 -1.711180694110284094e+03 -1.824790876416955143e+03 1.261323004728241358e+03 1.499105215771705844e+02 -2.706088917795568705e+04 -4.435835236799903214e+03 -3.784859824809245765e+03 -2.226799564203244518e+04 7.463280220108514186e+03 2.513808361371047795e+04 -1.987884272821247578e+04 -3.742586499720343272e+04 6.673806842882157071e+03 2.891322012554155663e+04 9.735137500101729529e+03 -5.974892254744219827e+03 -1.279521163494791836e+04 -2.154614147671964020e+04 6.193315975542762317e+03 2.473812810785631882e+03 -2.055435878137359396e+04 4.408132818061945727e+03 5.686548611266189255e+02 -5.710808071889798157e+03 3.606887493806483690e+03 -7.109007631661341293e+03 2.019234204490217962e+04 2.671577496017573867e+04 3.144005956128239632e+03 6.821077098720706999e+03 3.149305771221435862e+03 2.975866270106044249e+04 3.190496369090373628e+04 -5.930240731657249853e+00 6.589772561856079847e+03 1.641852922184628551e+04 2.132147186639485881e+04 2.177078495355084306e+04 1.485943966166814789e+04 -1.421158644632622600e+04 -6.503890617139346432e+04
-1.158843972545582510e+05 -5.964067774591964553e+04 -1.278352236549835652e+03 5.759775318438187242e+02 -3.510393835895229131e+03 1.926703819393878803e+04 -8.089449362305458635e+03 -2.439461467845831066e+04 3.153479648462933255e+03 2.443711064377566800e+04 4.348255630175088299e+03 1.863945442018972244e+03 -9.239137949771247804e+02 -2.557659961836179718e+04 -5.078034241159912199e+03 2.529013466730254004e+04 3.361820095189614221e+04 3.115649629617109895e+03 -1.773135103721867199e+04 -1.108160721341846511e+04 9.670422503841051366e+03 3.302941946079954505e+04 1.380902496108325431e+04 -2.117499448650050908e+03 -9.841633751639223192e+03 4.591414122842077632e+03 3.442444810614694143e+04 7.074126517400145531e+03 -1.798855190485488856e+04 6.737836740503611509e+03 5.313842845789738931e+03 8.383378566942992620e+02 9.799791832338203676e+03 5.953481767210178077e+02 2.811947291833360214e+04 3.342519289464695612e+04 1.121331691625528038e+04 1.336140973435255000e+04 8.626554914517328143e+03 1.265845777408679714e+04 1.390186664240894606e+04 3.169489240506652277e+04 1.329763353947782889e+04 -2.654823885822959710e+03 5.354126410296867834e+04 2.828246478748036316e+04 -2.995524768368352670e+04 -3.423471302958193701e+04 -3.544991879607457668e+04
1.424555002298438339e+05 5.933240167039910739e+04 -2.173397608217779634e+04 -1.987692337366749416e+04 2.313127326167887077e+04 -1.518683349713668576e+03 -3.071426241716834193e+04 7.918170691119303228e+02 2.823620258626764553e+04 1.534944476443335589e+03 -1.859850838460262457e+04 1.013864681008228217e+03 2.233161890588234382e+04 -2.681973049475338485e+03 -3.152837131900012901e+04 -9.659240400644193869e+01 3.281948375253708218e+04 1.723871476424385037e+03 4.849632839905094443e+03 1.170223182096378878e+04 9.024429100972993183e+03 3.313606736395739426e+04 1.360989411070479582e+04 2.137790795881288432e+04 3.736049281462321960e+04 3.304202742874720570e+03 -1.394710641296111862e+04 7.021589333890020498e+03 2.907807526527899972e+04 2.958540385356169645e+04 2.979061112826452882e+04 2.604958838463058783e+04 3.488311199151219625e+04 5.113390125334261393e+04 2.964399185322682024e+04 3.444052524719142821e+04 6.224423417239452829e+04 6.398101740953291301e+04 5.903693952772300690e+04 6.460920672834600555e+04 4.069179089594376273e+04 3.355100621934968513e+04 6.576432365167402895e+04 7.492676231777301291e+04 8.155340454919514013e+04 5.644600966596027138e+04 7.523552268307009945e+04 1.487073517747913720e+05 1.992355095111967530e+05
4.217447814502520487e+04 2.474197208939585835e+03 -1.191085094789741561e+04 1.322585197311127558e+04 3.566843288775999099e+04 9.068349416193144862e+03 -4.638046759238932282e+04 -1.193588902184262406e+04 3.877561192988650873e+04 -1.396289983124006540e+04 -3.410916397027898347e+04 7.287887640122731682e+03 6.548384222842287272e+03 -1.955553570849588141e+04 -5.354536152735818177e+03 4.492224977584497537e+03 -8.375372608425095677e+03 -1.653127323254011571e+04 -1.286346813169075176e+04 1.816238894389243796e+04 1.603115333418833325e+04 -5.807252402009849902e+03 -2.317217458039580379e+03 4.616943706932885107e+03 -3.929108146694488823e+03 -1.501385629962902749e+04 -5.596181357686815318e+03 -8.025750121742021292e+03 1.145140828564745607e+04 1.115268066991108935e+04 -3.454230633185937768e+04 -1.257616541668510763e+04 4.429453766497329343e+04 3.836100308311881963e+04 -8.509071937878674362e+03 -5.971471364027936943e+03 2.365925331774639199e+04 2.280456382315611700e+04 1.563565825403196504e+04 -1.793538198398891836e+03 -1.823585062520462088e+03 1.550656362349400297e+04 2.151727535034291213e+04 2.799199670844012871e+03 -1.624162453139433637e+04 8.763500774803105742e+03 3.797986294372822158e+02 -3.030186219228187110e+04 -3.342160485830320977e+04
6.186094768199836835e+04 1.802029033220605925e+04 -2.994164451956748962e+02 2.487341123138321564e+04 2.608139377465704456e+04 -3.398353960656095296e+03 9.593654730124399066e+03 2.306850916036643321e+04 1.492688073194585741e+03 -6.385866702476050705e+03 -2.882327926636149641e+03 -1.092646031902410323e+04 -3.463027240795781836e+04 -6.288199423317564651e+04 -5.186312804988119751e+04 -4.062572929775345256e+04 -7.895153522549659829e+04 -6.251339282229306991e+04 -3.361879560892703012e+04 -7.745580822986083513e+04 -7.909390370419707324e+04 -7.526542031671857694e+04 -7.371249268355326785e+04 -1.841918786056352474e+04 -1.803269347583468743e+03 -1.329888388369000131e+04 -2.690239049756207169e+04 -5.373069940163996216e+04 -3.696127876959518471e+04 1.239827790210265084e+04 4.548210064938751748e+04 4.240667729114642862e+04 -3.852569369191649457e+03 1.815418977959756012e+04 7.288597182341615553e+04 4.817724965192619129e+04 2.838820607314119843e+04 5.159977304836511757e+04 6.889183605380819063e+04 5.389926601928875607e+04 5.412507566012232564e+04 4.541839365439987159e+04 2.375664771825534990e+04 5.643394148180994671e+04 9.147494389500946272e+04 9.065265957207861356e+04 5.621423428005055757e+04 -1.785336032043676823e+03 -5.969536850461689755e+04
4.012442119419568917e+04 4.339290210162289441e+04 4.798888055345736211e+04 4.858438137220218778e+04 2.560614540532696992e+04 1.948743155866389861e+04 5.629824366333195940e+04 4.558871454413741594e+04 2.342597896087681875e+04 6.392044322914441000e+04 6.746730815735645592e+04 3.483235696010527317e+04 6.040153206296960707e+04 8.133355275407661975e+04 6.817502572404916282e+04 8.027402999927298515e+04 9.173897454573311552e+04 8.442610654630695353e+04 1.146409126318757917e+05 1.459773299089283100e+05 1.208665147059945157e+05 1.015255990266450390e+05 1.040700025882690388e+05 1.105492733197751222e+05 1.032968993519897922e+05 9.275623020017513772e+04 8.029068218835152220e+04 5.456007718370540533e+04 4.660584980796556920e+04 7.152931190386880189e+04 8.042774106754211243e+04 5.198940907139319461e+04 5.696620776550867595e+04 8.009356380993255880e+04 8.431411854020552710e+04 8.560167358082241844e+04 6.630229293194122147e+04 6.370425636967422906e+04 8.111409838136739563e+04 6.688274966581934132e+04 6.752350724447763059e+04 5.892555216734809801e+04 6.346266411681403406e+04 9.638355785282340366e+04 7.870886373217264190e+04 5.060114938067249022e+04 6.996762130642333068e+04 1.472095425846041180e+05 2.511496527504613623e+05
8.894319705053925281e+04 3.888117128663000767e+04 1.460405778780110995e+04 1.381099444843130186e+04 -9.142487776989582926e+03 8.726856852881581290e+03 2.174463772855233401e+04 -1.453842022106985678e+04 1.094257395481684944e+04 2.746532185410615057e+04 5.242629478743736399e+03 -4.850564556545548839e+03 -2.439167919510509819e+03 1.798565053206402808e+04 3.511279268714133650e+03 -3.570363738428574288e+04 -2.768005807651212672e+04 -8.326186992053408176e+03 -2.381390640512108803e+03 2.686381424486171454e+04 2.705717607022958691e+04 8.231352641596458852e+03 7.599623156711488264e+03 -1.449189033592111082e+04 5.029897626082121860e+03 4.688883518916553294e+04 7.922722062794287922e+03 -1.821820312907225161e+04 -2.822253184858680470e+03 -5.293462050613015890e+03 3.269489345955643512e+04 5.274853810144115414e+04 2.738193003839126322e+04 2.653382879856505315e+04 3.034980269178047456e+04 2.954003247607032972e+04 3.602695694484283740e+04 5.827651930070725939e+04 4.759488380543199310e+04 6.771351332426984300e+03 3.453034060366959602e+04 5.165103116392887023e+04 2.588891488558139827e+04 5.816448176396117196e+04 3.996773014660045737e+04 9.928530261386156781e+03 5.706499694380941219e+04 8.041836430085805478e+04 7.485575065715087112e+04
7.783697109203782747e+04 7.728976895101371338e+04 7.633968492766140844e+04 4.801098412193820695e+04 2.430509065772639588e+04 4.265736097731860355e+04 5.745420987805118784e+04 7.222129495174167096e+04 4.431669614918077423e+04 9.580107920919544995e+03 3.923003653646452585e+04 5.530765131290540739e+04 3.242785739304962044e+04 2.657410562009316709e+04 4.010246180027023365e+04 2.574825449468332954e+04 3.928761527058679349e+03 2.608216179127338546e+04 5.976108346745602466e+04 3.432816105370873993e+04 9.013537877763141296e+03 4.435021096316643525e+04 6.887362853391109093e+04 1.823473708209366305e+04 1.343143674370387453e+04 5.864185515703863348e+04 4.576436199014997692e+04 2.003584090445659240e+04 8.639635180588811636e+03 5.445597358921077102e+03 1.882705565105416463e+04 6.339079557481489610e+04 6.169449513341573766e+04 7.832354786805924959e+03 1.208118325856060255e+04 1.053551880730094854e+04 -1.098898309312056517e+04 -1.699340447608852992e+04 -2.883008179778698832e+04 -4.276404038799216505e+04 -9.743514396628653049e+04 -1.373210485925667454e+05 -1.964595150097733713e+05 -2.783839165224351455e+05 -3.553157553455095040e+05 -4.750303680854254635e+05 -6.285581625966024585e+05 -7.778789177868715487e+05 -9.000818579288744368e+05
-4.681130683224182576e+04 6.065926170558668673e+03 5.787582308956189081e+04 8.195085822080733487e+04 5.704473348829196766e+04 2.171332998463185504e+04 3.848625403741601622e+04 5.262932037294376642e+04 4.980174128955701599e+04 4.242026108375284821e+04 1.815406379202613607e+04 3.481678594136610627e+04 3.910627571603981778e+04 3.265698150440584868e+04 2.143995515012647957e+04 5.775068432849337114e+03 3.426588799920867314e+04 3.116499121853848919e+04 1.141684386995621026e+04 3.786465673678318853e+04 3.990690701844863361e+04 2.176038720383075997e+04 4.524406777665723348e+04 4.734329426981281722e+04 1.616192849265639961e+04 8.895533663744557998e+03 2.260794283443831955e+04 2.418951727100652352e+04 1.253785980225076491e+04 8.543499394145328552e+03 -5.340012148953901487e+03 9.201741968863905640e+03 3.306622556003290083e+04 3.469431178848022682e+04 1.114423437800710235e+04 -1.837540664506376197e+04 -1.302165614994007046e+04 -4.747529201878941967e+04 -5.957015212014094141e+04 -4.558411730016801448e+04 -1.000008905126019818e+05 -1.406975008078737301e+05 -1.450784173636926280e+05 -1.706643301245644107e+05 -1.900052496054562507e+05 -1.670921478641680442e+05 -1.191047188395167468e+05 -6.646259593893808778e+04 -1.601031550904666074e+04
-4.056588479550556076e+04 1.358403206220828724e+04 3.776279826008247619e+04 5.375791749102048925e+03 6.752485810429789126e+03 5.541177037724990078e+04 4.821494895353679021e+04 4.943021669750995898e+03 6.286859052488289308e+02 2.395166957518084746e+04 2.648781781172147021e+04 1.697119239950554038e+04 2.275029859185450914e+04 1.614496340625918674e+04 9.911139842297408904e+03 2.016838342649864353e+04 1.513487577642082761e+04 1.506852630642242730e+04 -4.640164513548370451e+03 1.928633870789779758e+04 5.101114594202952867e+04 4.584493043075664900e+03 -1.808268377499189228e+03 2.706833424716017907e+04 2.569072513899295882e+04 -6.194090039061760763e+03 -2.157512967271028901e+04 9.268728478346019983e+03 -1.779578514105931390e+03 -6.390454493550359621e+04 -4.997660390217804525e+04 -4.160568425868440681e+04 -1.351414958073294547e+05 -1.901672129108919180e+05 -2.148106217535678588e+05 -3.030576726610884652e+05 -4.440449236438145745e+05 -5.955467161763237091e+05 -7.532891196184202563e+05 -8.856149173525020014e+05 -9.414908211395977996e+05 -8.997130957222564612e+05 -7.363368555295146070e+05 -5.034098045583227649e+05 -2.341019090940263122e+05 4.880187142873136327e+04 3.013966061762785539e+05 4.143449659037278034e+05 4.086941169251706451e+05
-8.212335469725047005e+03 -1.088491816859459504e+04 1.305079840502003208e+04 6.562146981188561767e+04 9.430204279051395133e+04 5.843565240822499618e+04 -2.664194939134176821e+03 8.664313805929967202e+03 6.080363627785118297e+04 8.789070734812406590e+04 6.102543701563257491e+04 -4.440660491527465638e+03 2.781041281123179942e+03 5.420993788458872586e+04 5.419935040728887543e+04 3.390117534436285496e+04 2.223005160369217629e+04 2.534043809515418252e+04 3.452074241766240448e+04 -1.881821840070188046e+03 -2.559163425205042586e+04 -1.558272088790545240e+04 -2.428170404833508655e+04 -8.253976085485168733e+04 -2.547262112994216150e+05 -5.428551892473470652e+05 -1.022768924002885818e+06 -1.656374317799057579e+06 -1.956731846125038806e+06 -1.619385604694251204e+06 -1.031091516052548308e+06 -5.675570773411882110e+05 -2.612559104469274171e+05 -1.140476806569495238e+05 -2.284311805531615391e+04 1.493074495650944300e+05 3.538877129022148438e+05 5.216400255219205283e+05 7.135324770444999449e+05 9.310775746684493497e+05 1.054589410655901069e+06 1.072562770480292151e+06 1.037511008069556789e+06 8.703514873163660523e+05 6.800457263796140905e+05 5.884089633336390834e+05 4.657227984335623332e+05 3.477419046012797044e+05 2.847831240013991483e+05
-5.207900829263960077e+03 -8.184902727953159228e+03 1.563537551584884568e+04 3.904017215536440926e+04 3.725816460675559938e+04 6.025002191163363750e+04 6.038017677172317781e+04 1.159646125888680399e+04 -2.403028766770148650e+04 -2.299377455783540790e+04 -5.060779824649227521e+04 -2.022058362545793643e+05 -4.262816934034343576e+05 -7.218098351001386764e+05 -1.006527805633085896e+06 -9.696122309420027304e+05 -6.949769608362119179e+05 -4.868863752298054751e+05 -3.908368669947956223e+05 -3.430650915103615262e+05 -3.090699495325679891e+05 -2.710637600833433680e+05 -2.236443012009845115e+05 -1.673797832580748945e+05 6.647849440632853657e+03 3.251487217482635751e+05 8.264386548328916542e+05 1.464563484271059744e+06 1.773820664746744558e+06 1.479299679133107886e+06 9.149103573476905003e+05 4.833163872300059302e+05 2.699975551373805501e+05 1.865749044946278445e+05 1.633608196699060500e+05 1.339878869385574944e+05 7.669480438460584264e+04 7.175263581128092483e+04 6.121790841250924859e+04 4.501764569198712707e+04 8.281241224554856308e+04 6.848110599065013230e+04 5.639930660254321992e+04 6.173110140225593932e+04 1.344800619321223348e+04 3.408437927893828601e+04 8.467236200027423911e+04 8.381884494970995001e+04 8.054631144448509440e+04
-9.272798473102736170e+04 -1.544160143149201758e+05 -2.184425796387949376e+05 -2.531637926699476666e+05 -2.544217399525223300e+05 -2.302606818726052879e+05 -1.990761086723067565e+05 -2.182551048329334008e+05 -2.243423813514530193e+05 -1.930157635986687383e+05 -1.621951619934407063e+05 -2.251335031382087618e+04 2.183453043326152256e+05 5.023651524155864026e+05 7.384948262872055639e+05 7.142661803873491008e+05 4.927352490616617724e+05 2.650442955791366985e+05 1.578816706643555954e+05 1.476177327282493352e+05 1.245294989572720369e+05 1.049837119772564038e+05 6.570815420476731379e+04 6.439969787694257684e+04 9.591221678099816199e+04 7.095075449382420629e+04 5.231396126269828528e+04 8.493497143819706980e+04 1.064298901887376560e+05 7.042635805992165115e+04 8.169039240165124647e+04 7.847115471871779300e+04 6.516594876389740966e+04 9.709869917831372004e+04 4.477769487741147168e+04 4.462966310355078895e+04 1.010533501481404528e+05 6.787764360371534713e+04 5.827329210034804419e+04 6.955991369555681013e+04 5.098645293386653066e+04 6.483645355707267299e+04 7.921463483537058346e+04 5.644062494568037800e+04 3.672272904193960130e+04 5.543881128978682682e+04 4.764326309581496753e+04 -9.975323221296537668e+03 -6.951575815502926707e+04
-1.831293145331436535e+05 -6.838004534976789728e+04 1.452186824782984331e+04 3.778006704582367092e+04 4.403584832325577736e+03 -3.027796797076007351e+04 3.359668401768431067e+04 7.062318040028912947e+04 4.789207726134976838e+03 -1.986046974401688203e+04 9.886108346108871046e+03 6.476903141970973229e+04 7.418259268772084033e+04 1.165479206247255206e+04 2.368712231516838074e+04 5.636809086805442348e+04 3.324504396354319761e+04 6.998082165373483440e+04 7.874515289789991220e+04 7.766144413035362959e+03 1.492044644750410225e+04 5.194285214849503245e+04 3.973497064696869347e+04 6.645558678777876776e+04 7.058560023520828690e+04 2.121002677304204553e+04 2.948852236440882552e+04 6.180905567889579106e+04 5.668779958999960218e+04 4.843063024221919477e+04 2.725725163385516498e+04 1.703402582206774969e+04 2.976452742295828648e+04 3.076099174504750408e+03 -1.915905644942529034e+04 -1.878636658802861348e+04 -2.436807705089438241e+04 -2.621937424235523213e+04 -6.223547780100477394e+04 -8.220476148417196237e+04 -9.721216550300654490e+04 -1.412844220933039906e+05 -1.581908096469119773e+05 -2.060108644989675959e+05 -2.825379693252036232e+05 -3.791289667031368008e+05 -4.698680568562132539e+05 -4.942698372277651215e+05 -4.920109715085610515e+05
1.410519807384116284e+05 7.881733139452990144e+04 1.491529261082179801e+04 9.068824642454288551e+03 3.270506861095782369e+04 -1.283221161575042061e+03 -2.151013381313532227e+04 1.401534078439005316e+04 6.434482691780429741e+04 4.218918512051457947e+04 1.283073842874733964e+04 4.046772365283685212e+04 2.196706787683069706e+04 4.754712749447206443e+04 6.396645231056025659e+04 3.628351214574655751e+04 6.697765970719046891e+04 4.745302988711046055e+04 5.519518175977279316e+04 6.907702723925464670e+04 1.968430669163359562e+04 5.474717895762319677e+04 6.994691562955285190e+04 3.907078239717520773e+04 7.225568981666601030e+04 5.448878950002853526e+04 3.295204726891842438e+04 6.451617660175549099e+04 6.092859042983036488e+04 5.190695153432898223e+04 2.830605694849509746e+04 1.406961289263563231e+04 -3.074304305773577653e+03 -2.999305522651411593e+04 -2.283431367570289876e+04 -2.231214949104480911e+04 -5.853054581501061330e+04 -8.642166700621618656e+04 -9.202799722232151544e+04 -1.412285747163692140e+05 -1.818193894493746047e+05 -1.970654129335891048e+05 -2.425841149597538752e+05 -2.592852213743029861e+05 -2.513771677715707920e+05 -2.919406255858476507e+05 -2.968745552565089893e+05 -2.082838466006801464e+05 -9.333967589190788567e+04
1.371297134095220827e+05 7.523463988356525078e+04 1.227358107338665286e+04 6.945889929193072021e+03 5.805661348626017570e+04 8.163044590241042897e+04 6.335516960098175332e+04 4.040588772011693800e+04 3.280096014001173899e+04 4.056900397496059304e+04 6.798869494930852670e+04 6.818236690654890845e+04 5.032948594482144108e+04 4.838652609905687859e+04 6.722995175194228068e+04 9.481284826935746241e+04 6.677117039274901617e+04 4.824312810960691422e+04 5.524612513865577057e+04 3.986534946365281940e+04 7.577086697972833645e+04 8.106728741346148308e+04 3.909478488843899686e+04 3.666559899313130882e+04 1.407404119265254121e+04 2.615236855897796340e+04 5.985727591090835631e+04 6.270777066500170622e+04 3.271785634162381757e+04 -4.334243714984040707e+03 -2.365983300551306456e+03 -1.951697601558431052e+04 -6.490977636363822967e+04 -9.196706324873969425e+04 -8.393704950780363288e+04 -1.381020364174033748e+05 -2.031097549339755205e+05 -2.545287242348426953e+05 -2.849565010285004391e+05 -2.795515958301250357e+05 -3.435429283129643882e+05 -3.579756512321191840e+05 -3.212656019133274094e+05 -2.808801438348019728e+05 -1.666368136074753711e+05 -4.675598093017464271e+04 5.595409108442324214e+04 1.426696556108063669e+05 2.014863596297767945e+05
-1.477756972843779949e+05 -9.759973784210160375e+04 -4.650946363137336448e+04 -4.928320661245382507e+04 -8.387745450221700594e+04 -8.868521303200392867e+04 -1.016831172598176345e+05 -6.846098018402693560e+04 -4.793161665991644259e+04 -6.592383721406801487e+04 -4.025061156047739496e+04 -6.387880243040849018e+04 -7.951048268500014092e+04 -5.177699378953546693e+04 -5.691644083271964337e+04 -6.027527594182177563e+04 -3.464201503258672892e+04 -5.149503609834934468e+04 -1.002660834931884310e+05 -6.184622633561954717e+04 -5.333988156809925567e+04 -1.035969616798684583e+05 -9.087885939108685125e+04 -9.257271202775865095e+04 -1.138044747014646418e+05 -7.366922944434924284e+04 -6.848174447513895575e+04 -1.192746404165520798e+05 -9.350347778759908397e+04 -4.968627209018450230e+04 -7.720569500204850920e+04 -1.228879919627800118e+05 -1.138729532054283191e+05 -6.054292164422816131e+04 -2.489142638340126723e+04 2.037285004625911824e+03 4.300052254024206195e+04 1.269512484568988439e+05 2.036874839031951269e+05 2.323420917140896199e+05 3.011530423798841657e+05 3.901973517274021287e+05 3.957299823206256842e+05 3.800560228465482360e+05 4.075358866955508711e+05 3.613937797397364629e+05 2.750003724076671060e+05 2.537844216942896601e+05 2.586496948797092773e+05
9.669040806358668488e+04 8.867969861719757318e+04 5.975583188381278887e+04 9.707778645679354668e+03 2.751490928611019626e+04 7.116690509894391289e+04 6.106596238940255716e+04 4.189201770554063842e+04 3.506921341206185753e+04 4.284272877586769755e+04 3.980407847499009222e+04 7.056873010995326331e+04 8.154057117295448552e+04 5.897472741431553732e+04 1.047583966911769967e+05 9.775876955187409476e+04 4.741961616266056808e+04 5.549210691620826401e+04 5.670714927196966164e+04 6.733545486145882751e+04 7.488548863271709706e+04 5.018329228274519846e+04 6.035726769740006421e+04 5.908611758030025521e+04 3.874337484274289454e+04 5.060164179740232066e+04 5.452911089552796329e+04 5.588779627461929340e+04 7.961659787717496511e+04 6.943558749684586655e+04 1.392478427296748850e+04 1.746482249262067489e+04 4.813194324728124775e+04 2.058456393249810208e+04 -1.752636496006749803e+04 -2.107083419861743459e+04 9.160354724153992720e+03 1.812002189486526186e+04 -6.295497483515588101e+03 -1.000473177613451844e+04 5.666673964879068080e+03 1.411088695283979177e+04 -3.416059369628725108e+03 -3.388730369129934115e+04 -3.663387642038293416e+04 -1.168900583084905520e+04 -1.252615192992397351e+04 -4.850132469349732855e+04 -8.692048808763385750e+04
-4.186864832008708618e+03 -1.593858867272501811e+04 -1.866444921382935718e+04 -1.293445600225822636e+04 -1.906331522739492357e+04 -2.842869797983438912e+04 -3.673107340437125822e+04 -2.835657391900893344e+04 -1.131341611762764660e+04 -7.155135089997198520e+03 -1.083427061734257222e+04 -4.893475945922541723e+04 -3.874025914672527870e+04 1.169325369177386165e+04 4.624372725083958358e+03 -4.250953769369516522e+03 -2.124510814406671852e+04 -3.940815958805613627e+04 -1.929605374840319564e+04 -2.952595631417351251e+04 -4.564266282715831767e+04 -4.727825028239752282e+04 -8.305392394366223016e+04 -6.018420158507087035e+04 -3.388878163648780901e+04 -7.039622061070977361e+04 -4.338930828555003973e+04 -1.963299229304544860e+04 -6.523375229298823979e+04 -7.381262907641928177e+04 -3.785243314749101410e+04 -5.532740997354302090e+04 -7.072122660203644773e+04 -5.206127300509251654e+04 -6.153129316371632740e+04 -6.750364394276397070e+04 -6.417075343779288232e+04 -2.852952661516622175e+04 -4.583924911567009985e+03 -1.044670124305400532e+04 2.622670818527729716e+04 1.329664234508562367e+04 -9.371645638020709157e+02 6.107364463736349717e+04 5.486484143417363521e+04 9.858972319925669581e+03 3.375159137765917694e+04 8.855969609197869431e+04 1.387727029088980053e+05
-1.932910668750992045e+04 5.967070831393415574e+03 2.416374503431149060e+04 3.451564438844798133e+04 3.003819902718532830e+04 1.800491772068198770e+04 2.990331236767815426e+04 4.038868764648213983e+04 3.509087563637876883e+04 3.395287846913561225e+04 2.974577008659258718e+04 3.711287832935334882e+04 6.602968205785145983e+04 5.086598084279103205e+04 3.669415151700377464e+04 4.766513545182533562e+04 2.001279853284370620e+04 3.878432552242884412e+04 5.277994298754492775e+04 6.237004729919135571e+03 -1.067989548493642360e+04 6.456369451188948005e+03 3.458695886394707486e+04 1.527409528673172463e+04 -2.351557406422216445e+04 -2.832458171469741501e+03 1.428232096659485251e+03 -1.948421875567873940e+04 -3.482888730650418438e+03 -1.124399106629437301e+04 -4.259932057553669438e+04 -5.349389085575245554e+04 -6.568724692158884136e+04 -7.001792415045201778e+04 -7.501084994175477186e+04 -8.758762359444517642e+04 -8.737662987201474607e+04 -8.826160322263621492e+04 -8.531783874495889177e+04 -7.483558083913504379e+04 -8.464745125762445969e+04 -7.528426468547001423e+04 -6.138326910935559135e+04 -6.029012067796431074e+04 -5.471669662598293507e+04 -5.995407071954089042e+04 -4.884639004274501349e+04 -5.380317762697768921e+04 -8.912899664515748736e+04
-7.205994245683547342e+04 -6.457087267335731303e+04 -5.124612649058696115e+04 -5.161111227498628432e+04 -7.260341172310290858e+04 -7.106231167505029589e+04 -4.798053867969429120e+04 -5.435467021132353693e+04 -5.927982525638071820e+04 -5.216520151094300672e+04 -7.518214009032829199e+04 -6.908359248074702919e+04 -4.559150346583907958e+04 -4.062454536731820554e+04 -4.699271196906920522e+04 -5.300714837416308001e+04 -2.653990668943151832e+04 -3.531995396711863577e+04 -6.177629456651629880e+04 -2.168005080224247649e+04 -1.722933714627288282e+03 -2.217320788447989617e+04 -1.230460223247075919e+04 -1.008370721450762358e+04 1.142327546112949494e+04 4.507017865049431566e+04 3.189179080189194065e+04 3.268484898231702391e+04 6.673566781711997464e+04 1.004879478114889935e+05 9.082847095618490130e+04 6.627129393862572033e+04 9.445305487664893735e+04 1.090238435991341248e+05 1.046683474993916461e+05 1.265911400367621100e+05 1.261149268026928185e+05 1.073872973132531042e+05 1.090671769622712745e+05 1.359776118007717305e+05 1.418052973021987127e+05 9.446087929885875201e+04 9.056075952714285813e+04 1.092874951660634397e+05 7.441277756763188518e+04 6.780517708859387494e+04 6.224567796743931831e+04 2.069935046980416519e+04 -1.597469111467976109e+04
-5.208363061567067052e+04 -5.585861775994999334e+04 -4.532991054380545393e+04 -2.415793076623230445e+04 -2.806840972858481109e+04 -4.386599004530579259e+04 -2.455655582860344293e+04 -1.492815834586512938e+04 -3.753325633151689544e+04 -3.683699942106612434e+04 -4.083069728716515237e+04 -3.760372528427984798e+04 -1.746809645701432601e+04 -1.725433585757855326e+04 -3.719779506005576695e+04 -5.441492628568087821e+04 -1.851462134945913567e+04 -1.251394829014316201e+03 -2.550073519378202036e+04 -1.567942230758490041e+04 -2.759980975824902998e+03 -6.688973837299272418e+02 -7.072678059921599925e+03 -2.583211264602138544e+04 -2.254509754333412275e+04 7.130201076506054960e+02 2.151159303437452763e+04 7.056234101764857769e+02 -2.368682301923399791e+04 -2.313591191108577186e+04 -1.107197490520775318e+04 1.250031400180899072e+04 -9.183636988163867500e+03 -9.147896464273857418e+03 3.973389550519583281e+03 -1.667486926773557207e+04 -9.703890095115639269e+03 -7.480174435768276453e+03 -6.270869188010750804e+03 -1.292710329405957600e+04 -1.381610552314651432e+04 -1.996601569699181709e+03 -1.115283541992539540e+04 6.188694830052787438e+03 4.922270113602455240e+03 -1.262204672588268295e+04 -7.041650196188129485e+03 -2.956289451889408519e+04 -7.407081620331085287e+04
1.224853972945128917e+05 7.864218333677854389e+04 5.240321947640046710e+04 7.531393225741339847e+04 8.908962624642299488e+04 7.701125234307249775e+04 7.895198331039864570e+04 6.716800067020813003e+04 6.389001141971687321e+04 6.499607853795168921e+04 6.250412026740377769e+04 6.456389045866671950e+04 4.550083814072422683e+04 4.114201234013296198e+04 3.645439135812909808e+04 2.474752955691656098e+04 2.139498576900223270e+04 1.425679201114689931e+04 3.372602893243310973e+04 2.589153919252566993e+04 -6.035450976050808094e+03 3.223121297197649255e+02 -4.774768761708401144e+03 -9.029289272148278542e+03 1.807569300202897284e+04 -2.000106146966561209e+04 -6.714786192140297499e+04 -5.162459542887529824e+04 -5.465576600225176662e+04 -9.195980387565214187e+04 -1.166564888114226051e+05 -1.097671576598079409e+05 -1.292116274681760115e+05 -1.664110951684414176e+05 -1.826589740888448432e+05 -2.031444943824315851e+05 -2.059312796173615498e+05 -1.680302662169563991e+05 -1.474452188878784946e+05 -1.477258236496705213e+05 -1.316863165254472988e+05 -1.185853800791667454e+05 -1.011237584680199798e+05 -6.641534949332696851e+04 -4.160210779256900423e+04 -4.759695018059556605e+04 -6.126695736806152854e+04 -4.615245628607238177e+04 -1.170521059218957089e+04
6.693740497575781774e+02 3.313216723443471710e+04 4.348839985788796912e+04 2.035397352447034791e+04 2.934129655623110011e+04 4.574544287461321801e+04 6.192314512736629695e+03 3.438173540344054345e+03 2.243626921990654955e+04 6.189407450729049742e+03 2.629964343621401349e+04 2.639968910225440050e+04 -1.840274167916504666e+04 -2.790812818187985977e+04 -7.687971965642645955e+03 9.941173333500031731e+03 4.554170984193042386e+02 -8.564201800618306152e+03 -2.130535443138782284e+03 -9.941699913470074534e+03 -2.196716552425699774e+03 8.394027837784931762e+03 5.291433560196310282e+03 2.104830017779018090e+04 7.605997112986980937e+03 -7.962208866665634559e+03 6.216521788155660033e+03 2.318089154345220595e+04 2.376528802473336691e+04 3.153182065871085797e+04 7.468606876966066193e+04 1.045798285849743988e+05 1.088621178752514388e+05 1.178017997412825061e+05 1.682463773095515789e+05 1.962507846296647913e+05 1.760488932163570134e+05 1.488642620522298967e+05 1.278071686314069084e+05 1.093986414346725214e+05 8.313201857032254338e+04 9.983006716152885929e+04 9.833100134215760045e+04 1.863936930720182136e+04 2.800805255537736230e+03 5.032546967180666979e+04 3.714723014563764445e+04 7.243195722112432122e+03 -3.409362945235334337e+02
-2.490695777902146801e+05 -8.569613751198630780e+04 1.527521499141579261e+04 -2.723368555540224770e+04 -4.621677935094339773e+04 -5.585834357189014554e+03 -6.948128996009472758e+03 -2.464725267956970492e+04 -2.416378247813554481e+04 -5.080146361142396927e+03 -5.273344648885540664e+03 -7.451319091196637601e+03 -5.703001265937928110e+03 -4.271603047091048211e+03 -2.992651499080238864e+04 -9.272065265395096503e+03 1.423247910424845759e+04 -2.950739084219088545e+04 -5.358385891275241738e+04 -1.012175706709967926e+04 3.321013191889494192e+04 -1.106072725990111940e+04 -1.074468945618718863e+04 3.410717765043955296e+04 -1.262125978450081311e+04 -3.644828648248233367e+04 -8.255954823689535260e+03 1.184059257066115970e+04 9.083408637088839896e+03 -7.380913167144171894e+03 -6.744662808778230101e+03 -2.732256783638166962e+04 2.153402028721733950e+04 4.848817610036366386e+04 -1.488026518782140920e+04 2.543680247996206162e+04 4.771870237600500695e+04 5.162962078757118434e+03 2.424914412549755070e+03 2.340415954473422607e+04 2.059961105929675978e+04 -4.583153544226661325e+03 1.724040269706159597e+04 2.036267393967125099e+04 1.472925914742500754e+04 6.035673386359121650e+03 3.660064945346734021e+04 1.321419547038375167e+05 2.175468846230040072e+05
2.413993567632860504e+05 7.487136875890428200e+04 -3.315810012107237708e+04 8.087142670411267318e+02 1.720570996432797983e+04 -1.975912937836250057e+04 -1.617682012991281226e+04 -1.094509531976596918e+03 -4.082107148133218288e+02 -1.382943872333271429e+04 -1.426793194375932217e+04 -1.584179999917984242e+04 -1.241301704954821616e+04 -1.330178995383903384e+04 1.781958920881152153e+04 1.654467407497460954e+03 -3.453110664791893214e+04 8.681641718721948564e+03 3.310298098163912073e+04 -1.085700973024358973e+04 -4.769690416404034477e+04 -9.835250349715177435e+03 -8.188243297918234020e+03 -4.776275161479128292e+04 -1.128279245254799025e+04 2.042737512296298519e+04 1.143578378832869930e+03 -2.005731085169830476e+04 -1.124214557698008139e+04 1.491502817982112174e+04 1.467149109637830406e+04 1.891439195227588061e+04 -1.022211275907445815e+04 -1.959849366103310604e+04 2.601542127638825332e+04 5.416294175667571835e+02 -1.249351789476338308e+04 1.447893612785270670e+04 1.245365449402015656e+04 -1.367301194986794144e+03 1.820534985163307283e+03 1.080617125815484906e+04 -1.483189936931012198e+04 -1.533092897880112287e+04 -1.128631440689778537e+04 -1.056345719262020430e+04 -3.052167998277617153e+04 -9.445862007705651922e+04 -1.540930290493976208e+05
