-2.552768763692392386e+05 -1.867512984333052300e+05 -1.273652391418545449e+05 -1.165175169177291391e+05 -1.646940430816812441e+05 -1.885017286674883217e+05 -2.024135498288614326e+05 -2.599123978235732066e+05 -2.738730739856966538e+05 -2.896359732304199133e+05 -2.967296302308888407e+05 -2.210252294226167724e+05 -1.974924408003152348e+05 -1.951192169002522714e+05 -7.060162775829201564e+04 7.468350596441188827e+03 -9.736855707132956013e+03 6.840824533966509625e+04 1.257866078418623656e+05 1.175487563863042742e+05 1.673913063747517299e+05 1.691811658083902439e+05 1.551566242511605378e+05 1.925078776722033508e+05 2.315099846697421744e+05 2.898580869782539085e+05 2.965044619728038670e+05 3.261297779928878881e+05 3.959502425779235200e+05 4.229713296027170145e+05 4.327236241572084837e+05 4.234514342790913652e+05 4.201925664951016661e+05 3.943353584837426897e+05 3.447258621946478961e+05 3.199787558493471006e+05 3.243083304958851077e+05 2.888031436064813752e+05 2.693156943536128383e+05 3.542894327445460949e+05 4.981652099630325101e+05 7.411554451159783639e+05 9.701543601082153618e+05 9.236064647815739736e+05 5.350977416604328901e+05 -2.868184136843821034e+04 -5.593289172907075845e+05 -8.929123012336920947e+05 -1.081503996167123318e+06
-3.666280728253629059e+04 1.012030061090807430e+05 2.338482868303521536e+05 2.871718014873201028e+05 3.175595172322664876e+05 3.718441023060767911e+05 4.382585425574323162e+05 5.330188054912835360e+05 5.578499839103327831e+05 5.803217774229141651e+05 5.751050330225373618e+05 5.029070541489413590e+05 4.878775070757499780e+05 4.860367981642364757e+05 4.200653651771834120e+05 3.103396560447891825e+05 2.159286680061679799e+05 1.405636930769560859e+05 8.279751795257639606e+04 3.641744369815557729e+04 -2.533566406057577115e+04 -9.559861861986981239e+04 -1.806996770774644101e+05 -2.150772257422795519e+05 -2.081654941378018120e+05 -2.202095949464000296e+05 -2.466421432245624601e+05 -3.143555446428041323e+05 -3.091234390346654691e+05 -2.395975238101799041e+05 -2.138758012357265688e+05 -2.128725863428739249e+05 -2.063840658529088832e+05 -1.461882799176784465e+05 -8.237760153875563992e+04 3.648720844750589458e+04 1.830588079023711034e+05 2.509357394316525315e+05 3.380656596981130424e+05 3.983829733393019997e+05 4.174910104858108680e+05 4.069270439096372575e+05 4.462948170853893971e+05 6.310181204447983764e+05 8.565085763279972598e+05 1.127104333986041369e+06 1.363518822694934905e+06 1.471091249324949458e+06 1.529357363907711580e+06
7.766047084423014894e+04 -9.408316395083558746e+03 -2.782123661761044059e+04 -1.385426670311065391e+04 -6.044725753893551882e+04 -4.661169511451595463e+04 -5.245449435734364670e+04 -1.037339022140259622e+05 -4.885653273163386621e+04 -3.179072935779008549e+04 -7.347211390893789940e+04 -3.785783730734698474e+04 -1.736930443456920329e+04 -5.709100749342725612e+04 -1.540914588743355125e+04 2.537762330661271699e+04 8.896098356099100783e+03 8.035752136238384992e+03 2.589008980961807538e+04 5.761061774550401606e+04 3.644427215831447393e+04 4.267014808688161429e+04 6.829552824428910390e+04 1.055718237488324521e+05 1.485926654822740238e+05 9.882706718542089220e+04 1.046769503510405775e+05 1.776664406143849483e+05 2.136336121168458485e+05 2.065427703563180694e+05 1.964568110203252872e+05 2.272081662795341108e+05 1.938155507311067486e+05 1.156170673041834234e+05 1.755339127008395153e+05 2.229851922862781794e+05 1.629589073061832169e+05 1.619474879212978994e+05 1.532145298177966033e+05 9.052208646309713367e+04 -8.706900985080865212e+03 -9.988082029295573011e+04 -1.428086876757239224e+05 -2.148653685899998527e+05 -1.897458065187048051e+05 -8.978214310318412026e+04 -8.365791769337223377e+04 -7.435393094677268527e+04 -1.912743881843966665e+04
6.375504781445306726e+05 5.463758426899039187e+05 4.555184803401062964e+05 4.358271133895504754e+05 4.244623587801652029e+05 4.020698761323182844e+05 3.994974225427901838e+05 3.503167359994589351e+05 3.290517793601611629e+05 3.052850265319829341e+05 2.975350479261036962e+05 2.921599514351692051e+05 2.713856640227097087e+05 2.940902486642338336e+05 2.180823627057359554e+05 1.474516737218438648e+05 1.620597402805290185e+05 4.634950575094996020e+04 -1.540391581308175810e+05 -3.336372243864932097e+05 -5.987753042155946605e+05 -9.368094657453731634e+05 -1.149852517508499790e+06 -1.176822624906053301e+06 -1.089990212329920847e+06 -9.253572113330119755e+05 -7.079548651134237880e+05 -5.560570889585516416e+05 -5.147080056936100591e+05 -5.166567295120148920e+05 -5.411136218960378319e+05 -5.361864309683921747e+05 -4.935005425885014702e+05 -4.488695781063325703e+05 -4.488260500707472675e+05 -4.301276871288423426e+05 -3.471931128004505299e+05 -2.767242591630751267e+05 -2.393325601730062626e+05 -2.143974661194984801e+05 -1.941090609392272308e+05 -1.978664931385358796e+05 -1.961151314958804287e+05 -1.427508353742808104e+05 -4.167777263572253287e+04 1.284451838848870248e+05 3.132443659140351228e+05 3.746120188589151949e+05 3.497447640580944717e+05
2.089940159670007415e+05 1.128858142372700386e+05 1.880022873592691030e+04 -2.007859819750534371e+03 1.977441699167678598e+04 3.159543847530579660e+04 3.132202456159563735e+04 -1.578077766382193659e+04 -3.799775445546431001e+04 -2.728020460268447641e+04 -3.343920011287997477e+04 -7.285078976479789708e+04 -5.709042058511835057e+04 -6.870070320488594007e+04 -1.428996268692935118e+05 -1.388150157815470593e+05 -1.552738079517985461e+05 -1.271513741954549914e+05 -4.345814257789240219e+04 2.500013018008763902e+04 1.450455812289507594e+05 2.932463495049525518e+05 3.532501283295648172e+05 2.139657232618451817e+05 -5.371392269780754577e+04 -2.764316417682309402e+05 -4.089975269543720642e+05 -5.003536285009986022e+05 -4.606585242384973681e+05 -3.272679461900767055e+05 -2.838922247207481996e+05 -2.478418101730858325e+05 -1.404811750426060171e+05 -6.366433085531753022e+04 -3.355435960867902031e+04 -1.899242210540251108e+04 -7.601542979791644029e+03 2.491812438660423504e+04 2.807703517719352385e+04 -7.650947631816938519e+04 -1.158438381686753710e+05 -1.071260395754142664e+05 -2.248718992120842449e+05 -2.636134674816094339e+05 -1.653716235090004047e+05 -1.031195113412828650e+05 -8.975660985584906302e+04 -6.847186090719338972e+04 -3.634595204912265763e+04
5.629550248606395326e+04 -4.233240968005704053e+04 -1.026861752890726784e+05 -8.784895533084633644e+04 -6.586879241936912877e+04 -8.824215068088957923e+04 -5.127088553039355611e+04 8.027252984993552673e+03 -1.401184301599636092e+04 -3.195278036128001986e+03 6.175149607090143400e+04 1.281877376797637990e+05 1.795524348991966108e+05 2.030658120205043233e+05 2.337832671273098676e+05 3.432486585779773886e+05 4.663860074863806949e+05 4.927101402891637990e+05 5.040307497445426416e+05 5.702088667831774801e+05 6.522916305996831506e+05 7.276270902757095173e+05 8.529219038024183828e+05 9.168278046097108163e+05 8.855587797526819631e+05 8.956312852717558853e+05 8.215094552632393315e+05 6.182275612140088342e+05 4.087877460932405666e+05 2.269424393354170024e+05 3.181106280579138547e+04 -3.728424943964676932e+05 -1.271819015256898478e+06 -2.220016136292503681e+06 -2.140627856710596010e+06 -1.177580471706098877e+06 -4.586659150326875970e+05 -3.237958421308946563e+05 -3.796344021275215782e+05 -4.704751081490745419e+05 -6.595103018930625403e+05 -8.626013248210808961e+05 -1.062734554420127766e+06 -1.228865635188488290e+06 -1.370346963649610057e+06 -1.487967057561686961e+06 -1.419731181281496305e+06 -1.275990834713336546e+06 -1.188075044748343527e+06
-1.231423382506179041e+05 -1.603218507426208234e+05 -1.902333231960436678e+05 -2.090486559879718407e+05 -1.890735272311940207e+05 -2.460014743568898994e+05 -3.419219606996556395e+05 -3.159754781350785634e+05 -3.413188058964442462e+05 -3.685456084681935026e+05 -3.391948581302862149e+05 -3.438781745493909111e+05 -3.293181354230544530e+05 -2.753255651342258789e+05 -2.479977725094794296e+05 -2.405383454224285670e+05 -1.504416704043978825e+05 -5.408641106045246124e+04 -5.228373883910477161e+03 3.300447157318540849e+04 1.216006554266272578e+05 2.386207135422590654e+05 3.026030872987399343e+05 3.395040602853986202e+05 4.202027519455077127e+05 4.723928945459919050e+05 5.080504506359647494e+05 5.854077166957369773e+05 5.512134550457631703e+05 5.071850140886816662e+05 5.836989523202641867e+05 8.154382125916918740e+05 1.416801691100048833e+06 2.023357156571799424e+06 1.739545668069547042e+06 6.417254538711151108e+05 -2.824970474214944988e+05 -6.464699964433033019e+05 -8.631281906211362220e+05 -1.046542162215734366e+06 -1.062892487914979458e+06 -1.027140734993992606e+06 -9.577125232305089012e+05 -8.253003450917468872e+05 -6.077931387124793837e+05 -3.368454158284284640e+05 -1.099408266000676085e+05 2.834574420103227021e+04 1.108670430686099571e+05
3.231327404928002506e+05 2.153948537064571865e+05 4.973930455704266205e+04 -6.949696233958099037e+04 -8.553909040925651789e+04 -1.767802753044087440e+05 -3.031451227236897685e+05 -4.439356864885482937e+05 -6.056380905590779148e+05 -6.694975773967592977e+05 -6.416634891934525222e+05 -5.143607148774394300e+05 -3.686158527045333758e+05 -2.874892304746026639e+05 -1.655168535443227738e+05 -2.546135563436103985e+04 2.751266516585019417e+04 1.680804247927875258e+04 -6.863325978701934218e+03 -3.673554097356810234e+04 -1.691714622746035457e+04 -3.531365218739700504e+04 -1.391072180439371150e+05 -1.696775288116987795e+05 -1.887429469519704580e+05 -2.700198518354591215e+05 -3.001505864915451966e+05 -3.181674857338299043e+05 -4.138639457558016293e+05 -5.514424016154954443e+05 -6.274940349371533375e+05 -6.892924256404893240e+05 -8.479608114910691511e+05 -9.548211146246098215e+05 -9.864817103384118527e+05 -1.004063423975021346e+06 -8.914496046529160812e+05 -6.603677610492752865e+05 -4.799869322582161985e+05 -2.989232556381095201e+05 -1.187683133167591877e+05 1.437408528778096661e+04 1.452044903409108520e+05 2.015234172390052117e+05 2.733606692032841966e+05 3.338354406558200717e+05 3.228696976975705475e+05 3.245647308732434176e+05 3.363979719456899911e+05
-7.533485625041078310e+04 1.375622847990610171e+04 1.473119007286366541e+05 2.979716669088156195e+05 3.858184774337132694e+05 4.325161160956485546e+05 5.454875691626509652e+05 7.099708152516182745e+05 8.191004382652321365e+05 8.921400917579373345e+05 8.564565704077181872e+05 6.516493888568589464e+05 4.638367263289908879e+05 3.435821867710906081e+05 1.633657544822562486e+05 1.786338150122668594e+03 -1.462165437338626944e+05 -2.911094342685826123e+05 -3.153890337323537096e+05 -3.777343218011083081e+05 -4.900454681162943598e+05 -5.401920565383622888e+05 -6.086530018677888438e+05 -6.710642756665399065e+05 -6.886476452514395351e+05 -6.688875527018534485e+05 -6.978466190083781257e+05 -7.144166413695724914e+05 -6.433422240952858701e+05 -6.145628856700203614e+05 -4.907726299592835130e+05 -2.889849670160762034e+05 -1.850546442425921559e+05 -2.909489940495463088e+04 2.325415123415226117e+05 3.754593614786423277e+05 3.522459988481565379e+05 3.491549595708063571e+05 3.635545546515639871e+05 3.485804133525370853e+05 3.024560157470479608e+05 2.134410938125809480e+05 1.561001290674899064e+05 1.849352288587767689e+05 2.235233957399763749e+05 1.813519071077821427e+05 1.656122584599147958e+05 1.946436830274245585e+05 2.007307582866234006e+05
1.370806904588984326e+05 8.786952338086860254e+04 1.989194986646948382e+04 -6.096463108708104119e+04 -1.417872937338324264e+05 -2.947666323450538330e+05 -4.755100015685819089e+05 -6.075503657953599468e+05 -8.318097317534196191e+05 -1.027103848677033791e+06 -9.675660491346936906e+05 -8.129273593880503904e+05 -6.412432247238392010e+05 -4.049893334851366235e+05 -2.251654851313650724e+05 -1.198568285126383998e+05 -1.324388137654896127e+03 8.606550278360371885e+04 1.276877171378509374e+05 1.674354781435976620e+05 1.910525319494989235e+05 2.416135813539951341e+05 2.731750266015302041e+05 2.113178497836270835e+05 1.281144806568771601e+05 4.862539796024083626e+04 -4.671633218506048433e+04 -1.938524280923596816e+05 -3.533269995557198417e+05 -4.559894331159011927e+05 -4.923675795886809356e+05 -4.236013177461065352e+05 -2.562236061841409537e+05 -6.473923255471198354e+04 3.207120367464085575e+04 1.025678759986488149e+04 2.005220590675904532e+04 -7.924869328093354125e+04 -3.511576506305201910e+05 -5.836497090072936844e+05 -7.816939033397306921e+05 -9.234104596721240086e+05 -9.727126709620251786e+05 -8.491148138851714320e+05 -5.954606228890069760e+05 -4.579484710937673226e+05 -3.555294056639461778e+05 -1.729306703124539927e+05 2.033934584553167224e+04
-2.365146114416711498e+05 -9.558305754268074816e+04 2.844921496602178377e+04 4.628967404656576400e+04 9.631651729618170066e+04 2.677344389205608750e+05 4.137237596403426724e+05 5.764294047217487823e+05 7.759663467645443743e+05 9.405122002263301983e+05 9.398930738597849850e+05 7.423201619702018797e+05 5.275833274247269146e+05 3.748100725459516980e+05 1.648538108241702430e+05 -5.468396585682081059e+04 -1.968126583541743457e+05 -3.704251873607425950e+05 -5.898651249694009311e+05 -8.420368895087447017e+05 -1.141861668494891375e+06 -1.382866328368981835e+06 -1.481237784037187230e+06 -1.381428922039849451e+06 -9.789095102690390777e+05 -4.100788839906464564e+05 7.883302408590773121e+04 4.844205091486591846e+05 8.450133207439640537e+05 1.002453769474013359e+06 9.025824864664537599e+05 3.873548858337714919e+05 -7.420359292076316196e+05 -1.812812508702479536e+06 -1.813220954792157281e+06 -9.610584943381054327e+05 -2.066361560970824212e+05 2.775399794614720158e+05 6.229669661500877701e+05 8.783635193651183508e+05 1.103504623795745894e+06 1.192040949320764747e+06 1.115149062978486530e+06 9.192772286525728414e+05 7.219398229687085841e+05 5.688548754611824406e+05 4.115444710954760667e+05 3.324089501846528146e+05 3.280740739416368306e+05
-3.289182871936644660e+05 -2.595011006845743395e+05 -2.355169820248555916e+05 -2.497080511830062896e+05 -2.348750904090048280e+05 -2.265296032206605305e+05 -2.712278184262320865e+05 -3.012739520756078418e+05 -2.997996074789263075e+05 -3.333839686361895874e+05 -3.362450715890736319e+05 -3.420144766416342463e+05 -3.963388297506752424e+05 -3.905888268391571473e+05 -3.758853526263919193e+05 -3.359006342641809024e+05 -2.193021851873709820e+05 -6.940128715556068346e+04 9.942952548273745924e+04 2.697834859468638897e+05 4.580135772705748677e+05 5.113176936070155352e+05 3.203069881784911267e+05 -9.312182830420951359e+04 -4.964971840600634459e+05 -6.067507290517091751e+05 -5.073441006501521915e+05 -2.973441152783203870e+05 -1.317996231499272399e+05 2.590607437872700393e+04 3.484150907965148799e+05 9.026995672655948438e+05 1.942755447269923519e+06 2.911483837240045890e+06 2.748580289384223986e+06 1.755061822036915924e+06 8.261878378576859832e+05 1.679346307522803545e+04 -9.608146602175813168e+05 -1.897265157976575661e+06 -2.024262509173278231e+06 -1.254182454159278888e+06 -4.891754516123169451e+05 -1.694108214202421077e+05 -1.131559696332989261e+05 -1.108708466056120233e+05 -7.924418055648851441e+04 -6.520248686687380541e+04 -7.281227128496440127e+04
-4.932289594216118567e+05 -3.642219171446776018e+05 -2.795610408789070789e+05 -2.937851919831882697e+05 -3.106790207680752501e+05 -2.716819217255394906e+05 -2.215658097853153013e+05 -1.879994883282054216e+05 -1.547159321973593906e+05 -1.247342425230452791e+05 -1.263405387902096845e+05 -3.561056464106542990e+04 3.838313976553780958e+04 1.436043448207806796e+04 9.483786496461089700e+04 1.369541437007500790e+05 9.618790248212451115e+04 1.193667360354447737e+05 1.604292781692859717e+05 2.347344090581461787e+05 3.265340616827949416e+05 5.081487753492549527e+05 8.637425174782418180e+05 1.127140450407168362e+06 1.080129968266154872e+06 7.148304849288261030e+05 1.396167971982854069e+05 -3.586357521130054956e+05 -6.126754973798955325e+05 -6.173967449207335012e+05 -5.214770314097768860e+05 -3.891722135427696630e+05 -1.918369386445204727e+05 -3.138260575357009657e+04 1.294369005002595950e+05 3.003912111104362411e+05 4.710240869172776584e+05 8.568159120187571971e+05 1.687164805650096852e+06 2.526420829298797064e+06 2.401356414407091681e+06 1.465183311234621331e+06 6.545835420666099526e+05 1.729067618498792872e+05 -9.037090135563537478e+04 -2.164862996061122976e+05 -3.153998254184639081e+05 -4.008105216121454723e+05 -4.756135911820344627e+05
-2.695073294678153470e+05 -3.284426879291275982e+05 -4.300381600095713511e+05 -5.365168687347613741e+05 -6.480876577932941727e+05 -7.355950824717001524e+05 -7.493705622784909792e+05 -7.184777587433205917e+05 -5.972577788220224902e+05 -5.101566810665824451e+05 -4.206794381175865419e+05 -2.395309842342250049e+05 -1.369431446192897856e+05 -1.005758444925593212e+05 -2.234109641751274467e+04 5.110527184726297855e+04 1.373739373619910330e+05 2.561839607864380814e+05 3.294287056675236672e+05 3.736171728917541914e+05 4.357470030846875161e+05 5.543034899922353216e+05 6.859633806726937182e+05 8.214042027624957263e+05 9.676682574251752812e+05 1.118160675674952799e+06 1.316317437043325976e+06 1.399257949826426571e+06 1.308835635240538744e+06 1.145965851037543966e+06 8.596752549777015811e+05 4.796552764567595441e+05 1.960174631691202521e+05 3.717690677971416153e+04 -1.228480076839337125e+05 -2.418644277405110188e+05 -2.974308714364450425e+05 -3.630110551682454534e+05 -4.018006824082840467e+05 -3.670147988871020498e+05 -3.293641933822806459e+05 -3.287352973522506654e+05 -2.694441837548940093e+05 -2.077496142724707024e+05 -2.202069642981953220e+05 -1.919435136522219400e+05 -1.343597120248160791e+05 -1.581263585667318548e+05 -2.349829714457848750e+05
-1.310542163512581028e+05 -7.386576898789033294e+03 1.362654978805216961e+05 2.472936508517884649e+05 3.244724441970903426e+05 4.577259237570981495e+05 5.440050037491889670e+05 5.216522390134925954e+05 4.645692536002027337e+05 3.720259873859321233e+05 2.803697797779750545e+05 2.163186855255484115e+05 1.960374195633630734e+05 1.696611357680375222e+05 9.121844500798033550e+04 6.973516006917646155e+04 9.105386989816906862e+04 8.146796682951389812e+04 8.769705425846041180e+04 1.288336457443074323e+05 1.259166168253428768e+05 8.353050367579259910e+04 1.165966604978896212e+05 1.842544642110441346e+05 1.992823321771720075e+05 2.194945317860400537e+05 2.551068903813573997e+05 2.718434298556535505e+05 2.762857209226784762e+05 3.373915117237631348e+05 4.058353070312293712e+05 3.794121661279500113e+05 4.164015697959271492e+05 4.842549011520895874e+05 4.538138651676123263e+05 3.992100592646601144e+05 3.761023633756849449e+05 3.761964928244568873e+05 3.096654550411039963e+05 2.214579383654922713e+05 2.001958794402163476e+05 1.434878429315001704e+05 4.884579486279096454e+04 1.669289479053998366e+04 2.595905135604087263e+03 -3.733584362787939608e+04 -1.458192370293554850e+05 -2.711101961400695145e+05 -3.520705168941579759e+05
5.252476013480189722e+05 5.873778565557586262e+05 5.798978709044603165e+05 4.801137070082039572e+05 4.652151443217735505e+05 4.745343576595041668e+05 4.081942663063817890e+05 3.246786935426644050e+05 2.354740052972193807e+05 2.023023901494888123e+05 1.105970968189649284e+05 -1.413100287812994793e+04 -6.653110947852837853e+04 -1.266438423094223253e+05 -2.060646785494463984e+05 -2.287681506502123084e+05 -2.402605690342898015e+05 -3.125805494782979367e+05 -3.098458966106408043e+05 -2.710522960064553190e+05 -2.735952367643763428e+05 -2.548180099381713662e+05 -2.235242588832629262e+05 -1.584045406382212823e+05 -1.149655856764001655e+05 -1.265011436323401722e+05 -9.216112632588171982e+04 -7.769739651885189232e+04 -7.429236756863257324e+04 -4.502478193375280534e+04 -1.002534930664111889e+05 -9.566662151300953701e+04 -2.929096186650001619e+04 -5.502248599994328106e+04 -1.176554902790668129e+05 -1.117498575979699381e+05 -1.059611759857217548e+05 -1.698292058151859092e+05 -2.345454795722614508e+05 -4.798760644817944849e+05 -9.143023148673851974e+05 -1.259377398854777450e+06 -1.231899736463816604e+06 -7.951983426266806200e+05 -4.687076003889539279e+05 -3.573280035774214193e+05 -1.837549634799500927e+05 -8.814431279271887615e+04 -1.067745095711126924e+05
-6.980988605711900163e+04 -1.199757842019607779e+04 3.721726553041659645e+04 5.588399931257298886e+04 6.822889937720901798e+04 7.526128648496522510e+04 3.942830993109963310e+04 1.672899615819916653e+04 7.717778126170733594e+04 1.029847201301163004e+05 1.228011484781734180e+04 9.844653890759102069e+03 4.824547801399603486e+04 -1.215176044490362983e+04 -2.986101230744679924e+04 -8.224060654880323273e+04 -1.844448223863583407e+05 -2.558025174167413788e+05 -3.149471062790688593e+05 -3.683905031762695289e+05 -4.625655798568906612e+05 -4.756467476902614580e+05 -4.460667711642608047e+05 -4.751904306416687323e+05 -4.032320121566588059e+05 -3.234503287622642238e+05 -3.211475855792379007e+05 -2.150961214944259264e+05 -1.505224055697903968e+05 -1.522021323794613127e+05 -8.221018207528674975e+04 -4.647409404860809445e+04 -1.129276252453634515e+04 -5.216847451810725033e+03 -6.751714951460622251e+04 -6.172241416141297668e+04 -5.592179424304049462e+04 -5.615915700975200161e+04 3.808709742894256487e+04 2.380177587334034033e+05 6.640610600356773939e+05 1.089616387169226538e+06 1.065488283136798535e+06 6.859586795358329546e+05 3.192330718007742544e+05 1.477488217189234274e+05 1.314317228782605380e+05 9.940986457135342062e+04 1.665370979899124359e+04
-5.931491192989776609e+05 -4.218471280464291340e+05 -3.170729922090686159e+05 -3.297419646480557276e+05 -3.206142556769920047e+05 -2.576719773543297779e+05 -2.051432587059387006e+05 -1.393092320860160980e+05 -1.407604786344019230e+05 -1.470620623400465120e+05 -5.942009788319398649e+04 -3.252172698332276195e+04 -2.506186859529395588e+04 3.305969919230835512e+04 7.547330861467332579e+04 1.144377978952254634e+05 1.645279535261217970e+05 2.470382842091929633e+05 2.809893893164552283e+05 2.614750326870854478e+05 2.634636601556115784e+05 2.235359006582435686e+05 1.652211267362876097e+05 1.394473190977440681e+05 2.943334718132915441e+04 -1.032083344319831813e+05 -1.303609186557150679e+05 -1.482275241259051254e+05 -1.763023787397104315e+05 -1.778018897106086370e+05 -1.693575920960572548e+05 -1.031318586334234569e+05 -6.592180416410323232e+03 6.267816708095767535e+04 1.260363102900737431e+05 2.571381123757595196e+05 4.519341882527808193e+05 5.487761459641488036e+05 6.161995624587866478e+05 7.570529000480725663e+05 8.384397754447869956e+05 8.554570614827403333e+05 8.660766860344277229e+05 8.698826023619053885e+05 8.550625464806233067e+05 7.811274585057960358e+05 6.694573730314737186e+05 6.048761793479919434e+05 5.854390945430248976e+05
1.517846429331980180e+05 3.110138851086981595e+04 -3.815958500221301802e+04 9.875958863122155890e+03 2.032927003550878726e+04 -3.192642046197084710e+03 -7.374604783180868253e+03 -1.159803621433821972e+05 -3.223818525697424775e+05 -7.416517561665384565e+05 -1.069288775228488492e+06 -8.983620517668178072e+05 -5.111175755942529067e+05 -2.799289652202423313e+05 -2.100287052030034829e+05 -1.734984847011948004e+05 -1.562090163816175191e+05 -1.359951330762123689e+05 -1.359072909529639874e+05 -1.581479595870040357e+05 -1.576257651962805539e+05 -1.397047526027744170e+05 -1.396273138211111072e+05 -1.369837348547298461e+05 -9.700652094667032361e+04 -7.682467572398297489e+04 -7.296794979789410718e+04 -6.105242932222620584e+04 -5.811388304893602617e+04 -2.739676087483530864e+04 1.374573350352887064e+04 1.885372342803771608e+04 5.354408806895627640e+04 1.234832300354170147e+05 1.558512944391258061e+05 1.609778496388026979e+05 2.287489635400562547e+05 2.934051689734047977e+05 2.985065473595749354e+05 4.074536060294475174e+05 5.194201509545392473e+05 5.367063445121319965e+05 5.790456517999684438e+05 6.445038130272601265e+05 7.222326857074958971e+05 7.412818387272979598e+05 -5.863516221736914013e+05 -3.143375790068937000e+06 -5.654376245847163722e+06
-3.063312785205186810e+04 -3.549995306646451354e+04 1.107836852876050398e+04 8.769296448743261863e+04 6.859235842566704378e+04 7.400632892284181435e+04 1.577235436315095285e+05 2.256427134931439068e+05 4.319046070165494457e+05 8.693765022933072178e+05 1.196697029641219182e+06 1.023455187615983188e+06 5.924883165505887009e+05 2.967446718493008520e+05 1.923014065028838813e+05 1.421083516098586842e+05 4.249914165578992106e+04 -2.491472483823611401e+04 -2.396658166508120485e+04 -4.521344448978197761e+04 -1.629592074407986365e+05 -2.946898066825089045e+05 -3.550369084649723954e+05 -4.137575666858898476e+05 -5.269446291969505837e+05 -6.599281545327533968e+05 -7.502505372641460272e+05 -7.739139923941562884e+05 -8.063777450736956671e+05 -8.718594039060552604e+05 -8.970535894455676898e+05 -8.370379798718211241e+05 -7.476808351391842589e+05 -6.527420445764434990e+05 -5.644962868800209835e+05 -5.034982430892707780e+05 -4.105142522654202767e+05 -3.501731207699053921e+05 -2.859317275962531567e+05 -2.123522410400612280e+05 -1.669771705336458981e+05 -9.124508192282589152e+04 -5.339981761113461107e+04 -2.478397124796127900e+04 -1.675355200262833387e+04 5.973462189889652655e+04 1.503195832034849096e+06 4.115104803460384719e+06 6.647502889892985113e+06
1.810822390216343629e+05 2.337332813958346960e+05 2.516544208319100435e+05 2.423049150905717106e+05 2.235692769432353089e+05 1.710476913210731582e+05 1.392186596923420439e+05 1.491921687360446667e+05 1.493390249557706993e+05 8.544372217547777109e+04 5.649070109109755140e+04 8.534661088422581088e+04 3.425031575476168655e+04 1.347338238192605786e+03 4.338725424022413790e+04 2.193696610389451962e+04 -4.864412184986576904e+04 -5.664329188446572516e+04 -8.666382137293112464e+04 -1.976662810640117386e+05 -2.851126516752259340e+05 -3.878971204344999278e+05 -5.388780189392138273e+05 -6.589630949470297201e+05 -6.845157911009297241e+05 -6.077206115264561959e+05 -4.869194526456698077e+05 -2.986881342963902280e+05 -1.164446585541011300e+05 -2.491350895535992458e+04 7.799998794544045813e+04 1.749502589392075315e+05 2.099476651133596897e+05 1.889659519767883467e+05 9.870983657259750180e+04 4.062485712660418358e+04 1.272358186601183843e+04 -1.641984692279947922e+04 -4.223659158880752511e+04 -5.955812621752545238e+04 -4.380320509721059352e+04 -6.002370044901897199e+04 -8.278609496992419008e+04 -8.524154096536233556e+04 -7.756803964723111130e+04 -9.776540446619014256e+04 -9.450859795018890873e+04 -9.920975709320046008e+03 9.215523342798324302e+04
-2.354276289096011315e+05 -2.418566495080448221e+05 -2.824613586071062600e+05 -3.216471149102288764e+05 -3.142539502996078227e+05 -3.403811941474122577e+05 -3.734541745522436686e+05 -3.940577815136205172e+05 -4.254925754317084211e+05 -4.345321598784356029e+05 -4.374299682865241775e+05 -4.402653033899698639e+05 -4.366232165928521426e+05 -3.865350137246421073e+05 -3.476955747899045236e+05 -2.845194077814086340e+05 -1.237093893579007126e+05 -1.532892623778036796e+04 7.167225851590046659e+04 2.860284434142522514e+05 5.571110913941797335e+05 7.859579028298321646e+05 1.029574265497433022e+06 1.247915848198753316e+06 1.383831203504086938e+06 1.414730200012563262e+06 1.308954833579191007e+06 1.146823691303872969e+06 8.860038397004250437e+05 4.110815738200461492e+05 -4.206880618931590579e+05 -1.691431586864501471e+06 -2.701641898358511738e+06 -2.498189267458948307e+06 -1.478392949189143721e+06 -6.318387847038693726e+05 -2.368019831037959084e+05 -8.262019436959270388e+04 4.710177354703750461e+04 9.269579439955088310e+04 1.099987111687376164e+05 1.893097938101709587e+05 2.321330251773900818e+05 2.325061460887086578e+05 2.111538821147411363e+05 1.933446796904167859e+05 1.964365596712745610e+05 1.855082488231706666e+05 1.612664075742901769e+05
1.649915505752141762e+05 4.463684171249040810e+04 -8.097453405614933581e+04 -1.195769163799559174e+05 -8.374496601958526298e+04 -8.094375806285822182e+04 -1.129732740104372788e+05 -1.035124555158836156e+05 -1.877487634374128538e+04 3.138383344063183176e+04 3.091025131012426573e+04 3.109307133468976826e+04 3.742123884927423205e+04 3.178246061354000994e+04 1.572885261113695742e+04 -6.420682624448134447e+03 -4.879286459457939782e+04 -1.149182144999940356e+05 -1.758128264832338900e+05 -1.994088978257058479e+05 -2.267459058522214182e+05 -2.704807869534852216e+05 -2.725572790858864319e+05 -2.723257697233927902e+05 -2.377139629451992223e+05 -1.583070884535118239e+05 -1.549513789768388961e+05 -8.760513374436437152e+04 1.244346567503812257e+05 4.591725939753821585e+05 1.170243018524412997e+06 2.334887176222483162e+06 3.203789002371716313e+06 2.899443863857669290e+06 1.762383730741054285e+06 7.994539546552561224e+05 2.556353211744856089e+05 -1.077415768507495522e+05 -3.463132109076101333e+05 -5.186401665162686259e+05 -6.912371844683391973e+05 -9.279881183282849379e+05 -1.110230915105782449e+06 -1.213892134164419491e+06 -1.371598798791384557e+06 -1.433306521902773762e+06 -1.352172338032907806e+06 -1.249676746858019615e+06 -1.155323362432366237e+06
8.701591559227375546e+04 1.370828922220243840e+05 1.825606455056548584e+05 2.019709757844975102e+05 2.385007816798315616e+05 2.706537301463686163e+05 2.692167737635462545e+05 2.808505333426732104e+05 2.529358644557942171e+05 2.186175607349285856e+05 2.196330444732306059e+05 1.932633622068532277e+05 1.720957654214724898e+05 1.670991040412627626e+05 1.243924795446218923e+05 7.445848207862582058e+04 6.174170973456045613e+04 5.612297579282312654e+04 -3.555377603770466521e+03 -5.494230026015429758e+04 -6.062611238262592815e+05 -1.500672997784350533e+06 -1.216294154178324388e+06 -1.063015139321962488e+05 3.980253226622880902e+05 3.345120012269765721e+05 2.238501345297116786e+05 1.725427352616682183e+05 1.163958421030839672e+05 3.089845117683557328e+04 -1.060848797338254517e+05 -2.223267085722917691e+05 -2.822234025599765009e+05 -3.674692917472562985e+05 -4.609334422965911799e+05 -4.342842614377151476e+05 -3.470687919247573009e+05 -3.166591203602007590e+05 -2.493204864137080731e+05 -1.140868342838071985e+05 2.404000609822163824e+04 1.641611226575329783e+05 2.697557418512579752e+05 3.643271441064291866e+05 5.011497529473855975e+05 5.805175412353839492e+05 4.895621912475326099e+05 3.523690742783216992e+05 2.658931596443955787e+05
-4.957866184617113322e+04 -1.701821955337075051e+05 -2.111652375830453821e+05 -1.662320185687714256e+05 -1.618992581918425858e+05 -1.336174556484911591e+05 -8.152245921162841842e+04 -4.437474200291046873e+04 3.847274567837314680e+04 8.666383539341064170e+04 8.531215260409191251e+04 1.142663795476984233e+05 2.054660417322879657e+05 2.846474885138738900e+05 3.278429124875401612e+05 3.641354500416496303e+05 3.803975450644069351e+05 4.338490604460819159e+05 5.208218922078957548e+05 5.591135052762546111e+05 1.093799776266748086e+06 1.965336433555203956e+06 1.595205512102550594e+06 4.042659518661112525e+05 -1.463209088569420855e+05 -2.427727685323040932e+05 -2.688294695132933557e+05 -2.943743082582666539e+05 -2.645859845287490170e+05 -1.738187508799451170e+05 -7.267344299405557103e+04 8.153817883365345187e+04 2.046460220227898099e+05 3.351445405421685427e+05 4.898117963371626101e+05 5.544043416967904195e+05 5.585757966970410198e+05 5.970819488893186208e+05 6.723677404237962328e+05 6.923978036709721200e+05 7.140697073581409641e+05 7.669318597087855451e+05 7.226572832592483610e+05 6.655973441092651337e+05 -1.536215491612584796e+06 -6.221512735563648865e+06 -6.611841125339845195e+06 -2.133233152571009472e+06 2.636443802439417690e+06
3.765999457214646973e+05 3.130177713976446539e+05 2.732288763504764065e+05 2.916080310270627961e+05 2.972416825797702186e+05 2.705213520357939415e+05 2.963343845025519840e+05 3.071444938576314598e+05 2.785107807205352001e+05 2.713841805402623722e+05 2.714961303950985894e+05 2.453116318598042708e+05 2.230896445369579596e+05 2.736004396631323616e+05 2.888236206686268561e+05 2.386669263315708376e+05 2.825807417814212386e+05 3.356637146219144342e+05 3.345233146866665920e+05 4.290799837740631192e+05 5.237506246310650604e+05 5.425290966890314594e+05 5.745473276539279614e+05 6.977031839297699044e+05 8.240571496571649332e+05 8.239064538024829235e+05 8.655549054708536714e+05 9.362477146274633706e+05 9.159116904386607930e+05 8.680590787620893680e+05 7.687135140114692040e+05 5.407631966222096235e+05 7.649781055444851518e+03 -1.698887816333947238e+06 -4.816392048901040107e+06 -6.122929014720357023e+06 -3.783432354517635424e+06 -1.204777593230248895e+06 -3.544192493741144426e+05 -1.603725791966998950e+05 6.769146612133830786e+03 8.406447668334282935e+04 9.682167849612561986e+04 1.590244365872070193e+05 2.230608209428886883e+06 6.730641380010983907e+06 7.057456286769149825e+06 2.455929830963687040e+06 -2.487649417476167902e+06
7.086303372023394331e+04 8.909293212054762989e+03 -5.628258699420280755e+04 -9.124714049670705572e+04 -5.680381900456268340e+04 -5.497360156572563574e+04 -1.682723188106319867e+05 -2.686770924598388374e+05 -6.626017602972569875e+05 -2.079780683413408929e+06 -3.355625269453742076e+06 -2.689125145271394402e+06 -1.228725316719646100e+06 -5.379805589796160348e+05 -3.565611756160794757e+05 -2.991616405191598460e+05 -3.203658520545288920e+05 -3.006822592840762809e+05 -2.521329026890448295e+05 -2.813949473010143265e+05 -2.512379533115015365e+05 -1.844148231086730957e+05 -2.194340937840756960e+05 -1.928317999008870684e+05 -1.363583849802673794e+05 -1.741538576455782168e+05 -1.713288241447298788e+05 -1.421163417965001427e+05 -8.393107084411941469e+04 -2.202717545151244849e+04 -1.063601935849850997e+04 1.422262833537403494e+05 5.935837343656024896e+05 2.169271624295864254e+06 5.141041651315032504e+06 6.145705320907583460e+06 3.439642256107971538e+06 4.709372673182226717e+05 -9.748142955679190345e+05 -1.732529941120442469e+06 -2.070328531412674114e+06 -1.919983110603939742e+06 -1.402361300341723021e+06 -8.914208697549471399e+05 -4.863158336021322175e+05 -1.651842929729896423e+05 4.730058851302682888e+04 2.173628393394736340e+05 3.799705355931608938e+05
-6.811568940494908020e+04 -7.549341220903443173e+04 -1.146217949937272351e+05 -1.802845084828732070e+05 -2.051812108774902299e+05 -1.788294296055391897e+05 -1.270596932912303600e+05 -3.365558502177009359e+04 3.863238320939119440e+05 1.730479074328467948e+06 2.919267646017835476e+06 2.143763650775221176e+06 3.221371603989973664e+05 -1.553522369063429534e+06 -3.104713453859439120e+06 -2.803462549783434719e+06 -1.187119909928735811e+06 -2.601555675001873169e+05 -9.678972999419784173e+04 -9.865169578260742128e+03 8.010034951788792387e+04 9.170182473477348685e+04 3.026022401725640520e+04 5.904170326626580209e+04 1.172550867671086453e+05 1.116546797816408798e+05 1.172267658486089204e+05 8.962002579370187595e+04 1.204348380074952729e+05 2.142459498351672664e+05 2.276276114706709050e+05 2.333737326886339579e+05 2.958065654555691872e+05 3.645175169962749351e+05 4.883369852248871466e+05 7.017115046603423543e+05 9.469975023566805758e+05 1.323943759191463469e+06 1.833258053530005971e+06 2.229038883278693072e+06 2.231490516288470477e+06 1.590014716225713026e+06 3.221749197623273358e+05 -1.374362118777800817e+06 -2.612246534317093901e+06 -2.462864271172286477e+06 -1.462690118818861898e+06 -6.821339893786376342e+05 -2.134471477827046765e+05
-2.024458595229955390e+05 -1.543873715553488582e+05 -1.102502554381499067e+05 -9.279223043340630829e+04 -9.059377478770306334e+04 -6.496418830196512863e+04 -4.164559984652418643e+04 -6.087093492635199800e+04 -3.527725955078518018e+04 3.916543822007952258e+04 9.325899639618024230e+04 1.797723941302681342e+05 5.231153465996610466e+05 1.705708562989602098e+06 3.034747643918816466e+06 2.656220550527213607e+06 1.059908741460387595e+06 9.346292915986827575e+04 -1.674027038652272895e+05 -3.084376360493476968e+05 -3.909651213233876042e+05 -4.391975893246124033e+05 -5.034940575162190944e+05 -5.943852960036016302e+05 -6.283504970799544826e+05 -6.392695247704974608e+05 -6.979912651170159224e+05 -7.040033545128257247e+05 -6.807992869912411552e+05 -6.232449886212993879e+05 -5.291217337947455235e+05 -5.013728136014842894e+05 -4.165364946586510632e+05 -2.960416248548426665e+05 -2.090620159935494885e+05 -1.239422230616037268e+05 -3.860733650348242372e+04 1.164385658445828594e+05 2.191252137608532794e+05 3.865458186430612113e+05 7.084139437020376790e+05 1.189464380899734562e+06 2.073602584079921013e+06 3.264073622983425856e+06 4.046758172036067583e+06 3.601425384711609688e+06 2.321388090141988359e+06 1.386126118082610890e+06 8.717977551781013608e+05
-2.640565273596438346e+05 -2.707431051769526675e+05 -2.250897457385144662e+05 -1.784331164522154722e+05 -2.042396820588328410e+05 -2.069269184237055015e+05 -1.835844307921070140e+05 -1.465950513495774940e+05 -1.205598075772286393e+05 -1.582276833866487723e+05 -1.325838603223382961e+05 -7.415902905238931999e+04 -1.000869715308363084e+05 -8.321978573178057559e+04 -3.871588373760459945e+04 -8.762217815819894895e+03 2.643041768722492270e+04 4.962437303445767611e+04 1.284211383240472060e+05 1.861041484049926512e+05 2.199980656396648847e+05 2.594044113783454522e+05 3.424726087802269030e+05 4.589249287403068738e+05 4.597200177102052839e+05 4.871875011181687587e+05 5.834756071068112506e+05 5.862696348536711885e+05 5.324246871560170548e+05 5.128731156204593135e+05 4.987403603369601769e+05 4.471206240645556245e+05 3.617039826617129147e+05 2.802728741469036322e+05 2.531120482436381280e+05 2.217613701759544201e+05 1.281993149851039052e+05 4.342952864593826234e+04 5.528638779767765664e+04 3.600639138719998300e+04 -7.546436419783346355e+04 -9.496185727635794319e+04 -8.614513422377035022e+04 -1.190809167787670158e+05 -1.681591069734711200e+05 -2.426216527621720452e+05 -2.508494363403592724e+05 -2.718931618439075537e+05 -3.579144352824306116e+05
4.856521843394159805e+04 9.864735857132461388e+04 1.179447208915372612e+05 8.293723313312523533e+04 5.892216485139215365e+04 5.806719056519772857e+04 8.358311675634467974e+04 9.480571959662484005e+04 3.932301584587548859e+04 3.219360934526775964e+04 6.028490252982010134e+04 6.562393248721491545e+04 1.375582302469410934e+04 -2.343818034743890166e+04 2.459434379503363743e+04 -5.188965938577894121e+02 -4.962429660343332216e+04 -5.309263520102831535e+04 -3.067149509006412700e+04 -2.087700859701726586e+03 -5.445597914687800221e+04 -1.032923118388862349e+05 -8.073624789802148007e+04 -5.427223851540475152e+04 -5.859114930688519962e+04 -9.283384478432708420e+04 -1.176017910154766869e+05 -1.226152283461125335e+05 -1.539248618352574995e+05 -1.497837902337774867e+05 -1.119064848746348871e+05 -1.105692896852272097e+05 -1.427215752018677304e+05 -1.707855575668507954e+05 -1.427363348643118516e+05 -1.488863311763268430e+05 -1.569456695338883437e+05 -1.542015437372904853e+05 -1.743760711158392951e+05 -1.363820234658484114e+05 -1.299934003439561930e+05 -1.211487203363509034e+05 -8.240494252488111670e+04 -1.151720122870761261e+05 -1.309520012089346565e+05 -7.874009398452451569e+04 -5.491443431397795212e+04 -7.470026078270125436e+04 -9.690019166402507108e+04
1.143924478959527332e+05 5.327468372706789523e+04 1.734276934454124421e+04 3.859093417922826484e+04 1.425295674504013732e+04 -4.290207535086642019e+04 -1.767877154270536266e+04 -6.770145396003499627e+03 -3.432692033937200904e+04 -4.164228273613844067e+04 -4.188821454998082481e+04 -3.658029440586687997e+04 -3.269132379296934232e+04 -7.047644554288126528e+04 -1.066905211894481909e+05 -7.612292057354329154e+04 -4.174352186499163508e+04 -7.355211730915470980e+04 -1.372903717328152852e+05 -1.100726930270319572e+05 -7.762831101485027466e+04 -9.904725891028635669e+04 -1.061490090003646910e+05 -1.093172104578115977e+05 -1.151632764258829411e+05 -1.206866837374401512e+05 -1.169032864129985683e+05 -1.231024613647607621e+05 -9.614575929241266567e+04 -1.213588831212838413e+05 -1.424227778297791956e+05 -1.122847035729503841e+05 -1.152358411556638021e+05 -8.434778852548339637e+04 -8.570240187080352916e+04 -1.213371563761028665e+05 -9.987489025312227022e+04 -9.660295318142761244e+04 -8.592615501300327014e+04 -7.850064010199253971e+04 -1.027897310897243733e+05 -3.368987566791538848e+04 -2.545698156071006088e+04 -8.810128950135568448e+04 -7.187664558747233241e+04 -7.956947907645351370e+04 -1.175388936339006759e+05 -1.068391087492637453e+05 -6.687190173906669952e+04
-1.521915233258914668e+05 -1.015254370907496195e+05 -2.576811273756914306e+04 -5.453272648155689240e+03 -3.167577587140840478e+04 -6.751867768471129239e+03 -1.114272564038401470e+04 -2.979669259584625252e+04 -3.051584224784164689e+04 -1.080698801190010272e+04 1.591182437550742179e+04 -7.802575668465578929e+03 -3.358006976210162975e+04 -4.443759967820369639e+04 -2.431986914918525144e+04 4.932988305954379030e+03 -1.930823203045281116e+04 -2.333998325440916233e+04 -2.417542191687971354e+03 -3.350209643976984080e+04 -5.887107218353776261e+04 -2.415973004288389347e+04 2.567508433101465926e+04 -6.659402459044591524e+03 -7.071278988252754789e+04 -1.815915690749546047e+04 1.473809585411776789e+04 -2.052503898114094045e+04 -2.267154309767636005e+04 -1.801094734080845956e+04 -9.525488838844583370e+03 2.154463642174983397e+04 1.922881100399547722e+04 -8.538581146858516149e+03 2.072218555273150560e+04 1.550996922291244846e+04 8.094248144770972431e+03 4.250740594696265180e+04 5.426574645563960075e+04 6.304080956033419352e+04 7.021174949753936380e+04 7.972696025943150744e+04 1.201053051128106890e+05 1.506307075165390270e+05 1.384054913873845362e+05 1.330427081030208501e+05 1.589351136771443416e+05 2.334019529070049757e+05 3.366517133107067784e+05
2.588194354568258859e+04 -3.479623208011616953e+04 -4.176444865777739324e+04 -1.989931820891797543e+04 -4.540178539842600003e+04 -7.603794325390481390e+04 -7.975480224238708615e+04 -6.969279782613739371e+04 -9.763320853555342183e+04 -1.334331312098946655e+05 -1.342761173883627634e+05 -1.288820561631292803e+05 -1.263156773995433468e+05 -1.366540956529206014e+05 -1.716839971762964851e+05 -1.711369325494160876e+05 -1.399863530590665760e+05 -1.723898585872665863e+05 -1.802306486506130605e+05 -1.555701391199544887e+05 -1.530627382078089286e+05 -1.198377194566999678e+05 -1.000942192757794983e+05 -1.337504684038865962e+05 -1.710394658907898702e+05 -1.186433367509746458e+05 -5.731780884176259860e+04 -1.242299095621276647e+05 -1.274088965896228328e+05 -6.495329577999655157e+04 -8.739564166244212538e+04 -8.699560624052525964e+04 -3.159717124624911230e+04 -3.169405140433798078e+04 -9.234495372293179389e+04 -6.881147074833302759e+04 -1.850279628211876843e+04 -4.470616047998191789e+04 -6.403366388287383597e+04 -5.809934793927799910e+04 -2.396768819729879033e+04 1.300554844623536337e+04 -4.028028208602324594e+04 -7.233894711651350372e+04 -2.293060679861833341e+04 -2.696084969575155992e+04 -6.435667302255774848e+04 -8.428469575621373951e+04 -1.044537010099142790e+05
-1.667234336180260871e+05 -5.837822607281850651e+04 -8.936680918413796462e+03 -4.345644600907689892e+04 -4.116809465544065461e+04 -1.582588483928702772e+04 -4.803454534252523445e+04 -3.817525292048219126e+04 -9.663699025986716151e+03 -1.709211765541112982e+04 -1.772532072616741061e+04 -1.192783078746288083e+04 4.775794884117203765e+04 3.794602091962588020e+04 -2.432797964866040275e+04 5.289136102510383353e+03 8.390265258494764566e+03 -2.292922934182570316e+04 -5.859419424596126191e+04 -9.065580481343198335e+04 -1.165354053514599800e+05 -1.698665692916256376e+05 -1.792296090067251062e+05 -2.136397518038572452e+05 -2.807527781758107594e+05 -2.580877672937641037e+05 -2.561474517434545269e+05 -2.955429523481876240e+05 -2.710731719205796253e+05 -2.391168734763050452e+05 -2.337342301552414428e+05 -1.755589447310192045e+05 -1.511082801347952336e+05 -1.821932499141255394e+05 -1.546184970799366711e+05 -1.621841239948113216e+05 -1.727438475222152192e+05 -1.100165412378557958e+05 -1.001139562034220435e+05 -1.252043388679153286e+05 -9.229914052149956115e+04 -5.640665960585488938e+04 -1.855102418005117215e+04 -2.015332814044132829e+04 -3.098488571340613998e+04 -3.425050157238729298e+03 -9.732310176623053849e+03 6.360988765096245334e+04 2.292317309159236029e+05
1.774555481162678334e+05 6.003849154149059905e+04 -3.554389692144468427e+03 1.786333505791838979e+04 4.763977253765915520e+04 7.232630270867957734e+04 6.773102252031094395e+04 4.877608148017321946e+04 7.706064412530389382e+04 6.932694694216476637e+04 4.008242090203569387e+04 7.410214006056773360e+04 7.657406975733462605e+04 3.810853367453090323e+04 3.258182043195118604e+04 6.190072599973072647e+04 9.313399239661524189e+04 6.178240214372633636e+04 5.504784386124809680e+04 8.050103080036930623e+04 8.412817482545494568e+04 1.472371362239939335e+05 1.972947054098771187e+05 1.653671642598056060e+05 1.588435326615581289e+05 1.847056265329591115e+05 1.608860849137997720e+05 1.246031713603590615e+05 9.361800049635360483e+04 4.047052224195795134e+04 4.836136301470093895e+04 4.955090489398548380e+04 -1.288188782564224675e+04 -4.290074732853099704e+04 -4.383814233151497319e+04 -8.024736679959448520e+04 -1.505097671656403691e+05 -1.777743608235327411e+05 -1.682765727877267054e+05 -1.644452563386580441e+05 -1.939450849939027103e+05 -2.208662792980616796e+05 -2.159383040283859009e+05 -2.502665644956876640e+05 -2.929962989543859730e+05 -2.969345086225067498e+05 -3.056748758208419895e+05 -3.270229394492334104e+05 -3.471336261581685394e+05
1.818980843933245633e+05 6.514764404288143851e+04 -2.552737570207659155e+04 -3.070472059975145385e+04 4.702271103451494128e+02 -3.027848179786815308e+04 -6.214586595029686578e+04 -5.191348310399893671e+04 -7.928497378627071157e+04 -1.144432295132719446e+05 -1.146013704349752516e+05 -1.366414602148870472e+05 -1.338858244058790151e+05 -1.149634309846439864e+05 -1.478075166593771428e+05 -1.758580920661916025e+05 -2.031788102349676192e+05 -2.350158476372598670e+05 -2.426328206721517490e+05 -2.187421242000708589e+05 -2.169101158798725810e+05 -2.720219803955114912e+05 -2.535501031520839315e+05 -2.308352733652280294e+05 -2.700689102834438672e+05 -2.468473133987573092e+05 -2.155784475707332022e+05 -1.971348124870568281e+05 -1.723228263690543245e+05 -1.690326990188622731e+05 -1.638760280871065042e+05 -1.351016613258980215e+05 -1.107587253556998330e+05 -1.129277501277101110e+05 -1.146673140887286863e+05 -1.220320223762245732e+05 -1.031473367947909283e+05 -3.994028983303008135e+04 -2.970121612015634310e+04 -8.631135465140664019e+04 -8.572688476560858544e+04 -2.127530461308232043e+04 1.541264514846249949e+04 -1.692575174733088352e+04 -2.567416451114730444e+04 4.920341919059865177e+03 -3.210215591811027844e+04 -8.244649836109555326e+04 -1.008379555690032430e+05
1.942177363108202990e+05 7.661201581111524138e+04 -1.493042922375025228e+04 -2.099199005097031477e+04 3.734028518680133857e+04 3.336412030053909984e+04 -5.194151017349213362e+01 3.737595022656035144e+04 6.607938846966144047e+04 5.869425345663329063e+04 5.793671428036762518e+04 9.269761091447432409e+04 9.487649899980166811e+04 8.524645276600492070e+04 1.389761034699039883e+05 1.395815599877096247e+05 1.410432476499409240e+05 1.966744530848517607e+05 1.906874344151582918e+05 1.582781397557118325e+05 1.908096038970685913e+05 2.243834597221574513e+05 1.871064619346001418e+05 1.835582052757670172e+05 1.757088871326411609e+05 1.436828230082753580e+05 1.485163536017352017e+05 1.104051714594245423e+05 7.875596223151660524e+04 8.411482861440186389e+04 9.107038582616928034e+04 6.237078248668671586e+04 5.862094293828727677e+04 5.728346732139470987e+04 -2.760739356453996152e+03 -9.004586801748024300e+03 1.036603018816118129e+04 1.415003744943533093e+04 -5.497825341881252825e+03 -6.310065494457352906e+04 -6.405056153627811000e+04 -9.288772271203878336e+04 -1.803051186366060283e+05 -2.455417909040998202e+05 -4.090395003436419647e+05 -6.259534926140606403e+05 -7.602814854931801092e+05 -8.146575011292565614e+05 -8.347366761744905962e+05
6.375558272586209932e+04 3.352425745106302202e+03 -1.749063888710225001e+03 -6.891059771296568215e+03 -3.405141236275085248e+04 -3.804948283068375895e+04 -4.302118062420049682e+04 -3.427294807697762735e+04 -6.256730384062387748e+04 -6.962078723532613367e+04 -7.031489536719175521e+04 -9.279068206597008975e+04 -9.124435809339043044e+04 -1.010777836042688868e+05 -1.328794671337527107e+05 -1.914809590669758036e+05 -1.928302280388017534e+05 -1.381968182396666962e+05 -1.747723973490064673e+05 -2.394011009238601255e+05 -2.098140688118290273e+05 -2.089925980505359476e+05 -2.207516361809398513e+05 -1.987508189104845515e+05 -2.102580235592904501e+05 -1.866127824652359122e+05 -1.555757841408193344e+05 -1.678913121750522405e+05 -1.435167108467430808e+05 -1.111900339045680594e+05 -1.070481139216278680e+05 -1.084916377064657863e+05 -8.486739516083686613e+04 -2.856950259272707626e+04 -3.007755637983814813e+04 -3.716611602168995887e+04 -1.882881706798798405e+04 -1.587012110292562284e+04 2.448163173990906216e+04 5.737058271013665944e+04 8.702565377170732245e+04 1.815717904348270968e+05 2.492515758004439995e+05 3.107264922348270193e+05 5.221039347523758188e+05 7.138547458070368739e+05 8.065878350056320196e+05 9.470080423318683170e+05 1.119025214066622313e+06
7.215001473479787819e+04 1.149450572687783279e+04 -2.241906468669185415e+04 1.146443960751523264e+03 2.101028251781826839e+03 -2.553013247524970211e+03 4.959652470963192172e+04 2.883652760268875863e+04 1.264577063557226211e+02 5.068447093304706505e+04 4.986331381893245270e+04 5.620060159708367428e+04 8.652468402317020809e+04 7.698724634756211890e+04 1.039971062376571354e+05 1.326863720308757329e+05 1.025101936579450557e+05 1.002756763270007941e+05 1.815306268255516770e+05 1.761395927444390836e+05 1.198783906181049970e+05 1.808479860732042871e+05 1.707737485811233928e+05 1.069855507016472402e+05 1.267310353241919656e+05 1.232814107589366031e+05 9.754623474262189120e+04 8.685694927349709906e+04 8.349798791605269071e+04 8.800227906220243312e+04 6.358719362586271018e+04 3.372723304390092380e+04 5.837521670197043568e+04 5.538088654400792439e+04 -5.161056364013464190e+03 -1.182482322576118167e+04 6.554804864281439222e+03 -2.077192308672238141e+04 -1.088121809894836042e+04 2.056606905753130559e+04 -1.321160737425123807e+04 -1.289974121144053061e+04 2.137317200365930330e+04 -1.205993512834585272e+04 -4.802106294941040687e+04 -4.299108778344804887e+04 -1.751291185893933289e+04 2.580315615647076629e+04 7.231886730922246352e+04
2.036096996092232876e+05 1.424317187303677201e+05 1.374518247444937006e+05 1.610809301152767148e+05 1.320417039246240165e+05 1.555755254669929855e+05 2.073874537782100961e+05 2.145894317670902237e+05 2.143758445511050522e+05 2.070629294523678254e+05 2.352842838231301866e+05 2.707465632694950327e+05 2.426146721476105740e+05 2.333982062876747223e+05 2.909022853666100418e+05 2.904967813992698793e+05 2.593190656283696881e+05 2.867463110564857488e+05 2.813175136734206462e+05 2.464167338116384926e+05 2.775838779324835632e+05 2.796865822863762733e+05 2.402108583078374795e+05 2.053229487946373411e+05 1.956560710394115304e+05 2.223568671994142933e+05 1.965650161032680189e+05 1.561460109351903666e+05 1.528972778655587463e+05 1.574282798141938401e+05 1.326496603251143824e+05 1.328273049421843607e+05 1.273768904132894240e+05 6.387260257586603984e+04 6.375979494274384342e+04 5.726619319699238986e+04 1.516620008551422507e+04 -1.264399254796444438e+04 -3.372916324122343212e+04 -3.543730808742111549e+03 -3.964886022382485680e+04 -1.025603540227168705e+05 -1.006564703595356550e+05 -1.354855010171018075e+05 -1.708094808468013071e+05 -1.954112867647192907e+05 -2.635998258397749159e+05 -3.140002430685844738e+05 -3.292799003508049063e+05
-1.180401271246956894e+05 -2.653544668864924461e+03 8.180470514926128089e+04 1.074225874697730178e+05 7.967570195280131884e+04 4.611957378845545463e+04 7.023682062193972524e+04 4.910442411011899821e+04 2.080363681510766037e+04 7.352969206098350696e+04 4.441941929544555023e+04 -7.005641721480060369e+03 2.390128156155697070e+04 1.567085526301525533e+04 -1.309222330717602745e+04 -1.337927059517824091e+04 -1.636960347474087030e+04 -4.788180373056093231e+04 -8.265859590886963997e+04 -5.981498186694795731e+04 -5.959585245305765420e+04 -8.886547795496881008e+04 -1.007015702585341642e+05 -1.078426179655070882e+05 -1.492666500614724355e+05 -1.835259018921351526e+05 -1.520760236930798274e+05 -1.652842861192769487e+05 -2.006988846168678137e+05 -1.988574164699820103e+05 -1.965923098052734858e+05 -1.990706200328717823e+05 -2.072692004439894808e+05 -2.136071818806520896e+05 -2.460922548171948001e+05 -2.239779201292550424e+05 -1.774753434685408138e+05 -2.379834095155824325e+05 -2.612117520606261678e+05 -1.723621398965765256e+05 -1.806284005053756991e+05 -2.457770438988523092e+05 -1.835414206142007606e+05 -1.572654159581003478e+05 -1.913821705606828909e+05 -1.522564694237369113e+05 -1.266503405002006330e+05 -1.762062586465608329e+05 -2.523370236437739804e+05
9.676116155329532921e+04 3.598025241590221412e+04 3.563269284641370177e+03 6.364855929859913886e+02 2.328213673026766628e+03 -1.975055937655270100e+03 -3.700298916985047981e+04 -5.888565330926189199e+04 -2.817295225511770695e+04 2.551745811797445640e+04 -3.704395964014111087e+03 -5.573813811352010816e+04 -2.489045791269745678e+04 -3.266281296208035201e+04 -3.084898202447220683e+04 2.836954009995679371e+04 2.429133181387442164e+04 -3.722422792794532143e+04 -4.156657893981900997e+04 -1.875155622736201622e+04 1.093402088561560959e+04 4.095195531830540858e+04 -7.929670432349666953e+02 -3.790823259216267616e+04 -1.913250212761317380e+04 7.325791248440509662e+03 9.346659623988671228e+03 -3.131048124632798135e+03 -7.891566462640417740e+03 -5.599009610159555450e+03 -3.328072657968732528e+04 -4.532919316697632894e+03 1.806347553356341086e+04 -4.876105277391592972e+04 -4.946753241878445260e+04 -2.587239272208535112e+04 -7.005103707153466530e+04 -1.000085858424429316e+05 -9.259660444629832637e+04 -9.623225229195656721e+04 -7.514921663780114613e+04 -8.030080693788465578e+04 -1.424111729118154617e+05 -1.472812350184540264e+05 -1.174369421212760499e+05 -1.373313651970234932e+05 -2.041324639102102374e+05 -2.843577219526910339e+05 -3.594655595453453716e+05
-1.054279799124924466e+05 1.252650037058630551e+04 6.948382735208721715e+04 6.638799700551317073e+04 6.755480498861288652e+04 3.283790487461374141e+04 2.693988328886913951e+04 6.395423806927289115e+04 6.461006268742500106e+04 5.869757049877077225e+04 2.908434907949407352e+04 6.277935553371207789e+03 3.684218189053353854e+04 5.893092790298396721e+04 6.091477179768844508e+04 3.033202244070702000e+04 2.556647444798721699e+04 5.335234602156555047e+04 1.911071481677936390e+04 4.184068188478704542e+04 7.110886731577920727e+04 1.073152357726922492e+04 -1.376838601718191057e+03 5.145248980945307994e+04 7.026896591807599179e+04 3.649735540340770967e+04 3.834884370284283068e+04 5.599511488384462427e+04 5.122020454742596485e+04 8.382419101864809636e+04 8.655276533841970377e+04 8.516879188406199683e+04 1.080698375444631092e+05 7.183641988565796055e+04 1.023322974012992345e+05 1.266124140992179746e+05 8.314805960937519558e+04 1.152854987869798206e+05 1.235610951700073201e+05 8.998359617034997791e+04 8.071876325615472160e+04 7.619044319697446190e+04 7.665118046614201739e+04 7.266128636023495346e+04 4.168416397267743014e+04 2.313087922186241485e+04 1.977194643521215767e+04 -2.824901698229904287e+04 -1.024819454269879498e+05
-3.402469489410577808e+05 -2.202715344085299294e+05 -1.012550330845989520e+05 -4.312704441006632987e+04 -1.182949682071921416e+04 1.322877703234541696e+04 3.717370601181755774e+04 1.040433359524469124e+05 1.043466203978460981e+05 1.286548868581302813e+05 1.591354586688976851e+05 1.357266605339828529e+05 1.661307755895540176e+05 1.587305784630006528e+05 1.918273321732703480e+05 2.213409276334278402e+05 1.550895750841301924e+05 1.529034961723663728e+05 1.797994213088531105e+05 2.026983469883270445e+05 2.014507081980989315e+05 1.402770187484564376e+05 1.282006887237368501e+05 1.511535480308519909e+05 1.400934863119618967e+05 1.063008594897111179e+05 1.079218919710547198e+05 1.260815245486448985e+05 6.014284990131296217e+04 6.180113619833753910e+04 1.252135990916576702e+05 6.209175266019836999e+04 2.318172745610354468e+04 4.726988820664689410e+04 4.701255464271549135e+04 4.071403930691280402e+04 -3.789143900939961895e+03 -3.599624438065802678e+03 3.334266433521406725e+03 -3.222903841146035120e+04 -1.268884026212594472e+04 -5.025993921415600926e+04 -8.244615988194686361e+04 -2.526063280500227120e+04 -5.572589355710032396e+04 -1.358375428181894822e+05 -1.392543931944238720e+05 -9.327292138972564135e+04 -4.183740459702443331e+04
3.277616585008216789e+05 3.265176167772734188e+05 3.244500337904900662e+05 2.614877460860589053e+05 1.716480226469866466e+05 1.668498964708122658e+05 1.914193399314534618e+05 1.678006439564343309e+05 1.078521468047986273e+05 1.026583247195230797e+05 1.340571546326102689e+05 1.110133306062200572e+05 1.116043979124515317e+05 1.355110067443456501e+05 1.090019544139793143e+05 7.839619258898892440e+04 7.250187843892467208e+04 1.011371407039405312e+05 1.292569568815815728e+05 6.095967795670730993e+04 2.889446206143498421e+04 8.940607248689071275e+04 1.079974858251810074e+05 6.995851028579636477e+04 -2.233107152278767899e+03 -5.546130496077705175e+03 2.629222954084980302e+04 1.410255099995993078e+04 3.995757556986017153e+04 4.090081724789342843e+04 -1.893300594005244784e+04 -2.114168403582880273e+04 -3.019406385006709024e+04 -3.729132039734418504e+04 -6.635222897311905399e+03 -1.275932687640306540e+04 -2.660755159959057346e+04 -5.843336060133879073e+04 -8.338031418767059222e+04 -5.796785205748141743e+04 -3.988477032355172560e+04 -1.100567355426023714e+05 -1.121711689481160138e+05 -8.682766019483166747e+04 -2.108650322436001152e+05 -3.219596787972832099e+05 -1.050800493485593237e+06 -2.423669371559790336e+06 -3.759339906721964478e+06
-2.751124179631238803e+03 -6.525303520058537833e+04 -1.281193853406875860e+05 -1.600456715571635868e+05 -1.891610072078765370e+05 -1.938279919311753474e+05 -1.688145366025855765e+05 -1.933258026123803575e+05 -1.926897729470512131e+05 -1.361091719994146843e+05 -7.334302204384584911e+04 -6.632384550684946589e+04 -6.634821833838941529e+04 -1.092801280843559653e+04 -6.462358911230694503e+03 -3.769682842263148632e+04 -1.396380900303495582e+04 4.529366307091538329e+04 4.343030222793447319e+04 4.820054329466074705e+03 2.127098028577282093e+03 8.950521350199123845e+02 1.927301119241747074e+04 4.211836418646259699e+04 1.655758530249586329e+02 -3.439469489312625956e+04 -3.000317101832246408e+03 1.575357681955210865e+04 -2.064672508771752473e+04 -5.181454907651629765e+04 -1.961310482787678484e+04 8.785182854044251144e+03 -3.190565930548461620e+04 -7.071039235466741957e+04 -7.113685023374261800e+04 -7.735897184989869129e+04 -9.167122787825053092e+04 -9.330160064520908054e+04 -1.192232121618870879e+05 -1.885634158518218901e+05 -2.972593741505999933e+05 -5.890717273126929067e+05 -1.505573075449497672e+06 -3.719329095675658435e+06 -5.866938770284183323e+06 -5.137738627450875938e+06 -1.776939146655335091e+06 1.198152752028379589e+06 3.141206593367502093e+06
4.953740363492396427e+05 4.323540856770705432e+05 3.690028959084883099e+05 3.986972072687057080e+05 4.311303259586566128e+05 3.953843213565414771e+05 3.896047328926215414e+05 3.339802031053116079e+05 3.038602281310886610e+05 2.992567988079097122e+05 2.700062116356277838e+05 2.154476520053870045e+05 1.537845942011335865e+05 1.483306471939431503e+05 1.226831346358810551e+05 9.189064662961708382e+04 5.379873406811384484e+04 5.172751357851689681e+04 5.086146520945476368e+04 1.243020341498777270e+04 -2.148906371483393013e+04 -5.363917398775788024e+04 -6.596799351842468604e+04 -1.052014997531659901e+05 -1.470027636188021861e+05 -2.130753174491110258e+05 -3.068668365941261873e+05 -4.128565492929201573e+05 -5.753659844996575266e+05 -7.337024871596072335e+05 -8.907642765992198838e+05 -1.051991850286870264e+06 -1.220793417969402857e+06 -1.450595883501518052e+06 -1.641587509855016600e+06 -1.775769429106293246e+06 -1.981531742434162647e+06 -2.112600358186613303e+06 -2.047976791990076192e+06 -1.932275955395448022e+06 -1.666914346914710477e+06 -1.143210054584638216e+06 -1.459679814666695893e+04 2.467527532984841615e+06 4.963518030604464933e+06 4.672842537945386022e+06 2.313551421091099735e+06 7.559739538653267082e+05 1.162199107005881378e+05
3.134265188148133457e+05 -1.248514984609209932e+05 -1.375496953098917147e+06 -2.437965480516286101e+06 -1.466922505334950984e+06 -1.903823279116478516e+05 1.471357278294453572e+05 1.838930348740541958e+05 1.528615801231354126e+05 1.790385219140443369e+05 1.803281492981477641e+05 1.558679995065904805e+05 1.866420743355411105e+05 1.809565769814071245e+05 1.549580442755540134e+05 1.547621208657801617e+05 1.470242826509639854e+05 1.444604325115504907e+05 1.124311456654685317e+05 1.047681849337823223e+05 1.327191824979670346e+05 1.002941428714254871e+05 5.668152932121302001e+04 7.983509636964276433e+04 1.006415163952624425e+05 9.728189815796189941e+04 1.288215005199892912e+05 1.487531441671310458e+05 2.064453145285362843e+05 3.000902493573087268e+05 3.331240806357527617e+05 2.996954089922655839e+05 2.590417318917766679e+05 2.204336351653910242e+05 1.266788175432877615e+05 5.871651357781980187e+04 4.500665023471787572e+04 1.137772114700032398e+04 -7.837995099442172796e+04 -1.172153087132028304e+05 -6.961817231960594654e+04 -4.713530411521811038e+04 -8.234056424174876884e+04 -1.208006699652471580e+05 -8.571058631438110024e+04 -3.659427865568408743e+04 -6.039585660910233855e+03 4.300957817671541125e+04 9.744092726876307279e+04
-5.787935773681988940e+04 5.036140859675653046e+05 1.814839558498350438e+06 2.875921741389174480e+06 1.908080642202840187e+06 6.220444769809548743e+05 2.728276031647692434e+05 1.539518147621126845e+05 1.548461587756169029e+05 2.131655188981671818e+05 1.526266346359625459e+05 1.286376518660103902e+05 1.600337421183940023e+05 1.238140412773648277e+05 9.851855902394186705e+04 9.900178221345413476e+04 9.137681188236502931e+04 5.766524192964378744e+04 2.640718011898640543e+04 1.908762394814472646e+04 -4.741149354667775333e+04 -1.115259840292846784e+05 -1.554393419298874214e+05 -2.584173224224648438e+05 -3.950051901799454354e+05 -6.201417263915929943e+05 -9.057577068630782887e+05 -1.265823942938588792e+06 -1.747257268853862304e+06 -2.067224558036395814e+06 -1.973252366474916926e+06 -1.597790941712592728e+06 -1.134436679479555227e+06 -6.051355553657058626e+05 -6.745169581554247998e+04 3.384177513279421255e+05 6.091024299146374688e+05 8.597474047682788223e+05 9.915155461381068453e+05 9.850856114395692712e+05 9.387568749237119919e+05 8.039445362334685633e+05 5.793309494918487035e+05 3.829636510495039402e+05 2.284563923241525190e+05 2.385789674430247396e+04 -2.320468023471784545e+05 -4.698299110885971459e+05 -6.704234127925781067e+05
3.826333555218295660e+05 3.185094472300261259e+05 2.861470717775230296e+05 3.173924624698704574e+05 3.190161560782871675e+05 3.142323309724449646e+05 3.399804268847219646e+05 3.139960405143215321e+05 3.144175336006442085e+05 3.100056381910685450e+05 3.120569584872289561e+05 3.506065559394485317e+05 3.187844390144161880e+05 2.825723648133859970e+05 3.205326819996116683e+05 3.527745865806355141e+05 2.816362043577828445e+05 2.476906119799236767e+05 2.801771660152003169e+05 2.731586741292271763e+05 2.695993307945900597e+05 2.054812997118271887e+05 1.620006615463355556e+05 1.541400966500798240e+05 -2.714228416189737618e+06 -5.831838945121704601e+06 -3.103094294795286376e+06 5.691810625196386827e+05 1.388966150041086366e+06 1.672701710424444173e+06 1.706019125280435663e+06 1.354973953009757679e+06 8.691766922062425874e+05 4.807569298637104221e+05 1.636929599933493882e+05 -1.591592500943802297e+05 -3.961467190485568717e+05 -5.914386988284252584e+05 -8.116089870747227687e+05 -9.483351116401874460e+05 -1.094107848985443823e+06 -1.201015383514170069e+06 -1.174548520894747227e+06 -1.055114234640787821e+06 -8.601249586165092187e+05 -7.147958445835663006e+05 -6.523604134282516316e+05 -6.670755718817207962e+05 -7.403979282674714923e+05
-3.797008042974628042e+05 -4.448837986058788374e+05 -5.413163226400499698e+05 -6.687312737849423429e+05 -7.625799036415992305e+05 -7.984863461364874383e+05 -7.710687202838013181e+05 -6.688389134980390081e+05 -5.396651874558303971e+05 -4.150811544174209703e+05 -2.843131588477990590e+05 -2.135945934834310319e+05 -1.504961914711745922e+05 -5.909265967304259539e+04 -5.286626892426284030e+04 -5.289412545142136514e+04 -3.014608490178966895e+04 -3.365441128466045484e+04 -1.286118973803240806e+03 2.250419548116018996e+04 1.739451031840825453e+04 4.732982720131985843e+04 6.627176235779188573e+04 1.208131871718794573e+05 3.064783983364334330e+06 6.302066407910311595e+06 3.793790424250169192e+06 5.127075733923995867e+05 3.122875580956973135e+04 -9.813319073946308345e+04 -1.291686787878293544e+05 -1.642273590380512178e+05 -3.027657923531662673e+05 -4.389714244389319792e+05 -6.948159877434959635e+05 -9.880027204827633686e+05 -1.259021231289370917e+06 -1.520415349283724092e+06 -1.486419223900011275e+06 -1.111785447606813861e+06 -5.854349268140490167e+05 -1.153488802808005712e+05 7.243152233510022052e+04 9.656523939332109876e+02 -2.190844886470576457e+05 -6.177156094973890577e+05 -1.164148289232403040e+06 -1.659940958533253521e+06 -2.054337459416967817e+06
5.950055554203572683e+05 6.578198029685881920e+05 7.534482868597839260e+05 9.142059192949088756e+05 1.043564988861617167e+06 1.037329663479467621e+06 9.658532920395368710e+05 9.051821894448953681e+05 7.753844258992471732e+05 5.772410006975403521e+05 4.826449915367998183e+05 4.564890885408387985e+05 3.907899859911412932e+05 2.899338748495210893e+05 2.322051931571331806e+05 2.328303179814252071e+05 1.912952401238731109e+05 1.878966590002523735e+05 1.898988707814710215e+05 1.180807682313024998e+05 4.832193677866645157e+04 1.493916423554765061e+04 -5.780612014976222999e+05 -2.942210666780875064e+06 -4.498629452034654096e+06 -2.692572107941092458e+06 -8.852350847859620117e+05 -6.359542410439471714e+05 -5.442027007293654606e+05 -4.186917117639672942e+05 -2.894695641673752107e+05 -1.322360268555344082e+05 1.130790346962744370e+05 4.572639614756908268e+05 8.097078951017470099e+05 1.189105522179160267e+06 1.623379809272010112e+06 1.971411666414063657e+06 2.039053793436905369e+06 1.710681338805293199e+06 1.084406390041402541e+06 4.007638447964601219e+05 -2.139513061879547313e+05 -8.004269294155570678e+05 -1.343217852053639945e+06 -1.711433916719101835e+06 -1.809198772408420453e+06 -1.759191396866804454e+06 -1.704075624340295792e+06
4.199528948520304402e+04 1.709572455764283077e+05 2.357948061201022356e+05 2.365355264625395357e+05 2.054727149396785535e+05 1.353923733922420070e+05 1.619862993157584569e+05 1.987346542454907321e+05 1.330787078308641503e+05 9.617463018628765712e+04 9.851858883688697824e+04 7.192540026066140854e+04 3.800512303510913625e+04 3.406006883684312925e+04 -2.391096374078188092e+04 -1.204456089428278501e+05 -1.622511196107371652e+05 -1.980885552478138416e+05 -2.927278936159563018e+05 -3.968124278678441187e+05 -4.342173466633533244e+05 -4.672008380075567402e+05 7.010588770441256929e+04 2.353713553916596342e+06 3.796666967915077694e+06 1.984380583440076094e+06 2.395758027100227773e+05 3.684193026419961825e+04 -5.269798007793724537e+02 -6.863684806303307414e+04 -6.785365363466599956e+04 -7.098356430418882519e+04 -1.144719585220450535e+05 -1.224524373395252042e+05 -1.539340926008298993e+05 -2.223162436697748490e+05 -3.327994279685667716e+05 -4.673585813815598376e+05 -6.590079135584519245e+05 -9.914572599338109139e+05 -1.495208633863372728e+06 -2.088041772880825447e+06 -2.545513021543440409e+06 -2.617143955073846504e+06 -1.996261348776760511e+06 -6.828162660286743194e+05 8.365644981313464232e+05 1.921493153271719813e+06 2.623033185555790551e+06
1.729043967367032892e+05 4.021050872426707065e+04 -2.547046458901610458e+04 -2.399296176969073713e+04 1.070347802742617205e+04 7.154717263358173659e+04 3.318010602321010083e+04 -2.812283984356332803e+04 3.671969412971509155e+04 9.792589636082988000e+04 3.512586029712099116e+04 4.079290099674824160e+04 1.044894563662819273e+05 1.007116775488247804e+05 1.076033805613405711e+05 1.408234925122816639e+05 1.634596495699953521e+05 1.593759409282937995e+05 2.594222215915214038e+05 3.169430363393620355e+05 2.781873218077813508e+05 3.092727576856851229e+05 3.620678834177675890e+05 3.858030137821329990e+05 3.771382905263451394e+05 3.732687707088186871e+05 3.713643969927215949e+05 3.949524508067413699e+05 3.572252835810650140e+05 2.881973227171695326e+05 2.888904658154933713e+05 2.532530702007352374e+05 2.419491307160942815e+05 2.340459335868945345e+05 1.701532107187085785e+05 1.667691226449091919e+05 1.535870651961886324e+05 5.094786558212945238e+04 2.100485991366393864e+04 4.484472393727628514e+04 -7.078579183871764690e+04 -2.758768338456861675e+05 -6.705886696706856601e+05 -1.295775271898897365e+06 -1.258316671040088870e+06 -2.651267615906537976e+05 4.821044091781384777e+05 5.340821830215279479e+05 3.954373294280860573e+05
7.239539655449334532e+04 1.370958427403821261e+05 1.370865410781697719e+05 7.245120400679297745e+04 7.429928338679019362e+04 1.028024974674917758e+05 6.417891205113846809e+04 1.744580459780991077e+03 8.035073554491391405e+02 2.987712877686135471e+04 -2.260755808674730361e+02 5.146450203901622444e+03 3.277141938160639256e+03 -6.590637120301835239e+04 -5.850242327345767990e+04 -2.418154147802863736e+04 -6.722044778318377212e+04 -1.373221447385730571e+05 -1.004386812198208063e+05 -7.421509689535014331e+04 -1.463880433264417807e+05 -1.141018535612962442e+05 -1.253223539615285117e+05 -1.663826259408961632e+05 -1.407281111620249576e+05 -1.769522349242468481e+05 -1.789268982355131884e+05 -1.862747526491879253e+05 -2.566063709615261760e+05 -2.940165403220452135e+05 -3.255638569520667661e+05 -4.264780304010504624e+05 -5.355726910795803415e+05 -6.079881244499115273e+05 -6.713388065507751890e+05 -8.040503421155144460e+05 -9.792022297848600429e+05 -9.839030779371405952e+05 -8.502934586050100625e+05 -6.627409530617278069e+05 -1.602874487018529326e+05 8.041883294572434388e+05 2.097081268460018327e+06 3.385432465373898856e+06 3.517742520402544644e+06 2.106241896055283491e+06 6.772376502881497145e+05 7.969524902641028166e+04 -1.888943838886916637e+05
1.399768586171556963e+05 7.134832876443403075e+04 7.145444783032865962e+04 7.359460547711933032e+04 4.216156193229835480e+04 7.098729521821948583e+04 3.238358241040256689e+04 2.710860492661653552e+03 3.500475322303833673e+04 3.104450866841941024e+04 6.745610601967212278e+04 3.943938193697266979e+04 -2.909152803535106068e+04 3.449005558097267931e+04 7.516161782928972389e+04 1.013135987479463802e+04 -1.069127270603203215e+02 2.862773987988475710e+04 -3.099091473268344998e+02 -7.117640532960649580e+03 1.930738076596748579e+04 1.860169664287238265e+04 7.241540210379767814e+03 -3.405525468493562948e+04 -8.256277942855122092e+03 2.110566317336645443e+04 -1.427459733065917681e+04 1.136956229980570788e+04 3.922961254458640906e+04 3.379893442761382903e+04 1.683369605743922875e+03 3.116590741934544712e+04 5.225252351054260362e+04 1.156517695082584760e+04 -2.006363864114985699e+04 -8.846381773502778378e+04 -1.341374260626616597e+05 -1.731130422421850380e+05 -2.694058628301714780e+05 -3.433773814581208862e+05 -2.963563611815334298e+05 -2.410351407344574109e+05 -1.807999523903704248e+05 -9.133233895176078659e+04 1.149783838773076423e+04 1.608151230087965960e+05 2.265003172488653800e+05 2.135933277232102118e+05 2.045323887758378405e+05
2.744937460077925934e+05 2.042477685504126712e+05 1.364379168051527813e+05 1.390943922166479169e+05 2.089493480752571486e+05 2.044111299407086335e+05 1.314829294889932207e+05 1.345478777386598813e+05 1.666781647162862355e+05 1.626404328653006232e+05 1.998391808100861963e+05 2.042253085618723999e+05 1.338828426363760955e+05 1.313558792430557078e+05 1.725114883933564997e+05 1.404829118467750959e+05 1.296173331065803068e+05 1.243357136321719736e+05 6.232209860201680567e+04 8.944480592646857258e+04 8.188951869524328504e+04 -1.917598777945386246e+04 -2.989742063946335111e+04 -3.792272124090231955e+04 -7.713275344663986471e+04 -1.475198157250995282e+05 -3.507956454396484187e+05 -2.158023941321302671e+06 -4.793372334363515489e+06 -4.086718324096282478e+06 -1.273885769567281939e+06 -1.076186949553079903e+05 -5.332088407711219043e+04 5.154904200753197074e+03 7.207420954568125308e+04 2.008367081522010267e+05 3.846317111203093082e+05 5.729337768343985081e+05 8.017468201913274825e+05 1.020017287227089517e+06 1.096212049102470744e+06 1.016816581624445505e+06 7.788395252541499212e+05 4.070803861570302397e+05 -1.134871182791511528e+05 -6.843155404413100332e+05 -1.042433433875851799e+06 -1.184497435583903454e+06 -1.258069572095097974e+06
-4.118327595092704869e+05 -2.087393933351268061e+05 -7.136050603585319186e+04 -6.806770131079248677e+04 -6.572944329353049397e+04 -3.558749545802129433e+04 -4.014152660965919495e+04 -3.691654516005655751e+04 -3.855391599965514615e+04 -4.211797170893987641e+04 -3.805363671883242205e+04 -3.345757015369599685e+04 -1.963429751049261540e+03 -3.782649212225805968e+03 -9.776468760712305084e+04 -1.630660685678595910e+05 -1.731569790179491974e+05 -2.455369589952169335e+05 -4.077987558336461661e+05 -6.827841266494940501e+05 -9.920324094704104355e+05 -1.224615452565194573e+06 -1.466223572846504627e+06 -1.536089783318165690e+06 -1.266869739244575147e+06 -9.297947306180135347e+05 -5.274907503873677924e+05 1.573181140155650675e+06 4.368156267502630129e+06 3.649061063020772301e+06 9.057883934280879330e+05 -2.330210747255488532e+05 -3.110234305326606263e+05 -3.175153732928446261e+05 -3.483254124148515984e+05 -4.489021135334037244e+05 -5.927770196227357956e+05 -7.315063337868208764e+05 -9.605855317445809487e+05 -1.264621383636836894e+06 -1.445619454772389028e+06 -1.385985567600295413e+06 -9.922245100335543975e+05 -2.743207785329977050e+05 4.877835631734319031e+05 1.194975180034522433e+06 1.816935272386186291e+06 2.064156854751631385e+06 2.052320823083241004e+06
-3.171293945913200150e+05 -3.197317045566160814e+05 -3.537477863181264256e+05 -3.843931466518551460e+05 -4.160584909899625927e+05 -4.884048808194346493e+05 -5.607859534776068758e+05 -6.600486029312019236e+05 -7.638142562474244041e+05 -8.341240467736494029e+05 -8.960813215345849749e+05 -9.576032333303014748e+05 -9.912480322804180905e+05 -9.546523982626963407e+05 -8.401770866999868304e+05 -7.311640393317793496e+05 -5.677306777972271666e+05 -2.978132662308057770e+05 -1.740162947797216475e+04 3.506278062227647752e+05 7.823202779114921577e+05 1.185692891158105806e+06 1.508981757079021074e+06 1.664298600147011923e+06 1.586084465224702144e+06 1.341450794780394062e+06 1.064785317586792167e+06 8.218178391753479373e+05 6.806556500485747820e+05 5.709916638670250541e+05 5.037769308188577415e+05 4.659341600240443368e+05 1.180505499790909234e+05 -3.199955449889807031e+06 -7.034700073237473145e+06 -4.845338324993219227e+06 -7.026004468917334452e+05 6.239847384305922315e+05 1.052847848112286068e+06 1.470670570314683020e+06 1.777078872546266299e+06 1.926199655449311249e+06 1.848435121914075688e+06 1.536455476654229220e+06 1.206898011195884086e+06 9.584274213691216428e+05 7.597793338808703702e+05 7.135518632881551748e+05 7.694132589158695191e+05
-3.200036886672021355e+05 -3.225150992255657911e+05 -3.562197280745024327e+05 -4.207795953389722854e+05 -4.169624993650359102e+05 -3.497347145184176043e+05 -3.175793406175216660e+05 -2.441104015818568878e+05 -1.411007127005723305e+05 -3.976716420293087140e+04 1.037664546916494146e+05 1.770193419637512416e+05 2.084105880299466662e+05 2.758285604210686870e+05 2.832143441375228576e+05 2.167722684686305001e+05 1.370627327341935597e+05 2.822794811247149482e+04 -1.013918595970608294e+05 -2.430388013701303862e+05 -3.866645914566465653e+05 -4.866578984630177729e+05 -5.623219449739563279e+05 -7.035545972327231430e+05 -8.406166372905140743e+05 -8.404320938131422736e+05 -7.723258814320433885e+05 -7.721991619965424761e+05 -7.392579476610980928e+05 -6.423610095950430259e+05 -5.706286982126766816e+05 -4.033275858918204904e+05 2.194178948091343045e+04 3.392993966621566098e+06 7.364573587678315118e+06 5.337980269660485908e+06 1.402402029788349289e+06 3.556866029216330498e+05 3.220383853430394083e+05 2.795610186332482845e+05 1.934208262880565599e+05 1.501147822313946672e+05 1.112304773923824541e+05 6.844769134215312079e+04 3.975113967986591160e+04 -8.806683773581869900e+03 -7.350952862907480448e+04 -1.516064319334686734e+05 -2.278418753511458635e+05
-9.581939039344433695e+03 -8.251965550211025402e+04 -8.205469554290175438e+04 -7.976033673039637506e+03 -5.401876175310462713e+03 -9.156251531094196253e+03 5.671328420139616355e+04 9.417279727902507875e+04 1.264020956147577963e+05 1.575182643608422368e+05 1.271281929852557369e+05 9.579390834318482666e+04 1.271387846549623064e+05 1.603957607789197355e+05 1.331397561926859780e+05 1.013385537650902406e+05 5.581902643461956905e+04 -1.954840095510007086e+04 -1.152560260918107379e+05 -2.579954818487748562e+05 -4.377688602628759691e+05 -6.760789151286012493e+05 -7.863004818232744001e+05 -6.537783522417886415e+05 -3.805555686893048696e+05 -7.455149985413369723e+04 1.611949507278043311e+05 3.630633112462244462e+05 4.600810371682744008e+05 5.178595634154044092e+05 5.859205127111632610e+05 5.129897712747336482e+05 4.311279747827227693e+05 3.895299222180619836e+05 2.888939039927204722e+05 8.474467202992000966e+04 -3.317278534197259578e+05 -1.283952394034424797e+06 -2.492804941740174778e+06 -2.560048683093329892e+06 -1.158056167003517505e+06 2.471616613602926955e+05 8.106192728164000437e+05 9.647748151549627073e+05 1.065517553246755851e+06 1.078996502212536987e+06 1.010388786171389860e+06 9.961922377420675475e+05 1.050979006266841199e+06
2.013644409761764109e+05 2.682318541267889086e+05 3.736697436808024067e+05 4.826596671703736065e+05 5.194826361315790564e+05 5.148896143111049896e+05 5.101823755679650931e+05 5.467341606132689631e+05 5.431107657944088569e+05 4.686461265946852509e+05 4.723699643934381893e+05 4.747956395032819128e+05 4.354776100462183822e+05 3.985081792928393697e+05 -1.647750523648573318e+06 -4.597391496433123946e+06 -3.622766919034190010e+06 -7.342950054584066384e+05 3.524266617427929305e+05 6.230441865892498754e+05 9.576015687186708674e+05 1.231011773822246585e+06 1.423676530466475990e+06 1.445342948843317572e+06 1.196507416523235152e+06 9.140172565481045749e+05 6.669319798352072248e+05 4.229663908344817464e+05 2.123648039411639329e+05 -3.626107828458817676e+04 -3.412810238954253728e+05 -8.201083387536387891e+05 -1.544040178380677942e+06 -2.393962719498082995e+06 -2.891310594587411731e+06 -2.404969785300201271e+06 -8.828273378848056309e+05 1.273337705418237485e+06 3.223955520090235397e+06 3.675465978094715625e+06 2.533096020633235574e+06 1.204107090303156991e+06 5.230734602399738505e+05 3.104605204943802673e+05 2.467675527211404406e+05 1.292895812063941266e+05 3.046488063293509185e+04 1.192237126795204822e+05 3.094241881763422862e+05
-5.080554589908567723e+05 -4.402570692240260541e+05 -4.389138373520111199e+05 -4.683862427258279640e+05 -3.937893104850081727e+05 -3.957365235465108417e+05 -4.680874821048928425e+05 -3.934406065350049175e+05 -3.240119513685936108e+05 -3.606716458202572539e+05 -3.538385167141677812e+05 -2.434982274533836171e+05 -2.100314588731271215e+05 -2.093402164831059054e+05 1.852952430418517441e+06 4.914078760769630782e+06 4.056887681340746582e+06 1.224221073114021681e+06 2.562485806574111339e+05 1.809177267213815358e+05 1.713422078653820790e+05 1.372493435369683430e+05 2.363540584017755464e+04 -5.339508346340153366e+04 -1.598209082160610706e+05 -3.358778482151683420e+05 -6.495734085445296951e+05 -1.165338283701860113e+06 -2.024872279792613583e+06 -3.228521194472270086e+06 -4.036067919452614151e+06 -3.336366350405149162e+06 -1.076906584245454520e+06 1.515511222166527994e+06 3.213796993037395645e+06 3.505784438190748915e+06 2.801471840993032325e+06 1.831386393867727369e+06 1.078724525875005173e+06 6.609272046867392492e+05 4.372435591244720854e+05 2.921086853111058008e+05 1.511458089001821354e+05 3.984969131095521152e+04 -9.090184818836790510e+04 -2.758859710520475637e+05 -5.080780509725466836e+05 -7.535924696535184048e+05 -9.654096854038489982e+05
5.175399130675935885e+04 1.190259681723545655e+05 1.902464796448474517e+05 1.946620619550230040e+05 1.259396804065909237e+05 8.674279571889198269e+04 1.241854440741005237e+04 -5.622566362610089709e+04 -5.916116768261420657e+04 -1.330779348930809356e+05 -1.982475647449610697e+05 -1.594660689684680547e+05 -1.272513762448215275e+05 -1.626135961167164496e+05 -1.545319997670594603e+05 -1.147663745205502491e+05 -1.248847474897047505e+05 -9.608892246731545310e+04 -5.152143639948917553e+04 -5.562802865635603666e+04 -2.930403171194507740e+04 7.675297968962695450e+03 -3.550188764813356102e+04 -4.257566516229428817e+04 2.535541688237572089e+04 -2.556411448525598971e+05 -2.683098017114106566e+06 -5.682934275016024709e+06 -3.865841069211902563e+06 1.145666862307999283e+06 4.000561406628108583e+06 4.081315775246770121e+06 2.746909696378875524e+06 1.221907514116903767e+06 2.611358356859986670e+05 -1.496353890400491073e+05 -2.957663867497468600e+05 -3.725998131310922327e+05 -3.719113163754810812e+05 -2.761442439389057690e+05 -2.255370497138942592e+05 -1.992704186876663007e+05 -1.021626531219223980e+05 2.342912949272524565e+04 1.282880174947783817e+05 3.123163991188621148e+05 6.832268636752301827e+05 1.040118733213452739e+06 1.296428351332702674e+06
1.487364152533677407e+04 1.534863007420790382e+05 1.892919599116429454e+05 1.581892074961796752e+05 1.961175247165374458e+05 1.924070922177634202e+05 1.888178162067196681e+05 2.262018059100956889e+05 2.225675296672853874e+05 2.186929011525352544e+05 2.234567306243117491e+05 1.903133613825777429e+05 1.506832478425348527e+05 1.849649800613404950e+05 1.566089299373560934e+05 5.425558521499624476e+04 8.020639375026803464e+03 8.277733370778150856e+02 -6.037415635830257088e+04 -2.051833501792860916e+05 -5.293712191109065898e+05 -2.486387045210874174e+06 -5.214338930410168134e+06 -5.059060629721501842e+06 -2.939829865767383017e+06 -1.289561491438073106e+06 1.972661106758179143e+06 5.981480898873426020e+06 5.571808462549240328e+06 2.323263435373366810e+06 7.965388326343966182e+05 6.870302780580837280e+05 7.410417962053935044e+05 8.015436580471573398e+05 7.669388152391179465e+05 6.277317121115629561e+05 4.443824130005661864e+05 2.273913692799403798e+05 -1.345198198279784992e+04 -3.278497207319005392e+05 -7.196994218244829681e+05 -1.031439896816737717e+06 -1.100516177361420821e+06 -1.004284571921454044e+06 -7.934779323177670594e+05 -5.376163849016288295e+05 -3.640084302658215747e+05 -3.064896207646224648e+05 -3.177104882913352922e+05
-2.750037390948273242e+05 -1.359285691368859261e+05 -9.983620652608803357e+04 -1.306301340388017561e+05 -1.278620704982313327e+05 -1.310299425342236354e+05 -9.818892631796188653e+04 -1.313900453507087659e+05 -2.056224605423632311e+05 -1.728654315439052298e+05 -1.668479084552383283e+05 -2.346273487224244745e+05 -2.376312243888968369e+05 -2.370849318412364228e+05 -2.994810869696083246e+05 -3.293927864899162669e+05 -3.738021386472973973e+05 -5.201970577714380343e+05 -7.197499373153548222e+05 -9.667015999986322131e+05 -1.076681430361930747e+06 4.715296400361754932e+05 2.738959673093636520e+06 2.303547044199372176e+06 4.759293650416628225e+05 -1.931168022361814801e+05 -2.319076937309000059e+05 -2.305238912536883145e+05 -2.329267071568755200e+05 -1.727599829516836908e+05 -6.533338557928812224e+04 -6.755366082332376391e+04 -4.489512291504116729e+04 5.375596575526276138e+04 5.638898462377232499e+04 9.138023553678032476e+04 2.186246575787664624e+05 3.443976336575003807e+05 4.787751618499163305e+05 6.745016622493839823e+05 9.948412831890197704e+05 1.187847934285530355e+06 1.144504942266791360e+06 1.028499884471531026e+06 7.906102711541489698e+05 4.978556518873651512e+05 2.612661566765741445e+05 1.136708792706490494e+05 3.346203131018951535e+04
2.615499969467050396e+05 1.853885099024048541e+05 1.496313704358176328e+05 1.906264003607791383e+05 1.932089933240786195e+05 1.897533036096135620e+05 2.226169000487424200e+05 1.885708168643758399e+05 1.490007552475437988e+05 1.454871967411598889e+05 1.508782588856411166e+05 4.610236957436462399e+04 -6.484253542264923453e+04 -1.359452542351208394e+05 -3.769720012822651770e+05 -6.198981734129488468e+05 -8.408161674512666650e+05 -1.128128302478580270e+06 -1.325684723408484599e+06 -1.252796434069459327e+06 -8.322913200882612728e+05 -1.561678503162674606e+05 6.812096775983823463e+05 1.303710744062553626e+06 1.507290893210446695e+06 1.496921180288190488e+06 1.310904218315262347e+06 1.027010260827957536e+06 8.101994164843927138e+05 6.224455662281245459e+05 4.835870127464294201e+05 4.095288461283783545e+05 2.918302218007753836e+05 2.164383586740584578e+05 1.838098203574189683e+05 1.497628531421648804e+05 1.398017762054221239e+05 9.416497672820696607e+04 5.811239141592523083e+04 8.522658492875029333e+04 6.716560551285464317e+04 2.526817250007297844e+04 5.474904436006909236e+04 7.888737059343839064e+04 4.764070080622378737e+04 2.815196576877497137e+04 9.846945982571970671e+04 1.890218639830700122e+05 2.441658590311966836e+05
2.887282219936600886e+05 1.387006744672546629e+05 -6.768069037643726915e+03 -7.463947826036019251e+04 -7.267620492988498881e+04 -1.125733183295233175e+05 -1.878899527879545931e+05 -3.311039391212402843e+05 -7.327367760107151698e+05 -1.746485955954703270e+06 -3.469029559978520498e+06 -4.503164053568327799e+06 -3.627338295481748413e+06 -2.028726682003179565e+06 -8.618167525678286329e+05 -6.251472413365263492e+04 5.371073179531954229e+05 1.099216923998610117e+06 1.639650413367197849e+06 2.020300275117915124e+06 2.073206870966238435e+06 1.960306772931652376e+06 1.767557196402052417e+06 1.399809068999893963e+06 1.040573123173379689e+06 8.208641065726988018e+05 6.362468301012988668e+05 4.246557688896437176e+05 3.142769929187487578e+05 2.667287758321615402e+05 2.336425490077817813e+05 1.601925070793363266e+05 7.745552573411329649e+04 7.275334119185572490e+04 4.056597597722429782e+04 4.210466684889979661e+04 3.331717423687200062e+04 2.184085505956318229e+04 2.026039129355922341e+04 -2.079437562322709709e+04 -3.794423797808145173e+04 -7.874275160400406457e+04 -1.170446369764974806e+05 -2.979370168602347840e+05 -1.014118985786914593e+06 -2.228978473592136055e+06 -2.593472893216241617e+06 -1.705744518903089454e+06 -5.495065669330926612e+05
-5.140150357666423079e+05 -5.186583230295219691e+05 -5.546369556500574108e+05 -7.302926287482840708e+05 -9.445644258332322352e+05 -1.054579277002194431e+06 -1.162993919182335492e+06 -1.230353380969609832e+06 -1.013122182974475902e+06 -1.398389023961499333e+01 1.885926706761823269e+06 3.111192385771720205e+06 2.485801438983761705e+06 1.181153987634460907e+06 4.280558532540452434e+05 7.171078409010055475e+04 -1.191700050744111650e+05 -1.632275026538991369e+05 -1.524951780584524386e+05 -2.272792232301434269e+05 -3.081284446045168443e+05 -3.041545760541337077e+05 -3.814028297839111765e+05 -4.223848074645503075e+05 -4.199394365970510989e+05 -5.285172796971159987e+05 -6.027500051044623833e+05 -5.965528398059553001e+05 -6.316367627793800784e+05 -6.402625534945396939e+05 -6.330885745203699917e+05 -6.671142092629459221e+05 -6.401321442160434090e+05 -5.699999379381188191e+05 -4.585166303886217065e+05 -3.834605404525063932e+05 -3.197106198195251636e+05 -2.247079180114092305e+05 -1.555140716620371677e+05 -5.658885317272460088e+04 3.063627119147032499e+04 9.309872327023185790e+04 1.916191395616615191e+05 4.553617075554234907e+05 1.244237059155708645e+06 2.519340503527194262e+06 2.887539575680859853e+06 2.010464075792701682e+06 8.948511806974057108e+05
1.758310209499904886e+05 2.435373093752423301e+05 2.066094687892473303e+05 6.564944629644742236e+04 -7.804025091463699937e+04 -2.634781083164853044e+05 -4.112526040201189462e+05 -3.728697728028055280e+05 -2.312158724616167601e+05 -1.252215632173464983e+05 6.251704740076127928e+04 2.452508497933740728e+05 2.400707955937831430e+05 2.030428687614038354e+05 2.089245110793854110e+05 1.772569712018595310e+05 1.299416541296524229e+05 1.569242765277158469e+05 1.310547015263000503e+05 1.910814961302094162e+04 -2.708394854620541446e+04 -2.392974381655221805e+04 -6.652785988408164121e+04 -1.445892779578568880e+05 -1.431233946268910076e+05 -1.464410030044381274e+05 -2.230415179446573602e+05 -2.537243661558027379e+05 -2.552302517410133732e+05 -3.017752004615613841e+05 -3.319896599161437480e+05 -3.325992541256716358e+05 -3.074794959728037356e+05 -2.386423090653261752e+05 -2.339781113303616294e+05 -1.950119203687065747e+05 -1.312429434596560313e+05 -1.422663805840422865e+05 -1.084393971812098171e+05 -7.818259664520132355e+04 -5.922897530777833890e+04 -6.418991475191421341e+04 -1.022486718051364878e+05 -7.692150922754057683e+04 -4.004762635013344698e+04 -2.755907555518194567e+04 -5.897782543237588834e+04 -1.387967173277855618e+05 -2.221660667553050444e+05
-2.999427827290492132e+05 -1.583461815601913258e+05 -1.160540676064579748e+04 1.772124977098428644e+05 5.086650978919351473e+05 8.337770319741682615e+05 1.049303853983000852e+06 1.231298688029638492e+06 1.224508658101841109e+06 1.036440556805173052e+06 8.218132043632797431e+05 6.027432646966192406e+05 3.781797447433928028e+05 2.313451271210215054e+05 1.276742967212339863e+05 -1.306509709655074403e+04 -9.669694288983009756e+04 -1.781253091423423029e+05 -3.119515557444537990e+05 -3.869988925478537567e+05 -3.962501534921457060e+05 -4.637995431723538786e+05 -5.409224846042352729e+05 -5.095786747694362421e+05 -4.343451901487420546e+05 -4.006382564522209577e+05 -4.049295881588475313e+05 -3.627599892200676259e+05 -2.565384195945809479e+05 -1.965048476730589173e+05 -2.269460826707652886e+05 -1.925835688636286941e+05 -9.692221398901945213e+04 -9.922100397321609489e+04 -1.306906956361489720e+05 -9.176304466585871705e+04 -2.808756002603319939e+04 3.041304677870363230e+04 2.844150410033777007e+04 2.322318818740305142e+04 4.223217109072722087e+04 3.705220099858709727e+04 -1.282159036491051666e+03 -4.578526325785797962e+04 2.524645268567776657e+04 3.701654265692913032e+04 -2.954952882515506644e+04 2.847603967471400392e+04 1.517389651498514577e+05
-1.722584519960219041e+05 -3.264217816054590512e+05 -4.009981947971386835e+05 -3.581024447907110443e+05 -6.514802107229479589e+05 -2.797953947861968540e+06 -4.273382792923074216e+06 -2.009462253971429542e+06 2.275556291773635894e+04 1.680311318536405452e+05 2.856670835841218941e+05 4.336654360493412241e+05 4.651915669065779075e+05 4.647927349092783406e+05 5.799222984293010086e+05 6.577556544350231998e+05 6.823953998720389791e+05 7.078244360469393432e+05 7.170127736733407946e+05 7.845150082517645787e+05 8.079776340839440236e+05 7.000386275586782722e+05 6.549623928195808548e+05 6.100341324353941018e+05 3.570464401165363961e+05 -1.169471249909827020e+05 -1.129662108953928575e+06 -2.878234950345654972e+06 -3.763395918172317557e+06 -2.325105583833058365e+06 -1.269007846032073721e+05 1.120996830174413975e+06 1.530419665062223095e+06 1.590179368522367207e+06 1.549214549255556893e+06 1.367173840999312466e+06 1.140823211170208175e+06 1.016747041161290370e+06 8.335468070695063798e+05 6.487217947043228196e+05 5.246742093784271274e+05 3.774647724544061348e+05 3.024010478574193548e+05 2.216628994993511587e+05 1.172582802441327367e+05 9.278744944254844449e+04 2.592929004807886668e+04 -1.242210736568071879e+05 -2.788435122382314876e+05
-3.914618484265520237e+05 -3.964536872625467367e+05 -4.324708936209208332e+05 -4.245213202407467179e+05 -1.276489248324651271e+04 2.204544769483326003e+06 3.827372127305132803e+06 1.715883973860178608e+06 -2.509860129712615162e+05 -2.908393674693069188e+05 -2.466089022296365583e+05 -2.084978922014126729e+05 -1.392232386872637435e+05 -1.015860778666682891e+05 -9.521259386732705752e+04 -1.537415159546054201e+04 4.822329527203697944e+04 2.455626751179806888e+03 5.069642962305803667e+04 1.577255405101458891e+05 1.108429470192640583e+05 4.187338920688489452e+04 -1.813706052777710138e+05 -2.432071613059078343e+06 -5.711985132539415732e+06 -4.749695643885068595e+06 -4.018336195992399007e+04 3.818466487950070761e+06 5.197034596065057442e+06 3.903242410777013283e+06 1.632570807097367011e+06 4.065914218538075220e+05 4.516622269883519039e+02 -2.157135784634734737e+05 -2.469030018561168108e+05 -2.420357232811508584e+05 -2.827878881403012201e+05 -2.582212676288332150e+05 -2.235871521808438993e+05 -2.617275148344917689e+05 -3.105628973984863842e+05 -2.778729847751682391e+05 -2.091822561129805981e+05 -2.173975440076908562e+05 -2.501255358892382355e+05 -2.034328170088696061e+05 -1.991506564995512599e+05 -2.789838728800516110e+05 -3.640137072789310478e+05
8.453267347445897758e+04 4.228003181924577802e+03 4.155813885736046359e+03 8.509366279555251822e+04 1.251256863950402476e+05 1.598736943324911408e+05 1.960590837115887552e+05 1.601940488009132678e+05 1.548359998207887402e+05 1.884992743999464437e+05 1.581676247128052637e+05 8.454859053250413854e+04 5.668118615576531738e+03 -3.057492869091220200e+04 -1.716393816130583873e+05 -3.852445355561216129e+05 -5.402311553130858811e+05 -8.403927078872218262e+05 -1.373804543699952308e+06 -1.990892292107163696e+06 -2.501339802432627417e+06 -2.628323082271089312e+06 -1.926679378796546720e+06 1.162249224814866669e+06 5.508147310769133270e+06 5.806490689802745357e+06 2.629186437186718918e+06 8.538314611665571574e+05 6.673650335872658761e+05 5.789251784741641022e+05 5.086825837011560798e+05 5.040624620459862053e+05 3.826929719193161000e+05 1.998047896623034030e+05 5.940905708412174135e+04 -1.864172376884375699e+05 -5.472039070961186662e+05 -8.762212324689624365e+05 -1.051120118528196588e+06 -1.014136320485264994e+06 -8.468397839524556184e+05 -5.992219315835996531e+05 -3.874389050493472023e+05 -2.543448492305468244e+05 -1.122808988986079930e+05 -6.672995861823420273e+04 -2.866043603367812466e+04 1.344970836798872915e+05 3.269089481705997605e+05
-2.982279934949520975e+04 1.137986047766753472e+05 1.886465350803332403e+05 1.581434846218326129e+05 1.239620844394084997e+05 1.593525947522721253e+05 1.963054953515529633e+05 1.234875765189640224e+05 1.183987680901191197e+05 1.527662789681926370e+05 8.583459840621799231e+04 1.235781335306821857e+05 1.189477010097468738e+05 4.573175088444259018e+04 5.192294808512087911e+04 2.212137208727630787e+04 -6.058154202677519061e+04 -1.059332234220344108e+05 -9.271280918444949202e+04 -9.364137640222907066e+04 4.364079129532864317e+04 2.681764112014207058e+05 4.083872235706083011e+05 5.104960521674363408e+05 4.754206395195792429e+05 3.605785327107880730e+05 2.801166269363599131e+05 1.773867138766220305e+05 1.385696473368442385e+05 1.605767029966226546e+05 9.293832112627604511e+04 9.058812807197752409e+04 2.222267589950939291e+05 2.552540247002616525e+05 2.929843886371238623e+05 5.089728903135975706e+05 7.137333764531649649e+05 8.747506579072811874e+05 9.387330236026898492e+05 7.531146509110092884e+05 4.871999432265872601e+05 1.641086379683131818e+05 -1.561469461055817083e+05 -2.701702676372956485e+05 -3.032864468419577461e+05 -3.273699721149741672e+05 -2.877201060423976742e+05 -2.280230844955076464e+05 -1.746557052011433989e+05
-1.778267244728921680e+06 -1.784025366013229592e+06 -1.745406343068170361e+06 -1.623464283465000102e+06 -1.429650989261863288e+06 -1.202764120186038781e+06 -9.739748252765270881e+05 -7.441319022959214635e+05 -5.965277058319775388e+05 -5.216227751976111904e+05 -4.735523143177861348e+05 -6.564291586686158553e+05 -9.925863808250864968e+05 -1.320330250028345734e+06 -1.789203787685546093e+06 -2.030778573435674421e+06 -1.656878973781132139e+06 -8.788645318755861372e+05 2.468365567235741764e+05 1.533684147832389921e+06 2.544995919325149618e+06 3.050262199042771943e+06 2.884019339688825887e+06 2.316212258887826931e+06 1.761487082261299249e+06 1.239846399161325535e+06 8.640134436215145979e+05 6.495916224925908027e+05 4.637624211263031466e+05 3.394131608432504581e+05 3.066080715775022982e+05 3.392571324508761754e+05 2.904332890614764765e+05 2.154045615679932816e+05 2.892245068206104916e+05 3.631184563753776019e+05 3.196969103915031301e+05 3.407206860440789023e+05 4.784696142066963948e+05 5.432719768641967094e+05 5.259639856530708494e+05 5.903877925573040266e+05 6.553845733494362794e+05 5.372300753151648678e+05 3.939829771840609610e+05 3.307074835209632292e+05 2.269494801701507531e+05 1.095128368239970878e+05 2.143168392212688923e+04
-6.908671251242045546e+05 -4.709088231401984231e+05 -3.201027151860762388e+05 -2.375582702417158289e+05 -1.967149422809598036e+05 -3.111058776453137398e+05 -5.359051468735558446e+05 -9.090240710123917088e+05 -1.588083326139021665e+06 -2.523853523007709533e+06 -3.219142565337244421e+06 -2.981539915748583153e+06 -1.888635276011773385e+06 -6.078838650780385360e+05 5.948870371707016602e+05 1.531828684707580134e+06 1.926233592250211164e+06 1.946086820386116393e+06 1.692050257325171493e+06 1.277298466613283381e+06 1.003876334390368313e+06 8.211732623577690683e+05 5.930950327523178421e+05 5.117996425589076243e+05 5.139898039231773000e+05 3.984590505564124323e+05 3.534416275928376708e+05 3.602151088384569157e+05 3.207336213291273452e+05 3.051783035550031345e+05 2.729285900760444347e+05 2.699675299559029518e+05 2.936052344454232370e+05 2.549772032510373974e+05 2.571461339603411034e+05 2.959606660212738207e+05 2.890231018039047485e+05 2.747225663749855012e+05 2.707820880945654353e+05 2.663212048122652341e+05 2.511773188810915453e+05 2.825951662214358221e+05 3.143857820247639902e+05 3.034472538999402896e+05 2.312510535793273011e+05 1.677079782111099921e+05 1.347571850268284325e+05 1.746763520641380455e+04 -1.414821875165211968e+05
2.361016339244064875e+04 1.678163343953201547e+04 -2.156186011736281216e+04 -2.791079742004512809e+05 -8.798316525950212963e+05 -1.596645788149616681e+06 -2.007228151127055055e+06 -1.736935946528392844e+06 -7.966758534999112599e+05 4.063267169549358077e+05 1.390049333699863404e+06 1.724199134513329715e+06 1.339789775428944035e+06 8.127802975173103623e+05 5.163421399422802497e+05 3.356297944253310561e+05 2.510530395081153838e+05 2.030512624338734895e+05 1.408290922609738773e+05 1.020225417384061730e+05 1.287685707007764140e+05 1.711310258731826907e+05 1.298168047703804914e+05 8.731495899846777320e+04 1.286045526526869508e+05 1.610997839804622345e+05 1.168274672242112574e+05 8.885204266291129170e+04 1.238152648665707966e+05 1.451881679773213691e+05 1.138342294582981558e+05 7.550832852837633982e+04 1.004519666824492160e+05 9.955167097243259195e+04 3.041094655403852812e+04 -1.333145054519403027e+06 -4.495504920331302099e+06 -5.059632320852551609e+06 -1.911113716702100821e+06 7.079829395603109151e+04 2.008042448060596362e+05 2.689910282977502793e+05 2.657260175753608346e+05 2.899433172386502847e+05 4.638311475323280320e+05 5.741305936858383939e+05 6.785323482073750347e+05 8.745745239345664158e+05 1.064382660754762590e+06
-5.439535383423212916e+05 -3.230654305862844922e+05 -9.565471646608831361e+04 1.011939914035610855e+05 3.689221963353338651e+05 8.578148416880865116e+05 1.272125004076514859e+06 1.195776103214884643e+06 8.105832157019183505e+05 4.668107095762387034e+05 2.100766436019329121e+05 5.873912744427809957e+04 -2.191953724046464777e+04 -5.861826875683612889e+04 -5.370567354781087488e+04 -8.327643660391925368e+04 -9.186792978754971409e+04 -1.015994591315392754e+05 -8.838449543225578964e+04 -5.171920541790314019e+04 -9.842031855892844032e+04 -5.494895187002804596e+04 -2.082472859590791631e+04 -9.940750609966902994e+04 -9.368849536549521144e+04 -5.986095931380975526e+04 -6.632269588764745276e+04 -9.269413009053107817e+04 -2.393646820427961648e+05 -5.084110668665384874e+05 -1.046165462307397043e+06 -2.023595304546187632e+06 -2.712502607142679393e+06 -2.260496485901823267e+06 -1.227408786990852095e+06 8.411309217766327783e+05 4.395325792628288269e+06 5.079471063745158724e+06 1.962495379670879804e+06 4.831901388271930045e+04 -3.601907380973000545e+04 -7.271905428206067882e+04 -1.092139034636781289e+05 -8.184699927514870069e+04 -8.198511387745368120e+04 -1.100420256346112001e+05 -7.102681688702414976e+04 -4.697072239709057612e+04 -6.628802328836079687e+04
-5.214858632467803545e+05 -3.771691058736178093e+05 -1.506944319509780034e+05 4.494068207044620067e+04 1.221170680542127229e+05 1.569535827817162499e+05 8.041122696711681783e+04 -7.159616681688930839e+04 -3.823813170354692265e+05 -1.295138395981629845e+06 -3.253529864734450821e+06 -5.024613614790143445e+06 -4.449125152039339766e+06 -2.243036543231572956e+06 -6.826492210105061531e+05 -6.751214849500730634e+04 1.895096912083681673e+05 1.803162483294727281e+05 1.194634984221197665e+05 8.277561734925303608e+04 -3.744003109342977405e+04 -1.036661149904830381e+05 -1.043601630194466561e+05 -1.437694348616050556e+05 -1.728167664835928008e+05 -1.738624471242651343e+05 -1.782918442809032276e+05 -9.215189671551343054e+04 5.582006074197124690e+04 2.979879599506966770e+05 9.237139291589837521e+05 1.974158365376361646e+06 2.679880341573162004e+06 2.265246525106196292e+06 1.313345209964024834e+06 6.592810936848409474e+05 3.623179480791435344e+05 2.752226161016738042e+05 2.353239690471674548e+05 1.605825526319672354e+05 1.473156892613047385e+05 2.167269486660370312e+05 2.143912851740600308e+05 1.688165957608728786e+05 2.021780579918413714e+05 2.428455289400874753e+05 2.092210164078278758e+05 1.259148267240384594e+05 3.487243915529479273e+04
1.992092169314846396e+05 -1.902712867507943884e+05 -6.881613622052809224e+05 -1.293123699664428830e+06 -2.206121557022561785e+06 -3.539868718495998532e+06 -4.258812038557660766e+06 -3.757347555075831246e+06 -2.768424377850026358e+06 -1.360753756806952180e+06 1.114484141723081935e+06 3.572315506312588695e+06 3.747207191095220391e+06 1.923592631316277198e+06 3.352270283745019697e+05 -2.245712590677428525e+05 -3.837305004414520226e+05 -4.693522876652420964e+05 -3.802437818751784507e+05 -2.673465149174444377e+05 -2.016876392255648971e+05 -1.571166695177087095e+05 -1.220430876576578012e+05 -5.163561432156735100e+04 -4.527547681122098584e+04 -4.921357678133086301e+04 -1.940630931610940024e+04 -4.506211369327513967e+04 -4.560208575596357696e+04 -2.403920359734899830e+04 -5.423385823291016277e+04 -1.284399784833665472e+05 -2.480683385184971849e+05 -4.654064912541062804e+05 -8.242958378966439050e+05 -1.215044920898216078e+06 -1.319829265351581154e+06 -1.033712564050803776e+06 -5.580668679071830120e+05 -1.922343942878062371e+05 -2.048351856123143807e+04 8.853539352508913726e+04 1.239632366847940721e+05 1.152744664446802344e+05 1.481983993598257657e+05 1.872687822623988613e+05 1.893162914839927107e+05 2.830744684924117755e+05 4.744286312820548192e+05
2.738437738301579375e+05 3.428367462640746962e+05 4.946147241172727663e+05 9.205537376514985226e+05 1.798220598651096225e+06 2.898313901158689056e+06 3.161464913988018874e+06 -4.179224275765665807e+05 -5.405965553082059138e+06 -4.071275380805599038e+06 6.923188223535583820e+05 2.170212864745119121e+06 1.703877630381320603e+06 1.396803217323612887e+06 1.207016477276046760e+06 1.059917868701159488e+06 8.966626015887602698e+05 6.935724984074474778e+05 4.023128908962826245e+05 1.736594962675007991e+05 1.212226368894381449e+04 -2.817841371579561383e+05 -5.459507201661481522e+05 -8.099956696480505634e+05 -1.136126382535731187e+06 -1.358349606675619027e+06 -1.507790072312636301e+06 -1.488228515560916159e+06 -1.258023507482721470e+06 -9.703074000566257164e+05 -6.622388754153510090e+05 -2.904349682092997245e+05 3.260306045034574345e+04 3.635979824620874133e+05 8.408495531586238649e+05 1.279396649500994245e+06 1.487488066830264404e+06 1.211563403332259040e+06 6.935975301894365111e+05 3.994248287894868990e+05 2.423580753296843031e+05 9.752167157450539526e+04 6.077181459870166145e+04 8.856956426810950506e+04 5.001019247080024797e+04 1.760788747749733739e+04 2.061856249929382466e+04 4.393280605348921381e+04 9.288407710468163714e+04
-5.697877579097980633e+05 -6.524662782976515591e+05 -8.040931010767230764e+05 -9.085110681731021032e+05 -7.495691592851653695e+05 -4.041050075666867197e+05 2.858152870420599356e+05 3.825678955909688026e+06 8.452043085844781250e+06 7.027080582363121212e+06 2.005064636388557497e+06 -9.082738270197249949e+04 -2.120612225451618433e+05 -2.127360541865350679e+05 -1.725361136411083862e+05 -1.654376723710447550e+05 -1.369796911755111068e+05 -1.868787389836506918e+05 -2.125869638542644680e+05 -2.136097378513659351e+05 -4.494735620942064561e+05 -1.117616244230304379e+06 -2.428182968535988592e+06 -3.134802735350967385e+06 -1.843626411924191285e+06 1.032616793978343485e+05 1.064924149450380821e+06 1.294901077419056091e+06 1.287815116921555949e+06 1.042856225603026222e+06 7.108515093493044842e+05 5.211261364552779123e+05 3.973850201390474103e+05 2.123129866292588413e+05 6.737448227533604950e+04 3.549248631054023281e+04 -4.033507705462444574e+04 -1.264351762909791432e+05 -9.212952804286079481e+04 -1.271352756809205748e+05 -2.444412303165891208e+05 -2.414549475134122185e+05 -2.031917710989359766e+05 -2.811238864521160722e+05 -3.542670463869585656e+05 -3.137975274203917943e+05 -2.728094641750799492e+05 -2.482243003509936389e+05 -1.992891815933347680e+05
-6.241204531906982884e+05 -6.310559726940123364e+05 -5.156402910212636925e+05 -2.767010566199314781e+05 -8.107221116748405620e+04 7.204344449826749042e+04 2.661308096020366065e+05 4.207102257671067491e+05 3.756318386748903431e+05 3.341659815402817912e+05 3.807087914779549465e+05 2.647807649581236765e+05 1.065586028026882559e+05 6.975084597361274064e+04 -2.325321614334825426e+03 -1.445297530142129399e+05 -2.267208992736414075e+05 -1.983176003897096962e+05 -1.078605136770056561e+05 6.463319990725722164e+03 2.986806708091157489e+05 1.169091581339892000e+06 2.775152844268891960e+06 3.770965278017973062e+06 2.826066300338711124e+06 1.164509215857254341e+06 2.921614162248438224e+05 4.149027756066061556e+04 -1.454716891414136626e+05 -3.469413620524574071e+05 -5.239497680333433673e+05 -7.072211428283504210e+05 -8.611941430927284528e+05 -9.288265095170931891e+05 -7.732935215122404043e+05 -4.697507808424420655e+05 -2.127882423342084512e+05 -1.145912910066546174e+05 -8.001052851672307588e+04 3.049210009106888901e+04 9.419467477680894081e+04 5.937642545177415013e+04 5.959132015501358546e+04 1.241023245680847904e+05 1.563968721783026122e+05 1.218081301308118273e+05 8.825525247695622966e+04 1.468469754946986213e+05 2.661660818845825270e+05
-2.359943961136450060e+06 -2.291004748759151436e+06 -2.099832542603834998e+06 -1.784810648387646768e+06 -1.512331604685750790e+06 -1.243259613196714548e+06 -9.325397607163174544e+05 -7.378240131656641606e+05 -7.045377408133938443e+05 -5.907956968049982097e+05 -4.271670824501784518e+05 -3.503856240119789727e+05 -2.019089236372383311e+05 -4.709065992617979646e+04 -4.840862003911752254e+03 1.188081689365212806e+05 3.393513073978829198e+05 4.035764404543442652e+05 4.535502273775634822e+05 6.033494419843188953e+05 5.919599832606026903e+05 5.217098115186670329e+05 5.180006870414955774e+05 4.744090705885901116e+05 4.419024767345398432e+05 4.361476042485446087e+05 3.891586014712807955e+05 3.253246425435651327e+05 3.234555682289644610e+05 4.170827677173658158e+05 4.960280931193844881e+05 5.664158427060479298e+05 7.008619488516731653e+05 6.985396853901330614e+05 4.774113219740677159e+05 2.231472521033722442e+05 7.297523427288956009e+04 -1.360990031302208081e+04 -5.272571510664420202e+04 -5.144698872667504475e+04 -5.990329783729999326e+04 -2.139622890448686667e+04 5.183715265360637568e+04 8.051845998881594278e+04 7.690749016386736184e+04 7.835971717839105986e+04 8.092010038497415371e+04 6.788939110992942005e+04 4.354536356113292277e+04
-4.870922936976421624e+05 -4.956879040296189487e+05 -4.976527721193265170e+05 -6.455762283384685870e+05 -1.067350133067520801e+06 -1.953058218012737809e+06 -3.178899127118637785e+06 -3.671905598003069870e+06 -2.902847176989892498e+06 -1.631459382783504669e+06 -6.582857394358143210e+05 -1.201742085392475128e+05 1.820814111601794139e+05 3.369969985840721056e+05 3.784716491086864844e+05 4.259680755581939593e+05 4.948033125148518011e+05 5.588510188550567254e+05 5.712192909009167925e+05 5.700730661899433471e+05 5.971658739328254014e+05 5.654069244820852764e+05 5.621882064931569621e+05 6.316799702862044796e+05 6.741788786434333306e+05 6.675953925523203798e+05 6.942021734602164943e+05 7.413031008359406842e+05 7.748188534908692818e+05 7.918976261047642911e+05 8.317674996788259596e+05 8.636926419159875950e+05 8.489748658696806524e+05 9.194085221851121169e+05 9.543792910687623080e+05 8.440025295622763224e+05 7.634069172586891800e+05 7.091018090795855969e+05 5.924451095177209936e+05 5.168988219366278499e+05 4.326687677009613253e+05 3.232792537481882609e+05 2.497954853036203422e+05 2.050875597260892391e+05 1.642390680857365951e+05 5.629710873268824071e+04 2.264678654901217669e+04 4.548716487042792141e+04 2.028324682469107211e+04
-3.387289373476522043e+06 -3.471548346928320825e+06 -3.393654061543637887e+06 -2.804666853185917251e+06 -1.526542304260074161e+06 2.470026080691600218e+05 2.058601350483367452e+06 3.056544752992342692e+06 2.620966764528423548e+06 1.421662692160461564e+06 5.055641111198925646e+05 1.181573557396770921e+05 -8.038401699159294367e+04 -2.333156064356444404e+05 -2.311261339311022311e+05 -2.597618820884964662e+05 -3.427423046896002488e+05 -2.775420341530115111e+05 -2.635804790828842670e+05 -3.006125267673631897e+05 -2.328658562494089711e+05 -1.860206011767149030e+05 -1.482264642365046311e+05 -1.508460343553449784e+05 -1.798735939094330533e+05 -1.074204655399082985e+05 -3.936161980818723532e+04 -6.247518908756330347e+04 -6.166529485228245903e+04 -4.007429253950249404e+04 5.096454327285551699e+03 5.240160791435802821e+03 -4.098129781574262597e+04 -1.000417923787754262e+03 3.971088863036129624e+04 4.558584545302437618e+04 7.824114884424285265e+03 -4.754886390583138564e+03 6.641915504995247466e+04 1.051943996653423528e+05 9.764853626838898344e+04 1.004397107323167147e+05 1.015414731521738868e+05 1.307658239570451406e+05 1.263111316945292929e+05 1.256885808188231895e+05 2.000695395207737456e+05 1.502904380034317146e+05 -2.032015951146837324e+04
2.249137378907178994e+06 2.317435128135257866e+06 2.276264868323923089e+06 1.740823132038639858e+06 8.532464209417230450e+05 1.563563976186561049e+05 -3.042752892180577619e+05 -4.573546050573352259e+05 -4.257824949547650758e+05 -4.282676047031416674e+05 -3.417711078145657666e+05 -2.278478125616677571e+05 -1.565826318896142184e+05 -2.193504520982969552e+03 1.148148700493038050e+05 1.239691367614433984e+05 1.931571075919782743e+05 2.190000782554851612e+05 2.311240409302989719e+05 2.687397048182900762e+05 2.206220775860126596e+05 1.898505457575083710e+05 1.506331315427089867e+05 1.087441627230144804e+05 1.163226225864491425e+05 7.448297240945987869e+04 -9.025228106184047647e+03 -6.977379610645596404e+04 -6.892650489375239704e+04 -4.744285618187859654e+04 -7.667724684870324563e+04 -1.135215831885583175e+05 -1.217381417960864492e+05 -1.180630647842190228e+05 -1.137857391044962569e+05 -7.007385012169850233e+04 -3.313737263029906899e+04 -8.188813640794265666e+04 -8.361876931332533422e+04 -6.857441250758696697e+03 2.351061037741602922e+04 -9.167855086852563545e+03 -7.211137930862591020e+03 2.325129960750931787e+04 1.914265120489295805e+04 5.493533393979290850e+04 2.203096930636034085e+04 -6.331579890713289205e+04 -8.932759915100046783e+04
1.118508745538711548e+06 -1.830524071831896901e+06 -3.650396479513436556e+06 -2.521217557425842620e+06 -7.007746395343565382e+05 -3.151010117016265867e+05 -2.735573893086983589e+05 -2.724682567411219934e+05 -2.414001259129147511e+05 -2.442636047478298424e+05 -2.734944700446795905e+05 -2.368172074097676086e+05 -2.039415453679975471e+05 -2.411175828639533720e+05 -2.771256552121484419e+05 -2.664226099458757089e+05 -2.335162550490351859e+05 -2.060552646292488789e+05 -1.919887264320276445e+05 -1.141288371998233488e+05 -8.385152961651328951e+04 -1.126362642957246862e+05 -3.610252035170560703e+04 7.509117244597268291e+04 1.214141489195753820e+05 1.553402393442229368e+05 2.223376703143004561e+05 2.363169646917962236e+05 2.359972355107308831e+05 3.308009809779470670e+05 3.746145835140487179e+05 2.981547021996813128e+05 2.876609882005150430e+05 3.263899627284262097e+05 2.909001219051422086e+05 2.950746132215132238e+05 2.931591794703851920e+05 2.054072367603661260e+05 1.651010568326454377e+05 1.672765517723743105e+05 1.603324050892845262e+05 9.059160312695975881e+04 5.559631029725982808e+04 8.597026635834493209e+04 4.493801370466873050e+04 7.553879913757555187e+03 -9.737756275804841425e+04 -2.907866674562662374e+05 -4.615803157089906745e+05
1.915519399411268532e+05 2.812791749955504667e+06 4.279246243280357681e+06 2.696497440439705271e+06 2.966743363393470645e+05 -6.736484714402463287e+05 -1.329257259084551595e+06 -1.792238440301444847e+06 -1.992063467999979388e+06 -2.070304878544119885e+06 -1.942586029189697700e+06 -1.671724302084477386e+06 -1.327823846306418534e+06 -9.777799808947017882e+05 -7.046422298857938731e+05 -4.239504170219878433e+05 -1.984781163543814328e+05 -1.327404683860368095e+05 -4.459297548746690154e+03 1.874754357928759418e+05 2.167130843212357722e+05 1.867126058688153280e+05 2.242242766398707172e+05 2.585566113330422668e+05 2.284154252574078273e+05 2.239239860384258209e+05 2.528610552198369405e+05 1.915777611121305963e+05 1.913923953237824026e+05 2.491496113961328811e+05 1.811858093491175678e+05 1.429438743423093110e+05 1.710239683437982749e+05 1.363335601269501494e+05 1.387792656800594705e+05 1.442445114918519685e+05 6.953837808599910932e+04 2.012755065050441772e+04 -9.216841592278750613e+04 -4.913086524172091158e+05 -1.335219992388745304e+06 -2.345025397822319530e+06 -2.655793199068859220e+06 -1.952258411179934628e+06 -9.624414781379220076e+05 -3.041055580865927041e+05 6.312931820080988109e+04 3.028604937501922250e+05 4.922357762156650424e+05
2.393046431387191638e+06 2.150885273134917952e+06 1.798707296501088887e+06 1.337787897058879025e+06 6.395014699432067573e+05 -4.093226534302812070e+05 -1.491142218047170900e+06 -2.109108105027990881e+06 -1.999944991939411964e+06 -1.499347255569591187e+06 -9.870779039457556792e+05 -6.415501409224823583e+05 -4.545571230715720449e+05 -3.382750357370239217e+05 -2.602001088188260328e+05 -2.117124606014112942e+05 -1.792830381362000480e+05 -1.147383726309635676e+05 -1.019992669785278849e+05 -1.776070370830711909e+05 -2.619602273902267916e+05 -3.664777129329743329e+05 -6.305489526008034591e+05 -1.085735256200131029e+06 -1.526367756891122786e+06 -1.635693090616550297e+06 -1.332707781027127989e+06 -1.007511075128570199e+06 -7.742405296314973384e+05 -5.224150052224281244e+05 -4.348635776413716376e+05 -4.308548849998628721e+05 -3.234791425633034669e+05 -2.420671988558024168e+05 -2.361066622589719482e+05 -1.903369273038692772e+05 -1.505832029849989340e+05 -4.999723941669799387e+04 1.701909763066219166e+05 5.040092974138660356e+05 1.301398105815468356e+06 2.394421047046780121e+06 2.747044021090543363e+06 2.032512509816732258e+06 1.069898823545960011e+06 4.812036387278918410e+05 2.639649052475580247e+05 2.129886903380971635e+05 1.847427544754431583e+05
4.907552503660551738e+05 6.369330786244245246e+05 8.672469756528150756e+05 1.221494352198496927e+06 1.685903061980498023e+06 2.378558706766634248e+06 2.957739319852552377e+06 2.488856030750322156e+06 -2.686517404645513743e+05 -4.174887974288720172e+06 -4.894261297706398182e+06 -2.341969097405385692e+06 -4.925137316170729464e+05 -1.442545129111385322e+05 -2.583967691610449983e+05 -4.396779073181100539e+05 -4.824497123263429967e+05 -4.926526117950560292e+05 -5.543832194610147271e+05 -5.128623498856902588e+05 -3.659666525892680511e+05 -2.025410993603868410e+05 1.034971952985508833e+05 6.323411951272266451e+05 1.055824801733542699e+06 1.123342044708551606e+06 9.587855385834692279e+05 6.677568772228562739e+05 3.640798590358465444e+05 2.325231159204848809e+05 1.644390592529091518e+05 5.148125733598112129e+04 5.529479812830919400e+03 4.640059905650536530e+04 4.932763952790992334e+04 1.781621863687178120e+04 1.829585272847907618e+04 -3.047009580244775862e+04 -3.240537455247272737e+04 9.107644871110096574e+03 4.899651578743942082e+03 -2.636484933434962295e+04 -2.326323348737787455e+04 -2.762997616373514757e+04 -6.885007396282162517e+04 -3.459240735915955156e+04 5.177088749478571117e+03 2.755196034791809507e+04 7.138563659740658477e+04
-7.241144916734480299e+06 -6.548400632439589128e+06 -4.218274544083688408e+06 -5.609962813302986324e+05 1.226523752357752994e+06 1.535488001680933405e+06 1.847712854878626764e+06 2.426592051531481557e+06 4.539970191867613234e+06 7.309353872461358085e+06 6.763461566952465102e+06 3.040659588373096660e+06 2.479729693513941020e+05 -8.730238375504259020e+05 -2.873190176414208487e+06 -4.780587202407771721e+06 -3.239543143553607166e+06 -7.483413724426641129e+05 -1.206533494003815576e+05 -1.584464709434541874e+05 -2.048485986187001690e+05 -2.338082905081678182e+05 -1.944868339481763542e+05 -1.964505265105981380e+05 -2.249351356844999827e+05 -2.654958131120654289e+05 -2.727255408608468715e+05 -1.801708173746012617e+05 -1.402751442519365810e+05 -1.938700144045287743e+05 -2.222361239878227934e+05 -1.456069115662828553e+05 -1.148838185163913295e+05 -1.846755908516931813e+05 -1.808060105468027759e+05 -1.364320377464173362e+05 -1.713124818250073586e+05 -2.185183727319239406e+05 -2.556348953553240281e+05 -3.591608772060125484e+05 -4.701237620506447274e+05 -5.342779720653204713e+05 -6.002553360283474904e+05 -5.638504803812251193e+05 -4.193772494298187084e+05 -3.105116803129195469e+05 -2.323700556458788924e+05 -2.087393190304273739e+05 -2.376356200966951437e+05
7.899343742266645655e+06 7.190322770061319694e+06 5.090844434515747242e+06 1.874826219772511395e+06 3.232971468631876633e+05 2.440470059367361246e+05 2.468068497109924210e+05 2.855762963808960048e+05 3.151310610558723565e+05 3.493415958510013297e+05 4.343394181306941900e+05 4.684280422312442679e+05 4.601679402575243730e+05 5.737971461913546082e+05 2.147818950744694099e+06 3.727360412143464200e+06 1.943982611527030356e+06 -6.095046576662566513e+05 -1.249074720315110870e+06 -1.245419537649431266e+06 -1.173886227534673642e+06 -1.084835648955194280e+06 -1.004155518832560163e+06 -8.886784248769981787e+05 -8.380128488427724224e+05 -7.243002438021362759e+05 -6.531846408121052664e+05 -6.341705486358853523e+05 -5.163980466613429599e+05 -4.923789062749708537e+05 -4.813507067426690483e+05 -4.027947129987301305e+05 -3.703593822580311098e+05 -3.263526120875031338e+05 -2.838789441451079911e+05 -2.758391841809496982e+05 -1.983822472821335250e+05 -1.337568460297191050e+05 -9.740898444171773735e+04 5.611797942343383329e+04 2.370866639362076530e+05 3.519616368497374933e+05 3.900747262177163502e+05 3.836075155105215963e+05 3.030884981004068395e+05 1.159513515309659997e+05 9.394423403718916234e+03 3.154031400568730896e+04 7.441919820848805830e+04
8.985458473203466274e+05 8.120053307845956879e+05 7.322225065791278612e+05 6.993796483104232466e+05 6.997959812349290587e+05 7.364576448791193543e+05 7.001119001588082174e+05 5.831108496166418772e+05 5.729815240323662292e+05 5.291843188798518386e+05 3.817539253036379814e+05 2.609386757938773371e+05 1.757219487396650948e+05 2.017698632698738948e+04 -1.352390014685806818e+05 -2.408337540650973096e+05 -3.613427749081165530e+05 -4.117716016530175693e+05 -5.137645057475308422e+05 -5.498230261131534353e+05 -4.791228731165744830e+05 -5.061625948501748499e+05 -4.648154412020822056e+05 -3.506777669111036230e+05 -3.016952794365350856e+05 -3.034655205905435723e+05 -2.343163205034211278e+05 -1.032202776757187094e+05 -6.301552265242201975e+04 -4.143533433612878434e+04 5.135719064564851578e+03 4.363640247203904437e+04 7.385709438531222986e+04 7.821016684145428007e+04 1.179055777061149711e+05 1.605833628351683146e+05 1.985562254843536648e+05 1.868004453810866689e+05 1.102435272122966126e+05 1.153010712817192543e+05 1.861626252264254726e+05 1.917034962109760381e+05 1.211503519705726067e+05 1.168171461051686201e+05 1.471120021981191821e+05 1.057473913012652192e+05 7.194244235986843705e+04 5.718690414476464503e+04 2.629524714749958366e+04
8.556214683462164830e+05 8.463481805397896096e+05 7.271522456334789749e+05 4.994756330241216347e+05 3.053018669268931262e+05 1.479266370041295886e+05 -4.355213317612651736e+03 -1.206584139002375305e+05 -1.298798493421054445e+05 -1.337759868107968941e+05 -2.024591071557374671e+05 -2.060445779172005132e+05 -9.697950559348100796e+04 -2.027546031720703468e+04 -2.137985325854946859e+04 2.681843500904506072e+04 2.123378805059497245e+04 7.924422999785747379e+03 1.928464533702936023e+04 -5.684720170102058910e+04 -6.472815524408360943e+04 -5.538349241949617863e+04 -1.302702743970442098e+05 -1.701568558692818042e+05 -1.223908947789457161e+05 -1.252076972628126387e+05 -2.086345093906857073e+05 -1.914648878612210974e+05 -1.133391154621497262e+05 -1.292101075311077293e+05 -1.577153516412363388e+05 -1.184337401724769734e+05 -8.726070219650887884e+04 -8.196818865253590047e+04 -7.882181488297646865e+04 -7.245045759424101561e+04 -6.992208041279786266e+04 -7.993025452800816856e+04 -8.076619967032456771e+04 -7.397500095888960641e+04 -3.818935349438083358e+04 5.804219478741288185e+03 -2.656167971435922664e+04 -2.950899933173763566e+04 1.649944843375240453e+03 -3.916864323749893811e+04 -3.569790926121629309e+04 2.265018509759055451e+04 6.424746805743779987e+04
1.507053036701690406e+06 1.420337745254801121e+06 1.340184019369771471e+06 1.384266469739086227e+06 1.461191853332857136e+06 1.419165093970077345e+06 1.420461859875940252e+06 1.417993412819050718e+06 1.328028117917420343e+06 1.165753980665176176e+06 8.614312555783549324e+05 3.134311593385068700e+05 -5.061073411055253819e+05 -1.355069113282660954e+06 -1.816313478266237769e+06 -1.647960215906787664e+06 -1.148565171159572434e+06 -6.590209517441689968e+05 -3.389653751262810547e+05 -1.838864883035419043e+05 -1.521501653757870663e+05 -2.566573857062030584e+05 -3.682462804316317197e+05 -4.825729154751750175e+05 -6.229478441126410617e+05 -7.369507945264918962e+05 -7.413729320952547714e+05 -7.583129258095882833e+05 -8.275807283056197921e+05 -8.014796448778357590e+05 -7.502756876480996143e+05 -6.693188537139218533e+05 -5.589178287188431714e+05 -5.123819003775131423e+05 -5.060985725969658233e+05 -4.592946485467832536e+05 -3.417444185324711725e+05 -2.744842993241040967e+05 -2.731348910543597303e+05 -2.271467970550288446e+05 -1.521959793640412390e+05 -1.433081381171359681e+05 -1.376274627819652669e+05 -6.579577600059518591e+04 -3.410163283755583689e+04 -1.878380484704393893e+03 3.837824165297253057e+04 6.021418287971708924e+04 1.016480639626346529e+05
-1.151190566358010471e+07 -8.568561243426810950e+06 -4.647606849374424666e+06 -1.068172485170361120e+06 2.532203138354816474e+05 4.467895518770089839e+05 5.288288273505165707e+05 6.457865724866865203e+05 7.525985692971154349e+05 9.416132981234111357e+05 1.219636215859792195e+06 1.676673237087670946e+06 2.321558453356846701e+06 3.046584689718437381e+06 3.420610711694751401e+06 3.072799753240251914e+06 2.249215795702187344e+06 1.304987097520206124e+06 5.800331275424100459e+05 1.985406351741403341e+03 -6.952841737837269902e+05 -1.333928600713261403e+06 -1.747216491894800216e+06 -1.894964880621992052e+06 -1.688531846485564485e+06 -1.267712506715907715e+06 -8.163291028808439150e+05 -5.314384609702406451e+05 -6.775690100979404524e+05 -1.029598824315762613e+06 -1.241440164912200533e+06 -1.233679905439786613e+06 -1.045703241935702506e+06 -8.100932419468886219e+05 -5.794897293797102757e+05 -4.214849066946771927e+05 -3.413079483763427706e+05 -3.109269863352535176e+05 -2.726707008128869929e+05 -2.629899738600936253e+05 -2.972767485692753107e+05 -2.506113317204298219e+05 -2.436508476146257599e+05 -3.165241081363646081e+05 -3.569581860373733798e+05 -3.240053326095212833e+05 -3.543599921031285776e+05 -4.768925316719084512e+05 -5.813313386187562719e+05
1.143378171357878856e+07 8.549921328699273989e+06 4.624017774522364140e+06 9.782196018873937428e+05 -3.428135032622953877e+05 -5.392334034448135644e+05 -5.747148144282987341e+05 -5.747521122949542478e+05 -5.455713668171670288e+05 -5.493616491366997361e+05 -5.404112147176056169e+05 -4.283247320450036786e+05 -4.348345588723896071e+05 -4.738823174370918423e+05 -3.598279463639482856e+05 -3.104262292318167165e+05 -3.142935523792402819e+05 -2.499436889559729025e+05 -1.622063464505481534e+05 3.009895474562654272e+04 2.904146114992909133e+05 4.511536398605676368e+05 3.750641475824532099e+05 2.937442588765500113e+04 -3.794916089228359051e+05 -6.088245342747536488e+05 -5.388035001361272298e+05 -2.551896534481788985e+05 1.628298502077800222e+05 7.101735904527604580e+05 1.053308293193694670e+06 9.364534272416499443e+05 5.880760777098508552e+05 2.161504551730467938e+05 -2.308471315103829838e+05 -7.826443308682050556e+05 -1.220927048027515411e+06 -1.482068597167965956e+06 -1.621854899121971801e+06 -1.567318486285799183e+06 -1.335527891591192223e+06 -9.882752682946773712e+05 -6.465894396509957733e+05 -4.237108291569166468e+05 -2.808090644303604495e+05 -1.391127445900924504e+05 -6.160015170433325693e+04 -7.647306480706855655e+04 -1.095617127520367503e+05
-3.213339498614658602e+06 -3.531252396019408479e+06 -3.532047142891386990e+06 -2.710435188134142198e+06 -1.429552482223953120e+06 -4.604045495466561988e+05 1.040177738817874342e+04 2.831553643880765885e+05 4.682821241489732638e+05 4.652855949263900984e+05 5.132351400179327466e+05 6.251322785299273673e+05 5.795764819325994467e+05 5.397101136014678050e+05 6.523543949300071690e+05 7.002796388522259658e+05 6.946780945939830272e+05 7.566852335378640564e+05 8.415947738007523585e+05 9.162586470507081831e+05 1.020873453406673623e+06 1.255060336319148308e+06 1.556369120632301085e+06 1.813699956428316422e+06 1.814336564628174063e+06 1.271641918709502555e+06 4.240160239953538403e+05 -3.177891804589312524e+05 -9.556310322516942397e+05 -1.381671261512674391e+06 -1.516605713993484620e+06 -1.544694598596836906e+06 -1.392611297972622793e+06 -1.080480117498955457e+06 -7.369884581884241197e+05 -3.553690560683035292e+05 2.151036764786206186e+04 3.463565445391582325e+05 3.442962542068567127e+05 -5.544111952156526968e+04 -5.323837515016230755e+05 -8.150685332296424313e+05 -8.780953863813169301e+05 -8.003194427644491661e+05 -5.458872377668764675e+05 -3.296039246919089928e+05 -2.873637154226894490e+05 -2.650017225250481279e+05 -2.249016485261335038e+05
3.875584516933302395e+06 3.943745587313897908e+06 3.785373053042275365e+06 2.975586328439529985e+06 1.772759619733842555e+06 8.789806539268461056e+05 3.787389349710429087e+05 6.856989172549173236e+04 -9.637497158808447421e+04 -1.780224205879494548e+05 -3.622237012104610913e+05 -6.358882700779940933e+05 -9.878796338828392327e+05 -1.486405094220535364e+06 -1.715829120519628748e+06 -1.508477454586246051e+06 -1.124006140155835077e+06 -7.499924718189865816e+05 -5.073546022135995445e+05 -3.510411608061984880e+05 -2.403263885920748289e+05 -1.905547898323856061e+05 -1.483171509756360319e+05 -1.099722785427001654e+05 -1.371547712764005410e+05 -1.009271781510326546e+05 5.834864356438745745e+03 2.359353493753587827e+04 -1.094003843289089855e+04 1.152567248122079764e+04 9.588141416606947314e+04 1.352783593212373089e+05 9.241801219439419219e+04 1.353226707951395656e+05 2.116326592990661738e+05 2.161612503253853938e+05 2.930491219085526536e+05 4.314523766061764909e+05 6.133941699445123086e+05 9.129180987345145550e+05 1.166916629494810710e+06 1.204894435781755252e+06 1.056163008541040355e+06 7.197700341738522984e+05 3.438881432978110388e+05 8.027058646635804325e+04 -1.348070691034095362e+05 -3.316115214797877707e+05 -5.103553910629022866e+05
1.502766803672419628e+05 2.189564322450315813e+05 2.553547550993972691e+05 1.835704862722194521e+05 6.754227775702020153e+04 2.785393980593653396e+04 -5.856591914198361337e+03 -8.217542344675178174e+04 -9.112379788392013870e+04 -1.720772130007389933e+04 1.076625973943739664e+05 3.344951197956104297e+05 6.732520296506114537e+05 1.093113584650272503e+06 1.317708450329082320e+06 1.017685952906322200e+06 4.360973214975097217e+05 -3.779876628104830161e+04 -4.483719350569294766e+05 -7.894673061094358563e+05 -9.066779803021908738e+05 -7.791624228749414906e+05 -4.692022296343937051e+05 -1.644608159756176174e+05 7.306880864227470011e+04 4.102682574413472321e+05 7.782259307379722595e+05 9.423070579534415156e+05 1.052813671292386949e+06 1.144305307094472926e+06 1.034156449145521037e+06 8.053532260796055198e+05 4.966177558398377150e+05 1.263506939599756151e+05 -2.825061045968327671e+05 -6.478936547922771424e+05 -9.739091002839268185e+05 -1.235094626876237337e+06 -1.375661695836169645e+06 -1.469314629758588038e+06 -1.384501171253506793e+06 -1.257129171164417639e+06 -1.170645638748825761e+06 -1.017061886982702184e+06 -8.709221755489145871e+05 -7.265727873108680360e+05 -6.091786989639519015e+05 -5.493749932310299482e+05 -5.094464204291487113e+05
6.443326041233371943e+05 6.351375440901033580e+05 5.933061982633084990e+05 4.430474053599755280e+05 9.432462055439827964e+04 -7.558949136003497988e+05 -2.137929321848204359e+06 -2.750988504202979617e+06 -1.870402105165706482e+06 -8.310432280265373411e+05 -3.581428077278541168e+05 -9.164544693456287496e+04 5.645412371755810454e+04 1.327973333658883348e+05 2.835659414163090987e+05 5.241245528811129043e+05 7.115270408411745448e+05 9.262895242267401190e+05 1.200490389649348333e+06 1.350155438794753980e+06 1.377930971921594348e+06 1.306395167047157418e+06 1.113903221286311746e+06 8.046930833224905655e+05 4.692858850897746161e+05 2.747693650229489431e+05 7.669842981762439013e+04 -1.334017446593502536e+05 -2.056980062546785921e+05 -2.579864312571594492e+05 -3.233566598789189011e+05 -3.201002643429096788e+05 -2.114926549335364252e+05 -1.299602465194766410e+05 -5.387541697069443762e+04 9.925164045038400218e+04 2.507274151744791307e+05 3.896210109977992252e+05 4.240775235753962770e+05 3.565940941340513527e+05 2.473235980755994096e+05 1.077639212302174419e+05 -7.001325105287879705e+04 -2.878598252128008753e+05 -4.743236000795150176e+05 -8.049593085219361819e+05 -1.448456432083627675e+06 -2.074548311900570989e+06 -2.539614826881980523e+06
6.798546928240105044e+05 5.946150541942913551e+05 5.930178013248946518e+05 7.149455347005276708e+05 9.465743686561472714e+05 1.677774388635006733e+06 2.914265532344287727e+06 3.373220355958330445e+06 2.434104492357003037e+06 1.309226733564863913e+06 7.376347917420212179e+05 4.999099330187896267e+05 4.521912810517828912e+05 3.716129120715772733e+05 2.890674831953942776e+05 2.591830403849594295e+05 1.395176053774775937e+05 1.041546835389453918e+04 -9.601054256170801818e+04 -2.858820566235221922e+05 -4.426073777925902978e+05 -5.832191501327911392e+05 -8.809166538855079561e+05 -1.256154326993853785e+06 -1.619024272605893202e+06 -1.878191033045294695e+06 -1.877330592992365360e+06 -1.551379542357174680e+06 -1.090675337624270935e+06 -7.255400888907015324e+05 -4.512779337889518938e+05 -2.596513336536007409e+05 -1.501897045591620845e+05 -6.833927961357418098e+04 -2.899484365363605320e+04 1.321913272433431121e+04 5.526638250157700531e+04 4.884476184204695164e+04 4.918213884287975088e+04 5.840864521160240110e+04 9.860331713454847340e+04 1.437949792324799928e+05 1.490125094971149811e+05 1.128700816538184299e+05 1.788260627450649044e+05 4.250817917857772554e+05 8.249722239846633747e+05 1.276525379410588648e+06 1.673335474137539975e+06
8.267576395996724023e+05 7.415726452568197856e+05 7.396989331510846969e+05 9.379011394828556804e+05 1.168473287597007584e+06 1.320653715200023493e+06 1.516714823746587383e+06 1.707440165587760275e+06 1.771713639252412599e+06 1.764018633601080626e+06 1.691512386786635965e+06 1.528628994053288363e+06 1.286816578385187313e+06 9.358190922852363437e+05 5.074179260691739619e+05 -1.716432102915141732e+05 -1.355836822495330125e+06 -2.886646867067319341e+06 -3.780755686209885404e+06 -3.159598950150537770e+06 -1.673612709462176077e+06 -5.582159725791988894e+05 9.075869381078530569e+04 6.192108660103974398e+05 1.003372915646760259e+06 1.260450498815042898e+06 1.285181532250716817e+06 9.958841783978296444e+05 5.071616250352240168e+05 7.805700038850773126e+04 -1.008379540307214484e+05 -2.470359958201893605e+05 -3.987150010070772842e+05 -3.905029719771123491e+05 -3.871299485000777058e+05 -4.176784421072807163e+05 -4.105287279526232742e+05 -3.406656230328376405e+05 -3.012507630366596859e+05 -3.267803868668845389e+05 -2.840624774689788464e+05 -2.732238715578571428e+05 -2.292739903094472829e+05 -1.533657621330351103e+05 -1.583117783354828134e+05 -1.643832930375351571e+05 -1.232597498962422833e+05 -3.041691799182537943e+04 7.901435889070946723e+04
-2.235521721554687247e+05 -7.787971026555169374e+04 3.556003324338223320e+04 4.136608484259340912e+04 3.155005294247530401e+03 2.960175295593217015e+03 4.754515386361163110e+04 4.928187935671291780e+04 2.505891723558423109e+03 3.825132721685804427e+04 8.647757090162485838e+04 1.213186330714962096e+05 1.919361192436189158e+05 2.672786636778617976e+05 4.543642462481510011e+05 9.980872840579845943e+05 1.982919918143306626e+06 3.256847160846808925e+06 3.938133590481010266e+06 3.090135573269215878e+06 1.481603074749582447e+06 2.737522092321868986e+05 -4.803016257908903062e+05 -9.319544961513020098e+05 -1.220367217356687412e+06 -1.443024450850207359e+06 -1.481693338148759678e+06 -1.383361162213844247e+06 -1.186753311348730698e+06 -9.342174442892423831e+05 -7.719645233999472111e+05 -6.539613358001227025e+05 -5.055610390327658970e+05 -4.221501589624676853e+05 -3.818337714270451106e+05 -3.384313786082202569e+05 -4.048635827441466972e+05 -4.448367614072056022e+05 -4.413377573480827268e+05 -5.022507622442194843e+05 -6.406724081502781482e+05 -7.739422361215122510e+05 -7.997567710187264020e+05 -8.656743851245865226e+05 -9.028945247561223805e+05 -7.960646180569871794e+05 -6.065280901640651282e+05 -4.392659204645308200e+05 -3.289360887085730210e+05
-6.488600176526466385e+03 -1.407786433002899867e+04 -5.394143955025367904e+04 -8.654448666085954756e+04 -4.837654103816021234e+04 -4.841417907853599172e+04 -4.176189229474402964e+04 -1.567326872609672137e+03 -9.764313430059584789e+03 2.605817462725099176e+04 3.620042005262791645e+04 -4.961856537847779691e+03 6.586541196040343493e+04 1.411758602614280535e+05 9.981797490501764696e+04 1.115894343209221261e+05 2.242912978550886037e+05 2.881214969593564747e+05 3.341516359167870833e+05 4.107706139975924743e+05 4.823880871187421726e+05 6.047839541122085648e+05 6.448314930399658624e+05 6.427983852737811394e+05 7.247190064843744040e+05 6.077774944878187962e+05 3.361712823243574239e+05 8.993121534411353059e+04 -3.169117625447676983e+05 -7.019966149277752265e+05 -8.758605875214557163e+05 -9.799767644185360987e+05 -1.052085637663262198e+06 -1.040024565975763602e+06 -9.226037412381258328e+05 -7.657415823050541803e+05 -5.718797198502572719e+05 -4.261959662503805012e+05 -3.125121541350383777e+05 -1.539942003402388655e+05 3.498113375972141512e+04 2.632818434067296330e+05 4.141902743786328938e+05 4.870454161462851334e+05 5.151698070444408804e+05 4.330812478490395006e+05 3.263971794053217163e+05 3.085903171525559155e+05 3.441074724023863673e+05
-3.597516416874711285e+05 -2.912318166298792348e+05 -2.171502422192132799e+05 -2.121610935998614295e+05 -2.507020777638535947e+05 -2.130123484262730926e+05 -1.683358747191959410e+05 -1.663128245825647609e+05 -2.123355812008958601e+05 -2.522963413549586548e+05 -1.662820585828739568e+05 -1.311927105241920217e+05 -2.116218942397971987e+05 -2.498633647174573853e+05 -2.151163079566321103e+05 -1.269871351413893281e+05 -1.265936021157540381e+05 -1.748503219586564228e+05 -1.657410482928388519e+05 -1.628526927670462755e+05 -1.635351935075593647e+05 -1.513952144933862146e+05 -1.455237281398151536e+05 -1.434356435260269791e+05 -1.702598418563138694e+05 -1.703140635380987078e+05 -1.380874791688984260e+05 -8.289926938421581872e+04 -3.311870816396549344e+03 -5.278189736651303247e+04 -8.038218254747334868e+04 -2.109632408828008920e+03 3.312115063425153494e+04 4.043684623728040606e+04 4.183945752098225057e+04 9.571455895784543827e+03 1.577788523281924427e+04 8.540059499966469593e+04 1.233701683807887603e+05 9.687553360243281350e+04 2.942459137993841432e+04 7.506847116921492852e+04 1.177979739633153658e+05 8.381960466154874302e+04 7.800683491514064372e+04 3.460658882104302756e+04 3.870445021020760760e+04 5.819394132297043689e+04 2.164206571702146903e+04
-5.519097981043157633e+05 -4.075294346478768275e+05 -3.334540549304800807e+05 -4.042020140693057328e+05 -4.804121171834412962e+05 -4.424578630464383750e+05 -4.731160079478284460e+05 -5.841111171315428801e+05 -5.536587308382153278e+05 -5.170630413311298471e+05 -5.060367675457384903e+05 -3.567640197451696731e+05 -2.850711170397696551e+05 -2.472548968018963933e+05 -9.891875182627700269e+04 -4.821456563193351030e+04 -9.920952122775372118e+03 5.504926108056679368e+04 1.015038766665384173e+05 1.791864878026535735e+05 2.529737538273907267e+05 3.390997462382074445e+05 4.184920148435055744e+05 5.683439528848971240e+05 7.258474200539056910e+05 8.343505644024112262e+05 9.369604097848057281e+05 9.502923858951561851e+05 9.134693608165249461e+05 7.852563761267804075e+05 4.202272988000194309e+05 -2.068921592290317640e+05 -8.359416334185537416e+05 -1.120113406736053992e+06 -9.667257800861250143e+05 -6.270976581168365665e+05 -3.609793335333227878e+05 -1.795271804928783095e+05 -1.401639020646687131e+05 -9.254449802509020083e+04 2.344434305792720988e+04 -3.323232914553489536e+03 -6.945203249109885655e+04 -2.968086214677861426e+04 -7.079883268859644886e+04 -1.496561602200377965e+05 -1.084186438185857842e+05 -8.847940857522119768e+04 -1.248116176575417630e+05
1.310101461771409959e+04 -6.940038854430895299e+04 -7.054156441357918084e+04 1.091607627400662750e+04 8.678238671098370105e+04 1.629773824400035664e+05 2.460957482480444014e+05 3.243018249847232364e+05 3.542623414780248422e+05 3.144155766500625759e+05 2.489170032151741907e+05 2.459071541560115293e+05 2.032302852545396890e+05 8.909060232457704842e+04 4.784110559441614896e+04 -1.510496152099245228e+04 -5.241453500348143280e+04 1.226428889494854957e+04 -1.665006454801186919e+04 -5.170800067018717527e+04 -1.486090519931190647e+04 -3.110142084188060835e+03 3.976524467696435750e+04 4.142352450289786793e+04 5.110957441502250731e+04 8.770693368453066796e+04 1.188349175249459222e+05 2.099972714192701969e+05 3.253137633611911442e+05 4.967589452228279551e+05 7.627523192414073274e+05 1.206235744220907800e+06 1.678407300123368623e+06 1.751342685211565811e+06 1.265716676129375584e+06 5.653377766156350262e+05 1.830875461164303124e+04 -3.879115305747841485e+05 -6.766257657197997905e+05 -7.721315476909489371e+05 -7.617807151813774835e+05 -7.483578098815645790e+05 -6.655242407100722194e+05 -5.137919616547880578e+05 -4.079132494499217719e+05 -3.765411449060765444e+05 -2.982100721047025872e+05 -1.698138101451336697e+05 -6.193409323168144329e+04
-2.571319639624567935e+04 -3.277581055706832558e+04 -3.441645550716202706e+04 -2.941450410464312881e+04 -3.000247888965532184e+04 -3.016663354064809391e+04 -2.324415171460708370e+04 -2.108992444758769125e+04 -2.915342101070552599e+04 6.469078778754919767e+03 5.421504069410730153e+04 1.350444610056013335e+04 -2.905261237756343326e+04 -2.995990343391895294e+04 3.926177949761040509e+03 5.368559841939713806e+04 1.633941300679015694e+04 -3.204065141093445709e+04 1.353473702038172632e+04 9.061825823388056597e+04 5.230184015061246464e+04 -1.122398961568251252e+04 6.870856180321436841e+04 7.023068213020486291e+04 4.215095115476299543e+04 1.157050392637027544e+05 7.245774224225862417e+04 5.180153586377867032e+04 1.673929684318133222e+05 1.915043886535565834e+05 1.625796670373528032e+05 2.392269450798640610e+05 2.734886325843411614e+05 3.159497817791993730e+05 4.987258891121021588e+05 5.735400896455394104e+05 6.132805979886327405e+05 7.530970118468406145e+05 7.510528246214380488e+05 6.846425955736758187e+05 6.511356019671079703e+05 5.119138666510139592e+05 3.344933537207534537e+05 1.919105850683986209e+05 4.145210784510802478e+04 -1.095856984896813519e+05 -3.197182244004234672e+05 -5.866797969740545377e+05 -8.379742877377299592e+05
3.076616785523947328e+05 2.247830390569288284e+05 1.092112363874912262e+05 -1.371899893279187381e+02 -3.964386973937507719e+04 -7.850377057853620499e+04 -1.852938141027698293e+05 -2.590432245575357229e+05 -2.675544330792035908e+05 -3.075291852047666907e+05 -3.728311968338678125e+05 -4.506809289072412066e+05 -4.925321491743668448e+05 -4.557298972411078867e+05 -4.591548869543474866e+05 -5.210750740661754971e+05 -5.194431615795479156e+05 -5.288047890219603432e+05 -5.202126020257126656e+05 -5.165971718583020847e+05 -5.895012271660370752e+05 -5.763412271911506541e+05 -5.688323720829803497e+05 -5.650478737015511142e+05 -5.166397556569424924e+05 -4.410780296550367493e+05 -3.338203760905887466e+05 -2.419150013814216945e+05 -1.618757073819872458e+05 -1.724183825688674115e+05 -8.920161989692179486e+04 2.590068231918849051e+04 -4.807841303991153836e+04 -4.037938483466859907e+04 7.079441576090175658e+04 7.464993340836418793e+04 8.130567397689446807e+04 7.929096698877448216e+04 8.695778768742922693e+03 1.967911560204811394e+04 6.320834173238882795e+04 7.257573066803161055e+04 4.294732290727552027e+04 1.097269109624903649e+04 -2.985830736753996462e+04 -3.649593240115791559e+04 1.118639494053798262e+05 2.024251615337559488e+05 1.649198438471602276e+05
-2.238585340714778285e+05 -1.555836541933241533e+05 -1.198232394398654578e+05 -1.154362108651547460e+05 -7.905888545850757509e+04 -7.952880560711491853e+04 -1.102517303806961863e+05 -1.081758490757785039e+05 -1.162612990644993261e+05 -1.183435869467211305e+05 -1.832864277873889368e+05 -2.608961454074598150e+05 -2.651627319288671715e+05 -3.032766320189692779e+05 -3.441983583616091637e+05 -4.058928526792447083e+05 -4.787213842966595548e+05 -4.134707705990874674e+05 -3.304749543906653998e+05 -2.900470600114203990e+05 -1.773739813175052404e+05 -1.666757242463040166e+04 6.348968784033786505e+04 6.551138350565475412e+04 7.478243128862231970e+04 1.113896451151231304e+05 1.058853070065376814e+05 1.160554428701288998e+04 -2.011273623851616867e+04 5.475027725333347917e+03 -2.229549040377582423e+04 -9.129190423758747056e+04 -1.283053591282812413e+05 -8.372727904003113508e+04 -4.581162133195903152e+04 -7.828069611743558198e+04 -7.103739199112146161e+04 3.938751929672434926e+02 2.958829464041860774e+03 5.011551777191902511e+04 1.298143158550378866e+05 1.387462066079024225e+05 2.528259266394881997e+05 3.283695813687522896e+05 3.218258589861219516e+05 4.211665802274353337e+05 4.597905704221925698e+05 3.694027534889755771e+05 2.594784751144397305e+05
-7.529437342053276952e+05 -8.341214984771796735e+05 -8.729417464847208466e+05 -8.308514282206303906e+05 -7.567478469974594191e+05 -6.069252147054066882e+05 -4.122643608739597257e+05 -2.224188071547541767e+05 -4.281162330589722842e+04 6.789978578104637563e+04 1.902827588311629370e+05 2.624651019345039967e+05 3.326983887777896598e+05 4.804959244967901614e+05 5.503793739719546866e+05 5.989847600186479976e+05 6.733305891213242430e+05 6.616126791917483788e+05 6.298122039769075345e+05 6.301876058807827067e+05 5.916991738264907617e+05 4.900460625073169940e+05 3.459706827200723346e+05 3.094982867746144766e+05 2.803546183084833901e+05 1.682727560692001134e+05 1.251884518109727651e+05 6.711049754289002158e+04 -3.837437720329011790e+04 -1.594142764486607630e+05 -2.967955967906159349e+05 -4.740825450595020084e+05 -6.550975802401104011e+05 -7.907248348381830147e+05 -8.233334712329083122e+05 -7.077265763864852488e+05 -5.525000781251578592e+05 -3.337440998933750670e+05 -1.125503982428929303e+05 7.480799012118950486e+03 5.151331473141920287e+04 1.325538493844210170e+05 2.464464084652711172e+05 2.505556076741778525e+05 2.447569922544063884e+05 2.729596342792494106e+05 2.765393797872826690e+05 2.940663104632392642e+05 3.274994131794605055e+05
7.382940073916683905e+05 9.561948980600573123e+05 1.104336808512452524e+06 1.071582627207971876e+06 9.209156309039099142e+05 7.335236887430073693e+05 5.534017327177569969e+05 4.057848657597788842e+05 2.481096311804142315e+05 5.936111766670364887e+04 -4.293320343364030123e+04 -8.310880675271619111e+04 -1.991056429489980219e+05 -3.117536102043230785e+05 -3.899223977077053278e+05 -4.512917282938726712e+05 -5.232182651234327350e+05 -5.322205770266007166e+05 -4.872463910875374568e+05 -4.837972071592228021e+05 -4.444854257116090739e+05 -3.947740920342036989e+05 -3.508554312877829652e+05 -2.736956736672436818e+05 -2.268864309159107506e+05 -1.524673109623838682e+05 -8.326287390431389213e+04 -3.003614221292082220e+04 1.221104776364513673e+05 2.576117899041853379e+05 3.385238947067405097e+05 4.876426797371840803e+05 7.406069927325027529e+05 8.907913760223889258e+05 8.875890742574116448e+05 8.142964575794758275e+05 6.004185736639183015e+05 3.797564006468753796e+05 2.000266929715875303e+05 1.017491367907493841e+05 3.733059253194322810e+04 -9.739001106237969361e+04 -1.264614151895509567e+05 -1.562006789603045909e+05 -2.314892147039064439e+05 -2.367110096750541124e+05 -2.661834304983502952e+05 -2.824989962228569202e+05 -2.478730509011016693e+05
-2.739093488856451004e+05 -1.314537272945744917e+05 -2.148214880726300180e+04 -1.723514047858776757e+04 -1.849511921638622880e+04 1.839553361176518956e+04 2.566418407426681370e+04 6.521187014295731205e+04 1.316569818824063987e+05 2.038769332104129135e+05 2.504916861793028074e+05 2.474801904690685915e+05 3.167950700910295127e+05 4.625985551869960036e+05 4.940525469864950282e+05 5.048091846302853664e+05 5.786428134224846726e+05 5.669811317831041524e+05 5.711335282778597903e+05 5.711451848433350679e+05 4.969599496875887271e+05 4.327208816882916726e+05 3.632722907228171825e+05 3.271845542633673176e+05 2.609035962715274654e+05 1.864685948844999075e+05 1.075577040563803166e+05 -2.368178193806670606e+04 -1.276664238708326593e+05 -2.463807497691591270e+05 -3.464278162556001917e+05 -5.215256577736027539e+05 -9.526358093536712695e+05 -1.627034237251498271e+06 -2.341192640166846570e+06 -2.474081889941589907e+06 -1.810208228116968879e+06 -1.048124643629418686e+06 -5.744294430210720748e+05 -3.098814049031343311e+05 -1.922587560943793505e+05 -1.106339049688545056e+05 -6.764370874327141792e+04 -6.094805247033899650e+04 -2.885416314064105973e+04 -3.439729634439526126e+04 -9.990732438804162666e+04 -1.168901334877591580e+05 -8.304589438834227622e+04
5.430719326774100773e+04 1.224899707915029721e+05 1.581989118776981486e+05 1.623505493631818099e+05 1.979151016980176792e+05 2.345604037027805462e+05 2.786813823104602052e+05 2.810373712470754981e+05 2.363071676745313744e+05 3.080618665565269766e+05 3.542532362620114582e+05 3.142300681269264314e+05 3.095652221568160458e+05 3.073231602559097810e+05 3.018788928573484300e+05 3.130416803271510871e+05 3.138433760649061296e+05 2.664475835784105584e+05 1.979123953101225197e+05 1.258571779506746680e+05 9.066245741792954504e+04 -8.133624881157185882e+03 -2.578175220941198058e+05 -4.733998327911826782e+05 -6.821113953675378580e+05 -9.705236935993880033e+05 -1.153740666601224570e+06 -1.171151935114178108e+06 -1.089160554448608309e+06 -8.415998197841681540e+05 -5.049111166922382545e+05 -2.091732060763742775e+05 2.615609846106956247e+05 9.893042907200267073e+05 1.742322202590877190e+06 1.954503852772759274e+06 1.344020765491293045e+06 6.217461098555951612e+05 1.923685246118118521e+05 -8.344389751378889196e+04 -1.458380676299564075e+05 -1.005764194886435289e+05 -1.292438110540385824e+05 -8.691356885712547228e+04 1.622658447246043943e+04 1.056173535587731749e+04 -1.963374689221382141e+04 -1.662024286925094202e+03 3.157475456537306309e+04
-6.145413960475705098e+05 -6.929448153259000974e+05 -7.672747238131703343e+05 -8.732133435324066086e+05 -9.478546117834048346e+05 -8.746947499655652791e+05 -6.839609047799601685e+05 -4.977977628726516850e+05 -3.946524041722295806e+05 -2.856368192844092846e+05 -2.020008604938630015e+05 -1.669171512866164558e+05 -6.008259053749497980e+04 1.225109233404509723e+04 8.313999275560490787e+03 2.119636789371725172e+04 2.413164130819495767e+04 8.847001346701290458e+04 2.038752562768058851e+05 2.427949511999031529e+05 3.185722772689755075e+05 4.754633838019799441e+05 6.265387426712561864e+05 8.463694913301146589e+05 1.179511695305700414e+06 1.467324109800391831e+06 1.603600662107928190e+06 1.649379611007755855e+06 1.576872010238585062e+06 1.344895994450197555e+06 1.058642498881090432e+06 8.424954619770878926e+05 6.238001182011831552e+05 3.408201206760713831e+05 5.215473921562079340e+04 -2.327498787519284524e+05 -5.100178628385770135e+05 -8.623565625096685253e+05 -1.246651067780911457e+06 -1.514328703560746042e+06 -1.711300734293767717e+06 -1.801829627546252217e+06 -1.717436332961656153e+06 -1.562159229834798723e+06 -1.347645437667964958e+06 -1.136140477483856259e+06 -9.152290337189333513e+05 -6.484321406640815549e+05 -4.026726103207208216e+05
4.778536638320654165e+05 5.460978079604685772e+05 5.819796173635399900e+05 6.226987792097495403e+05 6.943118295993190259e+05 6.576384459203109145e+05 4.825730607897274313e+05 3.027684773434884264e+05 1.860204469395104679e+05 1.115905996889341332e+05 4.827177177008701256e+04 -2.682368188805406680e+04 -6.669482862809667131e+04 -3.181356790650167386e+04 -1.205159974051639438e+02 -2.434699884906882653e+04 1.440951946133264573e+04 7.799462246359323035e+04 8.286749559163578670e+04 8.475018364377315447e+04 8.787170798925199779e+04 1.350614230701468477e+05 1.409504889755046752e+05 1.435471239947944414e+05 1.510948689025825006e+05 1.154394632007460459e+05 1.110171093628741510e+05 8.912022485514188884e+04 9.469665631768276216e+04 8.596044730627891840e+04 2.162194650270981947e+04 -9.366898844018694945e+03 2.774586609506508103e+04 7.060902151511970442e+04 3.444036537373886677e+04 3.580380963394395076e+04 7.909610014525247971e+04 4.580921015993237961e+04 4.921524482720973901e+04 6.034858554601657670e+04 -3.642056033189943992e+04 -1.690456897969121346e+05 -2.327719522739055683e+05 -2.244822396041130705e+05 -1.914249469368956634e+05 -1.252734550595047185e+05 -1.190852415049453703e+05 -1.363607482420046872e+05 -1.033551435969976155e+05
2.568140287126878975e+05 1.791763816087042214e+05 1.418485187715849606e+05 1.819636591052403674e+05 1.802805100596742705e+05 1.436510669492417946e+05 2.238959610223537311e+05 2.994173835951369838e+05 2.558379579370378051e+05 2.543093066010623588e+05 2.636997724894901039e+05 2.248948830273004132e+05 2.574312642286530754e+05 2.191239381564081705e+05 1.413224167260341055e+05 1.529945539688924910e+05 1.551476139860462281e+05 1.458034745004260330e+05 7.786712946777697653e+04 4.335288001340813935e+04 8.285600553499534726e+04 5.767467782017763238e+04 6.354031687253166456e+04 6.645260633085865993e+04 3.786433509027119726e+04 3.865473706566262990e+04 3.454157872649375349e+04 4.843729534884914756e+04 1.848232099961047061e+04 -6.126692661317077000e+04 -8.938365757989231497e+04 -8.408500804973323829e+04 -1.533854880090805236e+05 -2.525320053298490238e+05 -3.231441194709623815e+05 -3.207199560065055848e+05 -2.761164489114888711e+05 -2.366505455487644649e+05 -5.510487455350874370e+04 1.684918663039566018e+05 3.541688170871945913e+05 5.376538275403438602e+05 5.771488858701180434e+05 5.121858464449185412e+05 3.319499957136595622e+05 8.046481356548587792e+04 -5.431616483198059723e+04 -1.767884594399927882e+05 -3.542913519556126557e+05
-1.560431953473025933e+05 -1.743360650725662708e+04 5.250979460601229221e+04 -1.728897943219542503e+04 -9.227767724136356264e+04 -1.652543254470219836e+05 -3.730481329659228213e+05 -7.274959160736761987e+05 -1.304618074616300408e+06 -2.124426910441833548e+06 -2.754175086502220482e+06 -2.645663197321703192e+06 -1.932767216493956978e+06 -1.184352794003788847e+06 -7.248687026149125304e+05 -5.339047828380716965e+05 -3.873325189983011223e+05 -2.521282277570571750e+05 -2.476172792352735996e+05 -2.448980932851550169e+05 -2.389171814406290650e+05 -2.626009922189400531e+05 -2.909293958364292048e+05 -3.218862087617162615e+05 -3.492320316645787098e+05 -3.821157998283151537e+05 -3.486793357651913539e+05 -3.341348297020895407e+05 -2.556586365436669439e+05 -4.871879356855060905e+04 1.010824985773069784e+05 1.777678854623818770e+05 3.219908161991052330e+05 5.766762371925865300e+05 8.229726522165588103e+05 9.992832484788955189e+05 1.111331462328671012e+06 1.218373539214955876e+06 1.360057051783077652e+06 1.332177182309675263e+06 1.162318504745491315e+06 1.061295765155812027e+06 8.884571420273253461e+05 6.481573234649843071e+05 4.684764284896678291e+05 2.531141059071517084e+05 -2.088332767889485694e+04 -2.128793827240574174e+05 -3.197610398236373439e+05
-2.264019052777437901e+05 -2.304623121954500966e+05 -2.313577666413038096e+05 -2.641695508360862150e+05 -3.378014233394060284e+05 -3.382366535428445204e+05 -2.236928355076815060e+05 -6.618065938818908762e+03 3.432873212429692503e+05 8.052572736842554295e+05 8.139592445851302473e+05 -2.208000119670744170e+05 -1.504372628811397124e+06 -1.896027677871169755e+06 -1.436781149758025538e+06 -8.900607175484765321e+05 -6.012549192056762986e+05 -4.661197752901352942e+05 -3.905534847115627490e+05 -2.811781537381461821e+05 -2.039933182281674817e+05 -1.566826136497547850e+05 -4.312837300705770031e+04 6.766238791053183377e+04 1.816030175850032829e+05 3.253316206287126988e+05 3.931400541606121697e+05 4.061540322785736062e+05 4.123429147328715771e+05 4.406404700234993361e+05 4.825414919370089192e+05 4.518750197091142181e+05 4.535261499596538488e+05 4.949845067423300352e+05 4.932585931092030369e+05 5.279842758941228967e+05 5.699997776676898357e+05 6.079391131189196603e+05 6.805130198789988644e+05 7.595054746814982500e+05 8.372723493579559727e+05 8.773750197951465379e+05 9.846892008930419106e+05 1.163646280196264852e+06 1.191947592361832969e+06 1.183239907368548680e+06 1.219092083780562505e+06 1.162877867933709174e+06 1.053509570919537917e+06
-5.324564278824254870e+04 -1.278619847795926034e+05 -1.282919347501592711e+05 -1.845832343329628929e+04 5.078410801070276648e+04 8.646915551449637860e+04 1.656943440425675362e+05 2.761372920562280342e+05 4.836653740541073494e+05 8.032828264433189761e+05 1.381505283022417687e+06 2.232057577988016419e+06 2.759888307456275448e+06 2.363303398847928271e+06 1.395580969612346264e+06 5.884312713949470781e+05 9.406567138386936858e+04 -1.621894406416686252e+05 -3.356355993892061524e+05 -5.098341315280408598e+05 -6.793532193009722978e+05 -8.783771152299595997e+05 -1.045964229155799607e+06 -1.145192782997036818e+06 -1.206220662238192512e+06 -1.271830504203098128e+06 -1.271875903432373190e+06 -1.116615063241335796e+06 -9.323771882371510146e+05 -7.959804550436087884e+05 -6.475730106252010446e+05 -5.006029758753725328e+05 -3.913711496151541360e+05 -3.134972147893859074e+05 -2.435543445724761114e+05 -2.075138422171580605e+05 -1.634175873035565019e+05 -8.740328528685495257e+04 -1.259445348696317524e+04 3.359200383070856333e+04 4.451811582839628682e+04 5.256820670154411346e+04 5.858385082741687074e+04 1.369898003770513460e+05 2.046694699511863291e+05 1.663252619642294012e+05 2.066577380115645938e+05 2.924809330463162623e+05 3.242133297404423356e+05
8.776992824918124825e+04 1.340093411679845303e+04 -5.815624977287347429e+04 -5.578629322815663181e+04 -5.852536363876424730e+04 -1.652293121820548549e+05 -1.932361262361517875e+05 -1.900823012070034165e+05 -2.315771174023394706e+05 -2.322184843354625045e+05 -2.933912667847473640e+05 -3.298494195926471148e+05 -2.965881705674108816e+05 -3.333130209229419706e+05 -3.379079934046602575e+05 -3.257207965740237851e+05 -3.216251698706766474e+05 -2.583067568595287739e+05 -2.197932882560415892e+05 -1.824359166872453643e+05 -1.056048409960931167e+05 4.578853846993343905e+04 1.925149779592178529e+05 2.663855594099730952e+05 3.775163782143500866e+05 4.139848599612015532e+05 2.707527403469424462e+05 1.424133084702773776e+05 7.899834903946626582e+04 -3.114421414968122554e+04 -1.988739527028514713e+05 -2.973324183694790700e+05 -2.932648947392602568e+05 -3.204016468231563340e+05 -3.205979870335429441e+05 -2.850535199319709791e+05 -2.757867014722431777e+05 -2.341319017542995280e+05 -1.940183698397593107e+05 -1.825738483486925252e+05 -1.711236519081287552e+05 -1.285292029212003108e+05 -5.337865375622618012e+04 -9.296132447779877111e+03 -1.034125250414945185e+04 -4.742549660324561410e+04 -6.658777043339097872e+03 1.132972294738271739e+05 2.139604254910927266e+05
-2.330367477121760603e+05 -2.362435062602162361e+05 -2.368863601516931667e+05 -2.345789006748236716e+05 -2.722933186584850773e+05 -2.729466821695677936e+05 -2.305050260864662996e+05 -2.621066100313330244e+05 -2.679303750256078783e+05 -1.983648228010860330e+05 -1.541707806626801030e+05 -1.552187386358856456e+05 -1.220717114832950174e+05 -8.880725015595089644e+04 -1.284898889140458778e+05 -8.174671230255602859e+04 -7.838749550865031779e+03 -4.971028851694427431e+04 -1.217485044209752232e+04 5.950164094043429941e+04 6.636790431453834753e+04 7.705267809506028425e+04 1.181988047406778205e+05 1.918366897484519286e+05 1.977498439711051760e+05 1.649664743349421769e+05 1.971393529500346922e+05 2.430145329190422199e+05 2.147562271461357595e+05 1.057402419333808357e+05 7.701026830647584575e+04 4.808723338821383368e+04 -1.211950014979811822e+05 -2.524243359529643785e+05 -3.910209603275874397e+05 -5.286368125624718377e+05 -6.222365109348902479e+05 -6.827118477999478346e+05 -6.762063285312611843e+05 -6.296272176911572460e+05 -5.139891242887822445e+05 -4.368432895489977673e+05 -3.617464806645866483e+05 -2.481867578841047361e+05 -2.139467476599393412e+05 -1.813535312056769617e+05 -1.402394538803487085e+05 -1.920583622419489548e+05 -2.972490147635079920e+05
2.207730650040320470e+05 1.477821641834452748e+05 7.730997181322891265e+04 1.145276800903957337e+05 2.165424302680185065e+05 2.157250425009987957e+05 1.879815391724695219e+05 2.259710130287568900e+05 2.546935000555824954e+05 2.189288250904063461e+05 2.275409842014779570e+05 2.956762188667200971e+05 2.584033805079524172e+05 2.210902361012995243e+05 2.504351640254026279e+05 1.918245281581766903e+05 1.604126074712257832e+05 1.529796305811032653e+05 1.199955849896650761e+05 1.212853331310907379e+05 2.402144366409676149e+04 -3.120412412780579180e+05 -1.239710129249144578e+06 -2.409887284371067770e+06 -2.296918594614832196e+06 -1.081092263096363517e+06 -3.210783682839239482e+05 -6.750356163363903761e+04 7.793819457408948801e+04 1.084363837976707146e+05 1.145336737204343081e+05 1.893324581754868850e+05 2.965813295927371364e+05 3.718556726421229541e+05 5.078504134051037254e+05 6.096864478796485346e+05 6.515448738506528316e+05 6.576717410213325638e+05 5.926044674776493339e+05 5.332286658184588887e+05 4.060993853438410442e+05 2.750528731709354906e+05 1.428607403679048875e+05 1.560650284925906453e+04 -1.896936611330602318e+04 -1.228381717746375361e+05 -2.182736095623116707e+05 -1.674486795946726343e+05 -6.730415494937566109e+04
-3.055030575301499339e+05 -1.696683665574527113e+05 -1.007899617339718388e+05 -1.332034591055709170e+05 -1.359336190426256508e+05 -1.365202627639519051e+05 -1.982675525039667264e+05 -2.293048912420636043e+05 -2.001083587191535626e+05 -2.002294049871850293e+05 -2.603467617736898828e+05 -2.264287350251108874e+05 -1.931464707292616367e+05 -1.947165012627372053e+05 -1.300033874728248920e+05 -1.181114620500011370e+05 -7.903377779759466648e+04 -1.617250674986280501e+04 -1.368238760449457914e+04 5.765123674587812275e+04 2.037836872856123373e+05 4.913518907316033728e+05 1.431469103610727703e+06 2.644494826967126690e+06 2.611906049288223963e+06 1.435008743336077081e+06 6.010537830885723233e+05 4.032538854132881388e+05 3.400589163560653105e+05 3.348795567895285785e+05 3.396124295151089318e+05 3.099617758102254011e+05 3.129602803633329459e+05 2.842383678874466568e+05 2.134456368262181059e+05 1.773488624155288562e+05 8.299138904665596783e+04 -1.137452491367002949e+05 -4.826423241855800152e+05 -1.321049911458390765e+06 -2.359748894532685168e+06 -2.687273433798115235e+06 -1.929675341207179707e+06 -9.652698941685945028e+05 -5.222817425715057179e+05 -3.189156425802495796e+05 -2.099607446783920750e+05 -2.952134402719070204e+05 -4.667909991956502199e+05
-2.719496511365287006e+05 -2.055047172354534268e+05 -1.369205941021211911e+05 -1.003871647245248314e+05 -6.871504050563089550e+04 3.409122926765098237e+04 1.105744323797989637e+05 1.143012169911526144e+05 1.779632879869313911e+05 2.123726209549931809e+05 2.213542122574292589e+05 3.239489752595546888e+05 3.224988502723862184e+05 2.516565515857654973e+05 3.155518152506555198e+05 3.612620248924942571e+05 2.619763888983291981e+05 2.551913727691861568e+05 2.911346294288522331e+05 1.893655884807230323e+05 1.625557611283144797e+05 1.383972740464375238e+05 4.149778887862351257e+04 1.150508031656494131e+04 -1.735515063570352504e+04 -8.319165579625382088e+04 -1.532837204507087590e+05 -1.769572670123310236e+05 -2.037455540167863946e+05 -2.408766564575488737e+05 -2.348635578691027476e+05 -2.284729937813248544e+05 -2.236402512493087270e+05 -2.167150438710813178e+05 -1.836205942311788094e+05 -1.503585163271052879e+05 -7.324185258708859328e+04 7.160208916815475095e+04 3.828298797504964750e+05 1.207928229161767755e+06 2.269627161741963122e+06 2.474742209579569288e+06 1.625748819907889934e+06 6.830251184164057486e+05 1.061983236373658292e+05 -1.312884547398420982e+05 -2.587820409651631489e+05 -4.445359844161407091e+05 -6.149771207215860486e+05
-1.697522996051702648e+05 -3.492542167776275892e+04 3.339753017469774932e+04 1.147386516095139086e+03 3.254155639267992228e+04 6.613947428879328072e+04 5.056515034520998597e+03 8.734748827992123552e+03 7.207788716128561646e+04 7.206552897347137332e+04 4.665290340199135244e+04 8.027421699371200521e+04 1.133413105929502053e+05 1.115142189082688419e+05 1.067044095858000219e+05 1.523226961545881350e+05 2.251064435596346739e+05 2.187577845621852903e+05 1.859549128933575994e+05 2.558704643318195886e+05 3.322397063818055904e+05 3.421518319135064958e+05 3.821309974032926839e+05 4.202370653080286575e+05 4.247904109937370522e+05 4.609356764191756956e+05 4.585522895265601110e+05 3.994050870416692924e+05 3.376356883766129613e+05 2.660127050557639450e+05 2.366886558302210178e+05 2.081983004912035540e+05 1.444654805492619053e+05 8.267866100126435049e+04 -2.066792201716476120e+04 -8.999610530212521553e+04 -8.107648557401238941e+04 -1.391872079391037114e+05 -2.009910182590831537e+05 -1.567436044255732559e+05 -1.784203608636753634e+05 -2.729853343346621841e+05 -2.341010976408137940e+05 -2.227403821074415464e+05 -2.886306797940055840e+05 -2.543812452006379608e+05 -2.803617180319280596e+05 -3.648051270726125222e+05 -4.001411394448874053e+05
-3.693615328287699958e+04 -1.732570088817738288e+05 -2.743966270779491751e+05 -2.392648586223367020e+05 -1.751725023152539507e+05 -1.761259893910026876e+05 -1.689659280073828413e+05 -1.652527128095972585e+05 -1.363511008693604963e+05 -1.024388645699945046e+05 -1.276206576841651695e+05 -1.616274263715605484e+05 -9.487460218428168446e+04 -6.296304257062717807e+04 -1.686821627995230956e+05 -1.574718057166319340e+05 -8.533528092375490814e+04 -1.245217691361904144e+05 -1.235176564846187830e+05 -8.809644185763318092e+04 -7.875650242960569449e+04 -6.862788115278817713e+04 -6.233121105702593923e+04 -9.110388739325525239e+04 -1.199649272341048345e+05 -8.295842944469768554e+04 -5.016798935364931822e+04 -7.467788199894153513e+04 -1.344774623890405055e+05 -1.697004022914916277e+05 -1.309455831721425056e+05 -5.734606173529732041e+04 -5.205246757832379080e+04 -7.932553411694243550e+04 -1.354849944647843949e+04 5.193206182331801392e+04 2.729851612937590107e+04 3.733272094803419895e+04 1.437682145362484735e+05 2.207722070429003797e+05 1.987805254990234971e+05 2.045827941346212756e+05 2.425727868423557375e+05 2.868674676975945476e+05 3.547709235711959191e+05 3.547331015882071806e+05 3.277905371354433009e+05 3.097381519328333670e+05 2.739676678308683913e+05
1.982297045504673733e+05 1.294179022777825012e+05 6.210907467640936375e+04 -3.693531931494420860e+03 -4.059071862255223095e+04 -7.519475522916758200e+04 -1.017002930917078047e+05 -9.798070632910833228e+04 -1.364307291136357235e+05 -1.362107206537621096e+05 -1.277216640341795282e+05 -1.616924174496672349e+05 -1.623161225731017767e+05 -1.977742673375176964e+05 -1.687300905695882393e+05 -1.238681468740107957e+05 -1.864492717554094270e+05 -1.582431658956920728e+05 -1.236057697306387126e+05 -1.555465715000173077e+05 -1.124898642208429519e+05 -1.023699177830715198e+05 -1.297315468441231642e+05 -9.114992083690594882e+04 -5.271112922695465386e+04 -1.572965185099747032e+04 5.067978394508827478e+04 5.973897923307958990e+04 6.718845980416517705e+04 1.328289091918850318e+05 1.713566280278610066e+05 2.110833167529206257e+05 2.161916068824948743e+05 1.551064651098570321e+05 1.533780852553900331e+05 1.849088760279119015e+05 1.600993411376836011e+05 1.700367704633392859e+05 2.090571869153063744e+05 1.851324818254210986e+05 1.966129024262779858e+05 2.357172145613008179e+05 2.399070212076178868e+05 2.506266512989537150e+05 2.850123626977441018e+05 3.186418081534784869e+05 3.586395674129025429e+05 4.741805464000180364e+05 6.390171548450503033e+05
9.335056084208190441e+04 -4.095641345018520951e+04 -1.074422553094336763e+05 -1.061886765644886764e+05 -1.095715239475248381e+05 -7.727820634201623034e+04 -3.688791033986490220e+04 -6.638291358307481278e+04 -1.041848679451503558e+05 -3.712564457964617759e+04 3.784816852712538093e+04 4.424053673865390010e+03 -6.256703132414247375e+04 -3.102426415192894638e+04 6.442925973620719742e+04 7.541214351018413436e+04 4.690481952973641455e+04 4.175649638986214995e+04 4.225970837578643113e+04 7.717600967094767839e+04 1.203614876267961226e+05 1.301308144250650657e+05 1.361878599610647652e+05 1.077609599602876697e+05 1.119532244122821139e+05 1.486640919733326300e+05 1.146387561218577321e+05 1.227095729036956909e+05 1.301415296952474746e+05 9.595243780175221036e+04 1.335624124848980282e+05 1.064530170947542356e+05 7.865399277536213049e+04 1.178239816630957357e+05 8.268895488639808900e+04 8.006598000705690356e+04 8.889976381906295137e+04 6.668050165462784935e+04 1.055660466058177844e+05 8.168461934721539728e+04 2.706655945745305507e+04 9.855699904030148173e+04 1.025529072160131473e+05 1.446394284546823474e+04 1.647144047543383203e+04 1.816247575741721084e+04 -7.665179207106179092e+03 7.816034031565941405e+03 3.926937635987997055e+04
-3.049037464195861830e+05 -1.737538992566987872e+05 -7.459608879056759179e+04 -4.054423857305663114e+04 -4.405145729833748192e+04 -4.519909315858967602e+04 -3.828571221674789558e+04 -1.454174035461561289e+03 6.028818890685209772e+04 6.077785066096109222e+04 3.581497731211132486e+04 6.882892271329178766e+04 1.347261584474471747e+05 1.988509452884317725e+05 1.942588923417496844e+05 1.389041376172099554e+05 1.766812919109360373e+05 2.706989670556503115e+05 2.705748862458857475e+05 2.718340001243632287e+05 3.149703902006145800e+05 3.241733609943182673e+05 3.956334729463568656e+05 4.331855951272880193e+05 4.034793096029898152e+05 4.066411356948080938e+05 4.057926150184359867e+05 4.123320029804024380e+05 3.536495307832951657e+05 2.220059100247449242e+05 -4.148366382578387856e+03 -4.896600056398930028e+05 -1.302439554557789117e+06 -2.114752391976651270e+06 -2.344825509835498873e+06 -1.855809542054777034e+06 -1.125917244055306539e+06 -5.894903985661233310e+05 -2.886917927919426002e+05 -1.488022899354104884e+05 -3.853183436091011390e+04 3.182160789845511317e+04 6.837822826113551855e+04 1.458929152711071074e+05 1.815284363523828797e+05 1.513886357896258123e+05 1.588191041117543355e+05 2.397012139949935954e+05 3.368094152281926945e+05
-7.513211744895647280e+04 -1.402284142182907090e+05 -2.047093635133930948e+05 -2.688239538657944649e+05 -3.697952290967805311e+05 -6.630016279598928522e+05 -1.142959888197946828e+06 -1.334152475954034133e+06 -9.169586627132970607e+05 -3.976507623627549037e+05 -1.954639066557865590e+05 -1.303241993900160305e+05 -1.300340258260255214e+05 -1.318892832397250459e+05 -7.129493024898692966e+04 -6.088326717028440908e+04 -8.844818648358387873e+04 -6.026168737327679992e+04 -6.067402165906969458e+04 -9.183363568794447929e+04 -8.087074277340434492e+04 -3.903557780024129897e+04 -6.506960664410144091e+02 -2.807490777515294030e+04 -5.726835051726130769e+04 -2.075073827290907502e+04 4.459862055024132133e+04 8.406635089719202369e+04 1.245734044141136110e+05 2.562285111070382409e+05 4.889911141677291598e+05 9.207182097144001164e+05 1.679298201978094410e+06 2.436749004389273468e+06 2.564178390741579235e+06 1.937643232190167997e+06 1.029689162581924349e+06 2.900361408601752482e+05 -1.936159051605490968e+05 -5.757193866511788219e+05 -1.116738103181129089e+06 -2.511622789439274929e+06 -3.353721705661728047e+06 -1.940559825927477563e+06 -3.738746286369897425e+05 -1.227337149379309267e+04 2.780389552877796814e+04 1.732302093633890618e+05 4.002555637818248942e+05
-4.646533852175343782e+05 -2.707405364175792783e+05 -1.410042345622789580e+05 -1.080024720187066123e+05 -1.451441444107331336e+04 3.083570656052322593e+05 8.340336041635598522e+05 1.032971944727469468e+06 6.080962027329962002e+05 9.024409592209846596e+04 -1.290208032302326756e+05 -1.287107030127664329e+05 -1.283136650745290972e+05 -1.949843095481627970e+05 -2.318007140484404517e+05 -1.890433683106676326e+05 -1.516682217316703172e+05 -1.884136028378269402e+05 -2.214369402296141488e+05 -1.876751335716107860e+05 -1.441369281389052048e+05 -1.350727192522026598e+05 -1.619163794483758975e+05 -1.568095363897737116e+05 -8.872261761629465036e+04 -1.173516692133850884e+05 -1.172847475984597113e+05 -4.606762458162871189e+04 -3.838186007342301309e+04 -4.767595182056538761e+03 3.115203724766615778e+04 3.747422832821053453e+04 1.129538963257800788e+04 4.935805916727962904e+04 1.123674931057030335e+05 4.383127000124682672e+04 -1.230409550189529546e+04 4.823947319528087974e+02 -2.610406881722132675e+04 -5.018709396419557743e+04 2.222006725822605658e+05 1.561554410118835978e+06 2.541470851164769847e+06 1.283011016414376441e+06 -4.889794718474010006e+04 -1.429903760313750245e+05 -7.019243519811448641e+04 -8.752628167450847104e+04 -1.209786555863656104e+05
-7.619387075770646334e+04 -1.401545808371156454e+05 -2.038110852235695347e+05 -2.034370095940539613e+05 -1.753603472030954435e+05 -2.089979191491147503e+05 -2.026155335560904350e+05 -1.667351328715451527e+05 -1.704245713172710966e+05 -1.375506822392344475e+05 -1.302071718551453669e+05 -1.298310348822271917e+05 -9.713702918786997907e+04 -1.633769156562630087e+05 -1.677653660712530836e+05 -6.113536141405347735e+04 -5.620696393889375031e+04 -9.250247671501711011e+04 -6.105506674910429865e+04 -2.750749589293263853e+04 -4.837303697480866686e+04 -3.939659355964977294e+04 -1.540552627411670983e+03 3.707013548701070249e+03 3.910917242872528732e+04 4.315889584016986191e+04 4.350075978727545589e+04 8.192415863799443468e+04 8.978014875669078901e+04 1.237275326607050374e+05 1.595130072772735730e+05 1.984080584452028852e+05 2.374553599319194909e+05 2.755316755274541210e+05 3.709461380075663328e+05 4.973313581210090779e+05 6.362968243606156902e+05 7.793392897024764679e+05 9.477057704277096782e+05 1.118256466706513194e+06 1.162324950749754673e+06 1.003747321926060366e+06 6.820333049871241674e+05 3.369005189323788509e+05 4.848167570307990536e+04 -2.392057285440380219e+05 -4.257130855979642365e+05 -4.104185375350061804e+05 -3.138509346975381486e+05
-5.446289519662966486e+05 -4.187032499653288396e+05 -2.928986529988469556e+05 -2.303219023987182882e+05 -2.973238081386080012e+05 -3.306634983490221202e+05 -2.620811763411618304e+05 -2.270008569373751525e+05 -2.303707982163177803e+05 -2.610340029967480805e+05 -2.544158771616639569e+05 -2.226309808797668666e+05 -2.218324914650293067e+05 -1.924246450694045052e+05 -1.653322623413987458e+05 -1.559174525999696925e+05 -1.512561843876028433e+05 -1.550587846519192681e+05 -9.341794316424056888e+04 -6.082515159854665399e+04 -1.121662614907841198e+05 -7.220010859891772270e+04 -3.765242298250086606e+03 1.504955756245646626e+03 3.828046555281151086e+03 3.985071346280165017e+04 7.236007190018426627e+04 7.720210370142059401e+04 1.488752742100036703e+05 1.835794138000346720e+05 1.864581634727073833e+05 2.568296876194668002e+05 2.959919905295837671e+05 3.334674014890328981e+05 3.955529801151712891e+05 4.557132530154194683e+05 5.610686367243761197e+05 6.716787474241586169e+05 7.423027510155220516e+05 8.785139253828651272e+05 1.050866375982880127e+06 1.150692967989018187e+06 1.217487943833108293e+06 1.293600306242590304e+06 1.329561780788938049e+06 1.270184509733222891e+06 1.117441609637463931e+06 9.719095431425361894e+05 8.754705305961947888e+05
2.025728956912644207e+04 2.131227885489352047e+04 -3.987167371553357225e+04 -1.328037689294433803e+05 -1.057966592640150338e+05 -4.552441055071540177e+04 -1.015130760252940818e+05 -1.284575492137810797e+05 -6.917390191927563865e+04 -9.887555222027000855e+04 -1.232016540842596733e+05 -9.126426258066206356e+04 -1.207556121010565548e+05 -1.223917063209227781e+05 -9.524384351156183402e+04 -8.590453593118584831e+04 -1.120471462997374911e+05 -1.462104757735505118e+05 -1.169915614958153601e+05 -1.159631860448279767e+05 -1.344637783931101148e+05 -1.266387107985792099e+05 -9.079542713530844776e+04 -5.449126264429645380e+04 -1.152483944949929719e+05 -1.421336700487882481e+05 -7.897131957404781133e+04 -7.589376568153977860e+04 -6.818760424037463963e+04 -3.321367523749370594e+04 -6.293945707555371337e+04 -5.689627100306062493e+04 -1.856875308149040211e+04 1.726627594442106783e+04 1.472180103242839687e+04 -2.175481360347464215e+04 4.956659233954292722e+04 9.613378452428174205e+04 7.080703484185505658e+04 7.745094957703235559e+04 5.774728217860672157e+04 6.029678564518666826e+04 6.212245719216286670e+04 -5.128673136001522653e+04 -1.404763176915006479e+05 -1.655533550004471326e+05 -2.210038648592313984e+05 -2.383035239326995797e+05 -2.065311443008207716e+05
-3.961780845769666485e+04 -1.602444456389639818e+05 -2.508826295641482575e+05 -2.511102142767048790e+05 -2.553125977847957984e+05 -2.573298353253630630e+05 -1.906843967700842186e+05 -2.173318503267367196e+05 -2.504510151839351747e+05 -1.881130961270536645e+05 -1.820217011810748372e+05 -2.423465306713478640e+05 -2.101694998226593016e+05 -1.508523491799131734e+05 -2.161015850625698222e+05 -2.380488089408027008e+05 -2.029993562138406560e+05 -2.061867491219891235e+05 -2.086860127683030441e+05 -2.081034182367145550e+05 -1.956321281695272774e+05 -1.885061894415412098e+05 -1.844289205939278472e+05 -2.104958620481193066e+05 -2.097515334741910920e+05 -1.441683880565688014e+05 -1.125558405986521393e+05 -1.103022325277561322e+05 -1.028659152227919549e+05 -6.779077985440380871e+04 -3.581472101446660236e+04 -2.992785511887632310e+04 8.327207687543239444e+03 4.376914084772579372e+04 1.012487574422219768e+04 3.593107028340455145e+04 1.069109245069553144e+05 1.226484154909849167e+05 1.912625603243941441e+05 2.604253082384814043e+05 3.038861429825199302e+05 4.007442667329451069e+05 5.285088471311596222e+05 6.673177307256283239e+05 7.994655476789929671e+05 9.333312424068546388e+05 1.036829328546884703e+06 1.052411290483430261e+06 1.022500080168808810e+06
-7.092812224845981225e+06 -4.871102932148496620e+06 -2.350189956936520059e+06 -6.108773204818130471e+05 -2.255531511706067249e+05 -1.380650158302159980e+05 -7.286595702171279117e+04 -3.909153362328652292e+04 -1.137139488360844553e+04 2.012618537526577711e+04 2.600040052842767909e+04 5.732720912958029658e+04 8.964019294478883967e+04 1.185102778382129036e+05 1.453676486015319824e+05 1.848559523752192035e+05 2.203687303047631867e+05 2.181765703909331933e+05 2.469435514346696436e+05 2.789847884810296819e+05 3.232848446286506951e+05 3.313870125741232187e+05 3.059608198929352220e+05 3.732099377096162643e+05 4.056867701187727507e+05 3.189577687071869150e+05 2.902534948702668771e+05 3.544714219862369355e+05 3.013779090408936609e+05 2.144895707309477730e+05 2.466611599759197561e+05 2.530745884653881658e+05 1.684207772638191818e+05 8.046793034882290522e+04 4.712411397136736196e+04 1.056908873259107349e+04 -1.178443928947672248e+04 -2.691409438091801712e+04 -8.314697510970267467e+04 -1.394803560205033282e+05 -1.283326858561483677e+05 -6.476747756707528606e+04 -9.481096696574217640e+04 -1.137017545400883537e+05 -4.592623197997489478e+04 -3.838117004779621493e+04 -3.055883642926323228e+04 1.480403817607997917e+04 4.703459260635916144e+04
6.143743203439515084e+06 3.985447814814979676e+06 1.616382970734267030e+06 2.598482126079010777e+04 -3.380737151199718937e+05 -3.400155060010728193e+05 -2.745226278004701016e+05 -3.004627744440223905e+05 -3.025265233754182700e+05 -2.409605272364569246e+05 -2.352084140694934758e+05 -2.641395161021501990e+05 -2.320492901478427520e+05 -2.337566685106139048e+05 -2.675687504379310412e+05 -2.593718980962877977e+05 -2.852235239109723479e+05 -3.182434978918171255e+05 -3.514623827551256400e+05 -4.719766589521894930e+05 -7.013732557086029556e+05 -9.378762348758755252e+05 -9.969146012014262378e+05 -7.827824810548918322e+05 -3.906366901419814676e+05 -8.422205738257663324e+04 3.825289141910662875e+04 1.310767807287629694e+05 2.610212541674259119e+05 2.975144505151542835e+05 2.379168280184967443e+05 2.139469245541845448e+05 2.220374477823502384e+05 2.574116482015233487e+05 2.247024611709634773e+05 9.659452677238779142e+04 7.467687743483111262e+04 6.012627020652918145e+04 -5.724070795695297420e+04 -1.135499130864627659e+05 -1.025904738152166829e+05 -1.012963089108238928e+05 -6.960166621603956446e+04 -2.652557164488825947e+04 -2.054300439602276310e+04 4.948636576824355870e+04 1.816732911369777285e+05 2.583608080423427746e+05 2.910177811584370211e+05
-7.505080575344609097e+05 -1.102986800948856398e+06 -1.485425021499394905e+06 -1.809845926805864554e+06 -2.020351490961620584e+06 -2.082191603421815438e+06 -1.871345267035066383e+06 -1.544017531396821840e+06 -1.282100488254219294e+06 -9.867008222895669751e+05 -6.868000418925657868e+05 -5.094195139058865607e+05 -3.599568117427406833e+05 -2.138156991638238542e+05 -1.287695494754002430e+05 -3.135095595498569310e+04 9.271247731812763959e+04 1.804448409646279179e+05 2.384751054074144922e+05 3.907048719027079642e+05 6.464498736325171776e+05 9.272346989496145397e+05 1.054916361460929736e+06 8.211712061741864309e+05 4.609466612344828900e+05 2.243163969030142762e+05 7.467676133441226557e+04 -1.490560558624565601e+04 -3.765853150282031856e+04 -3.242152349324896932e+04 -1.680322203901596367e+03 6.502011657168669626e+04 1.336346620728729758e+05 1.990276356565298047e+05 2.579437393613622990e+05 3.443243989581239875e+05 4.761114788841222180e+05 5.855006289645108627e+05 6.845837869989913888e+05 7.835234025766818086e+05 7.964759119634993840e+05 7.995451806409994606e+05 8.326075665553775616e+05 7.847268368850935949e+05 7.000025729928184301e+05 6.480765052250337321e+05 5.954495567543199286e+05 5.488154590729377232e+05 5.201882197108268738e+05
-7.726105631486279890e+05 -5.929646807356039062e+05 -4.436297283176099882e+05 -3.254583736299539451e+05 -2.111631637800019234e+05 -1.834948415157850832e+05 -1.780563066684405785e+05 -1.737168181984452531e+05 -2.340737054240889847e+05 -2.615386039891745895e+05 -2.559309799585028086e+05 -2.544175177539001452e+05 -2.222147803677943302e+05 -1.939848162594715832e+05 -2.267166698124491377e+05 -1.891265352326445282e+05 -9.609904078068234958e+04 -9.816671851905988296e+04 -1.304498786618932500e+05 -7.040146579791326076e+04 -2.721865977102413308e+04 -5.023389966809190810e+04 -1.691536108497536043e+04 -1.177505370636918815e+04 -1.159060948062670650e+04 2.267058633326081326e+04 2.445634193543810397e+04 2.460274203855084488e+04 2.580919568426965270e+03 9.157123158802452963e+03 8.772257414530147798e+03 1.445837292354588863e+04 5.198936605069343932e+04 -4.090364672592608258e+03 -6.789776868535846006e+03 4.622998015722259879e+04 -5.485341432504530530e+03 -4.843489792256156215e+04 -1.327260631544067292e+04 2.079408720252098283e+04 1.606008620583219454e+03 -5.813056191254849546e+04 -1.186507747170977527e+05 -1.673726010613614053e+05 -5.236132423469078494e+05 -1.392635630777218379e+06 -1.782618019965595333e+06 -1.289163936177504249e+06 -5.937035141454320401e+05
1.018795283742365427e+06 9.042573009053012356e+05 7.884683831647271290e+05 6.417542297858744860e+05 3.754957601259229705e+05 -9.180774074629880488e+04 -6.673509747337079607e+05 -1.126953038921929896e+06 -1.272466755028582178e+06 -1.066705506680882070e+06 -6.839743197598725092e+05 -3.921122959186326480e+05 -3.021956725342897116e+05 -2.454115654627092881e+05 -1.904847120540215692e+05 -2.120950255810750241e+05 -2.663759680994554074e+05 -2.686358289286725922e+05 -2.136983883654465026e+05 -2.425478668895083829e+05 -3.170444167865202762e+05 -3.117131167842306313e+05 -2.800709745730279246e+05 -3.052815117908172542e+05 -3.358820698322959943e+05 -3.326015810319220182e+05 -3.615625396947145928e+05 -3.635643291176536586e+05 -2.985333376814378425e+05 -2.634290813608095050e+05 -2.950633487803861499e+05 -2.909775557857940439e+05 -2.254389188240761869e+05 -1.935406464018160477e+05 -1.676456928055272438e+05 -1.458331396477296948e+05 -1.385682122025173157e+05 -1.221983921586074866e+05 -1.177633187273745425e+05 -5.457806154561694711e+04 1.582149893918586895e+04 1.626936765504069626e+04 7.650285913783591241e+04 1.792824495217069052e+05 5.801117092161416076e+05 1.469290239483230514e+06 1.905721173378408654e+06 1.531460354960291646e+06 9.627906367031101836e+05
2.319780933536817320e+05 2.922188767296031583e+05 4.381529584864615463e+05 6.402764463069615886e+05 8.103035668563097715e+05 1.011348879275028361e+06 1.161700775417265948e+06 1.108434345509158913e+06 7.889326968387475936e+05 2.407671362941619009e+05 -3.044545373361329548e+05 -5.925792905443815980e+05 -6.767157121287889313e+05 -6.493079306848810520e+05 -5.369294672581597697e+05 -4.138898237457034411e+05 -3.232174129324269015e+05 -2.675140976544934092e+05 -2.128564407682278252e+05 -1.834182600671192049e+05 -1.118200621311552823e+05 -7.702295311726641376e+04 -7.401423910807364155e+04 1.843404261686350219e+04 4.727567609632364474e+04 2.257571574999007862e+04 8.305508496414421825e+04 1.410751455824359437e+05 1.196104852104327874e+05 1.270831530919531942e+05 1.559102148207602440e+05 1.617121938621861627e+05 1.403014655533486221e+05 1.145433897816109820e+05 1.416177995741600753e+05 1.644379416096489294e+05 1.432529406994580058e+05 1.016448047879386577e+05 1.367389240511689568e+05 2.000092265871347627e+05 1.814911073108670535e+05 1.523747627506966819e+05 1.523748524929393316e+05 1.646542338078146568e+05 1.726345215697077801e+05 2.138697259814938297e+05 2.523319317167628324e+05 2.069486809446245898e+05 1.208512108103572391e+05
2.040590889175650664e+05 3.212048876722112764e+05 4.371439066546736285e+05 5.512797316140494077e+05 6.622365007613552734e+05 7.464318797644226579e+05 8.091152563883222174e+05 8.424978428531908430e+05 7.845724389108368196e+05 6.435377148672703188e+05 4.189788917195983231e+05 1.049072784255263396e+05 -1.790142602450214326e+05 -3.524176502163754776e+05 -4.128551993914878694e+05 -4.344869681424463633e+05 -4.019858606602069340e+05 -2.601348693325416534e+05 -1.770893071976024075e+05 -1.764970062341307348e+05 -1.052044781605945027e+05 1.598388579906916129e+04 1.896799129142894526e+04 -4.874747968860960100e+03 5.254389277019083966e+04 5.713438066712120781e+04 5.923047546821192373e+04 5.796827377169404645e+04 3.660914779116853606e+04 7.341858815809257794e+04 7.227014463802339742e+04 4.853860357368842233e+04 5.635480322176613845e+04 3.041964100790215889e+04 2.770046142337389756e+04 4.959075420221779495e+04 5.757547908055142034e+04 7.525604447931994218e+04 8.024045863130595535e+04 8.336525377351767384e+04 9.406363582704227883e+04 1.236315994872712763e+05 1.231054007058261195e+05 1.055492732540006982e+05 1.433163508190774592e+05 1.550814505119338864e+05 1.634697774518283550e+05 2.371800466452245601e+05 3.304358996998011135e+05
8.883822647848858032e+05 7.773955206974644680e+05 6.366752766090212390e+05 4.938476658141005319e+05 4.044864979397971183e+05 3.737181170430266648e+05 3.784387199301271467e+05 4.112264957185838139e+05 4.961387359444053727e+05 5.556921557313760277e+05 5.608189151465196628e+05 5.344842688250360079e+05 4.242719720723105129e+05 2.812358587974449620e+05 1.078199490497354418e+05 -8.427860997151606716e+04 -2.227255498204613104e+05 -3.670251765416467097e+05 -3.987557546328750905e+05 -3.410316739242989570e+05 -3.561851201823438751e+05 -2.937993803736749105e+05 -2.055948975635695970e+05 -2.298289458715587389e+05 -2.310531190520848613e+05 -1.409373962396059069e+05 -8.191362026147538563e+04 -1.128884171554820496e+05 -1.346203636482823640e+05 -9.828555993095491431e+04 -4.249294644512713421e+04 -3.774072379048474249e+04 -8.824971216265132534e+04 -8.556619064242125023e+04 -3.075082081020799524e+04 -3.870583189709563158e+04 -6.032708795857607765e+04 -4.304830748878893064e+04 -9.527770904824254103e+03 -7.291722936206475424e+03 -2.639556552923750860e+04 2.260441982652795559e+03 3.040806013508691831e+04 4.190893673570839746e+04 4.993897850683432625e+04 6.177062720758824435e+04 6.966966321226218133e+04 1.132555496442353469e+05 2.061397123098117299e+05
1.522902626974972372e+05 1.549363007454667531e+05 1.279684111429378099e+05 1.269768777163698978e+05 1.790950709499884397e+05 1.765028710325714201e+05 1.808599868306191056e+05 2.131235114851734834e+05 2.407524574646959663e+05 2.996032982796895085e+05 3.042576939717401983e+05 2.498277717136080610e+05 2.537335907621307997e+05 2.815610896958968369e+05 1.946155313134657918e+05 6.062797858670819551e+04 -2.012123410706408322e+04 -7.804598034650553018e+04 -1.377703300974097801e+05 -1.653010227833873359e+05 -2.084358070959564066e+05 -2.602547765703639016e+05 -2.013421067653693026e+05 -1.686339471413518768e+05 -1.699529363278995734e+05 -1.375796242943033576e+05 -1.360876947391079157e+05 -1.102771626575852279e+05 -7.472586052026599646e+04 -3.815771602676235489e+04 -1.164344895689282566e+04 -6.899870279012218816e+03 2.942097592575012823e+04 3.225680474948615301e+04 2.948186533816633164e+04 7.942316672124416800e+04 5.821180537692247890e+04 4.722055523830943275e+04 1.096819960017454578e+05 1.411107564717527712e+05 1.225984076457098126e+05 9.318732591636973666e+04 9.211662379966548178e+04 1.036770391149913194e+05 1.414543735061306506e+05 1.540212935348969186e+05 1.035833911382359220e+05 5.903398542490333784e+04 3.449050621304102242e+04
1.539207074115986470e+05 1.568288466916419566e+05 1.862132047116756439e+05 1.855439024383667856e+05 1.538296859274851158e+05 1.794007617671743501e+05 2.117557172768281307e+05 2.439737316221003421e+05 2.717655053402995691e+05 2.745177564024925232e+05 2.790770706062908284e+05 3.092750030406746082e+05 2.579384280124213547e+05 1.186384442984126508e+05 5.555992400040850043e+03 -1.821851252979836427e+05 -3.452235490706521086e+05 -3.739909000135958195e+05 -3.768984646373428404e+05 -4.038533817016286775e+05 -3.621931310114443768e+05 -2.457275066850699950e+05 -2.158329991588839330e+05 -2.113387804885862861e+05 -1.567801815731215756e+05 -1.246753755025565624e+05 -9.473904388141795062e+04 -9.812900204386119731e+04 -1.191917663288768381e+05 -1.106842950789723545e+05 -1.135373325750695076e+05 -8.111135569401085377e+04 -7.394559513719310053e+04 -1.282749246672026347e+05 -1.600185497268103063e+05 -1.405301593447803752e+05 -1.624592547630890040e+05 -2.023599865898726275e+05 -1.995866715931333601e+05 -2.568298466363914777e+05 -2.769981922162697883e+05 -2.798687127762243617e+05 -3.408825287251956761e+05 -3.319292417593536084e+05 -3.254798439762092894e+05 -3.432800499995928258e+05 -3.378609169903217698e+05 -3.835369811096444027e+05 -4.657516211474938318e+05
-6.340526248619426042e+04 -6.054719171661417931e+04 -3.160002965480077546e+04 2.268573025765374769e+04 4.624285876692738384e+04 9.885186074941884726e+04 2.134770053869577823e+05 2.728924104111504275e+05 3.558086975465995492e+05 4.692063329770461423e+05 5.566275820846206043e+05 6.974902801442660857e+05 8.406426738575098570e+05 1.007192279488081113e+06 1.172166665223193821e+06 1.318223408841878176e+06 1.405829481608234812e+06 1.267069411680568010e+06 9.880460187915014103e+05 6.304098140494897962e+05 1.199816917721200734e+05 -5.099308730376660824e+05 -1.142748398432742804e+06 -1.552416825398685411e+06 -1.692782668897998054e+06 -1.690653127470867708e+06 -1.553332988063337747e+06 -1.394880035149983829e+06 -1.309206118640722241e+06 -1.193871293147093849e+06 -1.007054607511381619e+06 -7.564422078739153221e+05 -4.732452115364164929e+05 -3.055932567582931370e+05 -2.261597732035442023e+05 -1.236381449928740039e+05 -8.951974645548034459e+04 -7.248845453956187703e+04 -1.309018130123149604e+04 -1.296576382883358747e+04 -3.680896919103804976e+03 2.305761229596100748e+04 -3.647828663932159543e+04 -8.345186794525943696e+04 -7.558586313680303283e+04 -1.206209499237588607e+05 -2.293956468586120754e+05 -3.031905413570338860e+05 -3.270716045645484701e+05
4.346418065560280811e+05 5.468155564781045541e+05 6.027715955802703975e+05 5.744997311983023537e+05 5.159825261658988893e+05 4.314282727433600230e+05 3.807637355773476884e+05 3.849783587717686314e+05 3.305478927463993896e+05 2.240359169390285388e+05 2.006669721123764757e+05 2.029210435302229598e+05 1.528276893286963459e+05 1.529554422158978414e+05 1.514548539143288508e+05 1.309174609842016362e+05 1.622899534238968045e+05 2.167423564777709544e+05 2.968307323876069859e+05 3.263144308084156364e+05 6.643887436832394451e+04 -9.182963880751077086e+05 -2.156435059271174483e+06 -2.185171886431636754e+06 -1.174210697927625850e+06 -3.468799804919409798e+05 6.807899475272331620e+04 2.580202846089382074e+05 4.326903350657077972e+05 5.547974405530837830e+05 4.704433232510929811e+05 2.812860394822196686e+05 9.429046449251548620e+04 -1.486007033265184145e+04 -1.021024826908252435e+05 -1.673872201720951125e+05 -1.613503853918517707e+05 -1.446080019051444833e+05 -1.422319292119937018e+05 -1.144873071636535751e+05 -7.764443524240060651e+04 -7.986154549464125012e+04 -2.590546104416709568e+04 4.100910225824930239e+04 4.967409122444230161e+04 9.185840182879447821e+04 1.855209002073396114e+05 2.571841199393373681e+05 2.926348167541387957e+05
-2.329252524825278670e+04 -7.445484882162418216e+04 -1.273195053148082807e+05 -1.285977601149352267e+05 -1.058233687531901523e+05 -1.090136271395022050e+05 -1.058901988330762542e+05 -1.024751162686152966e+05 -1.300403068412561115e+05 -1.281337411288404546e+05 -7.127399552962739835e+04 -9.725874209019815316e+04 -1.207915106572908990e+05 -9.475923435820732266e+04 -1.247476592374732136e+05 -9.225244888977607479e+04 -3.537602031079586595e+04 -3.706732732942327857e+04 1.397665863740257919e+04 1.789177307381759747e+05 6.865978145902026445e+05 2.010859750548264710e+06 3.611130421150598675e+06 3.843215418069157749e+06 2.638987131409226917e+06 1.382588247595123015e+06 5.624777364847240970e+05 -9.953796174726448953e+04 -6.959202816884489730e+05 -1.098329145018360578e+06 -1.294827183638117276e+06 -1.347720771972093731e+06 -1.260447175299636554e+06 -1.068169293553801719e+06 -8.531129175785453990e+05 -6.433834168099570088e+05 -4.449669691338194534e+05 -2.903032962372531183e+05 -1.774998287530615926e+05 -6.729917674616398290e+04 -2.915001436485908926e+03 -3.298766148800449446e+04 -8.011195859289728105e+03 5.756709475128399208e+04 -1.798906212032260373e+04 -1.167470717360260896e+05 -2.234840003348665778e+05 -4.082224050583287608e+05 -5.992237639054562896e+05
1.412815342558315024e+05 1.978933260106714442e+05 2.528374105232068687e+05 2.517203971126581891e+05 2.209581965347751975e+05 2.718876148253910942e+05 3.291882314288520720e+05 3.063707782601705985e+05 2.799360350531060249e+05 3.097052885603625327e+05 3.670517238305187784e+05 3.694052227126669604e+05 3.475089490384561941e+05 3.480261997686463874e+05 3.470087163377318066e+05 3.806990907626464032e+05 3.577096104668453336e+05 2.768075329723069444e+05 2.748773317300947383e+05 2.770780787029070780e+05 2.647691206011222675e+05 2.428902916790680028e+05 1.911846637038984336e+05 1.423845032992539927e+05 3.314532910299021751e+04 -2.066448678373121656e+05 -6.396958125598034821e+05 -9.996075125283114612e+05 -9.139362217672173865e+05 -5.254566537152265664e+05 -1.761281363584573846e+05 1.820324941072636284e+04 1.350608510471652262e+05 1.926956395374143030e+05 1.357463708939028438e+05 1.001147870323616080e+05 1.072204089624574408e+05 4.238747703144373372e+04 -6.562077356444206089e+04 -3.444394540140628815e+05 -1.004875692969659343e+06 -1.736554734148667660e+06 -1.665562916445774026e+06 -8.559302710986206075e+05 -2.371057159273205325e+05 5.603236323804571293e+04 2.883783852309003123e+05 4.441071363689823775e+05 5.371956795651839348e+05
1.478305372974136844e+05 -8.356904937536477519e+03 -8.682787280296903918e+04 -8.830121445411349123e+04 -9.254601530497893691e+04 -4.294346175272951950e+04 -4.033398483647030662e+04 -6.361038679548070650e+04 -3.729304391948971897e+04 -3.531108120398130268e+04 -6.553039771970332367e+03 -5.377474407432513544e+03 -1.360142337507568300e+03 2.464677450130693614e+04 2.243228642735630274e+04 5.424705594487032795e+04 5.659304864180750155e+04 5.533341942413242214e+04 1.326003116928040399e+05 1.605208696686894982e+05 1.472238744469357189e+05 2.051575899322053010e+05 2.876456879486801336e+05 4.008985900098918355e+05 6.171225165057699196e+05 1.002876515947862878e+06 1.551442385324045084e+06 1.986818958328807494e+06 2.000375936654162593e+06 1.526815434626185335e+06 6.019771413557482883e+05 -1.000802745976845734e+06 -2.934451590232791379e+06 -3.626173579508322291e+06 -2.550222726112692617e+06 -1.202169570954867406e+06 -5.162228388944630278e+05 -1.716920404817214003e+05 5.015673467132693622e+04 3.264799677301189513e+05 1.059672694493790157e+06 1.898157117779483786e+06 1.793363855823985767e+06 9.472731227014421020e+05 4.023289990285425447e+05 2.505766577448220924e+05 1.745347131614107639e+05 1.609490572492345236e+05 1.969922670029317960e+05
3.083735152176812990e+05 2.584150527737801895e+05 2.067116494209039374e+05 1.790116529812803201e+05 1.750454003829509020e+05 1.718961072165984660e+05 1.748234033014158776e+05 2.049155660689577926e+05 2.053503380616895738e+05 1.815663469582796097e+05 1.842209480854218127e+05 1.861158138845349895e+05 1.909147778741316870e+05 1.911749086296184687e+05 2.164117943128802581e+05 2.221566023345806170e+05 1.987154909770472441e+05 1.982400329620577395e+05 1.425688418751815334e+05 3.754557041043881327e+04 -8.256208060542074963e+04 -2.931404471688440535e+05 -5.074363703269056277e+05 -6.663249439763597911e+05 -7.786151487502499949e+05 -7.249894451710862340e+05 -5.386589119391276035e+05 -3.313587519683648134e+05 -1.107122310705021955e+05 1.690902243624447729e+05 7.088089767884211615e+05 1.885525663164454279e+06 3.372119113736563362e+06 3.605866057287204079e+06 2.115697138879909180e+06 4.213180516561288387e+05 -5.542160261748367921e+05 -9.485926798783494160e+05 -1.031864125853752717e+06 -1.064891438775809016e+06 -1.061145174618579447e+06 -9.861075569660188630e+05 -9.398642575263488106e+05 -9.364656079333527014e+05 -9.612983219500179403e+05 -1.036545731287912349e+06 -1.120490693018075312e+06 -1.168236939528720919e+06 -1.191913323771418072e+06
-2.655522691609826870e+04 -2.407636621210246813e+04 -4.958273186930466909e+04 -5.148891478893347085e+04 -3.803335141274146736e+03 -7.720000849221833050e+03 -3.189442009723279625e+04 -2.916960099071729928e+04 -2.954346877639181912e+04 -2.792598087282385677e+04 -2.663030368275940418e+04 3.726243018172681332e+02 3.043390216887928545e+04 2.968302763358224183e+04 2.728069080389104784e+04 3.159364442923106253e+04 8.618485271988902241e+04 1.640598355710970936e+05 1.875063061801483855e+05 2.950898402702294989e+05 5.215414084924840135e+05 7.130580567085416988e+05 9.566195766459003789e+05 1.204674541187122697e+06 1.287720259489141870e+06 1.269673188205342041e+06 1.142350398339330684e+06 9.804675159649942070e+05 8.835799799329834059e+05 8.166364017326850444e+05 8.159891398582831025e+05 8.765217991889230907e+05 9.410077372490242124e+05 1.000979873104951344e+06 1.083595045300316997e+06 1.078823827179730870e+06 -4.905736004060972482e+04 -5.108287042700112797e+06 -8.793856452348407358e+06 -4.756644290108803660e+06 -5.283177427557497285e+05 3.903073348163114861e+04 1.726750791230001487e+05 3.203749457973768003e+05 4.973078999726569746e+05 6.818681099126096815e+05 8.879942180035894271e+05 1.017634815280904993e+06 1.057516393288366962e+06
1.251578861090843566e+04 -3.610422205354552716e+04 -6.074795422551676165e+04 -6.195123747631441802e+04 -9.129332530312240124e+04 -9.471391577681060880e+04 -4.128175846592057496e+04 -3.818227791751269251e+04 -8.917723834631039063e+04 -8.709396160324104130e+04 -3.455140378500794759e+04 -3.357199876161757857e+04 -5.500373333867167821e+04 -5.532714593515265733e+04 -3.151775169535540044e+04 -1.831507955212146044e+03 -2.650206091755535454e+04 -5.419118461140897125e+04 -3.167128838249482214e+04 -5.134341866942122579e+03 -4.549370129883737536e+04 -1.218372958025430271e+05 -2.538447651296160184e+05 -5.142595614772280678e+05 -8.085844349343100330e+05 -9.685688245634078048e+05 -8.682459778699550079e+05 -5.904539447568834294e+05 -3.776197309995770920e+05 -2.648388325527776033e+05 -1.393436730257233139e+05 -8.564597570570185781e+04 -1.073417527321730740e+05 -8.032164740550750867e+04 -3.072381203877739608e+04 3.989452005131123587e+04 1.183720086558609735e+06 6.199440307510678656e+06 9.702019482988396659e+06 5.474471870948312804e+06 1.048463798906883225e+06 2.618294312350936234e+05 -6.670163658040016890e+04 -5.757055144873503596e+05 -4.640176949691933580e+06 -1.014347506150600500e+07 -8.960723533391710371e+06 -4.641671377240574919e+06 -1.946342533361664042e+06
-2.081988093093968346e+05 -2.060187703301198781e+05 -2.056931373564293026e+05 -2.077388881600926979e+05 -1.867993542458862066e+05 -1.403065451409202069e+05 -1.648813076742225094e+05 -1.883623134263326647e+05 -1.635420332098146901e+05 -1.625905718549619196e+05 -1.373106891661884729e+05 -1.632554929197065067e+05 -1.600668789650080726e+05 -1.103423120395746082e+05 -1.392785741057014093e+05 -1.369141413626493886e+05 -8.567716887104348280e+04 -8.873236374172824435e+04 -9.317504237696994096e+04 -4.190257591370027512e+04 2.080914444755739532e+04 1.265265524369897321e+05 2.564876722946069203e+05 5.222900245344489813e+05 8.890933809941638028e+05 1.080244139561545569e+06 1.008231142427538522e+06 7.699977041583056562e+05 5.955217552551765693e+05 5.030529388762075687e+05 4.479299195273778168e+05 4.793296089814987499e+05 4.881953350594288204e+05 4.660385800275248475e+05 4.927091974229549523e+05 4.592187017254764214e+05 4.143083594931522384e+05 3.796672917547412217e+05 2.482575588487088680e+05 8.529025583527982235e+04 -1.767872953577917069e+05 -6.412057869700933807e+05 -1.273974043802587781e+06 -1.818598206345928367e+06 1.156880596401144750e+06 5.792068356996153481e+06 3.988992674180750269e+06 -8.484673511015418917e+05 -3.981084571819491684e+06
-2.472761178103974089e+05 -1.442902655020589009e+05 -6.808949367026798427e+04 -6.940289695106918225e+04 -7.299129318562336266e+04 -7.669146426371298730e+04 -1.004206134349805652e+05 -4.733722161268803757e+04 -4.694804701255628606e+04 -9.551909474423152278e+04 -7.009805233275983483e+04 -6.963748225942254066e+04 -6.542081836611029576e+04 -4.043241383507846331e+04 -9.335712221334685455e+04 -1.159435736283194274e+05 -6.508652575197638362e+04 -6.755551135342099587e+04 -9.666451718425373838e+04 -9.661096566589546273e+04 -1.119600144791182101e+05 -1.112365487264468102e+05 -1.133751360420139390e+05 -1.374737394921248197e+05 -1.155853768577798619e+05 -1.405151286965698819e+05 -1.668192888790507568e+05 -1.235950123763179872e+05 -1.455615229287646944e+05 -1.890765325661050156e+05 -1.703022755571873859e+05 -1.969367996271474985e+05 -1.929440963588432642e+05 -1.409585468180011958e+05 -1.984865954774436541e+05 -2.100920011824930552e+05 -1.538439328531967476e+05 -1.394458155432951171e+05 -6.039731514931214042e+04 4.248580628889612854e+04 1.846246496262042783e+05 5.336395487224207027e+05 1.073941372281985125e+06 1.740138786259346176e+06 2.358916592560710385e+06 2.662077165070215240e+06 2.630753277568731923e+06 2.520715973094332032e+06 2.456540051369182765e+06
-1.354774848726810887e+05 -3.354949980683159083e+04 1.708591972303111106e+04 -8.774214695440605283e+03 1.307045907597057521e+04 3.467068667639954947e+04 -1.351877435110509396e+04 -1.051079022989142686e+04 1.545678128604777157e+04 1.782053043891210109e+04 1.818348088942002505e+04 -5.878982294234447181e+03 -2.605588522914331406e+04 -5.773455079179257154e+02 -2.070160029688850045e+03 -2.407006764668039978e+04 -2.373625973705202341e+04 -2.570407211896963418e+04 -3.215369253302924335e+03 -2.755962374270893633e+04 -6.765226136718387716e+04 -4.142195289838116150e+04 -6.864934921497490723e+04 -1.175069596356479451e+05 -1.465479921450605616e+05 -1.711826335266232491e+05 -1.975092018913710490e+05 -2.578603065037172637e+05 -2.544465910451254458e+05 -2.206512348598333774e+05 -2.544225553557041567e+05 -2.556094498775202665e+05 -2.268007440568189486e+05 -2.798021758906539762e+05 -2.849372572870922158e+05 -2.716256976377914543e+05 -3.217106577986850752e+05 -3.092878790048422525e+05 -3.131950574141226243e+05 -3.468533234973428771e+05 -3.432492622215072624e+05 -4.031671320513128303e+05 -5.187433990678968839e+05 -6.242721992381862365e+05 -7.832500693993647583e+05 -1.072378227971491404e+06 -1.536923836540086195e+06 -1.993152676475575194e+06 -2.342089081106783822e+06
4.264577098132600076e+04 -4.944357803906314075e+03 -5.403893019945814740e+04 -5.523360463732387871e+04 -8.865225351764820516e+03 -1.249597086105495691e+04 -6.095435112772975117e+04 -5.834880693990259897e+04 -7.904661347856745124e+03 -3.087658430275041610e+04 -5.592155938793439418e+04 -5.591074703261372633e+03 -2.612286601157387486e+04 -5.098080728552298388e+04 -2.837246349663473666e+03 -2.208965475438162684e+02 -2.527065657312050462e+04 -2.413685896899551153e+03 1.979163208801764995e+04 2.064242984284646809e+04 3.094353169028187403e+04 5.734432016033679247e+04 8.121332938724686392e+04 8.374237017240375280e+04 1.322439234890046064e+05 1.855218294594668550e+05 2.125566856813385384e+05 2.316031223913891008e+05 2.124085696740074782e+05 2.238545074994910974e+05 2.448707686859413516e+05 2.213046742469305173e+05 2.020040045958019327e+05 2.305695538787401747e+05 2.291993385000387207e+05 1.948187712189974263e+05 2.010883457027375698e+05 2.176970965042712633e+05 2.182473278819813859e+05 1.625200854439749382e+05 9.133908031973987818e+04 6.226662090106448159e+04 -7.544722343212878332e+04 -3.626966840436239727e+05 -8.378270370169763919e+05 -2.275386455122491345e+06 -6.129291786034625024e+06 -1.076638201209826767e+07 -1.457176161462302878e+07
6.019381625810638070e+04 1.226889578625559807e+04 1.163805603806395084e+04 3.375611828931141645e+04 2.953523871954530478e+04 2.470030562195461243e+04 -7.894463953562080860e+01 2.581220758496783674e+04 5.013767984521109611e+04 2.652841270901262760e+04 4.956391911720857024e+04 2.429316680936608464e+04 3.383867028751410544e+03 5.222422709804959595e+04 4.972593379730824381e+04 1.667686364962952211e+03 4.684196785090025514e+02 4.698998422711144667e+04 1.862773686065326910e+04 -6.080370810232125223e+03 5.274364941229554825e+04 2.757398713845724706e+04 -3.987729607615619898e+01 2.620282970252446830e+04 2.270686852687492501e+04 4.883581900736305397e+04 7.392188032099511474e+04 6.577456810802698601e+04 7.050067427800956648e+04 8.035556986811559182e+04 9.969538845471094828e+04 1.259015450347217266e+05 1.311638702178611420e+05 1.587361848773433594e+05 1.825305251637471374e+05 1.734973332704976201e+05 1.792015261756022810e+05 2.213702261261646054e+05 2.476822143117896630e+05 2.447108701651443553e+05 2.531359025521674484e+05 2.781315338733842364e+05 3.279117295838650898e+05 3.360567248560258886e+05 2.665868409496042877e+05 -2.786788736877489719e+05 -1.052065277417427395e+06 -1.124352925321436953e+06 -7.177169666444903705e+05
-5.382775478356028907e+04 -5.244772932666819543e+04 -2.802472200535691809e+04 1.945924919506069273e+04 4.082118033315055072e+04 1.276449519791640341e+04 -3.527994852222036570e+04 -3.308874440379440784e+04 1.647658497386146337e+04 1.824436130409594625e+04 -3.166802934603777248e+04 -3.167138372024067212e+04 2.168338601477444172e+04 -2.418047066894359887e+03 -5.317618097120430321e+04 -2.704117080604191869e+04 -3.544038014370016754e+03 -3.104922545957379043e+04 -5.838096564519219100e+04 -3.310010580520611256e+04 -2.480811293178691994e+04 -4.984086248266976327e+04 -2.796972034382633865e+04 -2.707212500390585046e+04 -5.536953069968149066e+04 -3.020382059621636290e+04 -3.114775123947777320e+04 -6.513322745391645003e+04 -6.147740957734640688e+04 -2.719567217107384931e+04 -9.287159519735723734e+03 -3.560735817474802025e+04 -5.748586380213982193e+04 -5.725293753377624671e+04 -8.647355907713071792e+04 -1.489903799525926006e+05 -1.978317333635641262e+05 -3.669488274108159239e+05 -7.611846156232045032e+05 -1.553419458632702474e+06 -3.308738907684471924e+06 -5.960350083864174783e+06 -7.629809136674718931e+06 -6.501472159982657991e+06 -3.241781389044504613e+06 1.523432934528097510e+06 8.397002699799537659e+06 1.457797305257517658e+07 1.890840521520438790e+07
-6.986545740917779040e+04 -2.027224591642152518e+04 2.818887398170772940e+04 2.726834442757535726e+04 4.412620473885908723e+02 2.106704852951224893e+04 2.171152841940056533e+04 -1.936618168838322163e+02 9.014953713631257415e+02 2.783376744482666254e+03 1.538527421071194112e+03 -2.273121531528886408e+04 -1.808036360540427268e+04 6.848933119326829910e+03 -1.912229411071166396e+04 -1.750552892859559506e+04 -1.874996146361809224e+04 -4.615202302346006036e+04 5.276486091315746307e+02 1.395069720456376672e+03 -3.962296697602130007e+04 -1.542792499531048816e+04 -1.850977143272757530e+04 -4.230405326175969094e+04 -2.079550086578808259e+04 4.090733039774931967e+03 -2.165277663560118526e+04 -5.546732437564071734e+04 -5.189564050757337827e+04 -6.805363536812376697e+04 -1.008993025711970404e+05 -1.281516271777222864e+05 -2.016057992586871260e+05 -3.293014513968951651e+05 -5.384778003871911205e+05 -8.084208143857531250e+05 -1.247032785967458971e+06 -2.015340186723628081e+06 -3.016021203827691264e+06 -3.671575624709939118e+06 -2.690535609550420195e+06 4.528946256317263469e+05 3.659683704274347518e+06 4.377971218050228432e+06 3.140043440845923498e+06 1.840597735574114602e+06 1.016104711302322219e+06 5.881286830303728348e+05 3.660451617336259224e+05
1.129663249751320109e+05 1.765654106682632118e+04 -5.476308440731366863e+04 -3.209700850362423807e+04 -1.105889419908635318e+04 -1.512709485250530997e+04 3.274594970920588821e+04 3.435117865505162627e+04 1.104086473409557948e+04 6.052615828870330006e+04 1.066777798748808564e+05 8.222606727620598394e+04 1.109637896477942704e+05 1.600786099833202898e+05 1.587732671742560342e+05 1.604176123131766217e+05 1.837114372808719054e+05 2.055086131120332284e+05 1.800309440115232719e+05 1.576476659718899755e+05 1.902830707124664914e+05 2.151547903148459736e+05 1.886450916877950076e+05 1.906523173191812821e+05 2.135046394728126470e+05 1.653456808923510835e+05 1.161076231469635386e+05 1.330432269460291136e+05 1.128212788031667005e+05 4.837254543555900455e+04 -8.400444105500355363e+03 -1.603747108537950553e+05 -5.097895835951210465e+05 -1.167140269598455867e+06 -2.416137862156031653e+06 -4.015995996264386456e+06 -4.657501715401883237e+06 -3.544687950745581184e+06 -1.260005025092983618e+06 1.258850946410672739e+06 3.026666945500193629e+06 3.414163021874272265e+06 2.767371287125853822e+06 1.887709677930688486e+06 1.208216034956863150e+06 7.625574825226773974e+05 4.846320836542870966e+05 3.185693786921912688e+05 2.022997778747170232e+05
1.696676257619400276e+05 1.698102527909213968e+05 1.212262064998503774e+05 7.205356587248387223e+04 1.168927759979851544e+05 1.127408257144270610e+05 6.468437253846784006e+04 9.003057510068186093e+04 1.147163946466753841e+05 9.212629720917899976e+04 4.191360669967252761e+04 6.522179594903707039e+04 9.353527554951136699e+04 4.618896661326289177e+04 6.851465570274740458e+04 9.344034568581264466e+04 4.340520051831851015e+04 3.998120300995651633e+04 3.800149257411248982e+04 1.484416630875784904e+04 4.578623377834446728e+04 4.481071926420554519e+04 -7.454142321366816759e+03 -3.169635916245169938e+04 -3.510883009352255613e+04 -6.070612108916975558e+04 -1.367054298153381096e+05 -2.208946784603180713e+05 -2.688023628166409908e+05 -3.614988860843006405e+05 -5.464493465970729012e+05 -7.028479119960700627e+05 -7.562428557674896438e+05 -5.610284599562879885e+05 1.869059690588644007e+05 1.339053154503923608e+06 1.984835806426708121e+06 1.656995265198641689e+06 1.005030178633752279e+06 5.471918244764660485e+05 3.012432437326058280e+05 1.718030379369170405e+05 6.384683583281002939e+04 1.552460869308561087e+04 -4.143282716976944357e+03 -6.874957588792312890e+04 -1.443884556548446417e+05 -2.089970916247679852e+05 -2.738648762908959761e+05
1.528664647712138249e+05 2.002836028701858886e+05 2.468144727020988939e+05 2.692583538731559529e+05 2.666768746904563159e+05 2.628347463469253853e+05 2.389472604985348298e+05 2.169246177055176813e+05 2.659024446946568787e+05 2.916177461639742833e+05 2.182483416760805994e+05 2.182564041303703561e+05 2.473047725827200338e+05 2.251766189845511690e+05 2.244243252451994922e+05 2.021479310246652458e+05 2.011751959094544873e+05 1.744849193812115118e+05 1.016901283076731488e+05 1.038408252596855164e+05 6.218829398741992190e+04 -5.950413111073453911e+04 -1.847707654192347545e+05 -3.802449544030234683e+05 -5.803266888926737010e+05 -7.805872098874525400e+05 -9.590214615786678623e+05 -9.502101204491936369e+05 -8.067214395065093413e+05 -6.565719187573989620e+05 -5.215907670801971108e+05 -4.299497918714772677e+05 -3.322196964529594406e+05 -2.101778648461916018e+05 -9.016186552122235298e+04 9.909712577180424705e+04 3.290328093909197487e+05 4.942070677550518885e+05 5.694095916853982490e+05 5.922900587250462268e+05 5.000925270951120183e+05 2.960847681039027520e+05 1.639602227474092797e+05 6.437984878255464719e+04 -1.100494403560872015e+05 -2.271745145134621707e+05 -3.045479240280120866e+05 -4.220716947718734737e+05 -5.393374853086341172e+05
-1.150295717525303189e+03 -1.734366238233633339e+03 -2.673858155088962667e+04 -7.553637018660083413e+04 -7.836392496246844530e+04 -5.920103379350619798e+04 -8.405528677743856679e+04 -8.351131494040603866e+04 -5.974464271392207593e+04 -8.318567529611755162e+04 -8.699271244404371828e+04 -4.146715972281532595e+04 -3.813915391510812333e+04 -8.596649676561349770e+04 -6.501949950761627406e+04 -1.803099034994380781e+04 -4.542609588708716910e+04 -2.633393589989276370e+04 4.326451263856136939e+04 6.792172710527660092e+04 9.718833738937950693e+04 1.681923221965554403e+05 3.101979616848989972e+05 5.058607838407618692e+05 7.005249215895312373e+05 8.988955515658007935e+05 1.000439055432798108e+06 9.735841859562804457e+05 8.357794946280773729e+05 6.041945062379811425e+05 3.789169369870796800e+05 1.563538431975748390e+05 -2.125099938909984194e+05 -1.134223075776241021e+06 -2.892473301542926114e+06 -4.727428379817860201e+06 -4.562635670832236297e+06 -1.976215379751523957e+06 4.958848984003970399e+05 1.453710224413658027e+06 1.497210558547524270e+06 1.227270500844464172e+06 1.027956905296884244e+06 8.854285643232299481e+05 7.452259724045887124e+05 7.139915651036406634e+05 7.235718563047716161e+05 7.433999299921537749e+05 7.871126477990614949e+05
-1.966382052883272991e+05 -1.509927855856949463e+05 -1.530689059867290780e+05 -1.785048810229636729e+05 -1.581114156142575666e+05 -1.867929578112671152e+05 -2.361098569940075977e+05 -2.131617095903493464e+05 -1.668374878243778367e+05 -1.440527387068141252e+05 -1.729356637148887385e+05 -1.525619087793165818e+05 -1.030267844325860497e+05 -1.040231994405619334e+05 -6.033947364951018244e+04 -3.849362218345073052e+04 -6.689453214406967163e+04 -4.914743010769598186e+04 -2.831829213595483452e+04 -2.872246974904555827e+04 -1.666022934369044378e+03 1.914629135630093515e+04 -1.046228373423218727e+04 1.209007797588128597e+04 5.642449123435630463e+04 5.285604593809926882e+03 2.114379268023185432e+03 6.516341911396034993e+04 6.726812141132564284e+04 7.530660309595987201e+04 9.166195914964191616e+04 1.131874778203207534e+05 1.647309651999969501e+05 2.907336677314010449e+05 2.643183188734103460e+05 -1.447814491228186525e+05 -1.675157235446374398e+05 2.934803230979021173e+05 4.407848681166070746e+05 3.608476205990873277e+05 3.687135679804496467e+05 4.446472102293050848e+05 4.414944214920966770e+05 4.472859431273549562e+05 5.080818624788670568e+05 4.997283204219989711e+05 5.069162001018422889e+05 4.991163887514258968e+05 4.387589349935203791e+05
1.132293967390431790e+05 1.115351164061574964e+05 1.092245105584152043e+05 1.307935935625573620e+05 1.749076193652581424e+05 1.937475840118713677e+05 2.157538553577614948e+05 2.396748895489145652e+05 2.165618321549847024e+05 1.935688696691067016e+05 1.897936388314702490e+05 1.881369717197959253e+05 1.685172174125909223e+05 1.457648015813901438e+05 1.674967485870001256e+05 1.435619365080492571e+05 9.308447607094430714e+04 8.847675922617778997e+04 8.735716114053502679e+04 8.869725203607231379e+04 4.471021192672208417e+04 1.866396577388525475e+04 1.388322872109716991e+04 -3.534468081139487913e+04 -8.708336430659994949e+04 -1.627830818976505834e+05 -3.614529277139814221e+05 -7.632869076676447876e+05 -1.524250500180639327e+06 -3.047401964921740815e+06 -4.947042014428292401e+06 -5.461482368751317263e+06 -3.535597150838606991e+06 -2.013379911898020655e+05 3.598609012984677218e+06 7.065815598272010684e+06 7.679140156474306248e+06 4.968245103972740471e+06 2.137475266375698615e+06 8.362786520295753144e+05 2.913431054283850826e+05 1.137116657279059291e+04 -1.224695119127864018e+05 -2.245634769951002672e+05 -3.494621193927009590e+05 -4.684116022440125234e+05 -5.477062650676830672e+05 -6.136854135896991938e+05 -6.781167584587689489e+05
2.235098844149614451e+05 2.216097670455930056e+05 1.962531690340257483e+05 1.487110599549486069e+05 1.238483800215180963e+05 1.203604139725213172e+05 9.603908259130548686e+04 4.996210240817186423e+04 4.063594228937523440e+03 -1.869244967238046229e+04 -2.284686534490901977e+04 -7.202347197046037763e+04 -1.389931478869401617e+05 -1.855811014800564153e+05 -2.594416050927246688e+05 -3.560235582862518495e+05 -4.562141428975156741e+05 -6.063551238452780526e+05 -8.242994363018075237e+05 -1.113510145550826099e+06 -1.476184454900209792e+06 -1.870980589281534776e+06 -2.296085669054886326e+06 -2.698503423824439291e+06 -2.962935019913128577e+06 -2.869695809055701829e+06 -2.391271108048384078e+06 -1.623726672788036987e+06 -3.010850648686792701e+05 1.848870795457044616e+06 4.400453669129049405e+06 5.633033991322163492e+06 4.595329380580245517e+06 2.733298802269858308e+06 1.441663197961749742e+06 8.230644698056862690e+05 5.582454852334917523e+05 4.472409397218152881e+05 4.192598778841783060e+05 4.143350067350536119e+05 4.220344295143159106e+05 4.220391386625133455e+05 4.186524457979239523e+05 3.714590024395145010e+05 2.004824363294770010e+05 -3.750684085348611698e+05 -2.200709990225166082e+06 -4.584346783925982192e+06 -6.607895636305814609e+06
2.811402769078267738e+05 1.850403462379472330e+05 1.593063855770742521e+05 1.819728665432194248e+05 1.337841450312407687e+05 1.068253329466095893e+05 1.291017933585681021e+05 1.296904582227582578e+05 1.072955497435759753e+05 8.452672639687079936e+04 1.037650550628316123e+05 7.819510833767708391e+04 3.522101583017501980e+04 8.375185732962563634e+04 8.169360240630339831e+04 3.382471624761819839e+04 3.007681118149752729e+04 2.461910915386397392e+04 4.830634953221306205e+04 2.631304677925072610e+04 -1.992629102256591432e+04 -2.290836558735463768e+04 -5.208394644199893810e+04 -2.700883428374063224e+05 -1.283646188220594311e+06 -2.545565896498735063e+06 -1.936560272792116040e+06 4.606408370775170624e+04 1.013509349978993996e+06 9.533402393513816642e+05 7.321750554116445128e+05 5.363706346735128900e+05 3.683122936723539606e+05 1.756669171288380167e+05 5.158120719424905838e+04 -5.695853895740551525e+04 -2.294801051914694835e+05 -4.483686202991529135e+05 -8.345778690493883332e+05 -1.500519074304025387e+06 -2.637720908979546744e+06 -4.398910389048976824e+06 -6.060275166037593037e+06 -6.298617162629387341e+06 -4.789987084048936144e+06 -2.338876026179635897e+06 1.010421327262323350e+06 4.302902893224347383e+06 6.862915725551333278e+06
2.430335706705227494e+05 2.403137662471273215e+05 2.145574372098781168e+05 1.908032967295730487e+05 2.134375643852399662e+05 2.338478130800649524e+05 2.096406279329673853e+05 2.106031489535237197e+05 2.122180440335068852e+05 1.664464483101619408e+05 1.860593458067164756e+05 2.079723380052021239e+05 1.656879404949722812e+05 1.444450779812177643e+05 1.431106535549042746e+05 1.193108041706727818e+05 -2.156064311036602594e+05 -3.853137246962286066e+06 -7.854634088027521037e+06 -5.411989915994342417e+06 -1.324079504985712469e+06 4.471997602610010654e+04 8.724634182726740837e+05 1.758002458908593282e+06 3.156221833156307694e+06 4.612368578337478451e+06 3.982098990088555031e+06 1.703648695481245872e+06 3.622476641455439385e+05 1.047362737118965015e+05 7.310336360300425440e+04 9.220131696900352836e+04 4.335191316087800078e+04 4.508391123439627700e+04 9.217294968024361879e+04 8.316990666615287773e+04 8.518961426394525915e+04 6.722360158688412048e+04 8.381433950678887777e+04 7.469828337547346018e+04 -1.499519328398180194e+06 -5.628766174936304800e+06 -5.621317732892915606e+06 5.292315279104835354e+05 3.482605900209757499e+06 2.281742128586041275e+06 1.311447537062921794e+06 8.533849955949694850e+05 6.464235027372902259e+05
1.141246704972581938e+05 1.684229538252114435e+04 -5.658637494489082019e+04 -5.753004543599669705e+04 -3.548570189508609474e+04 -6.285323865769896656e+04 -8.838206913147585874e+04 -1.359635727881688508e+05 -2.064076417620527209e+05 -2.542949787178075931e+05 -3.783050019247461460e+05 -5.475618130649673985e+05 -7.349209349433656316e+05 -9.964277212199517526e+05 -1.310448980575892609e+06 -1.648974969084376004e+06 -1.613524753495004028e+06 1.955559346452354454e+06 6.160535012590697035e+06 4.186429847473626491e+06 7.324772327963730786e+05 4.252562902576802298e+04 -9.753591972985304892e+03 -5.941357666219118983e+04 -1.333501250762492418e+05 -2.100132301187836565e+05 -3.118288938951441087e+05 -4.428147025062944740e+05 -6.624337994580848608e+05 -8.788178474945016205e+05 -1.063217075163264759e+06 -1.296702953206844162e+06 -1.453865625086478889e+06 -1.586341161672606831e+06 -1.822251332117593847e+06 -2.117859485085353255e+06 -2.480869585782638751e+06 -2.819443826535721775e+06 -2.854458662662654184e+06 -2.218157864627421834e+06 6.901329662109706551e+05 6.958448949328718707e+06 9.232792528272232041e+06 3.964579220141142607e+06 2.216252830281171482e+05 1.321354070480442606e+05 1.332682126626605168e+05 1.500408155069444329e+05 1.935899698414122686e+05
-3.918300849618401844e+04 3.422724839765578508e+03 4.646184044075186830e+04 4.491964498301956337e+04 4.311306849995162338e+04 6.223395557259209454e+04 1.256185150239616632e+04 1.139364993025094736e+04 3.460676765127584804e+04 -3.703146440908301156e+04 -6.702728279284201562e+04 -9.483280178159475327e+04 -1.870446075365180150e+05 -3.054949670564382104e+05 -4.283660935913211433e+05 -4.561653028457663022e+05 -2.738345983100594021e+05 9.697650315181794576e+04 4.525722461257826071e+05 6.690386232687159209e+05 6.698753628658585949e+05 5.493376278236969374e+05 4.502472905314070522e+05 3.296957207727248315e+05 2.088548264774723502e+05 1.570897181867621257e+05 1.527292289288015454e+05 1.688960045651768451e+05 2.430045948165931040e+05 3.227443129819585010e+05 3.893968655623026425e+05 4.093183960631726077e+05 3.128285987174620386e+05 1.448747810046190862e+05 -2.806160651845904067e+04 -1.608204171218673000e+05 -2.847167734510732116e+05 -3.564915828173987102e+05 -3.447600704390787869e+05 -3.328737614350384683e+05 -2.828752452041954384e+05 -1.636446077271838731e+05 -7.266517748474123073e+04 -2.647678580309715471e+04 5.041504435532222851e+04 1.098618384799917112e+05 8.469208365248035989e+04 5.078804424556432059e+04 4.397879970201663673e+04
-3.113944678567349911e+04 1.128113799495622516e+04 7.298860761220566928e+03 -1.822706184367417009e+05 -7.018329606851330027e+05 -1.554279491575434338e+06 -2.076326479811686557e+06 -1.749712917315773899e+06 -1.210470222788281273e+06 -8.607888326665847562e+05 -5.637359487160574645e+05 -2.876485873421188444e+05 1.898118128534406424e+04 4.424977547192247584e+05 1.005459888917393517e+06 1.477105182916858234e+06 1.687897743642098270e+06 1.566251142474356573e+06 1.190665623475797009e+06 8.392176558828211855e+05 5.786499476677264320e+05 4.339093346695877844e+05 3.820972953754251357e+05 3.330646104190964252e+05 3.083603030745870783e+05 3.292111337726234924e+05 3.257520887284770142e+05 2.948751940589869046e+05 2.971728061430619564e+05 2.802406795823478606e+05 2.738817649456901709e+05 2.686118083063049708e+05 2.444811068585852627e+05 2.476074731501282658e+05 1.980964469391617458e+05 1.411223635473288596e+05 1.430240661447171587e+05 1.236237056879329029e+05 6.463002849137410522e+04 5.402050716802477837e+03 8.417547853314317763e+03 5.129702346167061478e+03 -7.771642060601129197e+04 -1.069606379565084353e+05 -1.068730537442024797e+05 -1.502198474516624119e+05 -1.523160261294108350e+05 -1.368948269629615825e+05 -1.441285333881350234e+05
-8.060447264334650245e+05 -7.166191342927051010e+05 -6.030192854686176870e+05 -4.396925595513309818e+05 2.951741808035876602e+04 8.730753038957477547e+05 1.388769853071425576e+06 1.128933495398960076e+06 5.875815709773459239e+05 2.808286198624408571e+05 2.043028254579986678e+05 2.009827697608853923e+05 1.806627483182818978e+05 1.584108820167602389e+05 1.557545752514851629e+05 1.303941583796404302e+05 1.259121688426239416e+05 1.667904328601433663e+05 1.679045553441391094e+05 1.465752141526900232e+05 1.688140786363509251e+05 1.896236165554729523e+05 1.848932150402108673e+05 1.829281116294439416e+05 1.821083792409626767e+05 2.021237045089944731e+05 1.977640405693091452e+05 1.910090604488509707e+05 2.167417188727993052e+05 1.988360399421071634e+05 1.922811319248282816e+05 1.614054063573705498e+05 -6.003370137652312405e+04 -1.974175881585679715e+06 -6.980317455864289775e+06 -8.726209639738084748e+06 -3.328659097945765592e+06 1.464952321198073216e+06 2.625469278508097865e+06 2.905803466371717863e+06 2.804456048749274574e+06 2.422289478585014120e+06 1.957429214608849958e+06 1.542012995238183998e+06 1.177583930473778164e+06 9.175526672007956076e+05 7.214674495771762449e+05 5.398398196138440398e+05 3.839667927892776206e+05
1.209310989303048118e+05 6.829703947878448525e+04 6.384223947883577785e+04 1.099374293984146789e+05 1.088238769676536322e+05 1.050493864767486230e+05 1.261590005696052394e+05 1.013013473141473078e+05 1.251236627483740012e+05 1.716053999657741806e+05 1.415847051452147134e+05 1.377773523569340177e+05 1.406595732318236842e+05 1.180977835942757811e+05 1.388282160693779006e+05 1.367998923920095258e+05 1.081662011332810507e+05 1.247904433065559133e+05 1.258463979302904918e+05 5.629542957700317493e+04 5.325458149833115749e+04 7.315160120720963459e+04 1.954735293111309875e+04 1.634418739529780578e+04 -9.621598245576140471e+03 -6.366089113405905664e+04 -9.429017398797447095e+04 -2.242147984792249626e+05 -4.443181330029612873e+05 -8.566453344194460660e+05 -1.894898718561740359e+06 -3.723134812996156514e+06 -5.069018748421823606e+06 -2.543248989263094962e+06 4.812606678920000792e+06 8.639140538147184998e+06 4.618957562983835116e+06 8.004533136176189873e+05 1.510911194060468115e+05 -7.073527494794689119e+03 -1.542753063916475512e+05 -3.333748763904436491e+05 -5.191531871043830179e+05 -6.534894754795841873e+05 -6.838542851572867949e+05 -6.826290312322069658e+05 -6.644876393006428843e+05 -6.515987695491621271e+05 -6.600403330597192980e+05
9.784438794595247600e+03 4.214846297982148826e+03 -2.393862821743817767e+04 -7.214416602917475393e+04 -9.638714645872823894e+04 -7.587357015814637998e+04 -5.446344803553068778e+04 -7.945563284447422484e+04 -1.030680775048677460e+05 -1.518518601491813897e+05 -2.063945799693466397e+05 -2.110101075266721891e+05 -2.089287337777204229e+05 -1.846618870506062522e+05 -1.409608015691628098e+05 -4.833308928878963343e+04 4.164968311612034449e+04 5.749751041352280299e+04 5.835908550827295403e+04 8.422044491861012648e+04 1.520894176524594659e+05 1.720148336346026626e+05 1.425291340064725664e+05 1.635024538118157943e+05 1.381632713513678755e+05 8.415565158822570811e+04 -9.205302637710770068e+04 -1.657612314799337881e+06 -5.416154521264822222e+06 -6.823475570881267078e+06 -2.712647548156104051e+06 2.272771111744825728e+06 4.799092382859105244e+06 4.700071435706924647e+06 2.904830250031658448e+06 1.386512166041067569e+06 6.797486020467465278e+05 4.141201764746810077e+05 3.058316821407061070e+05 2.975900080229613231e+05 3.769706673058690503e+05 5.018582043563950574e+05 5.981578748614976648e+05 6.732604775455561467e+05 7.285853331541887019e+05 6.900892568833641708e+05 6.177249813103126362e+05 5.879421298555079848e+05 5.847252032696176320e+05
1.342293280031299219e+05 8.038328952447045594e+04 5.138743285322538577e+04 9.749174982367549092e+04 1.439016152126714587e+05 1.161545549903530627e+05 1.369410985155262752e+05 2.065777423710096627e+05 2.540301271987847285e+05 3.003857735788914142e+05 3.174554010410794872e+05 3.610883548337734537e+05 3.878595240646971506e+05 3.416681722371139331e+05 3.149689650506478501e+05 2.892907568690135377e+05 2.368591271940388251e+05 1.576597934315213352e+05 1.112979155359789729e+05 1.377511921635596082e+05 1.337586342426948249e+05 8.175275371642771643e+04 7.635161427722789813e+04 9.725082449614990037e+04 9.626073241874098312e+04 9.057082758867170196e+04 -3.904134283801556565e+06 -7.254910447034648620e+06 -1.691268954059621319e+05 6.237856100199275650e+06 3.861506569720230997e+06 1.012176281021090341e+06 4.268313179456182988e+05 3.084490969020407647e+05 2.594302201067330316e+05 2.524881171534070745e+05 2.294417599641017150e+05 2.075839620048650540e+05 1.966925283026648685e+05 1.626214930048442911e+05 1.411357869068160653e+05 1.393730894487821497e+05 1.076164544624038972e+05 7.769288484065304510e+04 5.200616250920621678e+04 3.263909145200112835e+04 3.050148160778870806e+04 -2.566237775026354939e+03 -5.822267207840736955e+04
-2.657943390076978831e+05 -2.721757788024842739e+05 -2.531215210602384759e+05 -2.298097837623208179e+05 -2.540547529963077977e+05 -2.571691765991271823e+05 -2.358364042040192580e+05 -2.375792419986102032e+05 -2.377151649026201048e+05 -2.394053953216642840e+05 -2.709581433603310143e+05 -3.001080483960688580e+05 -3.225343132717533736e+05 -3.945949685579397483e+05 -4.474933393968966557e+05 -5.237473714357479475e+05 -6.512867247784743086e+05 -7.581904049403963145e+05 -8.801182749058352783e+05 -1.001871292518334929e+06 -1.107664546679587569e+06 -1.237433491132688243e+06 -1.369152508941481821e+06 -1.402952757796737365e+06 -1.386553056031116284e+06 -1.327099176738992333e+06 2.939131190030037425e+06 7.995947713078363799e+06 5.049940911260797642e+06 6.647982395254048752e+05 4.998707596969325095e+04 6.606948951375717297e+04 1.121665538888196461e+05 9.020871392393019050e+04 8.915277551102917641e+04 1.058638821303611621e+05 1.065386606741230935e+05 1.331049278535649646e+05 1.462606408336430322e+05 1.617353559099133126e+05 1.900047349836679641e+05 1.885906153277033009e+05 2.327047999924973119e+05 2.788520113652339205e+05 3.050529984978495631e+05 3.124137553601749241e+05 3.123903053282997571e+05 4.080258466838835739e+05 5.564713360438998789e+05
2.497101301065412408e+05 1.940312600188190409e+05 1.399444189510540746e+05 1.148096651869127236e+05 1.147040980582823977e+05 1.118769685248844180e+05 1.093313763459445618e+05 1.318963965517469915e+05 1.321905062906445237e+05 1.066521883680252358e+05 1.238284904044122668e+05 1.193246333778371336e+05 9.757217307575041195e+04 9.891317030822386732e+04 7.108575456251855940e+04 6.875531514582689852e+04 1.123705528024585219e+05 1.040136203047586605e+05 5.752409626147709787e+04 1.137467587541323155e+04 -1.982423768553405534e+04 -4.895188541908294428e+04 -1.036683810187971685e+05 -1.571409356588263763e+05 -2.320764605945442454e+05 -3.137717431399503257e+05 -2.483831646473839937e+05 -8.344396638683989295e+04 1.362443589256130508e+04 1.148348293296297488e+05 2.066967157833276724e+05 2.468385063263127231e+05 2.432637584768246743e+05 2.221517960709751351e+05 2.218029925285372883e+05 2.151576015824683709e+05 1.906863662059184862e+05 1.401972478156680008e+05 1.521382199495560490e+05 1.421170450578206219e+05 6.922569296148139983e+04 6.725529513147193938e+04 5.996481272042705677e+04 2.772118840774032287e+04 2.484538017888576724e+04 2.777665412053465843e+04 -1.269087074324721470e+03 -8.469046925660106353e+04 -1.905687320115948096e+05
-2.787506432889495045e+05 -2.375866839184891433e+05 -1.946768390142824501e+05 -1.711678465449949726e+05 -1.711853168101515621e+05 -1.739971851679729298e+05 -1.524673818208974553e+05 -1.302878376934677362e+05 -1.548893258592579514e+05 -1.813295981963165104e+05 -1.892225610767493490e+05 -1.701951311697484925e+05 -1.442367914010535460e+05 -1.437745409464694094e+05 -1.483452211896656081e+05 -1.517356413882225752e+05 -8.452298446849477477e+04 -2.086226987361442298e+04 4.812979039270430803e+03 1.288783527154009789e+05 2.434316013625350315e+05 3.364893163670785725e+05 4.780912272079158574e+05 6.217082360322816530e+05 7.942038343596503837e+05 8.626833539461947512e+05 7.593755250109819463e+05 6.571529802354064304e+05 5.597628527146299602e+05 3.913501321733924560e+05 2.373134709248552099e+05 1.786454029165909160e+05 1.749681874876848888e+05 1.287534054770369548e+05 7.839738723938376643e+04 4.626472607604251243e+04 2.104999542643781751e+04 4.464608385402266867e+04 5.485283960588509217e+03 -3.014750636357348412e+04 -2.864596008264971897e+04 -5.643375161103904247e+04 -3.895961380563653074e+04 -7.221655659377644770e+04 -1.267012045613958035e+05 -9.953803016978735104e+04 -1.040982497471855022e+05 -1.879726901126545854e+05 -2.941466820926819928e+05
1.962914868781785481e+04 6.063053892634343356e+04 1.280809465300989104e+05 1.516030519898049533e+05 1.024341185076627880e+05 1.244733072753296583e+05 1.463210215733851655e+05 9.493354925187304616e+04 9.504316277161706239e+04 1.178555310145020194e+05 1.102758955885656469e+05 8.066920404031415819e+04 5.807713304762727057e+04 8.384819451079233841e+04 7.986638619215224753e+04 2.797737627988677195e+04 2.281591881765050130e+04 3.838086414383722877e+04 4.077869064814875310e+04 1.871731226157861965e+04 1.031563901517069462e+04 3.021203597367274051e+04 8.889709133654832840e+00 -4.446231318288591865e+03 -4.886663040961248043e+03 -1.262968425347943412e+04 2.914309755724398565e+04 2.350490771234039130e+04 -2.820105249993517646e+03 2.364510261744736636e+04 4.164749694289641047e+04 3.070630517555400729e+04 5.054140229651248956e+04 5.358623593696401804e+04 2.743638847081456333e+04 7.057279441098193638e+04 9.495930587523605209e+04 6.714672537811577786e+04 5.242685603559948504e+04 4.185398759844235610e+04 6.887668559676996665e+04 6.668594219780102139e+04 3.398507856705680024e+04 5.143883745884546079e+04 4.737774310342536774e+04 -2.314328035572543740e+03 -6.600595153286005370e+03 3.820227874442876782e+04 8.613541719736461528e+04
-6.005907590931744780e+05 -5.091195388732012943e+05 -4.656127692968583433e+05 -4.913337726821190445e+05 -4.904652885859832168e+05 -4.921319729631067603e+05 -5.445966691063947510e+05 -5.466707284277074505e+05 -5.462085330567790661e+05 -5.730305216310077813e+05 -5.306214254739466123e+05 -4.856537633494008332e+05 -4.588449754798784852e+05 -3.828735647391295061e+05 -3.123551447747740895e+05 -2.154295027197804302e+05 -7.115505311579909176e+04 1.862250285514164716e+04 9.534296219819225371e+04 2.221381782245589420e+05 3.367651536775506102e+05 4.061011068196967244e+05 4.753349713556244969e+05 5.204082769568776712e+05 5.452973253070374485e+05 5.625371171574806795e+05 5.298619807523207273e+05 5.253922665771106258e+05 4.995258078793996247e+05 4.515348056459332001e+05 4.710444306913993205e+05 4.357439951028211508e+05 3.559909011708820472e+05 3.352436998498158646e+05 3.354036982072283863e+05 3.045151376619469374e+05 2.541853885550516425e+05 2.517083603492942639e+05 2.374837240041234763e+05 1.771400890208309283e+05 1.795913840195869561e+05 1.782667259156012442e+05 1.463016603235150687e+05 1.642320048977856059e+05 1.602779082313652616e+05 1.101054490770909470e+05 1.061438328400256578e+05 1.520928504824396223e+05 2.010091710282703862e+05
-2.741234341572270496e+05 -2.327236800891114690e+05 -2.144325823028338491e+05 -1.899163420993135660e+05 -1.383018459344748408e+05 -1.398292589135234593e+05 -1.169916968425968080e+05 -1.802897572051722091e+04 3.293713884660979966e+04 3.084036304906476289e+04 7.362539236142777372e+04 1.697243357799015648e+05 1.968166117754298612e+05 1.979945533460704028e+05 2.444519861001753306e+05 2.421805502485950419e+05 2.123691314534518169e+05 2.284229054232126800e+05 2.572297377942594467e+05 2.607446451403665706e+05 2.251935836725167464e+05 1.954475295450538397e+05 1.911529589339628583e+05 1.615735650085842935e+05 1.626347787579289870e+05 1.802514212869573385e+05 1.468990464397938922e+05 1.181067934952445794e+05 1.168060591741229873e+05 1.176413859991591889e+05 8.680379085300955921e+04 4.956161355250515044e+04 6.934606863942509517e+04 7.376569449668726884e+04 4.805595223733689636e+04 1.692100976302754134e+04 -3.537533782247919589e+04 -6.651712883729487658e+04 -1.085843078949255869e+05 -2.224049351993009914e+05 -3.508947326603820547e+05 -5.869242092361669056e+05 -1.062476461547191022e+06 -1.853884937107221223e+06 -3.242626171240697149e+06 -4.994615825602072291e+06 -6.077364698753820732e+06 -6.143662397746215574e+06 -5.839913393832858652e+06
1.593296089390062261e+05 1.498694372974568978e+05 1.172188551153521985e+05 1.165429285157006234e+05 1.433277762919897214e+05 1.167632353800584096e+05 1.146785223548065405e+05 1.381997706863330677e+05 1.134541421110043302e+05 1.117943463177653030e+05 1.556068620592122898e+05 1.509261074004461989e+05 1.019120688503608108e+05 1.035581891768379137e+05 1.510000247560674325e+05 1.236065448832232505e+05 9.418078403105027974e+04 1.107710470887832344e+05 8.914017465605866164e+04 6.732059008209034801e+04 5.623571596806915477e+04 5.196663045499054715e+04 2.230478331388439983e+04 -7.723903477308340371e+03 -6.317439123522024602e+03 -4.042148948647128418e+04 -7.466059550293721259e+04 -1.031641729891998693e+05 -1.828106614557327703e+05 -2.610815428564092144e+05 -3.183314855454950593e+05 -4.095069043635171838e+05 -5.469628596660930198e+05 -7.255788986867985222e+05 -9.355373834643978626e+05 -1.203016081379609182e+06 -1.597820496894419659e+06 -2.077019464113986120e+06 -2.514295420395208523e+06 -2.892440053603487555e+06 -3.076097350901114289e+06 -2.818544470594504848e+06 -2.148654983270674013e+06 -9.868171618314180523e+05 8.554002435400513932e+05 3.015888449392504990e+06 4.446921752204664052e+06 4.733261938262719661e+06 4.578587185593692586e+06
7.928807162679731846e+03 1.011206167214550660e+05 1.708664728992152959e+05 1.440588185004888801e+05 1.193848474184051156e+05 1.698900884034810588e+05 1.675618867931187851e+05 1.135928464756581234e+05 1.142013637011403916e+05 1.637938630540155573e+05 1.819256312091603177e+05 1.511882041138599161e+05 1.015036257833708078e+05 1.287297498644329607e+05 1.504034487670287490e+05 1.227332327456681523e+05 1.188760082895171363e+05 1.095506752067010384e+05 1.135334126843370032e+05 9.146581335691735148e+04 7.998578366008587182e+04 1.015010400052417535e+05 9.774993414001096971e+04 6.758516586094605736e+04 4.317723620391916484e+04 6.089635405922285281e+04 7.856110681255813688e+04 7.639694974757754244e+04 4.886849089176394045e+04 2.282685935206245631e+04 1.827554725052323192e+04 5.842098983702948317e+03 2.554528790526115336e+04 3.062755782797466964e+04 4.841709116590442136e+03 3.651155228726565838e+02 -5.428402399411424994e+02 1.899809656024444848e+04 -2.376180333492811769e+04 -5.953727619780693203e+04 -5.582696778001263738e+03 -6.944863360258517787e+03 -1.335234878060873598e+04 -2.314605754392733797e+04 -5.705688208050560206e+04 -3.502168469130969606e+04 -4.134966050915024243e+04 -9.836942915688198991e+04 -1.525669002893818542e+05
-4.191598153265658766e+04 -5.247162033512722701e+04 -6.058239196194335818e+04 -6.173135282588191330e+04 -7.676455596229061484e+03 7.075279871292877942e+04 6.840375473839230835e+04 3.934346386697143316e+04 6.622229379485349637e+04 1.165157836832804023e+05 1.085621724021620466e+05 7.710651988512836397e+04 1.049584963428787887e+05 1.323393302573822148e+05 1.278238217841134756e+05 1.259037533088122000e+05 1.221972724067746312e+05 1.125136811821721203e+05 1.164424764440627332e+05 1.463961664837551652e+05 1.600893763819474552e+05 1.292785331467165379e+05 9.945084809558480629e+04 1.212222463812211645e+05 1.490774435258935555e+05 1.142767856700812117e+05 1.056648542138282792e+05 1.564522354473596206e+05 1.546618475811557146e+05 1.015213397663319483e+05 9.731079962686612271e+04 1.371195897029250627e+05 1.304659041872953530e+05 8.321720297331910115e+04 8.362675020180176944e+04 1.058453221787930233e+05 1.049029490718385205e+05 4.492246840440202504e+04 -2.460966608079615980e+04 -3.412367765966313891e+04 -8.561643071007030085e+04 -1.135621115658436902e+05 -6.732317775487888139e+04 1.994027964538428932e+03 7.343193369160871953e+04 1.481914782762755640e+05 2.217396843928149901e+05 2.182743304083121475e+05 1.644082255964130163e+05
1.160145647142780363e+05 2.111522478988627554e+05 2.557913809147430002e+05 2.015712053369497298e+05 1.499899297684896737e+05 1.495184131903806701e+05 1.208016476902411086e+05 6.520989552023808938e+04 6.589868574170384090e+04 1.165752002061344683e+05 1.087482297484530136e+05 5.082039056869689375e+04 7.894721637421741616e+04 1.330734733049756614e+05 1.021930750407045707e+05 1.005269811500331853e+05 1.236581313872013707e+05 1.141254056326579303e+05 1.183606427034828812e+05 1.223213271336862817e+05 1.094870444934351835e+05 1.316372580069585238e+05 1.550049270951424260e+05 1.242378589272266254e+05 9.972553362546022981e+04 9.127102273458149284e+04 1.092948332591915969e+05 1.082990842621077318e+05 8.008472121437056921e+04 1.059017030574616510e+05 1.023046283784790430e+05 6.284625286643812433e+04 2.951253128238068894e+04 -4.453435048519121483e+04 -1.615012868245836580e+06 -6.356430189710210077e+06 -8.030078419136689045e+06 -2.764396645417442545e+06 1.499376128662840463e+06 2.279880042017314583e+06 2.673175675322424620e+06 2.800634288712176960e+06 2.581030938808100298e+06 2.094647269682610407e+06 1.584596863099145703e+06 1.157055561798621668e+06 7.808390417014015839e+05 6.190380362409616355e+05 6.188000059744697064e+05
1.721254189440513728e+05 1.611032527883070288e+05 1.792578843631780474e+05 2.044941456109518185e+05 1.790435950650135055e+05 1.786813019384862855e+05 2.297922349913277430e+05 2.001350965659366339e+05 1.739874064433388703e+05 1.982781821599928080e+05 1.902965000283439585e+05 2.118784384452738450e+05 2.133640386152546271e+05 1.877026158123043715e+05 1.831275243737035489e+05 2.081435816566229332e+05 2.315981224150165799e+05 1.952697683090809733e+05 1.994852368708233116e+05 2.300961428933077259e+05 1.901789297268257942e+05 1.857969396427507745e+05 2.361742269259416498e+05 2.318718132626963779e+05 2.072833692963467911e+05 1.987845447607105598e+05 1.902402394183445722e+05 2.162938628043052740e+05 2.413352697575462516e+05 2.137817467545391992e+05 1.838026789098512381e+05 -9.659195449319947511e+04 -4.407264100317260250e+06 -9.180631000780260190e+06 -4.443038931987223215e+06 5.481021585325339809e+06 8.670527014849931002e+06 3.994407236172708683e+06 3.535723904921915382e+05 7.829998227534815669e+04 -1.836359151685610414e+01 -2.778506670496426523e+04 -7.031692006275989115e+03 9.799402770004235208e+03 -5.233099083416117355e+04 -8.532306949025951326e+04 -3.846906011691316962e+04 -1.490699065208947286e+04 -1.556954452709574252e+04
1.201778282935265452e+04 1.107720238104229793e+05 1.568464235588908195e+05 1.825853664515309501e+05 2.116550025041215122e+05 2.119424950215034187e+05 2.371248332347022370e+05 2.339230597711866722e+05 2.345308615756221116e+05 2.318688363500402775e+05 1.689897872530857567e+05 1.639520949654979631e+05 1.652853801340097561e+05 8.412848673993721604e+04 2.483545577852055430e+04 -3.087402583914832212e+04 -1.150384976842906326e+05 -1.515584191808011383e+05 -2.284200859244447201e+05 -3.870644227112641092e+05 -5.090373574470863678e+05 -6.207177839614453260e+05 -7.843664463353359606e+05 -9.221176370652383193e+05 -1.025507692456594668e+06 -1.139170506813678890e+06 -1.252228990743169561e+06 -1.302172852312216535e+06 -1.272514952606287785e+06 -1.215629666061722673e+06 -1.107316815521334298e+06 -6.618425632500993088e+05 3.851816607518118341e+06 8.985876587161321193e+06 6.141153727625478059e+06 1.292393729733888758e+06 2.752904788800515234e+05 2.944701759552122094e+05 2.780589470244008116e+05 2.162118468695548363e+05 2.184852978040007874e+05 2.718617234914568253e+05 2.398000531533029862e+05 2.036988514714180492e+05 2.224254719389141537e+05 1.893152495892713778e+05 1.831754895421913825e+05 2.077223837503693067e+05 2.076160301303006709e+05
1.733773527579614311e+05 1.618167258653556928e+05 1.250218224612762860e+05 9.558891491207756917e+04 1.248853990662610158e+05 1.254641192138660699e+05 9.579896535607983242e+04 9.280054262198979268e+04 1.213600622204830870e+05 1.464833985338918574e+05 8.345368907495861640e+04 5.106910228671040386e+04 1.076657895935931592e+05 8.100659232411993435e+04 2.119999491842463613e+04 4.767371009802451590e+04 4.549551175732631236e+04 8.446696851751767099e+03 1.300205306557472795e+04 1.721330456377472728e+04 -2.472553794155811192e+04 -2.889122138265508693e+04 2.413942188548401464e+04 4.745974194898729911e+04 4.995761704049061518e+04 6.874905747768911533e+04 1.149008730816422030e+05 1.154876588343179319e+05 1.409252401947738836e+05 1.939486248930917354e+05 1.914304975519189611e+05 2.050892369489887496e+05 1.977524086734057637e+05 2.043276454694564454e+05 2.329065280704523902e+05 2.032123007735935971e+05 1.748004754324210808e+05 1.655374449293597136e+05 1.483717797260032967e+05 1.129505013447483070e+05 8.735234152409248054e+04 1.138969498052028939e+05 8.113605446007545106e+04 -1.103868392063328065e+04 -2.074027245689672418e+04 -5.671482992125651799e+04 -1.736271731281895190e+05 -2.306439254543504212e+05 -2.306698836089288816e+05
4.269622177217387361e+05 3.586134920985205099e+05 3.208082195254973485e+05 3.186354706058045849e+05 2.638400144816841930e+05 2.366242644359590486e+05 2.628896393306785030e+05 2.032209729874739423e+05 1.478242400015005842e+05 1.734479708841536194e+05 1.656111337535548955e+05 1.045236123126235325e+05 1.057864027819596231e+05 1.346203670580871403e+05 7.334390679490752518e+04 -1.207350931246764958e+04 -4.176794806786347181e+04 -2.765931202890351415e+05 -9.761019640014271718e+05 -2.124837253879521973e+06 -2.867283213614714332e+06 -2.189136860438735224e+06 -9.194157190062124282e+05 -1.066951662302026525e+05 3.164917745412094519e+05 4.745101444976171479e+05 6.034612566698342562e+05 7.421525484998724423e+05 7.377986584609607235e+05 7.333254198898791801e+05 7.572410817170747323e+05 7.137133062875375617e+05 6.214339180348933442e+05 5.161891371838283376e+05 4.611658406018976239e+05 4.309131412848363980e+05 3.738626025582195143e+05 2.805830123764468008e+05 1.522632180945950095e+05 1.166548117710041115e+05 9.064814945391798392e+04 -4.876407201576442458e+04 -1.923402742174216546e+05 -3.128564707789349486e+05 -4.610924175544641330e+05 -7.741631246986777987e+05 -1.278256583481565816e+06 -1.666103973218117142e+06 -1.886302998788272031e+06
-2.009740159491774684e+05 -1.555615275265881792e+05 -1.365245633054291247e+05 -1.959527581470320001e+05 -3.084099872177466750e+05 -3.637675447924993350e+05 -3.935139369836541591e+05 -4.816574348183352267e+05 -5.364479662803935353e+05 -5.375624693167627556e+05 -5.721463092433991842e+05 -6.031940744729947764e+05 -5.712534783955195453e+05 -5.398654531949430238e+05 -5.138914393610320985e+05 -4.270110901468433440e+05 -2.845429760031406768e+05 1.869006646506022662e+04 7.577607941260794178e+05 2.057624794387374539e+06 2.911536179029494524e+06 2.338111331204414368e+06 1.234395602907754947e+06 5.529398416820920538e+05 2.736098044703246560e+05 1.803467407217249274e+05 1.434353168879172299e+05 1.452372734091482125e+05 1.151419344090390950e+05 8.473516267200512812e+04 8.336049164528911933e+04 6.936423577833874151e+04 6.198275311733642593e+04 4.122990996809676290e+04 4.294927193841477856e+04 6.992775892606005073e+04 4.091915283177513629e+04 2.741460290271788836e+03 -1.434770370484283194e+04 -4.948638531088316813e+04 -1.036366190691483207e+05 -1.325063031486934051e+05 -2.214492785045872442e+05 -4.836359240580378100e+05 -1.027186418754862156e+06 -2.439444134731886908e+06 -5.329675670246968046e+06 -8.237472787450493313e+06 -1.035892873269023187e+07
2.862630881863877876e+05 2.742094526783330948e+05 2.353057766373967461e+05 2.617241329350509332e+05 3.214610352466115728e+05 2.941149604314705357e+05 2.922747824329416035e+05 2.888869428011822747e+05 2.611377819452901604e+05 2.584137224993901327e+05 2.216424219694454223e+05 1.593094110541280825e+05 1.314478100463745650e+05 1.027644503948974889e+05 3.986601327720563859e+04 1.051472001126967371e+04 3.873574016848579049e+04 2.952081377967260778e+04 -5.270538322045467794e+04 -4.843723868369124830e+04 -6.481353566050063819e+03 -3.929080962669127621e+04 -6.851887124590598978e+04 -4.330785668687918223e+04 -1.133847357647004537e+04 -4.854391862929333001e+04 -5.694831380445952527e+04 -5.390143934753746726e+04 -5.562496573780686595e+04 -2.923063091991934925e+04 -5.834708250127732754e+04 -7.238010061788395979e+04 -7.958064252976351418e+04 -1.288951533322688192e+05 -1.552493108558701351e+05 -1.839522930450036656e+05 -2.989403688674796140e+05 -4.805407604225919349e+05 -7.251629888900779188e+05 -1.186846964920984115e+06 -1.980456751921454677e+06 -3.086246707599493675e+06 -4.358298154928477481e+06 -5.056313657324653119e+06 -4.189029855534333736e+06 -1.407005929687870666e+06 3.184672643360712565e+06 7.424097754283529706e+06 1.045063535333012976e+07
2.245281471277122037e+05 9.273634817800484598e+04 -7.279448434128367808e+03 1.953284016810357571e+04 8.121615176030900329e+04 5.382319389143964509e+04 5.232135354657657444e+04 1.086987386841794942e+05 1.402293434663444059e+05 1.375774863926926628e+05 1.001859784859698266e+05 9.632985456730227452e+04 1.272849990730173886e+05 6.758962011721450835e+04 3.279554515844210982e+04 6.284500900073919911e+04 3.640840444131870754e+03 -6.463790371723007411e+04 -8.973399160313419998e+04 -1.149685916455928236e+05 -1.606881930970115354e+05 -2.233320038515377091e+05 -2.221704639220847748e+05 -2.248194362630599644e+05 -2.801011821912833839e+05 -3.464521122560833464e+05 -3.830228801397605566e+05 -3.777278461988323834e+05 -4.074296762142327498e+05 -4.968582120235078619e+05 -5.532790998258858453e+05 -5.944974437064969679e+05 -6.871882318041778635e+05 -7.927718950685809832e+05 -9.327333622344303876e+05 -1.132008973696500994e+06 -1.418024576262688264e+06 -1.682684247995497193e+06 -1.863467252980916761e+06 -1.858151652330993675e+06 -1.296535510678657331e+06 3.386312609304860234e+04 1.837798840925674886e+06 3.222193128233203199e+06 3.537841756113927811e+06 2.910210074905181769e+06 1.949584827548823552e+06 1.316093001115368214e+06 9.719878454098689836e+05
4.206677336827846011e+04 3.007455058046610793e+04 5.007524591404938838e+04 4.705459540651639691e+04 1.898430577246472239e+04 8.225004452746361494e+04 1.111808134854072705e+05 4.766188663372304291e+04 7.971406733617180726e+04 1.375187597441253602e+05 1.301743640948553075e+05 1.566052105388371274e+05 1.877910711045842036e+05 2.176373372593660897e+05 2.425685851782326936e+05 2.127199317980558553e+05 2.130252936668694601e+05 2.639424533973214566e+05 2.680052422202423913e+05 2.419239444233243121e+05 1.952434129337779013e+05 1.613553607219364494e+05 1.618400141148597468e+05 9.866525103629101068e+04 1.231713523564394563e+04 4.201663453713757917e+03 -3.852184935822151601e+03 -5.906319823348894715e+04 -1.199276950070634484e+05 -2.113219992659289856e+05 -3.285210388235279825e+05 -4.602007086441168794e+05 -6.729422785603693919e+05 -1.016417122174751596e+06 -1.422955947519513313e+06 -1.857999931437078165e+06 -2.232139714923105203e+06 -2.231539070186558645e+06 -1.650051235597930383e+06 -7.983269863569857553e+05 -3.352535066427383572e+04 4.597495918185440823e+05 5.975028107053358108e+05 5.553740726714031771e+05 4.246922376693701372e+05 2.648481370398066938e+05 1.688942454016073607e+05 1.390418323688209057e+05 1.394656769582014531e+05
-1.817029074666787637e+05 -2.552249643421965011e+05 -3.271446006774202688e+05 -3.612388296384596615e+05 -3.280736161739332601e+05 -3.241011324682040140e+05 -3.245504943595732329e+05 -2.656157582165907370e+05 -2.012184996786529664e+05 -1.720688298199091805e+05 -1.477251401217654347e+05 -5.823224125197180547e+04 -5.623917603166773915e+04 -2.537380852852948010e+04 9.258090070914477110e+04 6.321319336595456116e+04 6.463643304363358766e+04 1.782391190173801733e+05 1.825546400190795539e+05 1.561731689062435180e+05 2.001626097079127794e+05 1.661483292537736706e+05 1.368841921677815262e+05 1.639121109823463485e+05 1.668841366202104837e+05 9.849272045539721148e+04 -2.993139905098383315e+04 -1.151716296997622121e+05 -2.061113135330375517e+05 -3.278302126860946883e+05 -4.747770490800024709e+05 -6.064272356365121668e+05 -6.704332058382015675e+05 -6.286392735311528668e+05 -3.552404930244653951e+05 1.818999917391906492e+05 8.030421567900346126e+05 1.232713295510041062e+06 1.359095756221794989e+06 1.230734260461755563e+06 1.022282800616231747e+06 8.116370704944736790e+05 5.994246478396218736e+05 4.424365815555211157e+05 3.419155807595243677e+05 2.985756735113675240e+05 2.321895417862103786e+05 1.448085568903484382e+05 8.752630537026468664e+04
1.545749334240097087e+05 1.427239789982559159e+05 1.633600595185997663e+05 1.596923592896200134e+05 9.960952674911823124e+04 4.124711687327368418e+04 -2.169718196149909636e+04 -1.178051256237088237e+05 -2.390173082408728078e+05 -3.335120266088049975e+05 -4.013313951832245803e+05 -4.029590413015105296e+05 -3.075790404196594609e+05 -1.831362782925134525e+05 -1.250812723051058128e+05 -6.161657744087255560e+04 3.300133594719204120e+04 5.600856291421223432e+04 9.121294707467313856e+04 1.262906920624664053e+05 1.402918761438918300e+05 1.978474582260241732e+05 2.296730405424026540e+05 1.958457748778165551e+05 1.682618414657189278e+05 1.905254243186208187e+05 2.126455403363796650e+05 1.867268961505036568e+05 1.544007686193800182e+05 1.813144805358025478e+05 1.822769734147005947e+05 1.372894512000495160e+05 1.597405282279946841e+05 1.982509019877760729e+05 2.004030748282092973e+05 2.308748361869945657e+05 2.593775109201668529e+05 2.474877103546173312e+05 2.304681142652406124e+05 1.951868303777877009e+05 1.969423962995648617e+05 2.248334217129745521e+05 1.908706507703749230e+05 1.822812138259183848e+05 1.705065741302685346e+05 9.713604741438734345e+04 8.981013659562496468e+04 1.206761856609950773e+05 1.222792857629223727e+05
5.996522480563702993e+04 -1.408948891737964004e+04 7.185525131062371656e+03 1.290400030132150277e+05 1.939687836577650160e+05 2.604174463340311777e+05 4.154105508333302569e+05 5.363731560128510464e+05 6.314224382286194013e+05 7.215179974003692623e+05 7.134082261676671915e+05 7.093376499548325082e+05 6.783787671400930267e+05 5.215755938587243436e+05 3.917567478882846190e+05 2.991526136558969738e+05 2.074513463157928782e+05 1.370468453102512285e+05 1.712020631413906813e+04 -7.165507677244022489e+04 -8.821931978745828383e+04 -1.840057866874852916e+05 -3.358255281089812052e+05 -4.301029062503946479e+05 -5.178042718878714950e+05 -6.158207164664049633e+05 -7.131342781521379948e+05 -8.274503663362717489e+05 -9.170007354649710469e+05 -9.459412352013166528e+05 -8.476567266235358547e+05 -6.743206363497304264e+05 -4.646368408558219671e+05 -1.492749691568319686e+05 2.484105211676806211e+05 6.115450875839442015e+05 8.190839922550362535e+05 9.243905330466821324e+05 9.341211507015395910e+05 8.353264361049492145e+05 7.142511201836175751e+05 5.901680948259325232e+05 4.946622669842313626e+05 4.253758154460232472e+05 2.932746190525372513e+05 1.591364517284088070e+05 1.218897283001571195e+05 6.376406684750772547e+04 -5.368652455741539598e+04
1.585523597896110732e+04 4.113303953781723976e+03 -6.764749434078112245e+03 -1.150497531925782096e+04 -9.921237773960456252e+03 -6.974603753944393247e+04 -1.347346852882764069e+05 -7.439294208015780896e+04 -1.037472914293174399e+05 -2.018773628777125850e+05 -1.764892448624596000e+05 -1.784572066366673680e+05 -1.769300979608669295e+05 -1.773610104637918412e+05 -2.134015999420079461e+05 -1.792701113806106150e+05 -1.439829424011987285e+05 -1.191114718007156189e+05 -8.293200930755116860e+04 -1.100526426569558244e+05 -9.453897961182519794e+04 -2.284047080902208108e+03 8.975955756613984704e+02 -3.275503161130470107e+04 -2.920006526808720082e+04 -4.589455831446801312e+03 1.991335035883815726e+04 5.740603125304923742e+04 5.615353188943135319e+04 2.194794259034097195e+04 8.701340945437521441e+04 1.039093190978744824e+05 9.662861692602766561e+04 1.679853240045483981e+05 1.707543688121948508e+05 1.412949605885659694e+05 1.711058191570919880e+05 1.287633933342297096e+05 2.041464062349416781e+04 1.693847861431998899e+04 1.980709820985770784e+04 -4.333416356646904023e+04 -1.546128697460511466e+04 7.002590895630454179e+04 2.813226045109395636e+04 -1.734570443863043329e+04 3.726806177408463554e+04 3.994641745113802608e+04 -1.885754305520141497e+04
1.403640311188059859e+05 1.291569657740185503e+05 1.188261721143499017e+05 1.146021889895200729e+05 1.168695165426470339e+05 1.541116431559200864e+05 1.858896528673358262e+05 1.825781572493726853e+05 1.854723710787949385e+05 1.833444177336058347e+05 2.088257930660621496e+05 2.387759995687521296e+05 2.077792572317410959e+05 1.745859737327555194e+05 2.018048676685429527e+05 1.714991541870403453e+05 1.103910478798207478e+05 1.348778504430083267e+05 1.385784786741714342e+05 1.105184429185464542e+05 6.200401022855653719e+04 -4.654774458613348543e+03 3.020077887515077600e+04 5.985438353498476499e+04 -2.913208468818484107e+02 -3.878675517509685596e+04 -1.400701879762349417e+05 -3.850668385450269561e+05 -8.246217261650584405e+05 -1.263070930345566245e+06 -1.128761480002432130e+06 -4.170198642089930363e+05 2.662232893821776379e+05 6.177322537591676228e+05 7.114284832240077667e+05 7.411250811652276898e+05 7.370110559067684226e+05 6.606560988398280460e+05 6.114047789364119526e+05 5.436973834026124096e+05 4.208429657598027261e+05 2.942529663228208665e+05 1.672569776349696331e+05 6.786997393936850131e+03 -1.575623120524683036e+05 -2.634041725343551952e+05 -3.297007355641116155e+05 -3.563369873107867897e+05 -3.531284050678296480e+05
1.364896286174188135e+05 1.252096347988117486e+05 1.470853900327346055e+05 1.423282462020869425e+05 7.921212653396651149e+04 8.407312372408338706e+04 1.158907609502784326e+05 1.123722258565249504e+05 8.279726480832333618e+04 1.581357007671612701e+04 -5.539872448076504224e+04 -1.864045339205766795e+05 -3.785684625274732825e+05 -6.368661998177410569e+05 -8.330231026659018826e+05 -7.635160574089972069e+05 -6.280075169861088507e+05 -4.713978476769989356e+05 -3.364202549308536109e+05 -3.301588592253390234e+05 -2.804301002278220840e+05 -2.810530955973081291e+05 -3.075570297299423255e+05 -2.435247477720258757e+05 -2.380449031648458913e+05 -1.796401754696853459e+05 6.810583457525400445e+04 3.903090588084892370e+05 9.539625646534820553e+05 1.575515140381176025e+06 1.571154410144663882e+06 1.016754089632885414e+06 5.044004926603548229e+05 2.304087640583750908e+05 1.079561908217145246e+05 1.098563262546665937e+05 7.795060258707933826e+04 3.562007088330580154e+04 5.151832990464754403e+04 4.820737272442772519e+04 8.175847039150580531e+04 1.105907705496067647e+05 1.688764870050359168e+05 2.235100444208367844e+05 2.420987601589878323e+05 2.875743200321440818e+05 3.107150106359046185e+05 3.433261180884421337e+05 4.064736523100812919e+05
4.947190867387631442e+03 -6.258144481689669192e+03 -1.681769581104168901e+04 -2.152206211700104177e+04 -5.205035933991894126e+04 -1.444922912353648571e+05 -2.097763392317573889e+05 -1.801570678973804461e+05 -2.089966277446364984e+05 -2.428429617860818980e+05 -1.186985059652942000e+05 9.890101809869520366e+03 1.733351847191806883e+05 4.631783612124852953e+05 6.839472415292400401e+05 6.522375637601363705e+05 4.605285498657035641e+05 2.911625734413972823e+05 1.974683413578895270e+05 2.008131459815194248e+05 1.516335694858571514e+05 8.384342855366412550e+04 8.696703351684869267e+04 5.262972858618025202e+04 2.349905548093374819e+04 -1.536039857543050312e+04 -2.227008989022567403e+04 -1.560992046433978248e+04 -1.122102849511427339e+05 -1.464490204345199745e+05 -1.425718566507564392e+05 -2.194709021097522345e+05 -2.252290987467869418e+05 -2.143480479327261564e+05 -2.413510803651296301e+05 -1.745181395730471704e+05 -1.424580197816249856e+05 -1.524796516908102785e+05 -4.101586270902806427e+04 5.063953468692474416e+04 8.460539327468765259e+04 1.135494695371018897e+05 1.726002708356822841e+05 2.283017842250413960e+05 2.162056748970649205e+05 2.309977117332157795e+05 2.239137386134826229e+05 2.264493283891339670e+05 2.905651901423654053e+05
1.946143844455943909e+05 3.164109269285106566e+05 3.722203312267079018e+05 3.670424209994962439e+05 4.349982319719856605e+05 5.394775524584108498e+05 5.716433534148379695e+05 6.005756835202922812e+05 6.360551621642666869e+05 6.001527803635688033e+05 5.928925996861656895e+05 5.906037757464221213e+05 5.578340758749980014e+05 5.552523294725687010e+05 5.167097524786365684e+05 4.850344886590032838e+05 4.221938757604225539e+05 3.158204255014422815e+05 3.180404842086136341e+05 2.550541669782251120e+05 7.350829368690028787e+04 -6.130807046429300681e+04 -3.523349111084835604e+05 -1.073431602062189486e+06 -2.407504774347182829e+06 -4.003542352574872784e+06 -4.414103508866389282e+06 -2.982874171042354777e+06 -1.081275357196575962e+06 1.223383867647508159e+05 7.389730761497039348e+05 1.074016815517682582e+06 1.220782514415918384e+06 1.318339178548776545e+06 1.345563466272432357e+06 1.276407096512848279e+06 1.172987551166442223e+06 1.028759946603678982e+06 8.820819782419130206e+05 7.802062669349813368e+05 6.845976458344381535e+05 5.215696145838610246e+05 4.220671086967911106e+05 3.521162880788323819e+05 2.454946318175651832e+05 1.976704013632838614e+05 1.285390293708764948e+05 3.813775548886088654e+04 -2.170109101978596300e+04
1.498963142337743775e+05 7.175165169755928218e+04 2.715879584546200931e+04 2.106942360405810177e+04 -1.131852184887975454e+04 -7.310336506576277316e+04 -1.748276914516463294e+05 -2.796047248353718314e+05 -3.770042482682038681e+05 -4.457236388220915687e+05 -5.181147553282794543e+05 -6.521056155930275563e+05 -7.496760791144331452e+05 -8.496090230206024135e+05 -9.509980318578886800e+05 -1.044036297498388216e+06 -1.134099510636879597e+06 -1.200267666427534539e+06 -1.222844899720511865e+06 -1.177297055363305379e+06 -1.051547369863254949e+06 -7.806155590550042689e+05 -3.396685779053959996e+05 5.186775321402791888e+05 2.193731603687632363e+06 4.109176093813143671e+06 4.704182889668733813e+06 3.578874609639758244e+06 1.996076215398499975e+06 1.007293954731428996e+06 5.512365901091839187e+05 3.070365835522529669e+05 1.691420454793856479e+05 8.050077584164682776e+04 8.351565761026041582e+04 5.367569758440367877e+04 -4.480347113625565544e+04 -8.786345839209388942e+04 -6.926372867950750515e+04 -7.072075648000417277e+04 -1.643516606674538925e+05 -1.668813800229695626e+05 -1.041856835375069641e+05 -1.721629428578317165e+05 -2.143221578979869373e+05 -1.651789809437463991e+05 -1.695983346318830736e+05 -2.282876952190408483e+05 -2.886439196939971298e+05
1.089252368779876269e+04 -6.758268821751710493e+04 -7.848090799641795456e+04 1.711350910714827478e+04 1.835106909275054932e+04 -9.836556448135524988e+03 5.759439451387140434e+04 8.769594617304403801e+04 1.249136321141850203e+05 1.227175015478860587e+05 1.163377587369179819e+05 1.493708797334693372e+05 1.501609167491550324e+05 1.475095183472149074e+05 1.088533742062281817e+05 7.752931890077912249e+04 4.835895022377371788e+04 8.311438631499186158e+03 -5.681789354654029012e+04 -1.548888782155700028e+05 -1.708039626618844923e+05 -2.405212822183970129e+05 -3.359434025757953059e+05 -3.696103111293630209e+05 -3.994509200542232138e+05 -3.702336212911177427e+05 -3.409615429316180525e+05 -2.984996020863769809e+05 -1.978730832680595922e+05 -6.596426618634691113e+04 -2.751620313618317596e+04 2.512707415153352486e+04 1.517735381145034044e+05 1.943560895440168097e+05 1.975070330186280771e+05 2.331217826332428958e+05 3.301377508905717987e+05 3.187520929903263459e+05 2.712318795931056375e+05 3.344484306522635743e+05 3.361601906211582245e+05 3.313296880165585317e+05 3.603140077576963231e+05 3.228089805832132697e+05 2.785239000967708416e+05 2.289695924997788388e+05 1.584038402733858675e+05 1.307737074256867636e+05 1.340125583554599434e+05
-3.428287503775209188e+04 -4.437545905355364084e+04 -1.243823335517661180e+05 -2.350119938445276348e+05 -3.721062189480289817e+05 -6.418879709171594586e+05 -9.178092435223512584e+05 -9.894261214579460211e+05 -7.771413771319211228e+05 -4.325791970873249229e+05 -1.959216066019142745e+05 -5.743618331151083112e+04 1.332893795683048666e+04 1.141870017047040164e+04 7.847419440513476729e+03 -5.665018401807197370e+04 -1.188517321855761111e+05 -1.915215997584164143e+05 -3.581639981723853853e+05 -5.230729582335331943e+05 -5.359668291662817355e+05 -2.640715035644816235e+05 1.159725073899612762e+05 4.533480055292593315e+05 6.905515591509172227e+05 7.495057321072090417e+05 7.405787296441845829e+05 6.778204087680217344e+05 5.732990948460064828e+05 4.345936336356675019e+05 3.035238825774286524e+05 2.216464671131688519e+05 1.480759552761453961e+05 1.241998446185606881e+05 6.141146316775091691e+04 -1.538292346522212029e+03 -1.995738210389390588e+03 -1.174857927020639181e+04 -2.431707244715653360e+04 -2.476652988465497037e+04 -2.121570365619851509e+04 -5.690252329921332421e+04 -5.850051846588012995e+04 -2.826112374430533964e+04 -7.057390743517293595e+04 -1.185315403761338966e+05 -8.994167797034591786e+04 -1.901405764161664410e+04 4.981392032816109713e+04
-2.452444072032812983e+05 -1.162060264858882874e+05 -2.245763322338485159e+04 7.523163567995652556e+04 3.190739127586130053e+05 6.713885088311505970e+05 9.126435446809042478e+05 9.081430298439230537e+05 7.038244972308173310e+05 3.216596558946183650e+05 -2.959106225171149708e+04 -2.364530641178134829e+05 -5.447545856272333767e+05 -8.558854174555741483e+05 -1.063879564141388517e+06 -1.297189953058260493e+06 -1.355200075461762957e+06 -9.779119497013741639e+05 -2.865863744076341391e+05 4.357337952917441726e+05 8.962725368875523563e+05 9.924653122713784687e+05 9.258789641922357259e+05 7.517847899685152806e+05 5.139221181534223724e+05 4.047279105393681093e+05 3.301295469782776781e+05 2.689218076411639340e+05 2.333939400070813426e+05 1.629117785359265690e+05 1.334097129199652991e+05 8.564450351987004979e+04 4.590621951152588008e+04 2.250087005435500760e+04 -4.013335090130579192e+04 -6.943120562005793909e+04 -1.027016212558374973e+05 -1.781211349484513921e+05 -1.896867168135941320e+05 -1.888865559175605595e+05 -2.173596823995471350e+05 -2.192135888885244785e+05 -2.851478378486346337e+05 -2.862069550273008063e+05 -1.960162945475900779e+05 -2.103671050898259273e+05 -1.810275402746625477e+05 -4.413317866972740740e+04 9.036284806090453640e+04
-7.477165991370561533e+05 -7.571710002026521834e+05 -8.027352106291798409e+05 -9.845567966124507366e+05 -1.122318331723799929e+06 -1.078441094974987209e+06 -1.005899106229189318e+06 -9.015329337248117663e+05 -8.240263301692903042e+05 -7.520130616158707999e+05 -5.447277772834063508e+05 -3.321152496500876732e+05 -8.507766494294628501e+04 3.644405377388466150e+05 8.447515956021375023e+05 1.260454908057582565e+06 1.572573078084970592e+06 1.630928861870196881e+06 1.386806852614972275e+06 1.007029190619941452e+06 7.133434513397506671e+05 4.682374296826303471e+05 3.007824872073257575e+05 1.962731864536182256e+05 9.500589385628688615e+04 8.908637004788010381e+04 4.931000059470511042e+04 -4.540886935777962208e+04 -4.620589364087220747e+04 -1.426990718580770772e+04 -4.312234768527548295e+04 -5.676350497524254024e+04 -2.843763226876035333e+04 -5.192335974192235153e+04 -8.126407440751779359e+04 -4.341661111451708712e+04 -1.017507572658360004e+04 1.386241475702263415e+04 3.525690365582704544e+04 -3.167161430465045851e+04 -2.829301876597991213e+04 6.816776221734459978e+04 3.307260326226230245e+04 -3.547981393523525912e+04 2.121089834603446070e+04 5.510372066637501121e+03 -6.454759998712700326e+04 4.071179380873031914e+04 2.427970408112732694e+05
6.873650642426215345e+05 6.078287862206343561e+05 5.974169197748412844e+05 7.310016252868807642e+05 8.376181888999417424e+05 7.386598047707228689e+05 5.620116771943866042e+05 3.112092095834668726e+05 -3.541231193765988573e+05 -1.552070497149833944e+06 -2.645549334796380717e+06 -2.604048455591548700e+06 -1.506698109977878164e+06 -4.866883875732310116e+05 3.768914741114713252e+04 2.524300686409696937e+05 2.936103753698994406e+05 3.233468541014008224e+05 3.943485021579544991e+05 3.964332025405019522e+05 3.454530226741910446e+05 3.766048106166999787e+05 3.470254793856297620e+05 3.108029076363889035e+05 3.463361162983344402e+05 2.713760832767006941e+05 2.308936170197557658e+05 3.065565973403868265e+05 3.047992174106185557e+05 2.332395026681476738e+05 2.374074974760877085e+05 2.569415240024685627e+05 1.823974035249566659e+05 1.576840091729534324e+05 1.951716644829138240e+05 1.645503268809990259e+05 1.630921599641442881e+05 1.531374378537296434e+05 7.340163440909251221e+04 7.305545822950059664e+04 7.633833696134368074e+04 3.885165365296427626e+04 3.706448706099754781e+04 3.521149250562302768e+04 5.875255902996278019e+04 7.582542786607498419e+04 7.155956453760166187e+04 4.455838204477948602e+04 -1.782896177028352395e+04
-7.676006117451468017e+05 -7.760698036861140281e+05 -7.502909824880770175e+05 -7.210574635257944465e+05 -7.182464073598384857e+05 -6.380823924229480326e+05 -4.942108881496824324e+05 -2.130641612748145126e+05 4.632220980618139729e+05 1.660258091464638244e+06 2.849908884274775628e+06 2.916344600095183123e+06 1.856927691877353238e+06 8.653950525692196097e+05 4.727442727191373706e+05 2.994221866864240728e+05 1.287486101849935949e+05 8.787995656486600637e+04 8.849298447719775140e+04 -1.523379936232231557e+04 -6.632066273596137762e+04 -1.046188625355716795e+05 -2.390295435709417798e+05 -3.445291169022670947e+05 -5.523336933087562211e+05 -1.009898311197756324e+06 -1.569606353185372427e+06 -1.904109254536455031e+06 -1.861491263731149491e+06 -1.575896515880011721e+06 -1.145482868399704341e+06 -7.364474016299934592e+05 -4.947396306181354448e+05 -3.429274083569180220e+05 -2.323453300306568854e+05 -1.572181871708012186e+05 -5.349054623278789222e+04 7.509725119569338858e+04 1.322372601460665464e+05 1.662627694034012966e+05 2.367798229318582453e+05 2.990247824590192176e+05 3.630681989563154057e+05 3.934135444695134647e+05 3.817558281135284342e+05 4.300909991399373394e+05 4.904650693957237527e+05 3.947968353156473022e+05 1.971569383318917826e+05
-2.088766867399680195e+05 -2.174766172643285245e+05 -1.921199225878807483e+05 -1.284855679247993394e+05 -1.275006801402196288e+05 -1.198972519626840949e+05 -8.391228336724449764e+04 -1.231976909120568598e+05 -1.185722192225513572e+05 -8.389818659168665181e+04 -5.319073360529725323e+04 -5.166256850818169187e+04 -1.212638166768010124e+05 -1.242441637418232567e+05 -9.177406272036023438e+04 -1.225708405196202802e+05 -1.862095402972773300e+05 -1.896781661524436786e+05 -1.872522708051837981e+05 -1.838330687338019488e+05 -1.621534534206145909e+05 -1.987841051293072524e+05 -1.560019919893241022e+05 2.067622591974167153e+04 2.681110823981002904e+05 6.128739191195915919e+05 1.095400377985789208e+06 1.518057597669542767e+06 1.511351284045959124e+06 1.155009875172980595e+06 7.729794222291095648e+05 4.434324974461914971e+05 2.623676447966150008e+05 1.323812598176305182e+05 3.176774038933264092e+04 3.530211315955966711e+04 -3.504486552905337885e+04 -7.855967431794852018e+04 -5.477741257403977215e+04 -8.816765491734258831e+04 -1.188598914234903641e+05 -1.231731193594164215e+05 -1.243258751556272618e+05 -1.580310385930361226e+05 -2.341575043683401309e+05 -2.488581086252811365e+05 -2.163236605690331198e+05 -2.419762598082877230e+05 -3.048622847848981619e+05
-4.035712074628095143e+05 -3.394193294132130686e+05 -3.139474275184329599e+05 -3.230148968927094247e+05 -2.865281148185022175e+05 -2.427113388525322080e+05 -2.427681961865163175e+05 -2.466798460588325979e+05 -2.058261007734111045e+05 -1.706802401843014522e+05 -2.117387588520069839e+05 -2.097213736467531126e+05 -2.079707713297102018e+05 -2.475426952925044170e+05 -2.142344786890315881e+05 -1.729566346877255419e+05 -2.011913675698451698e+05 -2.042216262361034169e+05 -1.664853008370845928e+05 -1.635542478784917621e+05 -1.052413812675513909e+05 -3.525167821557261050e+04 -6.361573131638590712e+04 -6.292035530554142315e+04 4.565809558494971134e+04 7.735488703358010389e+04 3.759276514872908592e+04 4.578199088689882774e+04 8.074630652088654460e+04 1.146902871213387116e+05 1.203188991255592555e+05 1.068145439180081012e+05 6.642383284284768160e+04 7.618759799748641672e+04 1.505969693756197812e+05 1.194428455992604140e+05 4.817027616314585612e+04 3.996315056807368819e+04 2.991883796406911279e+04 6.599195122835208895e+04 6.953636311809511972e+04 2.973275215015754293e+04 2.832309152465305669e+04 2.896373187075373426e+04 2.074082073289911204e+04 5.215713172219679109e+03 2.946549330372421537e+03 1.080986669287078257e+04 1.558017938863468589e+04
-8.761488328804259072e+04 -9.504878171603195369e+04 -1.049532825301866687e+05 -1.133993668248876638e+05 -7.595431724912486970e+04 5.546237193048000336e+03 6.074912288459017873e+03 -3.397785290493635694e+04 4.398927562171581667e+04 1.160559755889698863e+05 1.476156004483347642e+05 1.860137164965272823e+05 1.871621661668177112e+05 2.554810537979937217e+05 2.881058992620090721e+05 2.920815842074810062e+05 3.349376174889040412e+05 3.305013878294266178e+05 3.301370994444004027e+05 2.948624161106997635e+05 2.437113947130271699e+05 2.042755759891585913e+05 1.023814486514313612e+05 -4.189014742383710109e+04 -2.569248388917190023e+05 -7.268699711875506910e+05 -1.337708063053433551e+06 -1.574768840778854676e+06 -1.174525210553548299e+06 -5.622719677409611177e+05 -1.605544164846655913e+05 7.681245698710065335e+04 2.141861951991452370e+05 2.588834960025269538e+05 2.976475194923114032e+05 3.359511347883379785e+05 2.983430084527931176e+05 2.889429040963301668e+05 3.130486382322850986e+05 3.131071368814437883e+05 3.150862795067956904e+05 3.429383410315498477e+05 3.398066262528290972e+05 2.696915727923625382e+05 2.601357644458769646e+05 2.778542113478753017e+05 2.742416291695558466e+05 2.811529579001935199e+05 2.852478446636763401e+05
1.249888366169761866e+05 -2.981275475933216512e+04 -1.507209956005678978e+05 -1.971381105855106143e+05 -3.446302520704921335e+05 -7.790625445416659350e+05 -1.331649347492493223e+06 -1.555310848867521621e+06 -1.289839270064841257e+06 -8.825702941382764839e+05 -5.165325992286668625e+05 -2.911375321948435158e+05 -2.511073625180870295e+05 -2.169188745936844498e+05 -1.814777522697113454e+05 -1.382228068448607810e+05 -9.246025361819192767e+04 -5.773304443806409836e+04 1.693030632799491286e+04 5.623335683019831777e+04 7.971484331763256341e+04 1.505640645558019169e+05 2.665211157116577961e+05 4.111027767404443584e+05 6.627589728066234384e+05 1.195776850971158827e+06 1.761753599346848670e+06 1.941608094796542078e+06 1.610593719984172611e+06 9.944098594144434901e+05 4.958190194750211667e+05 2.662444093555677682e+05 2.244232745550118852e+05 1.619854449830017984e+05 5.886955247959075496e+04 -8.436549238394945860e+03 -4.521354846772737801e+04 -1.760939687257632613e+04 -6.213040214381180704e+04 -1.658832283411170356e+05 -1.968229606957177166e+05 -2.365871607593724038e+05 -2.719532957172479946e+05 -3.037187312915930524e+05 -3.794505227566699032e+05 -4.274376938189368229e+05 -4.958973173075369559e+05 -6.243523788265858311e+05 -7.568461691029234789e+05
-2.856678740167990327e+05 -2.182218703534454107e+05 -1.165801561472471803e+05 -1.407497909036441706e+04 9.793301366502419114e+04 4.393580079986711498e+05 1.067332582985981833e+06 1.431862736855401658e+06 1.103532076305711176e+06 6.219362692430147436e+05 3.214467820536808576e+05 1.390185591706542764e+05 1.030316355393733829e+05 2.447399134165607393e+04 -5.255955430911853909e+04 -4.782041746191680431e+04 -4.040037903236225247e+04 -8.029577682376839221e+04 -1.168980885553172557e+05 -1.518349462014156161e+05 -2.381346965336700669e+05 -2.399779524537730031e+05 -1.952808992972135311e+05 -2.304083138727581245e+05 -3.020588352181948721e+05 -3.044914895540568978e+05 -2.339479604549703945e+05 -2.246919548930604360e+05 -2.601316733972633665e+05 -2.595254218543412862e+05 -2.156578947987873980e+05 -1.909763789805587730e+05 -2.300466256553781568e+05 -1.829434731730727362e+05 -1.051371277880389243e+05 -1.355440862243992742e+05 -9.991906909970531706e+04 -7.030403587268677074e+04 -1.138036265852861106e+05 -7.509155641309893690e+04 -3.506423624814499635e+04 -4.938764765393338166e+03 -5.654972636839374900e+03 -3.827417989145033062e+04 2.503721037297451403e+04 4.529642947483796161e+04 8.932605249574524350e+03 8.745621106470795348e+04 2.324995207239380106e+05
3.785962138813919155e+05 2.978001169930212200e+05 2.139585967618040449e+05 2.047697797475848056e+05 2.422565350076183677e+05 1.766824024764355563e+05 6.574158809613430640e+04 2.471827791072428226e+04 2.964802701608283678e+04 2.872017904534004629e+04 -1.298500829259876627e+04 -8.430354475160123548e+04 -8.288810262223699829e+04 -8.731484089046716690e+04 -1.270461290981620259e+05 -8.484079376445143134e+04 -7.684648164897222887e+04 -1.163335380109492253e+05 -7.911994693684388767e+04 -7.717605381854806910e+04 -1.267279637162571307e+05 -9.186950495815814065e+04 -4.723305336781786173e+04 -4.613176421960812877e+04 -8.192339489702148421e+04 -1.213690251682418748e+05 -8.766910480335334432e+04 -4.265158110647473950e+04 -7.877796260756417178e+04 -1.151980608631856157e+05 -7.191539292805839796e+04 -8.389250366366520757e+04 -1.596548669110057526e+05 -1.488037211960182758e+05 -7.120851838262740057e+04 -6.601849994156486355e+04 -1.378398347727491055e+05 -1.439119701040911023e+05 -8.004785068565979600e+04 -4.127975309849705081e+04 -7.231564294546889141e+04 -7.742650046479003504e+04 -7.235771063715219498e+03 -4.319998092251131311e+03 -1.127778983791393694e+04 7.914462123881082516e+04 1.128583326761145145e+05 5.123231956968142185e+04 -1.372553512687049806e+04
-1.145599705842321273e+05 -1.208038009074516594e+05 -9.310508107184420805e+04 -2.809549267403781414e+04 -2.802701308042742312e+04 -9.411540106055326760e+04 -9.377209824044251582e+04 -2.283916754066001158e+04 1.973898239200934768e+04 -1.841226186254061759e+04 -6.029668748029513517e+04 -1.975311678601440508e+04 5.631340214400552213e+04 5.122134233010001481e+04 -2.627430233173072338e+04 -2.101883615832764190e+04 6.140139614231872838e+04 9.597177732153789839e+04 9.530681093456223607e+04 5.907271713251248002e+04 9.089256400475394912e+03 8.078499685856548604e+04 1.253912189858967904e+05 1.500260615022887941e+04 -2.233583615394285880e+04 4.835374357062368654e+04 8.419814832741161808e+03 -9.420345808845025022e+04 -9.423278472269896884e+04 -9.415193213033501524e+04 -1.970503514853768284e+05 -2.453484503331130836e+05 -2.116675698792104085e+05 -2.372637101879806723e+05 -2.676135264697949169e+05 -2.255199526972138265e+05 -1.890007016516755684e+05 -1.941704138822391396e+05 -1.644472575106193253e+05 -1.242695787164844805e+05 -1.553544631670234958e+05 -1.606175987236207002e+05 -5.318944881320919376e+04 -4.876736003439943306e+04 -1.260349652532024775e+05 -6.853367169271211606e+04 -3.249680246342928149e+04 -9.376943186623894144e+04 -1.589005727856401354e+05
-3.117728627857285319e+05 -2.419911785831209272e+05 -1.758820642763748765e+05 -1.479290066868998110e+05 -1.098017037368845195e+05 -2.489708002307452261e+04 1.361302665201947093e+04 9.996564664179459214e+03 1.562087898026220500e+04 1.538083905470557511e+04 1.136274010175839067e+04 5.259332934161642333e+04 9.174106232356274268e+04 4.916828233283007285e+04 9.228653225582093000e+03 5.232784132822428364e+04 9.791196315316489199e+04 5.824084709165614913e+04 2.040161279845048557e+04 5.892458291957154870e+04 4.671899796696379781e+04 7.276315732160583138e+03 8.961065244744549273e+04 1.278914913546760945e+05 5.315884895506296016e+04 8.702792151365395694e+04 1.580523479555267259e+05 1.285273814829999901e+05 1.645627722586501040e+05 2.373760207719169266e+05 2.429490556346717640e+05 2.660909301158978487e+05 2.609311170305603882e+05 2.691641250171230640e+05 2.727168987027832773e+05 1.662247765599752311e+05 9.110764815355639439e+04 -2.451696694479347207e+04 -3.942610058397972025e+05 -1.076508513889272697e+06 -1.680963177097732900e+06 -1.569707234362145653e+06 -9.130971459392432589e+05 -3.281775360857122578e+05 -9.181001120015047491e+03 1.198888756264930125e+05 1.194264311809092760e+05 5.734160868800291792e+04 -8.435137280031107366e+03
6.480941867688694037e+04 -1.672901382436952554e+04 -1.023698399751447141e+05 -1.512133146205449011e+05 -1.898525423230603337e+05 -2.570160892629062291e+05 -2.571587770152834710e+05 -2.616440603369846940e+05 -2.945015696948394179e+05 -2.951884413219522685e+05 -2.994976838992444100e+05 -2.957792420929765794e+05 -3.319913232699035434e+05 -3.747947179491164279e+05 -3.388864423788617132e+05 -2.948730538948440226e+05 -3.613085758278613212e+05 -3.624082196294328896e+05 -3.242760250763966469e+05 -3.597582608717491967e+05 -3.326791984017468640e+05 -3.332453431875911774e+05 -3.610044657869735966e+05 -3.577558743476400850e+05 -3.189753036329057068e+05 -2.824232824845239520e+05 -2.830853720917366445e+05 -2.361862214631405659e+05 -2.343601678416593932e+05 -2.326378696854223963e+05 -1.501209763344374951e+05 -1.607092159183234908e+05 -1.630869148345673457e+05 -7.840221909573255107e+04 -3.563661519670858979e+04 6.085515407612547278e+03 1.148650409188126214e+05 2.543178571166943293e+05 6.087276492570510600e+05 1.260508131589737255e+06 1.799624519373760559e+06 1.747092455276293214e+06 1.087758024154460756e+06 4.737666842306490289e+05 2.135581371793535072e+05 5.470306771690957248e+04 1.846417654072912410e+04 9.964762209448846988e+04 1.768765314621841535e+05
3.971331107837613672e+05 2.397085472953039571e+05 7.803121567936614156e+04 6.739863944356318098e+04 1.052340346353594214e+05 3.834049179917213041e+04 3.869759275927208364e+04 3.449157664901565295e+04 1.678458229871466756e+03 1.167950519593432546e+03 -4.115079067531053443e+04 -7.537342745228682179e+04 -3.602540365187439602e+04 -7.973791357129812241e+04 -1.199997667921707034e+05 -3.819434836157585960e+04 -6.784397499985049944e+04 -1.074748358153738081e+05 -3.258075948455370963e+04 5.999659724766388535e+03 -4.322442837990797125e+04 -4.534228385309659643e+04 7.617438002489507198e+02 -3.534190022968675476e+04 -3.614727599895535968e+04 -8.417743293102830648e+02 -3.104335643583850469e+03 -3.282609517686074832e+04 -3.289679313777026255e+04 -3.235820282017817954e+04 -6.278215946629643440e+04 -3.729778749519016128e+04 -7.772567409789189696e+04 -1.052116163040047395e+05 -6.256654895492829382e+04 -5.802454290911555290e+04 -5.910717463819310069e+04 -2.729588779504416743e+04 -3.320457208901623380e+04 -6.610365183558296121e+04 1.147960318136090063e+04 4.705618905137060210e+03 -3.308536307420571393e+04 4.524093656917141925e+04 3.999835183960432187e+04 -1.022419216576960753e+04 2.699607560876794741e+04 1.097378321259738004e+05 1.882634628668871010e+05
-2.284235756925775204e+05 -7.821592078194953501e+04 6.754285140079422854e+04 9.591848692391067743e+04 5.795180220738984644e+04 6.865279891993873753e+04 1.085039505944587290e+05 1.820172875211576466e+05 1.882663464290092234e+05 1.885683938220608979e+05 1.851049956819040235e+05 1.896990061504764017e+05 2.296586032677441835e+05 2.237860369228291092e+05 2.218154821335336892e+05 1.894964103656819789e+05 2.358071680623105494e+05 2.342478409700561315e+05 1.563721394224557444e+05 1.947375237476079492e+05 2.215038943151007988e+05 1.810176070593294862e+05 1.509799441241196473e+05 1.523597807949408307e+05 1.509045825293287053e+05 1.859726185456381645e+05 1.834131429926489946e+05 1.149978497345002252e+05 1.144206574861889530e+05 1.896254311606755364e+05 1.957761057524476782e+05 1.829078100482006557e+05 1.413597744726585224e+05 7.516768649918958545e+04 1.541952848003716208e+05 1.577083769778256537e+05 8.083539381856098771e+04 7.528826669789862353e+04 3.201872786739864387e+04 -1.388176281470805407e+03 2.502321854699286632e+03 -4.169987785280647222e+04 -7.948820376419438981e+04 -7.338816853123728652e+04 -1.143386155203913804e+05 -2.001383965625421843e+05 -1.976893988728987752e+05 -7.669999503297847696e+04 7.622639856068557128e+04
3.097576719732026104e+05 3.057286297320388258e+05 2.580816263274755329e+05 1.691297859244514257e+05 1.294905051088426262e+05 1.775813431665303651e+05 1.775775376067031175e+05 5.673676093108952045e+04 2.308281751931644976e+04 9.971328548854216933e+04 9.521596096339635551e+04 2.186906852992298082e+04 2.250335808144882321e+04 5.409763929783366621e+04 1.306807160726748407e+04 1.846486843423964456e+04 2.614794312976300716e+04 -1.414333280175924301e+04 2.195606848690658808e+04 2.139488340821117163e+04 -2.785038367262994871e+04 -3.043211511801928282e+04 -6.076969284564303234e+04 -9.755424162722192705e+04 -1.378271665691859089e+05 -1.780647063883952796e+05 -1.795257514074910432e+05 -2.867085263435735833e+05 -4.008150091324932873e+05 -4.748060004704163875e+05 -6.186961257352954708e+05 -7.799779490288367961e+05 -1.007501391551926266e+06 -1.145735453700180631e+06 -1.097046509045175742e+06 -9.738790798024274409e+05 -7.061870035948222503e+05 -4.796410978247884195e+05 -4.432463920302686747e+05 -3.981297854939464014e+05 -3.535111661534756422e+05 -3.211927951208790764e+05 -2.821716217091302387e+05 -2.727571418473967351e+05 -2.372110138053549454e+05 -1.737409036012827419e+05 -1.696083790704146959e+05 -2.309389046404962428e+05 -2.971156026830412447e+05
7.079017908312403597e+04 -8.855790448375069536e+04 -1.365606254525482655e+05 -7.106817194959148765e+04 -1.113070954952854663e+05 -1.406260575598571450e+05 -1.016269179515074939e+05 -1.452524962602185551e+05 -1.398829462565483991e+05 -1.012126616132445633e+05 -1.440949824277777225e+05 -1.782324297423476819e+05 -1.381759214645717293e+05 -1.448990617040544748e+05 -2.241049265710171312e+05 -2.177522219158709049e+05 -2.479417122132146033e+05 -3.646738408575763460e+05 -4.047011956293134135e+05 -4.811453404650090961e+05 -5.667773799609849229e+05 -5.669166253099681344e+05 -5.947951972903694259e+05 -5.518176136445254087e+05 -3.973103113437532447e+05 -2.815940533939283341e+05 -2.045647364226167556e+05 -1.575951986387374345e+05 -1.562984707648863550e+05 -1.156797326623925474e+05 -3.134637570241489448e+04 3.405292985262395814e+04 1.453367734909988940e+05 2.300486007658762392e+05 1.966313348792023025e+05 8.656699916929961182e+04 -6.622653772239619866e+04 -1.825443818781061564e+05 -2.233395549829583615e+05 -1.797459403320676647e+05 -9.936689367284975015e+04 -3.153268828638899140e+04 4.252372862887545489e+04 4.972854742431081831e+04 8.715502748964354396e+03 3.331483956309966743e+04 7.272605472477176227e+04 1.207061327435064595e+05 2.013016553502501920e+05
-1.550336337066249689e+04 -1.849990563117899001e+04 -6.596235775272356113e+04 -1.168376652430742979e+05 -1.175424288702197373e+05 -1.461657514527905150e+05 -1.453420447325333371e+05 -1.493233532318847138e+05 -2.602746186987496912e+05 -2.596375869598704448e+05 -1.456023005349561281e+05 -1.788974433462134621e+05 -2.549127493461127160e+05 -1.829863790993112489e+05 -1.057144863647408783e+05 -9.874676006613299251e+04 -1.212851489195623435e+04 2.654585267766378820e+04 2.477687141625210643e+04 1.798796428088098182e+05 2.864538137940685265e+05 2.839459994807838229e+05 2.533538341172975488e+05 1.778357831749600591e+05 9.847250082646474766e+04 1.977011672919632838e+04 1.846254201605932030e+04 2.581175835803155860e+04 -1.245689707575362445e+04 6.548382884822820779e+04 1.870178030652457383e+05 2.512862937897450465e+05 3.235181944048974547e+05 4.450908748980140663e+05 4.863552633998912643e+05 4.119583464821334928e+05 3.700419841520488262e+05 3.265198333223822992e+05 2.449935996334534138e+05 1.728423501853826456e+05 1.005892677768131252e+05 1.660465598455676809e+04 -5.982297473587072454e+04 -5.242158014792925678e+04 -5.561899309395789169e+04 -1.422397368180097546e+05 -1.759935648774264846e+05 -2.381393337284664158e+05 -3.797930077195572667e+05
-2.155614989832965657e+05 -1.400299057853408158e+05 -7.040177920716768131e+04 -8.347911175107583404e+04 -1.638728682091459632e+05 -1.935005005600396544e+05 -1.936200056725647300e+05 -2.772636386612430215e+05 -3.505510680784941651e+05 -3.506185127946080174e+05 -4.329208756575831212e+05 -5.060467195743697230e+05 -4.652784063038416207e+05 -4.327672812272793381e+05 -4.725090945791450795e+05 -4.653036885883194627e+05 -3.777859364391773124e+05 -2.989182676351628033e+05 -2.613505037571302673e+05 -2.219145887892226747e+05 -1.516183303936848824e+05 -1.137550424085929553e+05 -1.044218814582565683e+05 -6.241329915123069077e+04 5.232533177826585597e+04 9.016170861199512728e+04 1.159858206170590711e+04 1.856714962981644203e+04 9.620885426993464353e+04 5.931291291024502425e+04 2.752054069307616737e+04 5.511642088997179235e+04 -2.441960849449949455e+04 -5.403879224322750815e+04 -4.825183409499017580e+04 -1.208105400297788728e+05 -1.604398738860617741e+05 -2.007307436177510535e+05 -2.411062692804261460e+05 -2.346489435550749768e+05 -2.290218129975260235e+05 -2.736839198821692262e+05 -3.485137126513281837e+05 -3.381643333157992456e+05 -3.009734104701790493e+05 -3.479857593891201541e+05 -3.048807277111331932e+05 -1.039702013880030718e+05 1.291579750925311819e+05
1.266967271547763958e+05 1.248001144733279943e+05 1.169980681163724512e+05 1.837270152894780040e+05 2.617850330099463463e+05 2.331438997341319337e+05 3.128285923018118483e+05 3.873670311702882173e+05 3.537129691033626441e+05 4.328122557874302147e+05 4.685014074528592173e+05 4.341971680871210992e+05 4.348152255290187895e+05 4.267151583358643111e+05 3.856005873437968548e+05 3.518458513624500483e+05 2.803332707204394974e+05 1.611711768480017781e+05 1.575994430261198431e+05 1.167936386528890580e+05 -9.979527635732199997e+03 -1.693344032927416265e+05 -5.527583024790519848e+05 -1.410870216328182491e+06 -2.271335025688167661e+06 -2.070570284187562298e+06 -1.204750963971016696e+06 -6.469732860743545461e+05 -3.710612509283239488e+05 -2.499917348031885922e+05 -2.412701978161928710e+05 -2.503475347021599300e+05 -2.123425966140360106e+05 -1.634530506073494907e+05 -1.951158801070419140e+05 -1.516545546799902804e+05 -7.541549776215106249e+04 -1.153777074604295194e+05 -1.171865000226534903e+05 -7.245495256618596613e+04 -6.726595245650969446e+04 -3.685263521620118991e+04 3.878633479122072458e+04 4.783630586927756667e+04 7.655980559065472335e+03 3.431602980359457433e+04 7.593698382144840434e+04 1.254895127017502673e+05 2.080640372808529064e+05
4.662487364606955089e+04 2.029225421301089227e+05 2.344383240223398898e+05 1.425496644061058760e+05 6.196939412271603942e+04 -4.635610196623019874e+04 -8.562288541579619050e+04 -5.082748235668987036e+04 -1.242937069584152196e+05 -2.031565808586308267e+05 -2.066025113640353084e+05 -2.798982595116831362e+05 -3.576259641849901527e+05 -3.253126792318652151e+05 -2.861411807255351450e+05 -3.579600470443259692e+05 -3.886984131520151277e+05 -3.484359579195732949e+05 -3.896156692481598584e+05 -3.499558864370918600e+05 -2.387046764255498420e+05 -1.609917917731215712e+05 1.622226580569989164e+05 1.065953934197310824e+06 1.922084387205541600e+06 1.720418996672380250e+06 8.546265701239441987e+05 3.112945589364976622e+05 1.149391963542439044e+05 -3.963458154001273215e+04 -7.211293910513631999e+04 -8.299502069712663069e+04 -1.244603902345988899e+05 -1.548206203163135797e+05 -2.268238384812134318e+05 -3.005005104013253003e+05 -5.337558707292200997e+05 -1.074173552450958872e+06 -1.688425874107050011e+06 -1.944576745515218237e+06 -1.815300457463601837e+06 -1.469276866599689005e+06 -1.040795321395850508e+06 -7.954910821036910638e+05 -7.157022840029112995e+05 -6.453116068930812180e+05 -5.603182156756520271e+05 -4.688568404223765247e+05 -3.833819710044115782e+05
-8.656613211263902485e+04 -7.700456556631252170e+03 2.506770657608262263e+04 5.259603927726834081e+04 9.174141852650791407e+04 1.034344232163857669e+05 1.048095933324656216e+05 1.009480323735624552e+05 1.076070963568055304e+05 1.088654150883666007e+05 1.459446775680409046e+05 1.524815452878830256e+05 1.540401594224385917e+05 1.466556539887096151e+05 1.067450615623965277e+05 1.533888170123101445e+05 1.615568601177075761e+05 1.221533882652874745e+05 1.193459792633074685e+05 1.579817283723968430e+05 1.505642063904086535e+05 3.040455690002966367e+04 3.921712526236668054e+04 1.210370116168632667e+05 3.937828456982934586e+04 -3.993747898261062073e+04 -4.000760514987631177e+04 -7.239073674660189135e+04 -1.109128256363327819e+05 -6.883725296938768588e+04 -1.002620160521469807e+05 -2.272298008447986795e+05 -2.284309398802008945e+05 -1.799480374762787251e+05 -1.734742580819874420e+05 -1.304622768843547092e+05 6.121751723112602485e+04 4.449439127719969256e+05 9.803201199066808913e+05 1.289539596982063958e+06 1.057286322445142781e+06 5.827589809079687111e+05 1.571723579638632946e+05 -1.023362706077760085e+05 -2.565376215940336697e+05 -3.423119612457221374e+05 -3.360050917661287822e+05 -3.221596763073457405e+05 -3.136096346029005945e+05
-8.725238895742222667e+04 -8.404115375597029924e+03 2.409173153340816498e+04 -6.851494147093032370e+04 -1.893244107509963214e+05 -2.577551580721046194e+05 -3.364289308967998950e+05 -3.404746742057615193e+05 -2.541028753586581151e+05 -1.331850498670245870e+05 -1.620260741095984122e+04 -9.448026641039061360e+03 3.203393031377345324e+04 1.837016711290925159e+05 2.233140248944982013e+05 1.904211150354240672e+05 1.983730023202953162e+05 1.985507186024914845e+05 1.954393425106536015e+05 1.942693724168929621e+05 1.869058978185055021e+05 1.454156828462144476e+05 1.144567185419148300e+05 1.172339558589737280e+05 7.456073807086778106e+04 3.435918152797961375e+04 3.404348329058848321e+04 4.031080216169368941e+04 1.257382603362319060e+03 -3.536727616447012406e+04 -2.821485324413515627e+04 -3.852707737009064294e+04 -1.518085056450334378e+03 6.866059332387638278e+03 -2.666774549405073049e+04 1.542240900336741470e+04 5.168970325845293701e+04 4.942224913975235540e+04 4.725167989614419639e+04 1.404503704165108502e+04 5.659725686186074745e+04 8.601064148941135500e+04 7.528020547469961457e+03 1.704865100793575402e+04 1.557858765241748188e+04 5.091568320058286190e+03 -2.797710342099971604e+04 -2.060508090257620206e+05 -4.272642936836879235e+05
3.457789642584969988e+05 5.054017958941404941e+05 6.585227448784278240e+05 7.659418966516384389e+05 9.249112417874857783e+05 1.056395029526902130e+06 1.057334272498264443e+06 1.012789774908451946e+06 8.987387062388013583e+05 7.792601683246900793e+05 6.157782549178227782e+05 4.216904654016257264e+05 3.022583899856540374e+05 1.336620496632526629e+05 -6.681887935730582103e+04 -1.403575933002871461e+05 -2.527542224503122270e+05 -3.722643899300601333e+05 -4.153770343109499663e+05 -4.961021425970830023e+05 -5.020042432122854516e+05 -5.029073423217050731e+05 -5.727454523253266234e+05 -6.081255410227456596e+05 -6.100851665704975603e+05 -5.691887908836362185e+05 -5.673397121450398117e+05 -6.385429303150170017e+05 -5.965561162855011644e+05 -5.515585082944015739e+05 -6.210321496799583547e+05 -5.891621521487835562e+05 -4.702899378549796529e+05 -4.204688207234719303e+05 -3.733680369751527905e+05 -2.899093377799727023e+05 -1.735598873195701744e+05 -5.662999936612322927e+04 5.956854072981514037e+04 1.434360329224723391e+05 1.861573195562241599e+05 3.311703226610545535e+05 4.062008447037066799e+05 3.758857826946778223e+05 4.498730326478836359e+05 4.764026382309371838e+05 4.408830850955573260e+05 5.287301125877974555e+05 6.891008321859296411e+05
2.246180080808699131e+04 1.827309024333953857e+05 2.157001335069073830e+05 1.219031381560491864e+05 1.201213215384632349e+05 1.312589696235952433e+05 9.166236426332034171e+04 4.665300827240548097e+04 1.239534309715963900e+04 5.332126936642453074e+04 1.006333827506727539e+04 -1.038617183873429894e+05 -1.429310005239676684e+05 -2.314493372698777821e+05 -3.513990233186630066e+05 -4.241667620360387955e+05 -5.361611399985851021e+05 -6.546903957030733582e+05 -6.967393290973266121e+05 -6.964538582880047616e+05 -6.206035587412763853e+05 -5.005010413785927230e+05 -4.500615994038534118e+05 -3.654014820244628936e+05 -2.479551219125275966e+05 -1.673848244012333453e+05 -4.707350316108181141e+04 3.891354423132725060e+04 7.917490260093472898e+04 2.406317907979250886e+05 3.262996558961459668e+05 2.759110139450062998e+05 3.912916383042474627e+05 4.768181205540895462e+05 4.021664479537863517e+05 4.033791853766884888e+05 3.990851856721562217e+05 3.960023939248647657e+05 4.323882021312600118e+05 3.585791657573999837e+05 3.221672409505124670e+05 3.115146382281101542e+05 2.312363433395507745e+05 2.018263022007888649e+05 1.614553120406351518e+05 3.541953943902626634e+04 -2.287348225689514074e+05 -5.234116881096236175e+05 -7.458068396721379831e+05
-2.853614781401131768e+04 -1.083757061150390655e+05 -7.448941319249570370e+04 -7.123733628541231155e+03 -8.275342978304252028e+03 4.417605379829183221e+04 5.349592637503519654e+03 1.334083392284926958e+03 8.868739958852529526e+04 9.048482505488209426e+04 1.285012660804205807e+05 1.358476936724039260e+05 1.776365030347369611e+05 2.499601103190797730e+05 2.906662961223627208e+05 4.181971988885201281e+05 4.655465123197066714e+05 4.657758579612707836e+05 4.618206174054646981e+05 3.796093209029639256e+05 2.934294884314292576e+05 1.315294409613119205e+05 2.012088010204024613e+04 -1.637531805667083245e+04 -1.396068001608366612e+05 -1.792712775117253186e+05 -1.385735495563130826e+05 -1.721101514657497173e+05 -1.712584208673798130e+05 -1.274874396307858988e+05 -1.596508692938366439e+05 -2.084658997133378580e+05 -1.698404050839607371e+05 -8.230518172611496993e+04 -7.606890361872513313e+04 -1.517335971957070578e+05 -1.540381366049402859e+05 -1.148919702682180650e+05 -1.147847820923197578e+05 -1.079816811985799141e+05 -1.419732861255767057e+05 -1.505882550438405888e+05 -1.118378844670948456e+05 -1.778278704383419827e+05 -8.361539290181791876e+05 -2.505669723972671200e+06 -2.836655376213600859e+06 -8.000278802286097780e+05 1.769449503391522914e+06
-7.121699863427774981e+05 -7.122485957399480976e+05 -7.200449459359510802e+05 -7.353547365521076135e+05 -6.575569587072823197e+05 -5.255308522190900985e+05 -4.444476890715302434e+05 -3.282864488160703331e+05 -2.818353757995646447e+05 -3.208665134978945134e+05 -2.426529595081227599e+05 -1.142972670437303605e+05 -7.261898712138645351e+04 -1.214470421662554145e+05 -1.204829335864632158e+05 7.921392502030474134e+03 5.551631066598929465e+04 1.621967200422659516e+04 1.274123896728269756e+04 -2.898294660379178822e+04 -7.373312240000790916e+04 -7.482719837804313283e+04 -1.059369018184954766e+05 -1.821641390130387153e+05 -2.656777247379068867e+05 -3.447819498332680669e+05 -4.629949253110682475e+05 -5.758495202381174313e+05 -6.531852614390659146e+05 -8.061911040393171133e+05 -9.951406077621496515e+05 -1.159481242523764027e+06 -1.314530183958127862e+06 -1.340334506243234035e+06 -1.169355094656347297e+06 -9.231227851263247430e+05 -7.230367935844687745e+05 -5.217660324147446081e+05 -3.211921817949041724e+05 -1.940805165457995608e+05 -6.990617574890982360e+04 3.976111544179636985e+04 1.176233955658962950e+05 2.458213419490512460e+05 1.020461211538636126e+06 2.942893128978312947e+06 3.477849086193600670e+06 1.465432412936371285e+06 -1.166720843543321127e+06
6.592779565823730081e+05 4.982505226472858340e+05 2.888371576438667253e+05 -9.099396405508741736e+04 -6.213215755450073630e+05 -1.097862804564647377e+06 -1.585625842348671984e+06 -1.916613898855868727e+06 -1.749560289678630885e+06 -1.302635590359568130e+06 -8.592582365521232132e+05 -5.274545144371228525e+05 -3.639056769921442028e+05 -2.509436808677854715e+05 -1.279171380493789911e+05 -1.606667830445806030e+05 -1.939991751266645151e+05 -1.519090498483272968e+05 -3.570059436338486848e+05 -8.826989029720423277e+05 -1.570327654915160034e+06 -2.011152486969949678e+06 -1.876121753454211866e+06 -1.423494495324557647e+06 -9.397738729999386705e+05 -6.136991941800806671e+05 -4.088922822265885770e+05 -1.603398981026839465e+05 4.224388444796204567e+04 2.472844240698032081e+05 4.938686975056771189e+05 7.624208615976413712e+05 9.579834824416348711e+05 9.625924782070801593e+05 9.254806654760614038e+05 8.059788212575952057e+05 5.626860023685724009e+05 3.628669311036362778e+05 2.041987795452589635e+05 1.312521443399598356e+05 5.702646299963770434e+04 -3.085753266583196819e+04 -3.148320004343986511e+04 -5.853119074832671322e+04 -9.684807156096212566e+04 -6.556751743541075848e+04 -1.928033768082968891e+04 -8.321758708567218855e+04 -2.302988518064366654e+05
2.418776219547726214e+05 2.434863297850824893e+05 2.374166015628725290e+05 2.638259907125029713e+05 5.051624694454949349e+05 8.821712818997907452e+05 1.085908809901447734e+06 1.040461910301819909e+06 6.812379130045892671e+05 3.321505652274936438e+04 -6.189413583138966933e+05 -1.179824468059232924e+06 -1.867996298493816983e+06 -2.565050870700505562e+06 -2.601725887210340239e+06 -1.699544102409854066e+06 -6.773046321992308367e+05 -1.883585887169465423e+05 9.234601210220716894e+04 4.952945483662185725e+05 1.137164298046843149e+06 1.658806327289203182e+06 1.543550710617567413e+06 1.060855689657619921e+06 6.920348104729775805e+05 4.896805441111791879e+05 3.285855609399727546e+05 5.186281052301637828e+04 -4.692288505146263633e+05 -8.646113792143295286e+05 -7.354631759377669077e+05 -3.823845952318508644e+05 -1.425976442440887331e+05 -1.484262992511520861e+04 -4.839030017843499081e+04 -1.256832909630610957e+05 -8.876787572400625504e+04 -8.814068083069303248e+04 -1.264985709777101438e+05 -1.191960137756538170e+05 -1.534665358997887524e+05 -2.016435164853467722e+05 -2.017613514920225425e+05 -2.279323974449660163e+05 -2.260937590722467285e+05 -1.932325780659442535e+05 -2.238607717363635311e+05 -2.091881672781893285e+05 -1.213076405902360566e+05
-2.979766287840902805e+05 -2.141310527594760060e+05 -9.729185585398226976e+04 -6.998913513612933457e+04 -1.116263862559571862e+05 -5.768292583292350173e+04 2.571263426798395813e+04 6.275881068082526326e+04 7.022735752514563501e+04 1.544210705021396279e+05 2.344161382352467626e+05 4.051618180563678034e+05 8.532491383911108132e+05 1.412062469169031363e+06 1.453319768841610756e+06 6.087880946462964639e+05 -2.355496990564275184e+05 -5.168868055520577473e+05 -5.191554415831340011e+05 -3.577096363401504932e+05 -7.715621247189166024e+04 1.647848442220131401e+05 3.349552798620432150e+05 4.192615208018103149e+05 3.742408026068002218e+05 3.740107998799064662e+05 4.546516927902121679e+05 6.594407286727812607e+05 1.059325740282655228e+06 1.261334956807549577e+06 1.024343575302046142e+06 6.120372701180158183e+05 2.490292334987332579e+05 5.570938816876150668e+04 2.132827986497478560e+04 -1.679345043725334108e+04 -1.397910743916877545e+05 -1.793383639643439092e+05 -1.778556530491909944e+05 -2.500063890998710413e+05 -2.447533872118222062e+05 -2.138537375954913441e+05 -2.537539586098857690e+05 -2.801068151916847564e+05 -2.387601560784974135e+05 -2.450529110839117784e+05 -2.364568128285466228e+05 -1.039336077345081139e+05 6.259303695871727541e+04
-1.776445209945086390e+05 -1.234288358944466017e+04 6.359331058105450938e+04 8.604705976322264178e+03 4.736229013418778777e+04 1.005594547034706920e+05 2.033134434605016577e+04 -6.572445117519250198e+04 -1.813507405878044083e+05 -3.418601699767167447e+05 -5.470593174779792316e+05 -7.014012105157603510e+05 -6.992377184471113142e+05 -5.851414032129102852e+05 -4.193622242764101829e+05 -2.479279135458637029e+05 3.155998165020486340e+03 2.084469468309544027e+05 2.458585325046440121e+05 3.253678908944127616e+05 3.632743988721626811e+05 3.621834298234898597e+05 3.705796140723401913e+05 2.934971101011616411e+05 2.484598395903593628e+05 2.085221899009776535e+05 1.691421285155228106e+05 1.738854545296638971e+05 1.340326931513847667e+05 5.819973427569482010e+04 2.481781958485950599e+04 1.609249199740585755e+04 5.520875386544500361e+04 6.260323212831292767e+04 -1.126143483910724171e+04 -4.914699400542301009e+04 -5.231002830900248955e+04 -1.167470100685025682e+04 -9.933953946456138510e+03 -8.234318813891129685e+04 -1.169106150104199769e+05 -1.256812257226558286e+05 -1.261111438507210696e+05 -1.918556439119866118e+05 -2.686994062142916373e+05 -2.744183971907469677e+05 -3.043917268409868702e+05 -3.285926411452228203e+05 -3.187663365050628781e+05
-2.227331592049448518e+05 -3.015003856131807552e+05 -3.477148752403444378e+05 -3.624375671823508455e+05 -4.054502989910542965e+05 -4.336963924625887303e+05 -3.101367349678183673e+05 1.151732144993764814e+04 3.851305293815674377e+05 7.137420536659189966e+05 1.078667972875992768e+06 1.453138397772564087e+06 1.616701500164344208e+06 1.484286475293337833e+06 1.281597827245713677e+06 1.002955581583082676e+06 6.004058168875058182e+05 1.937944809638429433e+05 -2.176816093130037189e+05 -6.267856521881185472e+05 -1.156826746347357519e+06 -1.603414846438681707e+06 -1.795802109638465103e+06 -1.829054272316861432e+06 -1.505726781054398045e+06 -1.055604100291384850e+06 -7.679182196687898831e+05 -5.183465601189536974e+05 -3.541291170986369252e+05 -3.069547463138587773e+05 -2.182477292383557651e+05 -1.045738230436106678e+05 -6.423999731661821716e+04 -5.637831653584702872e+04 -4.928186241886578500e+04 3.316787637537322007e+04 7.009629684383957647e+04 -8.693973448826000094e+03 3.374463767278916202e+04 1.211164086323694792e+05 4.628596931463060901e+04 3.699013533419859596e+04 1.157370419742071535e+05 8.887992905103601515e+04 9.035946912248618901e+04 1.234094823489428964e+05 1.315365118253978435e+05 1.454633707902389579e+05 1.544237151951491833e+05
-2.683737058343830286e+05 -2.652934519655536860e+05 -2.704742303898092359e+05 -2.443556446558795287e+05 -8.331458959844894707e+04 1.334692838485352113e+05 3.388895829790270654e+05 5.383675509248864837e+05 5.448942268756222911e+05 4.249089586117768777e+05 3.822241998359097634e+05 3.086069948831576621e+05 1.465230751584748505e+05 5.558040718315169215e+04 -2.353960073902271688e+04 -1.379978199372999370e+05 -1.728826702968218597e+05 -1.709826323378365487e+05 -9.290998469223268330e+04 2.747553608962334692e+04 2.293244174402201315e+05 5.536257811426190892e+05 6.425290544133178191e+05 4.833643103204669897e+05 2.749312276823907159e+05 -4.918084979057218879e+04 -3.314476923318582121e+05 -4.884141257230665069e+05 -5.272988427767996909e+05 -4.802301291306498460e+05 -5.127545671025288175e+05 -4.794051671598574612e+05 -4.786183088819977129e+05 -5.104709332855418324e+05 -4.620386637328190263e+05 -4.991030056087761768e+05 -5.011191682645583060e+05 -4.577865905861844076e+05 -4.133709644782354590e+05 -4.041593537107098382e+05 -3.575764982448890805e+05 -2.452942982746763155e+05 -2.051014345255675726e+05 -1.112770643900141586e+05 -6.863039340125373565e+04 -3.457069811993278563e+04 9.352795209735701792e+04 6.820877942256769165e+04 -8.126277872361522168e+04
6.241919095395130571e+05 7.912274665897709783e+05 1.031895393033045810e+06 1.181612420640885597e+06 1.057945153254549950e+06 9.080115079542153981e+05 7.870755446655673441e+05 6.191081585548820440e+05 5.029612048109995667e+05 4.235876869352067588e+05 4.215307031502018217e+05 4.293357792415192816e+05 3.893263064231723547e+05 4.611518143280406948e+05 5.039741188415789511e+05 4.295463194057811052e+05 3.528009239432872273e+05 2.722140949626918882e+05 1.048797873873263597e+05 -3.456501330831088126e+05 -9.981771160266336519e+05 -1.404671225937781390e+06 -1.394416886244437424e+06 -1.021885866178200580e+06 -5.370796249283000361e+05 -2.912345368415118428e+05 -2.077044494659637567e+05 -2.026732764858756273e+05 -2.013662305055186735e+05 -1.546007082262075855e+05 -1.877611674705983023e+05 -1.952792902220971300e+05 -1.144924843311316799e+05 -6.657846259302448016e+04 2.084423744934645947e+04 1.029078391229268163e+05 9.893684450304129859e+04 1.402429663739170064e+05 1.827721485821529641e+05 2.296485406218555872e+05 2.340447103022598603e+05 1.442643481632701296e+05 1.427075588260773511e+05 1.556621593493036635e+05 7.766227698884958227e+04 7.160079315886812401e+04 1.201863097015305539e+05 1.342910628532986739e+05 1.434663442103167763e+05
-1.015172363825840643e+06 -8.481209110619965941e+05 -6.077946567197793629e+05 -3.365518172958400100e+05 -2.159247554535977542e+05 -1.616696353396400809e+05 -7.810192862641997635e+04 -8.228227368439594284e+04 -3.431799663812899962e+04 9.175287380348891020e+04 9.090443915571086109e+04 9.992306141532026231e+04 2.244642129039857537e+05 2.974507011321838945e+05 3.008745032595468219e+05 3.909042015625166241e+05 6.005373890954072122e+05 8.062262145755809033e+05 1.006100594896124443e+06 1.492129743169061374e+06 2.222547781268363353e+06 2.585503914866130333e+06 2.386493767224023584e+06 1.899068681733916048e+06 1.240552252359918784e+06 6.700294286140715703e+05 2.637468691100357100e+05 -2.609398539934772998e+05 -8.284876533527849242e+05 -1.308318627196131740e+06 -1.583514350530458149e+06 -1.426821100403322838e+06 -1.060574996939399280e+06 -7.685636975313541479e+05 -5.179552091052744072e+05 -2.737228323286406230e+05 -1.159512657043521758e+05 -7.381920012878277339e+04 -7.046876925393007696e+04 -1.029730889934578445e+05 -1.779091381886983290e+05 -3.867444042873093858e+05 -7.470377856318352278e+05 -1.051147664176536025e+06 -1.165045344098472968e+06 -1.006429351472758804e+06 -7.139619361690712394e+05 -5.378054610616520513e+05 -4.472897478262800723e+05
1.192449797585140914e+06 8.698986276122740237e+05 4.979714922118000686e+05 2.380236166121903807e+05 1.536598904919810593e+05 8.439372390159405768e+04 4.428264731541275978e+04 -1.246979090070822276e+05 -5.278454213694203645e+05 -1.057117750359465834e+06 -1.508712097365643131e+06 -1.418402365036310162e+06 -8.851370276766825700e+05 -4.033831237046977039e+05 -1.134310399543027161e+05 -2.316541279666125774e+04 2.302282562595792115e+04 1.477845517895183293e+05 2.671279078302903799e+05 2.653146453644147841e+05 3.058899142348666210e+05 4.278448305383789702e+05 4.764164648298182874e+05 5.212828404013995314e+05 5.972558880108407466e+05 7.600547456822814420e+05 9.230899190518539399e+05 1.128289458829678595e+06 1.491898648776112357e+06 1.697469954405678436e+06 1.497578280000015628e+06 6.359304208541242406e+05 -1.227874026570933405e+06 -3.119845163039859384e+06 -3.147311779091828968e+06 -1.685119241401555948e+06 -6.354019985685577849e+05 -3.091329350566962385e+05 -1.435721290169751737e+05 -1.465521769016038161e+04 1.513199736922993325e+05 4.229323372861829121e+05 7.413165115157588152e+05 1.072927672096997034e+06 1.192272765941454563e+06 9.839167277293719817e+05 7.110993908310777042e+05 5.244026231323364191e+05 3.733715812652278692e+05
-7.851221914519555867e+04 -1.560950982046779245e+05 -1.604949406592641026e+05 -1.345081131742335856e+05 -1.368239823111798614e+05 -4.199569052085280418e+04 4.117187240859493613e+04 1.182622689055281226e+05 4.519844342535358737e+05 1.068527942469808739e+06 1.557866724588676589e+06 1.443349625029369723e+06 8.715776550059670117e+05 3.708837722789028194e+05 1.284519949473903980e+05 -2.738551516667986289e+04 -1.455738260562065989e+05 -3.072814165067391004e+05 -5.148647365614303853e+05 -6.389716731244695839e+05 -7.197682072711163200e+05 -7.598308541148430668e+05 -7.098930767038849881e+05 -5.817144452303183498e+05 -4.631443902163297171e+05 -3.795237838150933385e+05 -2.140605481259984663e+05 -4.680724488920543808e+04 -5.017401830991613679e+03 8.247593843261746224e+04 3.727769722335496917e+05 1.052969320081180427e+06 2.426275612940086052e+06 3.681785712027919479e+06 3.195578785168468021e+06 1.371037318267630413e+06 -9.674420944649726152e+03 -5.732564345339788124e+05 -9.314260299864681438e+05 -1.244059332727916539e+06 -1.276334931909807026e+06 -1.201445124991007149e+06 -1.199256350782230729e+06 -1.021779482808197383e+06 -7.754567804886044469e+05 -6.174561186949706171e+05 -4.854773151548585156e+05 -4.696297056984602823e+05 -5.392239739594419952e+05
-8.685579324839659967e+04 -1.638619632483460009e+05 -2.086389809183313046e+05 -1.417147618613671511e+05 -6.219825280946679413e+04 -8.969503540429263376e+04 -8.809833088191226125e+04 -1.093302106251916848e+04 3.661197698442265391e+04 4.014190090820193291e+04 8.018950757919810712e+04 1.709749797580300365e+05 2.135340038768479135e+05 2.453085915360131767e+05 3.720483067317400128e+05 4.622166407399346353e+05 5.483795467822348000e+05 7.545339449786113109e+05 9.143080861109771067e+05 1.034142806925810408e+06 1.197039041095411405e+06 1.236450926898978185e+06 1.201949503639482195e+06 1.164237022335873451e+06 9.945639843342350796e+05 8.717250435124142095e+05 8.312124339235010557e+05 7.516800411627637222e+05 5.880564248829614371e+05 4.302212973742289469e+05 3.539454149687653407e+05 -2.225895603303853422e+05 -1.885697212851375807e+06 -3.416366873328804038e+06 -2.836296005370089784e+06 -1.008247758105866262e+06 1.224132727284462890e+05 5.284605793457021937e+05 6.525090428721157368e+05 6.989701809815578163e+05 7.831161689874730073e+05 7.324211507150928956e+05 6.087997470924146473e+05 4.604313580435696058e+05 2.614328331314041279e+05 1.363606441835868172e+05 -1.384722244343860075e+04 -1.595248063269532286e+05 -2.297172800369989127e+05
1.573531862290109275e+05 2.440191869356203824e+05 2.811964769964105217e+05 2.664276919572148472e+05 3.050071823911275715e+05 2.773756746039725840e+05 1.560210400621871813e+05 1.509237969282550621e+05 1.979051044653170393e+05 1.192039833916350617e+05 3.604230200988240540e+04 4.450010553700849414e+04 -3.623858304112218320e+04 -1.276932406274134992e+05 -1.236336312326602056e+05 -1.153647730674129562e+05 -1.523163220379501872e+05 -1.911133407079613826e+05 -1.531314219860359444e+05 -1.139219223998952366e+05 -1.123178131424354506e+05 -1.526172310078983719e+05 -1.444745895999952045e+05 -5.751388576114561874e+04 -6.193893865798614570e+04 -6.032554118544806261e+04 -1.719111508573411265e+04 2.733749898266984383e+04 6.904102651868021348e+04 7.568956244271248579e+04 2.444489437073927256e+05 8.455338795017504599e+05 2.384581530150030740e+06 3.967572531990005169e+06 3.480978549169370905e+06 1.652031495915728621e+06 5.509136367565952241e+05 6.624997553066350520e+04 -5.359474542213128880e+05 -1.778265107221662998e+06 -3.503405758843305055e+06 -3.907434193842356093e+06 -2.449433320034288801e+06 -9.399228763731635408e+05 -2.906600832717977464e+05 -5.243861355120298686e+04 7.880844836938253138e+04 1.335633597034025879e+05 1.433155000652157469e+05
-8.614572376478440128e+04 -1.631559195229783654e+05 -2.082098377088548150e+05 -1.830342536431271583e+05 -1.861582786915823817e+05 -2.143722852377686650e+05 -1.727132621791679412e+05 -1.373947632382623851e+05 -1.316966584976763697e+05 -8.781987161491985898e+04 3.344235688797233161e+04 1.644970075285527855e+05 1.653995847154874355e+05 1.964181271218694746e+05 3.231439478753600270e+05 3.719519635848703329e+05 4.158378507092131767e+05 4.581125254044306930e+05 4.544890050915998872e+05 4.519118203211110085e+05 4.531032476073591970e+05 4.119180343684270047e+05 2.963823530077938922e+05 9.686400610487954691e+04 -4.382784756785272621e+05 -1.740560115264957072e+06 -3.080686022717273794e+06 -2.951192674115305766e+06 -1.643446347159336088e+06 -5.351516971352957189e+05 -3.960609017522120848e+04 1.570879656204497442e+05 2.383218021760701668e+05 2.448539516865278129e+05 2.925056775857228786e+05 3.736091622966339346e+05 4.495994589477777481e+05 5.725572178093726980e+05 9.798852548969426425e+05 2.196475073446047958e+06 3.850890930977197364e+06 4.076349198371184058e+06 2.535538688196094707e+06 9.735843625268861651e+05 1.699208106240294874e+05 -1.957582388259470463e+05 -3.451875840604789555e+05 -3.699885652121147141e+05 -3.595753116998709738e+05
2.716009851021225913e+05 1.138883832062128931e+05 6.977636077092021878e+04 9.544382814085108112e+04 5.198183716856874526e+04 6.525707658263851044e+04 2.559994455659760570e+04 -6.141547173727306654e+04 -5.560040965792727366e+04 -1.339303812326397165e+05 -2.576379759120757517e+05 -3.308216272178106592e+05 -3.297076128190382151e+05 -3.392585097299887566e+05 -4.569745606742796954e+05 -4.483406532660594676e+05 -3.632797015097460244e+05 -4.017095198959575500e+05 -4.038378409238064196e+05 -2.824124800448771566e+05 -1.976323768170552794e+05 -1.963640507531820331e+05 -6.575897185364738107e+04 2.255536874465174042e+05 7.918506505899145268e+05 2.096722729924363317e+06 3.481670815963299014e+06 3.399206570570829324e+06 2.011363739040683024e+06 8.757350437215049751e+05 4.328103356040087529e+05 1.810493068385394290e+05 1.765730290208104998e+04 -1.384934163151774555e+05 -3.340788748057093471e+05 -4.553386827418580651e+05 -6.618777104013138451e+05 -9.012406910117734224e+05 -1.016013534163357690e+06 -1.167505610779623035e+06 -1.320946116226262180e+06 -1.325774009719027672e+06 -1.202537590614516754e+06 -1.024248281952460296e+06 -8.571096589753892040e+05 -6.568146939983107150e+05 -4.028000979998609982e+05 -2.263767438207287341e+05 -1.355372285970910452e+05
-1.801530687580816448e+05 -9.307401304831728339e+04 -1.482683194219140569e+04 1.068843002314679325e+04 4.876175598707050085e+04 6.206252496573145618e+04 6.332386313821186195e+04 1.396002069651150960e+05 1.453980738040992874e+05 1.898560787923633470e+05 2.705530867585914093e+05 2.791337270115037682e+05 3.209653526346663712e+05 3.520294204854871496e+05 3.569038922362959711e+05 3.242578043567484710e+05 3.263726705301087350e+05 3.687677473016083241e+05 2.842245601047761738e+05 2.412929511512627359e+05 2.848735876730640884e+05 2.037767316319511738e+05 1.291384122660385910e+05 1.749119881750079803e+05 1.699737191887104418e+05 8.965179183753207326e+04 9.167063533212104812e+04 1.758386525663086213e+05 1.357640619471208192e+05 1.020424716477287002e+05 1.484333090169820935e+05 1.415720528294327669e+05 1.817056947317915037e+05 1.472177049773745239e+05 7.325971659505739808e+04 -1.702674375893534161e+05 -1.227767514404844027e+06 -2.356787916176258121e+06 -1.862245945464822464e+06 -3.138283995061638416e+05 5.821613856893987395e+05 7.355905916809584014e+05 6.932590290298666805e+05 6.255569032125648810e+05 5.474425745476052398e+05 3.827754889137567952e+05 2.726192153466404416e+05 3.673930891463507432e+05 5.382111390819707885e+05
-5.938174860237631947e+05 -3.441152459697332233e+05 -1.438759714702609926e+05 -1.592199656693262514e+05 -1.619995929719880223e+05 -6.726127210422419012e+04 -1.066708781837949064e+05 -7.135603731265291572e+04 5.649688184028491378e+04 6.053664834005758166e+04 -2.152445988729596138e+04 2.798823912278725766e+04 1.514632655959574040e+05 1.420620562613476068e+05 1.070543663157150149e+05 1.565186176914724056e+05 1.584021765703803394e+05 1.196791039255913347e+05 1.992591887095476268e+05 2.386274783767292975e+05 1.203216116793917026e+05 1.215961719525514636e+05 2.102976033336020773e+05 1.343695348792247241e+05 8.922944293706689496e+04 1.316104831243865192e+05 5.272136738174548373e+04 -6.618125493987475056e+04 -1.055802952090742765e+05 -1.383300213713666890e+05 -2.537763318722131662e+05 -3.408051896758847870e+05 -2.589128869306311244e+05 -1.706240437075027730e+05 -8.132225566660030745e+04 3.645700624433795456e+05 1.614891648887426825e+06 2.991695335876435041e+06 2.790254329110031947e+06 1.459089712282871362e+06 6.134198095637829974e+05 3.627002493559862487e+05 3.209706368250763044e+05 2.943063190975226462e+05 2.571469181403527036e+05 1.738003202201789245e+05 2.404085475718509406e+04 -4.177720985957328230e+04 -3.159940660814382136e+04
2.184349178883711866e+05 1.435088223277125508e+05 1.912915572640490427e+04 -7.734497629571706057e+04 -8.033798450022004545e+04 -6.707876521977595985e+04 -1.066751679917796864e+05 -1.937726011686029087e+05 -1.885516380495394114e+05 -1.441566927637904300e+05 -1.857253228931223275e+05 -2.587451765488368692e+05 -2.579271892562973080e+05 -2.269417632778640836e+05 -2.618788418918846874e+05 -2.940562480478551006e+05 -2.927974169270603452e+05 -2.908692861162123736e+05 -2.518098468927198555e+05 -2.529681960109155625e+05 -2.890295543789397925e+05 -2.058589816722085234e+05 -1.578061229584272951e+05 -1.518422640569040086e+05 -7.437861863640090451e+04 -3.166199253522790968e+04 1.189255682402290404e+04 1.778784139140048064e+05 3.418117414158764295e+05 4.308585929265245795e+05 5.992337966116603930e+05 7.551034145616011228e+05 8.356815564166784752e+05 8.818346828361970838e+05 8.885494536848270800e+05 8.465264018508604495e+05 7.999357824819160160e+05 7.610206985159324249e+05 6.844903270318170544e+05 6.108625119004847948e+05 4.946637098898647819e+05 4.061258728406401351e+05 3.241691254090974107e+05 1.765280540054659359e+05 5.906158830155711621e+04 -6.406026858021505177e+04 -2.133137102937339805e+05 -3.191124714631573297e+05 -3.892696575587540865e+05
5.247798036783945281e+04 -2.191530446521937847e+04 -1.051470663049257128e+05 -1.610644182842224836e+05 -2.452413489192258567e+05 -4.344900089269502205e+05 -6.767154781194401439e+05 -1.007206381289289333e+06 -1.205634437951958273e+06 -1.081154683673521038e+06 -7.991096387919972185e+05 -4.671813391242183279e+05 -2.233942539663985372e+05 -1.112930403184145689e+05 -2.365376006346195936e+04 6.627351048518903553e+04 6.669130597845651209e+04 2.802560114068910480e+04 6.761520338943228126e+04 1.479192432702984661e+05 1.534854155580978841e+05 1.149952240812126547e+05 1.218380264914594591e+05 1.277833405160347465e+05 1.239207423443438020e+05 1.257538388215473387e+05 1.690786957240197808e+05 1.315144299424721394e+05 9.227872624876908958e+04 1.411391353770159185e+05 1.066853511985393707e+05 1.415988065279100556e+05 1.824907315347816329e+05 1.080322246567814145e+05 1.162603251496332232e+05 1.967469005985183176e+05 2.323317011294418480e+05 1.948087086784658022e+05 2.008505237894130405e+05 2.902665372833136935e+05 3.368143413774675573e+05 3.706705382687508827e+05 4.102150866016734508e+05 4.239410209516071482e+05 4.272770476981539978e+05 4.248458585981267970e+05 3.958482393133457517e+05 3.294844751316120382e+05 2.587878043181202374e+05
4.029485312057659030e+03 1.075248012435622513e+04 8.805022110464051366e+03 7.467620617127977312e+04 1.932631108269561082e+05 3.285046423762105405e+05 6.134275548998264130e+05 1.013031116409693845e+06 1.221512327992823673e+06 1.024345642584375688e+06 7.005987031757833902e+05 4.256953853298915783e+05 1.834778283315244480e+05 9.276111078681418439e+04 1.802057614899240434e+04 -9.520100974361435510e+04 -9.567498555756185669e+04 -9.442800644901575288e+04 -1.768446029862388095e+05 -2.186626189132220461e+05 -2.536588363768527925e+05 -2.517223144590386655e+05 -2.048452980979349522e+05 -1.991056252736597380e+05 -2.435426421603189083e+05 -2.824060576304326532e+05 -2.392361339612396550e+05 -1.958829662890642649e+05 -1.540307505091187777e+05 -1.455602933187038871e+05 -1.395269484422169626e+05 -6.387252154992870055e+04 -6.339804649818700273e+04 -5.669869400560867507e+04 -7.704843254760140553e+03 3.214494364685390610e+04 1.081824404175860109e+05 1.516863296437079553e+05 1.581068587058688281e+05 2.072789845266373595e+05 2.945017708628448308e+05 3.290370380529207760e+05 3.687862221279637306e+05 5.034937334107251372e+05 7.083085787517486606e+05 8.267998803080967627e+05 8.780272551684193313e+05 1.012448722092663520e+06 1.183013097093188204e+06
-1.578555454697925597e+05 -1.511470786656718701e+05 -1.530706349341201130e+05 -1.281556059524882585e+05 -9.112240800517611206e+04 -1.179620952857655939e+05 -1.571922713308595121e+05 -8.293477777042426169e+04 2.101378592196851969e+03 -3.381631673662923276e+04 -3.423884174670092762e+04 1.409175364766269922e+04 1.478242625016719103e+04 4.573358042398467660e+04 1.334867177729029208e+05 1.421915380249265581e+05 1.412303931300994009e+05 1.830395217891780194e+05 1.826002940151372459e+05 2.222776373103260994e+05 2.287251290748822503e+05 2.716218496044169879e+05 3.181945584993814118e+05 2.432745277672075899e+05 2.800252608605661662e+05 3.219781316129956977e+05 2.032918437535404810e+05 8.466728465864446480e+04 5.106506089214410167e+03 -2.691180482553326874e+05 -7.075152400950889569e+05 -9.547497909562680870e+05 -9.539679571881466545e+05 -7.046408324176454917e+05 -3.322214186715423129e+05 -9.053293505334295332e+04 -5.479527126532047987e+04 -5.142184385680640116e+04 3.627665731473779306e+04 4.556108655873686075e+04 5.259908386040525511e+04 1.283746303082439117e+05 1.283658047835337929e+05 1.022333052731123753e+05 1.465585434902459383e+05 1.453428477724078111e+05 1.575027091475210618e+05 2.524100867426008917e+05 3.429733099788362160e+05
2.026871294190641493e+05 1.294778623769525439e+05 8.783971651107980870e+04 1.130721158452795353e+05 7.005937270703725517e+04 -3.683017100323922932e+04 -3.578126380220055580e+04 -4.204157896689162590e+04 -7.780836003250442445e+04 -7.359882368473336101e+04 -1.144427219685167074e+05 -1.066407687729226891e+05 -1.062582195864524692e+05 -1.964133914839476347e+05 -1.492184378462843597e+05 -1.408652099652683828e+05 -2.230483274511063937e+05 -1.413192980899475515e+05 -1.418266933085396886e+05 -1.829409670154564083e+05 -1.360672737425195519e+05 -1.739061441295784898e+05 -1.678679695515898056e+05 -8.120547774364193901e+04 -4.430424802587321028e+04 -8.298388847149861977e+04 -3.986819041543640196e+04 8.410484792548231781e+04 1.663659059698693454e+05 4.578017976041890215e+05 9.078824252029869240e+05 1.104527742130450904e+06 1.064229855209127534e+06 8.282483417668850161e+05 4.328972007054825081e+05 2.299234029429498478e+05 1.441128232562910416e+05 6.635090134223003406e+04 3.275424803840008099e+04 -3.885753201320755761e+04 -3.190334916464023991e+04 -3.654647844028624240e+04 -1.170574355020649964e+05 -1.431768309720793623e+05 -9.881821023416751996e+04 -9.972201668424505624e+04 -1.677254659577744314e+05 -1.934448599768798449e+05 -1.832473577791786229e+05
3.619597434322348563e+05 2.893539950740523636e+05 2.084114504931495758e+05 1.537534923909698846e+05 1.108648850535973907e+05 4.446975813130848110e+04 5.459886937169358134e+03 -1.172390219289809465e+03 -3.733534280327125452e+04 -1.130056470003909199e+05 -1.536971643869766267e+05 -1.066599216253963532e+05 -6.679205537075176835e+04 -1.164246607827952830e+05 -1.091542161453979788e+05 -6.107115501072246116e+04 -6.448072691098786891e+04 -2.418918918119743466e+04 -2.407458013272844255e+04 -6.475831556948833168e+04 -1.737549913465045393e+04 -1.446339006652135868e+04 -4.944433575379673857e+04 -4.376627430785459001e+04 -4.693528658244747203e+04 -4.583051271969452500e+04 -8.364817801280884305e+04 -1.614941772376190056e+05 -2.003916948556433781e+05 -1.916383714461697964e+05 -1.862421667319721601e+05 -2.309755579114433203e+05 -3.108067492395649897e+05 -3.041110648692120449e+05 -2.950192553107627900e+05 -3.765958498220421025e+05 -3.816909489640963729e+05 -2.987149899068758823e+05 -2.914135484909634106e+05 -3.220767288061315194e+05 -2.743961967306677252e+05 -2.372090120683428831e+05 -2.368153824412722606e+05 -1.431365774921134580e+05 -9.920733291888609529e+04 -1.396907283365724143e+05 -8.697853042860468850e+04 -1.130334574868883938e+05 -2.633913106517847627e+05
5.560084774368441431e+05 4.044376210425980389e+05 3.241304647421929403e+05 3.494425511138979346e+05 3.467626132559962571e+05 3.605316662311087712e+05 4.413861959474160103e+05 3.953610635420774342e+05 3.596394750871695578e+05 4.040759476413949160e+05 3.639453678997234674e+05 2.915884328726681415e+05 1.721190574055071920e+05 8.293932643369748257e+04 1.067408309783786535e+04 -1.008539601240772754e+05 -1.846200845099522267e+05 -2.644540520675946027e+05 -3.440195883554406464e+05 -3.846607835881876526e+05 -4.171263575146431103e+05 -4.541367638949302491e+05 -4.096141249150976655e+05 -4.041519298288036371e+05 -3.673452055198135786e+05 -2.866004827071445761e+05 -2.845286175236104755e+05 -2.024195687822069740e+05 -1.213385134376584901e+05 -7.249568956089182757e+04 -2.711679130443371832e+04 8.394511000952217728e+03 8.877339984639553586e+04 1.356038251786958426e+05 1.448951217741705477e+05 1.434557750599924475e+05 1.384023523831273196e+05 1.011515687720385904e+05 1.085174314875619166e+05 1.179396479506973701e+05 4.561189469182838366e+04 3.113960771588659554e+03 -3.643982634181146568e+04 -6.316957142669711175e+04 -9.950039821676889551e+04 -1.398468213900919654e+05 -1.272557921195403906e+05 -1.534580519492727763e+05 -2.236437888047627639e+05
-8.232090295606754953e+05 -1.052788103298517177e+06 -1.290806185579858255e+06 -1.425352586761582410e+06 -1.233953450662083924e+06 -7.108598638384137303e+05 -2.780105334275867790e+05 -1.277494959335308522e+05 -4.587990461383014917e+04 3.754419708624482155e+04 1.558098748710474465e+05 2.023231715150177479e+05 1.234557793918065727e+05 1.541868304123636335e+05 2.416639367723835167e+05 2.106337319256272167e+05 1.666138765076175332e+05 2.064822870283387601e+05 2.080007509025745094e+05 1.685196775756775169e+05 1.769949650100894505e+05 1.012739048199723475e+05 2.648104080231871922e+04 7.203938715625542682e+04 2.975729452096822206e+04 -4.879761214600864332e+04 -4.668120447662658989e+04 -1.240414212970065419e+05 -1.228119003656323766e+05 -7.409014327684429009e+04 -1.484675442497243639e+05 -1.926890513172841165e+05 -1.525457741681030020e+05 -1.058671421604228672e+05 -1.363722346071158536e+05 -1.779023965552914888e+05 -1.431289322103837039e+05 -1.006229343952147756e+05 -9.315118678496219218e+04 -8.358989091357192956e+04 -7.569025013479380868e+04 -7.762917135842144489e+04 -7.706733774160942994e+04 -2.403563484316645190e+04 -2.043139374582073651e+04 -2.062031466164626181e+04 7.197743991739209741e+04 1.256985313643233385e+05 1.355339222901938483e+05
6.618093279958697967e+05 9.052132744877599180e+05 1.259201889749383088e+06 1.521770306499674451e+06 1.284915867005474865e+06 7.885264250042382628e+05 3.967799516860393342e+05 1.934210705140139908e+05 1.571995432814583182e+05 8.295506769791245461e+04 3.702350453240796924e+03 1.007658520364202559e+04 9.676472962601110339e+03 -3.903004604042507708e+04 -1.099502295430283993e+05 -1.809728945023382548e+05 -3.051760768413076876e+05 -3.850003520399329718e+05 -3.838685129967050743e+05 -4.632830533315426437e+05 -4.946961769263718743e+05 -4.518887557042761473e+05 -4.877988051681322395e+05 -4.430667773459574091e+05 -3.666701825836205971e+05 -3.267331681272480637e+05 -2.458908045024143066e+05 -2.042681085399821168e+05 -1.635693936597092543e+05 -1.150346646260004491e+05 -7.021355237578973174e+04 -3.469719595159403980e+04 -3.434820227324985899e+04 1.236565327621065080e+04 6.171159204212017357e+04 6.005151624907739460e+04 1.345847344107462559e+05 2.166382708295718767e+05 2.243786714214367094e+05 2.739838600647628773e+05 3.618967423518197611e+05 4.008115820295650628e+05 4.018053591344495071e+05 4.545400578214332927e+05 5.377642002294312697e+05 5.777636080235226545e+05 5.507862353720708052e+05 5.643489299365297193e+05 6.537065403745397925e+05
-3.982769676949830318e+04 4.527188380248846079e+04 4.447606688598171604e+04 -4.818024248001167143e+04 -5.133589566336013377e+04 4.005192480050023732e+04 4.075589221203698253e+04 -4.474440166144642717e+04 -4.205110626411635894e+04 4.082695667864754068e+04 7.962814655620609119e+04 4.664555047289478534e+04 8.562026882311326335e+04 1.552191928843967034e+05 2.029585327219682804e+05 2.899082630698106368e+05 3.236160264676439110e+05 4.020066452596800518e+05 4.435235363862010418e+05 3.258205507823730586e+05 2.559720750816630898e+05 1.812337617424780037e+05 -5.133759370888583362e+04 -3.218591537931927014e+05 -5.214284457778559299e+05 -6.002127998112698551e+05 -6.384089245949870674e+05 -6.762993952224508394e+05 -6.362913309980649501e+05 -5.489205976866646670e+05 -4.653542568429837702e+05 -3.512281008379065897e+05 -2.722211612039258471e+05 -2.258625958615448326e+05 -1.768248254642821848e+05 -1.788681500195520930e+05 -6.517422636272339150e+04 -2.341656088246963918e+04 -9.511678694048896432e+04 -6.096751645672833547e+03 4.187689669546671212e+04 1.686009730910649523e+03 4.227965943631692789e+04 9.446181269362615421e+04 5.799240953172580339e+04 5.805524626397527754e+04 1.502613575442235451e+05 1.635937629535330925e+05 9.366803686250513420e+04
9.486028866377891973e+02 7.811105182627215981e+03 -3.195113652036513668e+04 -8.538269502460036892e+04 -4.953944911016151309e+04 -3.651817365200258791e+04 -1.140386368404142559e+05 -1.213936131296212552e+05 -7.993016892578464467e+04 -7.557518727611750364e+04 -7.618717965437110979e+04 -1.094788719550706446e+05 -1.493367579777258798e+05 -1.585771111317444011e+05 -1.112776044895872183e+05 -2.503925551311107120e+04 -3.154295002110296628e+04 -1.110391721408813901e+05 -6.976327847572971950e+04 4.828728271997533739e+04 9.651393421692759148e+04 1.400667327584234590e+05 1.832853427610828949e+05 2.677836497256062576e+05 3.054930686275471817e+05 2.275269448861945421e+05 1.901394691772293299e+05 7.428568700328480918e+04 -8.208125525969068985e+04 -1.519928785902447999e+05 -2.259617729426824953e+05 -3.090158945322045474e+05 -3.090507272421395173e+05 -2.627819679141974775e+05 -2.532912356429732172e+05 -2.160009253537283221e+05 -1.818152448430191143e+05 -1.404791221814232704e+05 -1.330886208091394801e+05 -1.234891781886105018e+05 -7.560285834479154437e+04 -7.560330564156186301e+04 -3.508879484143102309e+04 -2.309367861133103725e+04 -5.979109164560225327e+04 -2.019215856213116786e+04 -7.723640918266260996e+03 -1.137363196979261120e+05 -2.630134567641632166e+05
-1.935394019423983409e+05 -1.093734655552543700e+05 -3.256023984518833458e+04 -4.682533383136615157e+04 -4.994413468171842396e+04 1.805287217721313937e+03 2.394440091447904706e+03 -5.025607404531940119e+03 -4.173704767832529615e+04 1.630250387825071812e+03 3.998562307329844043e+04 -3.220149764209050045e+04 6.040352655109018087e+03 7.507513820426537131e+04 4.465033140266314149e+04 1.357745549757967819e+04 4.544359309831628343e+04 4.416005344013683498e+04 -3.131079385988414288e+04 -3.079082858399488032e+04 -6.082243515062119695e+04 -1.347024511918425269e+05 -1.706314668932466884e+05 -2.044829202292020782e+05 -8.873880890896490018e+04 2.894060871680265700e+04 6.983540398534401902e+04 1.113806108757855545e+05 1.519661147554868367e+05 2.396984475071077468e+05 2.449263013061136880e+05 2.021206335083119338e+05 2.025560628413230879e+05 2.100029828888362972e+05 2.200934683147352189e+05 1.789183083386161597e+05 1.346984611719381064e+05 1.759356459241829580e+05 1.836333143338562222e+05 1.147676374961154070e+05 8.416675393702485599e+04 1.245626625325530767e+05 1.653183208790137433e+05 9.825710092671168968e+04 2.213785124011337757e+04 6.173143834108463489e+04 -4.428926625172747299e+04 -3.475804248801397625e+05 -6.544285769457840361e+05
-3.474268601683432935e+05 -2.637411430676002055e+05 -1.873306822380981757e+05 -1.630996228591538384e+05 -1.664691290422342718e+05 -1.537878166825976805e+05 -1.922680141543968930e+05 -2.001113883336075814e+05 -1.597752883017529966e+05 -1.944036389712708769e+05 -1.563997933361678151e+05 -1.125230331346391467e+05 -1.134667641215490876e+05 -4.470061660627822857e+04 -3.627989848377183080e+04 -2.846177771920338273e+04 8.098280716454598587e+04 1.967027828900608001e+05 2.779021652974187164e+05 4.351968152623156202e+05 5.622415794408870861e+05 6.848382948548535351e+05 8.845239231619068887e+05 9.692942663223943673e+05 1.008047706781653571e+06 9.700733505259265658e+05 8.941877926292358898e+05 8.969864859117679298e+05 7.811904264416084625e+05 5.165165048802732490e+05 2.476029434183146805e+05 -3.008858122630231082e+04 -4.214700360770802945e+05 -9.233868663350567222e+05 -1.344814249320188537e+06 -1.465472022634930210e+06 -1.393555976181522943e+06 -1.315348499659451190e+06 -1.191923721414059401e+06 -1.026904422602380626e+06 -9.019701113994244952e+05 -8.235848927451316267e+05 -7.846335819468346890e+05 -7.355047815106818452e+05 -5.769361385831166990e+05 -4.204290676047080196e+05 -3.299460944661400281e+05 -2.389995416952297091e+05 -1.513487671082802117e+05
1.507543838187120855e+05 1.575041653844527900e+05 1.188480838271789253e+05 1.051793125795663800e+05 1.407236314320471138e+05 1.153521837049629539e+05 1.160752664611209184e+05 1.857373412523886655e+05 1.877880892658142839e+05 1.540516566310543567e+05 1.925081461365337018e+05 1.979634294030258898e+05 1.587679165776352747e+05 1.891275301063432416e+05 1.980741078848949983e+05 1.286603769694920338e+05 1.208860152284614451e+05 1.193118123966268759e+05 8.389135480858382653e+04 1.236949159123468708e+05 1.332770715362856863e+05 6.045174291357377660e+04 6.360033133416448254e+04 1.080061445746104582e+05 1.070461667655035853e+05 1.072520177089609206e+05 6.985224317759257974e+04 7.225944622419791995e+04 1.515168269269631128e+05 1.997240543272345676e+05 2.829449915676373057e+05 3.967706449190165149e+05 5.146193560468982905e+05 7.180291442875743378e+05 8.069393618882165756e+05 5.317972977610775270e+05 5.792338413419108838e+04 -3.319390422769361176e+05 -6.770244100631671026e+05 -9.028176585049345158e+05 -7.773138694942464354e+05 -5.020685534912644653e+05 -3.445587232557581738e+05 -1.377826862002245034e+05 9.972071384428959573e+04 1.391403180628545233e+05 1.516664422629406909e+05 2.426152405783053255e+05 3.301195579406293109e+05
2.300603713060262962e+05 8.442960921092890203e+04 -6.786218373454167158e+04 -8.143397734966123244e+04 -8.439140979899093509e+03 -7.190371375298123166e+04 -7.156456973054443370e+04 -3.368351751705640709e+03 -7.858746674261044245e+04 -1.123858249548356544e+05 -3.667735931463533780e+04 -3.237322783097618958e+04 -7.190117475460282003e+04 -4.206851175636984408e+04 -7.169205739744933089e+04 -1.025726787780876912e+05 -7.372377853258507093e+04 -1.147039000864605769e+05 -1.108447616116608842e+05 -1.098661660286597325e+05 -1.772924247500483762e+05 -2.880226010445042048e+05 -4.017398886743474286e+05 -4.745042481238484615e+05 -5.533051856700330973e+05 -5.548870527977123857e+05 -5.165151552169115748e+05 -3.992910576763106510e+05 -2.056127704109535553e+05 -1.197004482534248382e+05 -3.757769711082801223e+04 7.528837170102680102e+04 1.922678281413391232e+05 3.169778734771534801e+05 4.836880186107011978e+05 6.773209991992912255e+05 7.908238326443822589e+05 9.496757894672935363e+05 1.076020481272134464e+06 9.706223667017157422e+05 7.078212554217315046e+05 3.986090293678010348e+05 1.661269312154030195e+05 2.066915764240478165e+04 -9.469380999915278517e+04 -1.339517014881125651e+05 -1.219878074165901635e+05 -7.097176583833131008e+04 1.590920131071656942e+04
-1.503452228172682226e+05 -1.443162639834919246e+05 -1.825419064855668694e+05 -1.963192704506218433e+05 -1.620471626217477024e+05 -1.877715075784362853e+05 -1.880196583026552107e+05 -1.587939206010196358e+05 -1.204344378667885903e+05 -1.164708321937359869e+05 -1.934709663258402143e+05 -1.517667814437302295e+05 -7.742192896665073931e+04 -8.587627674569375813e+04 -7.723835913464403711e+04 -1.082876190473327879e+05 -7.983523684670217335e+04 -6.081668557599186897e+03 -1.757064778357744217e+03 3.805981617886573076e+04 8.634506616741418839e+04 1.687866673851385713e+05 3.640195814589974470e+05 5.241556579177265521e+05 5.635632978787177708e+05 5.645701306441331981e+05 5.669636592140885768e+05 5.319373277132408693e+05 4.181946218700614991e+05 3.506746215827296255e+05 3.947699627373364056e+05 3.919605713814966148e+05 3.540153972338899039e+05 4.398348585341585567e+05 5.670870892493985593e+05 6.045139470009595389e+05 6.394098103360738605e+05 7.188504107750498224e+05 7.660995561908923555e+05 7.381047871336317621e+05 6.316733216983266175e+05 4.411744605819713324e+05 -6.240328907500952482e+04 -1.142165762480589561e+06 -2.388512853733262978e+06 -2.704155157483175397e+06 -1.800313150716244243e+06 -8.168349550338495756e+05 -1.859519899729499593e+05
-3.335433847259264439e+05 -2.536985949717927724e+05 -1.797735205444046296e+05 -1.187727174069732428e+05 -8.498773075058124959e+04 -7.304249099921388552e+04 -7.343210679362528026e+04 -4.484926220611669123e+04 -7.570871775969862938e+03 -3.413968329550698400e+03 3.344752343255095184e+04 3.661338103702291846e+04 -2.665062663145363331e+03 -1.057756005786359310e+04 -3.942836930626071990e+04 -3.234757718746503815e+04 3.228231252287467942e+04 -8.918229946866631508e+03 -4.152905588387511671e+04 -1.945716502377763391e+03 -3.000274665653752163e+04 -2.434195138746872544e+04 -2.274724656366743147e+04 -1.777309857890941203e+04 2.047841155203059316e+04 -1.848694686312228441e+04 -5.600821917876647785e+04 -1.538159946911036968e+04 2.389063044218346477e+04 -5.581164290197659284e+03 -9.417496586688794196e+02 3.409764360985765234e+04 3.423690277850255370e+04 4.217744000139646232e+04 5.261611964553548023e+04 8.902131700771860778e+04 8.442532560089603066e+04 4.655800005071796477e+04 9.281137124751694500e+04 1.806248314527324401e+05 2.681380036030907650e+05 3.889030820666810032e+05 7.025961514364443719e+05 1.492443375773735344e+06 2.626054586874087341e+06 2.825508529281934723e+06 1.634615358932638075e+06 5.575768390251356177e+05 2.121531194075196981e+04
1.521455299854273908e+05 1.579728267341852188e+05 1.210753128398207482e+05 7.134503709850832820e+04 6.848301718709990382e+04 4.365807602182030678e+04 4.374495348776690662e+04 1.097700101381633431e+05 7.251284028985560872e+04 2.320930585265159607e+03 3.906876029213890433e+04 4.198396001127571799e+04 2.802455284399911761e+03 3.261690662242460530e+04 4.165445963153603952e+04 1.130169848445791285e+04 3.750929319532588124e+04 3.380611107684671879e+04 1.846782258944585919e+03 3.869134007254615426e+03 1.390591006260353606e+04 1.988295843941159546e+04 2.135011017206124961e+04 2.623410484520718455e+04 -1.096392770297848620e+04 -1.204159039771195967e+04 -1.168815192300849594e+04 -4.710133725195203442e+04 -4.626845026155922096e+04 -7.582262282143381890e+04 -7.156892562750738580e+04 -7.516706894035474397e+04 -1.136312831006948836e+05 -1.059563030744900461e+05 -1.342233899957502726e+05 -2.136834016954521649e+05 -2.189588439499491360e+05 -1.430471850361211691e+05 -1.364546667481767945e+05 -2.037312597956038080e+05 -2.331715457281097770e+05 -1.522026700619617477e+05 -7.384174249949841760e+04 -6.489791624248027802e+04 -2.554898585425759666e+04 5.154299443354806863e+04 1.796852119651169050e+05 2.685495318600437604e+05 2.768670384830255061e+05
1.163518031884450465e+05 1.959178895445074886e+05 2.332362644805104937e+05 2.210714719863607315e+05 1.815740152972284704e+05 1.572031926305498928e+05 1.945508964592589764e+05 1.491150978743097512e+05 1.121028490702154813e+05 1.537412870768457069e+05 7.906551496591413161e+04 4.469622450647864025e+04 8.001640610396856209e+04 7.272561911377118668e+04 4.465768413618206978e+04 -2.291261181584571023e+04 -7.225558572565211216e+04 -7.654529317864211043e+04 -3.331034671165974578e+04 -6.870732685318216681e+04 -1.337225491786374478e+05 -9.034765724907611730e+04 -1.271343761915343348e+05 -1.602862100244966568e+05 -8.449619206367048901e+04 -1.238936617493159138e+05 -1.616095662035512505e+05 -8.397967436234478373e+04 -8.339762844028859399e+04 -7.503707968047808390e+04 4.750248519703629427e+03 3.935320937773224432e+04 7.726643832866114099e+04 1.616376358794511762e+05 1.724204937799365725e+05 2.086083464999680873e+05 3.570587495225484017e+05 3.956298382091342937e+05 4.038405089091971749e+05 4.914456253510420793e+05 5.791688941442421637e+05 6.627973299962476594e+05 7.049485045368763385e+05 7.154668219201279571e+05 7.176982571173007600e+05 7.575428908865412232e+05 8.475349863700119313e+05 8.977507185982516967e+05 9.060964579135030508e+05
-2.742193935136309592e+05 -2.696530339797028573e+05 -2.335932317748666974e+05 -1.736036892270202516e+05 -1.406379464163910598e+05 -1.291587331937624840e+05 -1.299404717399738729e+05 -1.032695762591904495e+05 -6.871879114769399166e+04 -2.857090940233319998e+04 6.838725894922390580e+03 -2.855587667669169605e+04 -3.119793993886560202e+04 3.482659598230384290e+04 8.038955703261308372e+04 5.044743534410372376e+04 7.376094899373105727e+04 1.419418863812461495e+05 1.128387265990021406e+05 1.529179287957957713e+05 2.000481007213235134e+05 1.706876107957212953e+05 2.084378354379445082e+05 2.132738335314209107e+05 1.790709568094461574e+05 2.145811473741193768e+05 2.519120514788664295e+05 2.185510177537802956e+05 2.201310168113557156e+05 2.289289482240562793e+05 1.593536312051584246e+05 1.567669273482176068e+05 1.941416689043407096e+05 1.661165501421783119e+05 1.397383851639460772e+05 1.002713959338145214e+05 5.910805669031105936e+04 9.507629284169536550e+04 1.017499742726795375e+05 7.465773444971977733e+04 8.524617705843423028e+04 5.543514091754378751e+04 -1.719722560374066234e+04 -1.006220214650942944e+04 2.675868948223080952e+04 -1.181489254930056632e+04 -3.904305409174412489e+04 -2.999578899587492924e+04 -2.373217734158877283e+04
2.349683710711547174e+05 9.779650546493940055e+04 -7.828242907184129581e+04 -2.655181939713652246e+05 -7.984154188062530011e+05 -2.168215300334849861e+06 -3.091449570176190697e+06 -2.217821106511400081e+06 -8.754537054512200411e+05 -3.054813027940689353e+05 -1.650877324817702174e+05 -1.304232985444834922e+05 -1.340708972711581737e+05 -1.407522377034183592e+05 -1.325918725295921322e+05 -1.272430409735536668e+05 -1.068436807871332858e+05 -7.795840836246497929e+04 -1.060691226681228727e+05 -1.391436685353983194e+05 -9.406396965496288612e+04 -5.120105660054855980e+04 -8.824883520253957249e+04 -1.212408195587340742e+05 -8.263511675409949385e+04 -1.329083159682364203e+04 -5.102871625451417640e+04 -8.445756373810628429e+04 -4.790589527692645788e+04 -4.050272951601073146e+04 -3.700554115348495543e+04 -4.049341951613314450e+04 -4.486172993201762438e+03 -3.260623751091724262e+04 -5.930604898952879012e+04 1.158266420825384557e+04 4.460877654142631218e+04 5.051182251190766692e+03 -2.606375310337170959e+04 5.833275808254256845e+04 1.060939081793185323e+05 4.025136229931376874e+04 4.299071180867031217e+04 1.242830925364987925e+05 1.608292891993189696e+05 1.605264276091470383e+05 2.093405943980915472e+05 2.564389080833636690e+05 2.630317484447667375e+05
5.714891451178106945e+04 -9.445927946362644434e+03 -9.020501038758200593e+03 1.921400759799871594e+05 7.561881969613023102e+05 2.008425613883881830e+06 2.895782808641669340e+06 2.038958982905605109e+06 6.571668762411000207e+05 2.451269585988484323e+04 -1.171958113601426594e+05 -1.170562262646853924e+05 -1.904422415653243661e+05 -2.665818278456572443e+05 -2.219731061183847487e+05 -2.157324113335926086e+05 -3.018019748141523451e+05 -3.087187897379044443e+05 -2.643987977295182645e+05 -2.962145838828289416e+05 -3.224456042167725973e+05 -3.149415203800885938e+05 -2.805973487999294885e+05 -3.132897749368564691e+05 -3.813533925404769834e+05 -3.498499520670156926e+05 -3.521990117349196225e+05 -3.853507806092972169e+05 -4.219042998203073512e+05 -4.159795664821282262e+05 -3.780629953870082390e+05 -3.828190660278784926e+05 -3.489937388885315740e+05 -3.411050981713922229e+05 -3.687718359054996399e+05 -3.367659445945174084e+05 -2.692251987161578145e+05 -2.746937448403337039e+05 -2.708584801072721602e+05 -1.895137127558696084e+05 -1.800027582945772447e+05 -1.708510457538077608e+05 -9.581935152760683559e+04 -5.520662968163355254e+04 -5.846638362621911801e+04 -6.059616887709102593e+04 -5.161919253645464778e+04 -4.456584842875576578e+04 -4.004557455424126238e+04
3.421282232797237812e+05 2.762684907892253250e+05 2.772425701387691079e+05 3.022018166747874930e+05 3.004332585027441382e+05 3.124988788855260937e+05 2.774922204110770253e+05 3.034670040849599754e+05 3.365143989410720533e+05 2.710385748755652457e+05 2.709717777604237199e+05 2.705358875915410463e+05 2.329087584605438169e+05 2.282245683111248072e+05 1.673275896033737808e+05 1.386081938620193396e+05 1.586012166610455606e+05 4.621012483257800341e+04 -1.438716417411342263e+04 -1.009620873373933136e+04 -1.062626465724310838e+05 -9.801280447747488506e+04 -9.915242428774968721e+04 -2.018252611765637994e+05 -1.978014228260139935e+05 -2.017901902855371591e+05 -2.036926696309817489e+05 -1.648907206626613624e+05 -1.647508446406570729e+05 -1.224813208647535648e+05 -1.193446404859421309e+05 -1.228630128025542945e+05 -5.251128286938206293e+04 -4.289714850601740181e+04 -6.884539577527891379e+04 -7.132850670372147579e+04 -7.440262564108707011e+04 -7.918367556761961896e+04 -7.466904682689346373e+04 -6.506176004186249338e+04 -9.057115793228195980e+04 -1.160284032451455714e+05 -7.728498828480928205e+04 -7.398406446795025840e+04 -1.142082273343113484e+05 -1.169190362200603122e+05 -1.453050286835065926e+05 -1.759432937845117995e+05 -1.726697888702583732e+05
-2.736366922943848185e+05 -2.015066463523544371e+05 -1.317414277291388717e+05 -1.067450583563186228e+05 -1.428370626526884735e+05 -1.656301353359594941e+05 -1.318614239559973357e+05 -1.416461264423563844e+05 -1.446775819745382760e+05 -7.213028826750814915e+04 -1.073898492997979047e+05 -1.439301695569886360e+05 -4.412306703510694206e+04 -1.433045601239427924e+04 -5.766680828528478742e+03 3.429885813733574469e+04 1.826494812383316457e+04 7.972301915287971497e+04 1.246083067136349855e+05 1.295315441617275355e+05 2.083850920165422140e+05 2.522386028268373339e+05 2.516346902272203006e+05 2.205202260764783714e+05 1.913046675862281118e+05 2.229373060376381036e+05 1.867939460172778927e+05 8.672828368726186454e+04 5.262297876644879580e+04 -1.046827386366226710e+04 -1.122154984134249389e+05 -1.860873638885102700e+05 -2.576404760382145178e+05 -3.187867300142531749e+05 -3.456141318671869813e+05 -3.844970034051219700e+05 -4.238411230954803759e+05 -3.956379404303159681e+05 -4.290017080120738829e+05 -4.567936466832166770e+05 -3.770878943556456943e+05 -4.034149153588806512e+05 -4.024819119577285601e+05 -3.305576787050818675e+05 -3.370159102091571549e+05 -3.056465402944004163e+05 -2.996000062604442937e+05 -3.314930911560070235e+05 -3.295359694340676069e+05
7.612457780865952373e+04 1.136998845031484962e+04 4.558458273182599805e+04 1.034989855752792209e+05 6.782820965745486319e+04 1.122117667016573250e+05 1.445360758143942803e+05 6.694561360636702739e+04 9.685989266610704362e+04 1.676775781507602660e+05 9.933549406705412548e+04 9.629066753899666946e+04 1.600715946836861549e+05 1.224683793028815417e+05 9.676850003772415221e+04 1.018811119953169255e+05 1.194990270573180169e+05 1.450342543458099826e+05 1.218163996783550247e+05 9.274587420863093575e+04 1.012540693418121082e+05 1.101778837514574989e+05 1.430013403738851484e+05 1.457955820066855231e+05 1.173156276729423116e+05 1.476597844611385954e+05 1.803098994435276254e+05 1.853592557541563583e+05 1.517434615385719517e+05 1.588239373313264514e+05 2.320365928788667079e+05 1.946400263800749090e+05 1.253129147621808806e+05 1.362550399044991937e+05 1.461259912583045661e+05 1.447784167923963396e+05 7.338760576327296440e+04 -2.225181673420593143e+03 1.564407813129946589e+03 -5.918356307200132869e+04 -1.188846931583249243e+05 -1.072247123322450789e+05 -1.400670937541868770e+05 -1.740378954587507760e+05 -1.800044232886287500e+05 -2.195434215012931381e+05 -2.844904646370567498e+05 -3.166174445475909160e+05 -3.153694606304570334e+05
2.147704469854942872e+05 1.507000055606477545e+05 8.544561383896513144e+04 4.401465412345709046e+04 9.293442020425572991e+03 2.035554855479858816e+04 5.259562059422023594e+04 9.258554256521107163e+03 -2.782959105796180665e+04 -2.440104745794087648e+04 -2.520438740612007678e+04 -2.906060813227674225e+04 -3.313584224553778768e+04 -6.996483884402544936e+04 -6.236137199332000455e+04 -2.433134713210165501e+04 -7.467349423794064205e+04 -8.411130519583821297e+04 -3.987165419734080206e+04 -6.871701068244871567e+04 -9.491989533416909399e+04 -8.638112669927063689e+04 -5.508993919356734841e+04 -1.963484228588643600e+04 -4.779305421747279615e+04 -5.297516905586246139e+04 -2.208062810124826501e+04 -5.168905410566376668e+04 -8.590001886244860361e+04 -4.633385611698012508e+04 -9.609132505720459449e+03 -4.776131138787642703e+04 -8.308700184803488082e+04 -7.299961248761975730e+04 -9.924067846499398001e+04 -1.362633649760390690e+05 -1.040706390538251435e+05 -1.117409654939548927e+05 -1.787716422649098677e+05 -1.703469030139963143e+05 -1.608633851225026883e+05 -1.492657293553935597e+05 -7.735423626610985957e+04 -1.119062927528292639e+05 -1.180631428456407739e+05 1.874251732137054205e+04 6.101480052690010052e+04 -5.224801236763014458e+03 -7.411624473985284567e+04
-7.686799541464995127e+04 -7.479549830430187285e+04 -4.062947990139934700e+04 -1.538552941638045013e+04 -4.930796385393477976e+04 -7.106326208217069507e+04 -7.214686803752556443e+04 -8.229101463570259511e+04 -8.634605758357804734e+04 -1.158832727069966495e+05 -1.824543488922064425e+05 -2.201569405023475410e+05 -1.918661087984218029e+05 -1.950594597251619271e+05 -2.872027131274807034e+05 -2.835367114027030766e+05 -2.021666256536265428e+05 -2.458905730978584907e+05 -2.686872329469769029e+05 -1.652625529223586782e+05 -1.260092496650757384e+05 -1.508878848538734019e+05 -1.541433210007384187e+05 -1.201370988774580183e+05 -1.443101648474077228e+04 -2.035601653973537032e+04 -5.705300423549476545e+04 1.440753253060393035e+04 4.782437124289572239e+04 8.717593353940185625e+04 9.006478425115358550e+04 8.659894748940179124e+04 1.879503506037876359e+05 2.674994030513332691e+05 2.431117585557510320e+05 2.768894987297240878e+05 3.455161304457577644e+05 3.400592031574348803e+05 3.789808843214993249e+05 3.903359225869633374e+05 3.344351158023348544e+05 3.148690997017553309e+05 3.197660211566826329e+05 2.876738210348413559e+05 2.137902922404473647e+05 1.071816732257134281e+05 4.483098038239381276e+04 8.299362209509033710e+04 1.532784446387086064e+05
-1.053078341938089434e+05 -3.853167558205313253e+04 -4.827240678714588284e+03 -1.244545438326895419e+04 -1.388663924997672439e+04 2.929054029518735842e+04 9.304994269623418222e+04 8.272127998177890549e+04 7.856847453163933824e+04 1.144783407414797111e+05 1.465303699020298081e+05 2.073131191520952270e+05 2.361611973552497802e+05 2.342405577050521388e+05 2.419609505834523588e+05 3.125818908738440368e+05 3.295722460921390448e+05 2.549459884711540071e+05 2.671989887650124729e+05 2.732677181856706738e+05 2.810438369098117109e+05 2.912694021745116916e+05 2.569818953040526249e+05 2.924438142823053058e+05 2.670417817030102015e+05 2.296199272572991904e+05 2.606654887658078223e+05 2.669539644464389421e+05 2.681607033975888044e+05 2.414317352673970163e+05 2.453153981757345609e+05 2.756666294857864268e+05 2.431161229137810878e+05 2.222952578763938509e+05 2.311520289140748791e+05 2.311480970960110426e+05 1.989876689889933914e+05 1.250901613850146532e+05 9.440979415317950770e+04 7.078949415474152192e+04 -1.861386808566842228e+04 -1.055369638057886623e+05 -2.033338622399596497e+05 -3.726174613926578313e+05 -5.496557866293010302e+05 -7.249951663543451577e+05 -9.261300300364405848e+05 -1.063650734145191032e+06 -1.135305752330436371e+06
-9.073894581524643581e+04 -2.602718823356553912e+04 -2.430283855297602713e+04 -9.385446709464304149e+04 -6.285138381295837462e+04 -2.047282221261411905e+04 -5.359430104494094849e+04 -3.211429438902996480e+04 -6.814297745237115305e+04 -6.502331128809601068e+04 -2.253609605832025409e+03 -7.183358738780941349e+04 -7.629283606307581067e+04 -4.575659485533833504e+04 -7.144748693564900896e+04 -4.143544166581472382e+03 -2.009379276074451627e+04 -9.435977953718969366e+04 -5.112869379809126258e+04 -4.599275372456759214e+04 -7.285558959352766396e+04 -3.158412388060224475e+04 -2.308980172965675592e+03 -3.397672753315407317e+04 -5.918864881969051203e+04 -3.339651601971138734e+04 -4.887371675576956477e+03 -3.181037222268065671e+04 -3.220102134509955067e+04 -2.800823605386549025e+04 -5.844809944275766611e+04 -3.079795328201705706e+04 -3.164863617043005070e+04 -8.579392110579635482e+04 -7.972689104033616604e+04 -4.873866784153506160e+04 -8.138969974592338258e+04 -1.240934005682358984e+05 -1.572416808956766617e+05 -1.496129080839451053e+05 -1.407981613371525309e+05 -1.619428340089510311e+05 -1.605165277665942558e+05 -1.629119648085910012e+05 -1.383936011535120197e+05 -7.682468716520792805e+04 -5.243741736048483290e+03 -4.619617664720164612e+03 -7.354905711254104972e+04
-5.242228315328242024e+04 -5.135153254377655685e+04 -4.962938298005610704e+04 -2.423376130289398134e+04 -2.494589247507974505e+04 -4.585479598143132171e+04 -1.629021413275040686e+04 -2.666784808621753473e+04 -6.249408408883033553e+04 -5.967062286683355342e+04 -6.045495609403587878e+04 -6.722549897618594696e+04 -7.197742632473816047e+04 -4.137001616414636374e+04 -3.591288007330147957e+04 -9.562783434987079818e+04 -1.113920252409298846e+05 -9.101955132093277643e+04 -8.002168379374776850e+04 -7.515515071805563639e+04 -7.095502008800389012e+04 -6.193329885369165277e+04 -6.503302353317860980e+04 -6.531339030480009387e+04 -9.056024189922036021e+04 -9.746467771939942031e+04 -6.989187571918586036e+04 -6.488345671561558265e+04 -6.587588432477787137e+04 -6.222422929480671883e+04 -6.083259898121462902e+04 -6.617769245523965219e+04 -3.488111544982565101e+04 -2.401865932741179131e+04 -1.819096892839286011e+04 4.548245646175905131e+04 4.635572406230476918e+04 6.983936967095371801e+04 1.689064050454178359e+05 1.782709381345189176e+05 2.225204944529115455e+05 3.690751712583005428e+05 4.402657237788650091e+05 4.751943872682761285e+05 5.703274740383499302e+05 6.360886229958833428e+05 6.114015395636678440e+05 5.478539690957395360e+05 4.806190909608174115e+05
-7.910514787305134814e+04 -1.604621406644582748e+04 4.795399497030302882e+04 7.359847605344839394e+04 4.225151479127816856e+04 2.185681991046294570e+04 2.026464552152901888e+04 4.122865527635440230e+04 6.810708027798670810e+04 9.311519528273493052e+03 -2.193534075282490812e+04 3.325212092022388242e+04 2.898770314641296864e+04 -3.269945019623264670e+04 -8.936550023150618654e+04 -8.597805998753744643e+04 -1.005321445362642407e+05 -2.045465567533391295e+05 -2.245666023169177352e+05 -2.197963122325018048e+05 -2.789264474622898852e+05 -3.639050349348690361e+05 -3.989666162442889181e+05 -3.696529694239142118e+05 -3.954875781422015280e+05 -3.726225038128906162e+05 -3.157248362200333504e+05 -2.803880488954023458e+05 -2.197543799795677187e+05 -1.543486939393914072e+05 -1.223802966543006478e+05 -1.286696156498510391e+05 -6.639405974303442053e+04 4.003272553323768079e+04 7.702964690746716224e+04 7.637003235518909059e+04 7.821392914280283730e+04 6.831817382830218412e+04 1.331379299610849703e+05 2.066826511966058752e+05 2.176077833771710284e+05 2.317795818566813832e+05 2.685518049867816735e+05 3.341605919483126490e+05 3.610773694433743949e+05 4.249772655812546145e+05 4.980132554296878516e+05 5.002105864521568292e+05 4.987923149892496876e+05
-3.518512982875120360e+04 -3.465180350001901388e+04 -3.292835559230297804e+04 -6.870363810681737959e+04 -1.000220282294321805e+05 -2.965436640894052107e+04 -2.021701367339119315e+03 -7.376253053778782487e+04 -7.868717001983895898e+04 -1.580239553586579859e+04 1.346852383110672235e+04 5.223555353004718199e+03 3.054029057268053293e+04 6.124548729159869254e+04 6.525890173274092376e+04 1.290578614186963532e+05 1.763923530094325542e+05 1.655816506873815088e+05 2.381822794314938365e+05 3.360497418418526067e+05 3.707666685106226359e+05 4.123065566516015679e+05 4.729688608506702585e+05 5.049879914440677967e+05 4.831677236675748136e+05 4.473591156105974806e+05 4.765262312174309045e+05 4.221195108827676158e+05 3.300809988332912326e+05 3.040168671705757733e+05 2.446081051055807620e+05 2.406327943759977352e+05 2.106475443486138247e+05 1.297001317632384598e+05 1.034497882216237485e+05 1.040562851727011148e+05 7.628923175157955848e+04 3.514620010973885655e+03 -2.857289818581193686e+04 -2.060073898290307261e+04 -7.489038225612696260e+04 -1.582515335828063544e+05 -1.885592820751476102e+05 -2.555770893848978449e+05 -3.931845045811496675e+05 -5.602865161269421224e+05 -6.887200282735299552e+05 -6.943327650218257913e+05 -6.379597337194576394e+05
-3.289270181441656314e+04 -3.196221489692118485e+04 -2.943520414992223959e+04 -3.353584447409957647e+04 -3.386725352611392736e+03 7.020845452789217234e+03 -5.501983606023713946e+04 -3.483031436568102799e+04 -8.470592807279783301e+03 -3.554383911192417145e+04 -3.563235869980417192e+04 -4.349740777863189578e+04 -4.780096086906269193e+04 -7.593398243188858032e+04 -7.228686109650880098e+04 -3.971189769334159791e+04 -5.154327595257211942e+04 -6.216906764544546604e+04 -8.201696206000633538e+04 -1.074562772689386620e+05 -7.603542819153511664e+04 -3.670613950234832009e+04 -6.928187082055967767e+04 -1.009888337808661163e+05 -6.389526356710103573e+04 -7.108938290737548959e+04 -1.357984724198468612e+05 -9.976986559457164549e+04 -7.079113741521707561e+04 -1.291486834327225224e+05 -1.288259663828649209e+05 -1.050680673064200382e+05 -1.361288707901262096e+05 -1.560203565482515551e+05 -1.237753969966432196e+05 -1.249508896784388926e+05 -1.841883551864885376e+05 -1.968405780463948031e+05 -1.383851729752497049e+05 -1.640591097867577337e+05 -1.884483270195778459e+05 -1.166470408055472653e+05 -8.496690438594645821e+04 -5.698876923648617230e+04 -3.372698056046152487e+03 8.659880487015447579e+04 2.171721008361792192e+05 3.109958171111053089e+05 3.699048818403324112e+05
-1.768709357944314834e+05 -1.164502586028538644e+05 -8.352410642430186272e+04 -1.156951840536200907e+05 -1.439917128533124924e+05 -1.328908630192747805e+05 -1.052439644106198102e+05 -8.474891551304608583e+04 -1.456524828413967043e+05 -2.007467066776007414e+05 -1.705898207938298583e+05 -1.783136762178039644e+05 -2.695542776759247063e+05 -3.535849172761661466e+05 -4.094837944267781568e+05 -4.950346028245990165e+05 -5.625526264938528184e+05 -5.440330231375989970e+05 -5.070588940696322825e+05 -4.751993735239374219e+05 -3.892679421685166890e+05 -2.938526226778046694e+05 -2.678795610659295926e+05 -2.422002544195856899e+05 -1.782284133287610020e+05 -1.867741757619655691e+05 -1.919051608734296169e+05 -9.841692786430963315e+04 -1.010497616324569099e+05 -1.295747990335803479e+05 -7.102323423954658210e+04 -7.902766740298853256e+04 -7.940983756911079399e+04 -8.877352493582526222e+03 2.130235835676989518e+04 -9.301168331876164302e+03 -5.196987256640568376e+03 4.324331270996481180e+04 7.051511818892345764e+04 7.695154093671566807e+04 8.448425953160063364e+04 9.451268196455202997e+04 9.605939732748060487e+04 6.265423158067278564e+04 2.292506052879593335e+04 -1.347389271017140709e+04 -1.370623718341821805e+05 -2.670654499647193588e+05 -3.376585888001089916e+05
1.530819376057480695e+05 3.716318741324357688e+04 -7.680428092950012069e+04 -1.382712530856952071e+05 -1.373654726089444011e+05 -1.558517997269517509e+05 -1.871398668014443829e+05 -2.252819128520787926e+05 -2.276365077716765809e+05 -1.954113073088228120e+05 -1.950239119015169272e+05 -1.451337192067878495e+05 -6.178856145474126970e+04 2.893163891742004489e+04 1.474027235305401846e+05 2.368466907658150885e+05 2.579065323073884356e+05 2.774668011395259527e+05 2.865214751823804691e+05 2.326161878183482913e+05 2.032727826351764379e+05 1.544639542303045746e+05 6.585287371068284847e+04 3.489370458177279215e+04 1.260022350819781423e+04 6.344125181203591637e+03 3.449882464483380318e+03 -1.911280457978136837e+04 -1.968908926472067833e+04 -7.572036103811126668e+04 -1.047079885366839590e+05 -5.269020240171800833e+04 -8.070459076436236501e+04 -1.281221833592280746e+05 -1.290274160366969882e+05 -1.878910708043257473e+05 -2.121056290040721651e+05 -2.249058238207367249e+05 -2.894815051741896314e+05 -3.153610412136177765e+05 -3.713593068800412584e+05 -4.565756385389255593e+05 -4.899471237859675894e+05 -4.968534242548057227e+05 -5.100488020025667502e+05 -5.501000870496486314e+05 -5.232378445705403574e+05 -3.801087059162093792e+05 -2.085509829467572272e+05
-1.039998840785119974e+05 7.169350244686941733e+04 1.909362241602502472e+05 1.874105918291024573e+05 2.163583981548435986e+05 2.841007438162341714e+05 2.808633068948982982e+05 2.711551815539133968e+05 2.684756460518111708e+05 2.710062683688009856e+05 2.712289774196690414e+05 2.338399955234492663e+05 1.724893572146538645e+05 1.768149605602954980e+05 1.784927035577127244e+05 9.442783410777361132e+04 3.134041844285116531e+04 5.165494209388270974e+04 6.024977680179290473e+04 7.009930770145729184e+03 -5.153592607239214703e+04 -4.194895400898507796e+04 -4.216468610451556742e+04 -1.015713882481211331e+05 -9.489814534084848128e+04 -1.295009505946652498e+05 -1.893068250839130487e+05 -1.825384679343553726e+05 -1.831616250798106194e+05 -2.094971539813557174e+05 -2.096245424717199057e+05 -1.882845085184094496e+05 -2.151625089277519146e+05 -1.749689498171212617e+05 -1.198309709108434618e+05 -1.185677666612900794e+05 -1.113560767273884267e+05 -9.407538205035973806e+04 -4.041270110290509183e+04 -3.555703781894408166e+04 -5.987978098448371748e+04 -2.542340649059071438e+04 3.302500878926366568e+03 -2.873670525732485112e+04 -9.635027163894835394e+04 -1.308273242949504638e+05 -1.307395311410075519e+05 -1.381878242047965177e+05 -1.490481413702917052e+05
-1.559419130627065024e+05 -9.642142856959253550e+04 -3.517574257333762944e+04 1.956947763101199234e+04 2.024292440619319677e+04 -2.669717061333355377e+04 -1.051853392273187637e+03 1.876732521806837758e+04 -1.111912082997152174e+04 2.026561788981780410e+04 2.101951187127265439e+04 1.257461076951581344e+04 9.197180151240885607e+03 -1.424290127237325942e+04 4.301059370161965489e+04 7.302745617926119303e+04 1.241964934626600007e+04 3.895024526864290237e+03 6.726017966517244349e+04 9.858812337974083493e+04 6.748009967152029276e+04 4.774361221585428575e+04 1.043359094660265255e+05 1.585795826499815448e+05 1.360612658713942510e+05 1.588241317786739091e+05 1.853521794534752844e+05 1.638708415895238286e+05 2.207818958256390179e+05 2.239013363921546843e+05 1.386905021825805306e+05 1.319272162311247084e+05 7.807835029438207857e+04 -1.680548659630577313e+05 -4.588267483597159153e+05 -6.021966151148078497e+05 -5.386288270808283705e+05 -3.506312291137880529e+05 -1.839837548253128480e+05 -9.363083571661237511e+04 -3.179697597864991985e+04 1.061720233410600486e+03 2.317501348443329334e+01 5.626298454590201436e+04 1.070190989575351268e+05 1.331067528866693610e+05 2.232274659839467495e+05 2.464475248870438954e+05 1.776011520228302106e+05
2.086539349984371802e+04 -3.369417695328593254e+04 -5.815294733271002769e+04 -3.210583744687028229e+04 -2.941735987551510334e+03 -2.114510983577929437e+04 -5.264607238234014949e+04 -4.600456244079279713e+03 2.283988395473000128e+04 -3.106685773236677051e+04 -2.108590368879958987e+03 1.765439869021077175e+04 -1.411249858792871237e+04 1.926769350771792233e+04 4.714219239540392300e+04 4.827051241300074616e+04 1.718820474226970691e+04 8.659596869256347418e+03 4.232839723932556808e+04 4.449558656895533204e+04 6.920691209845221601e+04 7.737765371566620888e+04 4.871709684841346461e+04 4.548035748302936554e+04 5.067051865742541850e+04 7.286883904947887640e+04 9.892713189707134734e+04 7.690443067345782765e+04 4.758867309894415666e+04 4.986070782062599028e+04 7.796337948180720559e+04 1.561590604356031981e+05 2.166444171313204570e+05 3.436949663993430440e+05 6.285277733439584263e+05 8.052543718344529625e+05 7.019693014188663801e+05 4.633913924440285191e+05 2.302433059073521290e+05 1.210466130613344721e+05 9.735329934977903031e+04 1.485868995776493102e+04 -4.381482822936959565e+04 -4.589169396786042489e+04 -8.268385967472521588e+04 -2.030798143614076544e+05 -2.612217124283781741e+05 -1.822369878389877267e+05 -7.775145282735629007e+04
-7.306416218634694815e+03 -3.779081858228892088e+03 2.903739786357615230e+04 5.502080331905742787e+04 2.781507237465120852e+04 1.018977598287164983e+04 3.482594507280735706e+04 5.494010149384851684e+04 2.790634701959796075e+04 3.245623501716174360e+03 3.265898202895194845e+04 5.269088923349048855e+04 2.258044509682802891e+04 2.945365529623812472e+04 5.570293637458233570e+04 2.926599063561292132e+04 3.196102370275178691e+04 8.111833843984638224e+04 5.673667866503816913e+04 2.683862673584371805e+03 5.273485768819210352e+04 8.818157856934692245e+04 3.432195105124270776e+04 3.082969823037256720e+04 6.240943872369825840e+04 5.750514744198881090e+04 5.675005354103632271e+04 3.557166590355342487e+04 7.382111232727766037e+03 3.767430182895634789e+04 6.436823426280170679e+04 5.619131215731613338e+04 3.337363332859263755e+04 -1.080810447572718840e+04 -4.553247552481474122e+04 -2.094648375676472788e+05 -8.675605096376985312e+05 -1.858542751766511705e+06 -2.014616354055470554e+06 -1.158234183137534652e+06 -4.372543450607904233e+05 -1.047942166903540492e+05 6.018913671141490340e+04 1.439525104046342894e+05 2.515019363875030540e+05 3.930362555372980423e+05 5.685345193662233651e+05 6.492897226975751109e+05 6.393599419307289645e+05
-6.035638855537428753e+03 -1.381488234037533402e+03 4.026172051671863301e+03 2.246768169570714235e+03 -2.433243402745574713e+04 -4.128257059492167900e+04 -1.687625539139844477e+04 -2.373068900546064833e+04 -4.875983474194072187e+04 -1.748573918244801462e+04 -4.271103514242003439e+04 -1.047307122871280299e+05 -5.117083294317120453e+04 -1.566845578141510487e+04 -7.297487752628512681e+04 -9.918278318829840282e+04 -9.282036767923284788e+04 -9.769693504902534187e+04 -9.668928947532549500e+04 -6.954059733427129686e+04 -1.035415466025004862e+05 -1.512503942695910810e+05 -1.223152673325968208e+05 -1.540742413885887945e+05 -1.791436241171321599e+05 -1.299044588301329641e+05 -1.585126872535331640e+05 -2.357077906886120327e+05 -2.105919431161601096e+05 -1.824820471578277647e+05 -2.406899519148280378e+05 -2.515916636271867901e+05 -2.492421676486276556e+05 -2.409865297086071223e+05 -1.686812484590334352e+05 -2.945888529531680979e+04 6.200628010905366391e+05 1.697339907388671534e+06 1.865877601318062283e+06 9.845922801236128435e+05 3.206106724322301452e+05 1.248833710071637761e+05 3.864770471234794240e+04 9.903011351125314832e+03 3.696712210076046176e+03 1.314079029252752662e+03 1.689946415135636926e+03 -7.689121891744318418e+03 -2.138948423322197050e+04
2.664955969655420631e+05 1.595636648370418698e+05 5.326483873184781987e+04 2.335777938133105636e+04 7.986552604706957936e+04 9.033494761562906206e+04 3.116285978117957711e+04 2.423230825806979556e+04 8.235337153077125549e+04 5.852985344710759819e+04 6.022574362577870488e+03 5.414212558418500703e+04 8.056251984206028283e+04 3.461818230105563998e+04 3.178892087657004595e+04 3.334369629737909418e+04 4.292235482833348215e+04 6.715945580042887013e+04 1.344630680745467544e+04 1.332352878176607192e+04 3.359055351465952117e+04 -1.304218818433582783e+04 -9.211995798395946622e+03 1.421487244893796742e+04 -1.049737610388547182e+04 -4.029900064691901207e+04 -6.544984910171478987e+04 -1.125486946804451291e+05 -1.659510686958673177e+05 -2.159230181667953730e+05 -2.710314658179411199e+05 -3.604069098411138984e+05 -4.070153599453640054e+05 -3.970265451713929651e+05 -3.821647358429616434e+05 -3.251503872370813624e+05 -2.584879233117679250e+05 -2.150543664582077181e+05 -1.693751297181007103e+05 -1.151909690874159569e+05 -6.309200885589222889e+04 -4.414300923002895433e+04 -7.661747120902850293e+04 -7.639874912681977730e+04 -2.706283293431659695e+04 -1.275857943110167980e+03 -2.925093570374906994e+04 -9.562972975196235348e+04 -1.665922682755608112e+05
-1.184454382932745502e+05 -1.113268476375378668e+05 -7.671186261810368160e+04 -2.267553803510963917e+04 -2.106150078237988055e+04 -3.730694516561913770e+04 -1.345354134682565928e+04 -1.905017285374924541e+04 -4.104181684902857523e+04 -9.520928506972268224e+03 -6.314411070197937079e+03 -1.221703648334369063e+04 1.463804738479666412e+04 -2.992078499402850866e+04 -3.405606125248596072e+04 2.092724438873119652e+04 6.842620153911528178e+03 4.649941755924373865e+03 2.049638787284493446e+03 -6.118910387158393860e+00 1.825532912393088918e+04 2.428996152943000197e+04 2.803192685940314550e+04 2.346437119995243847e+04 5.062272212817345280e+04 4.730321810930059291e+04 4.857620564871467650e+04 1.072705961659086752e+05 1.598382795241194544e+05 2.159899289347231970e+05 2.669253606512209517e+05 3.374672866647607298e+05 3.983076341997381533e+05 4.087493913050273550e+05 3.704357858654108713e+05 2.685715103324038209e+05 2.303628733113874914e+05 2.224374693422581768e+05 1.092540583829398965e+05 5.772694294573715888e+04 5.651978174457303248e+04 -6.107088748830836266e+03 -1.127443181001581252e+04 -3.634875476360379253e+04 -6.623764829942991491e+04 -3.903754004160861950e+04 -9.257181167719024234e+04 -1.312370639701838372e+05 -9.436719208606192842e+04
2.357839753699953435e+05 1.878602441505063616e+05 1.389468993304762698e+05 1.088794995774514682e+05 1.094272374245338142e+05 1.198795510071795143e+05 1.422257041069678380e+05 1.361638452287298278e+05 8.773136477451783139e+04 1.185060135147068067e+05 1.486341418430674821e+05 8.910587226506328443e+04 8.934728347579942783e+04 1.264852231065742671e+05 1.209336262627039105e+05 9.496939703007228673e+04 8.668725335737690330e+04 1.141448284173383145e+05 1.355470878456253558e+05 1.058371622173581272e+05 6.968865597387787420e+04 7.535433014389127493e+04 8.164613324799598195e+04 1.035860424593554344e+05 1.022210362565238029e+05 4.891896363231353462e+04 5.318970768013992347e+04 8.501295379595854320e+04 5.952215405763103627e+04 6.413145467988215387e+04 8.769623177242465317e+04 2.628426420735148713e+04 1.135936354636237957e+04 4.724826895166188478e+04 5.391887078294530511e+03 -3.959411587798967957e+04 -9.790542417322285473e+04 -1.541466114716606680e+05 -2.377964260999576654e+05 -4.436701834539404372e+05 -5.773445668665237026e+05 -5.181792172859437414e+05 -3.975987370870996383e+05 -2.639183470199347939e+05 -1.088735405495398736e+05 -2.366480011260131505e+03 4.969846872263615660e+04 8.781194120645470684e+04 1.202612732350808219e+05
-4.844932156847789884e+03 -4.874839258729480207e+04 -9.498324112500983756e+04 -1.509697124129160657e+05 -1.760218512092251331e+05 -1.630009328131563962e+05 -2.201859509909990593e+05 -3.028789412346670288e+05 -3.163868584460581187e+05 -3.614723699167369632e+05 -4.066233314014973585e+05 -3.785670455440415535e+05 -3.720612386951687513e+05 -3.299937296588902827e+05 -2.544764581683556316e+05 -1.985943639988545328e+05 -9.142398168332898058e+04 -3.370370074873790145e+04 -4.400830685161054134e+04 2.230029657948762178e+03 4.271759047871432267e+04 -5.524387437617406249e+03 1.999005480902269483e+03 7.480673640966415405e+04 7.025340846157609485e+04 4.394862556597217917e+04 7.469057488138810731e+04 1.042339204519523773e+05 7.779521664371713996e+04 5.577991440775792580e+04 7.717490384820848703e+04 1.172637937904804712e+05 1.276668314228304662e+05 1.099192558997310698e+05 1.423570385191125097e+05 1.993826811620964436e+05 2.434338393225333421e+05 3.145899177307733917e+05 4.350363309099334292e+05 5.879960789636226837e+05 6.849592312215841375e+05 6.657731136481758440e+05 5.288883356179561233e+05 3.545187569130210904e+05 2.016954332951002289e+05 7.781355981016531587e+04 2.770002614939562045e+04 1.427679985761642456e+04 -5.151234176008962095e+03
1.293402053788302001e+05 8.721697482746071182e+04 9.643672181409783661e+04 1.489362402900587767e+05 1.496760973287746310e+05 1.877977409865704831e+05 2.363738850643858314e+05 2.585375483753161971e+05 3.489340391173027456e+05 3.785355677816551179e+05 3.801781645184386289e+05 4.016096320666840766e+05 3.747011268080676673e+05 3.312483230116775958e+05 2.420572989096398233e+05 1.622040992463008151e+05 1.646580735605675727e+05 1.179048820526804193e+05 2.743074513855388795e+04 2.086688186158426106e+04 9.175784320104910876e+03 -6.431340515380742727e+04 -8.011142705217949697e+04 -3.236449491349054733e+04 -6.278086770209504175e+04 -8.623179537942641764e+04 -7.816658983938404708e+04 -9.892128160223382292e+04 -9.763046530773857376e+04 -9.163824478746391833e+04 -9.521247430704522412e+04 -1.563670911255765823e+05 -1.430561290262276307e+05 -1.094085647398603614e+05 -1.556577276752796024e+05 -1.486773063463624567e+05 -1.281045656115747988e+05 -1.323416086717045400e+05 -1.409695167758034077e+05 -1.189985112205609912e+05 -1.026561850588771049e+05 -1.020592241152194329e+05 -8.719483346678293310e+04 -2.993623167974827811e+04 2.267511749174445868e+04 2.707651364966272376e+04 1.031567063729753718e+05 1.898533407319330145e+05 2.200575051596346311e+05
-1.952193176723083016e+05 -1.238757585291750729e+05 -8.548500270699139219e+04 -6.079582562204450369e+04 -5.988574303570203483e+04 -1.020212939265184104e+05 -8.019463968696066877e+04 -5.386240589432429988e+04 -6.414914893335668603e+04 -5.702936499495984754e+04 -4.964243604685179889e+04 -4.740611733985139290e+04 -6.693522120360285044e+04 -5.106652861228212714e+04 -3.337054063798859715e+04 -1.352169351140040380e+05 -6.075374064175407402e+05 -1.104417549001518171e+06 -8.287509468430649722e+05 -2.896202036726752995e+05 -1.208475903328508139e+05 -6.679522764286934398e+04 -5.230415121652185917e+04 -1.067977902351412922e+05 -1.162784107285551727e+05 -8.461866529192775488e+04 -7.251303802127949893e+04 -4.450729404925368726e+04 -4.297957556787854992e+04 -6.072028915863484144e+04 -1.643534682458266616e+04 2.112755790934921242e+04 1.220951577532081865e+04 4.241421288345009089e+04 6.463638529763533734e+04 9.662569101084931754e+04 1.689797150425144937e+05 1.675319197587671224e+05 1.826617127715141978e+05 2.505944921518668998e+05 2.375575180433228379e+05 1.786670441785831936e+05 1.899003021896346472e+05 2.252823621116117574e+05 2.321497358032505726e+05 2.165486456558568170e+05 1.687985765701160417e+05 1.281302964792120038e+05 1.053116187814130681e+05
-4.490966581972327549e+04 -2.689373682485893369e+04 -4.255009758053347468e+04 -7.221901126205921173e+04 -4.304208742221817374e+04 -2.937710726168006659e+04 -6.126221815240569413e+04 -3.394393263733945787e+04 -1.516516120987932663e+04 -3.446940554422314744e+04 -2.647404472460050602e+04 -2.345841243281029165e+04 -1.634428711375221610e+04 -2.673755226423963904e+04 -3.586491112946532667e+04 7.037210627575428225e+04 5.800982355384617113e+05 1.105666227665496524e+06 8.176430027966849739e+05 2.067547106684650353e+05 -1.475691567640745779e+04 1.275289777084271191e+04 2.113592983223497868e+03 -5.253225532127535553e+04 -1.238368747173785232e+04 1.984281866229142179e+04 -1.729469646583317081e+04 -3.889450725633659749e+04 -1.120458197779968032e+04 2.271005678921940853e+04 -6.681846154387923889e+03 -1.760121315368436626e+04 2.117795668309583561e+03 -1.577378672314801952e+04 -1.931060133152635535e+04 -9.075390705838799477e+03 -5.981793928658560617e+03 2.203269319725225796e+04 1.537008065264683682e+04 -6.135454571689461591e+04 -7.523895544698447338e+04 -6.769408068386829109e+04 -1.061283944093153696e+05 -1.381373319833077840e+05 -1.492698896443474514e+05 -1.112416417058554071e+05 -1.076576795068108040e+05 -1.478603048983489280e+05 -1.717905470135126961e+05
