-5.421981332727228291e+05 -5.337544743998295162e+05 -4.956935520603200421e+05 -4.492252083537004655e+05 -3.920826757379745832e+05 -1.779279934606166789e+05 2.656670056754955440e+05 7.371157538560881512e+05 8.761451038168348605e+05 6.331059488363913260e+05 1.271025027538321447e+05 -4.917773465809563641e+05 -9.728938976145668421e+05 -1.377547304901572177e+06 -1.667754515564474277e+06 -1.856927671271097613e+06 -2.176842909480211325e+06 -2.137157013646610081e+06 -1.409132101639079396e+06 -5.952177324864626862e+05 -7.912160886079724878e+04 1.986734846610492095e+05 3.639562672603372484e+05 5.160214269906729460e+05 6.729452202140605077e+05 8.951428859756421298e+05 1.152412793850030750e+06 1.300939860513128806e+06 1.255393145036977949e+06 1.072443547648662236e+06 8.545786484404472867e+05 6.378936925791869871e+05 2.295246795686284022e+05 -7.596470106214759871e+05 -1.813474100533691002e+06 -1.815479131574803498e+06 -9.578122061526596081e+05 -2.106236638784552924e+05 1.430179958266257308e+05 2.778233817885159515e+05 2.856027737727989443e+05 2.792658921173238195e+05 3.222318846223233268e+05 3.391125279737303499e+05 3.505160567446185742e+05 3.863475461503856350e+05 3.830077979110006709e+05 3.029737751639506314e+05 1.901022934242403135e+05
-4.020968311334396712e+05 -4.313297484845498111e+05 -4.318259929295435431e+05 -4.068901659856328042e+05 -3.903353674832760589e+05 -3.783457930992972106e+05 -4.052731808876431896e+05 -4.023475811418939847e+05 -3.725076656753028510e+05 -4.809552944873665692e+05 -7.942327893442152999e+05 -1.224652399289279943e+06 -1.408684961252501700e+06 -1.111373216085457243e+06 -5.772022306295726448e+05 3.426570575122302398e+04 7.525906242122431286e+05 1.098598250951363239e+06 7.404880952723398805e+05 2.997269474850231782e+05 1.060029687057062984e+05 3.043960288077592850e+03 2.146414885970437899e+04 -2.730645120755909011e+04 -1.496721686443379149e+05 -1.940248978744600900e+05 -2.266646653218776919e+05 -2.422550316701745614e+05 -2.515917571937185712e+05 -2.513810371539150365e+05 -1.422353550598472357e+05 1.078800198200698942e+05 5.481039717299300246e+05 1.392272441440683557e+06 2.241343007952423766e+06 2.234022262519265991e+06 1.467838966537726577e+06 7.749368148477391805e+05 4.756422092313459143e+05 2.901589510663955007e+05 1.375592878755377606e+05 4.540775946323340759e+04 -3.242710497487662360e+04 -7.908630298449727707e+04 -1.309460795099129900e+05 -1.841936072971106041e+05 -2.672626894394590054e+05 -3.555667499078467954e+05 -4.092724107415336184e+05
2.881556010798248462e+05 1.531462852405365848e+05 -3.199982103509672743e+04 -2.179513843320001033e+05 -3.823157868708949536e+05 -6.007546122365418123e+05 -8.071971188520725118e+05 -9.297531876466571121e+05 -8.723264926100461744e+05 -4.963178124078968540e+05 2.418616260861393530e+05 1.162984808646069840e+06 1.821122792613395490e+06 1.987313525723865721e+06 1.835917521825439762e+06 1.596460401555787772e+06 1.332579372873252491e+06 1.052812124092033599e+06 8.471895220203800127e+05 6.854746257854453288e+05 5.316383404615316540e+05 3.397788210797710344e+05 -1.509678702987553552e+05 -1.502762387265843805e+06 -3.340594594213528093e+06 -3.659401423218279146e+06 -2.216602932426080573e+06 -9.681451635852699401e+05 -5.282759010306473356e+05 -3.763467800730720628e+05 -2.709710059889585245e+05 -1.699475055144100916e+05 -6.903543765480280854e+04 -4.988607875220477581e+03 -5.434816602082690224e+03 2.111997416173829697e+04 1.238847551785877440e+05 2.463281839758933056e+05 2.647500307375686243e+05 2.535675436067953706e+05 3.574428229423861485e+05 4.104905540678836405e+05 3.637424493035713676e+05 3.957954887745484011e+05 4.917484439147397061e+05 4.885655050397769082e+05 4.246586404928263510e+05 4.510021053129165666e+05 5.383221765308007598e+05
-4.063138752038683742e+05 -3.122599541505586822e+05 -1.358646338921610732e+05 1.663739509829792660e+05 4.883322911094727460e+05 6.946709973750147037e+05 7.432667044803018216e+05 7.019530182116436772e+05 6.396712090719307307e+05 5.227036625321304891e+05 3.769901836331883096e+05 2.374102036696788855e+05 4.556532326527302212e+04 -1.031975605286424689e+05 -1.533570935212264303e+05 -2.002804039307376952e+05 -2.595209465617700480e+05 -2.556762179686665186e+05 -1.880950070560720051e+05 -1.452596462879227474e+05 -9.167693012590473518e+04 4.783121685353794601e+04 4.271425297513458645e+05 1.583559977036598139e+06 3.166043620051425416e+06 3.323836601800068282e+06 1.792726331933313515e+06 4.460903785314811394e+05 -1.687325380562096834e+05 -5.241106400475837290e+05 -6.011455240315808915e+05 -6.353335734732914716e+05 -7.673902690139790066e+05 -8.358972578491917811e+05 -8.244564720747978427e+05 -7.553239355232289527e+05 -6.625060024841509294e+05 -5.493621645406903699e+05 -4.237417572742742486e+05 -3.232347467221724801e+05 -2.355548828063367400e+05 -1.440465815107752569e+05 -8.920518056464043912e+04 -3.828958603902696632e+04 9.708137114485027269e+03 1.502368135643308051e+03 4.764305674914841074e+04 1.128810476644134615e+05 1.284887997856987640e+05
7.967863206236499827e+05 7.770647379967705347e+05 6.960920022514617303e+05 5.730424583436432295e+05 4.536611500618710415e+05 3.376362370655442355e+05 2.310529487662460306e+05 1.205794033630444901e+05 1.283649924800919835e+05 1.517471774164550006e+05 1.390876522744839313e+05 1.694975950847765198e+05 1.511148290699383942e+05 1.766905502627559472e+05 1.820984642535221064e+05 9.911206770424556453e+04 9.763979844661662355e+04 7.308703550528665073e+04 1.476433503135922365e+04 3.875200201620836742e+04 -1.680149515797873028e+04 -3.366227468221005984e+04 -3.054644060579454526e+04 -1.159393230583553668e+05 -1.018168106824483257e+05 -6.794628612531593535e+04 -7.565854870463220868e+04 -7.342906898345984519e+04 -4.538643028447043616e+04 6.756176558301434852e+03 1.037338409226136282e+05 1.798260164239585865e+05 1.695057904125687201e+05 1.608212566061592661e+05 1.321078299276994076e+05 1.738113274710508995e+04 -8.563012549306219444e+04 -1.040834165252093226e+05 -1.803967376087526791e+05 -2.853340687803204637e+05 -3.004275945137491217e+05 -3.096723871866746340e+05 -2.872101320346147986e+05 -2.014363268290617270e+05 -1.529588821412474499e+05 -1.236298314133269887e+05 -7.345578154379830812e+04 -4.074707548788870918e+04 -2.438745155450212769e+04
1.035295095913171535e+05 9.669272172803181456e+04 5.576891711065394338e+04 -4.093087699529947713e+03 2.172176621661521494e+03 1.187694340955209918e+04 -3.428337929917685688e+04 -7.909060836294887122e+04 -9.395217051029263530e+04 -1.395189089664199855e+04 5.281817602628504392e+04 5.085375815951917320e+04 1.260115786877394421e+05 2.102665322986649117e+05 2.354017049160937313e+05 2.277553367029760266e+05 2.484321988233932061e+05 3.139359964716820978e+05 3.387877526986266021e+05 3.135128994483056013e+05 2.455796503589591011e+05 1.643626253791444469e+05 1.043973789450139739e+05 -5.447006916255922988e+03 -1.661358927283072844e+05 -2.866911459580659866e+05 -3.998873757453113794e+05 -5.061222587713573594e+05 -5.776625285147198010e+05 -6.240725063168427441e+05 -5.477109318121804390e+05 -2.947798109783061664e+05 -4.585819063115246536e+04 7.763088050756759185e+04 1.916822452731142403e+05 2.865006478224129532e+05 3.495060190708682057e+05 4.318894238494075835e+05 4.998281631181085249e+05 5.395399919876930071e+05 5.296483904366875067e+05 5.672076662015940528e+05 5.956429525600089692e+05 5.365182937382273376e+05 5.442201943022706546e+05 4.634752172033935785e+05 2.649574004592793062e+05 1.891390025974567980e+05 2.008195318354219198e+05
-3.145021933090890525e+04 -4.844501993318773457e+05 -9.427968005006182939e+05 -1.004083851749746595e+06 -6.019588207465130836e+05 -2.925531477611729642e+05 -2.411004741773649585e+05 -2.804400682435883209e+05 -2.592424836528520100e+05 -2.485993724782746285e+05 -2.244960288628134876e+05 -1.359603536424767226e+05 -1.251612565969480202e+05 -1.113999321351731196e+05 -3.726114004151895642e+04 -3.119820241685397923e+04 -5.767640529265929945e+04 -3.180379408331587911e+03 7.148511015664553270e+04 5.912564066758938134e+04 7.839969623622833751e+04 1.620619709451969247e+05 1.705581558261658065e+05 2.011652475559455343e+05 2.858997460254612379e+05 3.410761128439115128e+05 4.697941869484023191e+05 6.087555735298531363e+05 6.533927100509570446e+05 6.578508558970130980e+05 7.140027666028795065e+05 7.382862934726481326e+05 6.532928812554047909e+05 6.457873681903033284e+05 6.966560436925464310e+05 7.257986986797365826e+05 7.166152924697052222e+05 6.540721166053856723e+05 5.763851558419992216e+05 4.681346455715158954e+05 3.095337625087262131e+05 1.306740646427730098e+05 -9.426955290302401409e+04 -4.458641347831171006e+05 -9.071734980669124052e+05 -1.523758966833152575e+06 -2.323088704100199509e+06 -2.999036514785208739e+06 -3.483170577115208842e+06
-1.877240232412078185e+05 4.650402109526113491e+05 1.078392062579077436e+06 1.143565361201799242e+06 6.657656183662766125e+05 2.937882876832007896e+05 1.865060839925352484e+05 1.530627890975666232e+05 1.831650787593401037e+04 -3.036652312111970969e+04 3.137792057546903379e+04 -3.713373266622493975e+04 -1.172155875842508394e+05 -1.309339747201737482e+05 -2.532089705308317207e+05 -3.149805994496636558e+05 -3.111908269900961313e+05 -3.590246276875039330e+05 -3.245073269820204005e+05 -3.191001609170415322e+05 -3.120847168641553144e+05 -2.321062527035243984e+05 -1.613349149782519089e+05 -9.368649521620692394e+04 -6.322806520056468435e+04 -3.605325784370517067e+04 2.243973595595904044e+04 5.454904426856966165e+04 9.983430255007965025e+04 1.395626056520631537e+05 7.412564359085101751e+04 1.083357480298228620e+05 1.802630964309727424e+05 1.273419062200993067e+05 1.049100487452960806e+05 1.275023694400441600e+05 1.036893984981359681e+05 -6.055856759303482249e+03 -1.587180043003207538e+04 1.792302428781113122e+04 -6.675067653886857443e+04 -1.296536581236434286e+05 -1.322864894938171492e+05 -2.292742391829974367e+05 -4.709952581791363191e+05 -5.454259270238238387e+05 -1.613242757848250039e+05 3.769548845260166563e+05 8.185665931263341336e+05
4.220715521593592130e+05 4.281075683682502713e+05 3.924160045063034631e+05 3.253004902656537597e+05 3.037171987554029329e+05 2.911647913815977518e+05 2.813140532417309005e+05 2.495461884720498638e+05 2.126800586385435308e+05 2.585699296396705322e+05 2.819403126118050423e+05 3.447474862781382399e+05 4.671003108952934272e+05 4.885543269569459371e+05 5.333685761112063192e+05 6.756424333954059985e+05 7.879648573549641296e+05 8.153557153033032082e+05 7.875027521265656687e+05 7.590990742596476339e+05 7.681501082249442115e+05 7.528159550573765300e+05 6.551822500934228301e+05 5.942801021923869848e+05 5.026017259958088398e+05 1.554260266938954592e+05 -4.864314361114175990e+05 -1.550229191094152164e+06 -2.813964119866719004e+06 -3.348039927707430441e+06 -2.843279690200252458e+06 -2.029395689214288956e+06 -1.587388433554085437e+06 -1.582898280479857000e+06 -1.575157907180036418e+06 -1.309571036014021840e+06 -8.817408797870650887e+05 -4.980440059419572353e+05 -2.905425166964419186e+05 -1.433159898220030591e+05 2.969982921426184475e+04 2.292272255172431469e+05 4.521155858337795362e+05 8.278348224233957008e+05 1.416229600284458604e+06 2.062577084264151752e+06 2.555682921682461631e+06 2.734963306249039248e+06 2.745086550301366020e+06
8.964947702832450159e+04 2.376138908789652633e+05 3.418939266882442171e+05 3.424816883686434594e+05 3.913986724363348912e+05 4.513112494333471404e+05 3.765534303184174933e+05 3.848821874090211932e+05 4.548302336385315284e+05 4.323681597963147797e+05 3.838062380129488884e+05 4.129992092355678324e+05 4.026207052525931504e+05 2.849565272789548617e+05 1.850572515447856858e+05 9.512251978121465072e+03 -2.325898247864823788e+05 -4.256053839568994008e+05 -5.749817537864508340e+05 -6.933749631620591972e+05 -7.683200675959583605e+05 -7.899985844272664981e+05 -6.841848998156650923e+05 -4.308153856079666293e+05 -2.029800832325414522e+05 1.165600785885170917e+05 7.763889998205575394e+05 1.800445609761412488e+06 4.780040652555626002e+05 -4.042467520974579267e+06 -5.093044355652824044e+06 -1.728702325121326372e+06 2.791724078726111911e+05 7.552158987411879934e+05 1.057792295712533407e+06 9.051106618631826714e+05 6.249762006568918005e+05 3.315136784937209450e+05 1.089159109792676754e+05 1.096339777845419012e+05 9.904177978081861511e+04 4.464880265157250687e+04 1.205379441387406550e+05 1.684978693003365770e+05 1.073316898115081713e+05 1.440570703248155769e+05 2.480066344659288879e+05 2.881741591318123974e+05 2.997280979752335697e+05
5.765996433063293807e+04 2.046136144818039611e+03 -2.908896923123416491e+04 6.486280566496076062e+03 5.792251778231724165e+04 5.211907161072315648e+04 1.338213963430444710e+04 -9.638396859336411580e+03 -7.634143911163788289e+03 2.691920983125455678e+02 4.908067407675855793e+04 1.088726609850709792e+05 1.659166612441185862e+05 2.174187976042228984e+05 2.159209300852670567e+05 2.802629373476887704e+05 3.153923989913167316e+05 2.269300556729284872e+05 1.125617716312262637e+05 -1.118020925481323211e+05 -4.317531907155343797e+05 -7.673281609719202388e+05 -1.082854426437736256e+06 -1.179487628484202782e+06 -1.054234200673708459e+06 -9.464670126085905358e+05 -8.190185922032105736e+05 -6.494752773896483704e+05 2.058515404487358639e+06 7.292568673416216858e+06 7.843921984384365380e+06 3.660234077094125096e+06 1.244091805451578461e+06 7.546844857369074598e+05 4.439247512316070497e+05 2.062321238550795242e+05 -1.306026404392840341e+05 -6.249906780546018854e+05 -1.475943733334640041e+06 -2.930149984757727943e+06 -4.430522325874239206e+06 -4.525239461172217503e+06 -3.047980041536421515e+06 -1.565914396904588910e+06 -8.396986999698891304e+05 -5.499083737739040516e+05 -4.387912267084543128e+05 -2.895239895482165739e+05 -6.742134654803108424e+04
9.073323728676745668e+04 -3.417666671084589325e+04 -1.348238943620522041e+05 -2.044149136398846749e+05 -2.921812731845784001e+05 -3.311164322863259586e+05 -3.675847998557217652e+05 -4.926116956990885665e+05 -5.584634956324956147e+05 -5.155057043466875330e+05 -4.684177624778388417e+05 -4.797188348639613250e+05 -4.569509786428169464e+05 -3.356991643198123202e+05 -1.995509570189096266e+05 -1.374139292224210221e+05 -3.310458704501809552e+04 1.935467652543592267e+05 3.939367850730557693e+05 6.251589612205859739e+05 9.409730635617580265e+05 1.139540355657627340e+06 1.216253685386766447e+06 1.196961280995273963e+06 9.785186178664288018e+05 6.685153320841712411e+05 3.754348917933739722e+05 1.598215350586180575e+05 -6.722443166960077360e+04 -2.979386611769953743e+05 -4.567593149112504907e+05 -6.390755382514926605e+05 -7.679515354038113728e+05 -7.997118369253801648e+05 -7.523690524482657202e+05 -7.008560532106638420e+05 -6.039298704290915048e+05 -3.726742527867470635e+05 1.167811352917835902e+05 1.190563997318964917e+06 2.288213867277780082e+06 1.801714445830522571e+06 -2.112469207781027071e+05 -1.897161399173027137e+06 -2.502989233226656914e+06 -2.320336392164639197e+06 -1.811431234730444849e+06 -1.445414381357948296e+06 -1.223685737818314694e+06
-2.676394475542478031e+05 -2.487066370292450301e+05 -2.066741898236795678e+05 -1.718076424701939104e+05 -2.242680534791361424e+05 -2.601574194478961872e+05 -2.570587563113439246e+05 -3.066490782725306926e+05 -3.350055250518200337e+05 -3.643513471636832110e+05 -3.567469813347635791e+05 -2.637233719731741585e+05 -2.390717340521223377e+05 -2.596894222630361328e+05 -1.614143043216244550e+05 -1.000394178518764675e+05 -1.374329776706146076e+05 -8.868097088594362140e+04 -6.891662925383565016e+04 -9.221824537304206751e+04 -6.250034710927144624e+04 -7.508840190384956077e+04 -7.161302707783761434e+04 -1.870771329951821826e+04 5.261214663969469257e+04 1.343965409769951366e+05 1.242845718124224804e+05 1.572619945583939552e+05 2.525007225156512577e+05 3.091602415945817484e+05 3.623640095369045157e+05 3.541887874736862723e+05 3.674138555919137434e+05 4.088804002058531041e+05 3.871272781047807657e+05 3.683825348414027831e+05 3.571835108473894652e+05 3.009138980970970588e+05 3.233082720260786591e+05 4.969388302267530817e+05 7.652310250097825192e+05 1.178082693731521489e+06 1.539077023463865044e+06 1.504884215602361131e+06 1.002140945877986960e+06 2.459770078405919485e+05 -4.687127923901462927e+05 -9.313765803140583448e+05 -1.216105921698778868e+06
-2.291905687001394108e+04 6.867352358662174083e+04 1.830883529216225725e+05 2.538046712345385458e+05 2.733384530938202515e+05 3.102130250276240986e+05 3.863068711140656378e+05 4.811979511462417431e+05 4.892484916233665426e+05 4.955424727299395017e+05 5.025061414172525401e+05 4.523688929001949728e+05 4.421108030371395289e+05 4.215439928205886390e+05 3.402041542916412582e+05 2.226243879011599347e+05 1.137017670117348898e+05 1.859563381185580511e+04 -7.038819102584966458e+04 -1.315984493771974230e+05 -2.096758192784904968e+05 -2.922916868566971971e+05 -3.607278222424798878e+05 -3.779873305340879015e+05 -3.388348124516776297e+05 -3.270123469470125274e+05 -3.718839145232777810e+05 -4.450318362870174460e+05 -4.196503058882082114e+05 -3.254865950452948455e+05 -2.744861123691224493e+05 -2.885579376768879592e+05 -2.799698710390671622e+05 -1.693885095512815751e+05 -8.484279765492817387e+04 3.836319785535987467e+04 1.689512897705570795e+05 2.201839846921942662e+05 3.510985312992120162e+05 4.889949718781268457e+05 6.129191451872629113e+05 7.391473812172634061e+05 8.860252731242483715e+05 1.104512528050766559e+06 1.285261434575733729e+06 1.462807087154429406e+06 1.607987771586343413e+06 1.644033041070137639e+06 1.642065361095925793e+06
8.066067921776263393e+04 -4.154046164992905688e+04 -7.005302096869857633e+04 -3.629502335941651836e+04 -8.840623619915277231e+04 -8.572314319018909009e+04 -7.844353220709302695e+04 -1.235035717360734125e+05 -7.862535766100347973e+04 -7.327781471423798939e+04 -1.048781357297411887e+05 -5.018900616705662105e+04 -2.498393282832694240e+04 -8.272526262087922078e+04 -5.904734797863056883e+04 -3.343361086721427273e+04 -6.993341349349066149e+04 -9.365871935886377469e+04 -1.113976795619963668e+05 -1.012001392712409142e+05 -1.420299761345083825e+05 -1.501549771839197492e+05 -1.105954158678653184e+05 -5.526052717024879530e+04 2.176179182060877793e+04 -1.867528876464115456e+03 -1.051079789067432284e+04 6.033319199006678537e+04 1.222373715172578814e+05 1.456775125667625107e+05 1.603139708038360113e+05 1.795809373878731858e+05 1.503147375953274313e+05 1.164766504781437106e+05 2.002025420136490720e+05 2.503310243543821271e+05 1.645497227663142257e+05 1.436584270769529103e+05 1.669738973952189262e+05 1.608866592754925659e+05 1.398825040823431336e+05 1.580621048102329078e+05 1.975287910315086483e+05 1.298178998322688130e+05 9.696405400281937909e+04 9.879063421387370909e+04 -9.533963610744685866e+02 -6.904984598120776354e+04 -7.061329281670472119e+04
6.489549259281193372e+05 5.276768298035311745e+05 4.279002957104968373e+05 4.250053640393887181e+05 4.086068498225358780e+05 3.766485805986302439e+05 3.863164193517875392e+05 3.439635475729301106e+05 3.179060816566925496e+05 2.867416415487239137e+05 2.882952858602222987e+05 3.036513888332415372e+05 2.915563457176177762e+05 3.025924428350115195e+05 2.143882090738769621e+05 1.313988390933084302e+05 1.306414806314567104e+05 -2.447942712169606239e+03 -2.363455803741817363e+05 -4.408020067845787853e+05 -7.273271120514236391e+05 -1.084835215885614045e+06 -1.292447889526886400e+06 -1.305159690838263370e+06 -1.188237555867743911e+06 -9.964402791375324596e+05 -7.880681086645920295e+05 -6.424329850156222237e+05 -5.788854271496527363e+05 -5.537603981952269096e+05 -5.745855073254636955e+05 -5.963973155331050511e+05 -5.600258659640557598e+05 -4.898925979796331376e+05 -4.804664989497540519e+05 -4.687902465224033222e+05 -4.116072855825764127e+05 -3.586886975934621878e+05 -2.976780010398942977e+05 -2.320162188450917602e+05 -1.484464612670126371e+05 -6.054586061094654724e+04 1.432136848299717531e+04 8.961960753062227741e+04 1.641657991164536215e+05 2.743478330213101581e+05 3.914953729146523401e+05 3.944211428996636532e+05 3.184892915573362261e+05
2.158016811029657256e+05 9.481454184970073402e+04 -5.263284342363476753e+03 -9.391810655069770291e+03 9.542536628141533583e+03 1.407273706528916955e+04 2.526967877442087047e+04 -1.552157706973957829e+04 -4.149009994092932902e+04 -3.736227774832514115e+04 -3.689894261828158051e+04 -5.848006512969732285e+04 -3.468952739778626710e+04 -5.922510721844458021e+04 -1.471091043685737532e+05 -1.567771789951075334e+05 -1.912101199946483830e+05 -1.799704874798044330e+05 -1.267609031659957254e+05 -8.027684577202296350e+04 2.608472068954131100e+04 1.671310457254006760e+05 2.424196892252807738e+05 1.204060074070006376e+05 -1.205093731226229575e+05 -3.214223626905001001e+05 -4.689246129366075038e+05 -5.716901693365809042e+05 -5.079145542165500228e+05 -3.404939510027174838e+05 -2.898134422206928721e+05 -2.763449164187478600e+05 -1.696927131785933743e+05 -6.466133028559858212e+04 -2.058190772761008702e+04 -9.827254097690456547e+03 -2.353955479418800678e+04 -5.331913468689890578e+03 2.101563592616003007e+04 -5.456987716352147982e+04 -4.294728401990060229e+04 4.339437638882361352e+04 -2.437750385557592381e+04 -5.598331035907869227e+04 1.750784395298955496e+04 2.143643399293057155e+04 -3.708238139282935299e+04 -7.022138834377948660e+04 -7.772074144391715527e+04
6.703143657046905719e+04 -5.344043723169306759e+04 -1.176982466843764414e+05 -8.657186642616576864e+04 -6.746327719236433040e+04 -9.765756060885904299e+04 -4.944942401358275674e+04 1.799201302179429331e+04 -7.710119643961617840e+03 -3.655952157132560387e+03 6.772984078765159938e+04 1.526573915846529126e+05 2.122039903120456729e+05 2.233373798474348732e+05 2.423201673444418120e+05 3.399680728016395587e+05 4.483590642266065115e+05 4.588960291897818679e+05 4.399064633254599757e+05 4.856549691620601807e+05 5.560614125724527985e+05 6.257588540808502585e+05 7.708786933814566582e+05 8.608210602016327903e+05 8.668175415034783073e+05 9.117263720952901058e+05 8.333098083945512772e+05 6.230804543143324554e+05 4.371667917759623379e+05 2.847205079568084329e+05 8.859080010413937271e+04 -3.564155276900455356e+05 -1.306073684019286186e+06 -2.289364967409926932e+06 -2.207899848709563725e+06 -1.211809576218076982e+06 -4.848137569535165094e+05 -3.574655536339567043e+05 -3.983975496605852386e+05 -4.712901374891212909e+05 -6.356228216765177203e+05 -7.967800174231532728e+05 -9.693185511460589478e+05 -1.140101469676231034e+06 -1.312233898537889821e+06 -1.482732558655184461e+06 -1.469412975212982390e+06 -1.363950346337802242e+06 -1.305133800915475935e+06
-1.191137510725822067e+05 -1.680830283758405130e+05 -1.973562766722168890e+05 -2.035997824829972815e+05 -1.852796882331313100e+05 -2.493810011433378386e+05 -3.399639147434935439e+05 -3.059838923512871261e+05 -3.318284115292044589e+05 -3.640519096506612259e+05 -3.307769293485764647e+05 -3.204759189614562783e+05 -2.977242534078685567e+05 -2.522292601015215041e+05 -2.342779908705414273e+05 -2.407598501224857755e+05 -1.650201583579473663e+05 -8.186218980663386174e+04 -6.267190052974899299e+04 -4.849590263394941576e+04 2.654650973323406652e+04 1.359745928342456464e+05 2.113382173507856205e+05 2.665151094700556714e+05 3.796662741663024062e+05 4.606507453651283868e+05 4.906688458800635417e+05 5.653178563139237231e+05 5.565967028425075114e+05 5.451209558202390326e+05 6.306686632341002114e+05 8.528719899627350969e+05 1.481999784082804108e+06 2.144111454639785923e+06 1.865590664653352462e+06 7.128837973334183916e+05 -2.819114570201062597e+05 -6.793758341687512584e+05 -8.927860890072039329e+05 -1.067961846147006378e+06 -1.055461858078416903e+06 -9.707880092829891946e+05 -8.628590047277223784e+05 -7.181968048167625675e+05 -5.053937973279263824e+05 -2.555813056290927925e+05 -6.608707657520379871e+04 3.951654992422775831e+04 9.751887142476276495e+04
3.370652142843040638e+05 2.179009699625750072e+05 4.767790140402223915e+04 -6.551388265063008294e+04 -8.397352382729854435e+04 -1.830400478347288445e+05 -3.066790130943991244e+05 -4.468467125147441402e+05 -6.131235011413088068e+05 -6.809302296583335847e+05 -6.499999564365861006e+05 -5.036528978046413977e+05 -3.437414023039306048e+05 -2.667648046290560160e+05 -1.472092102612806484e+05 -1.320430182378902100e+04 2.790652115967543796e+04 4.547867814617231488e+03 -4.550228247135248967e+04 -9.746874838812788948e+04 -8.686657371152238920e+04 -1.117641541605556849e+05 -2.096648321793333162e+05 -2.248500036979385186e+05 -2.192845368380949367e+05 -2.800601942578210728e+05 -3.164259576119364938e+05 -3.425025322938023601e+05 -4.200613492727275589e+05 -5.350375993092893623e+05 -6.191207433855739655e+05 -7.098627076103021391e+05 -8.866981468493063003e+05 -9.938064115640003001e+05 -1.024733390148248523e+06 -1.052407260286999866e+06 -9.571208198483502492e+05 -7.238450976363690570e+05 -5.204915569794680923e+05 -3.160504502301039174e+05 -1.012283706927690655e+05 8.126897830152232200e+04 2.547327577367825434e+05 3.280251165734087117e+05 4.001702560057309456e+05 4.404472425867412239e+05 3.868441765660108067e+05 3.524352394795273431e+05 3.390423064672993496e+05
-6.470133231538056862e+04 2.598982224029896315e+04 1.706458578435556847e+05 3.380224589906719048e+05 4.266068242590699811e+05 4.704272625453448854e+05 5.943875762791865272e+05 7.707735956092807464e+05 8.849855943289005663e+05 9.573492482917931629e+05 9.182160221967939287e+05 7.143188849240692798e+05 5.238347143162535504e+05 3.897891145321773365e+05 1.938518937461776659e+05 1.365034085159981623e+04 -1.537650042494349182e+05 -3.157167415611911565e+05 -3.644953318633632734e+05 -4.486056914834626950e+05 -5.735409855951715726e+05 -6.299359972808449529e+05 -6.911908674646124709e+05 -7.401820980244516395e+05 -7.347875772460242733e+05 -6.919012708049557405e+05 -7.270164144052978372e+05 -7.520478948501127306e+05 -6.572722808601246215e+05 -6.001058771541281603e+05 -4.767551748867118731e+05 -2.918158655261504464e+05 -1.934791311331365723e+05 -2.537753007745835930e+04 2.528012978842894081e+05 3.968387855654146988e+05 3.549529916667956859e+05 3.480213007132994244e+05 3.801460008709545364e+05 3.787839976193925831e+05 3.522364949926853878e+05 2.924603378229956725e+05 2.582771192627835553e+05 2.971257015467571327e+05 3.344868507494544610e+05 2.719720714582938235e+05 2.201061315971313743e+05 2.199798431853554212e+05 2.050564542650645599e+05
1.420237509289276786e+05 9.296377591497730464e+04 2.754469374762289226e+04 -5.102660146425431594e+04 -1.381653853877652436e+05 -3.014420949680060148e+05 -4.857181650890563615e+05 -6.190709009036798961e+05 -8.504313556507988833e+05 -1.053882409608267481e+06 -9.916614779995875433e+05 -8.197081552990138298e+05 -6.322708059161957353e+05 -3.886830544427356217e+05 -2.046584488922962046e+05 -1.033230598701629206e+05 1.016844915757232229e+04 9.196327872101389221e+04 1.149800359515938908e+05 1.391797976648376207e+05 1.576427119623984327e+05 2.072094305790962535e+05 2.476329478291159030e+05 1.960563497605472803e+05 1.284060046636294574e+05 6.490083544471417554e+04 -3.686091832722036634e+04 -1.958039027891940204e+05 -3.419219117883763975e+05 -4.230716877042140113e+05 -4.677305816113220062e+05 -4.192236518728898373e+05 -2.554695844332323759e+05 -5.662316738511476433e+04 4.519030102797839209e+04 1.605133801203934127e+04 1.277959446786568151e+04 -8.992436536893382436e+04 -3.595485750291838776e+05 -5.959756351529341191e+05 -7.932000369428736158e+05 -9.241516919096478960e+05 -9.609116377217986155e+05 -8.223866356875079218e+05 -5.499334645615476184e+05 -4.091473354724431410e+05 -3.248224031306747347e+05 -1.572048476477367803e+05 2.875980970238894224e+04
-2.450677031668600976e+05 -9.093341058440270717e+04 4.732526728184889362e+04 7.183783282511282596e+04 1.224699433401110582e+05 3.011958989894627593e+05 4.596272703292196384e+05 6.344213787865014747e+05 8.463483497358539607e+05 1.017915589287221897e+06 1.012115334889022633e+06 8.088143618205508683e+05 5.864072053029667586e+05 4.192828774048392661e+05 1.931197989773498848e+05 -4.591975577677693218e+04 -2.040523843903793022e+05 -3.931497124760062434e+05 -6.387761035134461708e+05 -9.144192681126147509e+05 -1.227858487362315878e+06 -1.477127918771656929e+06 -1.569538089524288196e+06 -1.452173766577397939e+06 -1.015877636911753216e+06 -4.066885395257133059e+05 9.941538854655018076e+04 5.150989725548434071e+05 9.081882642499102512e+05 1.095998754355823155e+06 9.848540006652912125e+05 4.269962719135915395e+05 -7.578454539437368512e+05 -1.873719297381246695e+06 -1.874779123308178503e+06 -9.956029912870889530e+05 -2.233867928272220306e+05 2.823773952374178916e+05 6.554590252833436243e+05 9.270498996438957984e+05 1.170388222670156509e+06 1.277622061514559900e+06 1.209646124254865106e+06 1.012861716792250052e+06 8.139439436682752566e+05 6.529650976559768897e+05 4.695526725686793216e+05 3.671884494447284378e+05 3.493932953135604039e+05
-3.494838080994667253e+05 -2.668782056026975624e+05 -2.332719395290040993e+05 -2.447956510338553926e+05 -2.301899940668954514e+05 -2.213267195383376675e+05 -2.634889871419726405e+05 -2.906913706582420273e+05 -2.844572851945122238e+05 -3.169159174048400018e+05 -3.229632915023106616e+05 -3.242306137562266085e+05 -3.758091656009489670e+05 -3.718591887459477875e+05 -3.583466580486856401e+05 -3.218869686044489499e+05 -2.064671163399913348e+05 -5.681829525339696556e+04 1.033211643445976079e+05 2.669265546086532995e+05 4.586662016606703401e+05 5.116240656696748920e+05 3.176014774850052781e+05 -1.032494314222990070e+05 -5.084540055235996842e+05 -6.073398317998358980e+05 -5.060596715824794956e+05 -2.936630780717683956e+05 -1.044916277442821302e+05 8.224642472894676030e+04 4.093570514714508317e+05 9.630570320425662212e+05 2.033123561821926152e+06 3.037183557458044961e+06 2.867313341524638236e+06 1.827825737433014903e+06 8.511955433156965300e+05 1.399282466140016913e+04 -9.873859061994128861e+05 -1.955419654721912695e+06 -2.082289497055972926e+06 -1.273977196507191751e+06 -4.718148394518344430e+05 -1.317451835898096324e+05 -6.206236233898390492e+04 -5.504063962449421524e+04 -3.650364717454064521e+04 -3.874452940013699117e+04 -5.788796194450615440e+04
-5.231311069020014256e+05 -3.766485755085889250e+05 -2.787324561644345522e+05 -2.906595906211440451e+05 -3.089753618727992289e+05 -2.670208685465333983e+05 -2.091634461282957345e+05 -1.692767359611755237e+05 -1.294035066867219284e+05 -9.470749644075147808e+04 -9.964304675799189135e+04 -4.893704822459258139e+02 8.197820382170891389e+04 5.430851363176759332e+04 1.359536407907581888e+05 1.740479732503443956e+05 1.242544746069326065e+05 1.410856020972277038e+05 1.681496225810404867e+05 2.321292510228524916e+05 3.240783280081078410e+05 5.109914358448444400e+05 8.852568164702113718e+05 1.167065821409705095e+06 1.130510672396266367e+06 7.650851391393379308e+05 1.656167047826587514e+05 -3.566686867221149150e+05 -6.027420518520370824e+05 -5.846559111414530780e+05 -4.925484930002857000e+05 -3.763146448959010886e+05 -1.824097984933189582e+05 -2.021797875509969890e+04 1.452940206175119383e+05 3.163274889661985217e+05 4.835327958603013540e+05 8.881587181011143839e+05 1.762498321599120274e+06 2.635821261398079339e+06 2.508538771287858952e+06 1.541983859266481362e+06 7.041265066009489819e+05 2.087681737243831158e+05 -5.444687571296468377e+04 -1.790998778070202097e+05 -2.921931402643541805e+05 -3.937690461703441106e+05 -4.795962621801197529e+05
-2.933266353225915227e+05 -3.432453537711990066e+05 -4.413415881141554564e+05 -5.516165329427164979e+05 -6.688295075068890583e+05 -7.587549589431728236e+05 -7.679694182687667198e+05 -7.307585311566074379e+05 -5.978746255458104424e+05 -5.015999149797428399e+05 -4.105375475513567217e+05 -2.177947623166255653e+05 -1.053750123458309099e+05 -6.762317724780645221e+04 1.361844488274119794e+04 8.688666837602667511e+04 1.722727336072428152e+05 2.901136775523619726e+05 3.529076141832042485e+05 3.873170600429875776e+05 4.493076238362109289e+05 5.709584752912633121e+05 7.110205662551028654e+05 8.578322599185043946e+05 1.019575240638950607e+06 1.187645288084895117e+06 1.390578956675235415e+06 1.470664148388898699e+06 1.391868408729132731e+06 1.243237068658271804e+06 9.378728266084367642e+05 5.236800762689369731e+05 2.189626114742001519e+05 4.870721132938354276e+04 -1.193849133283949923e+05 -2.485102992021709215e+05 -3.125057885426210705e+05 -3.726728599156199489e+05 -3.999469035740185063e+05 -3.628484796446709661e+05 -3.240966532469616504e+05 -3.224036327171056764e+05 -2.591411373338625999e+05 -1.878419545050568413e+05 -1.854617989774126909e+05 -1.449983864821110619e+05 -9.276101529139862396e+04 -1.289733970881924033e+05 -2.158923108749848325e+05
-1.509835822554305196e+05 -8.769205677090212703e+03 1.505799707233379595e+05 2.682184139375751838e+05 3.490587422007229179e+05 4.904036626459853724e+05 5.850100067711900920e+05 5.648820191164850257e+05 5.092006913352818228e+05 4.157573946741467807e+05 3.151915636756168678e+05 2.483369820597001817e+05 2.296274558678851463e+05 2.005020924344717059e+05 1.170948935289925430e+05 9.156112212018342689e+04 1.103031684024608694e+05 9.558263741477276199e+04 9.231493205414141994e+04 1.280301263672298519e+05 1.269239512368219439e+05 8.573296141548769083e+04 1.251664392386740074e+05 2.014955465230741538e+05 2.248556461393308127e+05 2.557978593582809553e+05 2.923478396759309107e+05 3.063004177146655275e+05 3.245887036997008254e+05 4.055261865498324623e+05 4.679866984170801588e+05 4.225964703709181631e+05 4.494190930716301082e+05 5.105274637485853164e+05 4.741371525159045123e+05 4.114489392736866139e+05 3.837613972547114827e+05 3.932984868274077307e+05 3.359497132820251863e+05 2.436929671819957439e+05 2.169742040355051868e+05 1.522832576170922257e+05 5.120574225220503286e+04 2.449939415615517646e+04 2.759491453398391604e+04 3.178787194192409515e+03 -1.080191470244619995e+05 -2.425488135006148368e+05 -3.294528120246771723e+05
5.311696483980629127e+05 6.086578391981312307e+05 6.084726855502229882e+05 5.032562460021289298e+05 4.863042006845353171e+05 4.967127012868876336e+05 4.301207860678548459e+05 3.447510832092667697e+05 2.546404347085626796e+05 2.231872364931041375e+05 1.221087212869315408e+05 -1.057674346331600100e+04 -6.449583517111022957e+04 -1.279046558211848605e+05 -2.110065516954637133e+05 -2.348742870255957823e+05 -2.466328833112493157e+05 -3.232560438592915889e+05 -3.239511571222100174e+05 -2.840250292135169148e+05 -2.793210312486912007e+05 -2.527113402790562832e+05 -2.144829289296471397e+05 -1.430808353114118217e+05 -9.481705072903420660e+04 -1.003579559228091384e+05 -6.343884463291012798e+04 -4.915798060348616127e+04 -3.458680979689250671e+04 9.649329473177211185e+03 -5.329044093552480626e+04 -6.229358773198288691e+04 -4.347783450502945925e+03 -4.094978865672583925e+04 -1.111139486930916319e+05 -1.099497835795046703e+05 -1.023798306995014136e+05 -1.543075779263748263e+05 -2.101988911685473868e+05 -4.632289748618483427e+05 -9.132504696307331324e+05 -1.275470878966881428e+06 -1.253526820525581716e+06 -8.005815616798629053e+05 -4.463215000079087913e+05 -3.115432283356483094e+05 -1.311193103050747886e+05 -3.837574109042156488e+04 -6.063694214841350913e+04
-9.607338917106972076e+04 -2.296515497306248290e+04 3.529065890281344764e+04 5.267662463767922600e+04 6.483998118899762630e+04 7.402770474858698435e+04 4.006662693704129197e+04 1.873704068988448125e+04 8.472988753055679263e+04 1.157428245349728531e+05 1.692744412095621374e+04 1.043752492405461271e+04 5.023052471180560678e+04 -1.210557415164657323e+04 -3.036066977234439400e+04 -8.310594205642721499e+04 -1.866779649603996077e+05 -2.610254292903117894e+05 -3.229701198550172849e+05 -3.755386302812256617e+05 -4.633633347728748340e+05 -4.684707083730606828e+05 -4.324722488125561504e+05 -4.592069477669424377e+05 -3.837661845743418671e+05 -2.972024495147338603e+05 -2.925677804864244536e+05 -1.838656397904562764e+05 -1.075979616113179363e+05 -9.618532396474620327e+04 -3.055122496909508482e+04 -6.719546741951256990e+03 1.921123919964861125e+04 1.458764915150869638e+04 -5.562456033847434446e+04 -5.461342637223377824e+04 -4.670232174423290417e+04 -3.394076491749752313e+04 7.117331096684187651e+04 2.703319684034786187e+05 6.944902387194491457e+05 1.113998123134807218e+06 1.080687364832262509e+06 7.009837152883113595e+05 3.486278781022719340e+05 1.951799946345267235e+05 1.830195600415758381e+05 1.469526826418590499e+05 6.036574645520624472e+04
-6.403542136464966461e+05 -4.513650903577217832e+05 -3.374697065503278282e+05 -3.536307765697711147e+05 -3.443948867665312719e+05 -2.769178046478189062e+05 -2.194627209365717135e+05 -1.492960205041163135e+05 -1.470350648062594701e+05 -1.481075009514461271e+05 -6.186547572797304019e+04 -3.867887240470713004e+04 -3.090499972196994349e+04 3.065395684607187286e+04 7.575499881218979135e+04 1.190124305347856134e+05 1.739682885982622392e+05 2.580935483955545351e+05 2.930677289175218903e+05 2.763876871787940618e+05 2.870127244261668529e+05 2.539799407630921341e+05 1.983680173550969921e+05 1.728466882347129285e+05 5.959574969048798084e+04 -7.317559820090513676e+04 -9.837677750489092432e+04 -1.154639389338265173e+05 -1.352317491463324986e+05 -1.254082524213297293e+05 -1.217488848121138290e+05 -6.502563542686356232e+04 2.377431315937405452e+04 8.273913561817584559e+04 1.394554954078919254e+05 2.677428389742267318e+05 4.692036030587042915e+05 5.812097083756827051e+05 6.573315383981384803e+05 7.942139747980377870e+05 8.646575738453262020e+05 8.640567144076355034e+05 8.621416827547340654e+05 8.703952811697686557e+05 8.751221511825877242e+05 8.219477776373946108e+05 7.164265549038834870e+05 6.501510566151393577e+05 6.294526257617566735e+05
1.230594926985213533e+05 1.235433548572473228e+04 -5.297904737381031737e+04 -8.117558274388778955e+03 1.806723397021414712e+03 -2.007971343104168773e+04 -2.194669347489252687e+04 -1.316127853785294574e+05 -3.400008053822965594e+05 -7.632213120565572754e+05 -1.101517688282911666e+06 -9.329023821670862380e+05 -5.387783518352077808e+05 -3.006963643674679333e+05 -2.274852536390243331e+05 -1.852144378953379346e+05 -1.616903954997542314e+05 -1.397396532534912694e+05 -1.354239987292385194e+05 -1.503299287288973574e+05 -1.383094050263755489e+05 -1.100503447643131949e+05 -1.057457455238911789e+05 -1.037410703225759789e+05 -6.684525568547565490e+04 -4.638636725896503776e+04 -3.939317355107050389e+04 -2.494524642112082802e+04 -1.522204405730008148e+04 2.446888002479681745e+04 6.228351005527679808e+04 5.930507643657643348e+04 8.569427975977282040e+04 1.444796268876232207e+05 1.687502717057941481e+05 1.699844939535253216e+05 2.451567848076228984e+05 3.257362586903041229e+05 3.382106759374437388e+05 4.420039020608225837e+05 5.418576084560492309e+05 5.392533484277382959e+05 5.677454008643674897e+05 6.384217033232577378e+05 7.375681301968877669e+05 7.802406601747478126e+05 -5.383816973165207310e+05 -3.096458551094953902e+06 -5.609360316097667441e+06
-6.687654836772696581e+04 -5.905908881832135376e+04 -5.899012125737615861e+03 6.845711427420610562e+04 4.899654514752910472e+04 5.752111793408391532e+04 1.460200455562152201e+05 2.172238547641610494e+05 4.304817634436765220e+05 8.814130859266148182e+05 1.210174707332772203e+06 1.025262763201754773e+06 5.823189940208975459e+05 2.811143969054683112e+05 1.749352673908285797e+05 1.277277025082730688e+05 3.157409018996986561e+04 -3.601143082298221998e+04 -3.028087889804737642e+04 -4.300725825552921742e+04 -1.496432394048310816e+05 -2.714517238108965103e+05 -3.273502748609466944e+05 -3.871641359725614311e+05 -5.056947443577519152e+05 -6.405203902737406315e+05 -7.271985272172603291e+05 -7.467468885559369810e+05 -7.729796455903848400e+05 -8.310006163132491056e+05 -8.578790413752718596e+05 -8.024121132513398770e+05 -7.193010623143375851e+05 -6.346733829833101481e+05 -5.538123694954263046e+05 -4.950741652319263667e+05 -3.924778937516384758e+05 -3.153859800554350950e+05 -2.438259924460723996e+05 -1.756479250809932128e+05 -1.429790896095796488e+05 -8.733733774861413985e+04 -6.309330992531590164e+04 -2.808072502200910822e+04 3.220388887129724026e+03 1.057333435260802507e+05 1.562882466044698842e+06 4.179162643360727001e+06 6.714187688079019077e+06
1.456271368151646457e+05 2.111755234227167093e+05 2.341074891691095545e+05 2.199931770916736568e+05 2.008325235462689307e+05 1.504003683611517772e+05 1.206004732468863367e+05 1.319425610358304693e+05 1.340108433870773297e+05 7.368248927683453076e+04 4.002606659661990125e+04 6.107002056160126813e+04 6.253880642470903695e+03 -2.524325638369191438e+04 1.877670364221557975e+04 2.915216983383172192e+03 -6.122498652810475323e+04 -6.712560438943910412e+04 -9.020611775908031268e+04 -1.909405822618281236e+05 -2.654471109868604108e+05 -3.568665140437953523e+05 -5.042668814228100237e+05 -6.269637096865330823e+05 -6.586847805004796246e+05 -5.838631176338822115e+05 -4.582647734817869496e+05 -2.649398922006371431e+05 -7.750066890279459767e+04 1.984701622393936850e+04 1.211092564686257392e+05 2.134550990136638284e+05 2.409521461892297957e+05 2.080381399430918973e+05 1.086625415766317165e+05 4.781482809819863178e+04 3.029915595325280447e+04 1.793689587822882459e+04 -1.344405638810596429e+03 -2.422857417521299794e+04 -2.176993088723975234e+04 -5.978853228822106030e+04 -9.792412299997510854e+04 -9.505863240512553602e+04 -6.490785069603635930e+04 -5.868768949876516126e+04 -4.015460235430486500e+04 4.911744044598797336e+04 1.530711917523853481e+05
-2.759018300462048501e+05 -2.714152862806804478e+05 -3.089319312543374253e+05 -3.541121494269463583e+05 -3.470967991444922518e+05 -3.705825165291025187e+05 -4.016657514167307527e+05 -4.212753758295733132e+05 -4.512573368103769608e+05 -4.558646379294802900e+05 -4.621935548885088647e+05 -4.735477170416563749e+05 -4.731347962445578305e+05 -4.196746625557714142e+05 -3.778191404479728080e+05 -3.065886614668127149e+05 -1.359381664967807010e+05 -2.366223145480034873e+04 7.270171450320049189e+04 3.002592259607627057e+05 5.854791661186015699e+05 8.260680607972609578e+05 1.072823041058438597e+06 1.286759175699407002e+06 1.413177677250205074e+06 1.437696514640846988e+06 1.333184269209304359e+06 1.172916068836350227e+06 9.126040618799747899e+05 4.398735556214507669e+05 -3.913633467371962033e+05 -1.658816594635727582e+06 -2.667330132731158286e+06 -2.471547647837142926e+06 -1.462612196198021527e+06 -6.207535517250663834e+05 -2.150253556827371940e+05 -4.472677389145269990e+04 8.948041523210098967e+04 1.291170455382959917e+05 1.325875092367646284e+05 1.881190294507541694e+05 2.136613885416584089e+05 2.181012850969277788e+05 2.181636835688553983e+05 2.262855587841470260e+05 2.462973635792154819e+05 2.423538802769322065e+05 2.217224839438807685e+05
1.220443917867669370e+05 1.246500260793252528e+04 -1.100285639723005588e+05 -1.544425103215325798e+05 -1.187531935014703777e+05 -1.129353515626280278e+05 -1.427611078960761952e+05 -1.321366074430989102e+05 -4.597015917039255146e+04 8.580229522631270811e+03 4.953151147492404561e+03 -3.855154762568359729e+03 -1.427544329490046948e+03 -4.067973975616041571e+03 -1.757270440808497369e+04 -3.180680051576939877e+04 -6.456786804104922339e+04 -1.268114700338628027e+05 -1.771779634983977303e+05 -1.865245300864626188e+05 -1.993805897036507959e+05 -2.306889420941297431e+05 -2.294487645864142105e+05 -2.336987021978708217e+05 -2.083740324414973147e+05 -1.344974425343389157e+05 -1.269484382431255654e+05 -5.467692453836207278e+04 1.587885147750780452e+05 4.947921982730630552e+05 1.201577947869079420e+06 2.356253905500498600e+06 3.209927468648832757e+06 2.890230326123274863e+06 1.746116390911044087e+06 7.855412435084879398e+05 2.582687320717377588e+05 -8.468091012677177787e+04 -3.150962660019285977e+05 -4.895104125227946788e+05 -6.717617251124484465e+05 -9.265971595904557034e+05 -1.121494794464958366e+06 -1.217917008924708236e+06 -1.351114437502694083e+06 -1.384627910906852689e+06 -1.283802036472190637e+06 -1.172411181875211187e+06 -1.074002630736480933e+06
4.299072780675487593e+04 1.023641457580379210e+05 1.496352865394146647e+05 1.627996331901522935e+05 1.991838008772174362e+05 2.341918265826824354e+05 2.347165902100094827e+05 2.472296661871953402e+05 2.203695641869854880e+05 1.900640879465207690e+05 1.879187544848539401e+05 1.517697517396300100e+05 1.256904783904610667e+05 1.234873298618185800e+05 8.336779377670609392e+04 4.209394262841669843e+04 3.977001728999288753e+04 3.854745390053722076e+04 -8.325601987744448707e+03 -4.316133082931628451e+04 -5.736794791159606539e+05 -1.445574203140277881e+06 -1.160889570044093765e+06 -6.849255272347565915e+04 4.190463607429409167e+05 3.485231007907717139e+05 2.430542452016378229e+05 1.979678054606487858e+05 1.421919317902938928e+05 5.763709131511836313e+04 -7.641655473358661402e+04 -1.903688370197785553e+05 -2.539385816181319533e+05 -3.477763166090877494e+05 -4.482668631318665575e+05 -4.218056521232939558e+05 -3.209454387938601431e+05 -2.744958913217129302e+05 -2.043446053285154048e+05 -7.611343937081960030e+04 4.689946642509382218e+04 1.615901917741573416e+05 2.477632833863020060e+05 3.432854352906008717e+05 4.964011348645727849e+05 5.982948735299562104e+05 5.276721363922116579e+05 4.022134691636888892e+05 3.220213859804717358e+05
-9.842349200596846640e+04 -2.087618895948980935e+05 -2.482707498774111737e+05 -2.108408713902463205e+05 -2.064308288496974856e+05 -1.754254007387501188e+05 -1.222587429219852202e+05 -8.431502348073991016e+04 -1.347469191969372332e+03 5.056392682265164331e+04 4.756636627920670435e+04 6.718795810695178807e+04 1.531530816508163698e+05 2.357675906282383949e+05 2.822296101371468976e+05 3.278042393164653331e+05 3.554337368758576922e+05 4.135301348827485926e+05 5.124471484325474594e+05 5.666221735742873279e+05 1.110288756768565625e+06 1.984616287877725670e+06 1.620326121357068652e+06 4.354979106085394742e+05 -1.206475062180836685e+05 -2.236390169194783084e+05 -2.451481103339754045e+05 -2.643838618476005504e+05 -2.351714166754394537e+05 -1.456543290380792459e+05 -4.438901315996225458e+04 1.086183830621311208e+05 2.252474349061967805e+05 3.434845092645258410e+05 4.865964346674445551e+05 5.494207467604423873e+05 5.674836567312013358e+05 6.204723479099641554e+05 6.967945437517475802e+05 7.104304430891335942e+05 7.178237678424934857e+05 7.458297620881074108e+05 6.838431028772881255e+05 6.291297477361517958e+05 -1.509023834021338262e+06 -6.069435578741960227e+06 -6.426180201582312584e+06 -2.028297545583371771e+06 2.646909946974508464e+06
3.167665264660888352e+05 2.624826733839293011e+05 2.244852609465303831e+05 2.365867707649888471e+05 2.431748081017576624e+05 2.208450176416952163e+05 2.484212244152147323e+05 2.606763225451870821e+05 2.338040755562544800e+05 2.308462432783562690e+05 2.295003408529737499e+05 1.943551591175494250e+05 1.675681670586344553e+05 2.212617849186061649e+05 2.395807580134713789e+05 1.998792093632800970e+05 2.548456774305668077e+05 3.125607260840478120e+05 3.253934968190150103e+05 4.357129287380665191e+05 5.435557319529461674e+05 5.744105677552578272e+05 6.078968114058091305e+05 7.216299329321183031e+05 8.329622249605017714e+05 8.234167558574697468e+05 8.677457794164365623e+05 9.424408391643390059e+05 9.194551397040775046e+05 8.690682182168527506e+05 7.723677019226299599e+05 5.499313817344950512e+05 2.317515549512114376e+04 -1.656428873300749809e+06 -4.713915968777733855e+06 -5.988135962935775518e+06 -3.680664045759904198e+06 -1.141499199934334960e+06 -3.068696025195820257e+05 -1.210230455089183524e+05 3.094000693643558770e+04 8.451918687569629401e+04 7.970258414774434641e+04 1.425886335439290851e+05 2.187625905369045213e+06 6.612641700273944065e+06 6.946759569503477775e+06 2.449965176782315131e+06 -2.384328999268798158e+06
2.915535861248057336e+04 -2.542166056780843064e+04 -8.968996705589210615e+04 -1.304562430363148451e+05 -9.687843022431479767e+04 -9.239366993540897965e+04 -2.011653287190711126e+05 -2.974028085105232894e+05 -6.783968883106713183e+05 -2.046237376300267875e+06 -3.282043202444913331e+06 -2.651061851683338173e+06 -1.248384883134567179e+06 -5.777078657946549356e+05 -3.994863572194296867e+05 -3.346434519131435081e+05 -3.431539847284150310e+05 -3.178741374079249799e+05 -2.553394112459500320e+05 -2.656997209899420850e+05 -2.228545616214983165e+05 -1.464128558934316970e+05 -1.793340510640707798e+05 -1.617292528096004389e+05 -1.200451429832903668e+05 -1.663290377901280299e+05 -1.585186394772613421e+05 -1.224659678788157180e+05 -6.741143346400326118e+04 -8.562462801346555352e+03 7.413260134490206838e+03 1.620349522052872926e+05 6.015907453947882168e+05 2.135170399150805548e+06 5.033494070793244988e+06 6.014557149062457494e+06 3.380232218670125119e+06 4.901269235022491775e+05 -9.207488928223000839e+05 -1.663357110137581360e+06 -2.002239886474858038e+06 -1.874683403539970983e+06 -1.385299754510920960e+06 -8.852680945348399691e+05 -4.748594037532191724e+05 -1.405594578727319313e+05 8.692486008250950545e+04 2.645512562389172963e+05 4.291923054821324768e+05
-1.087463097607542295e+05 -1.116903092390567763e+05 -1.514545073287442792e+05 -2.218581356019419618e+05 -2.457359856169205159e+05 -2.181084050612116698e+05 -1.680040337287934963e+05 -7.734063874566345476e+04 3.278885787300528027e+05 1.628862602710141102e+06 2.778562166399644688e+06 2.022225708105255384e+06 2.572474216636326164e+05 -1.551632499531260226e+06 -3.049810167443209793e+06 -2.752113597581191920e+06 -1.179037847852598643e+06 -2.766565748862922192e+05 -1.027163770896731876e+05 1.040994538925588131e+01 1.008242458963640966e+05 1.236354042807943188e+05 6.516857242080755532e+04 8.469605491205537692e+04 1.277518964270711876e+05 1.125418047938728705e+05 1.228954272625558078e+05 1.034539244038751349e+05 1.306490186078005936e+05 2.191375597118167207e+05 2.370411044314098544e+05 2.481058506667620968e+05 3.072803064453189727e+05 3.669485438741683029e+05 4.802919072940131882e+05 6.900730084476518678e+05 9.446277854162328877e+05 1.324722263272271957e+06 1.820905262783196988e+06 2.201114480255485512e+06 2.190997310291570611e+06 1.544399527091743890e+06 2.931565525328912772e+05 -1.356336876293799840e+06 -2.545176399023622740e+06 -2.378637321821582038e+06 -1.384773524226036388e+06 -6.129451225743129617e+05 -1.505024710578325321e+05
-2.380455334798898548e+05 -1.887688300956508610e+05 -1.492875830670525320e+05 -1.399173233765759505e+05 -1.376604221588056535e+05 -1.108112025338052772e+05 -8.829336183596774936e+04 -1.061760574371148832e+05 -8.195141346324840561e+04 -8.523410703491885215e+03 4.326207609090488404e+04 1.174173670877646655e+05 4.430675601674008649e+05 1.591037143823486287e+06 2.881368483086406719e+06 2.528417086687404662e+06 9.998929512016203953e+05 7.289637387308175676e+04 -1.631813177758886013e+05 -2.812908754739325959e+05 -3.484982458056758624e+05 -3.848250137503780425e+05 -4.472401716436442221e+05 -5.452169296159988735e+05 -5.930983638619361445e+05 -6.151259439434212400e+05 -6.684613275296576321e+05 -6.680198950901116477e+05 -6.502490832743929932e+05 -5.990511711942958646e+05 -5.029445546050556004e+05 -4.701261122850708198e+05 -3.888841053009696770e+05 -2.783410101560000330e+05 -2.005833554509445094e+05 -1.153528513210767414e+05 -1.684616841084789485e+04 1.458045125420906115e+05 2.457057643323789816e+05 4.052765599034307525e+05 7.085808563361959532e+05 1.156735667599568143e+06 1.999447767324449262e+06 3.155124390103311744e+06 3.926057780869310256e+06 3.508940955010756850e+06 2.282430350069914944e+06 1.384699505397293717e+06 8.907901372053101659e+05
-2.852860610223432304e+05 -2.905021045326431049e+05 -2.511474901574547403e+05 -2.140305601560976356e+05 -2.384101804008241743e+05 -2.393139100594271440e+05 -2.181173443887382746e+05 -1.826390057656681165e+05 -1.589257786095549818e+05 -1.946730701701014768e+05 -1.702267189190024510e+05 -1.236203657352598384e+05 -1.554475229395029601e+05 -1.354100358246068936e+05 -8.983736298338044435e+04 -5.240763372130459175e+04 -6.681377328786766157e+03 2.274071157313301228e+04 1.149002210068283603e+05 1.883899870203458704e+05 2.326658469752864912e+05 2.805764880259810016e+05 3.609816580684862565e+05 4.642884423308712430e+05 4.516298000732781366e+05 4.680615678688623011e+05 5.659121079338364070e+05 5.761090700363285141e+05 5.195744592497065896e+05 4.959291132069482701e+05 4.880964717624009354e+05 4.451971615756342071e+05 3.625619995508185821e+05 2.787009377428330481e+05 2.467557248650700785e+05 2.199140350433296990e+05 1.441154342473598663e+05 7.077903779951180331e+04 7.989178735500900075e+04 5.833323577098757960e+04 -5.710474625259009190e+04 -9.183765673777111806e+04 -9.748949651751876809e+04 -1.309373916198096704e+05 -1.697888422226239927e+05 -2.270050232729401905e+05 -2.155062099872159306e+05 -2.223019308512437856e+05 -2.981552669257451780e+05
1.541961508235556539e+04 6.391125834066770039e+04 7.850934820948180277e+04 3.896237150620447937e+04 1.709190301189664751e+04 1.853397418599342927e+04 4.222295208644936793e+04 5.383705658925487660e+04 5.987479211764875799e+02 -5.864167885156348348e+03 2.171826890669786371e+04 1.878062062678532675e+04 -3.706301244717906229e+04 -6.802065215131733567e+04 -1.877792180603137240e+04 -3.436641445121518336e+04 -6.953590111079404596e+04 -6.562325823615526315e+04 -2.812078299190034159e+04 1.585647555853938684e+04 -2.521632100484543480e+04 -6.455492705281346571e+04 -4.466925160872051492e+04 -2.978225073413341306e+04 -4.830351887634606101e+04 -9.248704691941384226e+04 -1.128701341489794431e+05 -1.118555691021904349e+05 -1.484744560818943428e+05 -1.508149156090802280e+05 -1.086865309732094174e+05 -1.000707175952267717e+05 -1.301665486597634153e+05 -1.607992106489836588e+05 -1.381832632546136738e+05 -1.398504816403145378e+05 -1.342897924684800673e+05 -1.260337515847643226e+05 -1.493142821092623635e+05 -1.145397894222693576e+05 -1.137003671305142343e+05 -1.178683015050778486e+05 -9.295114417298437911e+04 -1.272771126966113516e+05 -1.366348629228018399e+05 -7.398655701515945839e+04 -3.205797951508435654e+04 -3.709012879058695398e+04 -5.075532497372431681e+04
8.171827344922348857e+04 2.402032414509449154e+04 -1.406362248424533755e+04 -5.124359406181611121e+01 -2.206769755182904191e+04 -7.405538224920746870e+04 -5.118995620257919654e+04 -3.997463377992971800e+04 -6.669729365079547279e+04 -7.396207728830631822e+04 -7.302424579713237472e+04 -7.547253783224732615e+04 -7.825515759206609800e+04 -1.098116303893037839e+05 -1.409368054919467540e+05 -1.043362281522422563e+05 -6.066376213901094161e+04 -8.378672195030958392e+04 -1.290413480803543935e+05 -8.762089687355898786e+04 -4.924973562839999795e+04 -6.350998214751598425e+04 -7.259031953843089286e+04 -8.618677400329033844e+04 -1.058502460506861098e+05 -1.222870189466628945e+05 -1.154699988025820930e+05 -1.158985164279877208e+05 -9.677214534764073323e+04 -1.274724535347197379e+05 -1.418230905853853619e+05 -1.053280611826632958e+05 -1.067139421455799020e+05 -7.970815403357855394e+04 -8.465052539788313152e+04 -1.142263833957258321e+05 -8.098321539742738241e+04 -7.371696885937139450e+04 -6.791617852533828409e+04 -6.220187503786277375e+04 -8.980588617676417925e+04 -3.415662801577185746e+04 -3.768736401529156137e+04 -1.013129580474926042e+05 -8.130566250780283008e+04 -7.808322065757215023e+04 -9.639961197637615260e+04 -7.193958113130083075e+04 -2.548618566317507066e+04
-1.652947388021858060e+05 -1.191209609070210718e+05 -5.281041536421986530e+04 -3.976695360455784248e+04 -6.379669819900300354e+04 -3.898317197919811588e+04 -4.505770334289991297e+04 -6.216335001925472170e+04 -6.385162981561734341e+04 -4.650362645494169556e+04 -2.001787440574856009e+04 -4.950512680821691174e+04 -8.064966501930030063e+04 -8.708272124829806853e+04 -6.514044475945399608e+04 -3.076825062787986826e+04 -4.362199247872922570e+04 -4.043878053314983845e+04 -5.488519551436183974e+03 -2.041541022903402336e+04 -3.798365910712175537e+04 8.044245823113014922e+02 4.628027755039522890e+04 5.350544423418235965e+03 -6.920827415800897870e+04 -2.945907245622971095e+04 5.533274843037244864e+03 -2.243495864953729324e+04 -3.094119689427304547e+04 -3.253102360540663358e+04 -1.805294175632309634e+04 1.986252741277019959e+04 1.965374806983175222e+04 -9.173701680410769768e+03 1.581773270940175280e+04 1.582237941824155860e+04 2.128896182926848996e+04 5.846907911036396399e+04 6.546841794159263372e+04 7.288493260086374357e+04 7.605289037237549201e+04 7.466434299378306605e+04 1.023987462453076150e+05 1.286576369756952627e+05 1.211609751611833926e+05 1.265873655652099987e+05 1.699283040042798966e+05 2.559820765141905867e+05 3.635371708717083093e+05
8.621712656022282317e+03 -5.065119888182380237e+04 -6.221053787303389981e+04 -4.690192151014343835e+04 -6.972823010626598261e+04 -9.711977218743413687e+04 -1.027118788498046342e+05 -9.244570269191160332e+04 -1.195039730503049213e+05 -1.550331117553286022e+05 -1.541389723539761035e+05 -1.549975250058925012e+05 -1.589326775177323143e+05 -1.648135722571168444e+05 -1.952466398045361857e+05 -1.894296975803445675e+05 -1.510943674825831549e+05 -1.753189922508317395e+05 -1.690909133265085402e+05 -1.334105728364374372e+05 -1.272545721859203913e+05 -9.234967912794658332e+04 -7.694517397743780748e+04 -1.192975954464052629e+05 -1.676139380330278946e+05 -1.278072636634171940e+05 -6.641058852532296441e+04 -1.257544265809704084e+05 -1.358744689934249036e+05 -8.252303202199982479e+04 -9.808062268421042245e+04 -8.990307064595969860e+04 -3.405169680685549974e+04 -3.497360122462839354e+04 -9.511286958993901499e+04 -6.690044537055678666e+04 -7.882554646639735438e+03 -3.223927167171507608e+04 -5.667361346553661861e+04 -5.137594233048707247e+04 -2.013698151858954225e+04 8.372046683361986652e+03 -5.210694762761681341e+04 -8.721788520124380011e+04 -3.832428927315084729e+04 -3.476033043145423289e+04 -5.379182703647529706e+04 -5.882425918214675039e+04 -7.018020836781850085e+04
-1.703643319869295228e+05 -7.112303612666449044e+04 -2.983064485233614687e+04 -6.743268247999367304e+04 -6.413884400477400050e+04 -3.902099680999526754e+04 -7.166715549828950316e+04 -6.161229196426563431e+04 -3.542016797160613351e+04 -4.433043599681695923e+04 -4.298743770166765898e+04 -4.294105078617588151e+04 7.463825072627456393e+03 2.313829729973804206e+03 -5.350192495621734997e+04 -2.019740155490569305e+04 -8.429687572206545155e+03 -3.124519381308346055e+04 -5.150211386615410447e+04 -7.008980696176871425e+04 -9.162976832711114548e+04 -1.398667813696374942e+05 -1.526321617382930417e+05 -1.959139847857292334e+05 -2.725632939895149320e+05 -2.612542079114064691e+05 -2.571808016220166464e+05 -2.908410314153303043e+05 -2.749761695404594648e+05 -2.511308393062789692e+05 -2.403900493140098406e+05 -1.770855599548665341e+05 -1.508850214243291412e+05 -1.812487359387157485e+05 -1.563210249159600353e+05 -1.579727513706891332e+05 -1.581279285289926920e+05 -9.787877597555075772e+04 -9.451392524526431225e+04 -1.187715307054165751e+05 -8.806285421014763415e+04 -5.964812447666213848e+04 -3.172025038060382940e+04 -3.769253846287052147e+04 -4.746662583653256297e+04 -1.404597188404295594e+04 -3.283743739593774080e+03 8.174476290456205606e+04 2.496731361975222826e+05
1.554162080930836964e+05 4.183084291624254547e+04 -2.344408968245261349e+04 -8.445147600868949667e+03 2.050370217402814887e+04 4.470108451569106546e+04 3.770708134761659312e+04 2.049353044640156440e+04 4.643818377953721210e+04 3.692025711934547871e+04 1.131972504386791843e+04 3.827767504757500137e+04 3.457634484046138823e+04 2.219879417389165610e+03 -1.592263759812340140e+02 3.248691741362570610e+04 7.063467560496067745e+04 4.778567419183671882e+04 5.496338982498853875e+04 9.083763091533907573e+04 9.739524859251089219e+04 1.603247960886803339e+05 2.048051136304278625e+05 1.649130144095398136e+05 1.472000372107140720e+05 1.625911788015217753e+05 1.428241351984614157e+05 1.127024461806289037e+05 7.603125141074997373e+04 1.881606375056435354e+04 3.214742808544519357e+04 4.078681287559412885e+04 -1.613478464074421208e+04 -4.515491939484491013e+04 -4.720192645560007077e+04 -7.641212237896956503e+04 -1.348739803039644612e+05 -1.627145079566984205e+05 -1.608041397940542083e+05 -1.575451448169765354e+05 -1.864930325807660120e+05 -2.172756952079366019e+05 -2.202397614120849175e+05 -2.583684006717529264e+05 -3.006726161704869010e+05 -2.997185194425393129e+05 -2.927033985999883153e+05 -2.995631525295892498e+05 -3.110005650311298668e+05
1.632864940050060395e+05 5.027662898821290582e+04 -4.005855406357999891e+04 -4.918888048996450379e+04 -1.824490793325821869e+04 -4.575113497136044316e+04 -7.816541610882268287e+04 -6.745158476798702031e+04 -9.351958698636735789e+04 -1.289507943704666104e+05 -1.267053975160527043e+05 -1.517126084076880943e+05 -1.546239540955864359e+05 -1.327217874975758605e+05 -1.609383010273450054e+05 -1.836851555925388820e+05 -2.023553992030795198e+05 -2.264340371060824255e+05 -2.218960935306675965e+05 -1.900394474525819533e+05 -1.880561144422966754e+05 -2.403194444617838599e+05 -2.276041990492380573e+05 -2.161974305158945499e+05 -2.650813128789012553e+05 -2.523985610909585957e+05 -2.207387583433591353e+05 -1.999160868147740839e+05 -1.837570345940183615e+05 -1.871193801357002812e+05 -1.770261955588648270e+05 -1.423941741342423484e+05 -1.157168210875539226e+05 -1.171494219198938226e+05 -1.190720217450870550e+05 -1.200732546337529784e+05 -9.398982574653916527e+04 -3.627361656879668590e+04 -3.389356352898152545e+04 -8.803665510218683630e+04 -8.653396927271375898e+04 -2.719355488356121350e+04 1.833149200538173318e+03 -3.458257006714155432e+04 -4.525117198863904923e+04 -1.222966241359245032e+04 -3.311234961103799287e+04 -6.802104439921071753e+04 -7.776551738628651947e+04
1.802617840250604495e+05 6.527245310338909621e+04 -2.649181339889761875e+04 -3.645270062363122997e+04 1.958856304772780277e+04 1.644881829197403567e+04 -1.833482447342248634e+04 1.751737404716559104e+04 4.403303782266452617e+04 3.406614711653672566e+04 3.568134741202813893e+04 6.488974298059472494e+04 6.154998495680045016e+04 5.633542407405910490e+04 1.099405346819548431e+05 1.138391778954246693e+05 1.222873390020685911e+05 1.816899636804009206e+05 1.880291852912341128e+05 1.663621750730088679e+05 1.975764781498580123e+05 2.299809153555543162e+05 1.903768933215182042e+05 1.780900233473217813e+05 1.605996642580429325e+05 1.218372874187477864e+05 1.287852318680962780e+05 9.562985051816236228e+04 5.822003193083219230e+04 5.727417781439726241e+04 6.904361087348638102e+04 4.835139036280428991e+04 4.843446503015025519e+04 4.841033497810713015e+04 -8.740282229409785941e+03 -8.432566965348320082e+03 1.667054531324561685e+04 1.511526157526532188e+04 -1.247653396407258697e+04 -6.778525613684882410e+04 -6.683635159264667891e+04 -9.524273802264314145e+04 -1.843982840157689061e+05 -2.533337220300752670e+05 -4.158284827902384568e+05 -6.247708171396499965e+05 -7.420354223733027466e+05 -7.820411962724735495e+05 -7.939866315747920889e+05
6.509425305179320276e+04 3.059919857187196612e+03 -7.248348521825391799e+03 -1.540212150968733476e+04 -3.956375958601711318e+04 -4.286629127469495870e+04 -5.126163200620794669e+04 -4.233810760415508412e+04 -6.934478563402080908e+04 -7.963660661203897325e+04 -7.785213108698377619e+04 -1.014997766561282915e+05 -1.050136721413581981e+05 -1.110240563351544261e+05 -1.391018090301076591e+05 -1.935936005687110010e+05 -1.903296941552254721e+05 -1.332583601419173356e+05 -1.587887996823700960e+05 -2.147999476069525117e+05 -1.898469210776964319e+05 -1.915615193307168665e+05 -2.082342373387659318e+05 -1.962130234937648056e+05 -2.163648516248213127e+05 -2.015318086469779955e+05 -1.704193828544522403e+05 -1.800773813418347854e+05 -1.639582775758753996e+05 -1.388459613085435703e+05 -1.302886690448212903e+05 -1.252551536516696215e+05 -9.844745765862264670e+04 -4.220365673609194346e+04 -4.226078938780142926e+04 -4.243477083713514730e+04 -1.908308439145912416e+04 -2.214383218539296649e+04 8.438063152279704809e+03 4.139173703515552916e+04 7.325110543635720387e+04 1.653949650203865021e+05 2.268279390200034250e+05 2.805068800736635458e+05 4.801386997394724749e+05 6.663100925073359394e+05 7.692391491521284916e+05 9.181423165659322403e+05 1.092236636590222828e+06
7.766545718652184587e+04 1.472737445263197878e+04 -2.295746332703862572e+04 -3.787894208508078009e+03 -1.663173397973878309e+03 -6.007701682101469487e+03 3.909967118292109808e+04 1.990565247528132750e+04 -7.556512109003961086e+03 3.622320159091032110e+04 3.788855071805295302e+04 4.212350099987810245e+04 6.622865818266291171e+04 6.047861427970926161e+04 8.829408931735082297e+04 1.163314627519867499e+05 9.202750436670622730e+04 9.548362974936021783e+04 1.819719049916602089e+05 1.818900033397948719e+05 1.248529332409087219e+05 1.804339158593213069e+05 1.656928018320471456e+05 9.683565524057485163e+04 1.079230498115066439e+05 9.796696111385250697e+04 7.498888625690591289e+04 6.665873182704683859e+04 5.660794567607808858e+04 5.555335628043394536e+04 3.626956862557574641e+04 1.343776972484181169e+04 4.141358506589324679e+04 4.122403811314154882e+04 -1.487290700955793727e+04 -1.467411296616797335e+04 6.760021896916558035e+03 -2.803488893609039951e+04 -2.810203020286303945e+04 3.260004732001107186e+03 -2.510163924889673945e+04 -2.138816611681284849e+04 9.588149777846410871e+03 -2.914307376355316956e+04 -7.097154229442833457e+04 -6.846390993421652820e+04 -3.329944925571884960e+04 2.041026477512740530e+04 7.264404598929104395e+04
2.108485092197956983e+05 1.463786084218008909e+05 1.358676335396012291e+05 1.555720741373077035e+05 1.289471662821597420e+05 1.506978990435893647e+05 1.949840771962772124e+05 2.019708473280479666e+05 2.014745237783063203e+05 1.899573915715154726e+05 2.191904200271531008e+05 2.521570504475678317e+05 2.214389073521305108e+05 2.157641800578857074e+05 2.724931370539706550e+05 2.717979746738274116e+05 2.453230111955782631e+05 2.767691169561293209e+05 2.793907925579695730e+05 2.492095268404226808e+05 2.738233307661716826e+05 2.718441039987371769e+05 2.287629040509641054e+05 1.882141470290661673e+05 1.727000104766921140e+05 1.928321136141312309e+05 1.694948309857861605e+05 1.319258163600172848e+05 1.223631936647871044e+05 1.219163267649129266e+05 1.015865418552129995e+05 1.069184811254676897e+05 1.062094889799489174e+05 4.847376830643042922e+04 5.153563236963236704e+04 5.192870701546757482e+04 1.310966366829234175e+04 -2.437397658373811282e+04 -5.514189691908564419e+04 -2.471325385631644167e+04 -5.413840190376597457e+04 -1.091451421412057243e+05 -1.077145912374542095e+05 -1.483228102423896780e+05 -1.915204419184012804e+05 -2.201624959206668427e+05 -2.779032281792031135e+05 -3.161388610303393798e+05 -3.243087035114807077e+05
-9.271810054371587466e+04 1.072446566715370864e+04 8.602905145758995786e+04 1.089921577530913055e+05 8.445661418867530301e+04 5.271458259085169993e+04 7.139048014912987128e+04 5.213254756759852171e+04 2.575857323943637311e+04 7.171288492070743814e+04 4.696647770295385271e+04 -1.237669239926850423e+03 2.531830814754357561e+04 2.063293306011473760e+04 -4.775849745783489197e+03 -6.708863663079682738e+03 -8.078897443774621934e+03 -3.398693178314715624e+04 -6.196475276694400236e+04 -4.025976149481721222e+04 -4.823546515806787647e+04 -8.296703005500603467e+04 -1.010173182035216596e+05 -1.147900098920217715e+05 -1.598348507427728036e+05 -1.976133461232529953e+05 -1.670823753005240578e+05 -1.802613943337930832e+05 -2.209309125726576312e+05 -2.238907794700933737e+05 -2.197114580325433053e+05 -2.185365735500822484e+05 -2.221590244691478147e+05 -2.244757271825800999e+05 -2.521877969877095893e+05 -2.244715984267533640e+05 -1.798266723786946386e+05 -2.509167009303932427e+05 -2.841025602380977361e+05 -1.962183602200815221e+05 -1.973404896265136776e+05 -2.524468161776900524e+05 -1.909682511049318127e+05 -1.725195564082247438e+05 -2.157007993778102100e+05 -1.837272088145248126e+05 -1.513529945915800054e+05 -1.891033330417110119e+05 -2.563875336493924260e+05
1.181025583556038328e+05 5.340090812620474026e+04 1.784015838929940946e+04 1.458353965746937320e+04 1.820262474793707952e+04 1.410580317984567955e+04 -2.388939720549387857e+04 -4.400741398538206704e+04 -1.380840802448801696e+04 3.306003619363764301e+04 7.988209069298813120e+03 -3.985188129270682111e+04 -1.239072103810030967e+04 -1.709146588807925582e+04 -1.364624499081401154e+04 4.012658040155656636e+04 3.605521635996410623e+04 -1.953998112468980253e+04 -2.045096719753928483e+04 -1.248534872720483691e+03 1.731419454881711863e+04 3.803586017224006355e+04 -9.071370595484040678e+03 -5.053227731928951107e+04 -3.557258769316785038e+04 -1.317319914582208730e+04 -1.110786243225447834e+04 -2.432536179287126288e+04 -3.456001849059248343e+04 -3.597110552305821329e+04 -6.167427973326994106e+04 -3.123211840167618357e+04 -4.778199625142849982e+03 -6.495732606679666787e+04 -6.074403785518324003e+04 -3.162932667386485264e+04 -7.730819644057215191e+04 -1.210783804050881881e+05 -1.250995677025639452e+05 -1.267090261221161345e+05 -9.790946671913855243e+04 -9.198006895981950220e+04 -1.490459388095765607e+05 -1.608963011903690640e+05 -1.438048769073795993e+05 -1.721925845308573917e+05 -2.332838219281992642e+05 -3.034859272997695953e+05 -3.713935095435525291e+05
-7.171210277563662385e+04 3.458426624390998040e+04 8.467582654178841040e+04 8.139120101928710938e+04 8.419372326985467225e+04 5.047025559731991962e+04 3.994733006169553846e+04 7.598954807850532234e+04 7.731996112619532505e+04 6.678898451849818230e+04 4.098656149144517258e+04 2.133705521089723334e+04 4.873690174339566147e+04 7.235909474198700627e+04 7.565330626763170585e+04 4.247082632995431777e+04 3.698382104164920747e+04 6.688965628942241892e+04 3.643052821164019406e+04 5.490507453941972926e+04 7.261011361581040546e+04 5.777703315543360077e+03 -1.270726550836116076e+04 3.319683191279158928e+04 4.891952339938131627e+04 1.359562992001883686e+04 1.548177517834131140e+04 3.124741255946003366e+04 2.127557783882354852e+04 4.958717626170266885e+04 5.324977005395339802e+04 5.436173834401438944e+04 8.132584585459018126e+04 5.107779058918822557e+04 8.600061730539915152e+04 1.159308518236503005e+05 7.073145419941260479e+04 8.729955636954400688e+04 8.434061938285594806e+04 5.386057876341510564e+04 5.349278246809262782e+04 6.064535625337180682e+04 6.509713835461274721e+04 5.431260383425955661e+04 1.199500912218377925e+04 -1.541413681494304910e+04 -1.511128060781629756e+04 -5.429389226715941913e+04 -1.216121791151803918e+05
-2.932018565561156720e+05 -1.842736900364980684e+05 -7.329139646491972962e+04 -1.663213374442420900e+04 1.513566689885919914e+04 3.854181671107653528e+04 5.650141833466471871e+04 1.213338290445973980e+05 1.223558952671011793e+05 1.406715163117041520e+05 1.724080313357990526e+05 1.529599514734582626e+05 1.811148262213100097e+05 1.758296823472482502e+05 2.088611580437281227e+05 2.324770659508067765e+05 1.660347804825870553e+05 1.664130859798751189e+05 1.931951879910774296e+05 2.099247487186220824e+05 1.969482307950964896e+05 1.279683757675228408e+05 1.094772028387526516e+05 1.278383599029621109e+05 1.163677508031832986e+05 8.220632406621007249e+04 8.361406444979389198e+04 9.923695643257838674e+04 3.043013087823055685e+04 2.953378745500277728e+04 9.130482578446390107e+04 3.105191646725824103e+04 -2.259228902403265238e+03 2.647632694919593632e+04 3.201873899204656482e+04 3.173877289838856086e+04 -1.663714843598427251e+04 -3.250663952057971619e+04 -3.687955034867627546e+04 -6.930576592101692222e+04 -4.069439882878190838e+04 -6.419514451728854328e+04 -9.025390705413871910e+04 -4.113734989659860730e+04 -8.408374062477331609e+04 -1.735197069318378344e+05 -1.754286306645374279e+05 -1.241215566825122805e+05 -6.932041099178371951e+04
3.539218217565212399e+05 3.456476481340359896e+05 3.397970833361613331e+05 2.797119480592663167e+05 1.945148925200919621e+05 1.893753000869763782e+05 2.083963097824016586e+05 1.861468802386661991e+05 1.293286126194291282e+05 1.195350013920688070e+05 1.525727849584654905e+05 1.343120602049750742e+05 1.345414000502203126e+05 1.598222129937494174e+05 1.353106352052418515e+05 1.003025750664530788e+05 9.154971790208923630e+04 1.214696132214157842e+05 1.483035139180719852e+05 7.484389859746443108e+04 3.077405836578737944e+04 7.898167082050372846e+04 9.004123731225309893e+04 4.969712535996222869e+04 -2.041491260431939736e+04 -2.413175917929038405e+04 6.374867345730308443e+03 -8.268106331524904817e+03 1.294544835080159828e+04 1.193040175305213779e+04 -4.747878386668162420e+04 -4.945429907587775961e+04 -5.400846930220723152e+04 -5.555798904650146142e+04 -1.944183143117697909e+04 -2.012938619911461137e+04 -4.022641658026259392e+04 -8.841608655406185426e+04 -1.239554576907539740e+05 -9.660098644933872856e+04 -6.876009598054247908e+04 -1.230838264676271938e+05 -1.184268562681968324e+05 -1.001484086448915768e+05 -2.358877849910636432e+05 -3.575725129520278424e+05 -1.075885458358105738e+06 -2.422850891599646769e+06 -3.734328222949936986e+06
3.729588802059902810e+04 -3.061135597032262012e+04 -9.504998138523637317e+04 -1.243414192876662128e+05 -1.508758159884018824e+05 -1.560483386457778979e+05 -1.364123119116993621e+05 -1.599159016247722320e+05 -1.579855538945414592e+05 -1.076724142432794906e+05 -4.429387844633287750e+04 -3.274293585593136959e+04 -3.255775813246145844e+04 2.284304390806937590e+04 2.773709774250164628e+04 -9.365709071862278506e+03 9.197525593335507438e+03 6.818771261314395815e+04 6.381904526933794841e+04 1.712967602652497590e+04 6.943501927892211825e+02 -1.202835869160457514e+04 -9.955054629244841635e+02 1.924184160307026468e+04 -2.015397935407236218e+04 -5.346425365889444947e+04 -2.348294957802863792e+04 -8.420520014187786728e+03 -4.755885320832021534e+04 -7.949056628131063189e+04 -4.962101636105240323e+04 -2.243907838623283897e+04 -5.819715797289973125e+04 -9.079500745137920603e+04 -8.487797143199702259e+04 -8.613548851019004360e+04 -1.077834309451280860e+05 -1.266067342879252974e+05 -1.627736122233908391e+05 -2.284224063102731016e+05 -3.250214553289708565e+05 -5.972465490302412072e+05 -1.493217530882389518e+06 -3.681813680335782468e+06 -5.812580401719901711e+06 -5.105990902863836847e+06 -1.794371074003269896e+06 1.141813667224759236e+06 3.059607961873669177e+06
5.262829339306333568e+05 4.576243402319961460e+05 3.925955697061726823e+05 4.235976752731946763e+05 4.571185964159667492e+05 4.215401505574118346e+05 4.113193129206772428e+05 3.575272860541008413e+05 3.297764001137688756e+05 3.207946831113076769e+05 2.945928400193229318e+05 2.466612059462936595e+05 1.873243920574896038e+05 1.835177027934696525e+05 1.592355939565459266e+05 1.224411137143038213e+05 8.008956818433990702e+04 7.884426220611156896e+04 7.440755847579520196e+04 2.667879196960711852e+04 -2.107452640921017155e+04 -6.489737189665902406e+04 -8.417235953733371571e+04 -1.243596763341338374e+05 -1.629094344124314375e+05 -2.267134543420979753e+05 -3.202877791703208350e+05 -4.288248642985131592e+05 -5.921244089314127341e+05 -7.494121831658410374e+05 -9.074738580026307609e+05 -1.068858820548341610e+06 -1.232211873480996350e+06 -1.454200277229246218e+06 -1.636897655608481495e+06 -1.765543330596700776e+06 -1.977446184550353559e+06 -2.123971532568980008e+06 -2.069745545656477567e+06 -1.951851629273436032e+06 -1.678138230280602351e+06 -1.144575859947659075e+06 -2.305729326908476651e+04 2.418161013238731772e+06 4.864609392141283490e+06 4.564668496563959867e+06 2.236655778995766770e+06 7.047394432401086669e+05 7.695852668197959429e+04
3.512270861992142163e+05 -8.639045491581782699e+04 -1.318364597051985096e+06 -2.360255820800084621e+06 -1.403769255745573901e+06 -1.496466008544668148e+05 1.773175376004655554e+05 2.135747469679336937e+05 1.843956026819069521e+05 2.052632666192948236e+05 2.082707555897651473e+05 1.895706052309834631e+05 2.207767661157412222e+05 2.160131035602533957e+05 1.907501036892061820e+05 1.833317604055630509e+05 1.700796925788745284e+05 1.679303646160406061e+05 1.322565862053306773e+05 1.143635186407482252e+05 1.275844788388351444e+05 8.359697496867715381e+04 3.385398576123407111e+04 5.567075950937555172e+04 7.931662978604435921e+04 7.775218427792401053e+04 1.079484515878723469e+05 1.238504311462750193e+05 1.783968891098622698e+05 2.705234769888923038e+05 3.008012727709137835e+05 2.663478624404524453e+05 2.304200057097487152e+05 1.981068753465656191e+05 1.121685590414563194e+05 4.920325915765669197e+04 2.669459477911004797e+04 -2.389378031366504729e+04 -1.226894022806663997e+05 -1.583649513704581186e+05 -1.003612867114134133e+05 -6.170739149209111929e+04 -8.776519133854890242e+04 -1.314504057852905244e+05 -1.106426669302168302e+05 -7.590997329214587808e+04 -5.011595334304729477e+04 -1.668854680615477264e+02 5.528772274323366582e+04
-1.213032230443813023e+04 5.329828859138070839e+05 1.819398812154248590e+06 2.864867975010128692e+06 1.914992521643289365e+06 6.500743148839683272e+05 3.025051301941857673e+05 1.862734926535631530e+05 1.891214635723731481e+05 2.422865781368454918e+05 1.848691186227370054e+05 1.673709769270494580e+05 2.000647624340485781e+05 1.655226758582284674e+05 1.412130331274243072e+05 1.344713146984577179e+05 1.209896007872875780e+05 8.768301101925317198e+04 5.153763060079608113e+04 3.283201896236278117e+04 -4.784576391160860658e+04 -1.240629297596756369e+05 -1.745777423473196104e+05 -2.770929368169158697e+05 -4.086275917213056237e+05 -6.295973425710690208e+05 -9.143682239114427939e+05 -1.276328889502040111e+06 -1.756356102959251264e+06 -2.074438588250194676e+06 -1.985383174061134923e+06 -1.616050936364627909e+06 -1.152996120463072788e+06 -6.225110809507903177e+05 -8.262718529032915831e+04 3.236143232331953477e+05 5.826412301420350559e+05 8.143524839659236604e+05 9.358569685232939664e+05 9.326575991520050447e+05 8.980313337605925044e+05 7.812278466159498785e+05 5.677863094277547207e+05 3.678267368627712131e+05 2.006886138985294383e+05 -1.657814466219861060e+04 -2.759886111435497878e+05 -5.116340987847042270e+05 -7.099253722178281751e+05
4.232937192358076572e+05 3.532120299420785159e+05 3.190571744006592780e+05 3.528208596384502016e+05 3.560460908344248310e+05 3.504896059155000839e+05 3.715717878876600880e+05 3.462452532080356032e+05 3.484387584167416207e+05 3.397690214571775869e+05 3.436017492209798656e+05 3.879946115487837233e+05 3.585942058090581559e+05 3.235322443087352440e+05 3.615318657367606647e+05 3.860181822947929613e+05 3.091713430132949725e+05 2.752932453347602859e+05 3.016043348444509320e+05 2.828613544037211686e+05 2.647344842183524743e+05 1.885343463852759451e+05 1.389021092635812238e+05 1.314825250272406265e+05 -2.714649862157832365e+06 -5.810928311785679311e+06 -3.101486717903448269e+06 5.429894804174555466e+05 1.356058750464579789e+06 1.638526137613807805e+06 1.668447250430180691e+06 1.317366357105492614e+06 8.386822694554622285e+05 4.584802704991311766e+05 1.499116382710044272e+05 -1.681382370655764826e+05 -4.142812027139002457e+05 -6.257307430807859637e+05 -8.540714528175881132e+05 -9.876620581015569624e+05 -1.122274585170674138e+06 -1.212420390412737383e+06 -1.176741032273563556e+06 -1.062837052369433222e+06 -8.825740031065676594e+05 -7.525765328115064185e+05 -6.970655939215803519e+05 -7.123216224950710312e+05 -7.850192675785953179e+05
-3.316768342902648728e+05 -4.029239862010581419e+05 -5.003707037103593466e+05 -6.237415756616973085e+05 -7.158412610401865095e+05 -7.524815349021808943e+05 -7.289792708985621575e+05 -6.268208965705709998e+05 -4.963253879660627572e+05 -3.763153984144444112e+05 -2.450581723620416597e+05 -1.685040311180637218e+05 -1.035837442381307483e+05 -1.312648387043736875e+04 -7.642697463743388653e+03 -1.620352442900184542e+04 -1.280948811908951029e+03 -6.022173337114509195e+03 1.923835828376468271e+04 3.058554836985422298e+04 1.111874050344293937e+04 2.853973543416941538e+04 4.117726164491614327e+04 9.610723658232018352e+04 3.026981476521479897e+06 6.248180015543762594e+06 3.755250563844733406e+06 4.905216994252996519e+05 1.090732637792918831e+04 -1.170357317369775847e+05 -1.516375455458192155e+05 -1.897352360730310902e+05 -3.245037199201770127e+05 -4.551237450810736045e+05 -7.042383040059944615e+05 -9.944969553570249118e+05 -1.276081244338711258e+06 -1.554019146942594787e+06 -1.529055204434262356e+06 -1.152700787955542561e+06 -6.167395242105689831e+05 -1.309377497312399209e+05 6.640800553781428607e+04 -9.318290085357788485e+03 -2.425174776089251682e+05 -6.553601010297989706e+05 -1.208734801881369203e+06 -1.705601997528857319e+06 -2.099904521771497559e+06
6.460301962067023851e+05 7.023754125236882828e+05 7.963527424912896240e+05 9.600862841200431576e+05 1.089879858646600042e+06 1.081816525014582789e+06 1.005848494804522139e+06 9.447722278352016583e+05 8.164135496021488216e+05 6.142120399474513251e+05 5.204437720723219682e+05 5.007896558596985415e+05 4.378819065602147020e+05 3.365138824089081027e+05 2.782971920777340420e+05 2.705388509979820810e+05 2.209482010800279677e+05 2.158071677715633996e+05 2.095318673978908919e+05 1.244082385898218490e+05 4.028889768757019192e+04 -5.640939536970108747e+03 -6.054814881202778779e+05 -2.971662265780896880e+06 -4.524231020747389644e+06 -2.710269414813089184e+06 -9.006712578493161127e+05 -6.555277055117778946e+05 -5.638678626765608788e+05 -4.370370874801296741e+05 -3.124037679634056985e+05 -1.592274470638944767e+05 8.885593762417463586e+04 4.377921199591937475e+05 7.959333198959943838e+05 1.177025632650474086e+06 1.600044702375307679e+06 1.931742719456964405e+06 1.991608593894342892e+06 1.666914028157184366e+06 1.052393931584373116e+06 3.860940678519580979e+05 -2.182600545528107323e+05 -8.089770278084364254e+05 -1.365499354339553975e+06 -1.749174045150279766e+06 -1.855784667429982685e+06 -1.808400135473343777e+06 -1.754208311614311766e+06
9.130472631339204963e+04 2.148685442106216215e+05 2.790788891675764462e+05 2.835495534766232013e+05 2.531740671143052168e+05 1.813840149680618197e+05 2.040968031683586596e+05 2.405680173760630423e+05 1.759842427406694333e+05 1.349066682197735063e+05 1.376021863220377127e+05 1.172278012416791753e+05 8.598266513232368743e+04 8.097312359197530895e+04 2.195917399862082675e+04 -8.347457049589150120e+04 -1.337923792714719893e+05 -1.717377774743362097e+05 -2.751291084420516854e+05 -3.925877431800471386e+05 -4.438361409178462345e+05 -4.889067392668221146e+05 4.401769281859748298e+04 2.334039640891124494e+06 3.785646027257314418e+06 1.974105925030895509e+06 2.248757968429704197e+05 1.714162521995604038e+04 -2.020018591050803661e+04 -8.680053571210009977e+04 -9.049653261521644890e+04 -9.762891057907883078e+04 -1.383552132075419649e+05 -1.413272646162658930e+05 -1.669635550634120591e+05 -2.341185530310026370e+05 -3.561101184465223923e+05 -5.060814445721926168e+05 -7.052069899550396949e+05 -1.036040556443328504e+06 -1.531599528531374410e+06 -2.111041732723243535e+06 -2.560260256867907010e+06 -2.635359551142904907e+06 -2.024243520597236929e+06 -7.201310952892508358e+05 7.955661129157021642e+05 1.880873554445268353e+06 2.583400641003642231e+06
2.232549825904424652e+05 8.378128763753914973e+04 1.704529597074724734e+04 2.263412300555501133e+04 5.841302303306292742e+04 1.183142926788423210e+05 7.597801407391671091e+04 1.375738058879505843e+04 8.035702606895932695e+04 1.381520894556887797e+05 7.501688427088072058e+04 8.701005368260657997e+04 1.541124434096854529e+05 1.489057157142087235e+05 1.547519379615550279e+05 1.794438797413023713e+05 1.934706643607934529e+05 1.869396691315341159e+05 2.783729892398695229e+05 3.227277242319541401e+05 2.700691632647063816e+05 2.891430791598396609e+05 3.367750929947949480e+05 3.631729564044505823e+05 3.609406963447690941e+05 3.614674901348184794e+05 3.581989057239843532e+05 3.770882499514855444e+05 3.395625585128434468e+05 2.720640749216545373e+05 2.680448734626406804e+05 2.280446684506023303e+05 2.194738749231342226e+05 2.165252217996749096e+05 1.582241862092628144e+05 1.561095590516920201e+05 1.318750689848093316e+05 1.451750550040742382e+04 -2.155730363447265700e+04 5.749987693561706692e+03 -1.000104326673327014e+05 -2.903024749775058590e+05 -6.770434293081033975e+05 -1.309149894472217187e+06 -1.283682602955382783e+06 -2.987107861111864913e+05 4.431677312415576307e+05 4.909951297770021483e+05 3.492658866575127468e+05
1.211518754088319838e+05 1.813906949514058069e+05 1.813089695881353691e+05 1.201235732008352643e+05 1.225499431145726703e+05 1.499590725870802999e+05 1.075784473787642783e+05 4.371371504705166444e+04 4.398969989182660356e+04 7.006334958918159828e+04 3.924249668780248612e+04 5.098057428607705515e+04 5.255376030632760376e+04 -1.938720811420353130e+04 -1.321281823795288801e+04 1.290717414784012362e+04 -3.974549158767319750e+04 -1.136496321207960136e+05 -8.639653635415015742e+04 -7.335936123592546210e+04 -1.588831010329881683e+05 -1.376624079467724077e+05 -1.535694849098220002e+05 -1.914227427961305948e+05 -1.582928441054536379e+05 -1.898551590848363121e+05 -1.931350536484385666e+05 -2.053544026118474139e+05 -2.752746019075855147e+05 -3.108024143090004800e+05 -3.478027293493502657e+05 -4.543254941178033478e+05 -5.620332536875524092e+05 -6.304250736813987605e+05 -6.886911422983394004e+05 -8.216009642538835760e+05 -1.008767429755243938e+06 -1.026400598583861254e+06 -8.968645514352829196e+05 -7.047424162970837206e+05 -1.887025345850237645e+05 7.977837600975143723e+05 2.109143816152349114e+06 3.402781875041265972e+06 3.524005491519647650e+06 2.089165945596172474e+06 6.406661484841576312e+05 3.444675560342380777e+04 -2.383436669013444334e+05
1.901003473595482064e+05 1.152952203684254200e+05 1.156198211465378990e+05 1.222487379325320653e+05 9.070118207280756906e+04 1.184702531748916517e+05 7.625809398450654407e+04 4.536926553439126292e+04 7.930431149521615589e+04 7.211873408814423601e+04 1.084699770010776265e+05 8.625328125373943476e+04 2.032412971515439858e+04 8.262809415638909559e+04 1.224226438149343739e+05 4.791718079999546171e+04 2.828157313313565101e+04 5.416478797153101186e+04 1.448673164763019304e+04 -5.892403342295438051e+03 8.711375739367213100e+03 -3.216196566063445061e+03 -1.915872201934695477e+04 -5.710001862957133562e+04 -2.375869594048679573e+04 1.100587558263225947e+04 -2.616599040920846164e+04 -5.142471651488449425e+03 2.423146798799277167e+04 2.099007838172838092e+04 -1.684962939470991842e+04 7.968716643809399102e+03 3.129720718134223716e+04 -5.536958808079391019e+03 -3.234571067470835987e+04 -1.012578390087580774e+05 -1.583639825668069243e+05 -2.102124993677720486e+05 -3.121358835778660723e+05 -3.837238716721175006e+05 -3.264885219701682217e+05 -2.555287089437484974e+05 -1.843115410805325955e+05 -9.602831827127374709e+04 -3.480224164087092504e+03 1.329077342755041318e+05 1.877842821268134285e+05 1.688504558001292171e+05 1.566149142882167362e+05
3.267912943690313841e+05 2.504983260616427870e+05 1.819332321293768473e+05 1.892705862995352945e+05 2.606913730691303499e+05 2.543771176645532250e+05 1.773997027732547722e+05 1.794501680356917786e+05 2.131022022044636833e+05 2.063932154653593316e+05 2.430676251731349621e+05 2.532939328957583639e+05 1.852980768095584936e+05 1.796382479224121198e+05 2.197434048520516371e+05 1.787853300658753142e+05 1.580713744336388772e+05 1.485763858861172339e+05 7.396806055941851810e+04 8.847734174400102347e+04 7.039462815126194619e+04 -4.264859599323244765e+04 -5.697508712561102584e+04 -6.021355041040806100e+04 -9.250684647355205379e+04 -1.586500559598786058e+05 -3.666818238451383077e+05 -2.209648694210049696e+06 -4.886417253583197482e+06 -4.160941976526510436e+06 -1.302892750528994482e+06 -1.218158168753143400e+05 -6.570811139623541385e+04 -3.157036736956797540e+03 6.873780190420802683e+04 1.981304713650029153e+05 3.732672123736124486e+05 5.525344101624805480e+05 7.797179725463492796e+05 1.002406488798439037e+06 1.087383034770321567e+06 1.020206904362132307e+06 7.888540638031531125e+05 4.107361577716069296e+05 -1.268729331681947224e+05 -7.187110590317733586e+05 -1.093369555088577326e+06 -1.243992366463349201e+06 -1.322135142168531194e+06
-3.786636175529564498e+05 -1.741826243349350989e+05 -3.195116010349013231e+04 -2.377580150554423744e+04 -2.151595137402182445e+04 7.837960176111679175e+03 1.249948698095977306e+03 3.465607817051932216e+03 2.549066133215106674e+03 -3.226999138423707336e+03 -5.377967809908877825e+02 9.832056389132048935e+03 4.622375821636522596e+04 4.111805301276034152e+04 -5.699110191198994289e+04 -1.315852411452216038e+05 -1.512099174279138097e+05 -2.292251747992121382e+05 -4.061723182775311871e+05 -6.993170816113704350e+05 -1.023876135525932303e+06 -1.269526120873342501e+06 -1.517568500060009072e+06 -1.581871762248338200e+06 -1.297826380270124879e+06 -9.472768969531171024e+05 -5.378276999073550105e+05 1.595226726967961062e+06 4.439108840352850035e+06 3.706449643937803805e+06 9.076426484767624643e+05 -2.564330833731229941e+05 -3.343058517095063580e+05 -3.372480901060042670e+05 -3.643096550903283060e+05 -4.675596578003017930e+05 -6.239736008478214499e+05 -7.741737487693913281e+05 -1.008987379717290169e+06 -1.314351107258695411e+06 -1.489042820196193876e+06 -1.414576048335005995e+06 -1.004367710551011842e+06 -2.764986551221194677e+05 4.865319895101101138e+05 1.189338504248294979e+06 1.806309157405636273e+06 2.048683859000151744e+06 2.032053939422143158e+06
-2.850246732303636963e+05 -2.912360491073923768e+05 -3.246975324017692474e+05 -3.513807790877762600e+05 -3.842779644150868990e+05 -4.602135347010333790e+05 -5.358668213640337344e+05 -6.389083528547785245e+05 -7.446392249700149987e+05 -8.179421322434787871e+05 -8.826616837974877562e+05 -9.395921359106434975e+05 -9.686567140198890120e+05 -9.332447526484606788e+05 -8.162376928335288540e+05 -7.102896774283726700e+05 -5.506994277494964190e+05 -2.772690031211823225e+05 -7.117133121937513351e+02 3.639397583185927942e+05 7.963026287904339842e+05 1.198386580759834033e+06 1.523965106387334410e+06 1.685605104168061633e+06 1.611052989510643529e+06 1.364842651876679389e+06 1.079829755161189474e+06 8.263851700187674724e+05 6.842871484000349883e+05 5.750081327967924299e+05 5.006198785320154857e+05 4.565826406862474978e+05 1.028919143599360250e+05 -3.275046126707151532e+06 -7.176811011906248517e+06 -4.943408981119293720e+06 -7.301101373447403312e+05 6.122160292824273929e+05 1.045189528031914495e+06 1.471031218718558550e+06 1.788704617461193353e+06 1.951341710925628897e+06 1.880965387565078447e+06 1.562853874387802556e+06 1.218574665756317321e+06 9.528561111912104534e+05 7.377529416367184604e+05 6.823636536049866118e+05 7.343549660435977858e+05
-2.901126062805999536e+05 -2.956357792910421267e+05 -3.283502253508779686e+05 -3.898706293449501973e+05 -3.861432224098825827e+05 -3.178787874494446442e+05 -2.851931490504648536e+05 -2.103213347689602524e+05 -1.033198517616256140e+05 1.716730580665171146e+02 1.462077688341378234e+05 2.267209682616526261e+05 2.633555726846680045e+05 3.288033989426912740e+05 3.341301068753818981e+05 2.585579946092907339e+05 1.672124811494722962e+05 5.067300043971044943e+04 -9.396325539506506175e+04 -2.508185258912271820e+05 -4.053133774959128350e+05 -5.154187066669692285e+05 -5.945882471924428828e+05 -7.329187690446260385e+05 -8.649929577208240516e+05 -8.583895038091577590e+05 -7.888767777036987245e+05 -7.922731631132792681e+05 -7.550580435222936794e+05 -6.524062856097584590e+05 -5.843916868005171418e+05 -4.188734626126810908e+05 1.555047734291106462e+04 3.453410522598409094e+06 7.501375107064961456e+06 5.429614816143887118e+06 1.406501519588632276e+06 3.319632883052695543e+05 2.968801251353574917e+05 2.570283986593126319e+05 1.773836049420060590e+05 1.453399351448761299e+05 1.156359339240589179e+05 7.291852072783466429e+04 3.647726535738911480e+04 -2.466942325321678072e+04 -1.041183046158407815e+05 -1.931550904683526605e+05 -2.764077572087924927e+05
2.938574105297448114e+04 -4.900094948505284265e+04 -4.657666547806002200e+04 3.482969700824469328e+04 3.676962705940240994e+04 3.122092905628960580e+04 9.845768315048184013e+04 1.356604713379056775e+05 1.691049363015918643e+05 2.000320556771474949e+05 1.662317578197689436e+05 1.384635071965749958e+05 1.749847435942501179e+05 2.049602649291045091e+05 1.743829735141479759e+05 1.346878966569784970e+05 7.846696026856094250e+04 -4.183397660090122372e+03 -1.144162326530203572e+05 -2.723135699005796341e+05 -4.632695813817544840e+05 -7.149529836291917600e+05 -8.291137982904927339e+05 -6.860494192090118304e+05 -3.974415217273046728e+05 -7.758420070575154386e+04 1.632380776209176984e+05 3.658915432650253642e+05 4.681474154361055698e+05 5.299479257539496757e+05 5.937272062504778150e+05 5.132342923866237979e+05 4.291822148379304563e+05 3.884586619902984239e+05 2.874419234509692760e+05 7.514386098773736740e+04 -3.600109269225515891e+05 -1.338558114483605605e+06 -2.573402112658074126e+06 -2.638080833246051334e+06 -1.196845504753576126e+06 2.500330766581427306e+05 8.345701736438763328e+05 9.929749645316065289e+05 1.088890844071867643e+06 1.090681856144216610e+06 1.005651612761140917e+06 9.803420670257733436e+05 1.029944326884850045e+06
2.471736591146322899e+05 3.136449815623930190e+05 4.248269796039673965e+05 5.422877719296956202e+05 5.793245821839082055e+05 5.726335838378871558e+05 5.668806147717984859e+05 6.028168486128565855e+05 5.988206848231498152e+05 5.205422387176075135e+05 5.215044253689124598e+05 5.280258940576463938e+05 4.911946185963460011e+05 4.480853878677587491e+05 -1.667394043893436436e+06 -4.717452181194098666e+06 -3.716185411342309322e+06 -7.365261249439204112e+05 3.738577287012594752e+05 6.415503785788309760e+05 9.793210010530282743e+05 1.252339170061459066e+06 1.447117429717912106e+06 1.473446603667689255e+06 1.223031746893828968e+06 9.366086816386088030e+05 6.807753949900498847e+05 4.256066347932217759e+05 2.124479305782009615e+05 -3.959441183426009957e+04 -3.577307605248634936e+05 -8.536350619886112399e+05 -1.595179565989242401e+06 -2.463220418757989071e+06 -2.968861489677218720e+06 -2.471348665825791657e+06 -9.189636368726450019e+05 1.284666331142946146e+06 3.280442933334265836e+06 3.742612497853395995e+06 2.578082546016664244e+06 1.227136331577500794e+06 5.391423241671858123e+05 3.235646976641148794e+05 2.529025512823143508e+05 1.221765200668592006e+05 6.737250617879675701e+03 8.671959097176813520e+04 2.748275509776426479e+05
-4.904042201681295410e+05 -4.223401500534964725e+05 -4.184153579888516106e+05 -4.438676084190951660e+05 -3.670900454753427766e+05 -3.702522573483288288e+05 -4.449805176205695607e+05 -3.686362789917620830e+05 -2.961410241559497081e+05 -3.341197372239548713e+05 -3.289834754230105318e+05 -2.098959016738808714e+05 -1.702495429047849029e+05 -1.733011641667690128e+05 1.954198237079835264e+06 5.106732140902318060e+06 4.208498623250931501e+06 1.275896815365994815e+06 2.640436717175180092e+05 1.754172688364633359e+05 1.600122997007565573e+05 1.184280315021164715e+05 2.725709363585337996e+02 -7.271196411224082112e+04 -1.750572674768045545e+05 -3.508295813051513396e+05 -6.741930715434141457e+05 -1.207812685681567527e+06 -2.086902376468348550e+06 -3.318950435974404216e+06 -4.150626119818478357e+06 -3.432691804449129850e+06 -1.109378237114008516e+06 1.553842106508377008e+06 3.295844709675585385e+06 3.588252850502613001e+06 2.854701425428208429e+06 1.855293144543251256e+06 1.084949714391260175e+06 6.593505093429102562e+05 4.357895417886902578e+05 2.955386304072467610e+05 1.596358886014781892e+05 4.823415877181058750e+04 -9.013064718717848882e+04 -2.893757455731967930e+05 -5.419127245555885602e+05 -8.050202297570609953e+05 -1.029060051562246401e+06
8.788513404637336498e+04 1.556217621933320188e+05 2.319609741741440957e+05 2.410906103695742204e+05 1.683825004906975664e+05 1.258831424603704363e+05 4.876581288699523429e+04 -2.430425957689297502e+04 -2.763271224976051599e+04 -1.045283906441181316e+05 -1.750005121645518520e+05 -1.310137347990532289e+05 -9.326631950534641510e+04 -1.346610910253365873e+05 -1.286834394070319249e+05 -9.282715736073453445e+04 -1.117606930006877519e+05 -8.711398703075246885e+04 -5.228326246433425695e+04 -6.576149959058966488e+04 -4.199292384611919988e+04 -8.874603559961542487e+03 -5.394216824119223747e+04 -5.491479654738237150e+04 2.178923471714381594e+04 -2.629933076479921583e+05 -2.764888695420822129e+06 -5.855865840363268740e+06 -3.974699513672105037e+06 1.191676398576828651e+06 4.121887727538701613e+06 4.194579566525066271e+06 2.817766672796584666e+06 1.249117806244178442e+06 2.619823328897458850e+05 -1.643690305290505057e+05 -3.220215770971845486e+05 -4.022557940182749298e+05 -3.984442317759385332e+05 -2.973252890797440195e+05 -2.403498145227790810e+05 -2.059179244691047352e+05 -9.821749159862473607e+04 3.339702357305283658e+04 1.366621660842790734e+05 3.154788049956541508e+05 6.805949728091977304e+05 1.034503817002400639e+06 1.290042031866593054e+06
4.870782388956262730e+04 1.907968520233408781e+05 2.304556591718574055e+05 2.026402288521058508e+05 2.406680490169674158e+05 2.350116170226828544e+05 2.314117634331341251e+05 2.682997917794274399e+05 2.639778598365957150e+05 2.596654749789740017e+05 2.613648694305449317e+05 2.301772963945406373e+05 1.929657527402740670e+05 2.232408068620133563e+05 1.909570497972890735e+05 7.928358149132679682e+04 2.268538158939918503e+04 9.699590458476450294e+03 -6.508303373673697934e+04 -2.237951458312454633e+05 -5.615712038197655929e+05 -2.588112798309600912e+06 -5.404157830700287595e+06 -5.230543590459276922e+06 -3.028242272981729358e+06 -1.316013878291707486e+06 2.047092374671494588e+06 6.171368883002443239e+06 5.745671245220589451e+06 2.396542003295610193e+06 8.170759040935083758e+05 6.988149663835079409e+05 7.533818906516563147e+05 8.162833588261851110e+05 7.809998586605063174e+05 6.329527379426872358e+05 4.369776552676917054e+05 2.135374768928163685e+05 -2.999725842062570155e+04 -3.499418082452020608e+05 -7.477735264255928341e+05 -1.061378768153082114e+06 -1.124392709161617560e+06 -1.021702305311338394e+06 -8.078348283571567154e+05 -5.535456374543705024e+05 -3.902630233342644642e+05 -3.436344665609056829e+05 -3.627636455692052841e+05
-2.544006482121766894e+05 -1.115205161675112322e+05 -7.143631148035633669e+04 -9.897961010487048770e+04 -9.752168315753806382e+04 -1.025157158391084231e+05 -6.786490136495558545e+04 -1.041974967386343051e+05 -1.817904127121439087e+05 -1.475228959607192664e+05 -1.442607897933340864e+05 -2.112971894658403471e+05 -2.100596241283345735e+05 -2.142912241566226585e+05 -2.813204274332382483e+05 -3.169457463675647741e+05 -3.708005295332986861e+05 -5.272660026678929571e+05 -7.443028038437473588e+05 -1.007328383922867710e+06 -1.122151357694818638e+06 4.752340891596456058e+05 2.818233562952378299e+06 2.371811342964651994e+06 4.874351580807675491e+05 -1.993644412088904064e+05 -2.400981931536807097e+05 -2.417467083377418749e+05 -2.401162018283501384e+05 -1.747120062139580841e+05 -6.856132855580665637e+04 -7.542615796264784876e+04 -5.280255910009203944e+04 4.963946666917752009e+04 5.268510240188322496e+04 8.384701437083981000e+04 2.078904529227295425e+05 3.375197894143644953e+05 4.796443742583501153e+05 6.832802895369222388e+05 1.016407089527932694e+06 1.220414266252193833e+06 1.183014495540115982e+06 1.067373204042088473e+06 8.204636286915079691e+05 5.116609443689216860e+05 2.539606839331090450e+05 9.005309354484826326e+04 1.559935536347329617e+02
3.023554169965791516e+05 2.215616007163773756e+05 1.870296330697601661e+05 2.341666943408199586e+05 2.352962250326527283e+05 2.299691576222537551e+05 2.649394191344616702e+05 2.274919848935677437e+05 1.855610948317918228e+05 1.822248004848369164e+05 1.844486110261642607e+05 7.826116772455896717e+04 -3.305154993140604347e+04 -1.121046685750479810e+05 -3.649010409196488326e+05 -6.212230566574730910e+05 -8.576666395066423574e+05 -1.159932563730107620e+06 -1.374007756945210742e+06 -1.304322330473223235e+06 -8.683740982908057049e+05 -1.709907877832283266e+05 6.956127785862204619e+05 1.344655074009786826e+06 1.559154577297739685e+06 1.550837133314925712e+06 1.355896238062703982e+06 1.058003566474073799e+06 8.369854141218820587e+05 6.455885839165414218e+05 4.972416485141729354e+05 4.160556161298885709e+05 2.935954264565969352e+05 2.163102975281070685e+05 1.825507657165869605e+05 1.422879961875150912e+05 1.258302992983956356e+05 8.068153032130794600e+04 4.878335232933727093e+04 7.954954580083698966e+04 6.453832418395881541e+04 2.621191051031951793e+04 6.349685504217608832e+04 9.263789079413982108e+04 5.906192144670081325e+04 3.178066181804728694e+04 8.939944365323800594e+04 1.698686905950296205e+05 2.188125067041236907e+05
3.273689071717672050e+05 1.696613402268851642e+05 2.049190148158278316e+04 -4.644958715187339112e+04 -4.660739292448852211e+04 -9.027548201236641034e+04 -1.677435680371124763e+05 -3.194333788682713639e+05 -7.392727876899878029e+05 -1.794583700739021180e+06 -3.591887745041754097e+06 -4.664504994352757931e+06 -3.744280910393571015e+06 -2.081073824651538394e+06 -8.662224398192483932e+05 -3.655101916723605245e+04 5.800647419295273721e+05 1.158230893315921538e+06 1.707516447159577161e+06 2.093388497579434421e+06 2.145119392969350796e+06 2.022235092545159627e+06 1.820476550910101505e+06 1.443660035812936723e+06 1.075478170465211384e+06 8.510107592868735082e+05 6.583378106387673179e+05 4.361088648080485873e+05 3.256601792020956054e+05 2.793324391532221343e+05 2.409580989502135199e+05 1.610374557951577008e+05 7.430068969988543540e+04 6.947746056015603244e+04 3.533728546550264582e+04 3.122388333082175814e+04 1.733450027240882628e+04 9.877374217321630567e+03 1.504056421894347295e+04 -2.453907747636549175e+04 -3.982532633381220512e+04 -7.907897041412047110e+04 -1.125634632501166780e+05 -2.939012756486793514e+05 -1.031920168802313623e+06 -2.289843312891310547e+06 -2.679969094327245373e+06 -1.778014462782308459e+06 -5.943294896860290319e+05
-5.123460945888652932e+05 -5.180121744557982311e+05 -5.526831472085904097e+05 -7.318858264008302940e+05 -9.572710058145457879e+05 -1.073381222177413059e+06 -1.184307243905786425e+06 -1.255901633027534466e+06 -1.029580357506639324e+06 2.849254710919922218e+04 1.990467805052470649e+06 3.267707411121811252e+06 2.617740843951468356e+06 1.251168256899981759e+06 4.629477435289297719e+05 8.804440264793811366e+04 -1.181970803390140645e+05 -1.697747694907593541e+05 -1.688373101560864598e+05 -2.522126873722299933e+05 -3.345285375698577845e+05 -3.312518815376093844e+05 -4.093789132987157209e+05 -4.449343011641759658e+05 -4.369682779972208664e+05 -5.453365697542899288e+05 -6.223720076831521001e+05 -6.175831707884219941e+05 -6.491293023055181839e+05 -6.546152027332570869e+05 -6.500904660136434250e+05 -6.882823959528477862e+05 -6.614892952999828849e+05 -5.890462660591583699e+05 -4.749889788529253565e+05 -4.031501378619573079e+05 -3.411628303039469756e+05 -2.374755949745308608e+05 -1.591432350146346726e+05 -5.517896856530569494e+04 3.596012193011166528e+04 1.019802313850955106e+05 2.089077274574078619e+05 4.857426653447356075e+05 1.298824194475015393e+06 2.606732426625960506e+06 2.970755295911224093e+06 2.052862033495334676e+06 8.944219526595761999e+05
2.067229730042163283e+05 2.766297481767833233e+05 2.408268264427897520e+05 9.740881634992547333e+04 -5.488673062587622553e+04 -2.503621842907159589e+05 -4.029467742680569645e+05 -3.651657563142362051e+05 -2.186915393700477434e+05 -1.068391657652682043e+05 8.505148717173188925e+04 2.767089752669563750e+05 2.745177059376145480e+05 2.296433381593668601e+05 2.324599154782480327e+05 1.962310335974324262e+05 1.396259539751920383e+05 1.616675493342336267e+05 1.246137317366083153e+05 2.993123775231651962e+03 -4.262265013356180862e+04 -3.970424247585469857e+04 -8.182912472751946189e+04 -1.562611384424960706e+05 -1.501058901130449958e+05 -1.499745612975673284e+05 -2.298393287282671081e+05 -2.633620793503364548e+05 -2.604782658800830832e+05 -3.057124165006098337e+05 -3.397758185386191471e+05 -3.431727510900243651e+05 -3.187582412120550871e+05 -2.482446714024991379e+05 -2.454819300759118923e+05 -2.115110860051938507e+05 -1.483323495610966056e+05 -1.520279319889962790e+05 -1.086439231480472954e+05 -7.520514435745991068e+04 -5.526288317894778447e+04 -6.047456471656891517e+04 -9.525265633157652337e+04 -6.318606475251715165e+04 -2.316605330939660780e+04 -1.450793099706061184e+04 -6.134518849634379148e+04 -1.573759505851181457e+05 -2.519020854611853138e+05
-2.916925828400417231e+05 -1.442358309487460647e+05 1.206736208609049208e+04 2.132145257707452402e+05 5.571937868595705368e+05 8.948184417106674518e+05 1.121403429817291442e+06 1.308585661025427748e+06 1.299385474162410013e+06 1.103765363352139946e+06 8.751427253903241362e+05 6.468626367076656315e+05 4.153056578637915663e+05 2.554617620279896073e+05 1.437788001645822078e+05 -5.926227380987256765e+03 -1.001507436478277668e+05 -1.908343490879633464e+05 -3.396834984575980343e+05 -4.218405743865878321e+05 -4.277191287069572136e+05 -4.970672085887053981e+05 -5.742157152417358011e+05 -5.345829555057571270e+05 -4.518024900995075004e+05 -4.132463356485822005e+05 -4.178300010829113889e+05 -3.753973557995057199e+05 -2.607674406416483689e+05 -1.957050144608364208e+05 -2.297993012555523601e+05 -1.968273287228656118e+05 -9.965139927342586452e+04 -1.032019184553062369e+05 -1.383885490894317045e+05 -1.047103145110305340e+05 -4.103806919272741652e+04 2.817029622936394298e+04 3.508892092155304272e+04 3.171303875569711090e+04 5.112716016621564631e+04 4.468549896904738125e+04 9.069134307501357398e+03 -3.071665631927323557e+04 4.538376129668844806e+04 5.415884687681667856e+04 -2.861176574428116146e+04 1.778345624421382672e+04 1.367023465494269331e+05
-1.646778565933345817e+05 -3.256813414933278691e+05 -4.007603870029556565e+05 -3.528084705889340257e+05 -6.620064570038812235e+05 -2.906076620161764789e+06 -4.443998738143125549e+06 -2.080149139237761963e+06 4.169051969045540318e+04 1.960077489705872722e+05 3.150937039995919913e+05 4.697520678528235294e+05 5.058508024856559932e+05 4.993851913575776853e+05 6.164812821350642480e+05 6.960176072301692329e+05 7.153539178438957315e+05 7.356121631653509103e+05 7.357479169961876469e+05 8.022604081308234017e+05 8.305370612943066517e+05 7.187469992027030094e+05 6.738195258166536223e+05 6.325672310547088273e+05 3.724996738578184159e+05 -1.174655390370739624e+05 -1.168919035645088181e+06 -2.983404863550391048e+06 -3.894976048320530448e+06 -2.397797522384201176e+06 -1.191059048761995509e+05 1.171651988901726902e+06 1.592185486710811034e+06 1.650845812859188067e+06 1.603814094778789673e+06 1.407150836385262897e+06 1.170103234614361078e+06 1.050511951316149905e+06 8.698743801415550988e+05 6.802775899815587327e+05 5.510109304258368211e+05 3.966656894705391023e+05 3.224459371797265485e+05 2.454191395442462526e+05 1.410240248814814258e+05 1.133532701269721147e+05 3.092780654755095020e+04 -1.374707023342472967e+05 -3.054590261602373794e+05
-3.953185245444178581e+05 -4.000487305977731012e+05 -4.343550511577636935e+05 -4.223405314015690237e+05 5.841110213077627122e+03 2.321014183424994349e+06 4.018865759490580298e+06 1.809875683541755658e+06 -2.472269702842459083e+05 -2.866324285836889176e+05 -2.444919498777018161e+05 -2.049232251942159492e+05 -1.296542332455282449e+05 -9.650088497437533806e+04 -9.276351942738980870e+04 -1.050989093782828422e+04 5.020991304772917647e+04 -3.106220123590872390e+03 3.879002045898232609e+04 1.479739478780538193e+05 1.046445766859687719e+05 3.487582953792298213e+04 -1.940654229410578264e+05 -2.526240977789265569e+06 -5.928371230097258464e+06 -4.921804324926350266e+06 -2.826865541311074048e+04 3.974997092561686877e+06 5.405256468176665716e+06 4.060708185958493967e+06 1.700445267081380822e+06 4.258092901631590794e+05 2.241163983417907730e+03 -2.234527714824067662e+05 -2.590108355125990929e+05 -2.607643198285946855e+05 -3.037286225397837115e+05 -2.673896431532925926e+05 -2.213083673486834741e+05 -2.587592437185223680e+05 -3.105181269580504159e+05 -2.794648891509868554e+05 -2.053119890976807801e+05 -2.070336242948548170e+05 -2.368053856602642336e+05 -1.905196840522688581e+05 -1.994560682031448232e+05 -2.954147280132730957e+05 -3.916570429658112116e+05
1.003302932676156051e+05 1.699668776302156039e+04 2.005919592425902374e+04 1.078608061786508188e+05 1.471804630928090774e+05 1.819442991312826052e+05 2.228169329132651910e+05 1.829073875222820789e+05 1.751255566722828662e+05 2.127049097340203589e+05 1.768376777513185516e+05 9.925091514713142533e+04 1.963526334002381191e+04 -2.434916366648394614e+04 -1.742852247352128616e+05 -3.972962546217609197e+05 -5.635111465654337080e+05 -8.809440944599916693e+05 -1.443057252637517639e+06 -2.085110888099588221e+06 -2.607566595709354617e+06 -2.734297080290270038e+06 -1.999022907855399884e+06 1.218212715549441986e+06 5.734501702646090649e+06 6.041518532435588539e+06 2.736065395939795766e+06 8.891481759390460793e+05 6.987755934658341575e+05 6.086118099326260854e+05 5.334296130680008791e+05 5.263519752694999333e+05 3.977814552318910137e+05 2.060629341899766587e+05 5.676317703648190945e+04 -2.049339253781358711e+05 -5.784996418710218277e+05 -9.067529043208938092e+05 -1.076386576163640246e+06 -1.035636995776437107e+06 -8.640093813455321360e+05 -6.114223783090733923e+05 -3.897154174259038409e+05 -2.449726354566517111e+05 -9.319434205070225289e+04 -4.719639929418906104e+04 -2.070184981508599594e+04 1.347457363511765143e+05 3.254571808702860726e+05
-2.193645956838829443e+04 1.289988814460234717e+05 2.104799723351602443e+05 1.818670960058807395e+05 1.437904989943490364e+05 1.794684040197171271e+05 2.215650755079695955e+05 1.432600196314156055e+05 1.358242125014658086e+05 1.745509579186909832e+05 1.006856820581019856e+05 1.392393192669264972e+05 1.371933812156203203e+05 5.478883333416888490e+04 5.854579930193698965e+04 2.748612973169633187e+04 -6.341232484322949313e+04 -1.158855708350890782e+05 -1.093614022911060601e+05 -1.111440019632573240e+05 3.849720633821468800e+04 2.749936381389850285e+05 4.238176883014976047e+05 5.351247904665067326e+05 5.003972820169285405e+05 3.823391951652595308e+05 2.978719410268238280e+05 1.900384315138220554e+05 1.533740236418086570e+05 1.779851526391574880e+05 1.061285777154264506e+05 1.018468040760498261e+05 2.354782562269252376e+05 2.672546866087942617e+05 3.020448575823686551e+05 5.182335180265355157e+05 7.299619541934225708e+05 9.083593821828269865e+05 9.849255451030327240e+05 7.941155272262382787e+05 5.164131611632180866e+05 1.776534729724540375e+05 -1.515469676160132512e+05 -2.623599020999977365e+05 -2.912563633889658377e+05 -3.165625825314775575e+05 -2.877819483409987297e+05 -2.388811591919509228e+05 -1.916416026640166529e+05
-1.850323468851565151e+06 -1.855308724182250444e+06 -1.812205878530803369e+06 -1.682561567498196149e+06 -1.483020395024213940e+06 -1.247432293607852887e+06 -1.004497089231153484e+06 -7.665952896291860379e+05 -6.145762095387917943e+05 -5.326567331029213965e+05 -4.859010017267428339e+05 -6.775711727773882449e+05 -1.024845111391041428e+06 -1.371172706203069538e+06 -1.860792542824927717e+06 -2.109499468159338459e+06 -1.721394464816551656e+06 -9.138446725765243173e+05 2.530772430764045566e+05 1.592619807398004457e+06 2.650818927254288457e+06 3.177000151381068863e+06 3.004243545789218973e+06 2.416319338288158644e+06 1.839387421658318955e+06 1.297284657571582124e+06 9.051826028202769812e+05 6.809242001606628764e+05 4.912211240662148921e+05 3.635897747942358255e+05 3.278426755050894571e+05 3.598709921477721073e+05 3.062198593845838914e+05 2.258148929444723180e+05 2.978747797510006931e+05 3.669002631102920277e+05 3.221182881610000040e+05 3.563572098367155413e+05 5.098250934976378921e+05 5.783074820463645738e+05 5.575931992265405133e+05 6.192131450600579847e+05 6.880879949039060157e+05 5.727616303873942234e+05 4.299410632005324587e+05 3.642886345271826722e+05 2.449870968132740818e+05 1.109085464774402790e+05 1.204315203882195055e+04
-7.172144198205204448e+05 -4.864874966736533679e+05 -3.262861907560727559e+05 -2.378829508711351082e+05 -1.981285654028761201e+05 -3.188473836969931144e+05 -5.493014689479602966e+05 -9.407650147457036655e+05 -1.651328178040566854e+06 -2.623153077054011635e+06 -3.351083080185346305e+06 -3.103874358450706117e+06 -1.960516248699567281e+06 -6.295548456523101777e+05 6.227110995654938743e+05 1.600840460854817182e+06 2.007720856426169164e+06 2.022265817179867998e+06 1.750276015223935246e+06 1.317942991713643074e+06 1.040587028536536265e+06 8.539558229196690954e+05 6.199058477394292131e+05 5.399163100359146483e+05 5.429242259357115254e+05 4.234401865588740911e+05 3.757579629449171480e+05 3.820224981923827436e+05 3.442851812840672210e+05 3.293554925415080506e+05 2.948135030467528850e+05 2.904515550041114911e+05 3.116762209832096705e+05 2.686027535866014659e+05 2.658764812146546319e+05 2.984442783257690608e+05 2.924185355173539720e+05 2.913050052514887066e+05 2.986102393505278742e+05 2.951623328277483815e+05 2.759024111746115377e+05 3.022533679593473207e+05 3.361666212198897265e+05 3.320071001647744561e+05 2.633964983630004572e+05 1.981968045281241648e+05 1.525178397708802950e+05 1.872479217621858697e+04 -1.533444500356563367e+05
2.669402887433511205e+04 2.101001035916863475e+04 -1.606605376262462232e+04 -2.824285721735215047e+05 -9.117066738146240823e+05 -1.660467344425559975e+06 -2.084297492832119344e+06 -1.804529314116517082e+06 -8.264404906140426174e+05 4.316807522322046570e+05 1.453362122291875072e+06 1.799121280088439584e+06 1.399889252471911954e+06 8.441295300726774149e+05 5.321015959538633469e+05 3.451916575201903470e+05 2.535482338271688204e+05 1.983558052728766343e+05 1.280240569062880240e+05 8.935957784502534196e+04 1.265653434232803993e+05 1.760481498617444886e+05 1.374712784809529549e+05 9.807891492062481120e+04 1.413259945143363439e+05 1.753130563974263496e+05 1.287626320021806750e+05 9.966649558569787769e+04 1.391418728444839944e+05 1.623106510681099608e+05 1.297069203972933756e+05 8.964920163329230854e+04 1.121225162610065308e+05 1.078510896669469075e+05 3.077477930055448815e+04 -1.388260659083601087e+06 -4.658109959684376605e+06 -5.224550981635120697e+06 -1.952008488773434423e+06 1.001881798979584128e+05 2.296061167784510180e+05 2.923555010053683072e+05 2.891552822422813624e+05 3.215180270920982584e+05 5.078879300702819601e+05 6.227209535700948909e+05 7.187600992622934282e+05 9.084769459883645177e+05 1.096667179164921865e+06
-5.669074411786282435e+05 -3.350524036606657319e+05 -9.494112247106432915e+04 1.126675161684402265e+05 3.892139634364866652e+05 8.978009205588013865e+05 1.333989305928698275e+06 1.251888695816451218e+06 8.473191774910093518e+05 4.922317146181010758e+05 2.203862523959831451e+05 5.986054492648702580e+04 -2.261242692387895659e+04 -6.697123506659409031e+04 -6.468788361817126861e+04 -9.348923095647495938e+04 -1.053996330325027229e+05 -1.203575977278524078e+05 -1.114687671023420990e+05 -7.080516873480519280e+04 -1.092088830930878175e+05 -5.790054327138909139e+04 -1.769017236452794168e+04 -9.460748924553603865e+04 -8.854715186549560167e+04 -5.331044959806592669e+04 -6.045744929899228737e+04 -8.754632552503619809e+04 -2.363860079171712277e+05 -5.141763989726318978e+05 -1.070779627236767905e+06 -2.082798866230304819e+06 -2.798725038390850183e+06 -2.332559719973943196e+06 -1.267004001097518019e+06 8.675311103960769251e+05 4.548830803802710027e+06 5.270375727388900705e+06 2.054355634310348658e+06 7.347306884184927912e+04 -1.852020928898142301e+04 -6.433056376525180531e+04 -1.020830544599445566e+05 -6.627833169710334914e+04 -5.910167741385503905e+04 -8.602311969210836105e+04 -5.605419735831661092e+04 -4.295904556813149247e+04 -7.014121120271646942e+04
-5.439938696811436675e+05 -3.922302210156340152e+05 -1.541031913168258034e+05 5.076672794937621802e+04 1.275770919010392390e+05 1.619472326018149033e+05 8.616345667222049087e+04 -7.503738742409041151e+04 -4.019467416685074568e+05 -1.347707554759981111e+06 -3.387862163900868502e+06 -5.231826111022675410e+06 -4.630557143680050969e+06 -2.340986631662817206e+06 -7.201479308874690905e+05 -7.685646685131359845e+04 1.888905863137915730e+05 1.751775222929427400e+05 1.084320478679724038e+05 7.412128845229744911e+04 -3.979412397428043187e+04 -1.017965000137342140e+05 -9.780095796275511384e+04 -1.346342444434408098e+05 -1.653759561010524631e+05 -1.667668190153194591e+05 -1.718029733258308843e+05 -8.207756627758499235e+04 7.437306427658814937e+04 3.260745608469005674e+05 9.746307848585983738e+05 2.062311092928294092e+06 2.788563663651302923e+06 2.353974292589120567e+06 1.361223146383706247e+06 6.757018600168528501e+05 3.711296611686695833e+05 2.967985697562113637e+05 2.677710318024037988e+05 1.911090038341348409e+05 1.721821351279510418e+05 2.355206619764795469e+05 2.326631103994435107e+05 1.929315221705477452e+05 2.348766613847692788e+05 2.792697675380615401e+05 2.344238427068921737e+05 1.367683148675137199e+05 3.563103037420427427e+04
2.045058096898701042e+05 -1.992167042638175189e+05 -7.150677641894426197e+05 -1.343412274839355610e+06 -2.296291173376667313e+06 -3.684468877433099784e+06 -4.427059547098177485e+06 -3.907581687509665266e+06 -2.882126631292051170e+06 -1.414319319255591370e+06 1.155334527629314922e+06 3.706245934081671294e+06 3.887636284273756668e+06 1.984739803693372756e+06 3.303177594288717955e+05 -2.484016918993438594e+05 -4.153715749082039110e+05 -5.084862710905142594e+05 -4.186735284232415725e+05 -2.966006081594969146e+05 -2.163971530881822109e+05 -1.619797931282664649e+05 -1.200346619993799832e+05 -4.318166220240551047e+04 -3.791963057010434568e+04 -4.311415753589267842e+04 -1.270335632230853662e+04 -3.826687865308485925e+04 -3.637673770164849702e+04 -1.392292883188929409e+04 -4.338554914254916366e+04 -1.187367882565020118e+05 -2.460995367486617179e+05 -4.746912826859617489e+05 -8.516523770368082915e+05 -1.262118723152378807e+06 -1.364312211538780481e+06 -1.050197476987670641e+06 -5.456718727841514628e+05 -1.677405639979401603e+05 2.601884843025822192e+03 1.042911833638208918e+05 1.387242200301256962e+05 1.371059166968921199e+05 1.798822696920249145e+05 2.246810288616681937e+05 2.189627958362691570e+05 3.057973047081008554e+05 4.973417739043282345e+05
2.783385616066521034e+05 3.522041633023764007e+05 5.128266438591524493e+05 9.572799027536530048e+05 1.866813455839001108e+06 3.008981843298241962e+06 3.286451049086461775e+06 -4.365251876780607272e+05 -5.623170800677906722e+06 -4.231619678164131939e+06 7.147426412376852240e+05 2.246175399121131748e+06 1.761813089250644669e+06 1.436177556983602233e+06 1.235356409395462368e+06 1.085032123754208907e+06 9.130199577045284677e+05 6.970154161556272302e+05 3.916107384770293720e+05 1.591111939476104453e+05 3.780647298554889858e+03 -2.922076617114371620e+05 -5.598270207803593948e+05 -8.289656147765335627e+05 -1.167497889635851840e+06 -1.397972568999683950e+06 -1.552126827746687690e+06 -1.529858678629391827e+06 -1.288636503059242386e+06 -9.904805549044965301e+05 -6.695389673812314868e+05 -2.834453548747100867e+05 4.663921356666786596e+04 3.843483082545562647e+05 8.707427367955103982e+05 1.316100070121755125e+06 1.535922618524345802e+06 1.268385825702864677e+06 7.459923663525847951e+05 4.420032827125384938e+05 2.726086126314473804e+05 1.119475998103743186e+05 7.156632585887541063e+04 1.074471804685891839e+05 7.656936705694580451e+04 4.806124953116523102e+04 4.412499162310268730e+04 5.900806072197109461e+04 1.041333008694332093e+05
-6.015771642499007285e+05 -6.852145753559302539e+05 -8.400035864789979532e+05 -9.470606682679494843e+05 -7.847050697976378724e+05 -4.265999994063172489e+05 2.954888250766079873e+05 3.971798770169852301e+06 8.775355802466221154e+06 7.297449548470319249e+06 2.074319698075411376e+06 -1.081828120650602505e+05 -2.340111298329429701e+05 -2.409942646612767130e+05 -2.024336473131552339e+05 -1.916147186787566170e+05 -1.634957461032904685e+05 -2.194470248708967119e+05 -2.480365568274282850e+05 -2.432255065545905381e+05 -4.744119500901415013e+05 -1.156265991740221623e+06 -2.505091643227501772e+06 -3.230956380451388191e+06 -1.896016018186340807e+06 1.163285437322303187e+05 1.109901794850884937e+06 1.348210560713489540e+06 1.342108223651884589e+06 1.087936265103634214e+06 7.466590805730088614e+05 5.521244860257138498e+05 4.201175248148525134e+05 2.244744425284448080e+05 6.812939060473581776e+04 2.828627914073877037e+04 -4.341094018920604140e+04 -1.133813464679406025e+05 -6.477835245372308418e+04 -1.010381146153663285e+05 -2.297390446480140090e+05 -2.386219693877506070e+05 -2.023811069017387927e+05 -2.756912548522823490e+05 -3.416103754617511295e+05 -2.938118724402731750e+05 -2.568860378567483276e+05 -2.392112878276382107e+05 -1.931090785833597183e+05
-6.587395295474561863e+05 -6.635740348315448500e+05 -5.417501111701135524e+05 -2.934536238803411834e+05 -9.351626774965552613e+04 6.441503143607405946e+04 2.707827978933346458e+05 4.290075790818082169e+05 3.791716313268993981e+05 3.406835220169154927e+05 3.855649499455466866e+05 2.609889201333867386e+05 9.751794209238141775e+04 5.423749607056379318e+04 -2.267824782582465559e+04 -1.653196454438152723e+05 -2.506593757084920071e+05 -2.248890694967121817e+05 -1.324367432619328611e+05 -7.978926806536037475e+03 3.069953462772523053e+05 1.216009522703245748e+06 2.881947400976501405e+06 3.913141511482243426e+06 2.931613911747112405e+06 1.210312272057347000e+06 3.073968308919570409e+05 4.957318030792521313e+04 -1.415897312306328677e+05 -3.498834026680560783e+05 -5.296950455993642099e+05 -7.162884415764729492e+05 -8.785685782597314101e+05 -9.522095707405239809e+05 -7.979552209508246742e+05 -4.913252821692734724e+05 -2.194187430807498749e+05 -9.925674253376212437e+04 -5.056689510267484002e+04 6.286287284485273995e+04 1.203748875521706650e+05 7.218612390104727820e+04 6.891024863172764890e+04 1.421187233188544633e+05 1.846608158416352235e+05 1.550825541370427236e+05 1.152719712804537266e+05 1.680027325311661698e+05 2.865889412816585973e+05
-2.452738926678430289e+06 -2.379195947357220575e+06 -2.179440421199541539e+06 -1.853200955915380735e+06 -1.574490435291663744e+06 -1.297262571119353874e+06 -9.708378247189098038e+05 -7.716215560431014746e+05 -7.406488992294187192e+05 -6.185592192254259717e+05 -4.524865333898924291e+05 -3.776762522169156000e+05 -2.236499079354689457e+05 -6.832049357937648892e+04 -2.671779336291365325e+04 1.061606364720505662e+05 3.343277322719222866e+05 3.970579482399625704e+05 4.477323451405391097e+05 6.089021983876589220e+05 6.097506757351213600e+05 5.460041328569056932e+05 5.475621943376618437e+05 5.049809011351316003e+05 4.684753077750791563e+05 4.601890991424441454e+05 4.108453650376755395e+05 3.461385176368645625e+05 3.457870432175694150e+05 4.417051689908841508e+05 5.256398832285774406e+05 6.001202573295464972e+05 7.344351069364374271e+05 7.271216505914344452e+05 4.919681924916212447e+05 2.227826836128954310e+05 7.470690395653946325e+04 4.343050944444257766e+03 -2.292079893057257868e+04 -2.205459293996682391e+04 -3.894291127449856140e+04 -1.168927169346739538e+04 6.009420069080078974e+04 9.628018260584212840e+04 1.018616040493363980e+05 1.095611749039378483e+05 1.072775403573177755e+05 8.664302569319261238e+04 5.761664258112292737e+04
-5.163154138435483910e+05 -5.227823541188263334e+05 -5.230741489553470165e+05 -6.758876189004515763e+05 -1.114464297760860063e+06 -2.029845543718255823e+06 -3.290318772578611039e+06 -3.801715212566488888e+06 -3.011863656433418393e+06 -1.695244301082565915e+06 -6.935884926668955013e+05 -1.428464249096577987e+05 1.695712155298674479e+05 3.253329108105394989e+05 3.664891845270171762e+05 4.212428366485983133e+05 4.931553600326878950e+05 5.560812851373339072e+05 5.688761993814841844e+05 5.747468417388154194e+05 6.157486947480342351e+05 5.923678303937772289e+05 5.945494129855078645e+05 6.683355012987153605e+05 7.088310139361415058e+05 6.993430997169339098e+05 7.258995231729927473e+05 7.757716283458299004e+05 8.115307425582429860e+05 8.280437658593287924e+05 8.717748721182574518e+05 9.066939537174780853e+05 8.869513426060474012e+05 9.543863939327995759e+05 9.830752781283806544e+05 8.622334566686183680e+05 7.859474142041290179e+05 7.485975926322876476e+05 6.410278848343295977e+05 5.622088346522632055e+05 4.666460374186858535e+05 3.409517654278906994e+05 2.609870236046840437e+05 2.210810210506320000e+05 1.882028937849113718e+05 8.380996518331766129e+04 4.533664209069684148e+04 6.268252906302176416e+04 3.360879775922559202e+04
-3.506547263894461095e+06 -3.591274062535958365e+06 -3.509916843564423267e+06 -2.903756717622454278e+06 -1.589495921483612619e+06 2.386107868896210566e+05 2.112818240587947890e+06 3.140754349921482615e+06 2.687939683072621003e+06 1.454838236840150319e+06 5.063494055194309913e+05 1.008602956985125784e+05 -1.046703206829261035e+05 -2.671989719715202227e+05 -2.672630570313775679e+05 -2.910654311758119147e+05 -3.754244693677175092e+05 -3.110935716913080541e+05 -2.953147988201816333e+05 -3.251992210591559997e+05 -2.416158800866102392e+05 -1.828315164407830453e+05 -1.378365547221621964e+05 -1.388359780996686604e+05 -1.725357004397664568e+05 -1.010749960390969936e+05 -3.174407434446038678e+04 -5.359439017658596276e+04 -5.189307485736216768e+04 -3.095673184026966919e+04 1.935521785489961621e+04 2.266187732224317733e+04 -2.907541810331182205e+04 7.163783900614187587e+03 4.213225015439090203e+04 4.213817902083971421e+04 1.133769277977972524e+04 1.725245498964798753e+04 1.026414658673454687e+05 1.411243051727065467e+05 1.240346551648691675e+05 1.134441659552978526e+05 1.098420915805033292e+05 1.457528680420370074e+05 1.506670365799806314e+05 1.574001642200160131e+05 2.310845611273550312e+05 1.749098956451063859e+05 -2.634216492881765589e+03
2.295206191412870772e+06 2.368990310379304457e+06 2.329339215493818745e+06 1.778821928297692910e+06 8.625553888123249635e+05 1.442620427449584822e+05 -3.250167054482152453e+05 -4.848007703325130860e+05 -4.560713274299635086e+05 -4.542859726195455296e+05 -3.681453663826688426e+05 -2.566724636623986880e+05 -1.841014263904071413e+05 -2.958892744121840224e+04 8.871183690032921731e+04 1.040896502466057427e+05 1.767041838521253667e+05 2.005031333927762462e+05 2.146625171584309137e+05 2.617038215210777125e+05 2.258366230403768714e+05 2.047445790853816725e+05 1.703926630693607149e+05 1.285799125078482903e+05 1.321459894219878479e+05 8.574953028786706273e+04 -8.292847577833454125e+02 -6.122542663302746951e+04 -5.974245208344660932e+04 -3.914299366617339547e+04 -6.498898230754994438e+04 -9.939887586253490008e+04 -1.120419769917502563e+05 -1.131286278020706523e+05 -1.155221036009606614e+05 -7.635199342010325927e+04 -3.013339212717254122e+04 -6.143134802521682286e+04 -5.118971294985401619e+04 2.601128158421481203e+04 4.758094967895885929e+04 4.451246914689836558e+02 -2.563573467778041959e+03 3.432438929507051944e+04 3.959476439544236928e+04 8.404765103885415010e+04 4.859867082355718594e+04 -4.310993430408379936e+04 -7.164847710780939087e+04
1.129943293505060486e+06 -1.896113079631177709e+06 -3.763762964030609466e+06 -2.604655880416975357e+06 -7.378642779914662242e+05 -3.426155723319970421e+05 -2.949835056028676918e+05 -2.959192062195508042e+05 -2.678045231287253555e+05 -2.664060013944980456e+05 -2.990907001940651680e+05 -2.675054158444984350e+05 -2.348385891265933751e+05 -2.770166859825256979e+05 -3.159066473183336784e+05 -2.984438768439578125e+05 -2.625148036042811582e+05 -2.365700683888279600e+05 -2.193906232228619047e+05 -1.305048300110502169e+05 -8.570061242382507771e+04 -1.043631986615946516e+05 -1.985462262469809502e+04 9.502714016649383120e+04 1.379582151834617835e+05 1.690738572305415291e+05 2.369486130660516210e+05 2.533630934549733065e+05 2.532931616992572090e+05 3.487651928135893540e+05 3.980648199873394333e+05 3.231864439632046269e+05 3.080448964683465892e+05 3.427015317045151023e+05 2.994492467970118742e+05 2.982015849597516353e+05 3.046873917698392179e+05 2.331516765811834484e+05 2.034338533304979792e+05 2.037831027572968742e+05 1.867470626730939839e+05 1.014584818421290256e+05 6.017808928969292901e+04 9.641935003834089730e+04 6.364972180890676100e+04 3.339416291913948953e+04 -7.470489264960761648e+04 -2.757486387222867925e+05 -4.515821598449777812e+05
1.780044140561940148e+05 2.872469696076587308e+06 4.379331091881902888e+06 2.752323303837618791e+06 2.842420356476213783e+05 -7.131638014258351177e+05 -1.380953435034025460e+06 -1.857588231807459146e+06 -2.065755578780664131e+06 -2.141034264866028912e+06 -2.011988347745792475e+06 -1.740060311959533952e+06 -1.388452464739384130e+06 -1.033119326287705568e+06 -7.547953500092260074e+05 -4.602932297147344798e+05 -2.266499771105009131e+05 -1.612787215600837953e+05 -2.655171675811288878e+04 1.793483308306895196e+05 2.229221384428087622e+05 2.031459554968751036e+05 2.475042260994091630e+05 2.831242702898454154e+05 2.473807858006327879e+05 2.388599042975690681e+05 2.675939584439035971e+05 2.069705133928805008e+05 2.067684153822480584e+05 2.639924201424581697e+05 1.990512810627117287e+05 1.636695647813036048e+05 1.880857978085994546e+05 1.475562696569251129e+05 1.433351322685485939e+05 1.438168839525315561e+05 7.607706972776199109e+04 4.365437882137490669e+04 -5.997407820337638259e+04 -4.702834175011945190e+05 -1.343366281786591513e+06 -2.389708710893173702e+06 -2.712629940127946436e+06 -1.987622300141954795e+06 -9.655039729410842992e+05 -2.834675638889884576e+05 9.202454534883331507e+04 3.343349176165042445e+05 5.269957501234523952e+05
2.433678059513909742e+06 2.187774411636637989e+06 1.827252090855035931e+06 1.352771877906925976e+06 6.332253738271538168e+05 -4.429062896978575736e+05 -1.546184944856503978e+06 -2.180419016977831256e+06 -2.071678345964175183e+06 -1.554239478601666167e+06 -1.031781586530269589e+06 -6.843677835143178236e+05 -4.944755085688664112e+05 -3.789544187506542075e+05 -3.008545888081423473e+05 -2.443466168912712019e+05 -2.082869043300163466e+05 -1.439183953503379598e+05 -1.267047214240300236e+05 -1.942684788792392937e+05 -2.668224685691524064e+05 -3.622458693577210652e+05 -6.259919549353081966e+05 -1.090993860138404183e+06 -1.546257913402223960e+06 -1.662060942315728869e+06 -1.353425165285587776e+06 -1.018882400780859869e+06 -7.809385650517656468e+05 -5.257436235758350231e+05 -4.311544000849234872e+05 -4.229110889270668849e+05 -3.174421385335177183e+05 -2.391797860112264752e+05 -2.396227527083829045e+05 -1.976432186755109578e+05 -1.482260864507416263e+05 -2.757425444084219635e+04 2.085722638995507732e+05 5.479147045721751638e+05 1.353378062212440651e+06 2.457236623331263661e+06 2.811962855266748928e+06 2.085710518505364889e+06 1.110209583461115602e+06 5.163901524496017955e+05 2.942545498549590120e+05 2.397271534250462428e+05 2.102731156934131868e+05
4.798228237207510974e+05 6.323909794481005520e+05 8.693472654238573741e+05 1.230907312152558006e+06 1.703324701821838971e+06 2.410772937826694921e+06 3.006900654513155110e+06 2.523624385978910141e+06 -3.009001777085307986e+05 -4.289180927120031789e+06 -5.024811641799461097e+06 -2.421643023776127957e+06 -5.329994724245623220e+05 -1.803303491327096126e+05 -2.986039397685088916e+05 -4.767201757477600477e+05 -5.172041409611123381e+05 -5.290235832965115551e+05 -5.875545492389935534e+05 -5.353694922127759783e+05 -3.719116029259746429e+05 -1.937783423729704227e+05 1.246490099449877162e+05 6.645374299510135315e+05 1.091712959081924055e+06 1.156298688258975511e+06 9.871133337289202027e+05 6.920598695689125452e+05 3.812956856316309422e+05 2.445959297343506478e+05 1.802055631022086600e+05 6.905850930575933307e+04 1.784680941491387784e+04 5.457090205512917601e+04 5.118585998221533373e+04 1.476606562326173298e+04 2.433401251473696902e+04 -8.206817315949592739e+03 -7.933683518785983324e+00 3.967138561769388616e+04 2.490663842734624632e+04 -2.087414277921151370e+04 -2.392834390077041462e+04 -2.458815972786443308e+04 -5.804334181797457859e+04 -1.445043229003180750e+04 2.805853857600595802e+04 5.053097740397718735e+04 9.607137630344321951e+04
-7.408385128491787240e+06 -6.701282537725055590e+06 -4.326213748209994286e+06 -5.981062962624123320e+05 1.224048078347986564e+06 1.540815730149334297e+06 1.866244139376212377e+06 2.457313267190477345e+06 4.613427560736598447e+06 7.445723672417514026e+06 6.882508625128539279e+06 3.069599488276878372e+06 2.141167409991603345e+05 -9.329443018409069628e+05 -2.972026896125751548e+06 -4.905794362300662324e+06 -3.328842628573772032e+06 -7.899136200896459632e+05 -1.447020046273246408e+05 -1.729795495036523789e+05 -2.069306696823323146e+05 -2.248861874942663126e+05 -1.789387708494910039e+05 -1.816804456175302621e+05 -2.162643186014608946e+05 -2.620941725076406728e+05 -2.704855328955450095e+05 -1.738802200654756743e+05 -1.344062246981775388e+05 -1.915217741584638134e+05 -2.147162533097437117e+05 -1.322215438948476221e+05 -1.051746339129752014e+05 -1.809835586289407220e+05 -1.829047301266107243e+05 -1.410889517597388476e+05 -1.673179848591099726e+05 -1.993928590603176272e+05 -2.281333839602300432e+05 -3.364285475166971446e+05 -4.596759346849297872e+05 -5.382604551763513591e+05 -6.115791832579980837e+05 -5.715046370582424570e+05 -4.164971759868800873e+05 -2.966498067398780258e+05 -2.133694301167269005e+05 -1.877455610770257190e+05 -2.148782549181454815e+05
8.022378946321548894e+06 7.305365176494233310e+06 5.168675048479926772e+06 1.889963570247635944e+06 3.057054911216255277e+05 2.244538031314732507e+05 2.321405816508921562e+05 2.700244952848880785e+05 2.964001029002248542e+05 3.354157097847200930e+05 4.201006896398034878e+05 4.480313076212774031e+05 4.374327909620476421e+05 5.500413979729635175e+05 2.151776444149435498e+06 3.766921598666815553e+06 1.951512649830551818e+06 -6.513610272837104276e+05 -1.296213396801031195e+06 -1.281027828848455101e+06 -1.194056947122442070e+06 -1.091167946123749949e+06 -1.002690989599797875e+06 -8.857651572104082443e+05 -8.396305635274613742e+05 -7.284661921171937138e+05 -6.570876396476521622e+05 -6.352187098795558559e+05 -5.166625999385726172e+05 -4.948318842262960970e+05 -4.778259238466853858e+05 -3.933185507485182025e+05 -3.644950423610876314e+05 -3.245604417205323116e+05 -2.871611876401584013e+05 -2.821731821802676423e+05 -1.942936678731344291e+05 -1.129387181362838019e+05 -6.718396055046480615e+04 8.564400255738268606e+04 2.589194032369424240e+05 3.620696312875956064e+05 3.942051775765128550e+05 3.903012090350973886e+05 3.163309257966478472e+05 1.352420704282118240e+05 3.088639472087379545e+04 5.505731638579111313e+04 1.008700378629136831e+05
8.849351549701527692e+05 8.003282678133110749e+05 7.201917523314475548e+05 6.854269740200833185e+05 6.838797361886827275e+05 7.209363304491852177e+05 6.887271969061108539e+05 5.684556740924022160e+05 5.544395920244278386e+05 5.138624198216709774e+05 3.626263385178754106e+05 2.330117851053369232e+05 1.440455521689727902e+05 -1.607951066165696830e+04 -1.751437624375103042e+05 -2.746721439214893617e+05 -3.925048980116848834e+05 -4.438314705796071794e+05 -5.404328065545994323e+05 -5.665228528040458914e+05 -4.822831833630325273e+05 -4.983368378959129332e+05 -4.508425427746268688e+05 -3.366947058838561643e+05 -2.929967193520858418e+05 -2.996548645698928740e+05 -2.307563936628862575e+05 -9.542842608178051887e+04 -5.632544550229789456e+04 -3.731176000612301868e+04 1.585006856126703497e+04 5.961264360055826546e+04 8.610211051243857946e+04 8.576737968192895642e+04 1.205625741387485759e+05 1.612300629424861399e+05 2.087846036680276738e+05 2.113840796641311026e+05 1.415470954618650721e+05 1.430234136874784017e+05 2.040956647729040124e+05 1.964817231532658916e+05 1.181938424613323295e+05 1.155674574186564423e+05 1.532955973467326257e+05 1.203006045491199475e+05 9.121574485034216195e+04 7.952661455143243074e+04 5.165452224202360958e+04
8.405625428725031670e+05 8.342499267566017807e+05 7.138561024790399242e+05 4.810643590852848720e+05 2.819674294663127512e+05 1.220394938095705584e+05 -2.785958258609753102e+04 -1.471087230904963799e+05 -1.600246680603595451e+05 -1.599756674538366497e+05 -2.307016172877047211e+05 -2.410820854909252375e+05 -1.329553518845930230e+05 -5.707868844212498516e+04 -5.939792451681569219e+04 -2.956072813831036910e+03 -4.071763759129680693e+03 -1.765603269042912871e+04 9.010057279374450445e+02 -6.582452060014475137e+04 -6.167954702395922504e+04 -4.099613804835826159e+04 -1.113857507088689599e+05 -1.536239769303938374e+05 -1.113336879998676013e+05 -1.191412994178242516e+05 -2.048340504994848743e+05 -1.850520484452138189e+05 -1.079164223890984431e+05 -1.269797402876429260e+05 -1.497758153418544680e+05 -1.052359140687624458e+05 -7.778236609767214395e+04 -7.706846994347870350e+04 -7.896156231348845176e+04 -7.453942908730835188e+04 -6.296420391765423119e+04 -5.949111965310305823e+04 -5.338336465007159859e+04 -5.040720097720611375e+04 -2.486513317387993447e+04 6.832945836940780282e+03 -3.271383180923282634e+04 -3.447855545498884749e+04 3.637134849559632130e+03 -2.860250382975209504e+04 -1.892156083718850277e+04 4.438036247854994144e+04 9.054890219354908913e+04
1.492321608167257626e+06 1.408149444602313451e+06 1.327806183756328654e+06 1.370596377733745379e+06 1.446662936162902042e+06 1.404068009565234883e+06 1.409440284940064419e+06 1.405368050061516464e+06 1.310361952192034107e+06 1.149455788943450898e+06 8.407671328395372257e+05 2.803691820829417557e+05 -5.492261116165900603e+05 -1.406021039672195911e+06 -1.871029458760167006e+06 -1.692487150370143354e+06 -1.183140662193765398e+06 -6.886588191956977826e+05 -3.577151297481029760e+05 -1.910995863709831610e+05 -1.481116173707407434e+05 -2.426151009142633993e+05 -3.500753160926986020e+05 -4.679244941216888838e+05 -6.156066291459138738e+05 -7.355915504536819644e+05 -7.414766886591673829e+05 -7.562566085823359899e+05 -8.285906067892207066e+05 -8.055537480785273947e+05 -7.477610155311411945e+05 -6.613285422825724818e+05 -5.540211665973791387e+05 -5.115532004419942386e+05 -5.097743140946836211e+05 -4.639481770677957684e+05 -3.368127078213728964e+05 -2.568276028207042255e+05 -2.494061549141770229e+05 -2.068410021939775907e+05 -1.413583831011778675e+05 -1.443366059655090794e+05 -1.450759295286843553e+05 -7.146666820743074641e+04 -3.266282471944577992e+04 9.473443203023634851e+03 5.731744660239247605e+04 8.454046846891194582e+04 1.309870712127275765e+05
-1.161230644656170346e+07 -8.648499744601432234e+06 -4.704381060732412152e+06 -1.105873298675868660e+06 2.223782444611424580e+05 4.177660046453820542e+05 5.050545951043020468e+05 6.224789140839134343e+05 7.273014104564210866e+05 9.217548209649972850e+05 1.201715263574734330e+06 1.655519420388736995e+06 2.302049248211550526e+06 3.030569424133281223e+06 3.404651778236146085e+06 3.059821277801530436e+06 2.233767251816462725e+06 1.282977522566797212e+06 5.618450336827673018e+05 -8.888922798795625567e+03 -6.984164918283894658e+05 -1.328174094295827672e+06 -1.737019453527758829e+06 -1.887090616266941652e+06 -1.685000312894115224e+06 -1.267105876915738918e+06 -8.153319928288673982e+05 -5.271508197730882093e+05 -6.765678195864888839e+05 -1.032730280613177922e+06 -1.238542689025633968e+06 -1.225670977716801455e+06 -1.040722691660634708e+06 -8.084189728792990791e+05 -5.805148513749000849e+05 -4.218131971673575463e+05 -3.334618491423312225e+05 -2.941595846920977929e+05 -2.525455056328793580e+05 -2.476332784828257281e+05 -2.918672385875839973e+05 -2.555104457889691694e+05 -2.551552685251219664e+05 -3.293543357501047431e+05 -3.653840545815189253e+05 -3.234567390952716814e+05 -3.438631915964662330e+05 -4.578737854131010827e+05 -5.553437848656810820e+05
1.146804886250872724e+07 8.570487099239835516e+06 4.621525885562296957e+06 9.519337821711078286e+05 -3.781538565311348066e+05 -5.753356187790622935e+05 -6.067401123302988708e+05 -6.071347164950566366e+05 -5.805951823311625049e+05 -5.805562531325267628e+05 -5.711881743033886887e+05 -4.649533650162625127e+05 -4.741244244878180325e+05 -5.131645669694989920e+05 -3.990218994877063669e+05 -3.414363225153647363e+05 -3.393720510276039131e+05 -2.732629999623168260e+05 -1.759430115547729656e+05 2.687492453900631517e+04 2.974444651469816454e+05 4.687057934922631830e+05 3.967520781507492065e+05 4.668661383620975539e+04 -3.694448404823206365e+05 -6.044067385338712484e+05 -5.357100732420790009e+05 -2.492838203319120221e+05 1.664483186346464790e+05 7.113409980962760746e+05 1.061121367767917924e+06 9.483761545980810188e+05 5.952507085265857168e+05 2.184560268127834424e+05 -2.323224951908932999e+05 -7.839432793151340447e+05 -1.214416132547776215e+06 -1.467206133384027286e+06 -1.604081780695705209e+06 -1.554192849427341018e+06 -1.331764755226323381e+06 -9.941086603194741765e+05 -6.587173611839517253e+05 -4.373131175048184814e+05 -2.902944274724007118e+05 -1.397659833420764189e+05 -5.180632946547097526e+04 -5.745226764294714667e+04 -8.308855856361286715e+04
-3.242670721304601058e+06 -3.557439529190305620e+06 -3.559271906705106609e+06 -2.742066885882521980e+06 -1.463808654380845837e+06 -4.950077752617653459e+05 -2.053582364402245730e+04 2.522889105021026917e+05 4.352124262263532728e+05 4.360007189563473221e+05 4.849050969287061598e+05 5.909353093424581457e+05 5.426183874515115749e+05 5.032637107104527531e+05 6.158607997320357244e+05 6.717454862257003551e+05 6.721812593494545436e+05 7.359547895181456115e+05 8.304423360730286222e+05 9.150454613147301134e+05 1.029041979021274834e+06 1.273569917819113936e+06 1.579477995110212825e+06 1.833184153672772460e+06 1.826863668280420359e+06 1.277562525625690818e+06 4.268704528646757826e+05 -3.136614175798613578e+05 -9.549818350136028603e+05 -1.384194596977322362e+06 -1.512332108964328188e+06 -1.535144567904647905e+06 -1.386227948864694452e+06 -1.077642790406826418e+06 -7.368344617634997703e+05 -3.543171915359569248e+05 3.002237919136043638e+04 3.620678116282219999e+05 3.620126392174281646e+05 -4.278461934532946907e+04 -5.291155732877114788e+05 -8.211038695351461647e+05 -8.904284152860029135e+05 -8.146001689665726153e+05 -5.567919020849538501e+05 -3.321167385589787737e+05 -2.789941916556566721e+05 -2.467854649218495470e+05 -1.988379587727785110e+05
3.831982049589276314e+06 3.903901390082901344e+06 3.746128383017493412e+06 2.935585482174646109e+06 1.734332342577399686e+06 8.427220715867583640e+05 3.469058272946858779e+05 3.738306359329726547e+04 -1.295721908641280606e+05 -2.077526402741204947e+05 -3.901217633072519675e+05 -6.686115994700235315e+05 -1.022002011931617279e+06 -1.516991568531374913e+06 -1.745191347330109682e+06 -1.530862766167265596e+06 -1.141584436232225271e+06 -7.668844328890552279e+05 -5.152253319940062356e+05 -3.506075691664590267e+05 -2.329638535715637845e+05 -1.743302181159377214e+05 -1.285449768154651392e+05 -9.448933390493027400e+04 -1.277177435375052737e+05 -9.654136740486160852e+04 8.376713742036488838e+03 2.820090096502110828e+04 -9.691106161335366778e+03 9.395732487319153734e+03 1.000019044941290049e+05 1.441795371146873804e+05 9.809369184484274592e+04 1.374116198654517066e+05 2.111848618008660269e+05 2.169715927186187473e+05 3.011454991786742467e+05 4.461790700437276391e+05 6.296395355887936894e+05 9.234763869852733333e+05 1.167265198167299386e+06 1.195249776159182889e+06 1.039497268427509582e+06 7.005644745280724019e+05 3.278059334476729855e+05 7.248182412644336000e+04 -1.312209273857311346e+05 -3.172259337012632750e+05 -4.872014165483321995e+05
1.162442340166306822e+05 1.876539181382395327e+05 2.230933027347782627e+05 1.486069215758469654e+05 3.261386043275706470e+04 -6.127347963047213852e+03 -3.626395938510540873e+04 -1.120263453165536048e+05 -1.231393692403801251e+05 -4.646381552971433848e+04 7.910141085390956141e+04 2.990233165660173399e+05 6.331476580118759302e+05 1.052438088213675190e+06 1.275968568242387380e+06 9.848431107681249268e+05 4.123850303574008867e+05 -5.666540503094438463e+04 -4.546573968906882219e+05 -7.849534883041633293e+05 -8.945071299548707902e+05 -7.588230477407330181e+05 -4.469848624931192026e+05 -1.481966644292701967e+05 8.212158957321709022e+04 4.128046168241403066e+05 7.773741573141892441e+05 9.425257387419715524e+05 1.048554625913965516e+06 1.135797660925890785e+06 1.031848281009006314e+06 8.081541733531048521e+05 4.972386358951944858e+05 1.252866356255263090e+05 -2.829130114440340549e+05 -6.436815320583982393e+05 -9.608189909229991026e+05 -1.216006318183501251e+06 -1.355746984524302185e+06 -1.454082328964719083e+06 -1.378297768780614017e+06 -1.259048578966178466e+06 -1.178993455999294762e+06 -1.029912810311653884e+06 -8.828045238473007921e+05 -7.312833999621196417e+05 -6.017826568725290708e+05 -5.301514995913011953e+05 -4.810482989763738587e+05
6.055802615405987017e+05 5.993627234455198050e+05 5.566887766530276276e+05 4.041901277413126081e+05 5.797591925074812025e+04 -7.841150128340814263e+05 -2.151075487851047888e+06 -2.758217334332877304e+06 -1.887141792284676572e+06 -8.540791923517824616e+05 -3.836095051671144902e+05 -1.249546368309532991e+05 1.873828228272031993e+04 9.642221284040703904e+04 2.462910664413357154e+05 4.924711765570106218e+05 6.852096300025007222e+05 9.014224678289607400e+05 1.184538836334831547e+06 1.341961909838136751e+06 1.375954984620328294e+06 1.313430382874211762e+06 1.125405800013688393e+06 8.135225289501254447e+05 4.743755090923514217e+05 2.762343772087479010e+05 7.777672231371980160e+04 -1.291249463462745771e+05 -2.049760749330748804e+05 -2.603908928111190908e+05 -3.192947120463941246e+05 -3.117581173253715970e+05 -2.071340105647696182e+05 -1.293175928806890734e+05 -5.480816834431560710e+04 9.993164869025256485e+04 2.558896646928046830e+05 3.955643075401904061e+05 4.275709946354613639e+05 3.541425951750706881e+05 2.368307075655311346e+05 9.148744880163576454e+04 -9.080384570697788149e+04 -3.113394166214875877e+05 -4.955412813357538544e+05 -8.151921849901536480e+05 -1.437063020467763767e+06 -2.041536931484579109e+06 -2.490131439561329782e+06
6.375505316664928105e+05 5.563174980913752224e+05 5.539542596897806507e+05 6.718461311428108020e+05 9.016356712538981810e+05 1.627611201058025006e+06 2.856224729322711006e+06 3.311471330562491436e+06 2.378456156448813621e+06 1.265907145420787390e+06 7.010206767602358013e+05 4.598017647699462250e+05 4.092343210789840668e+05 3.318321853061206639e+05 2.506355620553949848e+05 2.285087479656795040e+05 1.172174490138422698e+05 -6.719186272821389139e+03 -1.002672496088780463e+05 -2.796277330035809427e+05 -4.296320057514803484e+05 -5.609878246882008389e+05 -8.525301516585759819e+05 -1.228320941066483967e+06 -1.592185296549578197e+06 -1.852573901810682379e+06 -1.853501955981481588e+06 -1.530219347472305410e+06 -1.079689602114377310e+06 -7.225362915295399725e+05 -4.458821421448378242e+05 -2.524546341056701203e+05 -1.469678283156834659e+05 -6.858992592373411753e+04 -2.979456608358304948e+04 1.560292844776975107e+04 6.244143092597369105e+04 5.693511113582656253e+04 5.486808580404607346e+04 5.831681560841372993e+04 9.027918472245846351e+04 1.291355763981120544e+05 1.285911403992209816e+05 8.784275597718062636e+04 1.531557418237201346e+05 4.035218090412662132e+05 8.120340248849279014e+05 1.271263318926205393e+06 1.673216243329781108e+06
7.811840452637983253e+05 7.001767029508483829e+05 6.973324777249942999e+05 8.900209486688253237e+05 1.118237562468857504e+06 1.269955697849509073e+06 1.466477943571516545e+06 1.655630824919209117e+06 1.717284104817664251e+06 1.711636522741172463e+06 1.641527637360851280e+06 1.474707041911898181e+06 1.232069459856137633e+06 8.880265948228761554e+05 4.658081058523384854e+05 -1.965718168002795428e+05 -1.356297681772265583e+06 -2.860195705663062166e+06 -3.728968167034908198e+06 -3.109329606459940784e+06 -1.641636161490458762e+06 -5.357308761624135077e+05 1.062511005095441360e+05 6.222105040104349609e+05 9.959896451415264746e+05 1.245491266149327857e+06 1.268288135599577101e+06 9.843021996534680948e+05 4.976512335543530062e+05 7.085869293136009946e+04 -1.000871375581487082e+05 -2.404250211233752780e+05 -3.926658111147126183e+05 -3.869216877408325672e+05 -3.831135068793082610e+05 -4.089525732607580721e+05 -3.971939390921031591e+05 -3.291861867823179346e+05 -2.941029241459907498e+05 -3.253271953796492890e+05 -2.905918039608518593e+05 -2.846142513153608888e+05 -2.466759522078784648e+05 -1.776851750141943339e+05 -1.834197459794813767e+05 -1.827679326705397107e+05 -1.277246647933496861e+05 -2.170165019051742274e+04 9.701053244702098891e+04
-2.542473180656088516e+05 -1.083177524252096191e+05 1.559910448268055916e+03 3.636427462915889919e+03 -3.331189732649363577e+04 -3.215159325802233070e+04 1.389167528075631708e+04 1.679425530717696529e+04 -3.021472003892995417e+04 7.102194670587778091e+03 5.725345115992252249e+04 8.688248348946229089e+04 1.531888492754659965e+05 2.307156658620805247e+05 4.157040228962430847e+05 9.578896365669802763e+05 1.934781385244568577e+06 3.193374881804337725e+06 3.875747372077311389e+06 3.047478985396445263e+06 1.466302319927491248e+06 2.833767943526608869e+05 -4.570144874643310905e+05 -9.069402442267164588e+05 -1.195590661206515506e+06 -1.418379405772429891e+06 -1.457814885678234510e+06 -1.359668246317889541e+06 -1.170821032366948668e+06 -9.257432700513154268e+05 -7.608869896450773813e+05 -6.412549324962317478e+05 -4.976968999236144591e+05 -4.176597922912333161e+05 -3.768196331750364043e+05 -3.292514782410582993e+05 -3.906753767671762034e+05 -4.326355172059274046e+05 -4.340639739547620411e+05 -4.999011271906770417e+05 -6.425469513004666660e+05 -7.770336134487309027e+05 -8.072849642351480434e+05 -8.782819182524710195e+05 -9.161125576129436959e+05 -8.043952704098753165e+05 -6.026762224006231409e+05 -4.228075997898122296e+05 -3.029000084340730682e+05
-4.037727591581642628e+04 -4.515162031399086118e+04 -8.601952142606023699e+04 -1.217390607966807438e+05 -8.334317458211444318e+04 -8.180576495768048335e+04 -7.388546718633733690e+04 -3.296475430484861135e+04 -4.134247220354143064e+04 -4.784066495485603809e+03 8.520630551502108574e+03 -3.560350643121637404e+04 3.046280648908577859e+04 1.084167345130117610e+05 6.904767650761641562e+04 8.659260010579612572e+04 2.038793724158313125e+05 2.709046202612807392e+05 3.277079648827201454e+05 4.084865368512690184e+05 4.796766297973218607e+05 6.051239769480891991e+05 6.459564852144115139e+05 6.384734510193807073e+05 7.142730057530570775e+05 5.960275817004735582e+05 3.281130310916337185e+05 8.776551376096927561e+04 -3.158815231110190507e+05 -6.966963330074213445e+05 -8.621884757099902490e+05 -9.610084129829213489e+05 -1.033980951530979248e+06 -1.024003379222121788e+06 -9.073621770698803011e+05 -7.484418141632340848e+05 -5.550328026904021390e+05 -4.157440899393993896e+05 -3.093889227323236410e+05 -1.593771568709046114e+05 2.020420186221715994e+04 2.415372937405477278e+05 3.851055297919074073e+05 4.502822715841478202e+05 4.763656471244764980e+05 4.021769415290317265e+05 3.127511715062431758e+05 3.107450092653732281e+05 3.570795151567952707e+05
-3.819016489642669912e+05 -3.129098346456885338e+05 -2.432017855567390216e+05 -2.423857385909649311e+05 -2.781626386370044202e+05 -2.397548264876240864e+05 -1.957278762944042101e+05 -1.916599152237178059e+05 -2.360986520536244207e+05 -2.740467166510642855e+05 -1.865031814802204608e+05 -1.554793361562769278e+05 -2.367957192956236540e+05 -2.688616755849214969e+05 -2.338511901022865204e+05 -1.431616604170993669e+05 -1.360927795898169279e+05 -1.781727910740299849e+05 -1.579573350015560864e+05 -1.514664815773721784e+05 -1.540719075099332258e+05 -1.387886161950880196e+05 -1.327233081968736369e+05 -1.367698939208639786e+05 -1.669700248166921083e+05 -1.701489850744837895e+05 -1.403395538387123961e+05 -8.556868206360377371e+04 -1.249518041789997369e+04 -6.350281970400875434e+04 -8.552292578911874443e+04 -5.788409266969887540e+03 2.721254177158698440e+04 3.343831486825365573e+04 3.755157817970030010e+04 1.211283385055162944e+04 2.076112680835672654e+04 8.338781656057108194e+04 1.141464000509586185e+05 8.267719344177725725e+04 1.152230534818954766e+04 5.470145084604085423e+04 9.230583992612059228e+04 5.187774688645754941e+04 4.364566730277147144e+04 7.118568484438583255e+03 2.721832577372016385e+04 6.271534584870119579e+04 3.894878404971398413e+04
-5.672902807983335806e+05 -4.249327393533894792e+05 -3.554461624310350744e+05 -4.281436797342030331e+05 -5.003246363362995908e+05 -4.617632143379886402e+05 -4.912055540381696192e+05 -5.968477912968959427e+05 -5.671071032813057536e+05 -5.311675380310041364e+05 -5.166744260687846690e+05 -3.749677378038181923e+05 -3.088203810492993798e+05 -2.670805755513720214e+05 -1.219064333697315305e+05 -6.792518138885451481e+04 -2.406821197131648660e+04 4.400785066420212388e+04 1.006526572373695672e+05 1.800170536478981376e+05 2.501154466124710161e+05 3.378596074221420567e+05 4.160847438778735232e+05 5.566899517807171214e+05 7.069100495858582435e+05 8.103260883310572244e+05 9.094514299760338617e+05 9.238483379094412085e+05 8.836453587241701316e+05 7.560371676395873073e+05 4.045789831504233880e+05 -2.045554579328780528e+05 -8.202564192586599384e+05 -1.098821451358380262e+06 -9.463300877978315111e+05 -6.086001382221006788e+05 -3.468029346771066776e+05 -1.762172488181389635e+05 -1.450136641605056357e+05 -1.042362732900070259e+05 4.205255013658083044e+03 -2.280098022252740338e+04 -9.141720783547475003e+04 -6.016094235063041560e+04 -1.034510687808501534e+05 -1.748892261803844012e+05 -1.182449840730985161e+05 -8.194910719641437754e+04 -1.052193715411699377e+05
-2.047801358683500439e+04 -9.804951796017121524e+04 -1.015925113897537813e+05 -2.690362381108570844e+04 4.840716415026690811e+04 1.241313881141836755e+05 2.050457382632885128e+05 2.832303933176447172e+05 3.129973498004258145e+05 2.752117697498761117e+05 2.160374437709106132e+05 2.105317486624701414e+05 1.661439500038975384e+05 6.090199257771018893e+04 2.230205502593889832e+04 -3.403677006193902344e+04 -6.356708091800101101e+04 4.336712654912844300e+03 -1.236902914009988308e+04 -4.309183051809668541e+04 -9.776599648175761104e+03 4.810174170997925103e+03 4.680890777788590640e+04 4.242722259426978417e+04 4.823167477385140955e+04 8.109998085536062717e+04 1.100341298576677218e+05 1.998580082471021451e+05 3.078046641056424705e+05 4.726087541499877116e+05 7.370150594419091940e+05 1.172983094996893546e+06 1.632550024863454513e+06 1.703060202260967111e+06 1.232491847754570656e+06 5.557066653796941973e+05 2.379412154434155673e+04 -3.799348535243198276e+05 -6.696336104569486342e+05 -7.688821050873934291e+05 -7.634388656576641370e+05 -7.504738809529240243e+05 -6.734019724227236584e+05 -5.334566215664384654e+05 -4.340254486020431505e+05 -3.983100931922661839e+05 -3.053695062041513156e+05 -1.630252011033013696e+05 -4.547085431113094091e+04
-5.671825163939502090e+04 -6.122526709979865700e+04 -6.521610294468700886e+04 -6.448476359597407281e+04 -6.306103136448655277e+04 -6.125838439154904336e+04 -5.442953931458760053e+04 -4.994504862988844980e+04 -5.699932627903763205e+04 -2.199767675483599305e+04 2.862148147774860263e+04 -1.319229236338275950e+04 -5.736882738594431430e+04 -5.249350134341511875e+04 -1.809579455293715000e+04 3.468242992297746241e+04 5.222594080842216499e+03 -3.630159364896826446e+04 1.934907274611759931e+04 9.693000291939824820e+04 5.635608981712721288e+04 -2.819303259602631442e+03 7.460556855425250251e+04 6.989834564854420023e+04 3.925645953393558739e+04 1.081985496135893045e+05 6.471704901021410478e+04 4.533215650997596094e+04 1.530509783205340209e+05 1.740746789640977513e+05 1.503082079271551920e+05 2.275966036412874237e+05 2.598734864918526728e+05 3.008171087957448326e+05 4.826042934972796356e+05 5.625395169609690784e+05 6.023965297208634438e+05 7.297026571823529666e+05 7.187576213502325118e+05 6.478207627870123833e+05 6.107137801189678721e+05 4.755556981638092548e+05 2.991425813740342855e+05 1.516167588048842736e+05 4.115736047979444265e+02 -1.421544245566474274e+05 -3.297297151060793549e+05 -5.715655664046029560e+05 -8.031292461050776765e+05
2.655480096914106980e+05 1.878688728873385116e+05 7.394059379177680239e+04 -3.556772361567756161e+04 -7.124802002275828272e+04 -1.064675420231651515e+05 -2.096167880279244855e+05 -2.778581950702941976e+05 -2.846798040531580336e+05 -3.229470997262976598e+05 -3.809625913912896067e+05 -4.575700635480461642e+05 -5.005730096262411680e+05 -4.585459574364356231e+05 -4.599789579771457938e+05 -5.159717073349751299e+05 -5.080072152847428224e+05 -5.114939263544509304e+05 -4.922825197939526406e+05 -4.879456221539292601e+05 -5.644114878459358588e+05 -5.512840100756145548e+05 -5.455779841676130891e+05 -5.486635280161860865e+05 -5.049538472713902593e+05 -4.340813812031410635e+05 -3.319166914507511538e+05 -2.427600317436738405e+05 -1.700501949468159582e+05 -1.824700721161211841e+05 -9.807365228829439729e+04 1.572355836455244571e+04 -5.649098645139019936e+04 -4.876953306200448424e+04 6.385410421586129814e+04 7.534845288610085845e+04 8.211624970426829532e+04 6.992010110814590007e+04 -7.948485397500451654e+03 -2.607780346879735589e+03 3.673669996147556230e+04 4.777763777645258233e+04 1.607941931346431375e+04 -2.364482746925204992e+04 -6.799349460517987609e+04 -6.975634779199026525e+04 9.154707725509209558e+04 1.974099819530965760e+05 1.737125044589573517e+05
-2.453941373690029141e+05 -1.775361693114973605e+05 -1.456934264989104122e+05 -1.455894827953306958e+05 -1.080545845761662349e+05 -1.063009256293297512e+05 -1.364928344392682775e+05 -1.316389772907132865e+05 -1.379368889325998025e+05 -1.400492544949519797e+05 -1.976550377660898957e+05 -2.737978092860431643e+05 -2.807015133934327168e+05 -3.109178419382077409e+05 -3.486056915763764409e+05 -4.047780388558753184e+05 -4.688601551757894922e+05 -4.004777143837416079e+05 -3.097461457416646881e+05 -2.701571908209007233e+05 -1.676558390818538610e+05 -1.194220134115288965e+04 6.437161987880244851e+04 6.015520818997174501e+04 6.669890616554766893e+04 1.004515476129017770e+05 9.393210280104517005e+04 3.147632192121818662e+03 -3.215546819963492453e+04 -9.452946565579622984e+03 -3.271594054880528711e+04 -9.743462297716224566e+04 -1.337858367979067843e+05 -9.032464415300637484e+04 -4.855746224813652225e+04 -7.212072139838663861e+04 -6.528243176580872387e+04 -7.177008789149112999e+03 -1.466775131004373543e+04 2.565232830936997198e+04 1.003152546862843446e+05 1.114789607730926946e+05 2.193881692754796240e+05 2.836694539809834678e+05 2.721269769407811109e+05 3.726867316197593464e+05 4.272657022392383660e+05 3.575528163241687580e+05 2.636471105029268656e+05
-7.507297471340275370e+05 -8.266595343372320058e+05 -8.667349710682171863e+05 -8.307679488725259434e+05 -7.572381154779577628e+05 -6.115855800954159349e+05 -4.262761813966790214e+05 -2.413436887419081759e+05 -6.731085949286376126e+04 3.840811237751017325e+04 1.610034053208075929e+05 2.293798432953192387e+05 2.943014069757191464e+05 4.433574689464874100e+05 5.127746349049264099e+05 5.630445336137202103e+05 6.413346085918602766e+05 6.366106456448321696e+05 6.175218133698215242e+05 6.186862659273899626e+05 5.751626561395815806e+05 4.774896678433283814e+05 3.372429857717367122e+05 2.957871375890678028e+05 2.655291846062751720e+05 1.560769623634407762e+05 1.132748347229789943e+05 5.727536142454482615e+04 -4.918376047746278346e+04 -1.678941266209587920e+05 -2.975919551472177263e+05 -4.672932371782389237e+05 -6.422984360769644845e+05 -7.725902288628270617e+05 -7.982906344672660343e+05 -6.783941110159503296e+05 -5.301771099161119200e+05 -3.325978985417174408e+05 -1.305657357577005168e+05 -1.996303142397664487e+04 2.111881747376185376e+04 1.036126926832360914e+05 2.115991585503792157e+05 2.059572123183171498e+05 1.940882553748089122e+05 2.247813177824712475e+05 2.456169323599901982e+05 2.808709581720165443e+05 3.259097609261458274e+05
6.787522657628864981e+05 8.895783510833280161e+05 1.028915390123147285e+06 9.935518167662667111e+05 8.522250539949163795e+05 6.751033686118897749e+05 5.012844853929708479e+05 3.630709899391514482e+05 2.140970844292317051e+05 3.262840446375776082e+04 -6.004548100230749696e+04 -9.902106647321477067e+04 -2.126514599460641621e+05 -3.134322596131822793e+05 -3.863127348484703107e+05 -4.426942511333620059e+05 -5.058446922013537842e+05 -5.086000691988735925e+05 -4.551925009075783310e+05 -4.530358695704488200e+05 -4.238830385135948891e+05 -3.775005403906105785e+05 -3.375949316471822094e+05 -2.699502401368226856e+05 -2.267849147622473538e+05 -1.562444004323333502e+05 -9.079909514228347689e+04 -3.951714182388968766e+04 1.025393869797696825e+05 2.315704664506483823e+05 3.126030474982687738e+05 4.580405907402762678e+05 7.022893562191184610e+05 8.484340174385576975e+05 8.519207203213587636e+05 7.902222144714323804e+05 5.824578628654117929e+05 3.556415784434654051e+05 1.702927889436254045e+05 6.998059814504801761e+04 6.525349441798636690e+03 -1.187541826523371274e+05 -1.486139713646839373e+05 -1.871348022087487625e+05 -2.664519800740530482e+05 -2.683987101813538466e+05 -2.793983424827463459e+05 -2.766991198871980305e+05 -2.305820588214501040e+05
-2.880636717949527083e+05 -1.502170088014099747e+05 -4.805171610612887889e+04 -4.819921294751111418e+04 -4.627810530480928719e+04 -8.661129504907876253e+03 -3.606704059056937695e+03 3.752580290311021963e+04 1.035066701506730751e+05 1.715100026130675687e+05 2.216315001243493462e+05 2.189221333031311224e+05 2.830294195818713633e+05 4.302379404113160563e+05 4.629041923419571249e+05 4.756052979582458502e+05 5.525530650280418340e+05 5.482913166412616847e+05 5.630526439542879816e+05 5.616529046121283900e+05 4.812195140449327882e+05 4.175461474520850461e+05 3.481842546071861871e+05 3.070661136566195637e+05 2.423177481448510662e+05 1.705095747899031267e+05 9.381544101051986217e+04 -3.248597456549806520e+04 -1.366807810164755210e+05 -2.518213258427567780e+05 -3.461739817523625679e+05 -5.137061345158168115e+05 -9.264118483819789253e+05 -1.571207817247484811e+06 -2.248515418276074808e+06 -2.367041283005382866e+06 -1.734966059391733725e+06 -1.022001990792343393e+06 -5.814662200940079056e+05 -3.323509768646899611e+05 -2.186226332886144519e+05 -1.331957561505269259e+05 -9.271644274995196611e+04 -9.662161407351959497e+04 -7.336738935264339671e+04 -7.619282189582008868e+04 -1.214725415990687907e+05 -1.191333027119976468e+05 -7.400090546987578273e+04
2.684568188094976358e+04 9.345005765848327428e+04 1.245230131584684132e+05 1.242926546180387377e+05 1.615347481146454811e+05 1.989285021362592815e+05 2.386811275506623788e+05 2.444984653405845747e+05 2.047780874720775755e+05 2.718517502414759947e+05 3.216677675774555537e+05 2.843085790320766973e+05 2.779062259226337774e+05 2.838567161309765070e+05 2.813354905461891321e+05 2.936466972058409592e+05 3.002957539999625878e+05 2.619446096342289820e+05 2.066181199817219749e+05 1.350907744298456237e+05 9.056575259310193360e+04 -7.168477588566252962e+03 -2.492333979794061743e+05 -4.618890844058473594e+05 -6.623224375688006403e+05 -9.383721282024624525e+05 -1.114881407825159607e+06 -1.132645939364449121e+06 -1.059113238712888910e+06 -8.237722944014230743e+05 -5.004829191224421374e+05 -2.171885107050172519e+05 2.346726302261224482e+05 9.342045309656513855e+05 1.664149536846672185e+06 1.877837165374657838e+06 1.289590238213420380e+06 5.800114140269589843e+05 1.545290741760986857e+05 -1.146495768829479348e+05 -1.734349351585840341e+05 -1.224396629486004822e+05 -1.503487696568476968e+05 -1.202308226586316014e+05 -2.947626575536571909e+04 -3.303341818216710817e+04 -4.468837299791641999e+04 -9.162248934153816663e+03 3.488223307067574933e+04
-6.043550713814325863e+05 -6.773200626985635608e+05 -7.508387376688185614e+05 -8.554923004785086960e+05 -9.227658425754634663e+05 -8.511618888675002381e+05 -6.738791475357718300e+05 -4.939264143543553073e+05 -3.929849375662161037e+05 -2.920622655062470585e+05 -2.072587750339880586e+05 -1.727848046866715886e+05 -7.360671381757128984e+04 2.857314907596446574e+03 1.242271708906628191e+03 1.354732419946277514e+04 2.111051574407564476e+04 8.885665444890037179e+04 2.078692896140273660e+05 2.410293490882031620e+05 3.014473812183118425e+05 4.474642841488821432e+05 5.887244859972281847e+05 7.932343924848819152e+05 1.112081868097302737e+06 1.388378299122558907e+06 1.518826737184426282e+06 1.562738128437779844e+06 1.489893648199504009e+06 1.267819670542375185e+06 9.953708408342213370e+05 7.886438341077887453e+05 5.807284929615012370e+05 3.126924388029146940e+05 4.551879888400388882e+04 -2.164899984147632495e+05 -4.861596404522429220e+05 -8.421333924611113034e+05 -1.224134338042930700e+06 -1.483939297394822817e+06 -1.669351986969708465e+06 -1.746378874513323884e+06 -1.665540612883628346e+06 -1.528253192313715816e+06 -1.332568767883352702e+06 -1.129828969172082376e+06 -9.021548914152663201e+05 -6.294819776894291863e+05 -3.830896356637738645e+05
4.322402373503425624e+05 4.981823440094010439e+05 5.290821108710949775e+05 5.635421863448573276e+05 6.352120623696828261e+05 6.030505242530488176e+05 4.337347641139056068e+05 2.671920622390462086e+05 1.602324883197435993e+05 8.740711027872742852e+04 3.329856432101220707e+04 -3.597096512326961965e+04 -7.552612871280868421e+04 -3.409986535145435482e+04 -1.431689517921768129e+03 -2.457834384869792848e+04 1.701339356019150000e+04 8.418285351595835527e+04 9.754386346670796047e+04 9.430128956912082504e+04 8.389550000370932685e+04 1.235721437045141356e+05 1.250316247669982258e+05 1.216152143664656323e+05 1.294734275143126433e+05 9.683833311835766654e+04 9.235487065219783108e+04 7.079863107181168743e+04 7.233790406433382304e+04 6.368726243090332719e+04 2.680468243197654374e+03 -2.744058738579053897e+04 9.627104076789633837e+03 5.345365142798976740e+04 2.821217863704066258e+04 3.986271572997776093e+04 7.555232124170282623e+04 2.346077154506935040e+04 1.135137702629418345e+04 1.808055954170407495e+04 -7.087210534256952815e+04 -1.871999322471672785e+05 -2.471651864750304085e+05 -2.499096756690418697e+05 -2.273435704351874301e+05 -1.633905325247901783e+05 -1.407063621346610016e+05 -1.394873405440011993e+05 -9.668952152773016132e+04
2.235772976832230343e+05 1.512851923127890332e+05 1.128461452352347551e+05 1.467200098966715159e+05 1.489723603031598032e+05 1.168429303163429722e+05 1.891381242766510113e+05 2.645743339892944787e+05 2.272042711928954814e+05 2.233395272411871119e+05 2.382531140145147801e+05 2.038477291387972655e+05 2.331991333124459779e+05 2.055008101300335547e+05 1.346071937313535891e+05 1.453198946645717369e+05 1.520986652607099386e+05 1.502090571640291600e+05 9.418244119791773846e+04 5.580878365028183907e+04 7.918324033147655427e+04 4.935078001639328431e+04 5.035777642333414406e+04 4.718263546004903037e+04 2.096728759934206028e+04 2.327184493595268577e+04 1.917831237951770891e+04 3.153285774227697402e+04 -5.832260049645556137e+02 -7.654356051818479318e+04 -1.035055022675078362e+05 -9.943931531102885492e+04 -1.633969489118320053e+05 -2.544472628185756039e+05 -3.120719400484813377e+05 -2.993574700277532102e+05 -2.631575201463419362e+05 -2.468022314162230759e+05 -8.974874252628123213e+04 1.195457439526213857e+05 3.003396811487633968e+05 4.858607805753129069e+05 5.246938448189742630e+05 4.523334372788671753e+05 2.717172533756839111e+05 3.297946096456144005e+04 -7.877774396794883069e+04 -1.780439441697654547e+05 -3.361193280667020008e+05
-1.648181669006589800e+05 -3.298506379942409694e+04 3.034332026669289917e+04 -3.871505143470130861e+04 -1.045017349702538922e+05 -1.699903971276944503e+05 -3.700681210902980529e+05 -6.991680058132638223e+05 -1.237429297689814121e+06 -2.012790489933685400e+06 -2.600001555898926686e+06 -2.494281622658601962e+06 -1.824422010804409394e+06 -1.111469463677494321e+06 -6.764499416237229016e+05 -4.997746430855479557e+05 -3.589355463680112734e+05 -2.251571975287515670e+05 -2.150259389844723046e+05 -2.211490516475168988e+05 -2.324179921299219131e+05 -2.631031169195193797e+05 -2.954043440532409586e+05 -3.297951041063056327e+05 -3.532676575920782052e+05 -3.815819877159078605e+05 -3.495930920005780645e+05 -3.369820862583583221e+05 -2.658016018260973506e+05 -6.932412627968005836e+04 7.147306332481093705e+04 1.428235546557707712e+05 2.826506336493180133e+05 5.285963618074301630e+05 7.730247415771014057e+05 9.515996913739941083e+05 1.051574008648749441e+06 1.131716691865587840e+06 1.250829560341661796e+06 1.221998336489192676e+06 1.066259700631491374e+06 9.824686252442207187e+05 8.202852760127257789e+05 5.817599670245546149e+05 4.019067065336288651e+05 1.976250144356156234e+05 -4.653258362028375268e+04 -2.122352122882131953e+05 -3.036014358611959033e+05
-2.261263621528631775e+05 -2.291251001693308353e+05 -2.328816350764826930e+05 -2.674097145098493784e+05 -3.323230227740714327e+05 -3.300861594011075213e+05 -2.274239242362090736e+05 -1.890980442753032548e+04 3.154518516187087516e+05 7.468556302221256774e+05 7.611392097768838285e+05 -2.091196792619288317e+05 -1.419112413773545530e+06 -1.780038064019754063e+06 -1.345558649803278502e+06 -8.342177497048396617e+05 -5.597359261394019704e+05 -4.262689458701061085e+05 -3.494963548629311845e+05 -2.553642438125098124e+05 -1.996826199936913326e+05 -1.635213365091476589e+05 -6.174386631988501176e+04 3.813846844597719610e+04 1.487565875827567652e+05 2.880506955628516153e+05 3.531317614624276757e+05 3.648108046996644698e+05 3.681460522842826322e+05 3.959444788325340487e+05 4.344235301169101149e+05 4.039236951386560686e+05 4.087363057857155800e+05 4.524988844612380490e+05 4.616988041438162327e+05 5.055624792515296722e+05 5.380390516744225752e+05 5.513910661271085264e+05 6.040083395846881904e+05 6.765613463416211307e+05 7.564176423422775697e+05 8.072587273042893503e+05 9.114129545143780997e+05 1.070985747808592860e+06 1.088631329907223349e+06 1.080454324401795398e+06 1.130169562726516277e+06 1.092919232693964615e+06 9.986930818855576217e+05
-6.024009856919292361e+04 -1.299303739628521726e+05 -1.335513319168239832e+05 -3.421557605150155723e+04 3.495113959244918078e+04 7.078599700995255262e+04 1.396589962916914374e+05 2.475008389778668061e+05 4.476541157456813380e+05 7.446033007197543047e+05 1.294918643060956616e+06 2.100333755834727082e+06 2.597248312221489847e+06 2.233551923460908234e+06 1.326138455983017804e+06 5.636242364119971171e+05 1.013773625844628550e+05 -1.330965543614001945e+05 -2.910441204975354485e+05 -4.648361572000426240e+05 -6.428266207152032293e+05 -8.405577244568848982e+05 -1.005428979597056517e+06 -1.104368129505309742e+06 -1.159227317326585297e+06 -1.217810877888113726e+06 -1.217282299515208695e+06 -1.072381085413509980e+06 -9.012293906288684811e+05 -7.716650474065677263e+05 -6.344732923113042489e+05 -4.984450017020571977e+05 -3.918822304694931954e+05 -3.135950401634909213e+05 -2.364991045900387689e+05 -1.918453638273053803e+05 -1.587665664165979251e+05 -1.106226428307127208e+05 -5.637838252063374966e+04 -1.424221186432940885e+04 3.446170564857777208e+03 2.464630303787952289e+04 3.295369892206508666e+04 9.684971539827669039e+04 1.511195521405898035e+05 1.140462910832134075e+05 1.671569940826166421e+05 2.638026162883024663e+05 3.027654038608241826e+05
7.237233316467609257e+04 3.093688574736006558e+03 -6.695661749108671211e+04 -6.809644944558362477e+04 -6.601808499195612967e+04 -1.635246753151295707e+05 -1.954632732109165518e+05 -1.881464309967124136e+05 -2.217059872322716983e+05 -2.264281512156594545e+05 -2.781328838877382805e+05 -3.075069471582539845e+05 -2.768149960349545581e+05 -3.027832493075401289e+05 -3.043015366216421826e+05 -2.969363335019445512e+05 -2.909843758720674086e+05 -2.250783961918203859e+05 -1.844285444571868866e+05 -1.596349914604797959e+05 -1.057321625581244007e+05 2.671838621667167172e+04 1.585750140919120749e+05 2.238384043029507156e+05 3.323165711015464622e+05 3.709487782424548641e+05 2.373390612448560423e+05 1.153486951923698361e+05 5.361924488854143419e+04 -4.876891939609804103e+04 -2.098969536047656729e+05 -3.055276566144317039e+05 -2.978959758504073252e+05 -3.184007838612886262e+05 -3.072405879909635987e+05 -2.631352537753990619e+05 -2.634818932035705075e+05 -2.483372528507610550e+05 -2.271411280165191274e+05 -2.173479286557987798e+05 -1.982450454548236448e+05 -1.436763615120439790e+05 -6.948806540807685815e+04 -3.763317458098754287e+04 -4.828397584729827940e+04 -8.457920625456585549e+04 -3.220942733925720677e+04 9.513328084139968269e+04 1.978434775106105953e+05
-2.255698535213011783e+05 -2.281404995667980984e+05 -2.314246017741969554e+05 -2.324485284008550225e+05 -2.632105120969936252e+05 -2.611920823500258266e+05 -2.275535001157549268e+05 -2.530018192069839570e+05 -2.528662834304852586e+05 -1.921733267739181756e+05 -1.451920113503002212e+05 -1.408121694333385676e+05 -1.100456097861751914e+05 -7.041771971911651781e+04 -1.048678518913220032e+05 -6.570655110757797956e+04 5.345241698087309487e+03 -2.770017440372612327e+04 1.116047466988675296e+04 6.744382902514189482e+04 5.497496942349220626e+04 5.410900002287223469e+04 8.609261178760806797e+04 1.514020733901995700e+05 1.611953581270061550e+05 1.350802951859077730e+05 1.670823088561884069e+05 2.092407594976252003e+05 1.812083720229566970e+05 8.043227931600963348e+04 4.980730929877592280e+04 1.946468392503394716e+04 -1.356327521830099868e+05 -2.536641804472308140e+05 -3.725979395268953522e+05 -4.918490751355418470e+05 -5.897370367444821168e+05 -6.712347413704277715e+05 -6.817937831423474709e+05 -6.382805095094938297e+05 -5.201028296630829573e+05 -4.326015920122163370e+05 -3.583273566572451964e+05 -2.608008332445751876e+05 -2.383326017518998124e+05 -2.095242003089510836e+05 -1.581239223468583077e+05 -1.944784386607343331e+05 -2.874575070978570729e+05
2.015805136045672989e+05 1.333463582227705047e+05 6.437528752139769495e+04 9.599546860088597168e+04 1.962890857842285186e+05 1.980676935985684395e+05 1.657216950214933022e+05 2.056335479707924533e+05 2.383450514503057348e+05 2.002331762254469795e+05 2.139459727192298742e+05 2.836538230971201556e+05 2.486692934890742181e+05 2.223339265218237415e+05 2.530887368379626423e+05 1.933303454384440556e+05 1.655136562557891011e+05 1.649151704856194556e+05 1.370741620211629197e+05 1.267465639166766778e+05 1.592406349373096600e+04 -3.116988186095850542e+05 -1.191282576730011264e+06 -2.295840096571479924e+06 -2.185747549015792552e+06 -1.037896420758335968e+06 -3.214091296307737939e+05 -8.399313619360327721e+04 5.165860448963940144e+04 8.240934956644196063e+04 8.418131201295205392e+04 1.513168829248764087e+05 2.569194265035917051e+05 3.336739797954214737e+05 4.735942997696110979e+05 5.800062315684042405e+05 6.098590568575307261e+05 5.914405761822138447e+05 5.139541627495782450e+05 4.584396024758449057e+05 3.488642429502213490e+05 2.410704302456002915e+05 1.209202883305258001e+05 -7.408436498372117057e+03 -4.887192420836060774e+04 -1.483214496361320489e+05 -2.261103579954946181e+05 -1.666622247960190289e+05 -6.700191464798664674e+04
-2.885591517243302660e+05 -1.609990378638030961e+05 -9.908392595883924514e+04 -1.327033734222641215e+05 -1.308830261713592336e+05 -1.291225136932915775e+05 -1.939459619135595858e+05 -2.190993785031605512e+05 -1.860112063970884774e+05 -1.912830978014972061e+05 -2.426333825982874259e+05 -2.050800957158207893e+05 -1.741371115803485736e+05 -1.676670098153408617e+05 -1.043240962253184989e+05 -9.883575919782766141e+04 -6.128171246440638788e+04 3.724951876793056726e+03 8.604401561897248030e+03 6.382750577933620661e+04 1.818817290151484776e+05 4.407976466609402560e+05 1.317969190950391348e+06 2.455380789205661975e+06 2.429981418741514906e+06 1.328913144202671945e+06 5.468844278866883833e+05 3.598557745717703365e+05 2.994930077536259778e+05 2.968542784883175045e+05 2.970320935267955065e+05 2.656459643982816488e+05 2.733192936482387595e+05 2.524282955564553849e+05 1.978158872306812555e+05 1.740366949170129374e+05 7.520766700443346053e+04 -1.340471727971457876e+05 -4.969324865238731727e+05 -1.284199642783493269e+06 -2.250150274669875856e+06 -2.542732925895257387e+06 -1.825900179932354717e+06 -9.268526534730324056e+05 -5.191133326187281637e+05 -3.302194363722801208e+05 -2.173624092974932864e+05 -2.882522862317252439e+05 -4.464269196864860132e+05
-2.550295384548371658e+05 -1.927081777137938188e+05 -1.310126321873394772e+05 -9.984826290688943118e+04 -6.582610643934458494e+04 3.280542286287527531e+04 9.738140151719562709e+04 1.047567979496670887e+05 1.702878420933845919e+05 1.972757869126506848e+05 2.106810401118129957e+05 3.131093593133847462e+05 3.118694445973959519e+05 2.534777101542567252e+05 3.163849019352345495e+05 3.534482162137284759e+05 2.610044586332517792e+05 2.606586887972661061e+05 2.961926328879779903e+05 1.882871210621669015e+05 1.434336240740956273e+05 1.084081598313056747e+05 9.994400286232179496e+03 -2.140512091747956583e+04 -4.348530331102671335e+04 -9.975079484516743105e+04 -1.631698910723208101e+05 -1.863880200858696771e+05 -2.120379286824025039e+05 -2.444697148201520613e+05 -2.436938485695280833e+05 -2.414926640572961187e+05 -2.318109325517444522e+05 -2.190310516394674196e+05 -1.760703653329981607e+05 -1.349308158620259492e+05 -7.269904472923348658e+04 3.939308670931507368e+04 3.163437065033929539e+05 1.094071216747394530e+06 2.104654720191618428e+06 2.314531067250069696e+06 1.521795333065088606e+06 6.284995284734740853e+05 7.841536041640443727e+04 -1.462690363172437064e+05 -2.555848598765456118e+05 -4.214618469885289669e+05 -5.791256265906747431e+05
-1.574078236188507872e+05 -3.103936587751377374e+04 3.048323779599729460e+04 -2.781910435878671706e+03 3.095398828561883420e+04 6.464425304380722810e+04 3.518557059578597546e+00 7.316932923277025111e+03 7.269221132853999734e+04 6.722854114952497184e+04 4.815892997081391513e+04 8.614001323294360191e+04 1.173983199906069785e+05 1.234674529149197042e+05 1.218009394261753187e+05 1.582392338878709706e+05 2.267847535345937940e+05 2.265743760351323581e+05 1.968395148630951880e+05 2.497416054958010791e+05 3.016841327928700484e+05 2.983666361088397680e+05 3.284640325570950517e+05 3.614365459844701691e+05 3.710954334831330925e+05 4.109833557583619840e+05 4.115186807315327460e+05 3.551268306031129323e+05 2.970900060451824684e+05 2.325854136724956334e+05 1.998426995164481923e+05 1.691566512972346973e+05 1.148325007257524412e+05 6.343370148097164929e+04 -2.173419676430081017e+04 -7.732208397181262262e+04 -7.936920297215692699e+04 -1.575763154181188438e+05 -2.307449386513326317e+05 -1.865032950887684710e+05 -1.942386884131708648e+05 -2.666641624923797790e+05 -2.246514523623040877e+05 -2.202805702056511072e+05 -2.897773908474487253e+05 -2.597722571773913223e+05 -2.754712362232394516e+05 -3.479660136683366727e+05 -3.800676933058928698e+05
-2.849554285465269641e+04 -1.569520350027596869e+05 -2.540874581452225393e+05 -2.234215341694652161e+05 -1.589036282838787884e+05 -1.577098595694405958e+05 -1.587318537262034952e+05 -1.515806262847036705e+05 -1.182571111014112830e+05 -9.229279591934755445e+04 -1.118901105219266610e+05 -1.367400709935465129e+05 -7.343496683344710618e+04 -3.652792355103883892e+04 -1.331115309102460742e+05 -1.301797502511180937e+05 -6.348300978308531921e+04 -9.532658508454903495e+04 -9.547805267269723117e+04 -7.582708181696943939e+04 -8.676356505660805851e+04 -9.073429321171739139e+04 -9.251647884491854347e+04 -1.213397920009442605e+05 -1.423428237152986694e+05 -1.009679296566173434e+05 -6.664442873152438551e+04 -9.027930497657530941e+04 -1.456858021585498936e+05 -1.757070055307121947e+05 -1.454189747892087325e+05 -8.063513054337794892e+04 -6.971778464969294146e+04 -8.849821630457881838e+04 -1.509543990425276570e+04 5.534326452703704126e+04 2.161536043800855987e+04 8.014778179931454360e+03 9.339594684948655777e+04 1.688006140443026088e+05 1.609874742984541226e+05 1.825534654455257114e+05 2.235049994545981754e+05 2.590802698972409125e+05 3.155125442805003840e+05 3.130605479981742101e+05 2.960365684970754664e+05 2.855371152161383070e+05 2.526314484450209420e+05
1.932117821107384516e+05 1.280534401891055168e+05 6.254928752372501185e+04 -1.772719331202097237e+03 -3.225346666236873716e+04 -6.272249916277360171e+04 -9.540273231687018415e+04 -8.826599636639002711e+04 -1.181687950203195214e+05 -1.238446524634491070e+05 -1.118497362319614040e+05 -1.366281515429727733e+05 -1.365487213031154824e+05 -1.629350342589895008e+05 -1.329900231090141460e+05 -9.851774575072352309e+04 -1.583800752222305164e+05 -1.269806927512398688e+05 -9.566680616408120841e+04 -1.393094901501899585e+05 -1.185561943752691150e+05 -1.225705634680346120e+05 -1.559739846538291313e+05 -1.214716644317377359e+05 -7.922371703549288213e+04 -3.783924069954082370e+04 2.810296036768704653e+04 3.601499685610178858e+04 4.383088747388659976e+04 1.085886347846826538e+05 1.386404464876977727e+05 1.716247336496606003e+05 1.824565798137343954e+05 1.320065509725827724e+05 1.420294901850867318e+05 1.805367316456977278e+05 1.466864589997564908e+05 1.332179615308998618e+05 1.555159757094223751e+05 1.364341096411222825e+05 1.604577321204131003e+05 2.135122679593043867e+05 2.230110948078794172e+05 2.275640704238326289e+05 2.529868898721181613e+05 2.824160783429389703e+05 3.281171705306050717e+05 4.428688183246388217e+05 5.983028479589757044e+05
9.818122498749289662e+04 -2.887007816287223250e+04 -9.343081679253373295e+04 -9.442685497167974245e+04 -9.362658587109763175e+04 -6.144119922420941293e+04 -3.152876862208358943e+04 -5.592311525600962341e+04 -8.531134755350649357e+04 -2.840259051648899913e+04 4.555359065532695968e+04 2.147588581079617143e+04 -4.063128614041488618e+04 -4.641134230769239366e+03 8.769325476605445147e+04 8.983077815093565732e+04 6.131687098590191454e+04 6.093750989937689155e+04 5.897450269723776728e+04 7.789695373969152570e+04 9.916358462942275219e+04 9.444080144341557752e+04 9.229460063274030108e+04 6.445253726444218773e+04 7.482633857987832744e+04 1.163347771530970931e+05 8.846379717753716977e+04 9.574425364786310820e+04 1.043605366518023657e+05 7.570117877097797464e+04 1.043265846674329077e+05 7.434515224478635355e+04 5.478490348206835915e+04 9.889342571899757604e+04 7.713991331111159525e+04 8.267491991748084547e+04 8.055147646577080013e+04 3.840095034567646508e+04 6.205235996458199224e+04 4.452417409920587670e+04 7.609118109685485251e+03 9.097233228560027783e+04 1.006855655374235357e+05 1.402668065042214585e+04 1.028259640559536638e+04 9.297605034662381513e+03 -9.670222605345770717e+03 7.376427496783173410e+03 3.427564238896593451e+04
-2.753407926642102539e+05 -1.524126482085557655e+05 -6.061137216689532215e+04 -3.037574021960608661e+04 -2.984089809935539961e+04 -2.920373126573394984e+04 -3.084110542724374682e+04 7.023467613034968963e+03 7.134654784633312374e+04 6.557328208058603923e+04 4.506241928786043718e+04 8.375038849131668394e+04 1.469192779995500459e+05 2.130643312208120769e+05 2.113141704531152791e+05 1.505330032913480536e+05 1.837508812727173790e+05 2.761441311560337199e+05 2.721771563694346114e+05 2.592739727778824745e+05 2.811320090031946311e+05 2.755659504880894674e+05 3.349076187034377363e+05 3.698605027684243396e+05 3.485481210536090657e+05 3.588535094499818515e+05 3.628403100976720452e+05 3.691995462559869047e+05 3.167043686559190974e+05 1.967725811462146230e+05 -2.329000654630316421e+04 -4.848199413949656300e+05 -1.242796080175906420e+06 -2.000017370402345434e+06 -2.206323348239528947e+06 -1.739380183340400457e+06 -1.062184457200926729e+06 -5.761017234763139859e+05 -3.041797220212179236e+05 -1.665534780872981064e+05 -4.804213240567967296e+04 3.292219277005642653e+04 7.274312129593407735e+04 1.429978982370817102e+05 1.715295179130043834e+05 1.396241076022847556e+05 1.491990088380416855e+05 2.248747119540337007e+05 3.112921465234784409e+05
-5.538402825710340403e+04 -1.179578832548577338e+05 -1.801733714272266952e+05 -2.420636846066918224e+05 -3.340158772567519918e+05 -6.097862174268809613e+05 -1.071722735790535342e+06 -1.249395708902739454e+06 -8.484108567389205564e+05 -3.634849860490064602e+05 -1.702564133505802602e+05 -1.010262538667302579e+05 -9.942201579397078604e+04 -9.658179049554746598e+04 -3.700717673753388226e+04 -3.639073091617319733e+04 -6.564245557878189720e+04 -3.581930835149227642e+04 -4.139046231866814196e+04 -8.446887534693814814e+04 -9.152543115196749568e+04 -6.606319990241853520e+04 -3.751512602204456925e+04 -6.296382911445107311e+04 -8.357670918165240437e+04 -4.166780207306146622e+04 2.509157369262538850e+04 6.254490917955990881e+04 1.035414946475066245e+05 2.312283111386937089e+05 4.426448613480890635e+05 8.443856959766747896e+05 1.565881427414137172e+06 2.286845446953082457e+06 2.417270635004386771e+06 1.833838613364497432e+06 9.692172779230144806e+05 2.548707398370611481e+05 -2.104682581353690475e+05 -5.628695625456734560e+05 -1.056985471958764829e+06 -2.358313767117210664e+06 -3.148121025173450820e+06 -1.817734532908064080e+06 -3.441546016326209065e+05 -6.576492271269671619e+03 3.197338769154180773e+04 1.663170872122261208e+05 3.735588604601761326e+05
-4.214953226334182546e+05 -2.388331128336722031e+05 -1.172049683739896864e+05 -8.739935749093978666e+04 4.255918103153817356e+03 3.108748545742125716e+05 7.995008520258122589e+05 9.897843540686885826e+05 5.934186903195233317e+05 9.705320976616346161e+04 -1.083649666502606997e+05 -1.003135149920127733e+05 -9.851302890281655709e+04 -1.570138631295412197e+05 -1.894285473634953669e+05 -1.582816231017932296e+05 -1.262942717759870575e+05 -1.580373954644891783e+05 -1.948990656092064455e+05 -1.766150946292326553e+05 -1.525313111091962783e+05 -1.579473651619628072e+05 -1.908590590505632572e+05 -1.852518666413379833e+05 -1.139557449019048363e+05 -1.333518415107389446e+05 -1.278044583293374162e+05 -6.000995917478599586e+04 -4.941300861479248852e+04 -1.382758373278193176e+04 1.216950543806888163e+04 1.338679503591265529e+04 -3.994149141945177689e+03 3.944012831838312559e+04 1.085509632981847972e+05 4.966215035645314492e+04 -1.289272143738344312e+04 -1.821194632619153708e+04 -5.319052744307531975e+04 -6.884222536464198492e+04 2.034786516771446913e+05 1.481633668560528429e+06 2.413010610007325187e+06 1.226387751542489976e+06 -3.246774794882931747e+04 -1.237185536377360113e+05 -5.386964666773588397e+04 -7.346892918052570894e+04 -1.126157861453224905e+05
-5.145188234280794859e+04 -1.134412517980672419e+05 -1.749344295857008547e+05 -1.756556408928008750e+05 -1.459974781202618033e+05 -1.768531510652974248e+05 -1.791102986130861100e+05 -1.428048637043684721e+05 -1.406081503763562068e+05 -1.159105077048297971e+05 -1.076000704494074453e+05 -9.960488452110416256e+04 -6.712690609274432063e+04 -1.260446918936213478e+05 -1.279531279770890251e+05 -3.638139197893906385e+04 -3.544929302006494254e+04 -6.718822488735895604e+04 -4.371812947269063443e+04 -2.526593628746923059e+04 -6.129229958227369934e+04 -6.668446814350271598e+04 -3.839664585480932146e+04 -3.238431498291902244e+04 8.009768777993042022e+03 1.936488975014118478e+04 2.527025856368709356e+04 6.218038802559021860e+04 7.307472938206046820e+04 1.088945525354938582e+05 1.345227905712092761e+05 1.663669269235115498e+05 2.104943062574609648e+05 2.538755345460956451e+05 3.532316288974836934e+05 4.777808148250910453e+05 5.994283403421286494e+05 7.177791689953312743e+05 8.675284827599527780e+05 1.036506455931809731e+06 1.094645313076909631e+06 9.602207470010061515e+05 6.635641238739462569e+05 3.386358157277563587e+05 6.460512877674913034e+04 -2.096539428509997670e+05 -3.861062586988564581e+05 -3.765317043231334537e+05 -2.941010183712849393e+05
-4.970512292673811316e+05 -3.777172109507956775e+05 -2.574458270857576281e+05 -1.978183277667264920e+05 -2.595939300442114472e+05 -2.907660834130365402e+05 -2.330678572820031550e+05 -1.979277256835484877e+05 -1.959242175973486155e+05 -2.314725803869077936e+05 -2.250163906387749594e+05 -1.870976596407126635e+05 -1.844914335414068773e+05 -1.541190653195371851e+05 -1.261389842728385702e+05 -1.267345722729805857e+05 -1.268204043386504054e+05 -1.288731495523825288e+05 -7.834363742382265627e+04 -5.930522481328807771e+04 -1.216606404335470870e+05 -9.679320719034876674e+04 -3.871474661806132644e+04 -3.149333676614286378e+04 -2.248964303929824382e+04 1.912480208848090842e+04 5.632732826576055959e+04 6.219256317184772342e+04 1.346710134047316387e+05 1.713230311602815054e+05 1.653384587710024789e+05 2.272545476531386375e+05 2.718842075322763994e+05 3.146997359651138540e+05 3.811710740556011442e+05 4.414953149028588086e+05 5.329601189575623721e+05 6.248470345203542383e+05 6.852927271433870774e+05 8.238114447431849549e+05 1.003855227097522002e+06 1.111805200086093275e+06 1.182187584369090851e+06 1.258742810582628008e+06 1.295265058403604198e+06 1.239224986512559932e+06 1.094001272764872760e+06 9.491261306602959521e+05 8.467747089208401740e+05
4.418867046479135752e+04 4.364533764543017605e+04 -1.530839313636533916e+04 -1.047948784916662262e+05 -7.693014516378752887e+04 -1.853093409561552107e+04 -8.009130956663278630e+04 -1.049440897972090170e+05 -4.317050773825036595e+04 -7.785630946746093105e+04 -1.021026786981383339e+05 -6.426686384773356258e+04 -9.082089386414732144e+04 -9.154086266236842494e+04 -6.371202266484031134e+04 -6.451928994269113173e+04 -9.494196784216910601e+04 -1.275176591234048392e+05 -1.095451734308152954e+05 -1.192605679959523841e+05 -1.475393561797680159e+05 -1.520139857550384186e+05 -1.238022344605999533e+05 -8.537159590632648906e+04 -1.368339201674100477e+05 -1.551881819398841471e+05 -8.733396960189554375e+04 -8.176137908594694454e+04 -6.829451286408584565e+04 -3.077597000927198678e+04 -6.749818086274887901e+04 -6.556480443512531929e+04 -2.070608608890359756e+04 2.097171807661640923e+04 2.395606091304204892e+04 -1.005844522151153069e+04 5.208028733846754767e+04 8.979883993393753190e+04 6.348680836206779350e+04 8.122425990703026764e+04 7.863722080655861646e+04 9.032594633987155976e+04 9.701772815489652567e+04 -5.536973503768211231e+03 -8.810702638409577776e+04 -1.154583892697697738e+05 -1.770022965414688224e+05 -2.083601758372965269e+05 -1.946445714891850948e+05
-1.144506148470094195e+04 -1.300362394709372893e+05 -2.174696083762682101e+05 -2.172174000262747868e+05 -2.199569771438837051e+05 -2.217997960146748810e+05 -1.644513287389417528e+05 -1.897333703248298261e+05 -2.175674954592251452e+05 -1.630220702546648099e+05 -1.588430141960271867e+05 -2.104030649369815364e+05 -1.773498832230687840e+05 -1.202153839368838817e+05 -1.815229574916883139e+05 -2.120659961050843121e+05 -1.836727583035826683e+05 -1.870634238678030670e+05 -2.001822406484279782e+05 -2.086876712669618428e+05 -2.046572432550601661e+05 -2.087312251469120383e+05 -2.103274959587729536e+05 -2.310440824786196463e+05 -2.238972525059941690e+05 -1.537721936253365129e+05 -1.157336867135018110e+05 -1.106288007076368667e+05 -9.706612146110227332e+04 -5.963788503548130393e+04 -3.744536364101804793e+04 -3.564015749667305499e+04 8.987568055745214224e+03 4.995358805463183671e+04 2.201353004726069048e+04 4.653232875163666904e+04 1.090764688875055872e+05 1.187962267227708362e+05 1.829966671671716031e+05 2.604422569758016616e+05 3.176296682306574658e+05 4.184152408858065028e+05 5.453250307153197937e+05 6.849960015143753262e+05 8.155423692980557680e+05 9.417263423721280415e+05 1.033447230985040893e+06 1.034182455767292995e+06 9.891811415023203008e+05
-6.907594207407089882e+06 -4.734595121021266095e+06 -2.266318907524692360e+06 -5.633255745412311517e+05 -1.858231330319540575e+05 -1.006987394369207323e+05 -4.400609600008418784e+04 -1.126623068179469556e+04 1.915451494220178574e+04 4.404561371251428500e+04 4.714605693414341658e+04 8.371995201217941940e+04 1.168543587921885774e+05 1.436162694270024076e+05 1.710186602821340784e+05 1.998087080434202217e+05 2.281182134739356115e+05 2.247348958253860474e+05 2.408364493632689118e+05 2.629273899865802377e+05 2.982688924972894602e+05 2.948549585597352125e+05 2.642368372576315887e+05 3.329847305553264450e+05 3.697744666237847414e+05 2.923428509652151261e+05 2.719868943223264068e+05 3.367427844222409185e+05 2.921069229498974746e+05 2.120005604485047515e+05 2.346166208415523870e+05 2.373455316631592577e+05 1.641124251706067589e+05 8.662886378762789536e+04 5.801182820636307588e+04 2.177700111176836072e+04 -3.876699693500995636e+03 -2.071816694398876280e+04 -7.383274958585365675e+04 -1.154054706997700850e+05 -8.890148866048525088e+04 -2.117427358345617540e+04 -4.596097459958388936e+04 -5.599343475361785386e+04 1.414128149684960954e+04 1.815337697393249255e+04 1.429097696614940651e+04 3.963760053215071093e+04 5.130662925832322799e+04
6.040792761155170389e+06 3.926498594317818526e+06 1.608647808861569967e+06 5.314655965077667497e+04 -3.024031807453138754e+05 -3.046105741348583251e+05 -2.471203196892747073e+05 -2.726821418048349442e+05 -2.712506799487166572e+05 -2.164576558442785754e+05 -2.137176942697261984e+05 -2.359185415395769523e+05 -2.027137250348459347e+05 -2.062512043421156122e+05 -2.377808850171276135e+05 -2.386418059293648112e+05 -2.696803216025001020e+05 -3.033072657219598768e+05 -3.474897333304396598e+05 -4.711721171659881948e+05 -6.977563227835332509e+05 -9.358107196277705953e+05 -9.963096596125997603e+05 -7.817964875506008975e+05 -3.947443309979271144e+05 -9.104365255392622203e+04 3.550546954676927999e+04 1.287280077696777880e+05 2.611287377192638814e+05 2.993267828354141675e+05 2.329825228726258501e+05 2.062234185438142158e+05 2.216870470112194307e+05 2.621799417602596804e+05 2.325346710719168186e+05 1.065218677045782097e+05 8.185686084849294275e+04 6.720143717830069363e+04 -4.428923800413007848e+04 -8.621258169703604653e+04 -6.070665130624501035e+04 -5.438365339534357190e+04 -2.043737260741181672e+04 2.955433870782190934e+04 4.037050906626973301e+04 1.041536428959802724e+05 2.190971928671943024e+05 2.736804006958836690e+05 2.850917871796917170e+05
-7.105795531457988545e+05 -1.059684622015920933e+06 -1.435282804982270347e+06 -1.753604999961680267e+06 -1.960501104024588130e+06 -2.020907383345765760e+06 -1.817701766399549553e+06 -1.494296926864772569e+06 -1.231828392545576906e+06 -9.446643685951125808e+05 -6.519819306355207227e+05 -4.710486936417878605e+05 -3.216096010431647301e+05 -1.801281928364187479e+05 -9.495042654802091420e+04 -7.981690326123498380e+03 1.073097932478408329e+05 1.910042746283579618e+05 2.350220310455188155e+05 3.762096426670905203e+05 6.202451747487047687e+05 8.822589270566827618e+05 9.995676452107746154e+05 7.756687944522134494e+05 4.299714901059626136e+05 2.057414302293914370e+05 6.828274611732899211e+04 -1.484691100835357793e+04 -2.962619051511888392e+04 -2.107158623985014856e+04 6.818430201383307576e+02 6.227068931213649921e+04 1.366629522998121101e+05 2.064466344175159466e+05 2.650296544673617464e+05 3.457884274364912417e+05 4.702136240486288443e+05 5.766646012908323901e+05 6.754350263555529527e+05 7.846178898232735228e+05 8.130758635274844710e+05 8.216794940963166300e+05 8.585612217668654630e+05 8.238493703235881403e+05 7.506645150296406355e+05 6.996286496374504641e+05 6.370923683734149672e+05 5.721349174884371459e+05 5.237077990843597800e+05
-7.345900702220385429e+05 -5.590586334234105889e+05 -4.102891662693580147e+05 -2.923347825260132086e+05 -1.798303085693623871e+05 -1.533725768938893452e+05 -1.538862545217850711e+05 -1.506999299483143259e+05 -2.078614438453223556e+05 -2.398968526790849864e+05 -2.384998809237731621e+05 -2.319668332923903363e+05 -1.986055768671212718e+05 -1.745126395352416439e+05 -2.058143878437111853e+05 -1.771508276468375698e+05 -9.184234241955005564e+04 -9.696833156980568310e+04 -1.421766961191314040e+05 -8.721512418880587211e+04 -4.449633089068793925e+04 -7.412512771436013281e+04 -4.446670626581186661e+04 -3.290699366480100434e+04 -2.789843509439361515e+04 1.115524575521697989e+04 2.143375477986416081e+04 2.670897865842567990e+04 1.347949477436492452e+04 2.319872945314284880e+04 1.609419547137815971e+04 2.029196331859601196e+04 6.540413583919900702e+04 1.666603998804953881e+04 1.255223473999672569e+04 5.906727223074994981e+04 9.058567824540485162e+03 -2.458622457168536494e+04 1.806935706001223298e+04 6.636404593242314877e+04 6.157790370110876393e+04 3.099688767688639928e+03 -5.408595589862659108e+04 -8.831234479846927570e+04 -4.282092288869877229e+05 -1.286021471188283758e+06 -1.689162863102394156e+06 -1.231722587991974317e+06 -5.740022451686458662e+05
1.042525769607746042e+06 9.267021245806245133e+05 8.132364226825300138e+05 6.689778049121373333e+05 4.030386091064428911e+05 -6.351181353907985613e+04 -6.420493206079113297e+05 -1.101925460086204810e+06 -1.245518766685273498e+06 -1.044879775381413870e+06 -6.684885320864848327e+05 -3.734136990178381093e+05 -2.822547574044437497e+05 -2.306515570892951218e+05 -1.751001539779826126e+05 -2.040975306206384557e+05 -2.642567494756077649e+05 -2.701379873399854405e+05 -2.291542958281933097e+05 -2.592728758673182456e+05 -3.293103473295918084e+05 -3.288983946450751391e+05 -2.993476318358449498e+05 -3.170149806863624835e+05 -3.428993001661727903e+05 -3.347193725418765098e+05 -3.544626298215007409e+05 -3.505733259650885593e+05 -2.774881565273972228e+05 -2.398312870640074834e+05 -2.773384193232045509e+05 -2.742761791194786783e+05 -2.017700340418387204e+05 -1.647618948348099366e+05 -1.421357070625526831e+05 -1.271439707063832320e+05 -1.185224590043067001e+05 -9.266833964735269547e+04 -8.004960750287864357e+04 -4.142477649147622287e+03 7.751513508032122627e+04 7.637636458617635071e+04 1.367767553165322170e+05 2.510478573309965432e+05 6.549638014554488473e+05 1.526164415140515659e+06 1.937925531332150800e+06 1.544854696372641250e+06 9.614892287569527980e+05
2.640280061354856007e+05 3.221957347216086928e+05 4.695222954871130642e+05 6.725626089615978999e+05 8.402490064979065210e+05 1.038686605351394741e+06 1.182981191766447853e+06 1.127211166495108511e+06 8.092828978080078959e+05 2.577700377575820312e+05 -2.915311188728087582e+05 -5.749387913680403726e+05 -6.572527815453938674e+05 -6.348965402285100427e+05 -5.216916173609204125e+05 -4.060829698841553763e+05 -3.216987635142870713e+05 -2.699108309810979990e+05 -2.291281553660518548e+05 -2.008724998944670660e+05 -1.253397324465914862e+05 -9.556964174204063602e+04 -9.460889976413478144e+04 4.126709330594050698e+03 3.654873331950500142e+04 1.631170932261738926e+04 8.460536818369315006e+04 1.476112523244231124e+05 1.348331357905408950e+05 1.447978158504702151e+05 1.670794485224178061e+05 1.720114619156815170e+05 1.586826083355124574e+05 1.387043958547291695e+05 1.618321784492582374e+05 1.772134975821245171e+05 1.588200388877884252e+05 1.299772872921314847e+05 1.752358522126447642e+05 2.530418625671875780e+05 2.476691432704685722e+05 2.165270667459121905e+05 2.180483733344584471e+05 2.458436587709006853e+05 2.662265113147447119e+05 3.048080598999505164e+05 3.231535557290774304e+05 2.500343018164860550e+05 1.383207110175825655e+05
2.368800088454734068e+05 3.526633673539615702e+05 4.709980211377840023e+05 5.870782974560278235e+05 6.961160094133811072e+05 7.783312581456264015e+05 8.361716849560614210e+05 8.667661373299784027e+05 8.089050483016768703e+05 6.630341354000845458e+05 4.317212524812202901e+05 1.198563627124535851e+05 -1.638272303523262963e+05 -3.438962287933100015e+05 -4.038826525455805240e+05 -4.323315201338847401e+05 -4.058471344143620809e+05 -2.680915535049278988e+05 -1.989418891217791825e+05 -1.978586865938268020e+05 -1.198240599693962140e+05 -2.138714230386307463e+03 -3.175853559514507651e+02 -1.666159596759840497e+04 4.404621962981775869e+04 5.238713238155475119e+04 6.293256491655498394e+04 6.785930169513463625e+04 5.546239760005834978e+04 9.460472935694275657e+04 8.813987276051205117e+04 6.459339871013088850e+04 8.017877345904737012e+04 5.945549802214378724e+04 5.140569003124267329e+04 6.472386801382520935e+04 7.701761052536324132e+04 1.104055661091116490e+05 1.281220708292674972e+05 1.467160879878789419e+05 1.691194343642566819e+05 1.938297403324397746e+05 1.938872004463331541e+05 1.933502312033673516e+05 2.448877609259216115e+05 2.541814862104358617e+05 2.407911944412630983e+05 2.844706369779291563e+05 3.502527136815432459e+05
9.283273925684619462e+05 8.139296422613553004e+05 6.734475196083075134e+05 5.306454177841076162e+05 4.378270558040821925e+05 4.046090854180510505e+05 4.052116944029693259e+05 4.354319925815801253e+05 5.211493885586970719e+05 5.773487231880424079e+05 5.761011780228002463e+05 5.521796685637675691e+05 4.418916910234836396e+05 2.905750781076492276e+05 1.158504561724839732e+05 -8.454979602305707522e+04 -2.305356996663613245e+05 -3.810833546955834609e+05 -4.274072047707156744e+05 -3.671456257638054667e+05 -3.732425222091835458e+05 -3.123019661649591289e+05 -2.235694632207746617e+05 -2.397194742987628561e+05 -2.378245636360950884e+05 -1.439153902593536768e+05 -7.607193887757597258e+04 -1.005208639678314212e+05 -1.131961749785114662e+05 -7.453613135847248486e+04 -2.319473098439641763e+04 -1.772822037746684509e+04 -6.090773508592986036e+04 -5.361920616123838408e+04 -5.442763204919101554e+03 -2.298264849639947352e+04 -3.910391348588735127e+04 -3.745453740702949290e+03 4.379271212441365788e+04 6.117713970306777628e+04 5.246780490211688448e+04 7.446191715018356626e+04 1.023728764551921631e+05 1.313917865871920949e+05 1.536862974206453655e+05 1.626434323680583038e+05 1.473302215692820027e+05 1.598949157923915191e+05 2.250819783925514203e+05
1.826453463803044870e+05 1.835707810940220370e+05 1.586631620966363116e+05 1.599432603566674516e+05 2.102672949281986803e+05 2.054763463622657582e+05 2.066418821283149591e+05 2.363381998019759776e+05 2.639543928980129422e+05 3.205343858478589682e+05 3.184866444597720401e+05 2.652769183157944935e+05 2.700498887564752949e+05 2.905084459728093352e+05 2.022987319628008408e+05 6.029908996890275739e+04 -2.789936724933795631e+04 -9.232518292730662506e+04 -1.673776631063082023e+05 -1.916542405780637637e+05 -2.241032528848148650e+05 -2.771870199422118021e+05 -2.169215652282586670e+05 -1.753861834458074300e+05 -1.742246300168333109e+05 -1.388014094973914325e+05 -1.289140056475297897e+05 -9.592292055429442553e+04 -5.084435723489156226e+04 -1.210414504108471738e+04 1.061020367022140999e+04 1.660563137964355701e+04 6.044420507329062093e+04 6.742646577185956994e+04 5.649612944282131502e+04 9.639946277078692219e+04 8.179190058668592246e+04 9.103775665513251442e+04 1.694244565564438235e+05 2.163667279091891251e+05 2.072631513839588151e+05 1.692454987426757580e+05 1.672824657603628002e+05 1.974131826410308713e+05 2.508878928807100747e+05 2.607904617529121460e+05 1.854792622057716362e+05 1.081951927434420213e+05 5.474821049545286223e+04
1.832529039960356895e+05 1.845427494915202260e+05 2.174376846902305260e+05 2.192793097114190459e+05 1.836297424801159650e+05 2.074641787027940154e+05 2.382071129319954198e+05 2.677235793630827684e+05 2.951169516087975353e+05 2.954544298781547695e+05 2.928751289012148045e+05 3.251008589210691862e+05 2.730118067137664184e+05 1.211957432009512559e+05 4.911193895386531949e+03 -1.927627303166082129e+05 -3.661245151603361592e+05 -4.022722668707137927e+05 -4.198794941848609596e+05 -4.408277558058032300e+05 -3.827392402879188303e+05 -2.612850994133620989e+05 -2.283546115580252372e+05 -2.146975127252519596e+05 -1.572240565117679071e+05 -1.228550424723655451e+05 -8.422298793855565600e+04 -8.018853739718906581e+04 -9.251837768591963686e+04 -8.256529856007546186e+04 -8.779545893368800171e+04 -5.192293935047904961e+04 -3.793962069496046752e+04 -9.046498139563482255e+04 -1.341075900819851086e+05 -1.266439279646148207e+05 -1.395339166413760977e+05 -1.551764639763863524e+05 -1.342537262151017785e+05 -1.785329711658409797e+05 -1.926761473086663755e+05 -2.082757087337084813e+05 -2.737676681240547332e+05 -2.450558904104401299e+05 -2.221398466784741322e+05 -2.440371525759103533e+05 -2.654307276679908391e+05 -3.462807772104842006e+05 -4.597782467718863627e+05
-4.143855070287815761e+04 -4.001819303899543593e+04 -7.048630802892090287e+03 5.175163237319799373e+04 7.253130899509415030e+04 1.242641693417680799e+05 2.407426206086528837e+05 2.981970240006924141e+05 3.819716279953717021e+05 4.967433775361859007e+05 5.792271488823466934e+05 7.250584714335855097e+05 8.730092377727848943e+05 1.035269946609623497e+06 1.205110464836470317e+06 1.351495900572045706e+06 1.436537632913678419e+06 1.287326886768569238e+06 9.858816632046364248e+05 6.259463902021525428e+05 1.173348471894878894e+05 -5.292165195127027109e+05 -1.180158883253463544e+06 -1.595305868483847007e+06 -1.740969134720506612e+06 -1.739489993265596684e+06 -1.590782039681797847e+06 -1.419498942434441298e+06 -1.321891756804543315e+06 -1.201711233511449769e+06 -1.009174250353826326e+06 -7.460718197928507579e+05 -4.469933307333874982e+05 -2.713005103485193104e+05 -2.020828128920400050e+05 -1.096066368842730299e+05 -6.331174179329536855e+04 -1.846636094909626991e+04 6.169523157936055213e+04 7.527938695973693393e+04 8.974028355209226720e+04 1.030688827927226666e+05 3.811691080802120268e+04 9.723338531912770122e+03 3.471197744656819850e+04 -1.543090349121484905e+04 -1.551416304026504513e+05 -2.653785883286024909e+05 -3.188722969917529263e+05
4.743046846584181767e+05 5.895866800780640915e+05 6.510848246759267058e+05 6.245279297296655132e+05 5.594530472287442535e+05 4.686224414012393681e+05 4.151253514783455757e+05 4.153074086760173086e+05 3.562654529162684921e+05 2.441696155403039884e+05 2.119449718581747729e+05 2.141893724695548881e+05 1.623848687642021105e+05 1.524126567534401547e+05 1.505317261273737531e+05 1.258613152359612286e+05 1.531116180500248447e+05 2.023774076078552753e+05 2.713323881162796170e+05 3.120888968679355457e+05 6.165329173614829779e+04 -9.570003362238667905e+05 -2.239674367948323023e+06 -2.259266227163026575e+06 -1.207371300777301192e+06 -3.475631379272100748e+05 9.023409417888661847e+04 2.945027245866373414e+05 4.840071890706887934e+05 6.105806188145650085e+05 5.216915883636103827e+05 3.288721760769836837e+05 1.406578971998543129e+05 2.948549416032631416e+04 -7.440739360230538296e+04 -1.559568623144877492e+05 -1.381962447392287431e+05 -9.258944295637792675e+04 -7.057592864613977144e+04 -2.830841164512088289e+04 1.425300072995017399e+04 -3.189778691157553112e+03 4.891262529592480860e+04 1.387115748180080554e+05 1.649044728779701982e+05 2.049559757922537974e+05 2.742857066134464112e+05 3.145109755574947922e+05 3.227184104121928103e+05
-5.561679701786444639e+03 -6.037344083888457681e+04 -1.121033665840513422e+05 -1.100893020350485749e+05 -9.055503871524706483e+04 -9.669174287992060999e+04 -9.298692544864020601e+04 -9.358549325203063199e+04 -1.252148832986131310e+05 -1.234827803866937466e+05 -7.161879926279652864e+04 -9.908428979513695231e+04 -1.229831994714913308e+05 -1.055441605608211248e+05 -1.365121943538542255e+05 -1.045241464051649673e+05 -4.954828400805126876e+04 -5.828735548187978566e+04 -1.873411837150342762e+04 1.641162978182546794e+05 7.125493084412278840e+05 2.094656082172299502e+06 3.762820877343190368e+06 4.014781972212950233e+06 2.765375219471748453e+06 1.461401245296584442e+06 6.170390644361022860e+05 -6.431579195661470294e+04 -6.789054824371114373e+05 -1.101407278839615174e+06 -1.309427452079835348e+06 -1.363120654652014375e+06 -1.268862926415171940e+06 -1.068032683121273294e+06 -8.594685689738243818e+05 -6.553169673460074700e+05 -4.339306732610557228e+05 -2.402628659392944537e+05 -1.004996420419774950e+05 2.769959606812335551e+04 9.691047400352545083e+04 4.674273754179105163e+04 6.747151612245943397e+04 1.571198058646405116e+05 9.461670931952632964e+04 -1.454133030318189412e+04 -1.570258710969951935e+05 -3.864803857193300501e+05 -6.156991971633303910e+05
1.662267984671051963e+05 2.248881656501908146e+05 2.866465183469698532e+05 2.888283643039175658e+05 2.516320887696929276e+05 3.022158125025451882e+05 3.633673484512836440e+05 3.346812065021370072e+05 3.033607199357358040e+05 3.345906723802909255e+05 3.867704279586907942e+05 3.880174798524240032e+05 3.650258486432721838e+05 3.546386049268764909e+05 3.531849135091758799e+05 3.869794656703020446e+05 3.582028284866828471e+05 2.652063433593139052e+05 2.496552555199014023e+05 2.654827743076020852e+05 2.762893347628419288e+05 2.611079845542553812e+05 2.124615028593689203e+05 1.710078159580002539e+05 5.555330577655695379e+04 -1.985908290231595747e+05 -6.496330582274831831e+05 -1.022387552104775794e+06 -9.243945701100167353e+05 -5.151039050059614237e+05 -1.450939440459485631e+05 6.522897322196559981e+04 1.934477705560864415e+05 2.550840258621608373e+05 1.783878508489574306e+05 1.253802294528572820e+05 1.473910186166181229e+05 1.113078361580846831e+05 1.856777628185227513e+04 -2.657554394548051059e+05 -9.666428568755569868e+05 -1.763200926969875582e+06 -1.694612301373267546e+06 -8.151237964746513171e+05 -1.408637461735652760e+05 1.656450214446517639e+05 3.828518961858950788e+05 5.144393313844901277e+05 5.864926235185598489e+05
1.703582983266096271e+05 3.342306922422692878e+03 -7.599668801238294691e+04 -7.380470891541335732e+04 -8.339289275172632188e+04 -3.363084469106979668e+04 -2.855957295803818852e+04 -5.796488596708513796e+04 -3.388469014666043222e+04 -3.065311902842950076e+04 -8.068827817332872655e+03 -8.469852415146247949e+03 -3.862738010357134044e+03 1.293764961126720300e+04 1.069340236601419747e+04 4.422391492058534641e+04 4.307078162382834125e+04 3.402544419164769351e+04 1.029657451872480742e+05 1.472759548225439503e+05 1.577582389640152978e+05 2.267514853342437709e+05 3.188636656134627992e+05 4.470467117498622974e+05 6.737267515802526614e+05 1.079156485343117500e+06 1.665010088865529746e+06 2.134311649643936660e+06 2.159608843307941686e+06 1.661647173998642713e+06 6.868171472282866016e+05 -1.006957260367355309e+06 -3.057659334385542199e+06 -3.796616595385712571e+06 -2.674333002428752370e+06 -1.259066862819019705e+06 -5.156519986141926493e+05 -1.169937493972248631e+05 1.399964246695159236e+05 4.441837486502469401e+05 1.222247165903688874e+06 2.093243877002970316e+06 1.976866151621210389e+06 1.099945523640488042e+06 5.390360659034946002e+05 3.729358340735770762e+05 2.624687502911542542e+05 2.145776963408561423e+05 2.266340954473689198e+05
3.409459216916001169e+05 2.870486274524591863e+05 2.361230703105683497e+05 2.102804152725730091e+05 2.007050231983885169e+05 1.940754436230053543e+05 1.998038184636970400e+05 2.270665195141920995e+05 2.230736158182846266e+05 1.989439684490206419e+05 1.935212898539613234e+05 1.932469593075803714e+05 1.983417924091917230e+05 1.872300204017664073e+05 2.139319114066892071e+05 2.202421817521100165e+05 1.917354866006644443e+05 1.832336771005066112e+05 1.113342376146465540e+05 1.574324769433587790e+04 -8.554460029583354481e+04 -3.003235230123396032e+05 -5.223541529238000512e+05 -6.825550898234352935e+05 -8.040959146502426593e+05 -7.497447694762378233e+05 -5.462758432724506129e+05 -3.181986785779015045e+05 -7.561916053644428030e+04 2.211045436072170851e+05 7.972473575011806097e+05 2.054875368911900092e+06 3.642951616017391905e+06 3.896749393888749648e+06 2.297968839938979596e+06 4.795788230444332585e+05 -5.461503460962567478e+05 -9.359716068056896329e+05 -1.005889891120023094e+06 -1.034386394731697161e+06 -1.035486420196832158e+06 -9.789819252397883683e+05 -9.386247823928687721e+05 -9.164837450440987013e+05 -9.273067843873295933e+05 -1.014175228863602737e+06 -1.133784897904845886e+06 -1.216664110755078727e+06 -1.266015029055973282e+06
-2.183365329925436527e+04 -1.914187019632663578e+04 -4.183290298853535205e+04 -3.967340262723155320e+04 6.391239080112427473e+03 -8.836429094660561532e+02 -2.297000258287880570e+04 -2.467037173453741707e+04 -2.971731924859364517e+04 -2.550548477447591722e+04 -3.189157835266087204e+04 -5.305257387226447463e+03 2.732483951083850116e+04 1.541865172272082418e+04 1.310033432149793953e+04 1.911567016330081969e+04 7.495887021650560200e+04 1.505283909797434462e+05 1.634750848356633214e+05 2.956003372604026226e+05 5.647727540001494344e+05 7.786686482210643589e+05 1.044404317601003684e+06 1.317642435270826332e+06 1.403953511432045605e+06 1.382030023324768525e+06 1.251668447233386571e+06 1.087445762715071440e+06 9.931175196159160696e+05 9.224840107467025518e+05 9.273913946200618520e+05 1.001359711124096997e+06 1.077588118201825768e+06 1.145187121154157445e+06 1.219386094642685726e+06 1.202535044480463490e+06 2.694736307597719133e+03 -5.442472733666082844e+06 -9.421415033903319389e+06 -5.049400311878984794e+06 -4.762010223377689254e+05 1.163195101619926281e+05 2.538818543503284454e+05 4.338570395257577766e+05 6.419549847848250065e+05 8.354415261786176125e+05 1.027927331526882830e+06 1.135777951054621022e+06 1.154778316610586364e+06
1.349893636652274290e+04 -3.913218487869022647e+04 -6.119088091829326004e+04 -5.845577400934410980e+04 -9.670624980179127306e+04 -1.039788883418077603e+05 -3.997303503449074924e+04 -4.160693518526398111e+04 -1.031946379237342626e+05 -9.702570503577587078e+04 -4.717148037045262754e+04 -4.989450792549178004e+04 -7.341986834653650294e+04 -8.515506931755223195e+04 -5.893498537130650948e+04 -2.289257935306522995e+04 -5.090603247575924615e+04 -8.890143222582989256e+04 -7.428923509956800262e+04 -2.411263121932278955e+04 -3.674034633382676111e+04 -1.067924323037733557e+05 -2.426667573692979640e+05 -5.183677716675437987e+05 -8.428878751525193220e+05 -1.022296302906469908e+06 -9.105822768463979010e+05 -6.016677302139590029e+05 -3.636020687740528956e+05 -2.426696590159549378e+05 -1.014930567063856870e+05 -3.664861796190962195e+04 -5.831377212016424164e+04 -3.111063152260659263e+04 2.431900025113020092e+03 6.225785192684223875e+04 1.318481358416615985e+06 6.792029919091740623e+06 1.062237752835615352e+07 6.063669998410024680e+06 1.267994123043023050e+06 3.905122065095975995e+05 2.101801038370467722e+04 -5.225832110474631190e+05 -4.975074906545896083e+06 -1.103051711022268794e+07 -9.763411048139084131e+06 -5.046033348254871555e+06 -2.100801217497700825e+06
-2.349498112878063694e+05 -2.314398287789663300e+05 -2.257676141051342711e+05 -2.235070818755775690e+05 -2.063367489824304357e+05 -1.582794808142351685e+05 -1.783754666463937610e+05 -2.087158029136480764e+05 -1.871328428544804920e+05 -1.810490943852346390e+05 -1.601185793732292950e+05 -1.922803920053411275e+05 -1.884772533073555678e+05 -1.446575624804245308e+05 -1.756388719857204705e+05 -1.684042729804059491e+05 -1.125348687951921020e+05 -1.233600763441061135e+05 -1.376490743708563969e+05 -5.979252492543309927e+04 4.026239089493127540e+04 1.686133288685232401e+05 3.177125662763144355e+05 6.144884221843667328e+05 1.009266688768984983e+06 1.211101605512666749e+06 1.133798288950346410e+06 8.798039005819025915e+05 6.955079230538102565e+05 5.928277782246001298e+05 5.381869968265525531e+05 5.797289953794109169e+05 5.917260167025986593e+05 5.656791161716680508e+05 5.744426488172030076e+05 5.216209137818082236e+05 4.905270413123071194e+05 4.880291919893361628e+05 3.660558114974992350e+05 1.931564120692196302e+05 -1.021994326758454554e+05 -6.371617361361845396e+05 -1.342299217853575014e+06 -1.923308670926494757e+06 1.358725603765314678e+06 6.443325612894823775e+06 4.436436438620416448e+06 -9.048921144706811756e+05 -4.367085469120617956e+06
-2.845882626652017934e+05 -1.688690779864555225e+05 -7.912275675858836621e+04 -7.633102967345621437e+04 -8.665960328071378171e+04 -9.425451252143832971e+04 -1.128041979495901178e+05 -5.865195109741755005e+04 -6.478159927704829897e+04 -1.128989863744936447e+05 -9.126042685122230614e+04 -9.540343597764149308e+04 -9.089833624253512244e+04 -7.401901200879362295e+04 -1.322486827935790061e+05 -1.514266129041789682e+05 -9.431032482592863380e+04 -1.044154458737465902e+05 -1.444162315578432172e+05 -1.204343329038237571e+05 -1.039204357058040914e+05 -8.774986791075195652e+04 -8.109604769328166731e+04 -1.009326058696024120e+05 -8.207450924965075683e+04 -1.170378466922553489e+05 -1.469734707049791468e+05 -9.475456685293489136e+04 -1.148845394636734854e+05 -1.658018444874323905e+05 -1.380981049628461478e+05 -1.603099288174423855e+05 -1.556308193586310372e+05 -1.018726363230959978e+05 -1.877110497356629930e+05 -2.172729708236877341e+05 -1.370394910126922186e+05 -8.659595594916050322e+04 2.180591898795659654e+04 1.398085575236468576e+05 2.883566826692565810e+05 6.499869704840227496e+05 1.237749293194498168e+06 1.990421225037432741e+06 2.686978742578068748e+06 3.013256718926705420e+06 2.949898502879081760e+06 2.802106049738351721e+06 2.714104842024333775e+06
-1.666186853946418269e+05 -5.062877186282991897e+04 1.126945900439762045e+04 -1.342516757897101343e+04 4.543859210680238903e+03 2.515253211313404609e+04 -1.988819732621777803e+04 -2.115140444249846041e+04 9.159027063287794590e+02 1.035791230038739741e+04 4.941236113081686199e+03 -2.715587694605346769e+04 -5.001980712055228651e+04 -3.175840124837122858e+04 -3.289541529084090143e+04 -5.034398057614453137e+04 -4.803662325837649405e+04 -5.706350477121304721e+04 -3.767655986011959612e+04 -3.954454353137407452e+04 -5.007473997131444048e+04 -3.739690764923347160e+03 -2.424671273271087557e+04 -7.288791705912456382e+04 -1.113251880696044536e+05 -1.474440035352017730e+05 -1.804034734371816739e+05 -2.457897121686260216e+05 -2.398512466531247483e+05 -2.053326450777239515e+05 -2.347708505421176669e+05 -2.287026194669307442e+05 -1.978821355628322926e+05 -2.629755458078576485e+05 -2.920933139102996793e+05 -2.933955998672168935e+05 -3.319698999373939587e+05 -2.857911067520041252e+05 -2.714089551585491281e+05 -3.090315439068935812e+05 -3.168118587869692128e+05 -4.073861400684108958e+05 -5.448264132480821572e+05 -6.454696021485154051e+05 -8.079457137989818584e+05 -1.134552295092722867e+06 -1.672360095029003453e+06 -2.196352937234323472e+06 -2.592782896846722811e+06
2.971386311168316752e+04 -2.117555993667338043e+04 -7.069791987771156710e+04 -6.773934002907475224e+04 -2.214034819626249373e+04 -2.960547614435199648e+04 -7.463980789238121361e+04 -7.615432453632820398e+04 -2.654878764238680014e+04 -4.515286188630852848e+04 -7.876149247400462627e+04 -2.747997288301127264e+04 -5.071930049685761333e+04 -8.863260380923745106e+04 -3.402292344719168614e+04 -2.368277902016422013e+04 -4.964534517086576670e+04 -3.079875993716993253e+04 -1.152779410418588668e+04 1.485600417712703347e+04 6.069741433137087733e+04 1.072759569861228811e+05 1.440870413562518370e+05 1.529919891199096455e+05 2.017164259700804832e+05 2.532768069783922983e+05 2.805237202421996044e+05 3.047080185223609442e+05 2.856418272777227685e+05 2.956114041659750510e+05 3.284704867540856358e+05 3.098793042148465756e+05 2.868509329238452483e+05 3.137348080170338508e+05 2.890007977111961227e+05 2.343751252919898834e+05 2.591273690329401288e+05 3.091142281488291919e+05 3.270880620012753643e+05 2.615793594566634856e+05 1.660052440839349292e+05 1.073878087283815257e+05 -5.946716292935889214e+04 -3.723540111409989186e+05 -9.007009906781588215e+05 -2.533846745491603389e+06 -6.899460923775952309e+06 -1.213295292653776705e+07 -1.641822966681593284e+07
3.640520283312047832e+04 -1.387424833432305604e+04 -8.437254927121335641e+03 2.151045455422718078e+04 1.135868333629332483e+04 3.351166198262944818e+03 -1.332098428509198129e+04 1.265754883235809393e+04 3.349662393680796959e+04 1.569170327100437135e+04 3.787730414944235235e+04 4.094328501960495487e+03 -1.957441479433327913e+04 2.694616825086995959e+04 2.499301850970368832e+04 -2.083028253866382875e+04 -1.886530135758221149e+04 2.745517119241412729e+04 -8.722168544190935791e+03 -1.101542007061652839e+04 8.914120431407331489e+04 7.788496730383438990e+04 5.662445099267642945e+04 9.109364268195373006e+04 8.062663290766067803e+04 1.008813143806764856e+05 1.239862474467370193e+05 1.159711296873867977e+05 1.225648439791987184e+05 1.305440765275851591e+05 1.623542727803575108e+05 1.998236736591211520e+05 2.036371545703157317e+05 2.289893229614243610e+05 2.327122728672108497e+05 2.070409786084201187e+05 2.310215788619825616e+05 3.091821725515188882e+05 3.559873251506359084e+05 3.499335535947456956e+05 3.447810735309036099e+05 3.487707104091537767e+05 3.953396418940963340e+05 4.172861083823960507e+05 3.478812513191961916e+05 -2.785020679829169530e+05 -1.175955877248202683e+06 -1.271557861122419825e+06 -8.156901649379627779e+05
-9.323871518077794462e+04 -8.751490156806539744e+04 -5.411443984834465664e+04 4.100664670695667155e+03 2.269880554755218327e+04 -1.203012649551976938e+04 -5.492140724498312920e+04 -5.570113546680659056e+04 -6.256706122658273671e+03 5.345123618026264012e+03 -5.429819271841557929e+04 -5.960858932696294505e+04 1.228295895271003246e+03 -3.367993456078693271e+04 -9.043157754873385420e+04 -5.106209266814397415e+04 -1.964030029193963856e+04 -5.613947298144921660e+04 -8.896949442801997066e+04 -3.426849488692823797e+04 7.705202997895015869e+03 -3.086225701845192816e+03 3.234795216005301336e+04 3.695020102488354314e+04 -1.897758187260536943e+03 1.688606309529847931e+04 7.377739297225954942e+03 -3.318616633594507584e+04 -3.038397682888904819e+04 5.388977304683241528e+03 3.713839193282177439e+04 1.418983277631900273e+04 -1.511846346082165837e+04 -2.239729207300115377e+04 -7.915853097860256094e+04 -1.648612441215662111e+05 -2.054482782713602646e+05 -3.755318285297842231e+05 -8.167119220766456565e+05 -1.735396332534723915e+06 -3.768483096295986325e+06 -6.824619259521130472e+06 -8.717614606820836663e+06 -7.361820265479616821e+06 -3.572193775721270591e+06 1.876318501071650535e+06 9.639152893111515790e+06 1.658686707443316281e+07 2.144643182889523730e+07
-1.148642799706429942e+05 -5.368580799724429380e+04 7.165415473864413798e+03 1.031732644187286496e+04 -2.566044397884979844e+04 -4.844908714876510203e+03 8.199424169724807143e+03 -1.959393135155551136e+04 -2.512485881976317614e+04 -1.270164368965197355e+04 -1.593207512516528368e+04 -4.882625743688549846e+04 -4.322260188753716648e+04 -2.102643593330867589e+04 -4.946622110204771161e+04 -3.740703941381059121e+04 -3.336354017665144056e+04 -6.905743319308373611e+04 -1.564914209069684148e+04 1.079659331240691245e+04 -5.075605554739013314e+03 4.039704621187422890e+04 4.727928753185563255e+04 2.262870363134425133e+04 4.098311368783481885e+04 5.935318235424335580e+04 1.942769233719434123e+04 -2.298670552088890690e+04 -2.180864326132007409e+04 -4.414726320246700197e+04 -7.041117199347354472e+04 -9.532226599403703585e+04 -1.858085733064222150e+05 -3.422221018193518394e+05 -6.074180447746771388e+05 -9.330124390852859942e+05 -1.427452674447559984e+06 -2.296741203858404886e+06 -3.443571126858582720e+06 -4.205335193218186498e+06 -3.077431641530705616e+06 5.447445000306274742e+05 4.238740578027198091e+06 5.066562705021356232e+06 3.634766897459062748e+06 2.121401875566801988e+06 1.150583409616955090e+06 6.503795418620578712e+05 3.978561085380958393e+05
8.584519795025698841e+04 -1.724971887073479593e+04 -9.423597806191534619e+04 -6.416301256627772818e+04 -4.479432821739464998e+04 -5.157809300464580883e+04 1.648693508119322360e+04 1.644698606571173877e+04 -1.648033011239022017e+04 5.157917609438297222e+04 1.043680946825770952e+05 7.164466899354022462e+04 1.053340838418807834e+05 1.572890847409143462e+05 1.574622180929871975e+05 1.702592106367230299e+05 2.037960650783497840e+05 2.259773696522460086e+05 1.988862988341132877e+05 1.978928973141590832e+05 2.645901408721689368e+05 3.110011809784916695e+05 2.912094011699089315e+05 2.956302715116178151e+05 3.166256768105083611e+05 2.510347997175995260e+05 1.818258584983414039e+05 1.959757145214828197e+05 1.678514396952232346e+05 8.961695014790166169e+04 3.582207519037183374e+04 -1.356402685487424023e+05 -5.504296054202143569e+05 -1.327932781807610067e+06 -2.809071406276201364e+06 -4.689190497874509543e+06 -5.426509736886361614e+06 -4.108545570023715030e+06 -1.429384514932759106e+06 1.500339585181786679e+06 3.540600127982918173e+06 3.969917430553477723e+06 3.204585989036705345e+06 2.182248816848732065e+06 1.391096988850627560e+06 8.604590979206818156e+05 5.222298726707228925e+05 3.297153212333798292e+05 2.051422114280224778e+05
1.458271725766825839e+05 1.526272874849382788e+05 1.030160591535968560e+05 5.112111991213168221e+04 9.863430887693539262e+04 9.225362100522033870e+04 5.108772278763351642e+04 7.899340748495895241e+04 1.015895635919878841e+05 8.770895679830569134e+04 3.114455183560488513e+04 5.358109211316323490e+04 8.700763289409218123e+04 2.946685914765109192e+04 5.680561152286827564e+04 9.638276519137434661e+04 4.587886088527744869e+04 3.949830523692065617e+04 4.025677273923059693e+04 3.655262800923082978e+04 9.853865993034548592e+04 1.138518349156946642e+05 6.321908205747616012e+04 3.559042642766132485e+04 2.562903002777602524e+04 -1.472255679895158391e+04 -1.174517334939448629e+05 -2.230116452567748493e+05 -2.851495296333448496e+05 -3.970968512020774651e+05 -6.009331221942550037e+05 -7.787765143311135471e+05 -8.490147897723397473e+05 -6.306561728153617587e+05 2.231249278486965923e+05 1.561843684850606136e+06 2.330226741004734766e+06 1.961547810622145189e+06 1.203596819273080444e+06 6.507632300065578893e+05 3.387126580567560159e+05 1.685178762627779506e+05 3.193107166385743767e+04 -2.746044883853802457e+04 -5.691926723346067593e+04 -1.474188301991666667e+05 -2.468553776817871258e+05 -3.131454847636618651e+05 -3.695643868064433336e+05
1.240916520479367173e+05 1.855374209949513897e+05 2.448182201519374503e+05 2.750252196961081936e+05 2.690328161232173443e+05 2.636245276394765242e+05 2.506705686991334660e+05 2.250492849724834668e+05 2.762640017492230982e+05 3.186449848941991804e+05 2.369500717561459169e+05 2.334635164483914850e+05 2.685504652222152799e+05 2.420599743642378598e+05 2.435890313179695513e+05 2.296494574612008873e+05 2.370351212978130206e+05 2.056234200659673661e+05 1.270733351964736357e+05 1.515676129108760506e+05 1.266898756264708936e+05 1.034266158821759745e+03 -1.355590671813117806e+05 -3.645932439091841225e+05 -6.043799272231990471e+05 -8.504771123797392938e+05 -1.077887547850259580e+06 -1.080392607008691179e+06 -9.231356645398774417e+05 -7.524256149394199019e+05 -5.827734109084121883e+05 -4.714003423304535681e+05 -3.648094383499140386e+05 -2.309646759822499007e+05 -1.082939616841028910e+05 1.074562811857317574e+05 3.871777041774480604e+05 5.895824380271380069e+05 6.797501252044454450e+05 6.890604309615427628e+05 5.583087235223501921e+05 3.048559150734234136e+05 1.425782626605356054e+05 2.313368423725403409e+04 -1.868242661794640590e+05 -3.355084755632551387e+05 -4.311851511988801649e+05 -5.537582237343278248e+05 -6.670378426904678345e+05
-5.499884412623941898e+04 -4.793399720452725160e+04 -7.109143818321167782e+04 -1.232510657951934263e+05 -1.292764779855497181e+05 -1.084428047575056262e+05 -1.227769290574360639e+05 -1.222327507304726169e+05 -9.987269896897493163e+04 -1.140511379897361039e+05 -1.150878740730695426e+05 -6.649724454502586741e+04 -6.157846890622749925e+04 -1.171239482401870191e+05 -9.178848159557674080e+04 -2.745737185236066580e+04 -5.158266332757193595e+04 -3.088282607553980779e+04 5.463348853401828092e+04 1.023724638362181140e+05 1.566828877071380848e+05 2.537858033494558767e+05 4.284351089212584775e+05 6.560466588410774712e+05 8.797231334802929778e+05 1.103636363166150637e+06 1.208442571763298009e+06 1.170192114776584785e+06 1.003836416344274534e+06 7.322322146699293517e+05 4.823096612701197155e+05 2.255391042976398021e+05 -2.169038288161382079e+05 -1.312100705252374988e+06 -3.400704021004498936e+06 -5.570421332714607939e+06 -5.375555205091943964e+06 -2.330784725316338707e+06 5.798271682404400781e+05 1.691709791725729592e+06 1.723332268872184213e+06 1.395981013993736356e+06 1.156178045106350444e+06 9.848162566282562912e+05 8.130437659140464384e+05 7.636106010153868701e+05 7.684272677305868128e+05 8.058514806238207966e+05 8.808423990121643292e+05
-2.816163063916610554e+05 -2.211672493739752099e+05 -2.187531719438266009e+05 -2.447748066805070266e+05 -2.233289774949662387e+05 -2.568335557467070175e+05 -2.993733723659534007e+05 -2.726877052371858153e+05 -2.239459778100720141e+05 -1.850104196381287184e+05 -2.134058784478113521e+05 -1.934105973388070706e+05 -1.356074586627073586e+05 -1.353975338407326490e+05 -8.452125754207372665e+04 -5.029400925792264752e+04 -7.560252180614019744e+04 -5.591574207763187587e+04 -2.584679703519213945e+04 -1.101089613046497107e+04 3.532420128700323403e+04 7.190441462502349168e+04 4.568030729482416064e+04 6.974879772635153495e+04 1.172997234668582678e+05 4.834749376983428374e+04 2.654617138381605037e+04 8.892277598555665463e+04 8.317173213290539570e+04 9.142347365093883127e+04 1.247555915301200002e+05 1.549586652766454499e+05 2.082450358691862784e+05 3.481088275555514265e+05 3.018371932453000918e+05 -1.831182062381398864e+05 -2.029448761127411854e+05 3.416684711404384580e+05 5.129992236982801696e+05 3.987029342225276632e+05 3.851730858988604741e+05 4.645325010706441826e+05 4.548663593828666490e+05 4.548358097655012971e+05 5.160438964271461009e+05 4.918001203273874708e+05 4.953090228326629149e+05 5.041778303321907297e+05 4.609662800736166537e+05
6.920161434914916754e+04 7.621353507274761796e+04 7.877738192502851598e+04 1.069386001589008374e+05 1.565118455060292035e+05 1.783926784666253952e+05 2.183415913541101618e+05 2.475513458892237395e+05 2.183316970500166062e+05 2.061215831193838967e+05 2.083262348244899185e+05 2.045858527044766815e+05 1.846122787502826250e+05 1.622820769652025192e+05 1.892228526092366665e+05 1.719323372084181756e+05 1.227478030754719657e+05 1.188644282647873624e+05 1.261535487521905161e+05 1.418480043619637727e+05 1.027158119011437520e+05 8.347636577673268039e+04 8.492236863414302934e+04 2.377512477512954501e+04 -4.031908561650215415e+04 -1.383388992596879834e+05 -3.918512080342049012e+05 -8.780282372969684657e+05 -1.783655278476650361e+06 -3.577495122164258733e+06 -5.804319013840861619e+06 -6.418954456170910969e+06 -4.173899259052730165e+06 -2.627804372453894466e+05 4.201166758037297055e+06 8.291059577530821785e+06 9.031086814257424325e+06 5.846379473616845906e+06 2.509568852306114510e+06 9.511344771442208439e+05 2.806776222528396174e+05 -6.160832556197326630e+04 -2.283935935213221237e+05 -3.621825934195672162e+05 -5.260709366202349775e+05 -6.827227545250188559e+05 -7.761785509815691039e+05 -8.271927452203794383e+05 -8.671209838031604886e+05
1.999607240111801075e+05 2.075938413006952032e+05 1.836359444708797382e+05 1.331285381817725720e+05 1.061301312380237505e+05 1.036431091238046065e+05 9.027445528132375330e+04 4.116566812735958956e+04 -1.196080617082747631e+04 -2.357478819089010358e+04 -1.922627497464418411e+04 -7.558114543149713427e+04 -1.484016374935163185e+05 -1.938692930852993159e+05 -2.773997566202887101e+05 -3.804593316919639474e+05 -4.880311461864040466e+05 -6.587231795035765972e+05 -9.010031475371212000e+05 -1.233210668439859990e+06 -1.658421593614618294e+06 -2.117669033908169251e+06 -2.616031899084923323e+06 -3.102353998239265755e+06 -3.427464098415220156e+06 -3.344245339093030430e+06 -2.826059983551966026e+06 -1.957556840187173337e+06 -4.260247111361287534e+05 2.097943514079675078e+06 5.119959412565214559e+06 6.591552374454925768e+06 5.385518204481948167e+06 3.202032778100113850e+06 1.678156139195777476e+06 9.536018716474068351e+05 6.441986572113813600e+05 5.030397470865873620e+05 4.584315270977092441e+05 4.246138979756494518e+05 4.074692718463488854e+05 4.026386424194797873e+05 3.928373314411137253e+05 3.195031895709689707e+05 9.702195138787105680e+04 -5.961246014974294230e+05 -2.731171947388229892e+06 -5.488520401726674289e+06 -7.814504055465689860e+06
2.654756167635786114e+05 1.677712972613517195e+05 1.430597997171571478e+05 1.712054994166827528e+05 1.193373813305515796e+05 9.128541982092417311e+04 1.298507083085132763e+05 1.342249434575207997e+05 1.091758994368137792e+05 9.795126618351787329e+04 1.301729171338959131e+05 1.020522068138236646e+05 5.803263091482222080e+04 1.233686628309078515e+05 1.224938869668401312e+05 7.601197358686476946e+04 8.050677915336564183e+04 7.978100763750262558e+04 1.199440058571053669e+05 9.539777584548573941e+04 3.468104993342445232e+04 3.252123695099726319e+04 1.007679901667870581e+03 -2.581804991053640842e+05 -1.424635526427886216e+06 -2.887975817193506751e+06 -2.221410520953935105e+06 3.599993035313673317e+04 1.137856015290016774e+06 1.073680738778783940e+06 8.318724210589429131e+05 6.051170325087154051e+05 4.012575598119313363e+05 1.701993899518860271e+05 2.488764851703296881e+04 -9.160957790736539755e+04 -3.019506192265548161e+05 -5.894683771283609094e+05 -1.063605948890906759e+06 -1.872693478087307420e+06 -3.221691128257675096e+06 -5.267178985487552360e+06 -7.209947140240672976e+06 -7.520090877122720703e+06 -5.783184249086212367e+06 -2.915957201331613585e+06 1.040779539495147765e+06 4.955690845099125057e+06 8.013516734436154366e+06
2.259715504862833768e+05 2.329814180510584265e+05 2.080376218823951203e+05 1.842166845448082313e+05 2.127353993192082271e+05 2.385727594146737829e+05 2.248429485852830112e+05 2.304119842289949302e+05 2.337789516214979813e+05 1.973890775506151840e+05 2.313065492972964421e+05 2.578334429155807011e+05 2.164061174256494269e+05 2.060285777680110186e+05 2.062583247467409819e+05 1.864549624250503257e+05 -1.811711544002164155e+05 -4.272591873907366768e+06 -8.788834923401588574e+06 -6.087032111059522256e+06 -1.522682557813824154e+06 2.065588916710298508e+04 9.711743748578028753e+05 1.988379412051287480e+06 3.612466387611351442e+06 5.304719537570486777e+06 4.580557010346084833e+06 1.954761017929416848e+06 3.998302224656809121e+05 1.034600972005864605e+05 7.573441867891186848e+04 9.357984388072486036e+04 2.537644313823012635e+04 1.846622246375726536e+04 7.258349614625331014e+04 7.311230381485028192e+04 6.368734722957061604e+04 5.781166058732196689e+03 -2.443529236480128020e+03 -4.830516615358646959e+04 -1.894809209650866687e+06 -6.665166279188691638e+06 -6.655332862280175090e+06 4.442772477929615416e+05 3.841876058253123425e+06 2.439608586392708123e+06 1.334071693517033942e+06 8.540153471822844585e+05 6.716757633024649695e+05
8.713099117390817264e+04 -1.035659806337207556e+04 -8.861935046559659531e+04 -8.824496684945182642e+04 -6.046718611323740333e+04 -8.772905561316292733e+04 -1.046866413543466479e+05 -1.539579899783714209e+05 -2.308300380548463145e+05 -2.715145264461169718e+05 -3.989724539715102874e+05 -5.874187263828936266e+05 -7.941936098656147951e+05 -1.077254045743611176e+06 -1.434975862825521734e+06 -1.819359813085758593e+06 -1.785503008110100403e+06 2.224019490380304866e+06 6.977803369318714365e+06 4.775665092743582092e+06 8.856816609436655417e+05 1.067039771762210876e+05 4.684883647831156850e+04 -2.065836133493576199e+04 -1.038508151378477924e+05 -1.964161962457001209e+05 -3.381108900270191953e+05 -5.103680739901037887e+05 -7.792064093268704601e+05 -1.027045765969669446e+06 -1.233223278321092017e+06 -1.508723402290492551e+06 -1.702473142740206560e+06 -1.864792086919186171e+06 -2.133576338772545569e+06 -2.463618867471812293e+06 -2.905695587032241747e+06 -3.350562634574022144e+06 -3.433172039266209118e+06 -2.743674587402485311e+06 5.953523247916270047e+05 7.876632816033645533e+06 1.053106175379300863e+07 4.412007048182975501e+06 4.689766791532863863e+04 -7.278237409074790776e+04 -5.177709823416080326e+04 2.107318410940817557e+04 1.313991129904761910e+05
-7.416645649878797121e+04 -1.935183689405664336e+04 2.861782167106855195e+04 2.742342709563672543e+04 2.949596942868083715e+04 5.351257718808483332e+04 9.180159595562145114e+03 1.100318077602447011e+04 3.809110284026246518e+04 -2.814331705565564334e+04 -5.024094531312573235e+04 -8.018683819333079737e+04 -1.777659775811479194e+05 -2.961131978483169805e+05 -4.353710685612166999e+05 -4.664695464738181327e+05 -2.614262202760444488e+05 1.548814447125187144e+05 5.653092811047098367e+05 7.981346815964204725e+05 7.802146304672339465e+05 6.444612361071626656e+05 5.360840288072368130e+05 3.930430260894356761e+05 2.619306697876888793e+05 2.017622980813029571e+05 1.732768826297250343e+05 1.704649909143339610e+05 2.374253732670327881e+05 3.290982665994671406e+05 4.114048311795337358e+05 4.277178431348877493e+05 3.078694165078939404e+05 1.110611695749687497e+05 -7.719736112223495729e+04 -2.106481206178430002e+05 -3.694904675503494218e+05 -4.998266957560564624e+05 -5.191904410242568702e+05 -5.404303656704709865e+05 -5.022368935338458396e+05 -3.433820979029419832e+05 -2.339824610308271949e+05 -2.182012886303713603e+05 -1.684479040250887920e+05 -1.140707868325986638e+05 -1.155660583596911747e+05 -9.329120687267300673e+04 -3.533260288124275394e+04
-5.292989892303012311e+04 3.840010415297001600e+02 -3.414827636443063966e+03 -2.069115740421694354e+05 -7.612244814209407195e+05 -1.677237837869906332e+06 -2.237557261677574832e+06 -1.893393899303046754e+06 -1.319950049153413624e+06 -9.394865273253521882e+05 -6.143466900323992595e+05 -3.186549272737465799e+05 1.676452883169986308e+04 4.934834766882704571e+05 1.112560079873655457e+06 1.641073730577483308e+06 1.890441219360219315e+06 1.774238645432050806e+06 1.382814486555871088e+06 9.872364343225486809e+05 6.774549008131717565e+05 5.134963515028354013e+05 4.569613596837742953e+05 3.936821241676807404e+05 3.711042814271058887e+05 3.933628197514915373e+05 3.665766723104751436e+05 3.111346347787189297e+05 2.967330170434429310e+05 2.789001044444739819e+05 2.771996555966322776e+05 2.636026833351936657e+05 2.254267149366219528e+05 2.227919249836122617e+05 1.766482965840257239e+05 1.310575352166779339e+05 1.136775094980839640e+05 4.011252623051404953e+04 -6.091566558752628043e+04 -1.630962705111592077e+05 -1.778126589482417330e+05 -1.557896344346222468e+05 -2.422770571801806800e+05 -3.146198621031369548e+05 -3.546606201777469832e+05 -4.164520868519309442e+05 -3.894408925430618692e+05 -3.088727975654181791e+05 -2.494650764117185026e+05
-8.795802220224868506e+05 -7.776366114558186382e+05 -6.577620173478499055e+05 -4.853560810227645561e+05 2.080192050605546683e+04 9.303530719381519593e+05 1.495444087270879652e+06 1.222425581997958943e+06 6.455184956931052729e+05 3.283349094621370314e+05 2.578080350637903321e+05 2.565973942470737384e+05 2.408417708065825282e+05 2.328372408862923039e+05 2.283565081737468718e+05 2.025012255995535525e+05 2.031334825884550810e+05 2.562001785589382052e+05 2.738937351363711059e+05 2.323375486873553600e+05 2.238260580034691375e+05 2.359567401924869046e+05 2.271976647677370347e+05 2.131172666349443607e+05 2.169287049537524581e+05 2.381681874196510762e+05 2.109112083358922973e+05 1.823808038595602848e+05 1.919394892919803970e+05 1.723692882404429838e+05 1.657698548055482097e+05 1.203548898769067600e+05 -1.337304247095007449e+05 -2.238094858440444805e+06 -7.727909934890353121e+06 -9.656691966261718422e+06 -3.781617416671341285e+06 1.438892689020141959e+06 2.715644213950725272e+06 3.024826207557335496e+06 2.920635675063245464e+06 2.537792175458749756e+06 2.034260157214006409e+06 1.532951741325669689e+06 1.085813245580069488e+06 7.821899215207647067e+05 5.919477569212906528e+05 4.513829400675601792e+05 3.439867528638485819e+05
1.235526191594543634e+05 7.416696886648423970e+04 6.860140849312298815e+04 1.167170821898616850e+05 1.209455064521171153e+05 1.218045915692345880e+05 1.511760258488356485e+05 1.268199464702047408e+05 1.557087962399236276e+05 2.159064799820770568e+05 1.946220067219110788e+05 1.923233246075688512e+05 2.015490124921778915e+05 1.938467936450614943e+05 2.126677690801442368e+05 2.101868512190413894e+05 1.834154800302350195e+05 2.099604359205112560e+05 2.277468219515866367e+05 1.293598679208662361e+05 8.673260688316076994e+04 9.395918588736094534e+04 3.104024997679516673e+04 1.514952202967833728e+04 -7.051420044153928757e+03 -6.426383563317358494e+04 -1.173445610265480354e+05 -2.767527810111646540e+05 -5.329808007442617090e+05 -9.789972993073761463e+05 -2.105246432653507683e+06 -4.106191975519194733e+06 -5.599650797509260476e+06 -2.880542917729483917e+06 5.164756969644824043e+06 9.398880896816262975e+06 4.996165608115243725e+06 7.593589534692014568e+05 1.050323659088509157e+04 -1.947773147298716940e+05 -3.664883953460971825e+05 -5.250591989420359023e+05 -7.146204561815811321e+05 -9.041470984130888246e+05 -9.802688265912018251e+05 -9.887086013605559710e+05 -9.347600606980280718e+05 -8.552165451657475205e+05 -7.962487026385327335e+05
2.114570289501000661e+04 2.001768508111126721e+04 -1.073174743447452784e+04 -6.122841257601976395e+04 -8.023674699594266713e+04 -5.309451584471378010e+04 -2.537699715932831168e+04 -5.092769482696906198e+04 -7.184262766095355619e+04 -1.133601502084638923e+05 -1.620544574112864793e+05 -1.670932272297797026e+05 -1.596258727565872832e+05 -1.193524775048717565e+05 -7.996059159690045635e+04 1.399017582472896902e+04 1.095286371681141027e+05 1.346462940558558039e+05 1.523563911853124737e+05 1.509103860706089763e+05 1.776024047640383360e+05 1.821672849135936704e+05 1.451871047954775859e+05 1.552963394887044560e+05 1.358264650037742686e+05 8.200005931896169204e+04 -1.203169650211937260e+05 -1.790996046495859977e+06 -5.795397868806017563e+06 -7.319967822342289612e+06 -3.000445459440829232e+06 2.291191527982031927e+06 5.021278392075343058e+06 4.951275023587515578e+06 3.064765060900821351e+06 1.464683893960320391e+06 6.786894672707408899e+05 3.301530789240502054e+05 1.763301222759765806e+05 1.374494122108441079e+05 2.137682722631152719e+05 3.858351966948247282e+05 5.010024793061879463e+05 5.349672033527176827e+05 5.487757879070716444e+05 4.973323956737283152e+05 4.545283455058243126e+05 4.883376604865752161e+05 5.528336493729054928e+05
1.582114751962944865e+05 1.055824269820004702e+05 7.236822300648782402e+04 1.177845666540089296e+05 1.705232905742013827e+05 1.467709607945289463e+05 1.725215069425756810e+05 2.439955275930699427e+05 2.967314909480047063e+05 3.542475010914493469e+05 3.805599064315904398e+05 4.268908444262343692e+05 4.616318269341716659e+05 4.301770900510017527e+05 3.974914385884765652e+05 3.688165861769813346e+05 3.159805192443311680e+05 2.421261653967666207e+05 2.106111261557089165e+05 2.085861677426146343e+05 1.580501208570788149e+05 8.568528889038134366e+04 7.276425115356710739e+04 8.162343770207371563e+04 8.716384509054501541e+04 8.410033271415159106e+04 -4.118846037790079601e+06 -7.656431611739695072e+06 -2.467805984517615288e+05 6.493360391462917440e+06 4.004833998676049523e+06 9.930001624720139662e+05 3.672975744423475116e+05 2.426127824658758473e+05 2.175154114846375305e+05 2.398102215310791507e+05 1.869563795469000470e+05 9.822592968761455268e+04 4.956456781481392682e+04 -1.201310076110484079e+04 -3.815077197446953505e+04 3.474574259016662836e+03 -1.464915566670242697e+04 -9.350997657456924208e+04 -1.652598235453478992e+05 -1.911074336926680990e+05 -1.554261738131756429e+05 -1.252353864233007189e+05 -1.180763867450840771e+05
-2.280482903250956442e+05 -2.338889253849630477e+05 -2.181829400022977497e+05 -1.958519069076282321e+05 -2.145566870825132355e+05 -2.111338242376223207e+05 -1.873175904480739846e+05 -1.928668905259111198e+05 -1.905968818312977673e+05 -1.857535794953582226e+05 -2.142808220488952356e+05 -2.469129873748171085e+05 -2.646767037670359714e+05 -3.248774223227518378e+05 -3.884043287520760787e+05 -4.717020374123244546e+05 -6.043562418449438410e+05 -7.076843058265510481e+05 -8.183884466456943192e+05 -9.808792323770464864e+05 -1.144903990018645767e+06 -1.303968542020884342e+06 -1.454860892025174573e+06 -1.511572534734149463e+06 -1.498555531807360239e+06 -1.445360163494478911e+06 2.997736781344882213e+06 8.289858286325485446e+06 5.215082296864145435e+06 6.363675361621400807e+05 -1.197230974852573127e+04 -9.247070245910203084e+03 3.112148178159305826e+04 9.715559320756932721e+03 3.759047588100703433e+04 8.617687082674796693e+04 5.809658094716724008e+04 1.974997306708246469e+04 -2.952560139237903059e+03 -1.076912499323952943e+04 1.684153238427825272e+04 6.020230333728250116e+04 1.212275505129941739e+05 1.205177340551742818e+05 1.023977951810229570e+05 1.054871999681922607e+05 1.440413343370901421e+05 3.064910334086716175e+05 5.233183664834303781e+05
3.183717331074875547e+05 2.583351701666833833e+05 1.980660146404988773e+05 1.699607336311601102e+05 1.734330696379765868e+05 1.772590266453334480e+05 1.745943120121954707e+05 1.885199596773601952e+05 1.898719055356924655e+05 1.696877057920208899e+05 1.846765438799049007e+05 1.735825482825749787e+05 1.572247518447692273e+05 1.680147670005679829e+05 1.278600528131937608e+05 1.195213229215007741e+05 1.567368027224438265e+05 1.541966186743229628e+05 1.246112592495046556e+05 4.124102749512530863e+04 -4.339177001209417358e+04 -9.402938884042669088e+04 -1.558262870472392533e+05 -2.180481661472003907e+05 -2.823559793632011861e+05 -3.515620257618137402e+05 -2.826990579569239635e+05 -1.178990900405917782e+05 -3.630309350381162949e+04 5.395652022853062954e+04 1.258546531252794666e+05 1.475218937109460821e+05 1.417616413661751430e+05 1.317241592501521809e+05 1.737163594405866461e+05 2.040085122449089540e+05 1.527073917904633563e+05 4.673056542698759586e+04 3.422805605921847746e+04 2.383146206382662058e+04 -2.649720472865761258e+04 2.390672261652047746e+04 3.698354700638446957e+04 -4.047548173170117661e+04 -8.323046856210590340e+04 -7.558148660464189015e+04 -6.952972146624256857e+04 -1.051221307943332940e+05 -1.644321027846275829e+05
-1.669739661051426083e+05 -1.372360673302318901e+05 -1.046662754967110232e+05 -8.601204395119566470e+04 -8.462187440192792565e+04 -8.099985467793885618e+04 -6.291904536017682403e+04 -5.510250071878544986e+04 -8.039046832709573209e+04 -1.030442599969683215e+05 -1.176830076164333150e+05 -1.095300284679979086e+05 -7.952352769614651334e+04 -7.162060354312404525e+04 -8.972071221971418709e+04 -9.701011247234418988e+04 -3.696930468257050961e+04 3.152629463700577617e+04 7.470183073484804481e+04 1.577213539666262222e+05 2.158265604992625304e+05 2.841348031908276025e+05 4.114464438235161942e+05 5.376098279026332311e+05 7.069278207514437381e+05 7.763321010745128151e+05 6.791683252592333592e+05 5.841900938493210124e+05 4.761854184680851176e+05 3.069503113086097874e+05 1.438124559127029497e+05 7.202487059636041522e+04 6.698595819296385162e+04 3.570960603130515665e+04 3.365637561597418971e+04 4.256483636097982526e+04 -6.519594835699303076e+03 -3.976660656975605525e+04 -9.429037708789110184e+04 -1.223008482850850560e+05 -9.915335345838707872e+04 -7.069177475292258896e+04 -3.398968476685672067e+04 -1.105149177805299405e+05 -1.984092608280482236e+05 -1.676595415652259253e+05 -1.415365111810392700e+05 -1.818733051902370062e+05 -2.455828921083551832e+05
1.475846910162360873e+05 1.704436631256248802e+05 2.223935984499984188e+05 2.387480390816925792e+05 1.905166687484597787e+05 2.171734664851100533e+05 2.333769735810346028e+05 1.659184397978242778e+05 1.613086250203196250e+05 1.835018173151183291e+05 1.617020417843014584e+05 1.176205654192018555e+05 9.954019767523277551e+04 1.235628324933349504e+05 1.007329098402987584e+05 4.752170395571738482e+04 3.343560277950018644e+04 5.072731893567828229e+04 6.888561998901417246e+04 1.259232428797986358e+04 -4.388982652279076865e+04 -4.547848327783867717e+04 -8.020184448920201976e+04 -9.204495873244019458e+04 -8.817560287017846713e+04 -8.596754758909816155e+04 -2.473759629356185906e+04 -2.187799501116387546e+03 -3.021149452426464995e+04 -1.906936192070122343e+04 -2.442538307281199377e+04 -4.701607005787087837e+04 -2.489479371928624460e+04 -3.111613810178852873e+03 2.551178214955158182e+04 1.009614521183537145e+05 1.007014664832966519e+05 3.547902290418284247e+04 1.656470583751797676e+04 2.694234928465442499e+04 7.863402334332978353e+04 1.245835565665040049e+05 1.140357693884285400e+05 8.275314169004559517e+04 4.425187550426961388e+04 1.130225096538197249e+04 2.766274587425892241e+04 8.052072152204276063e+04 1.324859887460465543e+05
-3.843737942812730325e+05 -3.264984856528462842e+05 -2.984877005440648063e+05 -3.239406571921426221e+05 -3.274308779404964298e+05 -3.191533646639436483e+05 -3.697938685998086003e+05 -4.011168585222916445e+05 -4.105137724982342916e+05 -4.339723133301595226e+05 -4.230913133057767991e+05 -4.078450206917477772e+05 -3.781847710843428504e+05 -3.168507025222058874e+05 -2.727326980052748695e+05 -1.808229499438311905e+05 -5.882261371938511729e+04 2.555470657651312649e+04 1.144425124645931646e+05 1.995253504044376314e+05 2.623036320717069320e+05 3.062935540208125021e+05 3.580350088264101651e+05 3.877787951438224409e+05 4.044348708330653608e+05 4.222812797280494124e+05 4.253276462829669472e+05 4.564127565728274640e+05 4.267595895071282284e+05 3.620018576103028608e+05 3.465632564108817605e+05 3.003303612070160452e+05 2.380766310374029854e+05 2.401311067887580139e+05 2.904152054566657753e+05 3.004510880942689255e+05 2.432346890523328329e+05 2.135602765181105351e+05 2.100538082938874140e+05 1.996505285712187178e+05 2.429540771531179780e+05 2.901938385650288546e+05 2.861271332442983985e+05 2.654920920648148749e+05 2.429149912059081253e+05 2.274574807425953913e+05 2.428760525619150139e+05 2.756118292250894010e+05 3.035206931474339217e+05
-4.213263268407905707e+04 -4.180750972067471594e+04 -4.226149700232781470e+04 -2.593668640824034810e+04 7.388065121485851705e+03 1.282929151610005647e+04 2.651228474744129926e+04 7.098296053416572977e+04 9.535423718858516077e+04 8.824969213979778579e+04 7.971431993355514714e+04 1.199862750881584070e+05 1.384767020161961555e+05 1.092173028324031911e+05 1.129625530145130615e+05 1.104158362880116620e+05 6.409018179809219146e+04 6.382527704699894093e+04 9.553215913358140097e+04 7.557896171987519483e+04 2.484013976296415785e+04 -8.893035115906968713e+03 -1.699339364946357091e+04 -4.390714248467692232e+04 -6.062618930300226202e+04 -4.684033060621005279e+04 -5.995461088603478856e+02 6.598586893349431921e+04 7.932741212600377912e+04 4.545516982558174641e+04 -9.061991133494157111e+03 -3.400776713795494288e+04 3.261657247785391519e+03 4.775107375055077136e+04 9.255148352414846886e+04 1.084545349568361416e+05 9.805514489300549030e+04 1.297543829953067470e+05 1.817802215676054475e+05 2.219287145551055437e+05 2.270516433718150947e+05 1.194226588233152870e+05 -1.486010519554833882e+05 -6.461338505806673784e+05 -1.528846472703150939e+06 -2.713887431686736643e+06 -3.703138617806844879e+06 -4.127559065067896154e+06 -4.252117846877004951e+06
3.301880071836058050e+05 2.776481838489416987e+05 2.281026071769883856e+05 2.184318837849423289e+05 2.225587110361084342e+05 2.028834010864375159e+05 1.913241958309661131e+05 1.565964708488900214e+05 1.039529522048542276e+05 8.991167765227146447e+04 5.997749052068684250e+04 -8.776933508343063295e+03 -6.947507925971876830e+04 -1.265288263623369858e+05 -1.433689365832833573e+05 -1.727711601264311466e+05 -2.343876763014125172e+05 -2.558085933595430106e+05 -2.791504716343479231e+05 -3.072879991785156308e+05 -3.105316739255789435e+05 -3.091840369848066475e+05 -3.267112345632637152e+05 -3.435344481817445485e+05 -3.742741797567578033e+05 -3.996714019717181800e+05 -3.030722472380143008e+05 -1.675220627908132446e+05 -1.692578575137301814e+05 -2.516720009635901661e+05 -3.007905052276327042e+05 -3.093832671584100462e+05 -3.149497887078918284e+05 -3.161347748636034084e+05 -3.215014821680961177e+05 -3.840700121177355759e+05 -4.618110608647114132e+05 -5.095679465727889910e+05 -5.502978835365497507e+05 -5.868265485996364150e+05 -6.557853048044503666e+05 -6.783438372623659670e+05 -5.308293805137495510e+05 -1.192438166658366099e+05 7.419618419883730821e+05 1.930233361211716430e+06 2.779283314291976858e+06 2.949953645845518913e+06 2.835668591760855168e+06
