1.465940627348481794e+05 7.317028774096796406e+04 3.976806939788728778e+04 5.615301113266468747e+04 4.320782219409011304e+04 4.436190876902398304e+04 6.614216108644538326e+04 5.869303304492861207e+04 4.725959810088173253e+04 2.260317249139005435e+04 4.442356550384839647e+04 5.425827565872177365e+04 1.994846874425091664e+04 5.705320482434215955e+04 5.717116522916514077e+04 2.010185448994889157e+04 5.692174126465030713e+04 4.584552616151992697e+04 1.259347026590147289e+04 4.878567446625308366e+04 6.541061320889642229e+04 4.097570232558605494e+04 1.596222719725122442e+04 1.378334859012276866e+04 4.407166603498818586e+04 5.384168174487969372e+04 4.290377495124627603e+04 4.405141438040125649e+04 1.660398365289444337e+04 1.309118669041711837e+04 4.535762925427651498e+04 3.683214854321687017e+04 3.165283807433315087e+04 3.938883908176643308e+04 2.473857618383585941e+04 1.054004556379362475e+04 1.478005514954926912e+04 4.982514000744244549e+04 5.686755669599736575e+04 6.233408382877241820e+03 -2.160114860270405188e+02 -1.305184394331881776e+03 -5.089018386424868368e+03 3.690089194634335581e+04 1.373626908715825994e+04 -3.397040037143591326e+04 4.731994607000495307e+03 2.852105581967427861e+04 -5.137361981815192848e+03
1.280704599748776673e+03 2.383463274282804196e+04 1.079998951566268806e+04 4.982262370131145872e+03 2.348649239182122983e+04 1.599173895740932494e+04 3.035328233664584695e+04 3.309391583172325772e+04 2.761190092499417369e+04 1.837018869466191973e+04 1.293169639353441016e+04 3.192685609221371124e+04 1.827697767353127711e+04 2.496272690493240952e+04 3.153380815419950522e+04 2.072059467721375404e+04 2.475987227441693540e+04 1.275221132957085501e+04 1.086028656871349085e+04 2.197512813070716220e+04 3.835338417062300141e+04 3.672290365413567633e+04 1.376572171025149873e+04 1.743715166215214413e+04 1.614198861759173451e+04 -4.419603487822285388e+03 1.534853977390425280e+04 4.309194819711599848e+04 1.272695795648370404e+04 -1.504771169394184835e+04 1.809818947718653362e+04 3.737261099134222604e+04 5.299238615225593094e+03 1.327800786653812975e+04 4.900957612970378250e+02 -1.960638959061738569e+04 1.409200364932994125e+04 7.146762861429597251e+02 -2.349026277386659058e+04 6.599200696655316278e+03 3.033706957041431451e+04 1.200229232981917448e+03 -3.054504377928416943e+04 -3.890377030017605284e+04 -3.468683042058732826e+04 -4.813540958539291751e+03 4.717469948191021103e+03 -4.991213129273918457e+04 -1.309591721124782925e+05
3.936041039626620477e+04 -2.179285250722372439e+03 -2.087164820351969684e+04 -2.339176964696886716e+04 -2.739843948092125356e+04 -1.519933969760133186e+04 -3.741683253081649309e+04 -5.267617081799474545e+04 -2.346536385502992198e+04 -1.497732096992878360e+04 -2.187596676037175348e+04 -5.056249533125991002e+04 -4.112155251192234573e+04 -3.955021780015158583e+04 -5.465064347589755198e+04 -3.610244913262251066e+04 -3.974619252176124428e+04 -2.417833832381801039e+04 -1.992761001901270356e+04 -3.640418736593345238e+04 -4.921219096160700428e+04 -5.443814125528655859e+04 -1.726938361629439532e+04 -7.095126984067888770e+03 -4.351561382236474310e+04 -1.107999920364839818e+04 1.410989645052711967e+04 -4.374490179017819901e+04 -1.994767540906674549e+04 4.044368106689944398e+04 -1.140448702870319903e+04 -4.738526448304574296e+04 5.752706238836126431e+03 4.258503314529659110e+04 3.203374333580534221e+04 5.242874772911874061e+03 1.394143128479308871e+04 3.378205823025388963e+04 4.040852599728284986e+03 7.992740115269021771e+03 3.629665695187216625e+04 3.354269006905275455e+04 2.850281540174357360e+04 2.312091788568982156e+04 5.725502793866307184e+04 5.715249611098428431e+04 3.500567389238328906e+04 9.536475128805139684e+04 1.920422465028766310e+05
1.642804306893621106e+04 2.654917690781073179e+04 6.275084014576335903e+04 6.277093665119528305e+04 3.258860467027255800e+04 6.955145718662609579e+04 7.114365866485971492e+04 3.255414329856651602e+04 3.710248401275748620e+04 3.986123227903584484e+04 6.195161180641670944e+04 9.673086333066748921e+04 7.428922742534271674e+04 4.344501648956787540e+04 6.123182075583821279e+04 8.108659722838643938e+04 7.331417879613590776e+04 8.893075733667498571e+04 6.694794501951035636e+04 2.084577823779908067e+04 6.594364213373389794e+04 8.820916425447634538e+04 6.918764764945094066e+04 5.307620067471369111e+04 4.180233200799195765e+04 4.393406883167701017e+04 4.242397081952732697e+04 4.127065567869074584e+04 3.525181161734505440e+04 4.005314370444466476e+04 4.513064008831858519e+04 3.815252901520580053e+04 4.920942375010956312e+03 -1.608134383133804658e+04 4.251103779752244009e+03 3.203718341637789854e+04 1.280723486373960623e+04 -2.222877216836425941e+04 3.260862424540246138e+03 8.081489440301083960e+03 -1.916312885869052843e+04 -2.230864653753087623e+04 -2.746633442569867475e+04 -3.067871787010520347e+04 -2.376683682925440371e+04 -2.548422049316280754e+04 -5.057622257709248515e+04 -1.533165147828274348e+04 9.115045237298548454e+04
-1.614170023381120409e+05 -3.377632176228868775e+04 3.079972670077040675e+04 2.155353556790942093e+03 4.740105389810196357e+03 7.540766805632301839e+03 4.361532389648345998e+03 3.177862228370943922e+04 9.374798348471900681e+03 6.232968102885934059e+03 -1.926083989910752280e+03 8.614066122463467764e+03 4.365286239504709374e+04 8.579511079860792961e+03 5.539081634196918458e+02 -8.487456397415458923e+03 -2.129898452592903050e+04 2.480710719011764741e+04 3.654361250368307810e+04 2.008931699750974076e+04 4.681253040689596673e+03 -5.081842569179571001e+03 8.452000886172754690e+03 -4.406689603074395563e+03 1.021066024264669977e+04 4.107837318300882180e+04 -1.834344658745997003e+04 -2.025779977046116255e+04 3.324156676286290167e+04 1.004090434618759900e+04 -1.542864835359067365e+04 8.447411206452918123e+03 3.535704923579045862e+04 -1.665906499965759576e+04 -2.398471740363653225e+04 3.135617456564427994e+04 1.253061799459815666e+04 9.941297425793905859e+03 3.565797069186504814e+03 -2.093240535075886874e+04 1.315802001399814617e+04 3.942092525690903130e+04 4.008264998847153038e+03 2.588159454590204405e+03 4.033650988119918475e+04 7.077000735462192097e+03 8.918736118321612594e+03 4.718244890129417035e+04 4.330561714646950713e+04
5.812071650336292805e+04 -2.801795412924548145e+03 -3.319376342291431502e+04 1.264360483328375267e+03 6.213105376700696070e+03 -5.700568252890658914e+04 -3.268984175620059250e+04 3.107412334698892664e+04 -2.063372332444478525e+04 -2.843358708303637104e+04 2.544670293360471260e+04 -2.233409461781766731e+04 -5.136217082863365067e+04 3.868969792383722961e+03 3.014503440681437496e+04 -9.608443774323008256e+03 -5.794872860107716406e+04 -1.140695161509938771e+04 3.498380563156386779e+04 -1.249801478308654623e+04 -2.934124055611388758e+04 -1.021607119611870439e+04 5.961409796382213244e+03 2.683906115735220374e+04 6.881327301743905991e+03 -2.511638525176748226e+04 -2.137269761631610163e+04 6.950740392130683176e+03 2.968891763472127786e+04 7.677891352377540898e+03 -1.905488603668345604e+04 -2.483654505096643697e+04 3.412679818375065224e+03 4.267440160319887218e+04 3.713417811113680364e+04 -2.438754492577485507e+03 -2.101947587860189378e+04 -2.021202228379482403e+04 1.740131796868663514e+03 3.899172967150650220e+04 1.421680047857054160e+04 9.906303501611342654e+03 3.528902461694079102e+04 5.225702315674163401e+03 -1.657366244457085850e+04 9.325171517102688085e+03 8.761979695736750728e+03 -4.152151967809855705e+04 -9.906268048620299669e+04
3.522569969147298252e+04 2.924860715942486422e+04 2.485619115119334310e+04 3.026362380463979207e+04 7.265662671306927223e+03 -3.150258882484193600e+04 -1.201622238437266788e+04 -3.343957924043977982e+03 1.155051479880050465e+04 2.878456824786552170e+04 -4.478934809878424858e+04 -2.342950662638050562e+04 3.998643894290579192e+04 -3.826694643976225052e+03 -3.625145485981191450e+04 -1.123942379737849114e+04 2.994840608178490947e+04 -1.993261282674210815e+04 -3.189644093024979520e+04 1.709084061050815944e+04 -2.050914030623927829e+03 1.472296455198389594e+04 2.763646030944073573e+03 -3.638018734473008954e+04 2.047053043024934595e+03 3.216467269452550681e+04 7.138891481845246744e+03 -2.914019772222678148e+04 -6.837282462838804349e+03 3.688232165121010621e+04 8.536691535664576804e+03 -2.850481759109249106e+04 1.608652027607487980e+03 9.426917500059149461e+03 -2.551060550216792763e+04 -6.130526529777998803e+03 3.882763653633451031e+04 1.167498518487266847e+04 -1.454940771522524301e+01 7.239572796133856173e+03 -1.643622286308532057e+04 1.047594091120094527e+04 3.691064080157947319e+04 8.008436094532735297e+03 -1.364019908294727793e+04 4.328803990461882495e+04 3.992465536837656691e+04 -4.091776825840443780e+04 -9.155106589965621242e+04
2.023451132785340305e+05 1.278254222782924771e+05 5.572963513746805256e+04 -3.567650609438656829e+03 7.469519531550817192e+03 3.138962009285017848e+04 -1.650823539090191480e+04 -4.955652504176949151e+03 4.403572863437153865e+04 2.593028443770890590e+04 -1.581133284675178584e+04 8.271963169208844192e+03 3.817850089690182358e+04 -8.033872941850917414e+03 -6.051273043522145599e+03 2.001439580748416483e+04 2.633649031336954795e+04 7.614203891425859183e+03 -2.400645005473052152e+03 1.527069456347811501e+04 -3.788550312645360827e+04 -2.247202041304227896e+04 3.254318558199889958e+04 2.692166148321109358e+04 -2.289712760721333325e+03 -3.723322114412439987e+04 4.185319390671909787e+03 3.162491698702075519e+04 -1.153318824479344767e+04 -3.124268306466541253e+04 4.482267912207869813e+03 -2.457516424357891083e+01 -3.385081921936944127e+04 -2.658943613983865362e+04 4.392124470359762199e+03 -1.020152240154845640e+04 -6.201240363025129773e+04 -5.498981506953004282e+04 -3.033276835413067602e+03 4.565378274201066233e+03 -5.107061889331857674e+04 -8.844651697541848989e+04 -6.109430256205069600e+04 -2.489220740786555689e+04 -7.857549637719744351e+04 -1.175587774625452003e+05 -9.012494005346536869e+04 -1.384064861553621013e+05 -2.489517307934115524e+05
-8.875283856923494022e+04 -1.021562484724200331e+05 -7.906113091776205692e+04 -3.933188931598130148e+04 -2.617905548093403922e+04 -4.310956349218031392e+03 -2.196334738826408284e+04 -7.333356866041873582e+04 -5.563023652826825855e+04 -1.064526226669840980e+04 -1.946670884437486529e+04 -5.861174870533432113e+04 -6.289195336888951715e+04 -4.525712767601362430e+04 -4.094237181176140439e+04 -1.360050016573950415e+04 -4.260677672151350998e+04 -9.528890462104749167e+04 -3.717698578213457949e+04 -1.827742270208545960e+04 -7.298189893132058205e+04 -5.859472656906275370e+04 -3.408502831451193197e+04 -7.141121021450073749e+04 -7.023918422531991382e+04 -3.939525213852902380e+04 -6.184448671221623954e+04 -6.752132168374385219e+04 -4.553182605206530570e+04 -6.449131896177285671e+04 -6.143666376916380250e+04 -3.261783252521128452e+04 -6.594851785448566079e+04 -9.172890159166854573e+04 -5.928267452618447714e+04 -4.193490052413829835e+04 -6.176271155949513195e+04 -5.340454057146428386e+04 -3.385613326045125723e+04 -5.851276944071269827e+04 -8.161878293220087653e+04 -5.424781996196584078e+04 5.953076376317767426e+03 1.018833173206058564e+04 -1.150030342312681023e+04 -1.849989567479491234e+04 8.237559275403735228e+03 1.214768202573379967e+05 2.706609705827183789e+05
-1.181593576290470082e+05 -6.966557849635137245e+04 -8.338684408285186510e+04 -1.096482311709041824e+05 -6.086251277185510844e+04 -4.078047919054364320e+04 -9.375580550495214993e+04 -1.426086598193798563e+05 -9.055821823407331249e+04 -4.757520269435190130e+04 -8.907808654472324997e+04 -9.278214358659175923e+04 -9.830854896008525975e+04 -1.153871335425719153e+05 -7.551162963824032340e+04 -4.671231461230502464e+04 -7.806517604720278177e+04 -9.872862502645142376e+04 -1.044604281467399560e+05 -8.416018628166057169e+04 -4.074237234661285765e+04 -6.049312633607792668e+04 -6.706174781571479980e+04 -3.749901760842464864e+04 -7.149608930278220214e+04 -7.297861132115963846e+04 4.912243564103962854e+03 -1.397939745875075459e+03 -7.852733419891586527e+04 -6.394965092509635724e+04 4.839759724673116580e+03 3.418188561787270010e+04 1.207631001416360959e+03 -2.536361491682310589e+04 8.079659765789983794e+03 2.494225263450085185e+04 3.708925227030715905e+04 1.362130632358463481e+04 2.513620806348044425e+02 7.346675324763031676e+04 5.010080707565019839e+04 1.193720194059959613e+04 7.256540520327677950e+04 7.684617790386243723e+04 8.741013995964720380e+04 8.021683037783054169e+04 8.973670294617302716e+03 2.583170804820768535e+04 1.127870819738004357e+05
-1.489184197964278283e+05 -3.613159504991921131e+04 1.479061785754305311e+04 2.180156328176963143e+04 3.829248402886139229e+04 2.419531759802345186e+04 3.707865166470583063e+04 5.597909633150260197e+04 4.138855778564914363e+04 4.993464882900298107e+04 7.538464209985255729e+04 3.926191913164092693e+04 3.285121794222499011e+04 8.127535851235728478e+04 5.553552415378362639e+04 5.164400115943874698e+04 5.200931899336870993e+04 3.022736521528710728e+04 5.869183015722225537e+04 7.968169958949144348e+04 5.539600248172058491e+04 3.438831695624679560e+04 2.907442428742804623e+04 5.861590031203361286e+04 8.870484247228881577e+04 5.444676429036929039e+04 3.369799237516420544e+04 2.640296674908318164e+04 4.785789598932733497e+04 6.250998609259101067e+04 3.144278951407615386e+04 2.811322715606374550e+04 2.856233974169314024e+04 3.373080530836881371e+04 3.525901515429720166e+04 5.160296855632611550e+04 2.962375483832127065e+04 6.872274852285074303e+03 2.649020361361181131e+04 1.285610191771411337e+03 4.291677781726382091e+04 7.012355299313686555e+04 4.268173092714278027e+02 -2.807223134477683925e+04 1.532991645875852555e+04 7.389105356374767143e+04 3.402883679726024275e+04 -4.641528810563564184e+04 -8.641138250197283924e+04
-2.766534336866607191e+05 -1.691532974091387587e+05 -8.943253192090196535e+04 -8.322336210112553090e+04 -9.851993640306312591e+04 -1.133289170937496237e+05 -1.343248664035489783e+05 -1.143774696316905320e+05 -1.296907388351246482e+05 -2.215083695439534495e+05 -2.611256840864736005e+05 -2.625560685409074649e+05 -2.696628464640888269e+05 -2.891049448500415310e+05 -3.787540458852162119e+05 -3.804496882097010966e+05 -2.827215399186390569e+05 -2.731082320415952126e+05 -3.085279187629566295e+05 -2.520529307964897016e+05 -1.460783050546888262e+05 -1.352188547642074991e+05 -1.704620193003213499e+05 -1.083134519945089705e+05 -4.801282037402410060e+04 -7.970306611470715143e+04 -9.886914778577187099e+04 -7.418033313799253665e+04 -5.257077350004692562e+04 -3.758396590783377178e+04 -3.601257976559270173e+04 -3.842057624646276236e+04 -3.650637599508650601e+04 -3.266601994549995288e+04 3.156456007527653128e+03 -1.235712913050502539e+04 -3.608181558829545975e+04 -2.497292905940418132e+04 -3.697331647530500777e+04 -2.946065188360074535e+04 -2.120167122255219147e+04 6.312150522134732455e+03 3.589302636581123807e+04 7.064317392068915069e+03 -4.765037759851105511e+04 -2.062472871180926450e+04 3.743814430090435781e+04 -1.006872677302360535e+04 -1.135867873622914776e+05
-1.079969709285069257e+05 -6.826155642454978079e+04 -2.298203751182882115e+04 1.606359334182343446e+04 1.233847770927241072e+03 -1.340580520758521743e+04 3.190082990731752943e+04 5.184835628780990373e+04 3.631486636237252969e+04 7.696422591296141036e+04 1.367415966470434796e+05 1.681676692250766791e+05 1.938331734315579524e+05 2.070319610090518254e+05 2.493867637767106062e+05 2.804717258016172564e+05 2.452877083520435845e+05 1.881039127859548316e+05 1.524758895143895061e+05 1.097861136549908697e+05 8.293358748691374785e+04 6.031468671775639814e+04 -7.653315479037730256e+03 -1.202872588801270467e+04 1.453276557083881926e+04 -4.963393111480372318e+04 -1.016664189250877098e+05 -7.740303198683264782e+04 -8.877953532850353804e+04 -1.396325355237787007e+05 -1.383480839387630695e+05 -1.077587259557914222e+05 -1.709912029674891965e+05 -2.005214515313855954e+05 -1.642789005259691621e+05 -1.790953957467717119e+05 -1.707838720967991976e+05 -1.595763751467897091e+05 -1.708155551042726729e+05 -1.634513128955581924e+05 -1.230824085808125092e+05 -1.280242286291468190e+05 -1.631977697557519423e+05 -9.453589818735013250e+04 -5.155666299422574230e+04 -8.903115771518042311e+04 -6.366455672483402304e+04 -4.607731195479515009e+04 -8.376779292426304892e+04
-3.338959069532574504e+05 -3.621693733811844722e+05 -4.175083813862872776e+05 -4.776754709923988557e+05 -4.917580081915366463e+05 -4.729348833883703919e+05 -4.274813642567459028e+05 -3.754580502409955370e+05 -3.593651009310272057e+05 -3.185223193105774699e+05 -2.584587614024349023e+05 -2.276201127543756738e+05 -1.694402187801459804e+05 -1.566235917387530208e+05 -1.468089850569230039e+05 -8.206700603135698475e+04 -8.449919361977651715e+04 -7.669380732622812502e+04 -1.298590387792512774e+04 1.159757971443468705e+04 -1.598871881818934344e+04 -3.875261655404767953e+04 2.593339299608487636e+04 8.630596492621419020e+04 4.652166336643835530e+04 1.688650362659222446e+04 6.346693887157016434e+04 1.196463598737320863e+05 1.410223040296114050e+05 1.228114510489101522e+05 9.099660433872486465e+04 1.540380577858751640e+05 2.217901775430808775e+05 1.912982033644223120e+05 1.620020364022637950e+05 1.476067151236931095e+05 1.869246512561950367e+05 2.624729882378601469e+05 2.188449261205098592e+05 1.601909853348475299e+05 1.991164052782557555e+05 1.612149663067984511e+05 1.258648222396001220e+05 1.929653651671839762e+05 1.699418093643916072e+05 6.797165350886624947e+04 6.040124071376381471e+04 1.419287924344814091e+05 2.336805620444616652e+05
1.903757715151730226e+05 1.613584342899412150e+05 2.030094142461893498e+05 2.727193357749638380e+05 2.910368148874840699e+05 2.771943948957050452e+05 2.248440471376670175e+05 2.109659175651906407e+05 1.611431233136684168e+05 1.043690389806579042e+05 9.923028485231049126e+04 3.195242488654924091e+04 -7.704757008759770542e+03 4.792369079368654639e+03 -1.796238804621680174e+04 -8.301965618782571983e+04 -8.562640324998955475e+04 -1.386033212183971773e+04 -4.769124024554909556e+04 -1.197495310399244481e+05 -8.324586869784975715e+04 -7.373462095129082445e+04 -7.356958164877153467e+04 -7.948747371025073517e+04 -1.196179182429477514e+05 -8.291546284985102830e+04 -6.910918353285532794e+04 -1.109291034538184467e+05 -1.218257586585968384e+05 -1.078329604744794196e+05 -1.074043791405709926e+05 -1.414297948286553146e+05 -1.379746271033952944e+05 -7.235697094649373321e+04 -6.851226985985721694e+04 -1.454287736002877355e+05 -1.401097297375234775e+05 -6.532636408846895210e+04 -7.461952667705167551e+04 -1.006219713197784731e+05 -9.490201998116390314e+04 -6.747958205924124923e+04 -3.717003992082015611e+04 -6.759179383385379333e+04 -5.830045956317964010e+04 2.656773261769558303e+03 -4.246900931612122804e+03 -5.193241098058898933e+04 -8.923677843696996570e+04
2.225516447812696570e+05 1.282361996237158892e+05 1.041073465394582599e+05 1.405560124831389985e+05 1.265098448299977463e+05 1.132661219485453039e+05 1.264589212162536278e+05 1.122711923891620536e+05 9.442675783764576772e+04 7.099603604030559654e+04 6.633638609579073091e+04 6.367858019657440309e+04 2.445517348736756321e+04 3.682709680673723051e+04 1.418383083015214652e+04 -5.007715611849565175e+04 -2.050753462295697682e+04 -1.421588427212554234e+04 -7.993830380073629203e+04 -8.655455727355726412e+04 -1.864970800364978641e+04 -9.402466151441454713e+03 -7.314190343742679397e+04 -7.965013041095525841e+04 -5.549006453686160967e+04 -5.045187886447823257e+04 -3.681709884302105638e+04 -4.652687266643633484e+04 -2.519974443726838217e+04 2.052266063896240667e+04 2.060320294171111891e+04 1.880747787552548107e+04 2.241732001304635196e+04 2.278958014314412139e+04 2.655048570755749824e+04 4.682635044227927574e+04 8.313944848137909139e+04 6.089476505047071259e+04 2.002669661393157730e+04 2.568039498881255713e+04 6.249410574244429881e+04 8.959748067391062796e+04 5.577708332457389770e+04 2.461624840958399000e+04 3.327554498471727129e+04 6.229707577884237980e+04 5.538107201631630596e+04 -2.441866627406759653e+04 -1.257019842199943378e+05
-9.720207396443572361e+04 -6.422629717868403532e+04 -5.761993859036004869e+04 -5.457240244628334767e+04 -3.672025858788401820e+04 -4.849506958780690911e+04 -3.417299465545511339e+04 -1.773816193657697295e+04 -3.700607366779877339e+04 5.122347809519851580e+03 3.320175666340216412e+04 2.929151638687468949e+04 5.477338705903093796e+04 6.704344103163745604e+04 7.611254052979344851e+04 4.559557726017368259e+04 4.299858495069190394e+04 7.943700763702503173e+04 1.099181129433417809e+05 1.363275254875042592e+05 7.491945104833587538e+04 8.362333807730488479e+04 1.485131520502911881e+05 7.695191244471084792e+04 3.680841675261058845e+04 1.068691742283407366e+05 1.197708473150850041e+05 7.794592664526146837e+04 6.759326428713381756e+04 8.003988513897650409e+04 4.786573782941570971e+04 1.476889837955241092e+04 8.219198443985101767e+04 8.071075541018240619e+04 -1.002627576206577942e+04 1.261121950621553697e+04 4.586897852619597688e+04 2.291241401115269400e+04 1.618870444210176356e+04 -1.069200879224808887e+04 -7.710323531282367185e+03 1.933282227502786554e+04 -1.308794366901554167e+04 -4.544935239820950665e+04 -6.626411996476352215e+03 2.367866990411118604e+04 -1.359700813387520611e+04 -6.175053493498079479e+04 -1.000974374590427615e+05
6.288297415492706932e+04 3.172465793220911291e+04 5.774975696331239305e+03 7.514147225811087992e+03 2.448832431902701501e+04 4.569848267972702160e+04 3.036469898135692347e+04 -1.783435519231721992e+04 -7.758275008018303197e+03 4.692243185709230602e+03 2.002743761331657879e+03 2.737862261026742635e+04 -8.821727053727954626e+03 -5.845191241103748325e+04 -1.913636222343484405e+04 -1.690226521022862289e+04 -4.999215700328940875e+04 -1.564947514787490945e+04 -1.673596525928587653e+04 -8.234262795165699208e+04 -8.172920842785961577e+04 -4.208231616554255015e+04 -7.036562576206063386e+04 -8.030066286366498389e+04 -5.758939608705984574e+04 -7.969027703962626401e+04 -9.838028826576187566e+04 -4.671940648251629318e+04 -2.528474110978990939e+04 -7.564651669163147744e+04 -4.572344142565291259e+04 -1.599384542947541922e+04 -4.166807275600166759e+04 -4.431432786666843458e+04 -4.077583274483913556e+04 -1.607623615025667823e+04 -1.579371028412433225e+04 -8.360521930226270342e+03 1.742458515327601344e+04 -9.732723869892623043e+03 -7.708464724491699599e+03 1.941579441721845069e+04 -1.209987659298346261e+04 -1.407362892889045179e+04 2.390623249651977676e+04 -6.813097122212609975e+03 1.868512705477827694e+04 1.248835254157155287e+05 2.094677796119476552e+05
2.179918579143120442e+05 1.249722032932913862e+05 3.708749651428661309e+04 7.539845871942699887e+03 2.423002017902035732e+04 1.497044069859839510e+04 3.119512038269022014e+04 7.538458749324496603e+04 5.391559489573416067e+04 3.602270625575329177e+04 6.448913221385743236e+04 5.832303281822544523e+04 2.252115375180431874e+04 3.506519832684716675e+04 7.398423260841809679e+04 7.634740417612192687e+04 7.436643509070572327e+04 7.738941943032835843e+04 7.623374158560179058e+04 7.285654214625536406e+04 7.320410247979438282e+04 5.086416946287486644e+04 5.366015177511154616e+04 1.051844140356114222e+05 9.689201407069031848e+04 4.421963891443744797e+04 5.630962791088689846e+04 7.683975893400218047e+04 3.649636016401936649e+04 1.699132392124741455e+04 4.668762639070325531e+04 4.544590738718383363e+04 1.997715694771625567e+04 1.702176475075245253e+04 2.046297172884808970e+04 1.474007890254145605e+04 -1.619255299090591143e+04 -9.044293264596490189e+03 1.694656791281886399e+04 -1.032778352295278455e+04 -3.940908011085426551e+04 -1.232132868899524328e+04 1.794576868051075144e+04 -1.517624891967020812e+04 -3.912379853187318076e+04 -7.869256577978347195e+03 -1.303873792581754969e+04 -6.130081843068133458e+04 -1.004728360144494800e+05
-1.204010537973954051e+05 -2.892370802379445013e+04 6.759509040246478980e+04 6.849808971477609884e+04 2.341479567890928593e+04 7.623371510948342620e+04 6.244197737003558723e+04 1.336099938096597907e+04 5.246311418646651146e+04 3.577569902052344696e+04 3.029644695125200087e+03 2.661434201269003097e+04 5.288031039613997564e+04 3.493809548090212047e+04 1.184290580269586644e+04 4.519648973866432789e+04 1.293974030500985100e+04 -1.526782551904034335e+04 4.469970126810946385e+04 4.199339917024187162e+04 1.114054986923292745e+04 -1.088669764838420087e+04 -7.718698589815234300e+03 4.228665350681680138e+04 3.421865397751377895e+04 -1.691086751736287260e+04 -5.287496128366736230e+03 4.547226153728849022e+04 5.859869645573955495e+03 -1.389445438348024618e+04 1.522426033618103247e+04 -1.644061932987847831e+04 -1.064451134661806282e+04 1.618837292342499131e+04 1.940858927795494674e+04 1.525583274502423592e+04 1.422051465175178600e+04 2.059509710707067279e+04 -1.385974923592573032e+04 -1.087981050099182175e+04 2.067798118892818457e+04 1.723018931370461360e+04 1.691888805347838206e+04 -1.664445857510174392e+04 -1.029140541963017313e+04 2.137613247286929982e+04 1.661609368064091541e+04 2.915856644307472743e+04 5.030489183263829909e+04
3.306977389947848860e+04 6.253916907982784323e+04 6.668720760455483105e+04 6.412198083999101073e+03 -8.382029342537862249e+03 1.482795838965103030e+04 2.659594449723954313e+03 1.303631896691513248e+04 1.990709202742436901e+04 5.373184735217364505e+03 -2.631531613136758097e+04 -3.486155594458989799e+04 -8.050930789177073166e+03 4.968704571001580916e+03 -1.847164111415622756e+04 -4.521615260629914701e+04 -4.626756945064710453e+04 -4.477876757962803822e+04 -4.612823309536906891e+04 -4.781557827926008031e+04 -7.901282698476256337e+04 -1.004945582438084530e+05 -9.682482488540717168e+04 -1.092634483100118814e+05 -1.168377529182180297e+05 -1.356714484941765841e+05 -1.549233087054016069e+05 -1.351692821047620382e+05 -1.135859262063604256e+05 -1.337478154916607891e+05 -1.656805458148299949e+05 -1.366440952195260907e+05 -1.002987253741598106e+05 -1.351244308572493610e+05 -1.323396481964298873e+05 -4.408931632511684438e+04 -4.626916285415086895e+04 -1.012015270583653473e+05 -4.384917398419947131e+04 -1.146501577619340969e+04 -4.123387855230254354e+04 -4.426839446765382309e+04 -1.415330055264336988e+04 1.215140392509056255e+04 -1.203873497448500711e+04 -9.982142207591095939e+03 1.599492224493599497e+04 2.790374367286829511e+04 4.782277758240420371e+04
-8.423761707876110449e+04 -5.533343154005706310e+04 -8.106352401286130771e+04 -1.411218513233325793e+05 -1.267963353832601570e+05 -7.281604037110798527e+04 -8.329931000895157922e+04 -1.048040275868698955e+05 -6.995296526358299889e+04 -8.237481115997070447e+04 -8.353428813730704132e+04 -3.433117268017656170e+04 -3.687796039892418776e+04 -5.330601783622114453e+04 -1.783265173427935224e+04 1.556282996658410411e+04 1.483633303105307277e+04 4.535354373088921420e+04 4.374235172275803052e+04 4.260758332187822089e+04 1.005030340187655529e+05 1.090809546830130275e+05 8.319967976858618204e+04 9.984460191109962761e+04 1.522389112039672327e+05 1.939442668081754819e+05 1.745560833548367955e+05 1.345186216333243356e+05 1.562432163425544859e+05 2.254950906717568578e+05 2.235471488290205016e+05 1.331177669606402051e+05 1.397294559076547739e+05 1.942362878686253098e+05 1.371493585444838391e+05 1.065264248211313970e+05 1.336448131468933425e+05 1.084740294686345733e+05 7.637513133071473567e+04 7.818536665028636344e+04 7.804821231409732718e+04 4.538485344339313451e+04 1.562176981256925501e+04 4.095554194027534686e+04 4.639713512238836847e+04 -1.071454158038250171e+04 -1.447470948296517599e+04 8.626101648733171169e+04 2.242940171743230894e+05
3.483317589925712673e+04 6.354927846041391604e+04 6.754866826668145950e+04 3.702998974898943561e+04 5.061838385670853313e+04 7.575010988315625582e+04 3.720886926792444137e+04 1.460209920835043886e+04 4.800868581107348291e+04 6.672745556883452809e+04 6.593221642673602037e+04 8.381229884689676692e+04 8.219926090619989554e+04 6.655637869247581693e+04 4.221163967558821605e+04 4.632288011162026669e+04 7.552460064129263628e+04 4.625339898891979828e+04 1.512883494360721670e+04 4.406265038895068574e+04 7.103913300314152730e+04 5.037696035746188136e+04 5.450812515300652012e+04 4.013808142604841851e+04 4.151235574972874019e+03 1.690719542188156629e+04 2.637793548114137957e+04 4.565254802662826842e+04 3.810790741808892926e+04 -1.198396095598593820e+04 -1.438974085569509771e+04 1.412778837286174530e+04 -8.176761902868631296e+03 -1.441958203198749106e+04 -1.239574040497251553e+04 -1.077439277571119601e+04 -1.455446343003137736e+04 -6.993857137087627780e+04 -4.174395628520892933e+04 -1.139523755220574094e+04 -4.159050279704399873e+04 -7.338117096711345948e+04 -1.025389687805724679e+05 -4.906620906338465284e+04 -4.421229219165942050e+04 -9.968859737418797158e+04 -7.337311290029888914e+04 -6.299942441903060535e+04 -1.048549894798619789e+05
2.091731685514968121e+05 1.217783787952794228e+05 9.694732339223253075e+04 1.243304697040729807e+05 1.080908278162678471e+05 7.600582531922560884e+04 9.704239514219807461e+04 1.022921348855743418e+05 4.723987062927341321e+04 6.725909152366506169e+04 9.573388118580623996e+04 5.401280592421250185e+04 2.412539929253398441e+04 3.816754170533384604e+04 4.243115746765394579e+04 1.776508057169847598e+04 1.800945240043802187e+04 1.755792921969259623e+04 1.557759672723476979e+04 -1.346489041148743127e+04 -1.630821847909833014e+04 2.148125342246206856e+04 -3.367470320445150719e+03 -4.755591721237571619e+04 -2.471658122689388983e+04 1.757639466086398170e+04 2.648636437297680823e+04 -1.265300699793445528e+04 -4.904361797460295202e+04 -4.094145138173186569e+04 -1.446185778077057330e+04 1.384398793510635733e+04 2.111338195056312543e+04 1.443172639599654940e+04 -1.301811076147724816e+04 -1.037271444060033537e+04 4.387271174906357192e+04 4.674827956405360601e+04 1.677756161923753098e+04 4.666964914511468669e+04 4.570303420965481200e+04 4.361926331024713727e+04 7.328911902317465865e+04 3.842332966589288844e+04 4.317250033527646156e+04 7.622026241566325189e+04 7.345581463690919918e+04 1.129117614702399296e+05 1.879552903152192011e+05
2.059711852519830863e+05 1.212820835954334761e+05 1.261447984790723422e+04 -1.817124408924425370e+04 2.125452648004284129e+04 2.039880188604001887e+04 4.316802865963833756e+04 4.544590759891431662e+04 4.644337447818540386e+04 6.911002627704873157e+04 4.051312664538271201e+04 5.363648898957757046e+04 8.285430502750384039e+04 6.929734149285647436e+04 7.202140581066484447e+04 1.053651438446833054e+05 1.065539586917294364e+05 7.673265456069198262e+04 1.028691205881477217e+05 1.038528800770290836e+05 1.001973674022881896e+05 1.092725975545180845e+05 8.530435034597769845e+04 9.725783844209200470e+04 1.208193180162197677e+05 1.066054420206638169e+05 8.573785488086286932e+04 1.047559716687829932e+05 9.849949825744261034e+04 7.707740164303698111e+04 1.025547032886969391e+05 1.019181025058787782e+05 5.283341673210123554e+04 4.491555088890867773e+04 1.028537007365231402e+05 8.042526393765013199e+04 1.821959538756345864e+04 4.793385178832977545e+04 4.833021192644082475e+04 1.916693272505654022e+04 1.767414330228324980e+04 1.628004599115229212e+04 1.683119102934142575e+04 1.014828688646946102e+04 -1.464856323284003884e+04 -6.724314580722386017e+04 -6.903751647230831441e+04 -2.816693371133413166e+03 6.830715763338981196e+04
-1.329892902250867337e+05 8.654750409186832258e+03 9.842842062331324269e+04 6.763906787906303362e+04 2.161106909137743060e+04 4.989388300913558487e+04 7.346378993701361469e+04 7.442641271067265188e+04 4.646878102867057169e+04 1.411761544717590732e+04 4.217343527692729549e+04 5.379008581556269201e+04 2.726795546979701612e+04 1.438768007777980529e+04 1.633883583592250943e+04 2.142967420084463083e+04 2.301122277116519399e+04 2.116738850898397504e+04 1.863578670367132872e+04 1.993552455707686022e+04 1.583302604696658091e+04 2.500284738351189299e+04 1.243145209664362483e+03 -1.596971246508479817e+04 7.833097230832237983e+03 -5.932581362285331124e+03 -2.731016106663446408e+04 -8.455092936710600043e+03 1.379763223572808784e+04 -7.998383544836629881e+03 -1.136933358415271505e+04 1.619511498502115137e+04 -4.089459232418332249e+03 -1.251132797144245706e+04 -1.221224901404645061e+04 -3.349442939041182399e+04 -1.057670785499783233e+04 -1.019046022047408042e+04 -9.591900028026546352e+03 -1.067077250241706497e+04 -1.227868046029456309e+04 -1.359324297496621148e+04 -4.159810728131551878e+04 -2.007413904502740479e+04 -1.648485978897937457e+04 -1.159833548459569283e+04 -1.322673525915913342e+04 -6.164350219703865878e+04 -1.054617139962633664e+05
9.098995038919360377e+04 1.048298108536994550e+04 -1.044655903169780504e+04 4.164145808041212149e+04 2.240271760922041722e+04 -3.280900278332410380e+03 2.162513895425945520e+04 -7.725357366725918837e+03 1.860173002278304193e+04 4.463400591426761821e+04 1.686410690774209797e+04 2.569003457669180352e+04 8.789237680321093649e+02 1.685094222571933642e+04 4.506870558310765773e+04 -5.145403318893047981e+03 2.474799136354704387e+04 4.993503073666943237e+04 -8.528595970128662884e+03 2.094634345077793114e+04 4.400634524063195568e+04 2.553449822386028245e+04 2.990173464611871168e+04 -1.610915366924006958e+04 8.244935310504282825e+03 7.873500527886790223e+04 2.882512588694202714e+04 -8.144130094151478261e+03 1.421653853496524971e+04 1.998907424640486715e+04 4.428154958237422397e+04 4.356952360365533968e+04 2.384370234780362807e+04 1.481381600489845732e+04 4.265287717193143908e+04 5.131945064757036744e+04 1.758964952867245302e+04 1.713515008799737552e+04 1.803408768828382017e+04 7.287868627448898042e+04 7.128213719377492089e+04 1.403630631815752713e+04 4.280181249152508099e+04 3.562123165902428445e+04 3.909403820609414834e+04 7.260793389592418680e+04 4.319800573430242366e+04 2.330217600683667115e+04 3.575291179644345539e+04
6.322619617756571097e+04 3.955743516955408268e+04 2.027641351101920009e+04 1.701812438681372441e+04 2.417594642887706868e+04 2.758401769315241472e+04 2.637477542812120373e+04 2.288893020289835113e+04 2.067798538977513817e+04 2.132802320455084555e+04 4.858668627435700910e+04 5.520032311906112591e+04 4.810603074874961749e+03 -5.743660751322750002e+03 4.836682249384466559e+04 5.393249255765110138e+04 2.941551146199344657e+04 2.644233399958463269e+04 2.338773123818100430e+04 5.296325304851049441e+04 2.038056221048481530e+04 2.704202109744248446e+03 6.192644874128757510e+04 4.308741287750325864e+04 1.347954296812537359e+04 5.593183069009665633e+04 6.067451176713785389e+04 -2.769208397221518680e+03 2.009421730908768950e+04 8.022296844239463098e+04 4.865033206733647967e+04 2.044971143885055790e+04 2.908597129309800221e+04 4.695961530829657568e+04 4.573245485938969068e+04 2.932297387684218120e+04 5.129639357313874643e+04 4.956693112821085379e+04 5.087406805716443341e+04 7.613397049179160967e+04 4.709492167268740013e+04 1.902163190767168999e+04 1.942356928062497173e+04 3.982918444831762463e+04 7.060852881229959894e+04 7.618042804111586884e+04 4.798261587537103333e+04 -2.794825925244274549e+04 -1.288831642812862992e+05
-4.575775873221550137e+04 -6.827277659656840842e+04 -5.918327602994383778e+04 -8.114066240668762475e+03 -1.743080409069079906e+03 -5.163535146915807854e+04 -5.187842400133376941e+04 -2.223762099165352993e+03 -4.886584402265725657e+03 -5.705844079784583300e+04 -5.721741308690980077e+04 -2.493246257377904840e+04 -1.973467277988675050e+04 -2.951941130391787738e+04 -3.092884342637262307e+04 -2.527052144680055790e+04 -2.207508611740195192e+04 -2.533921330817969283e+04 -5.576934767479536822e+04 -2.628255516930948943e+04 -4.539174047676904593e+03 -2.182854721118917223e+04 -1.769809939913108246e+04 -3.701055734592949739e+04 -3.844021154945937451e+04 -2.368366914321092190e+04 7.552694340702262707e+03 -2.791066432560916292e+04 -5.962361501355201472e+04 -4.816187478716601618e+02 -4.883937779377272818e+03 -3.303055799304274842e+04 -2.442134566255850950e+04 -3.474961570886074333e+04 -9.210785616014443804e+03 3.050041397218708880e+03 -3.025433584844000870e+04 -3.285982772184076020e+04 -3.186674758966540685e+04 -7.457252230233279988e+03 -8.694703641959087690e+03 -3.654085324931665673e+04 -8.722165161889250157e+03 -1.643358598157679080e+04 -4.168653387256214046e+04 -8.668000707548315404e+03 -8.946413699450436980e+03 -5.694380027343815891e+04 -1.024055355130972457e+05
8.897472596509009600e+04 1.573751351141254418e+04 7.699878579296637326e+02 2.455217098104185425e+04 -2.465998079031123780e+04 -4.523977282660780475e+04 -1.688329118973342702e+04 -7.748966091690817848e+04 -1.345184855292611755e+05 -1.028152164934726898e+05 -1.302391262602760689e+05 -1.549534483811297687e+05 -9.439182195928879082e+04 -1.026904076908249408e+05 -1.057797740347449435e+05 -1.001220196973009733e+05 -9.639280757633980829e+04 -1.948216849181335419e+04 -2.287802612278028391e+04 -4.737438830939936452e+04 -2.639052896600321401e+04 -4.299078957090387121e+04 -1.224456426178221591e+04 -5.093238622211967595e+03 -3.178551805904135108e+04 -1.756229186255962122e+04 -1.512808105908322614e+04 4.722665271110599861e+03 1.168287905311561190e+03 -4.938967893656820524e+04 -5.426456169516325463e+04 -2.802905388511129422e+04 -1.930060187616618350e+04 -3.022577863492182223e+04 -6.070985958038363606e+04 -4.636972131906094728e+04 -5.183132696722174296e+04 -8.304855563939793501e+04 -8.268500134174246341e+04 -8.710223309419213911e+04 -8.767191045146339457e+04 -8.766757385878023342e+04 -8.815406902343942784e+04 -1.234617205735417665e+05 -1.217849940004821838e+05 -8.974016662119513785e+04 -8.976510797074310540e+04 -8.247289112885468057e+04 -7.338840370357345091e+04
3.550223869868210750e+04 6.980811249159160070e+04 1.087818025769956876e+05 1.056887627117976081e+05 8.288928051246330142e+04 1.159773822600254789e+05 1.176554214264615439e+05 1.371275178303769790e+05 1.872224659487257013e+05 1.657285493853851222e+05 1.920423495628349483e+05 1.940487581030178117e+05 1.478458559337013867e+05 1.668323942595452536e+05 1.370565551097388379e+05 8.945391393455816433e+04 9.356676799172442406e+04 6.326121852092910558e+04 6.419794101821025833e+03 -4.479507002470199950e+04 -7.752784403826785274e+04 -9.395852098634326831e+04 -1.441426608349140733e+05 -1.640500745853933040e+05 -1.906634032809233759e+05 -2.307772684251542669e+05 -2.290081695257684914e+05 -2.635490126781228464e+05 -2.403951401160157984e+05 -2.104481174515967723e+05 -2.158284658614139189e+05 -1.357929684007829055e+05 -1.003130171987870708e+05 -1.115286872295837675e+05 -6.085367126637705951e+04 -1.904234414440000546e+04 -2.424180216738022864e+04 -2.832623427151708165e+04 -6.095747437212849036e+02 4.974223724464522093e+04 4.976772389403756824e+04 2.292719101737023448e+04 5.021377784563793102e+04 7.045814241457270691e+04 7.269729469931928907e+04 7.781742249368084595e+04 5.092181776053603971e+04 -2.407599829573789611e+04 -1.251137615196045954e+05
-7.145465071080251073e+04 -3.588617059984244406e+04 -2.223243785832891444e+04 1.398148311127450143e+03 4.244469086552271619e+03 -4.228910258185349085e+04 -1.351209755608578416e+04 3.138663059842655639e+04 8.436300905305542983e+02 6.826286515279207379e+03 3.246819701540517417e+04 -2.035172891337415786e+04 -1.270605567216988857e+04 5.986050063394939207e+04 5.603971899530731753e+04 3.499978316642229765e+04 3.894821404843243363e+04 8.877996419352709199e+04 1.122785524131904531e+05 8.793717228036253073e+04 1.357812318200010050e+05 1.733929459367936361e+05 2.042690789264455670e+05 2.386255353056184831e+05 2.400782575861376245e+05 2.815316469629758503e+05 2.840831015614091884e+05 2.779989006390683353e+05 3.025287018183732871e+05 2.796911253377036192e+05 2.214332727192959283e+05 1.671626392874168232e+05 1.494729723760981578e+05 1.389779540235758759e+05 1.086275253487110604e+05 7.001409122734935954e+04 3.835253485682187602e+04 6.171790017877379432e+04 6.223281716913334094e+04 -2.396848631062312052e+04 -2.336406142989266664e+04 4.544063391367904842e+03 -5.045236787307658233e+04 -3.004277308224071749e+04 -2.825374172476539388e+04 -7.856184960182849318e+04 -5.050599313821271062e+04 -4.286736983369290829e+04 -8.890266290778294206e+04
8.782341575279133394e+04 1.951663637155437027e+04 -1.719446031318511814e+04 6.837421578966313973e+03 3.473439073844929226e+04 1.597903173082153080e+04 -7.608011691481806338e+03 -1.748150139421341009e+04 5.284984300087613519e+03 3.953168470936361700e+04 -1.541494153963879216e+04 -4.334921594199858373e+04 1.880696598309441470e+04 3.894754290391574614e+04 7.349514341331087053e+03 -1.372937706008082023e+04 -9.619146743061719462e+03 -1.359451984186307527e+04 9.824934684147592634e+03 1.189410821127239615e+04 -2.112675114418368321e+04 1.650019114458723925e+04 1.964743309756158851e+04 -2.695893036492634565e+04 1.993406038236746099e+03 1.491659827981505077e+04 -1.110550510100438260e+04 -1.731025558343390003e+04 -2.010423697065567831e+04 9.745952369703620207e+03 4.425950000732147601e+03 -2.349167288979515433e+04 1.218485863428207813e+04 9.098239472951972857e+02 -3.073610133869797573e+04 1.249653765000385465e+04 3.552814320210012374e+04 3.540287062933202833e+03 -2.416891143060638569e+04 -2.939513932215044042e+04 -2.832108301226983895e+04 -3.464998822894704062e+02 2.626824635939550353e+04 1.956503253910338390e+04 -6.227722666662681149e+03 -2.965246079707858735e+04 -1.463842674129176885e+03 3.389967545837842044e+04 4.281162492145027500e+04
8.748141749601933407e+04 2.071716995895258151e+04 1.232487695553572848e+04 3.672409137318027206e+04 1.057916388293961063e+04 1.890111769636860117e+04 4.891269446292426437e+04 3.842726253365981393e+04 3.478102327775553567e+04 4.323251322901342064e+04 4.120606292883178685e+04 1.233474420674622525e+04 2.192214191818493418e+04 4.269957205120590515e+04 3.729758029789081775e+04 4.293703659437608439e+04 2.047526288180972915e+04 1.664561371057061478e+04 1.348154154678923078e+04 1.547845579683780670e+04 3.603182577338896226e+04 2.032511484401766211e+04 2.334416341182088945e+04 3.071975032115005888e+04 6.781193029310088605e+03 -7.790213472762960009e+03 1.948098634427890647e+04 1.384895970288198441e+04 1.159184773394360673e+04 4.134299284385633655e+04 -1.807385285195766483e+04 -4.602233293931919616e+04 1.662501293045363855e+04 3.256402879458619282e+04 3.801495923835318536e+02 -1.004527081109699793e+04 1.378972647929913364e+04 8.647681430011289194e+03 7.565398889128002338e+03 2.030755572923226282e+03 -2.314641973731352482e+04 5.093511048034764826e+03 3.153090747422527056e+04 -2.051740361348842271e+03 -2.801296086268860381e+04 2.915217184781678952e+03 3.141961586807155982e+04 9.495356941930239554e+04 2.142144771294239908e+05
8.712393311972846277e+04 2.115755137565429322e+04 1.367597989694331773e+04 6.486625580597319640e+04 3.819621951945009641e+04 2.006349355695417034e+04 7.683699780041931081e+04 3.935272583432370448e+04 9.141844316618458834e+03 4.449520085137919523e+04 4.219637380214413861e+04 3.953395217700739158e+04 4.936913907076808391e+04 7.044718226446997141e+04 3.803168960410403088e+04 1.689044327518797945e+04 4.785526011779438704e+04 1.722721671700128354e+04 4.097975147407845361e+04 6.962664743041381007e+04 3.663046884161315393e+04 4.781911336729547475e+04 5.072989774649625178e+04 3.139547607206611428e+04 7.680792991013731807e+03 4.671293299717921764e+04 7.382912934946932364e+04 1.456701165545382537e+04 1.241262281953811180e+04 4.210648668638896197e+04 3.678492338745866437e+04 8.844443815760081634e+03 -9.719984219264006242e+03 6.221747475938056596e+03 8.898716841939603910e+02 -9.426280407642596401e+03 -1.259262779232813045e+04 -4.517756899018434342e+04 -4.672037951502727810e+04 -5.258110284179553855e+04 -7.769778313522716053e+04 -7.706731561484059785e+04 -1.059463183251497685e+05 -1.398737022504794877e+05 -1.390095342624411569e+05 -1.087591990154757514e+05 -1.083460289301005250e+05 -1.555514578346620547e+05 -2.019982340175159625e+05
6.010012356957302836e+04 4.842100649504573084e+04 1.547552721938702234e+04 -1.296603416602010475e+04 -1.365899280805024318e+04 -5.046390684146903368e+03 2.521844030212377402e+04 1.393754805350902097e+04 -1.622837654751494483e+04 1.946958710963371414e+04 1.675158838348572681e+04 -1.323223886342022161e+04 -3.193975443282397464e+03 -8.672934356873156503e+03 1.198010437816264312e+04 4.413701591052817093e+04 2.150324563233885419e+04 -9.215573175315512344e+03 1.451350161660229787e+04 1.609735595891834237e+04 -1.713729729934124043e+04 -6.063417105469779926e+03 2.344778781378413260e+04 3.102224397400277667e+04 7.479383821628231090e+03 -7.892914552649017423e+03 -8.127818290668074042e+03 4.058693449871505436e+04 3.838090330304132658e+04 -1.312531158837370458e+04 8.369168308854452334e+03 7.314928583364060614e+03 1.574640910912418622e+04 3.167385973967614700e+04 2.624098418789805146e+04 1.594125132367486367e+04 1.307101614031131612e+04 3.500061908285721438e+04 3.339766007717116736e+04 5.513927007545120432e+04 3.043233972057310166e+04 4.108412501809420064e+03 3.033070843870507088e+04 2.446795458294218406e+04 2.591103663406101987e+04 1.446370354969985783e+03 2.470029606775147840e+03 3.845495199086121283e+04 4.754840369860106148e+04
6.002681929487155867e+04 4.896715528753702529e+04 1.669682029052640428e+04 1.511691088540831697e+04 6.754696814881754108e+04 4.966122262630960904e+04 1.709723728708922863e+00 4.202134816310729366e+04 6.546022166498011211e+04 2.133349743322469294e+04 4.526902214303857181e+04 6.849272311053943122e+04 2.537984261361998506e+04 2.024925649981014431e+04 4.082341849061776884e+04 4.627766824312857352e+04 5.049946476734476164e+04 4.674612995382625377e+04 1.700405381765449420e+04 1.859914948756340891e+04 6.611993811777199153e+04 5.052568896047875751e+04 -7.046681611973326653e+02 7.183429932774626650e+03 3.795314420291117858e+04 4.926412685686955228e+04 2.192873786814732011e+04 -1.009645698446547613e+04 1.502935330034210347e+04 1.750348487636074424e+04 -4.232389795477490406e+04 -4.338392703852138948e+04 -8.021059294987819158e+03 -1.919878886299557053e+04 -2.504813085455656983e+04 -3.535591550069500227e+04 -6.521754449582658708e+04 -7.088293706372508314e+04 -7.331491784236265812e+04 -5.204882249105127994e+04 -4.910777598503086483e+04 -7.576966811553586740e+04 -4.987959254256548593e+04 -5.573169213908875827e+04 -8.224945776339177974e+04 -5.229713702501601074e+04 3.840711123630462680e+03 4.014630797100812197e+04 4.940529220024426468e+04
5.888143145042704418e+04 4.996387958672130480e+04 4.672831451345700771e+04 7.247993462151504355e+04 7.033703918132232502e+04 2.560880136166815646e+04 2.931919022186775692e+04 7.099941370106546674e+04 6.812847524939582217e+04 2.407728152655181475e+04 2.045999755006056512e+04 4.287233036622637883e+04 5.369633232839987613e+04 7.591402809237476322e+04 6.914944135089169140e+04 2.047813856828719145e+04 2.445770068501585047e+04 4.761310059155218187e+04 7.190762306126997282e+04 7.309213511849517818e+04 1.271462791657543858e+04 5.111636871253749996e+04 1.074870069282771728e+05 6.180597742160910275e+04 6.618326893833013310e+04 7.663754244902529172e+04 7.599387265188862511e+04 9.862575672930707515e+04 6.983662774538976373e+04 9.964089001456179540e+04 1.486564100625400897e+05 1.206917363921820652e+05 1.291976794414226315e+05 1.458364380605053157e+05 1.127209984896761598e+05 1.577787044935389422e+05 1.838551772927165730e+05 1.515373725150133250e+05 2.043078320604396285e+05 1.988120062899537152e+05 1.485005540243583964e+05 2.054501976216852199e+05 2.322793350144634023e+05 2.006549158014243003e+05 1.750404905738839880e+05 1.779996671761905309e+05 2.077557271206753794e+05 1.341937828151287977e+05 -2.237238335306849331e+04
-4.947148083214415237e+04 -5.592027323873480782e+04 -8.342447319359052926e+04 -1.107174859096994041e+05 -8.684586364586721174e+04 -7.773509629361797124e+04 -1.283478557557099848e+05 -1.136283351910241181e+05 -8.854720768737024628e+04 -1.328548545917146257e+05 -1.103438275410734932e+05 -8.862997952368459664e+04 -1.044583785659051209e+05 -1.086817897473519697e+05 -1.161838337314838573e+05 -8.421301484835565498e+04 -8.073847328283588286e+04 -1.389625111645727302e+05 -1.414563255285610794e+05 -8.664929678358018282e+04 -9.325877428884251276e+04 -1.093376385205191909e+05 -8.049328517416154500e+04 -9.867096059708250687e+04 -1.213086363964248449e+05 -1.127101581766327145e+05 -1.144754366356937680e+05 -9.141523235215584282e+04 -9.322663990998966619e+04 -1.187824877060484141e+05 -9.752700601369712967e+04 -9.911573803241504356e+04 -1.193182033307681559e+05 -1.029953421736718155e+05 -8.261358409450622275e+04 -9.348791915050218813e+04 -1.222743753153192811e+05 -1.007921764085770119e+05 -1.052291812136531807e+05 -1.398358519210882951e+05 -8.003677316417428665e+04 -5.178484534466406330e+04 -1.097123129630922340e+05 -1.147704318043543026e+05 -8.660619233414786868e+04 -1.137543404362802394e+05 -8.533972359407879412e+04 6.309610989759536460e+04 2.399624975421437994e+05
5.762423397187373484e+04 5.266968776035356132e+04 2.664108874218074197e+04 2.696527313382831926e+04 2.314761330184410326e+04 5.026343898934996105e+03 3.585023306819490972e+04 2.344758862906013383e+04 2.213177874247767613e+04 3.226468360589932126e+04 -7.859651712351478636e+01 2.168652932537946617e+04 3.341620151084498502e+04 2.315828422579215840e+03 2.219589685264506261e+04 2.699340218037826708e+04 3.072241642948938534e+03 2.716315567435231060e+04 2.523744433783576824e+04 -2.002333318523596972e+03 -8.319518312637170311e+03 3.170495254307839787e+03 3.225778069914670778e+04 1.497057090469764080e+04 -3.474048825024510734e+04 9.064803228827659041e+02 2.675272231441325857e+04 -4.462263413588516414e+03 -5.697909134905814426e+03 -3.495218596362974495e+03 1.836114916368373088e+04 -1.062534793440185604e+04 -3.095115423842819291e+04 1.403478774562236504e+04 6.850734940526250284e+03 -3.183824051011464326e+04 -3.163098208315196098e+04 1.845317381899806787e+04 1.345534397216411890e+04 -2.108945102067076368e+04 1.293925382895424264e+04 1.397774522876745323e+04 -4.433396246124160825e+04 -4.796882929484115448e+04 8.908766295789711876e+03 9.073871557920909254e+03 -1.791098330999372411e+04 2.038826106392598012e+04 8.720397453769645654e+04
-2.476622438742196537e+05 -8.418139547953612055e+04 3.047007756598759443e+04 3.169701273116513039e+04 2.697008586343144998e+04 3.599376296828268096e+04 1.142144746205303818e+04 2.680483858508535195e+04 2.665389412213701871e+04 8.972802278294693679e+03 3.074396693118620897e+04 5.257323050915147178e+04 3.694467287277802825e+04 5.915716493182117119e+03 -1.861223902087658644e+03 3.049962523160508135e+04 3.349672671989543596e+04 2.714495148975402117e+03 2.931076846565701999e+04 2.884288023895351216e+04 2.274617290036985651e+04 3.430619028527865885e+04 7.625945649488130584e+03 1.944419403371267254e+04 5.338252690242376411e+04 3.207734823605290148e+04 2.119815376790938899e+03 2.712058160512248287e+04 2.627106108076998498e+04 5.647699350083712488e+02 2.285990291129547404e+04 4.972854109437332954e+04 2.856509333112661261e+04 -9.378372787177679129e+03 1.120651743171061389e+04 5.591825981377030257e+04 2.952807304522127379e+04 -3.961159351893002167e+03 1.794006214171519969e+04 3.947345182314154226e+04 1.885385148081672378e+04 -3.679862893186486326e+04 -1.248332542864951538e+05 -6.401285836713265162e+05 -1.267799776070751948e+06 -1.044082600629478111e+06 -4.183808669999402482e+05 -1.230718217622789089e+05 2.153850724135991186e+03
-5.473830348491901532e+04 -5.632282508915523067e+04 -7.915844573610217776e+04 -1.054737338735139347e+05 -5.489387063120375387e+04 -1.816126275152782910e+04 -7.105545547179639107e+04 -1.112610535309067927e+05 -8.311601045323198196e+04 -4.541643888791440986e+04 -5.184262217691866681e+04 -5.793498570812525577e+04 -1.017570400454860355e+05 -1.050127553888887196e+05 -2.910826418505165202e+04 -5.276387212667046697e+04 -1.060531202008133405e+05 -8.107133856174183893e+04 -5.422526083231785015e+04 -5.508680790546348726e+04 -8.941198548462105100e+04 -1.060923252206702164e+05 -7.716687770618607465e+04 -6.502925218199376832e+04 -5.912840683668034035e+04 -8.132998296059647691e+04 -1.117857484315754846e+05 -8.675994786448444938e+04 -5.963359551082242979e+04 -8.572954654155200114e+04 -1.200116707666892908e+05 -9.341133697103930172e+04 -5.873925497115147300e+04 -6.871502201305690687e+04 -1.049496002949310932e+05 -1.172310210780415218e+05 -8.731195184591342695e+04 -6.462171826919086743e+04 -7.155123855060059577e+04 -7.872714460652775597e+04 -7.130207581882132217e+04 -7.059564891940704547e+04 4.020224535997828934e+04 6.074268863159574103e+05 1.236193356574950274e+06 1.009962897834336152e+06 3.578037020182802808e+05 8.452171997807465959e+04 3.920611129840696231e+04
5.459829067011008738e+04 5.511096989546791883e+04 3.414329077073489316e+04 8.191337989992462099e+03 2.354451343562686816e+03 -1.736301448399893707e+04 -1.508502904529450461e+04 1.155967854429036379e+03 2.509680854127509519e+03 4.024178707346436568e+04 4.752918211015465204e+03 -2.964232548241858603e+04 3.918406053955550306e+04 7.882798337377607822e+03 -5.672712177329225233e+04 4.059611572738620453e+03 3.467307405517203733e+04 -2.465554522888851352e+04 3.147865289793116972e+03 3.017715375914121978e+04 -4.282244813221099321e+03 7.154540202318516094e+03 7.901460586726898327e+03 -7.084548503335099667e+03 -2.932718945303367218e+04 4.135219126764975954e+03 3.020415750404924620e+04 -8.286502024566289037e+02 2.696238987235102104e+04 7.581397831378853880e+02 -3.359561337972996989e+04 -6.604360306082468014e+03 -3.588951371785951778e+02 1.882044954516453436e+04 1.081139734495070297e+04 -3.060536444798333105e+04 -2.784662885402201209e+04 -4.450169518386246637e+03 -1.213758377110923175e+04 -1.921212517569074407e+04 -3.935825497188512236e+04 -6.724856567321706098e+04 -7.042766091777570546e+04 -7.218103449020441622e+04 -7.197709775675344281e+04 -7.433873808768100571e+04 -1.023213379347001901e+05 -1.485100439464432420e+05 -1.941456125024678186e+05
-8.905577327561329002e+04 -2.993793899979209164e+04 3.612558955675918696e+04 6.767057612363713270e+04 3.289574312992044725e+04 1.264718287755385427e+04 4.312435553903922846e+04 6.012788957101294363e+04 3.385805179656024848e+04 1.431975879546369833e+04 3.525799931463558460e+04 2.931241986007086234e+04 4.166286121588198876e+04 6.763767025113337149e+04 2.380571005342062563e+03 6.445748446567566134e+03 6.576627187096170383e+04 3.480860376104828902e+04 6.190682679298333824e+03 4.426617806602735072e+03 2.729794189421218471e+04 6.753414662860453245e+04 3.939186828341928776e+04 2.559882661647850182e+04 3.207504590143793030e+04 7.259391017869347706e+03 3.379006566319748526e+04 2.727515379810938612e+03 -2.650259738409670535e+04 3.378598280323797371e+04 2.811631219854473602e+04 -2.200607516861055046e+03 -2.538268562100705458e+04 -6.301816762905212818e+04 -7.129746521983173443e+04 -1.145125542688763526e+05 -1.977738385317207430e+05 -2.609639797537243285e+05 -3.576117965887528844e+05 -5.108819871467117337e+05 -6.475135229906315217e+05 -7.643339204360388685e+05 -7.687619437079390045e+05 -6.246137021084725857e+05 -4.795354949889602140e+05 -3.377110643623739015e+05 -2.205036066408501938e+05 -1.792508296831506304e+05 -1.664467794069768861e+05
-2.107753581267024856e+05 -1.481220624981506262e+05 -1.075869320004130714e+05 -1.329841469718667213e+05 -1.105699026054935530e+05 -7.355490098387224134e+04 -1.310168870960478671e+05 -1.128503686340991408e+05 -7.990871689849859104e+04 -1.008659108846039744e+05 -8.031523588608275168e+04 -8.601300577051006258e+04 -1.030296829299186356e+05 -7.646736368173151277e+04 -8.431327910104300827e+04 -1.098065442290680949e+05 -1.085395068473007996e+05 -1.105469913764682133e+05 -8.065988080561510287e+04 -8.308047879545483738e+04 -1.181881517730653286e+05 -1.069593987044934183e+05 -1.066753020096805412e+05 -9.057424927086709067e+04 -8.421107968169986270e+04 -1.104807664961842820e+05 -8.384629911422962323e+04 -8.591831423153076321e+04 -1.155418659442509525e+05 -1.131522163284537382e+05 -8.986367138902982697e+04 -3.321781494756555185e+04 -5.710665021921182051e+04 -6.568091879351437092e+04 1.338559914991492406e+04 5.696425226662494242e+04 1.195820631303649861e+05 2.024271981912902556e+05 3.099000691242688335e+05 4.780915675155106001e+05 6.345965550285489298e+05 7.237361401040116325e+05 7.507119608709742315e+05 6.639771685330201872e+05 4.898537851417510537e+05 3.702896936482273741e+05 2.844090503787447815e+05 2.098124052731143893e+05 1.649127529932553880e+05
2.274315925504191546e+04 8.641776913646032335e+04 9.845834741106955335e+04 4.382862638536607847e+04 6.645876264970866032e+04 7.415722095669480041e+04 1.601925922514050035e+04 3.478659715299739037e+04 3.919165932587941643e+04 4.722072362288599834e+04 3.832296101580129471e+04 -2.606862942979205400e+04 -1.389268901664763689e+04 1.311789882063749246e+04 -2.408218166427104734e+04 -4.997399988234974444e+04 -1.955963252345111687e+04 8.321690793527523056e+03 -4.954501717365923105e+04 -8.190874209278257331e+04 -2.846718198576121358e+04 -4.698921706251002615e+04 -1.060249211789052933e+05 -8.837981444638001267e+04 -5.229390675376635045e+04 -7.999731887510264642e+04 -1.418084574145906081e+05 -1.138912782205445401e+05 -8.439156220265418233e+04 -1.411526637717907433e+05 -1.467577414578409516e+05 -1.187407677705052192e+05 -1.437513575390044134e+05 -1.810759813871116785e+05 -1.598612453456733492e+05 -1.465690686523156473e+05 -1.706506048660957604e+05 -1.747340580455787713e+05 -1.855205834559454815e+05 -2.225801162153942278e+05 -2.411009484926766017e+05 -2.108671680958658690e+05 -2.146380974388733739e+05 -2.436227563726427034e+05 -2.439975770800090395e+05 -2.791279383121572901e+05 -3.081532001930465922e+05 -2.946802354347885121e+05 -2.803339371317941695e+05
8.033954762882782961e+04 2.705788013205164316e+04 1.099936186321428249e+04 -1.415301606335562974e+04 -5.137799915828509256e+04 -1.426613233459649928e+04 1.553448211372596415e+04 5.563466490275459364e+03 -1.877497216264597591e+04 -1.171818724353215293e+04 8.660122297878824611e+03 3.711217780801227491e+03 1.567648913507582256e+04 -1.679392172867664340e+04 5.827673804888028826e+03 6.940475884868651337e+04 9.572033851436710393e+03 -2.179032470303354057e+04 4.041826793894868024e+04 6.723568573695953819e+04 3.162544394537694461e+04 4.261385558624187252e+04 7.286429397645420977e+04 3.204555064789031167e+04 3.855317511319313780e+04 6.977049690496642143e+04 6.755253026771242730e+04 6.622878398207842838e+04 6.646108760643977439e+04 6.946529955414007418e+04 6.428825965718709631e+04 6.280660833668668056e+04 3.699751048392534722e+04 3.047408536935091252e+04 2.214753392501722556e+04 -2.583891035610571271e+04 -4.920749113036430208e+04 -1.434656689982514945e+05 -2.763682857702948968e+05 -4.049014799507847638e+05 -6.050880660649293568e+05 -8.781192121357892174e+05 -1.094711544322632719e+06 -1.123413170027635526e+06 -1.032992187477941858e+06 -8.266963254529377446e+05 -5.524308117690081708e+05 -3.559265378897543997e+05 -2.191993124259114265e+05
-1.015589709856431000e+05 -3.369954360328847542e+04 1.116254113949250313e+04 1.628611646752686647e+04 8.971354550594696775e+03 1.587315230121021159e+04 1.532781492467620410e+04 5.670835763448849320e+03 4.214174695865943795e+04 4.882984645068061218e+04 8.679066216136554431e+03 3.958788635791272100e+03 -1.446067906639654393e+04 -1.685212465337826143e+04 3.637356313978669641e+04 9.451840623223557486e+03 -2.078449863300200377e+04 8.341002783563453704e+03 -1.961380344218922983e+04 7.184327448485411878e+03 1.673785368621000089e+03 -7.843276075072941603e+04 -4.807879846586738131e+04 2.264499475859338418e+03 -5.202374614440510049e+04 -1.120658891071797552e+05 -8.401671192972554127e+04 -8.538484838296441012e+04 -1.459276266276718234e+05 -1.430118579020198667e+05 -8.757298099881160306e+04 -8.922858757228864124e+04 -1.458807039841490914e+05 -1.219739052069782047e+05 -3.927148193062737118e+04 -2.713992327364382800e+04 -2.005155772436398547e+04 3.752560258464666549e+04 8.655840319494018331e+04 1.100662488599478966e+05 9.241089735558489338e+04 -2.869438589230342768e+04 -3.061779575447136303e+05 -4.257274732882798417e+05 -1.523278528614923125e+05 1.154327096187622519e+05 1.777541376386948396e+05 1.926385705347632756e+05 2.084092671784993727e+05
1.098039416820394108e+05 -4.156302406627219170e+03 -1.108711264647718053e+05 -1.053516043616400566e+05 -8.217063464151578955e+04 -1.061307117882823804e+05 -7.653829126924392767e+04 -8.570310199836967513e+04 -7.879984623010386713e+04 -7.258532364838174544e+04 -8.279533665889198892e+04 -5.662557459378149360e+04 -4.488055241221445613e+04 -4.724794097623089328e+04 -5.442497483410988934e+04 -2.063283560812124051e+04 9.682614247431047261e+03 8.627595456491690129e+03 -1.923720882201450877e+04 7.504641194536816329e+03 6.297291486407606862e+04 1.275884830116364174e+04 1.271114437884534709e+04 9.409996587797650136e+04 1.003587956023691222e+05 7.023807477729860693e+04 9.841852781843044795e+04 1.579962565019382164e+05 1.277248471396162640e+05 1.002313696911733132e+05 1.254470555698208045e+05 6.290675912081473507e+04 6.022509277681703679e+03 -3.074606797104922589e+04 -1.000495732878337149e+05 -2.099064484123660950e+05 -3.549947124393658014e+05 -4.190581943986769766e+05 -4.005345635376579594e+05 -2.857039341806366574e+05 3.145876771057606675e+04 5.190240339525903109e+05 1.063593883083664812e+06 1.371152931924300734e+06 1.158832445818556705e+06 7.274662609492932679e+05 4.250830749799202895e+05 2.575989358304651687e+05 1.517449182565859519e+05
7.894663220038637519e+04 2.622851444291882217e+04 -1.926015486504195724e+04 1.705182546851574443e+04 7.098073032873799093e+04 4.674816696162451990e+04 1.483318669852451421e+04 5.806091174017637968e+03 4.367000186219229363e+04 4.960631300229579210e+04 8.540447451959946193e+03 3.498670471235527657e+04 4.662275527574814623e+04 1.355749885507975705e+04 3.715369607642060146e+04 4.038023878398229135e+04 9.273841606482164934e+03 3.907294755408656783e+04 4.198974619226646610e+04 7.404981831496115774e+03 3.271089620102412300e+04 4.337061856989737134e+04 -1.804982178116915748e+04 3.218428027612157166e+03 4.017613672214775579e+04 -2.123047309549269266e+04 -5.408108050658483990e+04 -1.474191064768822398e+05 -4.542450776460453053e+05 -1.126719692867774516e+06 -1.683993032778088469e+06 -1.316100279265808873e+06 -5.132936036976790056e+05 -2.807854546001227573e+04 1.779845831212876365e+05 3.116304316019518301e+05 4.717173414846183732e+05 6.212748467604988255e+05 7.309319688242976554e+05 7.236226777645042166e+05 6.752623163789407117e+05 6.451690204990167404e+05 5.193428072326046531e+05 3.999305214422934805e+05 3.386576078727384447e+05 2.712835771313977311e+05 2.117475824592112913e+05 1.964524796835023735e+05 2.126720240191168268e+05
-3.883869149275413947e+05 -2.541940268698090222e+05 -1.128010402763902675e+05 -1.067349257523893612e+05 -2.075046243499673437e+05 -2.012805487964942586e+05 -1.407571535813622177e+05 -1.490998170852256007e+05 -2.031541160150663927e+05 -1.976902062333826907e+05 -1.771659285420903470e+05 -2.118311448136228137e+05 -2.001876751768577378e+05 -1.713056040341325570e+05 -2.089738667155322619e+05 -2.056181342556374148e+05 -1.750665511206900701e+05 -1.755707999951848760e+05 -2.029521875147474930e+05 -2.068147818864961155e+05 -1.809699353684848174e+05 -2.009993407042929903e+05 -1.699505577459060587e+05 -1.170748353133965284e+05 -1.107875355365108699e+05 -1.109067482243692502e+05 -8.211412807446345687e+04 3.985814818923268467e+04 4.089865154254934750e+05 1.118440716790793231e+06 1.634783480564218946e+06 1.355632555659975857e+06 6.521633055883324705e+05 2.160781805959417252e+05 1.155986943718743569e+05 9.628253651448184974e+04 4.261742599250265630e+04 9.159204543102561729e+03 -3.210124439938168507e+03 2.075672368620865745e+04 6.490751944147649920e+04 3.462334951138510951e+04 3.112152651650822372e+04 3.428079128745573689e+04 3.102712792606340372e+03 2.720656779885750439e+04 2.873811586527137842e+04 4.420938598035638279e+04 1.223050537893129949e+05
7.643527707434259355e+04 2.419633728684857488e+04 -2.102003219028131571e+04 -1.428824258706299588e+04 1.020069280464667827e+04 1.548600353475194424e+04 1.237816355147515424e+04 5.320910264563281089e+03 1.511906348459888250e+04 -1.322999826195882633e+04 -2.466661828570067883e+04 3.675585634468006901e+04 4.753533404844347388e+04 -1.883291503268992528e+04 -2.505053569140727632e+04 4.181984657465375494e+04 4.004351788375072647e+04 7.914684783027041703e+03 1.258810058672679588e+04 7.703374319389695302e+03 3.457218832962086890e+04 4.448189451461064164e+04 1.242818339786026627e+04 5.633143411105265841e+03 1.120467083383107092e+04 4.141084781454975018e+04 3.978710179420869099e+04 3.888240266416693339e+04 3.963664310271287104e+04 1.121838660226779757e+04 3.871777973661653232e+04 3.702412970320420573e+04 3.948356833061546786e+04 6.755144938186276704e+04 2.762298615736636566e+04 4.555100863944971934e+03 4.603138987018616172e+04 7.663080712678504642e+04 3.082733131159353070e+04 2.433630471627102816e+04 7.104690188571132603e+04 3.933741994289486320e+04 3.590779615071357694e+04 7.280899351942949579e+04 3.997078691609238740e+04 3.156830145511767478e+04 6.538735306705365656e+04 1.842850987377551792e+04 -9.121539727595529985e+04
4.333919114025772433e+04 5.584714100055865129e+04 1.053911273105768487e+04 -4.726344237395096570e+04 -2.240527023066533729e+04 -1.742844171531032771e+04 -2.103086143964901567e+04 4.795411518425680697e+03 -1.714651994610897964e+04 -1.412544392107520252e+04 6.572190822334960103e+03 -2.789058792142890161e+04 -1.739266024989774451e+04 1.256677450233837590e+04 6.605276078917086124e+03 9.418052228284010198e+03 -2.507123610732372617e+04 -2.501954003877472132e+04 1.248058590921573341e+04 7.354912157752551138e+03 2.347907077928481158e+03 -2.032271447853429709e+04 -2.038798516383400420e+04 3.820018812519253697e+04 1.118886634416383458e+04 -2.326691911526728654e+04 7.619253330631181598e+03 6.772123378468677402e+03 7.649241213512141258e+03 1.128252383787184954e+04 7.085535564983787481e+03 5.376527014013903681e+03 7.474788555991777685e+03 4.253136167244578246e+03 -3.612516261928307358e+03 4.435377018817234784e+03 1.446129996707889950e+04 1.361098655965179205e+04 3.160756709665287053e+04 -7.005252967064734548e+03 -2.411074691015493590e+04 4.048846231191407423e+04 3.713635881111246999e+04 1.038285977818310494e+04 9.244288902555184904e+03 3.968766549951396883e+02 2.446399445470975479e+03 -1.258490320236847037e+04 -5.870850502687948756e+04
-1.211469982026028447e+05 -4.245698635262658354e+04 1.026038548036012799e+04 -1.540181976975878933e+04 -2.286373540235217661e+04 1.447915940429089824e+04 -2.249183105450356379e+04 -2.846157266991212964e+04 1.538468617596669355e+04 -1.516479186539072543e+04 -2.709387408598553156e+04 4.135374238539894577e+03 -1.856522661953931674e+04 -2.103464227082440630e+04 6.093623203632887453e+03 -2.401133412058703834e+04 -5.945683819765696535e+04 -2.641721002990379930e+04 4.490461719018639997e+04 6.676194909377954900e+03 -6.386757745378400432e+04 1.099743315164267551e+04 4.375961903278960381e+04 -2.699347425019351067e+04 -2.211537084513087757e+04 8.074516332417260855e+03 6.881872767116874456e+03 6.031423925014678389e+03 -2.575598610099387588e+04 1.080865803931403207e+04 3.973395593639009167e+04 5.177303524687886238e+03 3.953745446226099739e+04 4.402789323358156253e+03 -3.603630526631593239e+04 3.643525768944504671e+04 4.704152479564060923e+04 1.405160888127289945e+04 3.216628477879555430e+04 2.601065198396088090e+04 8.797155927459243685e+03 8.779966311121883336e+03 5.634387336613028310e+03 4.468160090007621329e+04 4.323893260676460341e+04 3.380908504535909742e+04 3.616039147105743177e+04 -7.725343136960698757e+04 -2.551121247859534342e+05
7.417277437809390540e+04 2.187408123339992017e+04 9.288960050034787855e+03 1.655688089464092627e+04 9.198751862859353423e+03 1.353802128054665809e+04 4.201529197540367022e+04 6.966842506866675103e+04 1.509771722834571847e+04 -1.633303070790131460e+04 3.779952008917470812e+04 6.982729152339749271e+04 7.966399396012999932e+04 4.406878507346846163e+04 5.556580986012704670e+03 4.131046065973362420e+04 3.838604209246119717e+04 3.876651686441618949e+04 7.796719183010276174e+04 3.927895035798422759e+04 3.439973861386528006e+04 4.340553682734014001e+04 4.339166471996589098e+04 7.191118521237513050e+04 4.340541709418164100e+04 4.053519477136409841e+04 3.949994107912038453e+04 3.862935169425338972e+04 7.282443606614822056e+04 4.354462686664180364e+04 3.984318876755400561e+04 3.806153951591090299e+04 6.208637451054644771e+03 3.746891979360941332e+04 6.306502557999931742e+04 3.616260716662497725e+04 1.394332969619426876e+04 4.720836922817409504e+04 6.542586000374285504e+04 2.628206654801021796e+04 8.937437635613721795e+03 8.840912903542746790e+03 3.890522485948156100e+04 4.552179129212140106e+04 1.078577667445654515e+04 3.415836969303188380e+04 3.667343480134126730e+04 5.466440563963167369e+04 1.399611238838396966e+05
-9.517222619091626257e+04 -8.039922761556226760e+04 -2.565816199232364306e+04 1.540071116585744312e+04 8.233262757421471179e+03 4.578252617677208036e+04 4.053163120785026695e+04 -3.131973953335554688e+04 -1.892995931673803716e+04 4.904517510964069515e+04 3.680869222967876703e+04 2.877089375979237957e+03 1.229288928327147732e+04 9.762289198697515531e+03 3.831950806925306097e+04 4.090959438937710365e+04 4.021790427214029478e+03 3.815406208072089066e+04 4.482263642799806257e+04 5.492262039624620229e+03 7.038330278009816539e+02 9.372512445843312889e+03 4.296472575340894400e+04 3.916411020676618500e+04 4.334616302658119093e+04 4.020466130634320143e+04 5.912940322305092195e+03 3.852188257966197853e+04 3.974057898594775179e+04 4.364046954258823098e+04 4.019474202155847161e+04 4.911549456883214589e+03 3.925574433698785288e+04 7.146581176813924685e+04 3.068477587978105294e+04 2.648917473561537918e+03 4.723675646935604163e+04 4.782916314812618657e+04 3.274743925547215622e+04 6.022022707445998094e+04 4.267212902108422713e+04 9.073237421398633160e+03 6.167057778220623732e+03 4.647371784114546608e+04 7.798000640061241575e+04 6.796580176916887285e+04 3.724428583693201654e+04 -1.133187944971682737e+04 -5.881083569402038120e+04
-1.318588793589151173e+05 -4.858893961209104600e+04 6.870156192744609143e+03 1.439350310945883029e+04 4.133141425409121439e+04 4.498372416506754962e+04 5.277595048537477851e+03 1.153713769454057910e+03 1.404470270237652585e+04 4.810468092706285825e+04 3.574551005265669664e+04 3.594290236767841270e+04 4.496153534215407853e+04 8.399123855633661151e+03 3.690566984005272388e+03 6.211666004674072610e+03 3.647269281500481884e+04 3.718046492082063924e+04 4.428469626029254869e+04 3.833979385875863954e+04 -3.511020849691412877e+02 7.929295061621844070e+03 8.071150630421470851e+03 3.887423528241907479e+04 4.263966558530210750e+04 5.343558906461112201e+03 3.869852553121763049e+04 3.774633589258888969e+04 5.157178681110905018e+03 9.156956668593920767e+03 5.988920828094705939e+03 3.801342356251587626e+04 3.849058103602181654e+04 4.064191883371677250e+03 -3.021281225373968482e+03 1.493072556913772132e+03 4.675440003426064504e+04 4.783255041285895277e+04 -1.210752858314604964e+03 -6.978816310293041170e+03 9.012775917945022229e+03 4.252299090265284758e+04 3.980611843871872406e+04 -2.046021711023093667e+04 -2.260914056474599056e+04 3.467644549149548402e+04 3.758745167928264709e+04 -1.156503000471234554e+04 -5.968208989652292803e+04
6.960255694633815438e+04 1.661483435018453019e+04 -3.079372771142513375e+04 -2.322674736555197887e+04 4.924327794287819415e+03 8.011626393417827785e+03 1.319910563179291785e+03 -3.636293508054230915e+04 -5.724551897699716210e+04 -2.379708516848039653e+04 -1.504096538119491015e+03 -9.556962526404458913e+01 8.129562140966296283e+03 5.434552365331906913e+03 1.392879913328215480e+03 3.840644095907924566e+03 -4.550373594974971638e+02 -3.419003083457936009e+04 -2.617399369133635264e+04 2.400402886851225048e+03 -2.228066021343700413e+03 3.998353029164733744e+04 4.033210305264226918e+04 -3.084467829146872828e+04 -2.791171504824871954e+04 3.159747097233794193e+03 3.772265602397980547e+04 3.662819895456784434e+04 -3.106182513380176897e+04 7.652573958330607638e+03 3.962155166140305664e+04 3.126394112186961138e+03 2.957162156526472245e+03 3.596365756529849023e+03 3.145066561759460819e+04 3.445801007270356058e+04 1.167723833495985309e+04 1.358550742996160989e+04 -1.678635145944950636e+03 -7.176565839035887620e+03 8.835486662865230755e+03 4.283065531664744776e+04 4.048221646546143165e+04 1.384587183798434853e+04 1.118641596665846009e+04 5.957347643561661243e+02 3.829162395821229438e+04 9.121111889922717819e+04 1.106153765754406340e+05
-1.069095309425028681e+05 -8.994608279812382534e+04 -3.259594018396457977e+04 4.511632409470621496e+04 3.873940400342689827e+04 6.531083605368621647e+03 -5.284597244462929666e+02 -3.804167043854258372e+04 1.124230992951181543e+04 4.443558529979779996e+04 -3.102586742024879641e+03 3.387106623878928076e+04 6.681597092829175381e+03 -3.112383853644131523e+04 3.521848023025084694e+04 3.763305790605949005e+04 -1.965613394277157568e+03 -9.287518655764870346e+02 7.428035877819636880e+03 3.622769089794017782e+04 3.162441165331986849e+04 3.795376377238440909e+03 4.255081413139130746e+03 3.786831084435088997e+04 4.036652728915198531e+04 1.732239637931357720e+03 3.682371443050231028e+04 3.562711549369856948e+04 2.279747735301469220e+03 6.436448267486382974e+03 3.891747074783762218e+04 3.697575624770222930e+04 1.587267648428707616e+03 3.760330069839238422e+04 6.595894199621395092e+04 3.338210898393308162e+04 1.036701360077134450e+04 1.264114681951471721e+04 3.217918933776661288e+04 6.154599203058733838e+04 7.914579008356085978e+03 7.363006739469186869e+03 7.471686073549772846e+04 4.794105873181228526e+04 1.024450612283550436e+04 3.421643324312748155e+04 7.243944410583953140e+04 2.165694955649186159e+04 -9.773043516936013475e+04
-1.107168362519586226e+05 -9.321087448304757709e+04 -7.086396209051593905e+04 -2.793009143293602392e+04 -3.399842301267199218e+04 -6.699641755054472014e+04 -7.459021940303497831e+04 -7.635239499679303844e+04 -2.617354123824054841e+04 -2.890586469206027687e+04 -7.685525879380299011e+04 -7.418622148717992241e+04 -6.684158238640517811e+04 -3.409647513355592673e+04 -3.741895519720854645e+04 -7.052713548764590814e+04 -3.985271288227530749e+04 -3.867724014591657033e+04 -6.528639115713300998e+04 -3.599150351219576260e+04 -5.021617613965659984e+03 -3.379365291650188738e+04 -6.855974715930654202e+04 -3.369637632713431958e+04 3.671830474631831748e+03 -3.532073342212225543e+04 -3.479916987096640514e+04 -6.913384431391023099e+02 1.061002197093330324e+03 5.277763145859353244e+03 -3.204922485369007336e+04 -3.398801933246408589e+04 5.279689186135656200e+02 2.456844336702517467e+03 3.154426692693968653e+04 3.295248046197241638e+04 9.596034662390593439e+03 1.237987375963715021e+04 -2.713162637373810867e+03 -7.905918332980916603e+03 7.894965611340099713e+03 4.244604224222694756e+04 4.059430206834792625e+04 1.364120774465851719e+04 4.541883099853275053e+04 3.465621461335093773e+04 3.451768619706941536e+03 5.706072092201701162e+04 1.463225392097942240e+05
2.453699526088894345e+05 1.192971161971217662e+05 3.358073057344881818e+04 4.077429605298669776e+04 7.113846734515391290e+04 3.740497610880999127e+04 2.931674331630347297e+04 6.423699992941698292e+04 4.312827323563408572e+04 3.495471265341620892e+03 2.719813728559535230e+04 6.656015714630484581e+04 3.722263310279231519e+04 -1.721691013372037560e+03 -4.715492587420158088e+03 -2.394674418028444052e+03 -1.875620101715318160e+05 -5.461551584451806266e+05 -6.444225093463317025e+05 -3.983360296738100005e+05 -1.147855574445567327e+05 -3.666057781345455442e+04 -7.166483601846278179e+04 -3.558640935749298660e+04 -3.427462672436394496e+04 -7.357235909090365749e+04 -3.675412019831110956e+04 -2.339984322898089886e+03 -3.623556597100093495e+04 -6.773236949113209266e+04 -3.346124776173406281e+04 3.866031221695011482e+02 -3.653121762064995710e+04 -3.378169063973473385e+04 -3.814120367751573212e+03 -3.895890238054550719e+04 -6.261595079122344032e+04 -2.356116765120532364e+04 3.286541414563532453e+04 -7.701303306675865315e+03 -6.328312729106983170e+04 7.269016413192148320e+03 4.136931705259473529e+04 -2.129782803182047792e+04 -2.490249558963137679e+04 -7.968196936417371035e+01 -3.118322561989806127e+04 -4.804326194222085178e+04 -2.907207032665610313e+04
-1.516780076836584485e+05 -6.135756847012088838e+04 -2.870417845260832109e+03 4.330453721922807745e+03 -3.731614947726484388e+04 -7.106809441669608350e+04 -6.964859946165233850e+03 2.815772657311751391e+04 -2.897868130850829766e+04 -6.863673882238796796e+04 -4.477839979488632525e+04 -5.213745613291423069e+03 -3.451082009618400480e+04 -3.734648963087235461e+04 -4.169198463787324727e+03 -1.773277987376844976e+03 1.730324185595961753e+05 5.340140046636222396e+05 6.509319581420274917e+05 3.564569535283952719e+05 9.985479543975088745e+04 6.976863791496725753e+04 3.458118054346425924e+04 -1.365061482065473683e+03 3.562961513438518159e+04 3.207630918332154397e+04 -3.897970966674631927e+04 -4.693615851283539087e+03 3.303304335597204044e+04 1.263163904077489860e+03 3.548584543314028997e+04 -2.468158155971323140e+03 -3.972195584530732594e+04 -1.032780097157345153e+03 -4.264200837991677690e+04 -6.676841302251443267e+03 4.097323213529284112e+04 -2.723638632829533890e+04 -4.204443166614510119e+04 -1.126240157987922430e+04 -3.157001290761434939e+04 -3.224949032359325793e+04 2.084040965128224343e+03 -2.522300484357436653e+04 -2.908082194248004816e+04 -4.130319771938957274e+03 -3.532911374321009498e+04 -5.252329714392544702e+04 -3.379941052844375372e+04
2.771405991836206522e+04 4.606330213166074827e+04 3.209049618977581849e+04 2.860928805603180081e+03 3.384376486239489168e+04 7.239199429895955836e+04 2.780649209453258663e+04 -9.156443828542251140e+03 5.993883821065537632e+03 3.830881223548200796e+04 6.243276696855903720e+04 2.995025812153480365e+04 1.315496451570652425e+02 3.349724405357844080e+04 6.701377341669282760e+04 -3.098422824405308347e+03 -8.416989227407757426e+03 6.524247099237980729e+04 3.853515138354849478e+04 3.231152391992507910e+04 2.783071094541811908e+04 3.351989499817151955e+04 7.060392583953229769e+04 -1.339934723509635660e+03 -5.497433338311220723e+02 6.827679747657383268e+04 3.312040791439342138e+04 3.140139956929493928e+04 3.329356814152572770e+04 3.741907841409571120e+04 7.197421292337818886e+04 3.380906230042428069e+04 -3.706252912234049290e+03 3.535748831432993757e+04 6.559734602138627088e+04 2.947920134669414256e+04 4.121999091992637841e+04 4.475015359581456869e+04 -5.890405753743776586e+03 2.501275368733325740e+04 7.609632957784942118e+04 7.528109078033611877e+04 3.811126449174468871e+04 1.061508307349868119e+04 4.235436745919269742e+04 6.734305692720209481e+04 3.602820187457819702e+04 -1.712647203472396359e+04 -7.002885654219356366e+04
6.288703721103962744e+04 8.252240795700345188e+03 -6.178248196665663272e+03 6.346198346000164747e+02 -4.482059184229001403e+03 -2.439474654383957386e+03 -1.103330724086845294e+04 -1.134687108395155519e+04 3.845774410292506218e+03 -6.932602883898653090e+02 -1.274349252838874236e+04 -8.513363550300709903e+03 -2.506495762499980628e+03 -5.471940493734960910e+03 -7.970299515000020619e+03 3.090101519308530260e+04 2.539634581829892704e+04 -9.997172943549230695e+03 -2.287806550157256424e+02 -4.286882849526585778e+04 -1.085180190682888497e+04 3.090223685489024501e+04 -4.524272154958453029e+03 3.269548325159098022e+04 3.293822420644556405e+04 -6.802210258611012250e+03 -5.589444930956175085e+03 -7.447383733233495150e+03 -5.497083002992498223e+03 3.502241087524470640e+04 3.386605573905416531e+04 -4.718182896613201592e+03 2.982336393761215732e+04 6.979388934938469902e+04 2.797065434366214322e+04 -4.549422777432465227e+04 2.442567792605026625e+03 7.886002944287628634e+04 2.815422629413678078e+04 -1.292936353449476883e+04 1.983507336117327213e+03 3.735528197925281711e+04 3.636227778973977547e+04 8.493846195633523166e+03 4.017134159104886930e+04 2.957532757456635591e+04 -3.775663510517950635e+04 -5.573396160907577723e+04 -3.765443257579882629e+04
-1.592938423570012092e+05 -6.683839610370341688e+04 2.888819603977023507e+04 -1.307869158044981305e+03 -7.981109398941043764e+04 -4.141382292436930584e+03 2.395122360147068684e+04 -4.968038224120400264e+04 -7.121029020956488966e+04 -3.924063462211050501e+04 -1.427857724396746198e+04 -4.645974694925820950e+04 -7.747520809440172161e+04 -4.359522474755065923e+04 -4.581297274213282799e+04 -8.018514948314991489e+04 -4.890940956975109293e+04 -8.435360647214108030e+04 -1.110490614731679234e+05 -4.351511680171822081e+04 -4.785934106621413957e+04 -7.950178816216066480e+04 -7.813349206291622249e+04 -7.696103397698601475e+04 -4.021568735566677060e+04 -4.316835553414403694e+04 -7.828734194394201040e+04 -4.349726501066482160e+04 -4.791351028834411409e+03 -3.707485947263211710e+04 -7.445592058589676162e+04 -3.506425772210932337e+03 3.122292854212009115e+04 -3.771668636589293601e+04 -7.935092547122621909e+04 -7.513547491107950918e+03 4.063588506338396110e+04 -2.799431120802182704e+04 -5.876322003023466095e+03 6.206269609305285849e+04 4.054119214706571074e+04 -3.270855510869261343e+04 -3.349194733455067035e+04 4.734726779919624096e+04 7.905207993404479930e+04 6.842443918168987148e+04 3.715101953683176544e+04 -1.708866339496977162e+04 -7.137181808386207558e+04
6.137916388921451289e+04 6.270755854202434421e+03 -4.579350993706600275e+04 -7.634422232134954538e+04 -4.413499641872476786e+04 -4.228386051690904424e+04 -8.819540416763618123e+04 -1.250188495256589958e+05 -1.467536608513911488e+05 -1.518982958252308890e+05 -2.375953293760542874e+05 -2.327225770865337108e+05 -1.901217084232484631e+05 -2.299429854741901217e+05 -1.950122880516572914e+05 -1.186610822044894740e+05 -5.034002971922754659e+04 -4.907500849745700543e+04 -3.895924007083520701e+04 2.886831022158729320e+04 6.128054968168715277e+04 6.593305135727858578e+04 3.037993714009650284e+04 3.153717066830704425e+04 1.047899276704994263e+05 6.496741736424184637e+04 2.956561245606296870e+04 6.424574003700411413e+04 6.619204202812392032e+04 7.022869091422759811e+04 -4.023784805321745807e+03 -6.314650361018138938e+03 6.502346165943917003e+04 3.256926894944641390e+04 -9.302088508848159108e+03 -1.080754713970236480e+04 7.203460417804890312e+02 -3.153537124337168643e+04 -4.552318775822652970e+04 -1.359567491512274137e+04 9.542650738149241079e+02 -3.624110116157648736e+04 -7.325981630565345404e+04 -2.843950853304678458e+04 -3.301036973163687799e+04 -7.966389450652038795e+04 -3.804897472582491173e+04 5.242059608339238912e+04 1.425879611226251873e+05
2.092021269336690893e+05 1.540047688971388852e+05 1.017419936048098607e+05 7.115176566090679262e+04 1.037416674935957417e+05 1.427872560164540773e+05 1.338888075982686132e+05 2.082806295255434816e+05 2.605773731478258851e+05 2.182294027184251754e+05 2.434184334418389481e+05 2.852204690361396642e+05 3.275092174496966181e+05 3.243309299650717294e+05 2.480195449179153948e+05 2.131912020753954421e+05 1.704071692633444327e+05 9.749505968909943476e+04 7.052138222847133875e+04 6.446301162242889404e+04 2.299303116888052318e+04 -9.430910951923462562e+03 -8.113313118810765445e+03 -6.875998632167582400e+03 -7.384147706034127623e+03 -4.717401415022299625e+04 -8.249103905138326809e+04 -8.454019360739050899e+04 -8.242531493771821260e+04 -1.150223946265761042e+05 -1.156368548850879888e+05 -4.420561265986162471e+04 -8.292953274591121590e+04 -1.518727961639523855e+05 -1.200592801207674493e+05 -1.215309253759913554e+05 -1.099110038176875096e+05 -6.867103886383131612e+04 -8.240915506874438142e+04 -5.031434215576142014e+04 -3.575991459918473993e+04 -3.650019763154009706e+04 -4.203585724462755024e+02 7.856732173531807348e+03 3.949321378517178528e+04 2.917804794065879105e+04 3.430150179861856304e+04 1.611008131279941008e+05 3.240052604608318652e+05
2.214521347486868035e+04 4.130050364939961582e+04 2.562412544066319242e+04 -4.280632230249466375e+04 -4.687766359333181754e+04 -7.521939905127510428e+03 -1.647299338423181325e+04 2.161044425942248199e+04 3.701675059099227656e+04 -5.774265198851935565e+03 2.009585036314092577e+04 2.550891336228232831e+04 -6.514225315477233380e+03 -9.386492248740978539e+03 -1.117160688794683665e+04 2.848052756366087124e+04 6.005118279281316791e+04 6.122295522887725383e+04 3.437100409704726189e+04 2.854061733407422435e+04 6.128911770589160733e+04 2.851529729756258894e+04 6.705488962819811422e+04 1.056488265228110831e+05 6.777357450773706660e+04 1.019998652554930886e+05 1.036263837019211496e+05 1.012784903930152068e+05 1.402245073931408115e+05 1.441383560522807529e+05 1.802373726348739583e+05 1.777378926333039417e+05 1.015660540349204675e+05 1.428163697567648196e+05 2.112250805413349299e+05 1.721339762822027260e+05 1.831396725276137004e+05 1.873277577629782027e+05 1.364993424169370555e+05 1.316274529288053745e+05 1.455766144508382422e+05 1.078488821562502417e+05 1.071314893718224484e+05 1.517208202678014059e+05 7.330924205423891544e+04 2.628737754741439130e+04 6.810701006295869593e+04 8.543838436336908489e+04 1.023635618182001635e+05
-1.681624226403072244e+05 -7.363672028848656919e+04 -1.488343019213050138e+04 -4.692941667977720499e+04 -5.080475283524719998e+04 -1.144152929889969528e+04 -5.844784009037539363e+04 -9.510154039977351204e+04 -8.000142007571423892e+04 -8.620028410659858491e+04 -5.974987469293409958e+04 -5.395300828211475164e+04 -1.246352076856419444e+05 -1.276415287322015502e+05 -9.160895700013497844e+04 -1.268068478454371798e+05 -1.325406131224008859e+05 -9.381260945054230979e+04 -1.208135855256114155e+05 -1.262972707650623925e+05 -9.302869812177945278e+04 -1.268935494654580252e+05 -1.624736078226126847e+05 -1.228488350624685409e+05 -8.674781983747376944e+04 -8.880666596640362695e+04 -8.663312559132461320e+04 -8.898170805885471054e+04 -1.239930830997762387e+05 -1.197781814946209197e+05 -4.495596534688968677e+04 -4.715886959806125378e+04 -4.952047395316226175e+04 -4.392976209666795330e+04 -8.575322182383388281e+04 -8.831918057490838692e+04 -3.994359299802436726e+04 2.305756259884277824e+03 -4.777961004379880615e+04 -5.210768608842027606e+04 -3.834605851356196217e+04 -3.905353950860479381e+04 -1.828429891902487725e+03 -3.071480618760723155e+04 -3.605486097309074830e+04 -8.748257881670608185e+03 -2.855439650011132471e+03 5.095964791515050456e+04 1.408525959329544567e+05
5.645699504064396024e+04 1.340964320115745068e+02 -1.679598788352453266e+04 -1.131670854025284643e+04 -1.476084487221669406e+04 2.491668910835866700e+04 5.342966310097835958e+04 5.472277160995875602e+04 3.200626801524785697e+04 2.564973368542267417e+04 5.251148700452179764e+04 2.078176030016046570e+04 2.516459400038000967e+04 9.766741545172405313e+04 9.612519832648099691e+04 2.295914071932195657e+04 5.484594919340440538e+04 9.355657521140525932e+04 6.629898064944426005e+04 9.843438086914826999e+04 9.394644976040575420e+04 5.944400057691382244e+04 6.123214226274297107e+04 6.318816369079274591e+04 6.124509632529225200e+04 5.912362644623499364e+04 6.112156094255624339e+04 5.837767981749499450e+04 6.043542750441702083e+04 2.678077507793187397e+04 -1.075458348437678069e+04 2.423225993086851668e+04 5.906978763319808058e+04 2.719398378103517462e+04 -1.489561573340336327e+04 1.932183879660419188e+04 3.006723033555306029e+04 -3.961977634025970474e+04 -5.234511582966672722e+04 1.788961090642260388e+04 3.102293333096872084e+04 -4.433207668276701588e+04 -4.408246115752251353e+04 9.805278712883591652e+02 -4.766127455513807945e+03 -5.140975852380495053e+04 -4.534294310491502983e+04 1.194745873610349372e+05 3.574231559367007576e+05
1.794272226281464100e+04 3.730502951308153570e+04 2.008283928007585928e+04 2.534193306055385619e+04 5.989919386920519173e+04 2.374883586773648858e+04 1.433822873834287748e+04 5.361854468676034594e+04 3.066955556336330483e+04 -1.377925999200670049e+04 5.115821878425800242e+04 5.732245865889143897e+04 -1.428397928742924705e+04 5.840239866141928360e+04 5.694005895755253732e+04 -1.647814690950320801e+04 1.553504672163398936e+04 1.647903399280039594e+04 -1.081085163255914813e+04 2.160102584573900094e+04 5.494333700044080615e+04 2.012365099420980550e+04 -1.573905403114622459e+04 2.411314046941685956e+04 2.197550956683687400e+04 -1.763690863299416378e+04 2.221289878623816185e+04 5.709065178758476395e+04 2.152513410721451510e+04 -4.989103079569758847e+04 -1.212229533499374520e+04 6.058351946325274184e+04 2.027740561374265235e+04 -1.148704768274910748e+04 -1.600626973755424842e+04 1.808779839222528972e+04 2.866856191685644444e+04 -3.732752556970808655e+03 2.116231751366273966e+04 1.678777183522470295e+04 -7.803500871814205311e+03 2.866155726573173888e+04 6.628237832395802252e+04 3.650865433824912179e+04 -4.402337927865982056e+04 -1.620265151839703321e+04 6.441746026714111213e+04 6.106784725271747448e+03 -1.278498299673078582e+05
5.488340485811943654e+04 -1.922160440299194306e+03 -5.775604593887692317e+04 -1.474925984744913876e+04 2.018915091874077916e+04 -5.425343681970844045e+04 -2.566101604257710278e+04 1.394538142951205373e+04 -4.742706774966791272e+04 -5.421290804195450619e+04 -2.675382879737298936e+04 -2.037250872119329870e+04 -1.644525087787769735e+04 -1.949340104591101408e+04 -2.083097155817085877e+04 -1.848474643513327464e+04 -2.429380482120905071e+04 -2.342065212113084272e+04 -1.280856595607474446e+04 -5.596279488410800695e+04 -6.035483576590183657e+04 1.822325077140727080e+04 2.030169466917868704e+04 -5.328358421305881348e+04 -5.574680566787708085e+04 1.850475848972552922e+04 -1.702044645004236372e+04 -5.779994170792651130e+04 2.008997705794143258e+04 -1.385081893095077248e+04 -5.130509733280650107e+04 -1.602159701811627019e+04 -1.872333027888089418e+04 -1.255381572671467438e+04 -1.693696987669682130e+04 -2.059782096708664903e+04 -4.779512486420583446e+04 -4.245873027481144527e+04 2.064285910804738523e+04 1.634718372806668049e+04 -4.622363520320539828e+04 -4.700569291570025962e+04 -8.838113889214582741e+03 -3.872326042619580403e+04 -4.480888055899448227e+04 2.089148415252560517e+04 -1.003129614371637581e+04 -1.435066089819868503e+05 -2.783517351507875137e+05
9.019837312982417643e+04 -4.445332659059204161e+04 -1.021633784420555457e+05 -5.959909846656961599e+04 -6.189050434360979125e+04 -6.000886504509253427e+04 -6.947260118293337291e+04 -1.444253503042274388e+05 -9.161738277442078106e+04 -2.182506865588945220e+04 -1.085711489955430734e+05 -1.400133957932122867e+05 -5.967148468887897616e+04 -6.254550038836894237e+04 -1.019208648771745648e+05 -9.939070092601473152e+04 -1.049095559996203956e+05 -6.570818315085486392e+04 -5.488251555856547202e+04 -1.361123171902726754e+05 -1.019629041262670071e+05 -6.160413776378860348e+04 -9.730623295996355591e+04 -9.453908097755623749e+04 -9.761345885606715456e+04 -5.994297567289334256e+04 -5.709161989798321156e+04 -9.834643628244544379e+04 -9.583117334143014159e+04 -5.376209398731577676e+04 -5.268770841998024844e+04 -9.326512368657870684e+04 -5.779329043813108001e+04 -5.076944824802898802e+04 -9.273096521297714207e+04 -5.875187755416857544e+04 -4.859960777685057838e+04 -8.070662827958597336e+04 -5.386060817400005180e+04 -1.994060872006230056e+04 -8.083363560144673102e+03 -4.645251107896887697e+04 -8.296161981532338541e+04 -3.785897333611466456e+04 -6.457656213897280395e+03 -5.244886676518933382e+04 -8.302772784605633933e+04 -6.768547392333857715e+04 -5.425424975692294538e+04
5.087671045534085715e+04 -6.961983156797941774e+03 -2.655275620287278434e+04 -2.274637768539832905e+04 -2.483984025078825653e+04 -2.292302764981286600e+04 -3.240125206008087844e+04 -3.030813793855486438e+04 -5.478005989687517285e+04 -6.209751370159204816e+04 -3.315093258803244680e+04 -2.606785937619867036e+04 -2.288300545536912978e+04 -6.433512173127382994e+04 -1.037757482368033088e+05 -6.277726286876708036e+04 -2.981095431256107986e+04 -6.761542472930156509e+04 -9.533824687037846888e+04 -6.127689362096131663e+04 -2.708421864634142548e+04 -6.388051628950065060e+04 -9.961293694126670016e+04 -9.683801037172084034e+04 -6.188239367154875799e+04 -6.221069623104977654e+04 -9.768607953155877476e+04 -6.256809059123054612e+04 -6.011710346414457308e+04 -9.457313519495070796e+04 -9.336120712046971312e+04 -9.585724992386554368e+04 -9.846516407502390211e+04 -9.124288002523820614e+04 -9.505853489332366735e+04 -1.372695557901168359e+05 -1.653187724816962145e+05 -1.211821636281094979e+05 -9.373065079736977350e+04 -1.354512330269785598e+05 -1.616015775423148880e+05 -1.239795089271507459e+05 -8.447127429448277690e+04 -1.149820282842852175e+05 -1.212992568296618992e+05 -9.132059720315714367e+04 -1.216310201317539904e+05 -1.066278166940906085e+05 -1.824730398598918691e+04
1.148579341795982327e+04 3.086709600203909213e+04 1.094499158585676923e+04 -2.409317679499514634e+04 1.282878114434424788e+04 5.357778135978151113e+04 4.418211106647504494e+04 4.641070513782324269e+04 2.174874440155702177e+04 1.440325654461048543e+04 8.225940331030881498e+04 8.943777917564165546e+04 5.385285540804031189e+04 5.092789888178228284e+04 8.857419907726577367e+04 9.096837819146455149e+04 4.678236708714398264e+04 8.585459546273338492e+04 1.349644477493711165e+05 9.195488453173308517e+04 4.901274215866574377e+04 8.877637571276878589e+04 1.297595953251586470e+05 9.378748192713840399e+04 5.148898064566310495e+04 8.944542487559356960e+04 9.208404990727995755e+04 5.011664913618017454e+04 9.055276806175219826e+04 9.400412334565748461e+04 1.831684015371149871e+04 5.364325702918053139e+04 8.892303204571420792e+04 -5.697801699687214568e+04 -3.663140191801364999e+05 -9.423037380105213961e+05 -1.236046696640259121e+06 -6.943195828507319093e+05 -9.396693314716743771e+04 9.249280695687024854e+04 1.414401547453603707e+05 1.404408312830494251e+05 1.414862533463743748e+05 1.479171007600965677e+05 1.785528349175001495e+05 1.701536235451926477e+05 1.389814289522476611e+05 1.907993451872595469e+05 2.783515584777300246e+05
-1.451625090622109128e+05 -1.258043780754087493e+05 -1.074656075026724720e+05 -1.041078703070525080e+05 -1.054232011365820654e+05 -1.031325355803710409e+05 -1.123089059628545074e+05 -1.097735167969949543e+05 -5.711752808099845424e+04 -6.434911681833909824e+04 -1.507576122411412653e+05 -1.044275426893730182e+05 -6.250876360718393698e+04 -1.038592738605802879e+05 -6.571556920593138784e+04 -6.297947302256966941e+04 -6.820333832671167329e+04 -6.737894928490277380e+04 -9.508627235423773527e+04 -6.035887599311536178e+04 -2.578630081581673585e+04 -2.439566954504698515e+04 -2.142443527991417795e+04 -1.848365685436874628e+04 -6.056511841423367150e+04 -2.200538918696134351e+04 5.797234508878318593e+04 1.619088796403957531e+04 1.857387651194585487e+04 6.067693557502934709e+04 6.188503981364215724e+04 5.915282658796082251e+04 9.453490094281733036e+04 1.780605322035260033e+05 4.790889706049354281e+05 1.160176700599838514e+06 1.434302990324794082e+06 8.654926877978157718e+05 2.816160661616601283e+05 8.650898929772642441e+04 5.918146054056717549e+04 5.823000811768008862e+04 5.935647487291123252e+04 6.575916228524886537e+04 5.855982347333361395e+04 1.254759352828841656e+04 1.946580831223435234e+04 1.469226364677869715e+05 3.099946854318818077e+05
-1.878154178650584072e+05 -9.066991584026254714e+04 -3.448678105167346075e+04 -7.124707171373302117e+04 -1.113020357338245958e+05 -1.091427308530546725e+05 -1.184361465901018819e+05 -1.160327039688129444e+05 -1.421938268275698647e+05 -1.498644334921845002e+05 -1.192543248872972326e+05 -1.896411839115899056e+05 -2.261514319322304218e+05 -1.898188748300889856e+05 -2.293540559191023349e+05 -2.656402329422418261e+05 -2.316072570011603821e+05 -2.310994693182873598e+05 -2.981381176097783027e+05 -3.012432194265419384e+05 -2.661617933292287635e+05 -2.266767788678405341e+05 -2.231040968836173415e+05 -2.587158995872595115e+05 -1.853961121634343872e+05 -1.839910026360299671e+05 -2.192402332916388987e+05 -1.838435599429071881e+05 -2.197294517597761005e+05 -1.772066628496390767e+05 -1.363254804993630387e+05 -1.774447884396070149e+05 -1.797231364352053497e+05 -1.714025126074557193e+05 -1.361878555366999935e+05 -1.791122029573305044e+05 -2.083389736022218131e+05 -1.248282935828322079e+05 -1.336395295787947252e+05 -1.371272403188045137e+05 -1.265583615886867046e+05 -1.266441353704435751e+05 -8.593104387778975070e+04 -1.175175644713463262e+05 -8.622818132222257555e+04 -5.457611165416846052e+04 -1.226560097839683294e+05 -1.091695128867290914e+05 -2.239261446316912770e+04
6.725045008934102952e+03 2.578771974716801196e+04 3.605502835707622580e+03 -3.327715015766455326e+04 5.243421602062880993e+03 7.691289048816659488e+03 -4.046996943390695378e+04 1.203832266619545408e+03 1.401142547052586451e+04 6.431511370465159416e+03 3.732894678047171328e+04 5.964211624523275532e+03 8.356277920829597861e+03 5.699645004060585052e+03 5.030836176592856646e+03 8.548654287529649446e+04 8.039272799767804099e+04 2.676573611388448626e+03 -2.578562667273217812e+04 9.780625042039901018e+03 4.448176465171843302e+04 5.771173555985791609e+03 -6.869551356910972390e+04 -1.046098710483055911e+05 -1.091536815493599861e+05 -1.079045894046429312e+05 -1.045339084014995024e+05 -1.081626376931673149e+05 -1.056312444413196063e+05 -1.019924625972635113e+05 -9.997408306371641811e+04 -6.409184845688275527e+04 -6.663643280306155793e+04 -9.717731741286104079e+04 -6.216987101041001733e+04 -2.855471450748143252e+04 -1.988011817476968281e+04 -1.372286238212860189e+04 1.555131140718003735e+04 -2.663605066045420244e+04 -5.522759195941011421e+04 2.101081724947993644e+04 -1.514290441438788548e+04 -4.748249809781531803e+04 -1.649165785958757624e+04 -2.318592659576074220e+04 -1.535773037612647749e+04 -4.067480894562229514e+04 -1.071206665207864717e+05
-3.860675778944276972e+05 -2.104921925504457904e+05 -1.157211275433654664e+05 -1.139507862672324991e+05 -1.144717334667802788e+05 -1.903851765004219487e+05 -2.385990425295312307e+05 -1.577373373392036883e+05 -1.453070673844194971e+05 -2.702520146372261224e+05 -3.562422003413668717e+05 -3.873882968327963026e+05 -5.801999881261142436e+05 -6.995387362400649581e+05 -5.041590498131697532e+05 -2.667368546003127703e+05 -1.541458638740004972e+05 -7.572558235871838406e+04 1.279998147860169411e+04 4.874206318287178874e+04 4.459872896783030592e+04 4.452725645125587471e+04 4.785132091870764270e+04 8.950866100436518900e+04 8.453505898622050881e+04 8.124663151975604706e+03 1.134182496316509787e+04 4.623760055110324174e+04 9.757481280248728581e+03 -6.432469669322040863e+04 -1.009653396872451995e+05 -1.423384199244908523e+05 -1.833837192429937422e+05 -1.749239211351957638e+05 -1.781643263829755597e+05 -1.443157637151307426e+05 -1.354476243472893257e+05 -1.674165540005199146e+05 -1.373233228904427961e+05 -6.393595536850602366e+04 -5.413737206923565827e+04 -9.274149599456018768e+04 -5.196212260983861051e+04 -4.588737172191054560e+04 -5.319551800726936199e+04 1.691156785585917532e+04 2.487728939915518276e+04 -3.899451363366004080e+04 -1.059262158977799118e+05
-1.904670027550309896e+05 -9.310534572112374008e+04 -3.750949211767874658e+04 -3.564544792461674660e+04 -3.577528589812573045e+04 -3.310484138317406178e+04 -4.196114657941507176e+04 -3.921223741024732590e+04 1.241497216455172747e+04 8.318309778464026749e+04 1.145300674164900556e+05 2.004068269176057074e+05 3.979396071934022475e+05 4.731401672743958188e+05 3.158244840725091635e+05 1.227774082566610305e+05 6.619174205117742531e+02 -7.724435377167537808e+04 -1.057975416415137588e+05 -1.476706188498064294e+05 -1.905693077718021814e+05 -1.514814464139633346e+05 -1.089395934907953488e+05 -1.059222674753981410e+05 -1.106818746589125367e+05 -7.021155958762404043e+04 -2.795779880019836128e+04 -3.182130854547733907e+04 9.314321640995214693e+03 5.143430029653233942e+04 9.198674770392233040e+04 1.661803274898562813e+05 1.631569141583173769e+05 1.321567992935888469e+05 1.667162091052160831e+05 1.997116625990019529e+05 1.689843955868852208e+05 9.763485656963911606e+04 5.011939003336016322e+04 8.445259064319520257e+04 9.353358241409287439e+04 5.433988461736601312e+04 5.631222583644543192e+04 6.164833468355948571e+04 5.378967525961354841e+04 8.997337931359623326e+03 1.670197772822619299e+04 6.686301675537810661e+04 7.556028073507916997e+04
8.217574447480740491e+04 -5.623267785267677391e+04 -1.584748712787403492e+05 -1.180123044160426653e+05 -1.179266498141805641e+05 -2.330497473577269702e+05 -2.810504161260904511e+05 -3.567672981476065470e+05 -4.232473896085869055e+05 -4.305040880892191781e+05 -3.590448883344652131e+05 -1.941092955740171019e+05 -7.427661505993455648e+04 1.654143827618099749e+03 1.126370762067381293e+03 3.684995297808200121e+03 1.164559417532290099e+05 1.163670641824137419e+05 4.821363217663019896e+04 1.236199766609932994e+05 1.584706345951415133e+05 7.961732751835347153e+04 8.298818189039605204e+04 1.246323296369519085e+05 8.014802468795073219e+04 8.188393278833222575e+04 1.239818501577246352e+05 8.073604518896911759e+04 8.274230218521528877e+04 1.246237968301283836e+05 8.769533584010798950e+04 4.551083853613823885e+04 4.270484112901624758e+04 8.948108174547065573e+04 8.559820465598000737e+04 4.127376050018936803e+04 4.891364676237571985e+04 5.485690699686539301e+04 8.513467938668311399e+04 8.101664210349532368e+04 5.077249507710814214e+04 1.168408466095609765e+04 1.390048823144748167e+04 9.563149364723404869e+04 4.909220286674181989e+04 4.645706713490624679e+03 5.095906056114484090e+04 -1.473062851524318103e+04 -1.606643405632341746e+05
4.305874711775686592e+04 -1.679360064968932420e+04 -1.228806246363325045e+03 3.930752904998348095e+04 3.956925034552114084e+04 1.208818034664727747e+05 2.691332655443692347e+05 4.286591473073353991e+05 4.794018915257770568e+05 4.322419902653198806e+05 3.853928911659751320e+05 2.751871687095266534e+05 1.592841423407662078e+05 7.815831096522739972e+04 7.735244732059066882e+04 7.974835179571527988e+04 3.583137114997953176e+04 3.560267504275543615e+04 6.494005856220610440e+03 -3.528290316957281902e+04 -3.732532929279841483e+02 3.790436648647306720e+04 2.303872034826781601e+03 -3.410244081227574497e+04 -3.959645622613606974e+04 1.407973780587606598e+03 4.681082669121504296e+03 -3.855452238494768972e+04 2.499459678656188771e+03 5.602581531565927435e+03 -6.998435633577156113e+04 -3.439141057606268441e+04 1.835488411598082166e+03 -6.752067673573023058e+04 -3.249184978660161141e+04 8.760512978189508431e+02 -3.030309681285865372e+04 -2.418730922159741749e+04 -7.062689799058696372e+04 -7.449097185017287848e+04 1.105814394424708735e+04 1.062208209739805170e+04 -6.397089321864751400e+04 -5.911171920743052033e+04 -2.857630931393941137e+04 -3.410175586468530673e+04 -2.591851798089917793e+04 -5.350758952787071757e+04 -1.232045288872892852e+05
1.589534041564911604e+05 1.773256664257496595e+05 1.524540756316855550e+05 1.527599682274740189e+05 1.925605646116309799e+05 1.558840749063530238e+05 1.471161748250595992e+05 1.888274935295342002e+05 1.601312259296537377e+05 1.129885704669868574e+05 1.453666832859748974e+05 1.528248898533640895e+05 1.149106928435501177e+05 1.121662997614473570e+05 1.111480313257197849e+05 7.406766453234013170e+04 3.030345337261701934e+04 2.962842579960124567e+04 -1.102855202043429017e+02 -4.149237407895270735e+04 -4.572279537387634628e+04 -4.731690003944095224e+04 -8.279849857965018600e+04 -1.194993666221853346e+05 -1.646250427252380177e+05 -2.007676574721699581e+05 -1.972506095940477680e+05 -2.405795895893247798e+05 -2.383215515871418174e+05 -2.350772479423902696e+05 -3.101797405717659276e+05 -2.742863058505462250e+05 -2.372915513758205925e+05 -2.673052238236413104e+05 -2.317327833996384870e+05 -2.367904236805040855e+05 -2.295222458409258979e+05 -2.228710476256678230e+05 -2.292274554344476783e+05 -1.938617262034671730e+05 -1.861211817085861985e+05 -1.473159343193407403e+05 -1.826304884199629887e+05 -1.782676342272312613e+05 -1.089814743428726215e+05 -1.132011770928509068e+05 -1.044216760084964335e+05 -1.717820954884501407e+05 -3.204776626799111255e+05
-2.755076691671274602e+05 -2.078740725759413908e+04 1.508524093867162592e+05 1.114380036373040057e+05 3.349049363809172064e+04 7.587462176481490314e+04 1.461912442356696702e+05 1.092855220084310859e+05 4.088308200996834785e+04 1.120522391563281126e+05 1.449540996324503794e+05 7.381508099992066855e+04 7.527035577455535531e+04 1.120736848824889748e+05 1.111586342248482979e+05 1.134373288246571319e+05 1.091721896964010084e+05 1.084286420847638510e+05 7.854827373812429141e+04 1.157795318146235077e+05 1.507334849913603393e+05 1.095597847903263755e+05 1.522860890132145723e+05 1.153292981121923076e+05 6.968249347759410739e+04 1.507418594657790381e+05 1.537701679897145368e+05 7.069175000477116555e+04 3.334474718372779898e+04 3.596668522135587409e+04 3.830907983094220981e+04 -4.393665680254809558e+03 -1.237054603896103799e+05 -1.540715758886656258e+05 -1.187797307671278249e+05 -1.630793179429017473e+05 -2.338815661551777739e+05 -2.274795971112329280e+05 -1.947765511361649260e+05 -2.370384654231014429e+05 -2.296934386470821337e+05 -1.907533641293415567e+05 -1.488986312318589189e+05 -1.448397502972517977e+05 -1.915893733393752482e+05 -1.568474154855353408e+05 -1.094615858784528682e+05 -1.006292119825955015e+05 -9.630069442966284987e+04
-1.197363456783932052e+05 -1.807051664355094545e+05 -1.676078097856952227e+05 -8.923896753549337154e+04 -8.772066071629524231e+04 -1.237682346208019881e+05 -9.231195640488294885e+04 -1.084825231635465752e+04 3.835195707884849980e+04 -8.273750362859573215e+03 -9.273476660222525243e+04 -4.560334312351199333e+04 3.471645869722112548e+04 -6.833970138395554386e+03 -4.687960587325494271e+04 -4.989650738716474734e+03 3.066821313521359116e+04 -9.265219628578051925e+03 3.933517811499768868e+04 7.733186586207000073e+04 -5.140574508986785077e+03 3.208073497400654014e+04 1.145117860450411681e+05 7.767035842087364290e+04 7.121863557491463143e+04 1.529092115693491069e+05 1.952425962575942976e+05 1.512237850646491279e+05 1.138567863655043184e+05 1.944500867187164258e+05 2.748442478527430212e+05 2.707005302651672973e+05 2.678376458509602817e+05 2.758306748978792457e+05 3.102355239499593736e+05 3.039557631153730326e+05 2.319124398182609584e+05 2.372595680633098818e+05 1.529638551158135524e+05 -2.387483764963684371e+05 -6.962141317088417709e+05 -7.723355498278420419e+05 -4.583790017949637258e+05 -1.834123843547418946e+05 -7.573574168025556719e+04 -4.087530929013143759e+04 -3.222279169800458476e+04 -6.244063240097515518e+04 -1.358159010953374673e+05
1.959997976059091743e+05 1.349819614388979971e+05 6.909229754382965621e+04 6.846901477983919904e+04 6.994547835172852501e+04 3.382360084855474997e+04 6.519606234127416974e+04 2.831665185571159236e+04 -1.414569205371721182e+03 3.076303492591244867e+04 2.503661756461951882e+04 3.269442314835032448e+04 3.415510762599296868e+04 3.191169335303129628e+04 3.112260892783524469e+04 3.358433464018162340e+04 2.986422902031335980e+04 2.913872468343464425e+04 3.839543243346264353e+04 3.709383121604332700e+04 3.309828464029112365e+04 3.101903900242171949e+04 3.500162340467801550e+04 3.737103104038402671e+04 -8.181405335781339090e+03 -4.621077475894882809e+03 3.796183502563502407e+04 3.324326135130837793e+04 -3.888545786030415911e+03 -1.153732127859111642e+03 4.062943770346461679e+04 -2.001126810792309698e+03 -4.299342361046234146e+03 4.383453889168042224e+03 5.017653392861830071e+02 3.382776916434519808e+04 1.316379570343822706e+03 4.608705326507339487e+04 2.336704606743291079e+05 5.003226146896472783e+05 8.153066787743619643e+05 8.905145000200741924e+05 6.206065027430286864e+05 3.132320972572772298e+05 1.106821569174653850e+05 6.765351235604588874e+04 3.738680602458724752e+04 -1.473377630309527740e+05 -3.751159898462304845e+05
3.653968478029104881e+04 -2.481403561483591329e+04 -9.159018577949609607e+04 -9.275903767964337021e+04 -5.130229978763964027e+04 -4.765747329802252352e+04 -1.588660283217905089e+04 -1.335694934503408149e+04 -4.376494220661697909e+04 -1.131380739563610405e+04 2.299636306066531688e+04 -8.783259690971812233e+03 -7.376090181933250278e+03 2.997787834523478523e+04 2.915914615732617676e+04 3.165452891291363630e+04 -1.096399119996919762e+04 2.747424645785940811e+04 7.579751402750844136e+04 3.567183851118898019e+04 3.180887362395855598e+04 2.938429075933527201e+04 3.356851863325585146e+04 3.587192294857231900e+04 6.843576418265013490e+04 7.247680444328603335e+04 3.672569311340327840e+04 3.194343362585641444e+04 3.381419689976610243e+04 3.647304150246770587e+04 3.935159902757732198e+04 3.560986696102202404e+04 3.350333961920125876e+04 8.107821722252969630e+04 7.711216974945244147e+04 -6.340001069474732503e+03 -3.253890172343817540e+02 8.337754078122100327e+04 7.762977481121214805e+04 -3.985357802303042263e+03 2.110067837057111319e+03 4.075998972606624011e+04 4.373512380174349528e+04 4.663587759627267951e+04 -7.090094493465730920e+02 -4.168585455045104027e+03 4.303526416682888521e+04 -2.664638097747089341e+04 -1.782805033551986562e+05
-1.225861259832162468e+05 -1.841672146480414376e+05 -1.726244514063000679e+05 -1.347745230214786425e+05 -1.720233045262284577e+05 -1.682620947682881088e+05 -9.683612156019080430e+04 -9.440438364719750825e+04 -8.595433993643400026e+04 -5.335845634253928438e+04 -9.748996279231511289e+04 -8.997006293851899682e+04 -4.920266353379702196e+04 -1.177914022526238114e+04 2.667962929350323975e+04 -1.020495242904883344e+04 -5.255349904968170449e+04 -5.351666963601019233e+04 -5.475249536393675953e+03 3.342272798618068919e+04 -9.632119163579773158e+03 -1.237688635155779775e+04 3.118522370787104592e+04 3.335022382467286661e+04 2.657613730756554287e+04 -8.103851545893005095e+03 -4.625601797597482800e+03 2.969347381731506903e+04 -7.584692818927345797e+03 -4.992228401824715547e+03 3.714261697081383318e+04 3.329198196530342102e+04 3.136518310202530120e+04 1.148298971529700793e+03 -4.172838193335337564e+04 -8.231331746792653576e+03 3.641953140438999981e+04 4.234536327188846190e+04 -1.663819501700112596e+03 -4.435987217904755380e+04 1.725230636661872268e+02 2.663833813860546798e+02 -7.387332757352828048e+04 -7.110586254741041921e+04 -2.443395760492770933e+03 -5.238068521721288562e+03 -1.120145541656536516e+05 -2.206913081250955584e+05 -2.958906058481032960e+05
1.519360025643256959e+05 1.688690402524662204e+05 1.794662242438062094e+05 5.872790903638815507e+04 -1.362167009140830487e+05 -2.507596779760206118e+05 -4.944866253295911010e+05 -9.255874856878663413e+05 -1.311446288428269792e+06 -1.396065074104116764e+06 -1.163059432472218992e+06 -8.398858628259046236e+05 -5.230384980721280444e+05 -2.882168444039416499e+05 -1.708407767771859653e+05 -1.287698000800448935e+05 -9.186897710198536515e+04 -1.423927088442724198e+04 -5.669295508123468608e+03 -4.475141349830641411e+04 -4.823188476351788267e+04 -1.185633188986638561e+04 3.196506691834656522e+04 -4.973169252043124288e+03 2.744499185151699930e+04 7.161918662226526067e+04 -3.053970482142409310e+03 -7.820973408815916628e+03 3.322129530541156419e+04 3.588387725932965986e+04 3.916380012116860598e+04 3.540005863789725117e+04 3.376884996920125559e+04 8.157759436173341237e+04 7.762275712739164010e+04 3.328258428431581706e+04 3.892300314386351965e+04 4.496775028557772748e+04 7.890370749257272109e+04 1.137539019307582639e+05 1.191105485055597965e+05 8.035477799247065559e+04 4.482997445185901597e+04 8.590168036491423845e+04 1.542362102615877520e+05 1.513350865172101185e+05 8.273076027486263774e+04 5.045634844020218588e+04 5.165521736809564754e+04
-1.031552948470925330e+06 -1.172249287167796865e+06 -1.200988941894320073e+06 -9.269645283021961804e+05 -4.508290732646128163e+05 -1.297966930025722831e+04 3.740610482310875086e+05 8.095259375090255635e+05 1.249843049427145394e+06 1.399932880810228642e+06 1.119039389408135321e+06 7.315573325412702980e+05 4.564523924034435768e+05 2.572905192596954294e+05 5.909325094049563631e+04 -5.282085354466121644e+05 -1.433875585939967772e+06 -1.591034010788425338e+06 -7.961145965711327735e+05 -1.669282235435093171e+05 -5.269015706813655561e+04 -1.676355251605837839e+04 2.692962363304110477e+04 -1.032338967808737652e+04 -1.736672429949959042e+04 2.696633539628237486e+04 3.038986247760476544e+04 6.441957180388283450e+04 2.693691456137492787e+04 -9.769910870818246622e+03 3.253469690040219575e+04 2.845205745135899633e+04 2.688686576555488864e+04 3.560064689809217816e+04 3.138121782278170576e+04 2.597055220656329766e+04 3.103605232958216220e+04 3.680956915603025118e+04 3.239432349015263026e+04 -1.036791339778571273e+04 3.314872499991982477e+04 7.200751562661073694e+04 -2.190230424457695335e+03 -4.619592000378033845e+02 6.777574038773290522e+04 6.568819338659505593e+04 -2.753787512192793656e+03 2.298127302200795384e+03 7.900092166499205632e+04
1.098502236212079646e+06 1.115239566946693463e+06 1.046543677603767370e+06 8.072741373997994233e+05 4.548874616847024299e+05 1.039496669301298389e+05 -1.002621105080469861e+05 -1.374930942288484075e+05 -1.695108274443191476e+05 -1.759935269405831932e+05 -1.405960231961217651e+05 -1.333284190445556887e+05 -9.273051599797322706e+04 -5.512216442526548053e+04 -1.691479506582254544e+04 4.569015962720743846e+05 1.396648613270662958e+06 1.550940780922828009e+06 6.934743311535564717e+05 1.039861268911045045e+05 -1.772735970211168751e+04 -6.052113730867835693e+04 -9.533404729038011283e+04 -1.327292715938529000e+05 -1.006949237332444172e+05 -9.543478127772687003e+04 -1.311393887767917477e+05 -1.360955198109152261e+05 -1.344971591630019248e+05 -1.320293131898504216e+05 -1.676272775355027989e+05 -2.105439687299081124e+05 -1.727522347055497812e+05 -1.637313794463986997e+05 -2.066402104566805065e+05 -2.115983149511156371e+05 -2.063179865211712895e+05 -2.001619085730639054e+05 -2.425687400312742102e+05 -2.461076587208656128e+05 -2.022529464881521708e+05 -2.402144064134336368e+05 -2.363819698177388054e+05 -2.342266129530624603e+05 -2.426442799760850612e+05 -2.050354896168567939e+05 -1.956633462096218136e+05 -7.524674287386180367e+04 1.550258363978362177e+05
5.055864946387007367e+05 4.433406547986669466e+05 4.136738632395280292e+05 4.501299786465824582e+05 4.527735065337037668e+05 3.778128452261443017e+05 3.705924659594891127e+05 3.723060512801749865e+05 3.000087748822991271e+05 2.145422173594124615e+05 1.710645214447870385e+05 1.384436519758310169e+05 2.133686690940498374e+04 -1.992282083287136629e+04 -6.060278821882070042e+04 -1.762200720122202765e+05 -2.176252397574717179e+05 -2.975118657300481573e+05 -3.288390751508994726e+05 -2.886442604791953927e+05 -3.703127791133002611e+05 -4.519398517889201175e+05 -4.076998847408693400e+05 -3.662906620925058378e+05 -3.338690913378374535e+05 -2.886968942626844510e+05 -3.238530484749936149e+05 -2.893890491733332165e+05 -1.703374909679407137e+05 -1.676204632094596745e+05 -1.639440834333072416e+05 -1.287790136737751309e+05 -1.297273088255320909e+05 -1.206467896304092137e+05 -8.578972723713365849e+04 -5.188333646859962028e+04 -8.566908726177655626e+04 -7.968611701013287529e+04 -4.450374482577876188e+04 -4.828193604975240305e+04 -4.361326112353708595e+04 -4.506939262792468071e+03 -9.639846815844066441e+02 -3.807250505458796397e+04 -4.680655078671406955e+04 -9.559079387981910259e+03 3.791787836613366380e+04 -3.464000007923296653e+04 -1.899951025962941349e+05
-7.817708563525346108e+03 8.501379488734586630e+03 -2.170281217928277329e+04 -6.422928973915986717e+04 -6.095535898784874007e+04 -1.724862889648647979e+04 1.551488087221514434e+04 -2.184152980596997077e+04 -1.557425823324604426e+04 1.764290270890342072e+04 5.355173229298100341e+04 6.042630253417894710e+04 2.221866709616733715e+04 5.986116641841357341e+04 9.772462179709685734e+04 9.992406559758825460e+04 1.370823708077659539e+05 1.745106604628380737e+05 1.426282933561014361e+05 1.824834228566032252e+05 2.178731037952818442e+05 1.354280223269595299e+05 1.397607168630931992e+05 1.411915906958166743e+05 9.459663317626103526e+04 6.110314069926983211e+04 2.528943179931957275e+04 2.010621279827319086e+04 2.139125792891718447e+04 2.358068650151835755e+04 -5.094776954327215208e+04 -5.525789641775138443e+04 6.038555998675303999e+04 3.014125404850376071e+04 -1.329378796275693458e+04 5.915295087848766707e+04 6.359054916800215142e+04 3.027841624803852756e+04 2.658583713346160948e+04 6.110765359131607693e+04 1.036954584857450100e+05 1.037028827352336375e+05 6.816156509506970178e+04 3.028956952155556064e+04 9.809664468950324226e+04 9.686866091593366582e+04 2.830492827633861452e+04 1.085364197866859613e+05 2.599069102553748526e+05
1.875195343376252567e+05 1.248708081102812430e+05 5.460891301860089879e+04 1.165808774647302926e+04 5.460120668925810605e+04 5.921401951665757224e+04 5.298685177578590810e+04 9.405824559828045312e+04 6.028711783146730158e+04 9.372000012255739421e+04 1.300639173356466927e+05 9.740824418055126444e+04 1.376606844714842155e+05 1.753292404429520830e+05 1.736673504934878438e+05 1.757360843796050758e+05 1.740298257968971448e+05 2.111339094222056738e+05 2.570833832179777091e+05 2.190486905531724333e+05 2.152557664550837071e+05 2.498361495762945851e+05 2.541239025379768573e+05 2.941561663080935250e+05 2.473519667377690785e+05 2.139599249581802869e+05 2.558622674489743076e+05 1.723396991362100234e+05 1.730428798092175275e+05 2.137761767505432945e+05 1.389986148598839063e+05 1.341331199373241980e+05 1.329939733998626471e+05 6.363133566337660886e+04 1.994539334817091003e+04 1.479345771746011451e+04 1.880489708593813702e+04 -1.452098951674997807e+04 -5.635426018387102522e+04 -6.042265786440088414e+04 -5.682954720221483149e+04 -5.636814211553428322e+04 -9.149963087373157032e+04 -1.295441880193543620e+05 -2.152173472222052515e+05 -3.303823135979464278e+05 -4.359903432239674730e+05 -6.248287626582859084e+05 -8.585274888278082944e+05
1.863815818479635054e+05 1.235712113478803076e+05 9.217063699645223096e+04 4.884835135831963271e+04 -2.606609754584496841e+04 1.766005789511837065e+04 5.070348338544135913e+04 -2.620369386131654028e+04 -2.127714005502662621e+04 1.218758669943781570e+04 -2.976204445643827785e+04 -1.017293897049967200e+05 -1.006808032342814840e+05 -2.376810496498364955e+04 -2.548111348150996491e+04 -1.407198743819028605e+05 -1.810351517269739415e+05 -1.047241070089512505e+05 -9.792826564080314711e+04 -1.352112160919932066e+05 -1.384732615257960279e+05 -1.817733510266408557e+05 -2.158430467714792467e+05 -1.753093118671677948e+05 -1.434795644265249721e+05 -1.368645247482345439e+05 -1.722418561868836405e+05 -2.160385403092372289e+05 -1.757076640534797625e+05 -9.553557413106301101e+04 -9.170705540629551979e+04 -1.736142786979332450e+05 -1.738928567452249117e+05 -8.736941617797134677e+04 -9.181734591606096365e+04 -1.351570478227221174e+05 -9.207222831260866951e+04 -4.764179784571763594e+04 -5.031066696450568270e+04 -5.416983502655045595e+04 -5.048599905829178169e+04 -8.828227192279871088e+04 -8.464551985642150976e+04 3.138829316827538423e+04 9.938857016881252639e+04 9.903825748682685662e+04 2.610327111207898706e+05 5.315360918178305728e+05 7.574302904921820154e+05
-2.454887692100602435e+05 -7.346328675688710064e+04 5.120218243682745378e+04 8.600087023660296109e+04 5.097307090385584161e+04 5.585034392104716972e+04 1.284110411931759445e+05 9.079370452382124495e+04 5.601553783606505021e+04 1.289523698968696408e+05 1.266900067179811886e+05 9.375221409864031011e+04 1.338861760991857736e+05 1.325886757331317640e+05 1.306631508425925567e+05 1.717218938088627765e+05 1.316071923315759341e+05 1.293359654280356481e+05 1.745931832597124740e+05 2.154094263605656452e+05 2.118707846314644557e+05 1.290115221461744513e+05 1.724807584055818734e+05 2.123388818491367274e+05 1.656483775659580133e+05 1.719888808691756567e+05 1.360894904425365385e+05 1.305952981987504754e+05 1.701116165865095099e+05 1.718319218535907567e+05 1.363256323046515463e+05 5.389045028394274414e+04 5.331476728024450131e+04 1.390384928139972035e+05 9.517386016552313231e+04 1.286525696428702213e+04 5.513132148043997586e+04 2.175612660270440392e+04 -1.950706568808550946e+04 1.489111517294053920e+04 -2.062077152921166271e+04 -2.011621347948722541e+04 -1.676549740892369300e+04 -9.382850726920925081e+04 -1.027348589955368079e+05 -2.549028098757844418e+04 -5.505308042134938296e+04 -2.071593059049317380e+05 -3.656928784344876185e+05
1.444937282055618707e+05 1.595502722775563598e+05 1.661164085488419514e+05 1.220861317790695466e+05 8.689838272082852200e+04 9.156043202994624153e+04 4.671896871761418879e+04 4.781287812365917489e+04 9.043203171895607375e+04 4.605264417623379268e+04 4.384176377498079091e+04 8.857486888329731300e+04 5.040548955847043544e+04 1.003689991281135008e+04 4.674253277597017586e+04 8.742999486072268337e+04 4.771146312152314931e+04 6.182284713722765446e+03 5.067304713942576200e+04 5.298498939664568752e+04 1.066155021631857380e+04 4.424918199074501172e+04 1.006425563653465360e+04 -2.812749373260885477e+04 4.179815269075334072e+04 4.860187119804276153e+04 1.273762059281626716e+04 4.602286205015843734e+04 4.647489564784336835e+04 -2.909934781724587083e+04 -6.418246225774055347e+04 -3.051331329683260992e+04 4.667539354617474601e+04 1.628920448245480657e+04 -6.627753408567514271e+04 -7.066349157743388787e+04 -6.727016651973826811e+04 -6.218773903412511572e+04 -1.024880938086425886e+05 -1.832959348574504256e+05 -1.805288191486033611e+05 -1.411166811059226748e+05 -1.376781830951219890e+05 -1.384068341110837646e+05 -1.470546855928844307e+05 -1.073791954354960471e+05 -6.057477888884046115e+04 -2.293740229652100243e+04 4.613280021556559950e+04
2.216133182367775298e+05 8.035504556610246073e+04 -3.074575646576701547e+04 3.069540188880673668e+03 8.558655453351093456e+04 5.174270197574516351e+04 7.602885062515267236e+03 8.747473624825954175e+03 1.179518615390407649e+04 4.602822965767698770e+04 4.451668096735369181e+04 1.123429998842765781e+04 5.125801630550993286e+04 5.026286861306287028e+04 9.140906165994238108e+03 4.990352596563764382e+04 8.853617703221978445e+04 4.717813263268905575e+04 1.378733583464054391e+04 5.540358442900466616e+04 1.298334194405467424e+05 8.576434619317256147e+04 5.170541586645419011e+04 1.298987613627102692e+05 8.359184568078455050e+04 9.054648760531522566e+04 1.709158251035840949e+05 8.817715749784850050e+04 8.855820932047173847e+04 2.062276131144610699e+05 1.710462470204222482e+05 8.864496138383401558e+04 1.657396529652763857e+05 2.507946272916159360e+05 2.064443835557901766e+05 2.016066914991820231e+05 2.429606785936630331e+05 2.474345473875296302e+05 2.832858311154993717e+05 3.167575748608205467e+05 3.567021380312514957e+05 3.565777179822914768e+05 3.204808567991121672e+05 3.185107333236378618e+05 2.323242869586120360e+05 1.564849894921639934e+05 1.643049709819024429e+05 1.631292128335912712e+05 1.553387331514377147e+05
-3.239008395888957893e+05 -3.095517377529178048e+05 -1.877118204088766361e+05 -3.767542042274726555e+04 -3.273017499188426882e+04 -2.733004011446610093e+04 4.560546852066181600e+04 1.243326515654919203e+05 1.268012685459690401e+05 8.363072416832426097e+04 1.213265744544335175e+05 1.655474053786020959e+05 1.666866868376382045e+05 1.657801806170027121e+05 1.245719001485849149e+05 1.263378881814425695e+05 1.651876066270052397e+05 1.237716513656777679e+05 1.287837254279292538e+05 1.318757147059658892e+05 9.006144367536748177e+04 1.232821078700363869e+05 1.280788712060896214e+05 8.992520148050971329e+04 8.239391808543584193e+04 5.104527292365682661e+04 5.401851885864755604e+04 8.739337786944830441e+04 4.923341284826182527e+04 1.256164939375594258e+04 1.633012933656567475e+04 1.134992884442897048e+04 5.029419690661603818e+04 5.851962486834975425e+04 -2.392068754823430208e+04 1.032023448089568410e+04 5.203129924164369004e+04 -1.975918908166937763e+04 -2.143373600119975163e+04 1.277694141346728429e+04 1.513701408111955971e+04 1.598328942636732245e+04 1.916846258391154697e+04 1.799472924903960666e+04 4.730279212642909260e+04 8.690225151949544670e+04 9.511079901945794700e+04 1.320694322988847271e+05 2.004079477128083818e+05
2.580236984000656521e+05 3.496749262334197992e+05 3.931634653400398092e+05 3.095869316230526892e+05 1.978730648706550710e+05 1.642274704694864340e+05 1.593580978483078070e+05 1.212119176361011341e+05 4.546030447934754193e+04 4.116774369031190872e+04 4.012871393963019364e+04 6.403680757211986929e+03 4.619713324558665045e+04 4.532952994632045738e+04 3.925559535855427384e+03 5.539130725373979658e+03 5.956630451837554574e+03 3.108429135463666171e+03 7.635457114083692431e+03 -2.747055798390647396e+04 -6.897262437269068323e+04 -3.606354383984557353e+04 7.354200317058712244e+03 7.689026255684439093e+03 -3.826448475068900734e+04 -6.919285116629931144e+04 -2.776830167189450003e+04 -3.286568576848367229e+04 -7.106666666135424748e+04 -3.073952443141001277e+04 1.143824275583005510e+04 -3.210431506187934428e+04 -1.077704891021130607e+05 -9.961199498473457061e+04 -2.877895690558920614e+04 -3.254336055921157822e+04 -6.773248252662573941e+04 -6.284578992548631504e+04 -6.406817555805901065e+04 -6.817825272300979123e+04 -1.040927776266478468e+05 -1.029452941872298252e+05 -6.160265140904788859e+04 -6.314419045083946548e+04 -1.095864761329719331e+05 -1.451471358293198282e+05 -6.080612390709517058e+04 1.305863737681647763e+04 3.899808646238408983e+03
1.781024362082825392e+05 1.143689984519733407e+05 7.941792507452191785e+04 1.116044211946427240e+05 1.169548426751862280e+05 1.225088658116874285e+05 1.568884993233950227e+05 1.187428863270907314e+05 1.194184166734338505e+05 1.543764590407954529e+05 1.154548289426020347e+05 1.198911077290539397e+05 1.595875731954583898e+05 1.204735226364573464e+05 1.173659229671465000e+05 1.571845555014443817e+05 1.581588840193580836e+05 1.549664760450832546e+05 1.585765623915358447e+05 1.241693617682904005e+05 8.294603029353334568e+04 1.534408034622906707e+05 1.964520374379938003e+05 1.196541030739899725e+05 1.121040371543497313e+05 1.579816441581349354e+05 1.604657294176288415e+05 1.169080433502679225e+05 7.832314442319329828e+04 1.562787055817905348e+05 1.979542375300659332e+05 7.779377158614760265e+04 7.901821719278860837e+04 1.627531989777344279e+05 1.180245856632245705e+05 1.142328386151338927e+05 1.167528175740153529e+05 4.500197609682800248e+04 4.379220976668875664e+04 7.727444108051713556e+04 4.090290953114163131e+04 3.996731233492027968e+03 -6.888521602260880172e+04 -1.844673868696563877e+05 -2.302096793020614423e+05 -2.644864173023956828e+05 -2.938016681236338336e+05 -2.969807791474151891e+05 -3.074687330951495096e+05
1.772073188395006000e+05 1.134084694279590913e+05 3.967277927411490236e+04 3.311179867305327207e+04 7.710812820470891893e+04 8.279524584242602577e+04 4.045935551344882697e+04 2.349665937945304904e+03 7.952298214484460186e+04 7.631911817385110771e+04 -6.172959622926427983e+02 4.212155808694649022e+04 8.188406177534483140e+04 4.307754869631020119e+04 1.604139232367742807e+03 4.139897026412677951e+04 8.114167212566826493e+04 7.802686304465169087e+04 4.321390833734767511e+04 9.291047235601581633e+03 4.499984101305017248e+04 7.714310616982402280e+04 4.374565104517398868e+04 4.373532603582111187e+04 3.650842494040250313e+04 4.435130601545074023e+04 8.525419163430342451e+04 4.201219669892464299e+04 7.986452807788702194e+04 8.170169446238991804e+04 4.727311271941266023e+04 7.989004149829270318e+04 8.145070986647659447e+04 8.905557181540632155e+04 8.251955402956809849e+04 1.170145560000673868e+05 8.169310756318713538e+04 8.593170832114992663e+04 1.607169902406167239e+05 1.182709524579693098e+05 1.575301729483189993e+05 2.340803023744961247e+05 2.363469474730656948e+05 3.090073850343478844e+05 4.132512809772749897e+05 4.529655333716061432e+05 4.219731676887026988e+05 3.420117973512969911e+05 2.551898228889266029e+05
1.376170887227636995e+05 1.504332093673292547e+05 7.642621908191370312e+04 3.122635413601528853e+04 7.520964874158380553e+04 8.092123300855758134e+04 7.720432164816884324e+04 7.728848730475897901e+04 7.702505861845565960e+04 7.403580204903846607e+04 1.123750108512472361e+05 7.806210196606139652e+04 7.937167725991457701e+04 1.172584468199056573e+05 7.557790351274888963e+04 1.149734447602531873e+05 7.843537393462634645e+04 7.506757101829838939e+04 1.162287053349425551e+05 8.262923723872518167e+04 1.181641609413782135e+05 7.362908980488986708e+04 4.022672908700769767e+04 1.161523878294969909e+05 1.088692577704202849e+05 4.060251296119508334e+04 4.310134947591018863e+04 7.609064873599004932e+04 3.754185590834822506e+04 1.333161049115238711e+03 4.302064941788534634e+04 7.526315955037716776e+04 1.495852562657557428e+03 -2.895930743135977536e+04 2.187362443364923820e+03 -8.616588442239444703e+02 1.784181013645371422e+03 -6.941593413619557396e+04 -7.013675888301851228e+04 1.158616404864005744e+03 -7.257652313099335879e+04 -1.088904442900095601e+05 -6.844124725932464935e+04 -7.093092592083895579e+04 -7.879458740499103442e+04 -1.126938220247391146e+05 -1.049468689254717901e+05 -3.439220812724716961e+04 2.886923495651129633e+04
-1.599861442489776528e+04 -3.461267233069520444e+03 3.701316512277111178e+04 6.824095462972763926e+04 7.409946924191899598e+04 7.996207762829732383e+04 3.836328148288879311e+04 7.653001873317430727e+04 1.140281801225503441e+05 7.321135454170871526e+04 7.359031099971616641e+04 7.732598961534677073e+04 7.881995844625623431e+04 7.860249626683059614e+04 1.131930807363823988e+05 7.625837317871616688e+04 4.013098883704503532e+04 7.493349280499387532e+04 7.761159629386372399e+04 1.205591835247467970e+05 1.181357205208044033e+05 7.358611392555758357e+04 7.838020450493809767e+04 7.807356983859790489e+04 7.095490539039019495e+04 7.892634258110751398e+04 1.193081591420925688e+05 1.143190157937353943e+05 7.569309539830987342e+04 7.744751252408628352e+04 8.115826352557633072e+04 7.539301539451116696e+04 3.981020066276006401e+04 4.711487254098732956e+04 1.156636694088231307e+05 7.491986442299094051e+04 1.967154027661541477e+03 6.186336932587437332e+03 5.503299855627119541e+03 1.206168333883397281e+03 -3.481690985005162656e+04 -3.346995571715547703e+04 -6.837467453238763846e+04 -1.460737956961388700e+05 -1.536556050559740979e+05 -1.871632672057596501e+05 -2.167688860304774716e+05 -2.588127547284222674e+05 -3.456990260953838006e+05
1.737953039843705483e+05 1.097977837789221667e+05 1.115203963345265947e+05 1.423249893297906965e+05 7.210018149227835238e+04 3.989006441930541769e+04 7.476671619864646345e+04 7.452107490389607847e+04 7.323456240294035524e+04 3.289880753844045103e+04 3.348581386031582952e+04 3.691288691683462821e+04 -3.747201449470594525e+04 -3.750681804085616022e+04 -4.112563226255588233e+04 -1.158956911269342527e+05 -1.133728620974582154e+05 -1.165805001326953061e+05 -1.899703875600243919e+05 -2.223149997842846205e+05 -2.242140953324264847e+05 -1.926220723337606760e+05 -2.253058941976637580e+05 -2.632166394934757845e+05 -1.941054366197200725e+05 -2.234413716927516507e+05 -2.206754358063330874e+05 -1.117655033056509856e+05 -1.122414819709954609e+05 -1.478759587643434352e+05 -1.060297587476089830e+05 -3.610054037300849450e+04 -3.329483093810268474e+04 -6.353402337495933170e+04 -7.041441561566898599e+04 -3.525286716379939026e+04 4.279688762238962227e+04 4.703087136469556572e+04 8.882409934594787046e+03 4.224916587671020534e+04 8.140573021955802687e+04 8.275647140340894111e+04 1.601295524652228050e+05 1.946965071267913736e+05 1.117584226641343557e+05 1.527501668193140649e+05 2.721822856322986190e+05 3.040953747040468152e+05 2.914173991806400008e+05
-1.647649321763307671e+04 -4.531798445968888700e+03 3.482662882946895843e+04 2.751534194103440677e+04 -4.216483160853385925e+04 1.858968095621050452e+03 7.487181504839097033e+04 3.667939540930086514e+04 -2.792144860140979290e+03 -4.710870243143290281e+03 3.410900639253680129e+04 1.132038301508873119e+05 1.149097846174844890e+05 7.705327834759373218e+04 1.111378278263145476e+05 1.500009142258205684e+05 1.525461526983418153e+05 1.868960425473050564e+05 2.644849431252804352e+05 2.697665542009052588e+05 2.296000287320927018e+05 2.605429028929213528e+05 2.651289140857993625e+05 2.643698378396218177e+05 2.949832584272371605e+05 2.273147681669797748e+05 1.540009021194421221e+05 1.867315113474619575e+05 1.856190866680114996e+05 1.495611560752149671e+05 1.531260400038445368e+05 1.094844760303383227e+05 1.121126276592263021e+05 1.190886052243881859e+05 7.401776591024873778e+04 7.139164133404847234e+04 7.385251484927674755e+04 1.151414676057179458e+05 1.518222687160596251e+05 1.472089740110090934e+05 1.110523305000970140e+05 7.486270269204396755e+04 1.142016333865462802e+05 1.854810029710647650e+05 1.775959609396532178e+05 1.067878701613517478e+05 1.135416911990619265e+05 1.445265650068172254e+05 1.310454559471681714e+05
1.717747149057685747e+05 1.077497115544974222e+05 7.068469363090110710e+04 6.311610832170117646e+04 3.194137988437432796e+04 3.814222350600169739e+04 7.339714512927457690e+04 3.522463203640648862e+04 3.290798143309069565e+04 6.925311832106669317e+04 7.054124449554368039e+04 1.110012971766991250e+05 1.129184680309844553e+05 3.791393831488674914e+04 3.387459812453015911e+04 1.100237322074828262e+05 1.131887917127461697e+05 7.206635836686470429e+04 1.111168460198677785e+05 1.170514064357848256e+05 7.756616359751197160e+04 1.083736068516738014e+05 1.507246589468561870e+05 1.500880363484611153e+05 1.434331070655025542e+05 1.515123472409322276e+05 1.162437485292319907e+05 1.116053604974878253e+05 1.853765168617244344e+05 1.497466788627203787e+05 1.159487266035282519e+05 1.847815326543065021e+05 1.505207996733962791e+05 8.250300363462883979e+04 1.495410228462428786e+05 1.472545292921133805e+05 7.500797131680906750e+04 1.161046219582206104e+05 7.826478303060890175e+04 -6.658469635294750333e+02 3.813474094669846818e+04 3.966566005547111854e+04 -3.269274798920378089e+04 -7.295798443548893556e+04 -8.004455859831068665e+04 -7.552154405624582432e+04 -1.055147811659849249e+05 -1.489183493028387893e+05 -1.624745621439036913e+05
-1.707773242960689822e+04 -6.435703303432092071e+03 -6.736447703442594502e+03 -1.457957116072071949e+04 -7.728747187647968531e+03 -1.416377436253242195e+03 -4.061478522431571037e+04 -4.142089212895382661e+04 -7.399865901097655296e+03 -7.929167165420949459e+03 -6.133896985556930304e+03 -3.969150963239371777e+03 -1.728706891299225390e+03 -3.836405740759801120e+04 -4.275302310648839921e+04 -4.799112866749055684e+03 -8.440346381394192576e+02 -4.347314318292774260e+03 -3.664172806311398745e+03 2.949796658940613270e+03 1.516388313029776327e+03 -5.305738127208431251e+03 -4.495553538436070085e+02 -1.078085869667120278e+03 -7.158906569820828736e+03 1.098799604224041104e+03 3.374555272748693824e+03 -7.782267365837469697e+02 -2.100665819598361850e+03 3.724891368357941974e+04 7.835686601349152625e+04 3.520987192518042866e+04 2.054275790578685701e+03 8.860361982951988466e+03 3.810294192167941947e+04 1.106652471655978006e+05 7.632761226443079067e+04 4.296772888686979422e+04 1.167786265001630527e+05 7.552319799433444859e+04 7.711635314277457655e+04 1.528332054050408769e+05 1.175983360724054801e+05 1.142243696458177001e+05 1.442727492318956938e+05 1.488026435970091843e+05 1.922475857590331580e+05 2.589361901901417295e+05 3.184310341865005903e+05
2.049284652573985513e+05 6.690450482768937945e+04 -4.515181815193500370e+04 -9.016376890533126425e+04 -4.607088374847080559e+04 -2.712473911815322936e+03 -4.149960098438779823e+03 -5.228091455646790564e+03 -4.633326025737903547e+04 -4.621199525019619614e+04 2.992915756709419657e+04 -5.475968870450626127e+03 -7.700281644531060010e+04 -2.100126994191668928e+03 3.016871709609404206e+04 -4.343686733336665202e+04 -3.890289322473120410e+04 3.150038851250428706e+04 -5.512827910715714097e+03 -7.240415623877197504e+04 4.041157296156743541e+02 3.045121251430816483e+04 -3.871192787250049878e+04 -3.947219164227147121e+04 -8.217202247469802387e+03 -3.700736849626968615e+04 -3.487327965907740872e+04 -1.804722612723824568e+03 -4.037213126954133622e+04 -7.498256656224827748e+04 -3.411044200765911955e+04 -3.235912785167107359e+03 -7.237619022140279412e+04 -1.027041449554963037e+05 -3.713618893234501593e+04 -3.829603817313886248e+04 -7.216529590252321213e+04 -6.840925335651286878e+04 -6.862619899329729378e+04 -3.577713910955935717e+04 -3.381863712857034989e+04 -6.876462257350818254e+04 -6.698469200287922285e+04 -7.017307500704191625e+04 -3.966580873413523659e+04 -3.454064621531870216e+04 -2.804713802761351690e+04 7.469422586436732672e+04 2.069800189026836306e+05
1.976568328565906268e+04 -4.421921331319038291e+04 -8.235362269799236674e+04 -5.347370949573814869e+04 -9.412846596096642315e+03 -3.059093847405165434e+03 -4.128386631142348051e+04 -7.934444664861075580e+04 -4.673600744397845119e+04 -9.511372975539416075e+03 -4.419617515464802273e+04 -4.275129343499452807e+04 -3.286705233622342348e+03 -3.922009255213197321e+04 -7.120759616373106837e+03 3.011265573557442985e+04 -3.901585542364022695e+04 -5.683754560304805636e+03 3.101745864609256387e+04 -3.560234516218770295e+04 2.306007925651501864e+02 6.707513871544506401e+04 3.492421536007896066e+04 3.411639921541768126e+04 6.537081922695506364e+04 3.658589996164687909e+04 3.865467579802498221e+04 1.085422585270137060e+05 1.067657952517039375e+05 7.216689103690441698e+04 1.128653120814122958e+05 1.803615897096467670e+05 1.850128799804960145e+05 1.544885422533843666e+05 1.827795618720120401e+05 1.815166741545545519e+05 1.843039521866013529e+05 2.612828683410776139e+05 2.607109364651842625e+05 2.563411466235986445e+05 2.947070063260621973e+05 2.594619734719170374e+05 2.606272764661109541e+05 2.936172549461484887e+05 3.236569088720720029e+05 3.649765606067366898e+05 3.340232433390339138e+05 2.890164424153038999e+05 2.736457657627710141e+05
-1.707553304499015212e+04 -7.479042378254292998e+03 -8.965123135130910669e+03 -1.704724736628122628e+04 -9.846247556270100176e+03 -3.520975475548766553e+03 -4.145386704825796187e+04 -4.272987256932538003e+04 2.617605595209170133e+04 2.673331293568480760e+04 -7.719510965398512781e+03 -4.331546578498079907e+04 -4.068236973311286420e+04 -2.859495373559184372e+03 -7.855663777445442975e+03 2.904395315155852586e+04 -2.772871939814533107e+03 -4.315923397371079773e+04 -7.001035829889588058e+03 -3.637418100610375404e+04 -5.910398822745773941e+02 2.913643286796263419e+04 -2.944829230546019971e+03 -3.827458983287098818e+03 -4.595341924403340090e+04 -1.278242376866051927e+03 3.742042983358236961e+04 -2.977497573592700064e+03 -4.942828296334366314e+03 -2.574931436683982611e+03 3.793332055676705204e+04 3.172922278754389845e+04 -3.650880290777434129e+04 -3.027269702753995080e+04 3.437354060413793195e+04 3.347661785257537849e+04 3.649605780723504722e+04 3.998863653105217963e+04 2.961290191742707975e+03 3.551341429469163995e+04 3.754409924498735927e+04 2.785498175653512590e+03 4.066307252913241973e+04 7.379934895376226632e+04 3.129741537442931440e+04 3.651334595459041884e+04 1.155077428155351081e+05 1.436435290687948000e+05 1.281572698935604421e+05
-1.705928313080227235e+04 -7.531567774713039398e+03 -9.090330502949713264e+03 -1.718318244384136051e+04 -9.965340048074722290e+03 3.308807496970979264e+04 3.196963253663852811e+04 -6.082103752996772528e+03 -1.081183493894059211e+04 -1.018206725071649998e+04 -7.832989941816776991e+03 -6.742754322476685047e+03 -4.086788257700391114e+03 -3.010423351661302149e+03 -8.054461937863379717e+03 -7.949245985946618021e+03 -2.950177839375101030e+03 -4.329033056157641113e+04 -7.294960031285881996e+03 3.681546880339737982e+04 -3.748592060350341490e+04 -4.450835991185146850e+04 -3.177114609861746430e+03 -4.081838905694836285e+03 -9.447410213761031628e+03 -1.516411001211963594e+03 -3.620780389173899312e+04 -3.984367801924247760e+04 -5.204595553223043680e+03 -3.944455253367801197e+04 -3.560803635278716683e+04 -5.181324603036046028e+03 3.664009272935800254e+00 6.178791567799751647e+03 -3.913154767302353866e+04 -3.994867513771180529e+04 -2.469021844444796443e+02 -3.333233456360187847e+04 -3.372634731873415876e+04 -1.156740307924337685e+03 9.244020655752392486e+02 -3.373088200576591771e+04 -3.244153326202637982e+04 7.204192422797204927e+02 -5.103799340431694873e+03 2.124572184402495623e+02 6.168040866614435799e+03 7.072972300113050733e+04 2.011835974745892454e+05
-2.365861686476273462e+05 -8.091758587921501021e+04 -9.536575963720708387e+03 -5.425192335911560804e+04 -1.038083975261542946e+04 3.250774393090978265e+04 -4.163117993390187621e+04 -4.305583244422444841e+04 -1.150178793352094362e+04 -1.060603949939829181e+04 -8.154448509449197445e+03 -7.321341152419336140e+03 -4.113348422804847360e+04 -3.996107903192751110e+04 2.797633652400691062e+04 2.793477582221379271e+04 -3.995027696772007039e+04 -4.361439722124487162e+04 2.845677937730215490e+04 -5.111453612335026264e+02 -3.785141424217732856e+04 2.816467606753588188e+04 3.272175496269488940e+04 -4.783955189632251859e+03 -9.956139874993881676e+03 -2.157665536506159697e+03 -2.892814390361891128e+02 -3.795409703161567450e+03 -6.013576610712276306e+03 -3.569604900549165905e+03 3.667080167448130669e+04 3.036522616515838308e+04 -6.546304619406000711e+02 4.177648444718198152e+04 3.280348463973475737e+04 -4.297476192587055266e+03 -1.124290229054196971e+03 2.235315159196034074e+03 3.813414516218457720e+04 7.050973599194528651e+04 3.627368260640630615e+04 1.723040785873279674e+03 2.757950286613777280e+03 3.567280328134109732e+04 6.645782691019133199e+04 3.548825064499388100e+04 4.109494501317424874e+04 1.049254294153062510e+05 1.617393060337030911e+05
1.955881264468191512e+04 -4.429979498207104916e+04 -4.645790327631403488e+04 1.818963851896116103e+04 2.554912498919293284e+04 -4.097686745459210215e+04 -4.171289127029011433e+04 -6.899202233180403709e+03 -1.233850407239516790e+04 -1.107647967466618866e+04 -8.493991386494599283e+03 -8.008747865678742528e+03 -4.147114835737735848e+04 -4.017061568913048541e+04 -9.206558841397054493e+03 -9.442372996127232909e+03 -3.884993195533752441e+03 -7.572386678657494485e+03 -9.053101383033208549e+03 -1.260489925043657422e+03 -3.819720327039237600e+04 -4.528405429620743962e+04 -4.482845431193738477e+03 -5.509108846890710993e+03 -1.040093949821311980e+04 -3.909699414274637820e+04 -3.733099723933252972e+04 -4.321642397553659976e+03 -6.786308839800738497e+03 -4.247269197949208319e+03 -5.377192952437035274e+02 -6.923392348107881844e+03 -3.732567439263226697e+04 -3.155846089648560155e+04 -4.535146603011584375e+03 -4.907718276954255998e+03 -1.590735036297701299e+03 -3.456856771896139253e+04 -3.517820743436471093e+04 -2.890196677180938423e+03 -4.960709088481380604e+02 1.387392982141987886e+03 -3.402135186828667065e+04 -3.743269216094608419e+04 2.976159549085394247e+04 -8.657200005836784840e+02 -6.782660701719589997e+04 -4.081244962057139492e+04 1.543337419163482264e+04
1.943696569942409405e+04 -4.432696660805965075e+04 -8.299706873600365361e+04 -5.497140279272565385e+04 -4.750432567903771996e+04 -7.744428150705061853e+04 -7.789660917478607735e+04 -7.962499844084959477e+04 -4.941638660209730733e+04 -1.158161572122480720e+04 -4.494757195760036120e+04 -1.170696977834450081e+05 -1.139618743833852641e+05 -4.030374477209988981e+04 -4.594258180004541646e+04 -8.250886859430470213e+04 -4.046248858212504274e+04 -4.413588912750127201e+04 -8.223130552272775094e+04 -3.809986841457428818e+04 -3.845855671796001843e+04 -1.176520027226071106e+05 -7.725658239505733945e+04 -4.226250906591283274e+04 -8.280397470807653735e+04 -3.944079707085638074e+04 -7.382045852660696255e+04 -1.488856362103254651e+05 -1.876354337111113127e+05 -3.649882347130919807e+05 -5.053372110903727007e+05 -3.676556790678289253e+05 -1.451681655395086855e+05 -3.160862907010596246e+04 -4.117104561300971545e+04 -4.120894531253725290e+04 -3.766325527336471714e+04 -7.053285888221603818e+04 -3.528447337157558650e+04 -3.913320977706462145e+04 -3.646490286046126857e+04 -3.454274123942013830e+04 -3.405253226519562304e+04 -1.409198514302261174e+03 -4.212754565000068396e+04 -7.246230974269565195e+04 -3.142255120037542656e+04 6.699133226589625701e+04 1.945712625450668857e+05
1.972427606466226280e+04 -4.400844363844953477e+04 -8.271601721236947924e+04 -5.476748008455615491e+04 -4.727626637031789869e+04 -7.716404438542661956e+04 -4.152249892358668149e+04 -4.330379109946085373e+04 -8.535442354623234132e+04 -4.747163799824187299e+04 -4.469610136700805742e+04 -8.077029109117586631e+04 -4.160247944586444646e+04 -4.009542715677525848e+04 -8.181646974699106067e+04 -4.630742242909036577e+04 -4.244083929224871099e+03 -4.394222392002120614e+04 -8.206929193052917253e+04 -7.395951703947491478e+04 -3.825746026239369530e+04 -9.319385945564252324e+03 -4.101308741956029553e+04 -7.810948511410958599e+04 -8.257479392108507454e+04 -3.923515561269607861e+04 -1.578669637674582191e+03 3.144312039250507951e+04 1.367214259173484752e+05 2.834477239614353748e+05 3.230444787984015420e+05 2.084498721413545427e+05 7.070443423639563844e+04 -3.185011117544467561e+04 -4.145134731079440098e+04 -5.491437954478838947e+03 -3.794562563824013341e+04 -7.081793458957708208e+04 -7.159136295202188194e+04 -7.543976378045021556e+04 -3.677440193889173679e+04 1.094573005102574825e+03 -3.443389773252408486e+04 -7.374031259387277532e+04 -4.246243980131146964e+04 -3.680317709979123902e+04 -3.183081344584911130e+04 6.638371890876314137e+04 1.937530857883370481e+05
-1.949974195653338684e+05 -1.154497462167637423e+05 -8.262180171848734608e+04 -5.484646203112782678e+04 2.426789077348075807e+04 3.030346449522767216e+04 -5.658141281455755234e+03 -4.336309928272396792e+04 -4.977547571994372993e+04 -1.173479537363161216e+04 -8.868376571335829794e+03 -9.321386212250246899e+03 -4.177126780443359166e+04 -4.012058797641657293e+04 -1.029067190713246237e+04 -1.110108773980752449e+04 -4.703765694866888225e+03 -8.373694884357973933e+03 -1.103679572930559516e+04 -3.844685600430238992e+04 -3.855005154618990491e+04 -9.899783894070424139e+03 -4.146912217780489300e+04 -6.879678855184756685e+03 2.479844630113788298e+04 -7.543796294543395925e+04 -7.395913741376684629e+04 3.047569689864764223e+04 -8.381835269392147893e+03 -4.123885277076603961e+04 -2.038043171050943783e+03 -4.432368284557056904e+04 -3.742863788967986329e+04 3.368887081742311238e+03 -6.673370092757992097e+03 -4.202487882575936237e+04 -3.821012292173674359e+04 3.834958694642409682e+02 -3.638351521745770879e+04 -4.016411296324792784e+04 -1.424602638580807252e+03 -3.521805299969830958e+04 -3.529637854895545752e+04 -2.892483918112731772e+03 -4.256188088329485618e+04 -3.687407453486221493e+04 3.150523121585167246e+03 -6.971098447101947386e+03 -2.364053726952977013e+04
-1.556819226185319712e+04 -7.954442973132245243e+03 -1.118049790966324508e+04 -5.467052090039942414e+04 -4.708242269407492131e+04 -5.584234660491347313e+03 -7.667314822843763977e+04 -7.871289220754973940e+04 -1.430759056529495865e+04 -4.724402648047544062e+04 -4.430561732209747424e+04 -9.527361704385868507e+03 -4.161475950619202922e+04 -7.537680146691850678e+04 -4.593328438291790371e+04 -1.141227930667808687e+04 -4.026882760226722166e+04 -4.390386546554508095e+04 -1.141977645631413907e+04 -3.846755268052218889e+04 -7.390905637061210291e+04 -4.544215749890992447e+04 -5.890577769023377186e+03 -4.253431664546931279e+04 -4.627410781162307103e+04 -3.964647201530153689e+04 -3.826447807485222438e+04 -5.230265209684162983e+03 -4.411285969952569576e+04 -4.114595955179521115e+04 -3.771242330723887426e+04 -7.986380565096641658e+04 -3.714671933616080787e+04 3.246080098906561034e+03 -7.031628151307842927e+03 -6.510833803331479430e+03 -3.799396954011189518e+04 -7.064355915819772054e+04 -3.646136472001680522e+04 -4.692450321163050830e+03 -3.683817792742082383e+04 -7.049105438985873479e+04 1.038124563638120890e+02 3.243205408391047968e+04 -4.219228878035192611e+04 -7.197105325059947791e+04 -3.241156806412589503e+04 6.363876258546829922e+04 1.887331654102290049e+05
-4.009990590211235685e+05 -1.831406593410065398e+05 -4.617253126576543582e+04 -5.386540390958544594e+04 -8.137938353116624057e+04 -7.569456800585612655e+04 -4.025295246916355973e+04 -4.247210538771482243e+04 -8.477970159845431044e+04 -8.159526332980018924e+04 -7.858490169921432971e+04 -4.476750374189589638e+04 -4.108310114475898445e+04 -1.094083856546785100e+05 -8.064590293390204897e+04 -1.175704319204663625e+04 -7.495148834830604028e+04 -1.136565747612621053e+05 -4.705559972149779787e+04 -3.837948591215535998e+04 -1.083168124168877257e+05 -8.015815568854997400e+04 -4.120568326208752114e+04 -7.749798671458847821e+04 -4.557164876314334106e+04 -7.465643311093992088e+04 -1.086020661343354732e+05 -4.038787777477421332e+04 -4.415999374352360610e+04 -7.617369447078078520e+04 -7.289235509117122274e+04 -7.966236222069722135e+04 -3.677540308155631647e+04 -3.222904554510000162e+04 -7.805867091170512140e+04 -7.724229112674959470e+04 -7.295078470895555802e+04 -3.508040700282435864e+04 -3.673315959225827828e+04 -7.553400752949505113e+04 -3.660641361959255300e+04 -3.488003236125200056e+04 -7.086421035870420747e+04 -3.861532575334375724e+04 -6.563639461528742686e+03 -3.616376387421018444e+04 -6.775117912329733372e+04 -4.312681952549656853e+04 1.051608607231173664e+04
-1.892018839198862843e+05 -1.123228353710146621e+05 -4.597248606092762930e+04 -1.856523138238116371e+04 -1.093906063295435160e+04 -4.036027417809234612e+04 -7.500493397295937757e+04 -7.227193766157011851e+03 2.051175010332380771e+04 -8.120573822350703995e+04 -7.818418216018461681e+04 -9.615748018841230078e+03 -5.860397311626002192e+03 -3.846581948455423117e+03 -4.531885338772551040e+04 -8.184965053282218287e+04 -3.960903734492612421e+04 -8.114313429105095565e+03 -4.701293635007459670e+04 -3.249957480584271252e+03 -2.793713117134640925e+03 -7.979752136219758540e+04 -6.006713358219712973e+03 -7.132568028173060156e+03 -8.022944949974771589e+04 -3.931938406603888143e+04 -3.113658020738512278e+03 -5.075114173232577741e+03 -4.401653828506806167e+04 -7.581793304183520377e+04 -3.755200540588714648e+04 -9.301301583182066679e+03 -1.384944047895434778e+03 -3.202065925695910119e+04 -7.786778555018833140e+04 -4.187234930403088219e+04 -2.372654264327138662e+03 -3.480413783399865497e+04 -3.662674740422517061e+04 -5.113439006963744760e+03 -7.128681537404248957e+04 -6.960191566846403293e+04 -4.908383911242708564e+02 -3.839132373395876493e+04 -4.124221109203109518e+04 -3.567906925687554758e+04 -6.738774783967540134e+04 -4.304327896272321232e+04 1.030575488868635148e+04
-1.884164663084083586e+05 -1.118704001203877851e+05 -1.086073931888681545e+04 1.651731102378106152e+04 -4.570917064906097949e+04 -4.018036147230306233e+04 -3.974742801918181067e+04 -4.204578584467523615e+04 2.043574436509510269e+04 -1.102137511712498963e+04 -7.784671410510787973e+04 -9.587324337917496450e+03 2.914601118885909091e+04 -3.865262272709512035e+04 -4.516052169841711293e+04 -4.676266980008233804e+04 -3.945232085185134201e+04 2.690718178637322853e+04 -1.204091490828432143e+04 -7.313384822162330966e+04 -3.767526396142790327e+04 -9.664534535841143224e+03 -5.987499415059573948e+03 -4.204148485616291873e+04 -4.494280187704123091e+04 -4.273983458988426719e+03 -3.808122929069225211e+04 -3.994634300353942672e+04 -9.003218773868866265e+03 -4.066021283390012104e+04 -3.747006472141959239e+04 -9.329148207907564938e+03 -7.120554414694203297e+04 -6.689035566232650308e+04 2.709204468526883284e+04 -6.842417810111888684e+03 -7.222432952024979750e+04 -6.965075767773680855e+04 -3.662364918447565287e+04 -5.158258689334616065e+03 -3.605264054960606154e+04 -6.938349794480018318e+04 -3.555048686976067256e+04 -3.327893146197311580e+03 -7.599222689866973087e+04 -7.045824087865161709e+04 2.736516615841654129e+03 -7.804283637145836838e+04 -2.348039452120414935e+05
-1.844952427659882233e+05 -1.095368769584456459e+05 -4.466743960103485733e+04 -1.737198092043399811e+04 -4.425343716226052493e+04 -3.911320314509794116e+04 -3.988484181463718414e+03 -6.426011676085181534e+03 -1.413767209858633578e+04 -4.457825761288398644e+04 -7.109722361201304011e+03 2.521194165747152874e+04 -3.968726660474197706e+04 -3.745557542075397214e+04 -9.743818340939469635e+03 -4.627193361404363532e+04 -3.857520379999198485e+04 2.703580764413345605e+04 2.238458550593350083e+04 -3.199171034502796829e+03 -2.355451271287281998e+03 -4.362777671543898759e+04 -4.024629605060914764e+04 2.771862035442597698e+04 2.545824283908569487e+04 -4.071084462921135128e+03 -3.094287621206603944e+03 -4.493732402916066349e+03 2.559812310268153669e+04 2.916067407990322681e+04 -3.691362970974273048e+04 -9.256370806833147071e+03 6.844085902150272159e+04 3.239774532849318348e+03 -4.260825633187766653e+04 2.786607212387007894e+04 6.744630892993876478e+04 3.532571063784422586e+04 -1.722438368597009685e+03 2.956229300179978600e+04 3.430394123657583259e+04 1.202629056060628500e+03 -5.636506568407639861e+02 3.171298202883958584e+04 6.447330622351740021e+04 3.520595626730931690e+04 3.149473908124491572e+03 -7.814496277132770047e+03 -2.440056907827977557e+04
1.938441985292592726e+05 6.281458375684451312e+04 -4.386726699362037471e+04 -1.655312837800008128e+04 2.517931695037987083e+04 -3.828078310587440501e+04 -3.747507317748386413e+04 -5.770333851105533540e+03 -1.360724592173937708e+04 -4.344207015121354198e+04 -4.047322679078200599e+04 -8.717543813982061693e+03 -3.872393669909796881e+04 -3.637548856611828523e+04 -9.057717847172163601e+03 -4.556856048468043446e+04 -3.764456441917001939e+04 -6.690913724596610336e+03 -4.591339571808929031e+04 -7.117730718280651490e+04 -3.593478156777565891e+04 -8.357124699978143326e+03 -7.360499186092069431e+04 -1.088011885283049924e+05 -4.220917256607190939e+04 -3.576896695885807276e+03 -3.692762583203162649e+04 -7.224546591052797157e+04 -7.701458213326981058e+04 -1.075443466450088599e+05 -7.047236010606889613e+04 -8.931322203134244774e+03 -6.850479582732083509e+04 -9.919417015684302896e+04 -7.654008890269324183e+04 -7.501998376625124365e+04 -3.543724773451674264e+04 -3.314391561958473176e+04 -7.036966999468847644e+04 -7.356749267841211986e+04 -6.841370914713479578e+04 -3.282079365628352389e+04 -3.506439785764075350e+04 -7.142839076521352399e+04 -3.844129282515530940e+04 9.823573834728449583e+02 -3.131904968933702912e+04 -1.110867963562476216e+05 -1.962127824831968173e+05
-1.055305489397136262e+04 -5.068077439791522920e+03 -4.320746685436455300e+04 -8.383093194745009532e+04 -7.631775133428163826e+04 -1.055716003786073416e+05 -1.386639020626898273e+05 -1.071892920241225511e+05 -8.111929061880803783e+04 -1.105485245608724217e+05 -1.416245172527852410e+05 -1.782739890960511111e+05 -1.740396208042511134e+05 -1.376833656558300718e+05 -1.786805298784747429e+05 -1.472374659002525150e+05 -1.052577343519078568e+05 -1.424744285276391893e+05 -1.137680659728356986e+05 -1.048884912073845044e+05 -6.973984837241016794e+04 -8.260555704473401420e+03 -3.926431417872663587e+04 -4.021102971397351939e+04 -7.767673963680863380e+03 3.039171070500731003e+04 6.529460945166647434e+04 -3.744820341817103326e+03 -8.622548287967452779e+03 6.339471430983394384e+04 3.209964770823740400e+04 5.930086368520348333e+04 6.844540962891234085e+04 3.783516473136842251e+04 6.030449040292290738e+04 2.784957430674700299e+04 6.753611048043268966e+04 6.983417938754439820e+04 3.261512823635700624e+04 6.373421832337026717e+04 3.504363440442818683e+04 3.629863889014790766e+04 6.808541120903083356e+04 3.212377251416887157e+04 3.114914724370435579e+04 7.036343616840877803e+04 3.784970495034358464e+03 -4.141713136225042399e+04 1.080335903097921982e+04
-1.026201322965801228e+04 -4.927806022460572422e+03 2.474977496371127199e+04 5.206096603767946362e+04 5.950947018747683614e+04 3.020151475269824732e+04 3.109410130768083036e+04 9.637981614214368165e+04 5.451792953826964367e+04 5.915722175559483003e+04 1.299115888081724988e+05 1.272486716357526602e+05 1.315756669902475551e+05 1.340439243346917792e+05 1.271198870893567218e+05 1.246081470523495227e+05 1.327301779633854167e+05 9.567848834849428385e+04 9.041852993832429638e+04 9.939673526154359570e+04 3.268084675597495516e+04 -7.784806698909931583e+03 2.922262655105444719e+04 6.232003367855212127e+04 -7.125307784299657214e+03 -3.713932828221016098e+04 -2.340222983621060848e+03 -3.717654709820641438e+04 -4.214393591566485702e+04 -4.244183107512071729e+03 -1.503662699251406593e+03 -4.249069588142485009e+04 -6.731879117374808993e+04 -2.992496561491870671e+04 -7.632835107506281929e+03 -3.999865272839073441e+04 -6.848807168076746166e+04 -3.218719219265045831e+04 -1.381432675407209899e+03 -3.849702197883737972e+04 -6.701977262273442466e+04 -6.591008413990505505e+04 -6.851392735668906244e+04 -3.612086644803616218e+04 -2.882323256926669274e+03 -3.214220183086569887e+04 -6.461153015610773582e+04 -4.148020404973096447e+04 1.067872827989072539e+04
2.487804493168374756e+04 -3.725130208302289248e+04 -7.498752213839901378e+04 -8.108723862329497933e+04 -4.016121664375532418e+04 -3.589855080936098238e+04 -6.842303495504893363e+04 -3.741793386405328056e+04 -4.540735836490051588e+04 -7.398222901159894536e+04 -7.119638602074704249e+04 -7.423010952188636293e+04 -6.980642046488352935e+04 -3.370927856769412756e+04 -7.435180958185807685e+04 -1.108544074953533418e+05 -6.903348915511748055e+04 -1.055700993596110202e+05 -1.113078361703082483e+05 -6.885499198571775923e+04 -6.745641239918761130e+04 -1.073693487298442924e+05 -1.046787079202478635e+05 -7.190483778365881881e+04 -7.287234000745229423e+04 -6.973136788641562453e+04 -6.907839893305208534e+04 -3.589740858762536664e+04 -4.125977337243943475e+04 -7.080743574711953988e+04 -3.463894895627169171e+04 -7.978226242121309042e+03 -3.209539706178480992e+04 -6.278479622968006879e+04 -4.111123540438700002e+04 -3.928459926915797405e+04 -3.331387991725921165e+04 2.538444976671598852e+03 -3.502152975939668249e+04 -3.784330756112455856e+04 -3.173053537844715174e+04 -3.085141103074455168e+04 -1.789190352428704500e+02 -3.520453962904901709e+04 -3.543813948635978159e+04 2.876120560104027390e+03 -2.982427786220831331e+04 -1.084328110446212813e+05 -1.918263179529439658e+05
-1.758418970525962650e+05 -1.039483159786323085e+05 -7.661972337518876884e+03 -1.374309691949750413e+04 -7.343009732489008456e+04 -2.251809167792118387e+03 3.225828377879221807e+04 -3.732860880787495989e+04 -4.534802573150963872e+04 -6.859102135058492422e+03 -4.102902824524819152e+03 -7.177772683207876980e+03 -2.750620450824499130e+03 -2.133396279532462358e+02 -7.296713940449990332e+03 -1.025940387626178563e+04 -1.975268556852795882e+03 2.865592617192305624e+04 2.292822672985494137e+04 -1.710369698121212423e+03 3.330734775809090934e+04 2.704872260685061337e+04 -3.792432593763805926e+03 -4.553750741179072065e+03 -3.905058925971400458e+04 -2.297915656818338903e+03 3.199574239493798814e+04 -3.561587478674491285e+04 -4.095614352496349602e+04 -3.684129447967294254e+04 -3.431180984713145881e+04 -7.664816550677642226e+03 -6.539212753297766903e+04 -6.239855086372717051e+04 -7.106811762205325067e+03 -3.890821888460760238e+04 -3.289463001128740143e+04 -3.078935396682942519e+04 -3.463949933531699935e+04 -3.747433182201336604e+04 -6.500237734580883989e+04 -3.043480192252929555e+04 -3.361576511291775387e+04 -3.476708362868498079e+04 -3.496967579587345244e+04 -3.048785542428947520e+04 4.388004886568640359e+03 -7.411185172735550441e+04 -2.249499865632955916e+05
-2.059766807465347811e+05 -6.866893730475567281e+04 -6.459076980827376246e+03 -1.209063495625743235e+04 -4.892691584536805749e+03 -1.077092791092582047e+03 1.006045436952263117e+01 -3.574347956164284551e+04 -1.053941349848188111e+04 2.791045668185687100e+04 -3.585074527771220892e+04 -5.956768645555857802e+03 3.177652516460510378e+04 -3.200616478221489524e+04 -3.913010358286554401e+04 -9.186598890810259036e+03 -7.660999987274553860e+02 -3.498631714028299029e+03 -9.506716390606008645e+03 -6.714499223744496703e+02 9.560795512516269810e+02 -5.074684409191824670e+03 -3.585965644975665055e+04 -3.647718602500401903e+04 2.964125883765533581e+04 -1.182291494914967188e+03 -3.381120544043353584e+04 -5.818127741804346442e+02 -6.190550266765043489e+03 -1.815856500179470459e+03 -3.277224725869000395e+04 -6.399464225978037575e+03 3.682071043585916777e+04 -2.712482843373417563e+04 -3.929056473367367289e+04 -3.916397185530535353e+03 -3.090149347030105127e+04 -2.881960627972153452e+04 3.359815880947267578e+04 -2.355341566144481476e+03 -6.235823669063400303e+04 5.061709493747366650e+03 3.486864063597740460e+04 -3.258751379384227766e+04 -3.208268484158942010e+04 -2.804976700805120345e+04 -2.744773114100076782e+04 6.240350899053617468e+04 1.813579115341401193e+05
2.701878993539142539e+04 -3.464914226206020976e+04 -3.878115364233964647e+04 2.186751452914904803e+04 -4.044550178223289549e+03 -3.346343006181997771e+04 6.678059470141306520e+02 -1.886437897337615141e+03 -9.857239031116478145e+03 -3.752491862047462200e+04 -3.497725956374774978e+04 -5.378533272887585554e+03 -8.109309489373117685e+02 1.849709593225270510e+03 -5.287805093103086620e+03 -8.703736940515225797e+03 -2.420046884799503459e+02 -2.880938494345172330e+03 -9.013888229383152066e+03 -2.360805583884939551e+02 1.467144461348661480e+03 -3.756124801933778508e+04 -3.520856362942147098e+04 3.045611741370507661e+04 3.026913836773005460e+04 -7.084828690858494156e+02 -3.325282708159659524e+04 -3.314001357415697566e+04 2.741173365968265352e+04 -1.287510239053772239e+03 -3.214343710104014099e+04 2.724727950058909846e+04 4.068853022763752961e+03 -2.651286740379883486e+04 -5.556363216601333988e+03 -3.464497099048487144e+03 3.098225601133890450e+03 -2.810269205190712091e+04 5.736242461714136880e+02 3.137779985496300651e+04 -2.808991566242214321e+04 -2.764852906926565629e+04 1.797918148804441444e+03 -3.186490428459398390e+04 -3.109550362452899572e+04 6.105538106639854959e+03 6.510221897042341880e+03 6.276140183734124003e+04 1.814616483164702659e+05
1.591427188128000125e+05 9.763220578024629503e+04 -5.024530301452556159e+03 -4.302338555688035558e+04 2.973600500321481377e+04 2.786923223175690509e+02 -3.143945092044302146e+04 -1.111237372388161020e+03 -9.027376518351957202e+03 -3.529901652364060283e+03 -1.052264719037368195e+03 -4.581736132968246238e+03 -3.284982864977791905e+04 -3.014779999852180481e+04 -4.405374384368769825e+03 -7.971777708153240383e+03 5.388382892124063801e+02 -3.488873875641726772e+04 -4.113685177464500885e+04 4.693536215927451849e+02 -3.066380243690204225e+04 -3.644856902188606909e+04 -1.307634085533209145e+03 -1.757700133020960493e+03 -3.465714728517933690e+04 -3.292049543990302482e+04 5.933934141649078811e+02 -3.208436770364647964e+04 -3.796637142717384268e+04 -3.342982211557692062e+04 -6.425240133015900210e+04 -3.822457200032637775e+04 4.901972393854493930e+03 7.348933528992381071e+03 -3.799118943745284923e+04 -6.893381198053248227e+04 -2.917200368188771608e+04 -2.720491433807188150e+04 -6.519494080741419748e+04 -3.445681954850433976e+04 5.976170595968200359e+03 -2.690247762890039303e+04 -6.415167491475568386e+04 -6.426325475855273544e+04 -3.006866689247582690e+04 6.724314198363543255e+03 -5.958753488084831042e+04 -1.364197571360268339e+05 -1.509350665757639799e+05
2.980630534118972719e+04 -3.124879576847888529e+04 -3.512878372974228114e+04 -3.954445601615592022e+04 -6.519981052144430578e+04 -3.002191096078607370e+04 -2.886645702528767288e+04 -6.376427019073168049e+04 -7.152433968672998890e+04 -3.337506183830552618e+04 -3.119645493337894732e+04 -6.743080522108363220e+04 -3.036056052544153499e+04 -2.763002887659239786e+04 -3.474575936212202942e+04 -6.299337708042001395e+03 -6.270719559281123657e+04 -6.495536344242279301e+04 -6.556028255145058210e+03 -3.058824035513680428e+04 -2.863906210346615990e+04 -1.602743013645536848e+03 -3.224845730175735662e+04 -3.250484552118007559e+04 6.104091031011193991e+02 -6.372438820835636579e+04 -6.324923198320870870e+04 3.510071622557012597e+04 -3.685229552793025505e+03 -6.403828623471778701e+04 -2.952348489663572400e+04 -3.649468862800890929e+04 -2.615401310555206146e+04 8.538931201910658274e+03 -3.652160075318551390e+04 -3.432996175542954006e+04 -2.727515432110533584e+04 -2.533948034397332231e+04 1.817707675509271212e+03 -3.295589935267338296e+04 -2.497637778986210469e+04 -2.523258393513946794e+04 -2.987060659157572081e+04 3.564803699264361057e+03 -2.753773060627258383e+04 -2.451114103430876276e+04 -2.498650329071132001e+04 -1.006730416737254127e+05 -1.800290831091096625e+05
-1.967602104082470469e+05 -6.350310792040544038e+04 2.976238087343515508e+04 -7.021843384718555171e+03 -3.268492992618121207e+04 3.482197739707768778e+04 3.597727623418903386e+04 1.107713052770115610e+03 -6.634653615183196962e+03 -8.896670956164598465e+02 1.293232423486180778e+03 -2.510383776971139014e+03 2.146093782503157854e+03 4.906129275914281607e+03 -2.200513759162276983e+03 -6.198711214237846434e+03 2.339711875538327149e+03 1.220992713933810592e+02 -6.380180618143636821e+03 2.079827635898251174e+03 4.051666526356719260e+03 -3.385776624956646992e+04 -3.199263312737462911e+04 2.503903408069286911e+02 9.049384639365746352e+02 1.651297260541480227e+03 -3.039146880502824206e+04 -2.966010640840982887e+04 2.922420756076448743e+04 3.407657166535488795e+04 -2.909268819086701114e+04 -6.860409467946749646e+04 -2.567830253276071744e+04 4.162117953062977176e+04 -3.389102627989203029e+03 -3.377758138289225462e+04 6.005532549461349845e+03 7.967530417954563745e+03 2.425593989901273744e+03 -3.227287591085759777e+04 -2.422161167254643806e+04 8.263987643877087976e+03 3.611743769724838785e+03 4.395186163601480075e+03 -2.658419961517189222e+04 -2.359651261765968229e+04 8.751181902480311692e+03 -6.676791276840813225e+04 -2.115285657619807753e+05
-8.174921380123705603e+02 2.622815612121485174e+03 -1.118908207863569260e+03 -3.717768096015788615e+04 -3.070974445145111531e+04 3.660805783001764212e+03 -2.735166042752098292e+04 -2.982185645028942963e+04 -3.747505940031254431e+04 -3.166315209295134991e+04 2.413471995969244745e+03 -3.371456986526015680e+04 -2.910113620629993966e+04 5.780169914360158145e+03 -1.317627973621711135e+03 -3.778653635527007282e+04 -2.931641968316398561e+04 7.814144616713747382e+02 -3.809398790588602424e+04 2.395620711031369865e+03 3.662202008941676468e+04 -3.310465686197881587e+04 -3.146922533807810396e+04 6.200695794542552903e+02 -3.078802997129980940e+04 -3.060300588491372764e+04 3.444767287408490665e+04 3.023834172054193914e+03 -3.568584393302456010e+04 3.393777263816469349e+04 3.365318343858583830e+03 -3.588731349969725125e+04 6.892665572231519036e+03 8.786940157297183760e+03 2.884000475925870705e+04 -1.424403234850382432e+03 -2.655343938211433124e+04 4.031101698172290344e+04 1.919088531285873614e+03 -3.242498568608425558e+04 4.096660014591226354e+04 4.053826890594826546e+04 3.093766654492355883e+03 4.185278177610714920e+03 6.267595863901078701e+03 8.953555182670243084e+03 4.100163970841135597e+04 9.678542613517428981e+04 1.491135138412914239e+05
-1.587356332328635617e+05 -9.176435781992046395e+04 -6.349881282483693212e+04 -3.518908563128206879e+04 2.966943241190165281e+03 -2.700035650399507722e+04 -5.781337823602370918e+04 -2.835003172687714687e+04 -3.931772543583065271e+03 -2.996629418455995619e+04 -2.818137827212922275e+04 -3.226758674776641419e+04 -5.962314993434114149e+04 -2.496511653007473797e+04 -7.751900120638310909e+01 -3.652782664168626070e+04 -6.010004291776567698e+04 -3.007158704393077642e+04 -4.812236177385784686e+03 -2.877560777589678764e+04 -5.877172897569835186e+04 -3.182951531314733438e+04 -3.043323510559287388e+04 -3.048287945857748855e+04 2.717354053747840226e+03 -6.182712604815582745e+04 -6.145368871511856560e+04 3.802747426670975983e+03 -3.491425936226709746e+04 -6.210045926272857469e+04 -2.830816040746867657e+04 -3.040466184029355645e+03 -5.706177828833472449e+04 -5.538066713488672394e+04 -3.432309670606744476e+03 -3.354166707431420218e+04 -2.610737688024516683e+04 -2.435099066002294421e+04 -6.292871623241796624e+04 -3.238196714606590103e+04 -2.389870188606460579e+04 -5.707395258417818695e+04 -2.994562948821112514e+04 3.853048376622609794e+03 -2.630910166422836483e+04 -5.652703866246133111e+04 -2.503473533201008104e+04 -1.967767822788795456e+03 -1.462479125824850053e+04
6.646828519762498036e+04 -5.644702171557585825e+04 -9.111075426160822099e+04 -6.240179658110718447e+04 -5.647478740778751671e+04 -5.521554813545662182e+04 -5.415944865148047393e+04 -5.644085113657642796e+04 -9.501735478581390635e+04 -5.754950116213875299e+04 -2.463390817632910330e+04 -6.027170667483008583e+04 -5.575534088013225119e+04 -8.455942958535157959e+04 -9.146122732840012759e+04 -3.328377993253519526e+04 -2.502345605753356358e+04 -5.815262011485168478e+04 -6.495555310859339079e+04 -8.895655009429901838e+04 -8.688164307968690991e+04 -2.835160825459734770e+04 -2.730931441008590627e+04 -5.873955722257960588e+04 -5.712102550489362329e+04 -5.851919140433880966e+04 -5.822394019574846607e+04 -5.683009816159040201e+04 -6.372402820736169815e+04 -5.858418052142951638e+04 -2.546686289540957659e+04 -3.230699089355790056e+04 -8.544307444477488752e+04 -8.418622138211503625e+04 -3.302267296414356679e+04 -3.096408104465797078e+04 -5.511285802174825221e+04 -2.149909922911331523e+04 -2.846335125679604243e+04 -9.376767461071698926e+04 -8.469858910597371869e+04 -2.224928775976912584e+04 3.937462760950438678e+03 -2.578545030904957093e+04 -8.701307955896458589e+04 -8.567767004831670783e+04 -2.306626702193147503e+04 3.528936480872798711e+02 -1.111794817901775241e+04
-2.726663198671303689e+04 3.832050624652765691e+04 3.520243408274842659e+04 -3.009249053313396871e+04 -2.419596038642339408e+04 8.363403993425890803e+03 9.462000668863765895e+03 -2.411685096740268636e+04 -3.105625846772466321e+04 3.780007708934135735e+04 7.855334665509755723e+03 -2.762256821501074592e+04 8.357222113409079611e+03 -2.024614393827505410e+04 -2.698681439855135977e+04 -4.200308467261493206e+02 -2.355166965280653676e+04 -2.496242152818010072e+04 -2.057678060373291373e+02 -2.407854495686478913e+04 -2.185022676887456328e+04 5.212783833267167211e+03 -2.522934837965297629e+04 -5.637625646777451038e+04 -2.298409061157127144e+04 6.975758532062172890e+03 -2.412967048992877244e+04 -5.406526218925145804e+04 -2.933438558480716893e+04 -2.402745868894280284e+04 -5.424148633785074344e+04 -2.930828264623391442e+04 -1.880064716504418902e+04 -4.914149608288420859e+04 -2.975722386618131713e+04 -2.764007813937484025e+04 -5.143259548407510738e+04 -4.967614358116416406e+04 -5.682973420887714019e+04 -5.803352686343699315e+04 -4.859787330147814646e+04 -5.028511056909342005e+04 -5.631765649479330750e+04 -2.170165155373950256e+04 -5.035829668049653992e+04 -8.114670161216030829e+04 -1.903625968727262807e+04 -5.924139092152335797e+04 -1.977761087968233041e+05
-1.812018305080710561e+05 -5.403052015753928572e+04 5.287446961156034376e+03 -2.804848830099217594e+04 8.684332276461645961e+03 9.384581986232660711e+03 -5.195008443784900010e+04 8.196374890394625254e+03 1.376486481167550664e+03 -5.498715452558820834e+04 8.587710000574646983e+03 3.559136354888335336e+04 -2.236607889237342170e+04 -1.963986751332407584e+04 -2.639063268899917603e+04 -3.145929176127526443e+04 3.919863895920565119e+04 6.597436172887682915e+03 -3.137779741373372963e+04 7.227810003678314388e+03 9.414314719615504146e+03 5.142210457124747336e+03 -2.534533982863661367e+04 6.439409911981550977e+03 3.980458882986556273e+04 6.530412384890951216e+03 6.932255897554568946e+03 8.661074832780286670e+03 1.752125793136714492e+03 7.139430381939746439e+03 3.995469682849937817e+04 3.334899596811720403e+04 1.243000670801842352e+04 1.365728956472605933e+04 1.461704571847745683e+03 3.521481913339800667e+04 7.485985590901685646e+04 1.351407416455913335e+04 -2.530439852911519120e+04 6.867661659722198965e+04 7.840780892816802952e+04 1.339040526247117668e+04 3.911071932991023641e+04 4.223108093545294832e+04 4.586711418523898465e+04 7.869959143921709619e+04 4.532287597889060271e+04 5.621879202081006952e+03 -4.864792489679763094e+03
4.014281696872785687e+04 -1.888921294594183564e+04 -2.125599097576923668e+04 8.256983667379245162e+03 -4.799000306869857013e+04 -4.805276977247561445e+04 1.420621858444064856e+04 -1.838807976804680948e+04 -2.452122141665322124e+04 -1.851099616265855730e+04 -4.839374954288363369e+04 -2.181523895182188426e+04 -1.755157745734322452e+04 -1.482297286624088156e+04 9.608772788778875110e+03 -5.727029557921939704e+04 -4.943472736049460946e+04 1.120284900360274696e+04 -2.608532438229302716e+04 -5.016923384799154155e+04 -1.720132305345036002e+04 9.964122385717913858e+03 -2.038788217992991122e+04 -5.046654023579318164e+04 -4.794222853146490525e+04 -2.020882457727575093e+04 1.110017290629913623e+04 1.323956295847895672e+04 -2.476369601150491508e+04 -5.013347381551279977e+04 -4.918860021047288319e+04 -2.464765899872849695e+04 1.668480915017426014e+04 -1.345067302987424773e+04 -2.528325964638486039e+04 -2.337388888467091601e+04 -4.627416002156678587e+04 -1.343808211095168372e+04 9.700309142354002688e+03 -2.191845550434655161e+04 -4.280623808037489653e+04 -1.438924186455580639e+04 1.014501305413426599e+04 -1.678336714045162080e+04 -4.391221140744173317e+04 -1.290388609806535533e+04 -1.514783018967165845e+04 -8.457729700312396744e+04 -1.560840799490672071e+05
1.103419936611314188e+04 1.315813237451948225e+04 -1.944969963573385030e+04 -5.068791073921602219e+04 -1.546050739416386932e+04 -1.595071126648684731e+04 -4.558889700740110129e+04 -1.699400837242137641e+04 7.561222977819852531e+03 -1.699556175153702497e+04 -4.691221243527258048e+04 -2.053710982494527707e+04 -1.642749416874721646e+04 -1.377531615784391761e+04 1.059029277064837515e+04 -2.551213765691511799e+04 -4.845779669587506214e+04 -1.861592168104834855e+04 5.496683235396631062e+03 -1.869378747593145818e+04 -4.719948310637846589e+04 -2.004035781312256586e+04 1.088677448162343353e+04 -1.895438994397391798e+04 -4.696464096603449434e+04 -1.978726103727245936e+04 1.133646740636316827e+04 -1.723392022016923875e+04 -5.518418520805420121e+04 -1.885851188621000620e+04 1.281758917728450615e+04 -2.435499679180828389e+04 -1.408229350054194219e+04 1.750539002823643386e+04 -2.513833342934981920e+04 -5.419112807197950315e+04 -1.512111090414680075e+04 1.756166217674035579e+04 -2.157661852834257297e+04 -5.297512764867837541e+04 -1.158935230516328011e+04 1.643267075764015317e+04 -2.146894446108478587e+04 -4.801581343694124371e+04 -1.265946149360411800e+04 1.792381839768495411e+04 1.569517346797510982e+04 9.312446182011743076e+03 9.631255298149771988e+02
-1.365878858667564928e+05 -7.442697495745954802e+04 -1.584891156933736056e+04 -1.583782102272380143e+04 -4.154976919875480235e+04 -4.256549435609491775e+04 -4.175507470848970115e+04 -1.324719650670874398e+04 -4.873732512758573284e+04 -7.297702518291771412e+04 -1.236069260048668366e+04 -1.631233529653400183e+04 -4.250963208847676287e+04 -7.009079013660081546e+04 -4.566069183812942356e+04 -2.121874289354318171e+04 -4.409728904895021697e+04 -4.444376674713566899e+04 -8.086586619203441660e+04 -4.478488946740978281e+04 -1.251118267537084466e+04 -4.566531820339148544e+04 -4.568511000485168188e+04 -4.461779460893011856e+04 -4.160754107870158623e+04 -4.591659006720870093e+04 -4.545485518232449249e+04 -4.309825881151490466e+04 -5.034547467890658299e+04 -4.471174647391303733e+04 -4.405243877845343377e+04 -5.020141303015412996e+04 -4.026703446579654701e+04 -3.979494526400225004e+04 -5.116841381764970720e+04 -4.952810171467717737e+04 -4.139018193702213466e+04 -3.970732038840657333e+04 -4.835396499664045405e+04 -4.834327008051320445e+04 -3.765664953098166734e+04 -1.082666655653185444e+04 -1.804917271772859385e+04 -7.395861830038513290e+04 -3.857734920573484851e+04 -9.447824909584596753e+03 -4.277578061213728506e+04 -1.729318322090007132e+04 3.736529947433155030e+04
-1.329269500682130456e+05 -7.160507356282323599e+04 -1.332437384990055580e+04 -1.287817383010406047e+04 -6.872994179197121412e+04 -7.042939697974361479e+04 -1.014242666598875076e+04 -1.176794719067413826e+04 -4.671229002357006539e+04 -1.119535235746286344e+04 -1.124419052270241082e+04 -4.511900273035280406e+04 -4.152086466958280653e+04 -3.913422939251177013e+04 -1.479233006888534874e+04 9.228865029290318489e+03 -1.380735538201394957e+04 -4.402875553234480321e+04 -5.015341908729169518e+04 -1.475848665460944176e+04 1.717773885349719785e+04 -1.558411765610822476e+04 -4.591148563369642943e+04 -4.487438854644994717e+04 1.845979422330867965e+04 4.387111569405556656e+04 -4.612357625796028879e+04 -4.371142471442010719e+04 9.315050566801917739e+03 -1.527748740569246002e+04 -1.470068904687662143e+04 9.491578533779946156e+03 1.933344061020750087e+04 -1.060576276911864989e+04 -2.174875063239585143e+04 1.016621415270504076e+04 -1.211225270759325940e+04 -1.038046795583795756e+04 1.129866819886956364e+04 1.154777232615742832e+04 2.242112412815936841e+04 -1.224666451336804312e+04 -1.951664586376852822e+04 4.758399561571481172e+04 2.174619077122828458e+04 -1.061757533403579146e+04 1.745098531828273553e+04 -4.896316908940067515e+04 -1.783061485976208933e+05
1.695781821850690176e+04 1.867487441282716463e+04 1.749146442278291215e+04 -1.157993965549397399e+04 -3.747218475677073002e+04 -9.338702146778843598e+03 2.115995416010264307e+04 -1.006982819002596079e+04 -1.488014886097522685e+04 2.066404193348716944e+04 -9.093188861152244499e+03 -4.270453043573073228e+04 -3.904291973914948176e+04 -6.686857748427399201e+03 1.782521643850483815e+04 -1.786569029558455804e+04 -1.092434422927917331e+04 1.895914986322168261e+04 -4.664750856754835695e+04 -4.132780662737786770e+04 2.044078960199837456e+04 -4.183518314326670952e+04 -4.204624362406326691e+04 1.914016077178527485e+04 -7.506379463011515327e+03 -1.236288507585422485e+04 -1.179641658731279313e+04 -3.924955614143989806e+04 -1.639287528290892078e+04 1.940893288992813905e+04 -1.006942291336582275e+04 -4.599006089672917733e+04 -3.634050057677102450e+04 -5.830035054823485552e+03 1.352088157436808979e+04 -1.508407504414197319e+04 -3.712829353054982494e+04 -5.125686765532020218e+03 1.631020166445525683e+04 -4.374813906266342383e+04 -3.269431303488041158e+04 2.338576100417423731e+04 -1.431585427199020887e+04 -3.819843141245657171e+04 -2.784162784810438097e+03 2.536088902794283422e+04 -3.819193563249488216e+04 -1.034094797447320598e+05 -1.091627836180830491e+05
1.665399274870287627e+05 1.089900685742031783e+05 4.892261781962600071e+04 5.006837109976913780e+04 5.375087340478785336e+04 2.226420271617826074e+04 5.260290768870606553e+04 5.135459962999436539e+04 1.733831578865647316e+04 5.268677927728276700e+04 5.267210879013873637e+04 1.949070337112061679e+04 5.272910570434760302e+04 5.531609032361302525e+04 2.076053368742577732e+04 1.496358705044258386e+04 2.172209635318722576e+04 2.206612158857751638e+04 1.663000920438207686e+04 2.166298205032944679e+04 2.368092128192097880e+04 -7.965825730352778919e+03 -3.796464682556688786e+04 -6.685348810279043391e+03 -3.290670027083274908e+04 -9.764649419055785984e+04 -1.267961725994246081e+05 -1.838126384926730534e+05 -2.209273804107214091e+05 -2.453094186849193065e+05 -2.451760835002643289e+05 -1.914711278438335867e+05 -1.525111305457545968e+05 -1.525275525538017391e+05 -1.332754977059083176e+05 -1.022052605345379561e+05 -6.437133582425286295e+04 -3.273493878892629073e+04 -4.178805621515489474e+04 -4.102907944645255338e+04 -2.997001105861275209e+04 -5.001913067535693699e+03 -4.273513547494064551e+04 -6.574848147982245428e+04 -3.468195704047393519e+02 -3.329165491159074008e+03 -3.617819510109262774e+04 -6.989195610221866809e+04 -1.350701205822391203e+05
-1.576108497561654076e+05 -3.803640161466319114e+04 2.018049757287371904e+04 -8.058429032680578530e+03 -3.409757728280965239e+04 -3.623266655136831105e+04 -6.076544672832795186e+03 2.216374217648993363e+04 1.780514801503159106e+04 -6.128757098340429366e+03 -3.585008502122948994e+04 -9.941998886060959194e+03 -6.522297104820609093e+03 -4.054430805845186114e+03 2.055866368813440204e+04 -4.455259447859149077e+04 -3.798249957908428041e+04 2.146694538707379252e+04 -1.364208511251490563e+04 -8.803013961296528578e+03 2.270310672349296510e+04 -8.938931195880402811e+03 -9.327289841021411121e+03 5.155670783948135795e+04 8.483795137435663491e+04 7.963448215567035368e+04 8.047569859423674643e+04 1.428864044358490501e+05 2.254073566349686589e+05 2.614006571209756657e+05 2.325618582131573930e+05 1.677920202555833384e+05 1.178813758678741287e+05 8.860502866737067234e+04 1.084537209529663669e+05 8.020853078633104451e+04 -3.120980254374444485e+04 -2.926993298518937081e+04 2.169917434046510607e+04 -3.725790661759674549e+04 -5.600328930595435668e+04 -3.120455944910633843e+04 -3.870862454466987401e+04 -6.147848114196723327e+04 -8.636427416931849439e+04 -5.940241378732002340e+04 -9.232720603933627717e+04 -1.860415839176847367e+05 -2.508734025474365335e+05
2.163246596057431816e+04 2.304760893515777207e+04 -6.654148882371351647e+03 -3.419450969959142094e+04 -1.913269756478257477e+03 -4.528052391833611182e+03 -3.326006471179424261e+04 -5.161758009926357772e+03 -9.190357453771808650e+03 -3.309871187782844936e+04 -4.224905421142422711e+03 2.157319055055268109e+04 -4.595304111717268825e+03 -6.096686355362177710e+04 -3.630883624311533640e+04 1.633909844444133341e+04 -3.624029313737980556e+04 -3.579301922931334411e+04 1.770786965265870094e+04 -3.679781912942416966e+04 -3.510096420708586811e+04 2.203231266699731350e+04 -3.752532962302217493e+04 -3.598323408397869207e+04 2.648103502986487001e+04 -8.766324479365546722e+03 -3.761031185043972800e+04 -3.500709892658056924e+04 -1.257594394264751463e+04 2.268741002539172769e+04 -6.574943156447086949e+03 -4.167793917702513863e+04 -2.935652638552914141e+03 -2.848916000220749993e+03 -4.260742008336822619e+04 -1.167711702175450046e+04 2.593176998954726150e+04 2.778348101186571876e+04 -1.109989508520794334e+04 -1.000400163815350970e+04 3.100399972812747001e+04 2.552670969394981512e+04 1.798045522533351323e+04 2.567807205487054307e+04 6.107485314598292462e+04 5.778626908024289878e+04 5.539418059575873485e+04 1.128997777454780007e+05 1.691883150691840565e+05
-5.832605781033649691e+03 5.368044717237354780e+04 5.351554501743522269e+04 -2.578832547296777193e+03 1.757181144785135984e+02 2.639168725698255002e+04 2.692775629868263786e+04 2.589433271437884832e+04 2.222159768338316644e+04 2.753018094052093511e+04 2.702696690685115755e+04 2.369979837792928447e+04 2.670290520065464079e+04 2.901495140162296593e+04 2.469826155807820032e+04 4.791639057686564047e+04 5.389090860204311321e+04 2.541581018827852677e+04 2.052462674211707781e+04 2.457431678310967982e+04 5.549845715868275147e+04 5.421301949303585570e+04 5.363451313634880353e+04 5.538377375632995972e+04 2.986159470456192503e+04 5.328651174437237205e+04 8.354616615222766995e+04 5.708780633576691616e+04 2.088246142433490604e+04 5.607640908041526563e+04 8.593503179610701045e+04 5.148376725614047609e+04 3.106034102966089267e+04 6.077107381250231992e+04 5.135425983869924676e+04 -3.591154449677537195e+04 -5.307561880484006833e+05 -1.210126529573465232e+06 -1.044322128532805014e+06 -3.646695230540343327e+05 -5.828768668521638028e+04 -5.271142551791970618e+03 -1.311490396619774401e+04 -3.475329563021659851e+04 3.006970308604603633e+04 5.586460753285768442e+04 -3.622347425785905216e+04 -9.805065384949522559e+04 -1.013934684998807497e+05
-9.109434082172816852e+04 -8.989926510723307729e+04 -6.097480818745685974e+04 -2.976870235695969313e+04 -2.739990640780888498e+04 -5.962257061968545895e+04 -5.924317247059661895e+04 -2.394259359571035020e+03 -3.494275556877243798e+04 -5.886530741292517632e+04 -3.067354238650295883e+04 -3.405364618520252407e+04 -3.138279874867293984e+04 -2.930612772237509489e+04 -3.360280043620150536e+04 -6.888044389663275797e+04 -3.422984642267716117e+04 -4.594492622418329120e+03 -3.859204381820734125e+04 -5.836981026222812943e+03 -3.364907908020529430e+04 -6.415014565864112228e+04 -6.772668968769721687e+03 -5.257365849683876149e+03 -3.092094651656225324e+04 -7.947571221156977117e+03 -7.301212985185091384e+03 -3.397293203452136368e+04 -1.179581342439632863e+04 -6.306616048095864244e+03 -3.552703595894854516e+04 -1.148403851024317555e+04 2.657854758028406650e+04 -2.882552036316832528e+03 -1.246740274946193676e+04 1.066115821967829252e+05 6.169399643503145780e+05 1.270588995521541219e+06 1.086631515161717776e+06 4.098491637373797712e+05 1.259859905403571902e+05 9.060880880919308402e+04 8.324188301921798848e+04 6.212925571948278230e+04 3.810023174562968779e+04 3.425296252011321485e+04 3.188889296026900411e+04 3.026668960985238664e+04 2.749991319549689069e+04
1.986550167680251179e+05 8.461029411177156726e+04 -1.565512186498381197e+03 1.007973790983727667e+03 3.176377550698816776e+03 -2.380980335874482989e+02 2.899762745131732663e+04 2.808179392304737121e+04 2.482770130562130362e+04 9.804076224099844694e+02 2.095947740600095131e+02 -2.999366722651699092e+03 -3.985349822323769331e+02 3.059749917127192020e+04 2.666311592212878168e+04 2.060718510823789984e+04 -2.896378720761218574e+03 -2.054550779284909368e+03 2.231839776970446110e+04 2.576628822309430689e+04 -1.860471738618740346e+03 -2.837165824021096341e+03 2.525449983426369727e+04 -2.079250491224054713e+03 1.625453018932661507e+03 2.433607762097386876e+04 2.521541209949651966e+04 -1.195706703583709896e+03 -8.095157161005889066e+03 2.662750033894556691e+04 2.685149530821951339e+04 2.187022297701341449e+04 1.124211344285926316e+03 -2.816761293332089554e+04 -8.076626955880696187e+03 5.151055114110917202e+04 2.967440075182795408e+04 2.255748275783844292e+03 2.245562192227228661e+04 2.412234612449532142e+04 3.535013290587824304e+04 2.885564350173823186e+04 2.120347174117335817e+04 2.997664010734308977e+04 3.549743002513430838e+04 3.114462525350964279e+04 5.838327246252483747e+04 5.724286073935255990e+04 -4.162683215691780788e+03
2.770796667376997721e+04 2.881507298618089771e+04 2.936243567091877776e+04 3.232261384371667373e+04 5.599261943134479225e+03 1.947440120275117806e+03 3.102249751449561518e+04 1.595968077890505811e+03 -2.997672898753082700e+04 3.573242798447608948e+03 3.139946418290492875e+04 -2.443812135606458469e+02 2.147828678716905415e+03 4.187291967100460170e+03 -2.811130862100980448e+04 -5.419417208176972053e+03 -3.362341708270359959e+02 -2.805702767742330980e+04 -3.500480419606899886e+03 2.829171715478877377e+04 7.335872569820567151e+02 -5.755340881994935626e+04 -2.978278363007125881e+04 7.737266743789623433e+02 -2.434706135012674349e+04 -2.058670732076367131e+03 -3.010172211681512999e+04 -5.633608821022800112e+04 -5.338378875167225488e+03 1.197868946473026881e+02 -2.874828945030452451e+04 -3.361642828909683158e+04 -2.557304192974712350e+04 -2.574657184013625374e+04 -3.447835420840421284e+04 -4.612829059478972340e+03 2.509410785278188996e+03 -5.400745025661319960e+04 -6.326529199315706501e+04 -3.135815246496349573e+03 7.880604068049957277e+03 -2.847248165751804481e+04 -6.984018051298306091e+03 2.133058035978872795e+03 -2.176329246954995324e+04 -2.681172151700587710e+04 -2.934419895638714661e+04 -4.832850047392130364e+02 5.676199314650113229e+04
1.998147683782735257e+05 8.680826879513909807e+04 1.984458334627561271e+03 -2.341947262582834810e+04 6.717925563571043313e+03 5.986985929252114147e+04 3.170075002999510616e+04 2.438394053024298046e+03 2.822808156895922730e+04 4.394910948467440903e+03 3.202481665415700991e+04 5.770999693253549049e+04 2.739759247633628547e+03 4.717458180966787040e+03 2.990508602291811258e+04 5.253925784665631363e+04 5.745732336479716469e+04 1.287002048338763416e+03 -2.730238666408695281e+03 5.741403657244515489e+04 5.857341099239414325e+04 7.167370803652738687e+02 2.840244929131591925e+04 8.774788732815065305e+04 3.403679740207709256e+04 -1.338017412927089026e+03 5.725625714345379674e+04 6.001529252214833105e+04 2.455848353682086599e+04 5.897739657491924299e+04 5.914540260389926698e+04 2.568782503600238488e+04 3.369958372670236713e+04 3.364853990322446043e+04 5.433370395796383673e+04 5.518347621255097329e+04 3.336852080363316054e+04 3.529935357335496519e+04 5.540476400114117132e+04 5.752655069809392444e+04 1.046185870363816503e+04 3.239894785860052798e+04 5.388557121914331219e+04 3.433507594920240808e+04 6.920514983008606941e+04 3.484426847659039777e+04 3.397607443621614948e+03 9.130940018687269185e+04 2.074872556608151644e+05
-1.109611040342133492e+05 -5.336496072239242494e+04 -2.405949580017477274e+04 7.726240312913490925e+03 8.997875264612957835e+03 -2.353762143815401942e+04 -2.322024224209599197e+04 -2.387779777112888405e+04 2.043631378910446074e+03 -2.183545485138887307e+04 -2.290299082349508535e+04 2.726797390496416483e+03 -2.379100863472552737e+04 6.468452853732742369e+03 -2.509450216602999717e+04 -3.110316804784809938e+04 1.775090873125009239e+03 -2.548241009877528995e+04 -7.196600554743781686e+02 -2.697831207653507590e+04 -5.462419980380218476e+04 2.173662696732266340e+03 2.947890015086164931e+04 2.720575243583996780e+03 -5.080046689545281697e+04 -5.776184793852746952e+04 3.948094299995573238e+02 3.164052010513842106e+04 -3.677987229311664123e+03 -5.580620411492424319e+04 -5.593032485165173421e+04 -3.098440939793130383e+03 3.323120602581195999e+04 4.216270767501671799e+03 -3.266866225400019903e+04 -3.218628212169266772e+04 -2.554066532989952248e+04 5.110664105741307139e+03 -4.065003911964478903e+03 -3.091312372765969485e+04 -2.011594225361477584e+04 -2.796339722524862736e+04 -6.749032121733762324e+03 3.201405520783748943e+04 8.327292135800584219e+03 -2.636437207460391801e+04 -2.879160306358255912e+04 -5.777151378220808692e+04 -1.168811657384494320e+05
2.297361876233480289e+05 6.184985666768625379e+04 -2.118447358836422791e+04 1.077200243948027492e+04 1.166060634539462626e+04 -2.095389504334889352e+04 -2.062521679850760847e+04 7.039203689782909350e+03 3.314936646493151784e+04 9.322323091910220683e+03 -4.818983907985975384e+04 -2.247325374803051818e+04 3.546912342135328799e+04 9.031655315775424242e+03 -2.179530433553736657e+04 5.206558259669982363e+02 3.282264499226585031e+04 -2.226977157639339566e+04 -5.375924236897841911e+04 4.564379095099866390e+03 3.355093412450506003e+04 3.382841519778594375e+04 4.180494192987709539e+03 -5.067597762856155168e+04 -1.862611483957126620e+04 3.108647798362656613e+04 3.817932396777818212e+03 6.419915320584579604e+03 -4.208126454602461308e+01 -2.331145125906911562e+04 5.102443596115248511e+03 2.939562367915650248e+04 8.006581197260064073e+03 -2.082298376306422870e+04 -2.825626044301316142e+04 7.496200723106449004e+02 3.569999396335333586e+04 8.923515856149606407e+03 5.199805833390564658e+01 2.467805176856927574e+03 -1.552515109535306692e+04 4.851921855588268954e+03 2.594495561032081605e+04 7.484193663112673676e+03 -1.597861953312531114e+04 6.763195930980116827e+03 3.361599376075909822e+04 3.501948715944300056e+04 3.536306945083127357e+04
6.263050226494669914e+04 7.509672641754150391e+03 -1.884201522334478796e+04 -4.271963021310511976e+04 -4.222753142414148897e+04 8.933264104416593909e+03 -1.874064881878439337e+04 -4.712433790322393179e+04 -2.096822600462473929e+04 -1.688783200574107468e+04 -1.814873704861389706e+04 -2.045580047182738781e+04 -1.922687755955848843e+04 -1.763592103496193886e+04 8.125644891406409442e+03 2.253014352754631545e+03 -5.026796317135443678e+04 -4.880167005001567304e+04 4.477210802724584937e+03 5.817191079258918762e+03 -2.185940886964095989e+04 6.772260681027662940e+03 5.281241034972481430e+03 -4.928834975406044396e+04 -1.746796757564856671e+04 3.180414379574358463e+04 -2.355443404754647054e+04 -2.107840300945105264e+04 2.911105000704998383e+04 -2.249143086024583317e+04 -2.259707784221990732e+04 2.998623770195996622e+04 -2.004927790025237482e+04 -2.039901107782515464e+04 2.940258906281081727e+04 1.261304980726155918e+03 -2.123332340619526803e+04 -1.950041474949102849e+04 1.495359803083119914e+02 3.130586825194756966e+04 1.329335443151631625e+04 -2.407404467172460863e+04 -3.142848715069703758e+03 7.381488540559017565e+03 1.272760596417338820e+04 3.501802286191371968e+04 -2.450253674236644292e+04 -8.032055613934044959e+04 -7.971678186557115987e+04
3.567096888902585488e+04 3.640964524704031646e+04 6.602529295138077578e+04 7.029247733007647912e+04 1.490699498215690255e+04 3.793578756507480284e+04 6.615399753907692502e+04 3.799443568394056638e+04 3.641856301110240747e+04 4.045820001920219511e+04 3.925733459182083607e+04 3.716524184623271867e+04 6.625609095324759255e+04 3.994712530518881249e+04 1.006257407076191157e+04 3.228624436713290925e+04 3.578121045371518267e+04 3.748064875719136035e+04 6.961824449826961427e+03 8.141094473539849787e+03 3.654013133083930006e+04 3.736462902103084343e+04 3.596300499339128146e+04 3.792036781436760793e+04 1.354900236066883372e+04 -2.162063699855931918e+04 7.749755893601264688e+03 3.834971777338076208e+04 3.231273085868450289e+04 9.150503675918938825e+03 -1.910497246484736388e+04 5.308601891738624545e+03 4.002338949125274667e+04 1.145648439123772550e+04 -2.325727640418334340e+04 5.274994142237002961e+03 1.095606192189724243e+04 1.290123546845282544e+04 3.265308534493669868e+04 -2.127295628481073072e+04 -1.081272419891273603e+04 3.689630198234244017e+04 9.163516591070219874e+02 -1.656380599830296705e+04 -1.137125496752557228e+04 1.040275051491332124e+04 3.731296178710187087e+04 3.992526055080804508e+04 4.139499703422107268e+04
6.599867849552544067e+04 1.144493003201199463e+04 -1.398788542312104255e+04 1.832875863707158715e+04 4.586072459467686713e+04 1.317794891481753439e+04 -1.400459124939510366e+04 -1.409885163127904525e+04 1.242455402854830027e+04 4.384711207589128753e+04 -1.262034844898176380e+04 -4.198931998515047599e+04 1.402373591263307026e+04 1.551116983406239888e+04 -1.347226918966037920e+04 8.758044414571602829e+03 1.162443241686571855e+04 -4.187261003418819746e+04 -4.370616393687663367e+04 -1.553911059978418052e+04 -1.550047814147541067e+04 1.361106587573903380e+04 1.206803823646623641e+04 -4.157972703571419697e+04 -3.800899240886780899e+04 -1.733772817649878561e+04 -1.593185273814009270e+04 -1.364770507614593953e+04 -4.729062269441771787e+04 -4.263797979685460450e+04 -1.493500160984694958e+04 -1.829879445198469330e+04 -1.257936132489703596e+04 -4.103345605719357263e+04 -4.656943375011888565e+04 9.401811594143335242e+03 -1.370640688925067661e+04 -6.791971787344675977e+04 -2.014401695341826417e+04 1.108640843129245332e+04 -3.517576320387923624e+04 -4.516028541896984098e+04 -2.450139447406394174e+04 -1.294817197252990445e+04 -7.962046717875578906e+03 -4.373231578734691720e+04 -4.510809142142516794e+04 1.506376633304115967e+04 7.404653566773014609e+04
3.922465846058918396e+04 3.986335054854862392e+04 4.215713226993108401e+04 4.695810387784149498e+04 1.915156630042474717e+04 1.399731481214979431e+04 4.199166029808111489e+04 1.440202376863447716e+04 4.098294292052736273e+04 7.222955275850830367e+04 1.594392030208825599e+04 1.434843648690718692e+04 4.250865171954501420e+04 4.398500279290601611e+04 1.528463452355936170e+04 9.943254258833010681e+03 6.788249693810939789e+04 6.991440598620101810e+04 4.078435275587253273e+04 4.114336197962984443e+04 4.116645034926477820e+04 4.277320749184594024e+04 4.129461424134206027e+04 4.328318344138085376e+04 4.694766053929924965e+04 6.775479152915056329e+04 6.935485432797565591e+04 1.625524193281307817e+04 3.855433922144549433e+04 7.102016176213510334e+04 4.331895052921026945e+04 4.028872289520234335e+04 4.593042433261906262e+04 7.350439337780687492e+04 4.068189287325355690e+04 1.299573324038623832e+04 7.361028601182647981e+04 7.571229113964363933e+04 3.994852363481186330e+04 4.353750950831454247e+04 5.350459890090860426e+04 4.345632552343909629e+04 3.637913719401694834e+04 4.844252636656188406e+04 5.357040802889992483e+04 4.607212624163343571e+04 4.523079386039194651e+04 4.967608092236309312e+04 5.274315234622871503e+04
6.844239905476564309e+04 1.425483679166063666e+04 1.675330962287256261e+04 4.905565305554772203e+04 4.833637008443474770e+04 4.293116940010804683e+04 -1.139659914129877870e+04 -1.140703792334524042e+04 6.992327501997348736e+04 4.593104325525926834e+04 -1.008885978313630039e+04 4.327252292248876620e+04 7.088681744120546500e+04 -1.009651289728935444e+04 -1.088659514847676655e+04 6.615962005220362335e+04 4.095643779961405380e+04 -1.193770835292525589e+04 1.429486120119690167e+04 4.163653512601739931e+04 4.136446633317967644e+04 4.319231886416675115e+04 4.158796234347400605e+04 1.587922066508332500e+04 1.938283953524671961e+04 3.994101252406835556e+04 1.389664768299544812e+04 1.606212726212109555e+04 3.825767608126622508e+04 4.274841029138772865e+04 4.268607850885015796e+04 1.205368013004749082e+04 -1.046822983247696538e+04 4.450966125819805893e+04 6.757820447674006573e+04 1.206615836941648740e+04 1.647369624522997765e+04 4.622096452454576502e+04 1.054139650601433823e+04 1.412967953714536270e+04 5.163072095660032937e+04 1.330189358384854859e+04 6.199066245462745428e+03 4.621779144858027576e+04 5.117825655965151964e+04 4.344059593160625082e+04 1.456284331798064522e+04 -3.693231311917718267e+04 -8.984220015059597790e+04
4.405063251149840653e+04 4.446578368893824518e+04 4.734885904006659985e+04 2.552852222230285406e+04 -2.852803508285433054e+03 -8.485908791190013289e+03 1.913811311475001276e+04 4.639990796858913382e+04 -8.246963843703153543e+03 -5.204829188878647983e+03 4.786812366102825035e+04 -7.451714688213454792e+03 -7.784685085644014180e+03 4.756319618900303612e+04 2.034204447816591710e+04 -1.171971652947828989e+04 -1.023151587869509240e+04 1.910635684849694371e+04 4.587925370666195522e+04 1.781251067644913564e+04 -1.012847499223420164e+04 -7.778935000533179846e+03 1.773032116645487258e+04 4.669394077500319690e+04 -4.561185533530311659e+03 -3.867571708397020120e+04 1.754013961704925168e+04 4.673364876711287070e+04 1.444065088056970853e+04 -8.857661357033066452e+03 1.836977367755013984e+04 1.586413868819340132e+04 -7.170441939961165190e+03 1.965235514799115481e+04 1.599299036024592351e+04 -1.170622807811014354e+04 1.918799047300138045e+04 2.109312804997904459e+04 1.381816248293023091e+04 1.764571004780003568e+04 -9.071965760086313821e+02 1.544547497818706324e+04 8.528765692608372774e+03 -6.562183446367271245e+03 -2.094678189605416264e+03 1.720318917708937079e+04 4.456758052285300801e+04 5.035046705510444008e+04 5.449556790525023825e+04
7.270384906441904604e+04 1.917242323397658765e+04 -3.162918569927566568e+04 -2.627207471581638674e+04 2.588280351134017110e+04 2.010007126606069505e+04 -6.282471059239469469e+03 -6.102693340508267283e+03 -6.401079439674504101e+03 2.332237777998670936e+04 2.217969760415141354e+04 -3.266688692674500635e+04 -3.340362748771440238e+04 2.146316181984730065e+04 2.170605930616147816e+04 -1.003599136776756495e+04 1.803524980496143689e+04 2.018990065727848560e+04 -3.395664549781940877e+04 -8.244001872371882200e+03 4.483429444546335435e+04 -6.701945947716245428e+03 -3.561302950896794209e+04 2.012209446867913357e+04 2.322395066090379260e+04 -1.065771692025006632e+04 1.818739341630147828e+04 1.984025765443223645e+04 -1.216343902633525431e+04 1.882255355478276033e+04 1.861185100337037875e+04 -1.092279511911328882e+04 2.026195175887543883e+04 1.954875442839706375e+04 -1.095221718540415168e+04 -1.137712856172582542e+04 -8.485477246576920152e+03 2.076808894926220819e+04 1.360805475909743109e+04 1.760210730950342258e+04 2.624416548525894177e+04 -1.278321145218791207e+04 7.900764284422606579e+03 2.052535907074330316e+04 -2.672518889303282776e+03 -1.135238949151241104e+04 1.603530223772425961e+04 4.973280436650366755e+04 5.415600975917083269e+04
4.771938429446890950e+04 4.798091089585795999e+04 2.453916781814774731e+04 3.011555562145076692e+04 5.486777584534138441e+04 -4.431942277005873621e+03 -3.714411495602689683e+03 5.016063259041414130e+04 -3.376619332702830434e+03 -7.924361969344317913e+02 5.181253929971728940e+04 -2.282172758132102899e+03 -3.010286755568813533e+04 2.429331244784407318e+04 5.196104251139331609e+04 2.086329594894777983e+04 -3.218651993665844202e+04 -3.042159888427704573e+03 2.443197028012946248e+04 -3.105444795510265976e+04 -5.522508803987875581e+03 5.134616940340504516e+04 -4.147921158000826836e+03 -2.952870859706331976e+04 2.720226774457865395e+04 -6.104273055097786710e+03 -3.112969909678190015e+04 2.418059009418357164e+04 -7.113320333300856873e+03 -3.061398909194383305e+04 2.320673016773059499e+04 -5.584251843975391239e+03 -2.934739800170075614e+04 2.393793657247431111e+04 -5.263075213297386654e+03 -3.272626070771389641e+04 2.342608810460683890e+04 -1.762107099057175219e+03 -3.529082097928051371e+04 -3.969728263909928501e+03 4.046798548661055975e+03 1.902398818172502797e+04 1.260777864896226674e+04 -2.876162952219625004e+04 -2.485294155718304683e+04 2.059088941779918969e+04 2.103400775464228354e+04 -2.637104517023498192e+04 -7.580898806976550259e+04
-8.334159755846479675e+04 -3.003542170161381364e+04 -9.506652713753283024e+00 3.219338605180382729e+04 5.636197777173947543e+04 2.388498466287276824e+04 2.466459121205843985e+04 5.165437723742800881e+04 2.515131095598923275e+04 2.746473825536665390e+04 5.323594891931867460e+04 2.627274514816235751e+04 5.150357813923619688e+04 7.881937651429325342e+04 2.684117675409652293e+04 -3.848015733528882265e+03 2.289753934310277691e+04 7.857480667240446201e+04 7.975956969603430480e+04 2.420464813243597746e+04 2.264337582746520638e+04 5.284872003016067902e+04 5.109341123490605969e+04 5.248347620596166234e+04 5.535885651479463559e+04 4.926981025142595172e+04 5.128022966149728745e+04 5.263895781536132563e+04 2.187213373370480258e+04 5.191190040437527932e+04 7.870636160951107740e+04 2.369412850937782787e+04 2.650531283987220377e+04 7.951063534303079359e+04 7.814678951748635154e+04 2.401854693656798918e+04 2.553370479901810177e+04 5.446324748569179792e+04 4.858108315733261406e+04 2.614584220049437135e+04 3.384357080678478815e+04 4.829623000114248134e+04 4.225087492144654971e+04 5.564511169446632266e+04 3.236501714331121184e+04 2.320629894325952046e+04 5.123528190539241768e+04 5.915927077468927018e+04 6.484019658237136900e+04
-1.088628455641446053e+05 -2.679190622293390334e+03 5.386825356923506479e+04 3.299873573065269738e+04 3.044894039980135858e+04 5.107065348478499800e+04 2.536240117275153170e+04 2.579327306011697510e+04 5.247123597247997532e+04 2.814843415515497327e+04 2.738247691362636397e+04 5.366761490120558301e+04 5.213478446938097477e+04 2.621005472901742905e+04 1.076610502786934376e+03 2.372450893104547868e+04 5.022523879131762078e+04 2.600050065142568201e+04 2.737098193960264325e+04 5.155989344406407326e+04 2.325175968057021964e+04 2.737051108852610923e+02 2.510394216340500861e+04 5.304158064420334995e+04 2.915567877760616830e+04 2.315940593427501153e+04 2.512907685479137581e+04 2.638032119546551257e+04 4.920590924972202629e+04 -1.204131881823064759e+03 -1.221864285180578008e+03 5.093066335131891537e+04 2.673961047141382005e+04 2.599337694060511421e+04 2.477116975001979154e+04 2.434336781443550717e+04 5.239265949116100091e+04 6.512425624532625079e+02 -5.120051982812816277e+03 5.314369375526416115e+04 3.371640176163031720e+04 2.105463700951077044e+04 1.497435085359029472e+04 1.369706696132197976e+03 3.197676559328089934e+04 2.263993868080421817e+04 2.372038455854670610e+04 1.129489887668738374e+05 2.269300809269747697e+05
5.358021879044832895e+04 5.350613619259092957e+04 3.107509061810566345e+04 1.059831960476003587e+04 7.386158874141983688e+03 1.490446902462281287e+03 2.877015864534769207e+04 2.932652121759019792e+04 3.433194163953827228e+03 5.176722124451771379e+03 4.767139162868261337e+03 4.919939943938574288e+03 2.891818647796747973e+04 2.926750531711149961e+04 5.314339435426518321e+03 2.084829998202621937e+03 1.057195420726202428e+03 2.968666235217824578e+04 5.769845901522785425e+03 2.504295795224606991e+03 2.646170587162498850e+04 4.536541601410135627e+03 2.902718019904580433e+04 3.595770382089773193e+03 -2.036235301988176070e+04 2.691494705504737794e+04 2.903295552358031273e+04 3.438457740121521056e+03 1.872620085487142205e+02 2.524549562949687243e+03 2.520557668758439831e+03 1.842528615961666219e+03 2.974814445769891609e+04 2.877538589294999838e+04 2.516529484419268556e+03 1.936034733080188744e+03 1.686790523235802539e+03 3.616384385386481881e+03 -1.238765926682390273e+03 3.504452137858606875e+03 9.889302128576557152e+03 2.298970567877392750e+04 1.743185779196210206e+04 4.431667561875656247e+03 7.368960591266164556e+03 -2.906394404475577176e+04 -5.782396270656026900e+02 1.152886659279454034e+05 2.284623003052524291e+05
8.080880101479124278e+04 2.843636198260355741e+04 6.161083948682120536e+03 1.187463821901474148e+04 8.428644101950339973e+03 2.865589994355104864e+04 5.591192756604863098e+04 3.037844190141180297e+04 4.601326598203741014e+03 6.179436715319752693e+03 5.897857900708972011e+03 3.230442035768635105e+04 2.983099991921335459e+04 3.949883586028590798e+03 3.263309576548635960e+04 2.964271215547341853e+04 2.169481617747747805e+03 4.497401089174672961e+03 7.168936738162301481e+03 2.979417686641681939e+04 2.729401024349505315e+04 5.682292531710118055e+03 3.006806759338371921e+04 3.083170680503826588e+04 6.851335049141198397e+03 1.695798394503071904e+03 3.838818681542761624e+03 3.069163875887170434e+04 2.765944779268477578e+04 3.527247194433584809e+03 3.545893754344433546e+03 3.075884983409196138e+03 3.054934676969423890e+04 2.951791308296390343e+04 3.780362654943019152e+03 2.958640585478849243e+04 2.891065394738677423e+04 -2.194012696854770184e+04 -2.649514006916456856e+04 3.116186462575558107e+04 6.372447844769340008e+04 -2.889713232870562933e+03 -3.474332757352374028e+04 3.184640136023552623e+04 3.460075454670039471e+04 -1.716287480085156858e+03 -2.626211000781075563e+04 -4.344672838924441021e+04 -3.695153720443928614e+04
5.592523716972209513e+04 5.567764470470137894e+04 3.355694276688154787e+04 1.323259073775261641e+04 9.528801230480894446e+03 3.660580809228151338e+03 3.088788828754329006e+04 5.749038299429233302e+04 3.181931511615411728e+04 7.207383385975845158e+03 3.309827129356571822e+04 3.348600817203990300e+04 3.077506477129645646e+04 3.090610931511037052e+04 7.680022178683429956e+03 3.099371985241316725e+04 2.932642977742943913e+04 3.164524450607132167e+04 6.073009547544637462e+04 3.082982905441895127e+04 2.053099558106681798e+03 3.294151048176002223e+04 3.110897558741277317e+04 5.622996854362951126e+03 3.381985250744048972e+04 5.507957982132211328e+04 5.732056940032634884e+04 3.161901130981283495e+04 2.674906338215805590e+03 3.073444421810575295e+04 5.700273267517320346e+04 3.061276018270268105e+04 5.218769101193291135e+03 3.036181852396100294e+04 5.766277829126920551e+04 5.716208619298413396e+04 2.978556383750389796e+04 3.179285278893075883e+04 5.395933673193212599e+04 6.249332894803956151e+03 1.203067901951761451e+04 7.719179521489434410e+04 4.570375428884278517e+04 6.691191252903197892e+03 3.564836382807698101e+04 5.221387120895076077e+04 2.820967143517907243e+04 -1.488037498318543658e+04 -6.104056290467176586e+04
5.805416896066168556e+04 5.765242245921399444e+04 3.582434688287327299e+04 1.564469805744010955e+04 3.735093577124644071e+04 5.742868303554138402e+04 3.308345098805142334e+04 7.964149250183370896e+03 3.410622646799311042e+04 3.520748103677760810e+04 3.548862794938031584e+04 3.614800570590887219e+04 7.181412461213767529e+03 3.295532531104981899e+04 3.634404340758919716e+04 8.430086811422370374e+03 3.197340564860485028e+04 6.006742160068824887e+04 1.214709141000639647e+04 -1.808411247271578759e+04 3.050154890923295170e+04 6.170669686805922538e+04 3.408920698799192905e+04 8.504776469780947082e+03 1.026902410783804953e+04 6.055676026153261773e+03 3.425974819925636984e+04 3.432928158552397508e+04 6.181569101172499359e+03 3.344621331139944959e+04 3.362069239025004208e+04 8.019577371305902489e+03 8.034850597614538856e+03 6.793353933608043008e+03 3.488758757943299133e+04 3.437027741689234972e+04 6.123303204658441246e+03 8.070936154690571129e+03 4.762547091813758016e+03 3.588866795937053394e+04 4.078802908654301427e+04 3.913359757282305509e+02 -4.338706364505924284e+03 9.356134072877466679e+03 1.133304619463172276e+04 1.276604690938256681e+03 4.342904557706904598e+03 -1.131789652397821192e+04 -5.658508098684158176e+04
-6.896288942953094374e+04 -1.812991061306092888e+04 3.721152439771691570e+04 4.274351949221460382e+04 3.838888936792500317e+04 5.843417585419950774e+04 3.434336990234442055e+04 9.370253406232222915e+03 3.533295387111138552e+04 6.191599654091981938e+04 3.675585209217388183e+04 3.755142924783274066e+04 3.411473168700467795e+04 8.251954544684849679e+03 3.765163273899815977e+04 6.163689547451213002e+04 5.897787727881222963e+04 3.546008323784917593e+04 1.391488083580043167e+04 9.195680023985914886e+03 3.157455912034492940e+04 6.293867851956747472e+04 3.546947585768077988e+04 9.785653794533456676e+03 1.135712938557844609e+04 3.331581530335813295e+04 6.143673455866531003e+04 3.553767300269112457e+04 7.819203933467972092e+03 3.461823265941371210e+04 3.484605686622683425e+04 9.674968756153248250e+03 9.264418362872791477e+03 7.926720891846343875e+03 3.644311109732394107e+04 3.596282634942338336e+04 7.230797727825120091e+03 9.178544548922334798e+03 6.344173390534589998e+03 1.144449285988230258e+04 1.586606022145121824e+04 2.726060077315184753e+04 -3.183345466386526823e+03 -1.544948857743269764e+04 3.817679097934160382e+04 2.052945235627703369e+03 -4.653866116597806104e+04 -3.572863388166297227e+04 -2.857500445970706642e+04
2.139819802530109300e+05 1.110161484498530626e+05 1.264554868801499833e+04 1.807333361473867990e+04 6.467781938612461090e+04 3.352028198773042095e+04 9.593026856309734285e+03 3.587603907275488018e+04 6.167135229625274951e+04 3.681340737617573177e+04 1.189431951090227813e+04 3.833896849362642388e+04 6.029652447090481292e+04 3.440721969760485808e+04 1.267667011474259198e+04 3.680372831528086681e+04 5.946732299111323664e+04 3.593804669042583555e+04 4.034107338171452284e+04 3.539470609277486801e+04 3.188186305691482266e+04 6.331720481917733559e+04 3.590994239493744681e+04 3.581460727669741027e+04 6.294434583920519799e+04 3.368398826802161057e+04 1.033651698322506854e+04 3.574095587653579423e+04 5.966322532971383771e+04 6.048901548958389321e+04 6.076696660951699596e+04 3.581664353725488763e+04 3.520879325689759571e+04 5.959408960130519699e+04 3.677166770095936954e+04 3.634070892236183863e+04 5.894479936221614480e+04 6.095085561333701480e+04 5.841899355524219573e+04 6.360617990489106160e+04 4.198145108181028627e+04 2.737146349914837629e+04 4.894313464581477456e+04 6.267782534006994683e+04 6.428514038794697262e+04 2.828610137221391778e+04 5.795805602218070999e+04 1.469403052527913824e+05 2.061946486111236736e+05
8.752100565005093813e+04 3.587044442305341363e+04 1.440530322608543793e+04 4.513981538824731251e+04 6.574100166792050004e+04 3.493890243757056305e+04 -1.405524862348102033e+04 1.213482254999701399e+04 6.310186534770764410e+04 1.272823215229436755e+04 -1.162106351112009725e+04 4.026670999126503011e+04 3.629578059772029519e+04 1.041023046476766467e+04 4.016661818954156479e+04 3.926290480827452848e+04 1.035189932503271848e+04 1.232300786068663001e+04 1.726856169756501913e+04 3.739965302753262222e+04 3.355117367464129347e+04 1.427394485042907763e+04 1.256510452600196004e+04 1.209873066924035084e+04 1.325696898333251011e+04 1.028712908679153770e+04 1.266484806721576024e+04 1.204757509520277381e+04 3.622033411753340624e+04 3.650304735056112986e+04 -1.427056316810182761e+04 -1.308429526630777400e+04 3.678539409884263296e+04 3.522190157673321664e+04 -1.224855760810908396e+04 -1.266034644038905390e+04 8.779302725451998413e+03 1.070574806770309806e+04 8.783427349990117364e+03 -1.174890756024979055e+04 -8.263577743200468831e+03 2.429906686884583905e+03 -1.566659392556175590e+03 -1.375998795731028076e+04 -3.845750239328481257e+04 -2.295460710534814280e+04 -1.890601520484802313e+04 -3.322386621439363807e+04 -2.591838388529047370e+04
8.941801215696617146e+04 3.789661508577410132e+04 1.653587446257006377e+04 4.683641313342380454e+04 4.166119319852441549e+04 1.131142269587138435e+04 3.867785794078372419e+04 3.946396769955754280e+04 1.407951978151686490e+04 1.426681570359505713e+04 1.586725150409626076e+04 1.700824349885812262e+04 -1.262028632510919124e+04 -3.855301508097909391e+04 -8.567952302983030677e+03 -8.799935092101863120e+03 -6.343347351474221796e+04 -3.642660604906268418e+04 -5.657477692002430558e+03 -6.207075943879314582e+04 -6.635118615464298637e+04 -5.980840343341702828e+04 -6.153206642251473386e+04 -1.188318437081776210e+04 1.422220667882356793e+04 1.192118381906766444e+04 -1.104466323740786174e+04 -3.741014808416373853e+04 -1.306281059340122738e+04 3.733277523599109554e+04 6.309067040041551809e+04 3.936171153560266248e+04 -1.328108557034275145e+04 1.033062355592823587e+04 6.554837333271282841e+04 3.985300017229758669e+04 9.410164317814662354e+03 3.676859432831412414e+04 6.097439960052719107e+04 4.067484019265964162e+04 4.357222402177308686e+04 2.843370880640618270e+04 -6.942249700659886003e+02 3.822102527308772551e+04 6.441198434855340747e+04 5.433312381617707433e+04 3.343172925349778961e+04 -5.859359003952355124e+03 -4.959754047507862560e+04
6.469500224571675062e+04 6.359277586219832301e+04 6.741628162795677781e+04 7.235689676715998212e+04 4.185565063147805631e+04 3.677562011231196811e+04 8.933209704991889885e+04 6.485356978955672821e+04 3.942014920001383871e+04 8.997369857912417501e+04 9.162787711014968227e+04 6.753647294652188430e+04 8.833261909603603999e+04 1.128756663057719852e+05 1.176656616007675912e+05 1.175466472882545349e+05 1.134286814846564666e+05 1.151859233382856037e+05 1.460869782586814254e+05 1.655520914512453019e+05 1.360878902091643540e+05 1.175559934281044989e+05 1.159691677842058707e+05 1.150939512252807617e+05 1.159657719836104079e+05 1.138673684501554817e+05 9.104179311543691438e+04 6.479467100172780920e+04 6.398381803068332374e+04 8.902248361846443731e+04 8.951639713777694851e+04 4.062388091930164956e+04 3.872780802717909683e+04 6.232963819871644955e+04 6.700353107298724353e+04 6.682474841596558690e+04 3.628400475135992747e+04 3.828289387514826376e+04 6.266507053340319544e+04 4.246742992138012778e+04 4.522907439211860765e+04 3.009457024745689705e+04 2.664373617153614759e+04 6.549240262014814653e+04 4.058631826832471415e+04 5.031574966851621866e+03 3.537147487513744272e+04 1.238927319581839256e+05 2.333468854328361340e+05
9.183665699500113260e+04 4.039365363365510711e+04 1.904628281248727581e+04 2.367729597783181816e+04 -6.926594219985418022e+03 1.340217255987221142e+04 4.082874171843286604e+04 -8.462301616091339383e+03 1.603602896211663028e+04 4.085881806677207351e+04 1.808488402224605670e+04 1.929929587873630226e+04 1.447040263330563903e+04 3.857690441946030478e+04 4.373818390304219793e+04 -5.742991418228572002e+03 -1.053981432341973414e+04 1.593215488013811409e+04 2.208795020414981991e+04 4.083707817655519466e+04 3.617039581527930568e+04 1.819693774683400989e+04 1.658127116039398243e+04 -9.998867538524675183e+03 1.553480933303962229e+04 6.432759563787837396e+04 1.648413797432996216e+04 -1.004814251384233648e+04 1.461201383674053068e+04 1.362264434341339802e+04 3.927016818954130576e+04 4.141675666382056079e+04 1.369600981124682585e+04 1.163288003474008292e+04 1.689307421911509300e+04 1.673894099658357300e+04 1.062175297527572548e+04 3.774900992691989086e+04 3.728023209725517518e+04 -8.141955502796897235e+03 1.917227928002872432e+04 2.909084651269984897e+04 5.999994516605511308e+02 3.901425357151345816e+04 1.376231218979280675e+04 -2.163418760581401875e+04 3.420025734987610485e+04 7.175118725164767238e+04 7.915930487098961021e+04
6.811118685989634832e+04 6.654791188309894642e+04 7.010972417891019722e+04 4.957611817517317832e+04 1.892617005913052708e+04 3.941131779924029252e+04 6.690533911518286914e+04 6.773161477176478365e+04 4.201521019742370117e+04 1.667659458471462131e+04 4.431274051952647278e+04 7.051365226565403282e+04 4.055423094599970500e+04 3.947687932930418174e+04 6.983303036831783538e+04 4.608435129397547280e+04 1.598638010327705706e+04 4.218288997479247337e+04 7.369111825537399272e+04 4.216180699178947543e+04 1.233154603862200747e+04 4.473591605550620443e+04 6.819178564532205928e+04 1.645008890423943376e+04 1.667651710333322262e+04 6.581788349838458817e+04 4.324794924992590677e+04 1.662920976756143500e+04 1.652385276509447431e+04 1.511765882489270007e+04 1.570989810279569065e+04 4.327035517315406469e+04 4.030821189924638020e+04 -1.201045707974108518e+04 -6.193373068235669052e+03 -6.215085288276779465e+03 -3.809371333220042288e+04 -3.624176911835100327e+04 -3.622081185749263386e+04 -5.638775941508341202e+04 -1.051828710915292468e+05 -1.458446633967107045e+05 -1.993173516471865005e+05 -2.622213348996598506e+05 -3.384793649998028995e+05 -4.498204339691424975e+05 -5.710864139342462877e+05 -6.855084223067362327e+05 -7.796125996252386831e+05
-5.511093077191617340e+04 -7.133595711202360690e+03 4.601040561916294973e+04 7.505600806674920022e+04 4.437326898972969502e+04 1.528336939751170576e+04 4.281653561163693666e+04 4.365081447816919535e+04 4.264861093310161959e+04 4.208357949974009534e+04 2.025111591850873083e+04 4.637029230711044511e+04 4.119136004184838384e+04 3.999466360837686807e+04 4.553881344036199152e+04 2.225788981886580586e+04 4.170230102550709853e+04 4.275945755711285165e+04 2.465711701486725360e+04 4.278153782943263650e+04 3.774654746055597207e+04 2.047923297213856131e+04 4.388119987270340789e+04 4.184346244786877651e+04 1.698426316375841270e+04 1.650025497772730887e+04 1.888468262623064220e+04 1.707478041062134434e+04 1.714776213688307325e+04 1.544559695757922600e+04 -8.894876634585554712e+03 -6.196072655729745748e+03 1.551472656312404433e+04 1.314301460050046444e+04 -5.762352927704429021e+03 -3.068671189888843219e+04 -3.791486425267066807e+04 -6.111216137360324501e+04 -6.084537482121962239e+04 -5.601272539701295318e+04 -1.049500698724300019e+05 -1.455756959324937197e+05 -1.486134542169744382e+05 -1.612390381761364988e+05 -1.871019823197277728e+05 -1.722738790541184135e+05 -1.165831177332437364e+05 -5.405005604145152029e+04 3.340186722344718874e+03
-5.337090167158751865e+04 -5.798819759511388838e+03 2.223664633289439371e+04 1.409248941927216947e+03 -4.504323320579715073e+03 4.112523823278021882e+04 4.399864415347107570e+04 -4.604767365963285556e+03 -5.927027293946652208e+03 1.807306858478111099e+04 2.164340156654364546e+04 2.290775901288728346e+04 1.756953334202989936e+04 1.621363369456958026e+04 2.198750665877014399e+04 2.425784399732947350e+04 1.844359644223007490e+04 1.924424060969613492e+04 1.638153094099834561e+03 1.940889328427145665e+04 3.893781063379715488e+04 -2.632161373039794853e+03 -4.040509868063978502e+03 1.829394124739334802e+04 1.808374840242319624e+04 -6.508349187206389615e+03 -2.893772568611893803e+04 -6.199970576562933275e+03 -5.790894866222413839e+03 -5.764328995777769887e+04 -5.693471799837434082e+04 -5.388576102443071431e+04 -1.321108437766091083e+05 -1.845293623022734537e+05 -2.029428088630084530e+05 -2.774590092117429012e+05 -4.100204077601667959e+05 -5.330232753138998523e+05 -6.573519257234868128e+05 -7.780208596843273845e+05 -8.283430487115413416e+05 -7.953442226274656132e+05 -6.497565400565490127e+05 -4.390281275135925971e+05 -2.160646919673322700e+05 2.345405450847465545e+04 2.545074910111743957e+05 3.673414022818896919e+05 3.747494501602966338e+05
-2.719687002245334588e+04 -2.935620053205639852e+04 -1.579632065258934745e+03 5.143599243252538872e+04 7.014153128373436630e+04 4.191790530632715672e+04 -4.390911480877548456e+03 -3.410367754986451473e+03 4.428553815174379270e+04 6.802623168332500791e+04 4.744722857081794064e+04 -6.493034341837628745e+02 -6.099612009129486978e+03 4.174677801551294397e+04 4.769756743917238782e+04 2.595708612061571330e+04 1.981732882617510040e+04 2.035803364706222783e+04 2.786539531080049346e+04 -3.997575033572473330e+03 -3.407660967437541694e+04 -2.576797873829488526e+04 -2.707597296393944998e+04 -7.928588327893498354e+04 -2.278949705587005010e+05 -4.740757634449974867e+05 -8.918423664936572313e+05 -1.438193485692611896e+06 -1.685688446034327615e+06 -1.393352510613620747e+06 -8.996652652043858543e+05 -5.017349898052625358e+05 -2.343798673729198053e+05 -1.139974755019648001e+05 -3.318159849615767598e+04 1.156893159815804102e+05 2.809793738683219999e+05 4.320050430827545933e+05 6.074486803245958872e+05 7.869030828739027493e+05 8.879706310469210148e+05 8.987117925984796602e+05 8.726224906928814016e+05 7.366288268862994155e+05 5.622711952379918657e+05 4.784825540112783783e+05 3.856195106566884788e+05 2.989311415032712393e+05 2.563460540765603655e+05
-2.597269367543050612e+04 -2.833107349113561213e+04 -7.924462790834077168e+02 2.724825202778445964e+04 2.125075919786468148e+04 4.259036142611874675e+04 4.572783395997247135e+04 -2.491072108387073968e+03 -2.904164731618949008e+04 -3.011933577421586233e+04 -5.025209689803894435e+04 -1.721396591205847217e+05 -3.746129732887492282e+05 -6.224224619788581040e+05 -8.627054770075480919e+05 -8.349703731061891885e+05 -5.954623109870594926e+05 -4.231111357547340449e+05 -3.418860622285862919e+05 -3.002271876769373193e+05 -2.814198652922641486e+05 -2.486752152320696041e+05 -2.010141975508308969e+05 -1.550010921334614977e+05 -7.777943843975197524e+03 2.644539421738581732e+05 6.865200219035623595e+05 1.227779811453658389e+06 1.500987344434833620e+06 1.252199633414273383e+06 7.597237125271939440e+05 3.930702468770319247e+05 2.162939688994094904e+05 1.393947509420104325e+05 1.219186882901703939e+05 9.785338820423942525e+04 3.994979018927540164e+04 4.197284574969683308e+04 4.346853348193701822e+04 2.347679988248262089e+04 4.857594345987332053e+04 3.342016685404849704e+04 3.131594599515665323e+04 4.329440301051340066e+04 -7.497626590774976648e+03 7.773184389807283878e+03 6.401082287775352597e+04 7.680096715514059179e+04 8.374051701219147071e+04
-9.945827000832650810e+04 -1.510833902697777667e+05 -1.974223180313128396e+05 -2.186524672288214788e+05 -2.246273944538552314e+05 -2.032150929939233465e+05 -1.754553951922570122e+05 -1.990644796856215689e+05 -2.010925159323960543e+05 -1.776460304018108873e+05 -1.485423848166830139e+05 -2.438658057188172825e+04 1.668702785752246855e+05 4.113421136810209136e+05 6.142702357168307062e+05 5.931037539232058916e+05 4.144607583445035852e+05 2.178774861345299578e+05 1.271459994302130654e+05 1.198419647413538478e+05 8.972394761629393906e+04 7.365214392426423728e+04 4.780862025800172705e+04 4.472472095978434663e+04 6.876882837910670787e+04 4.545680518494924763e+04 2.318869733484461904e+04 4.546000199508864898e+04 7.106820322107523680e+04 4.346571817644865951e+04 4.446060878690314712e+04 4.825190999370522331e+04 4.409177634224767098e+04 6.573053418600454461e+04 2.385352422425034456e+04 2.464248878357443027e+04 6.515311209252104163e+04 4.252721389231749345e+04 4.431100507907092106e+04 4.894349200709245633e+04 2.438625130453146994e+04 3.404143998224753886e+04 5.676936000178090762e+04 4.379708140273566823e+04 1.766717239283036906e+04 3.301377759489696473e+04 3.987335030338715296e+04 3.214492232655524276e+03 -3.944332528684660792e+04
-1.721203660388709395e+05 -7.645565069455187768e+04 -6.820683018301497214e+01 2.760943173605485936e+04 -2.932025511399842799e+03 -3.038584379653914948e+04 2.200700049055737327e+04 4.767379229015202145e+04 -3.765844051958934870e+03 -2.957817820424676756e+04 1.852400193462381139e+01 5.022464339504946838e+04 4.462274895049631596e+04 -6.238246757420711219e+03 -1.226560497889295220e+02 2.848707631928849150e+04 2.180626682820732822e+04 4.633716902229934931e+04 5.429632768849842250e+04 -2.250679797725751996e+03 -7.886550886323617306e+03 2.548846324556507170e+04 2.435800399282021681e+04 4.543892946094262879e+04 4.464729337720188778e+04 -2.571887628291675355e+03 -2.599972079041181132e+02 2.176341312122537056e+04 2.296763567603193223e+04 1.955144049483351409e+04 -3.931782270665280521e+03 1.858594949591788463e+02 2.031410439347394276e+04 -7.560881187673541717e+03 -2.442354229104233673e+04 -2.343283738882746547e+04 -3.270245056017301977e+04 -3.066816374834167073e+04 -5.321044226817309391e+04 -7.341392993053869577e+04 -9.824604769004552509e+04 -1.377617674774957704e+05 -1.396670969156544597e+05 -1.777305975585484703e+05 -2.534392111055787536e+05 -3.367151722277039662e+05 -4.038477486051860033e+05 -4.160307646903663990e+05 -4.096679612283979077e+05
9.907034600561017578e+04 4.717035307374316471e+04 5.633640050655365030e+02 3.418597019044694207e+03 2.200120282650459558e+04 -5.144571792916381128e+03 -2.632818846672306972e+04 -6.350548460613399584e+02 4.577465915295758896e+04 1.984708504343870300e+04 7.572506397264733096e+02 2.628656912129374177e+04 -3.865845563705079257e+03 1.877685222250874358e+04 2.490950789302586782e+04 4.905640533543250058e+03 4.705233483051414078e+04 2.226496292278170586e+04 3.035970383440142905e+04 4.734302156663031201e+04 -7.398765623802231858e+03 2.612045665737267700e+04 4.956214124045809149e+04 2.131583144597240607e+04 4.490452172001832514e+04 2.263315481191984145e+04 3.912049054634990171e+02 2.227714558655867586e+04 2.360964595514812390e+04 1.991113289841450751e+04 -3.470094756339589367e+03 8.480457129191490822e+02 -3.737870824406709289e+03 -3.176133875502276351e+04 -2.390967433282636921e+04 -2.276199634594374220e+04 -5.680653724935845821e+04 -7.929960469075027504e+04 -7.710231264412865858e+04 -1.219775014254261187e+05 -1.714694321411665296e+05 -1.862569631257795554e+05 -2.126681879884557566e+05 -2.263752548472260823e+05 -2.283868732693376369e+05 -2.621950904099495965e+05 -2.552389596233844059e+05 -1.689712072350088274e+05 -6.431960935471300036e+04
9.942416197620335151e+04 4.743638386018574238e+04 7.418680761475407053e+02 3.461073153303004801e+03 4.657952904643025249e+04 6.863781565567478538e+04 4.749925951473414898e+04 2.420393609325401485e+04 2.138428493170067668e+04 1.990297696786001325e+04 5.009795012127154041e+04 5.104967973427852849e+04 2.091727548569906503e+04 1.898061178741045296e+04 2.512739957892335951e+04 5.446775488322606543e+04 4.747585221601196099e+04 2.254040730302222073e+04 3.073949234851164510e+04 2.317822876793792238e+04 4.193059780343901366e+04 5.108579335792444181e+04 2.558865184953901917e+04 2.167422266735229641e+04 -3.838539886637707241e+03 -1.288123004487948492e+03 2.546189206768758595e+04 2.278722926217596978e+04 -2.654880698536289856e+02 -2.868461810110590886e+04 -2.746844864683225751e+04 -2.296482616220600903e+04 -5.214237221749511082e+04 -8.030543009750550846e+04 -7.233634333533688914e+04 -1.200520740973294596e+05 -1.787575638765701442e+05 -2.257250932155879564e+05 -2.479388233658392273e+05 -2.438943916326382314e+05 -3.179802319576275186e+05 -3.326108006329750642e+05 -2.853713672637233394e+05 -2.502810026367661776e+05 -1.542434996692471905e+05 -4.053345068474288564e+04 6.485982627200486604e+04 1.511051961011245148e+05 2.064754512882758863e+05
-1.447442630905424012e+05 -9.891942922316963086e+04 -4.781037854030722519e+04 -4.536710356187541038e+04 -7.566069297201465815e+04 -7.772639179194808821e+04 -9.875917740631845663e+04 -7.292455918621266028e+04 -5.161965645500455867e+04 -7.774900066957340459e+04 -4.705935548990961252e+04 -7.072224394651122566e+04 -1.008182954083895020e+05 -7.838712586031758110e+04 -9.675094193546097085e+04 -9.134978568414226174e+04 -4.959161976818001131e+04 -7.484412373043593834e+04 -1.154879581870044931e+05 -7.415744412923228811e+04 -7.996711044514068635e+04 -1.195948823529760703e+05 -9.608055408287345199e+04 -1.002957144437821698e+05 -1.259531524305930943e+05 -9.861834649404045194e+04 -9.644780028087564278e+04 -1.482160850416405592e+05 -1.222525977215266321e+05 -7.753139190841477830e+04 -1.007955551031043287e+05 -1.206667358306004899e+05 -1.010164127004105831e+05 -5.592473075026646256e+04 -2.345228627091273665e+04 2.431645165779627860e+03 4.159898896876245271e+04 1.171895953948844690e+05 1.931176157027947484e+05 2.216874730848933104e+05 2.702994628052702174e+05 3.540470412740252796e+05 3.770664822217066539e+05 3.632280501228531357e+05 3.858531999902338721e+05 3.526826397777758539e+05 2.865572748600974446e+05 2.746685025730394991e+05 2.808766834897636436e+05
7.722636333084659418e+04 7.369414680521003902e+04 5.091091857291758060e+04 3.955399288097396493e+03 2.279921069857664406e+04 7.009800628584342485e+04 4.902169519104060601e+04 2.595880899345502257e+04 2.229974278772718390e+04 2.044749322521965223e+04 2.717803733248730714e+04 5.226852183463050460e+04 4.669407789304385369e+04 1.998772061779163050e+04 5.048246003105302952e+04 5.651213905366601102e+04 2.462808849697469850e+04 2.344813098607119173e+04 3.186320250795687025e+04 4.869596134405580233e+04 4.286221898393705487e+04 2.795474028040189296e+04 5.159303568420009105e+04 4.704415593063467531e+04 2.124817651056215982e+04 2.461791217210699688e+04 2.675421654712408781e+04 2.393509689893110772e+04 5.005769218259939225e+04 4.546419625054101925e+04 -2.078862506896257401e+03 2.738158267398871249e+04 7.145971398102160310e+04 4.281866458652087022e+04 2.017318619182275143e+03 3.796990708215103950e+03 4.280466977797925938e+04 4.505466326372703770e+04 2.314239576866378775e+04 2.684304072055959841e+04 2.636891620757518103e+04 3.706316162075375905e+04 3.558051207801315468e+04 -3.528615215909900144e+03 -5.731980162672873121e+03 3.482708347088185837e+04 4.223343657795328181e+04 5.563829020248143934e+03 -3.762859093781956472e+04
-2.032074835035006981e+04 -2.409735541674308479e+04 -2.263572752883186331e+04 -2.084112757525872439e+04 -2.628320529358461499e+04 -2.761875110503757605e+04 -4.870984316803512047e+04 -4.708931216562626651e+04 -2.660395236278418452e+04 -2.860940568672958761e+04 -2.135741650650746305e+04 -6.996215594466769835e+04 -7.541251855145672744e+04 -2.871093362453392183e+04 -4.731786835007368063e+04 -4.067156119097486953e+04 -4.819932458864054934e+04 -7.426682388875630568e+04 -4.127841947192790394e+04 -4.887741532991638087e+04 -7.918984337360586505e+04 -6.941279292746909778e+04 -9.462122037308308063e+04 -7.495687794114946155e+04 -5.190432550560228992e+04 -9.715050799946754705e+04 -7.058180988358776085e+04 -4.892606281093333382e+04 -9.618903308699361514e+04 -1.010808702587381704e+05 -5.063329531345528085e+04 -4.543100182432704605e+04 -5.032808269141282653e+04 -3.028816296544385841e+04 -4.666946705314336577e+04 -4.468937030935200164e+04 -3.016777145734534133e+04 -3.399486162234097719e+03 2.358858745952602476e+04 2.704700295464135706e+04 5.108626496687094914e+04 3.761378131166601088e+04 3.610910325951396953e+04 9.451361478364601498e+04 9.224607195821631467e+04 5.954041088116343599e+04 9.140046609274623916e+04 1.524908510211380781e+05 2.070405193383306032e+05
-4.446281008305959404e+04 6.921071151737123728e+02 2.647680404130381066e+04 2.802236238319892436e+04 2.276399450667668134e+04 2.169748893531505018e+04 2.506469183077570051e+04 2.682091352064174134e+04 2.243218509189318866e+04 2.027483199257403612e+04 2.792728542583063245e+04 2.814527341513894498e+04 4.736360719427454751e+04 2.034943781618494540e+04 1.532404259196482599e+03 3.324770418985281140e+04 1.061207606108044274e+03 2.366680927458219230e+04 5.670522982545662671e+04 4.937302321195602417e+01 -3.027939421997847967e+04 4.207419964950648136e+03 5.268533507711265702e+04 2.304249236767669208e+04 -2.759912754467211198e+04 9.936968871622812003e+02 3.012356063118204474e+03 -2.431062370305892546e+04 1.947205716860247776e+03 -3.252762658521533012e+03 -2.620151328679651488e+04 -2.074105455249093939e+04 -2.557398756325710565e+04 -3.035124319721944630e+04 -4.690836081397719681e+04 -4.461670315184176434e+04 -2.987649866088759154e+04 -5.194954389706265647e+04 -4.958686643803969491e+04 -2.196669433789793402e+04 -4.666304022481234279e+04 -3.487170783686486538e+04 -1.185927123238798231e+04 -2.763067508116364479e+04 -5.360187151818652637e+03 1.133447010593942832e+04 1.860866657807503361e+04 5.838281522738165222e+03 -3.799186648218845949e+04
-1.421458859747507959e+05 -9.713555351074319333e+04 -7.164657895162241766e+04 -9.510505812009790679e+04 -1.245975221053231508e+05 -1.004933886823710054e+05 -7.257685939664952457e+04 -9.521853325830330141e+04 -1.000303795427317964e+05 -7.771459705196321011e+04 -9.410951529163878877e+04 -9.414542912621994037e+04 -7.461036697030067444e+04 -7.715183592925313860e+04 -7.164375474967528135e+04 -6.387451603077363688e+04 -4.694536830706056207e+04 -4.929730573669064324e+04 -6.543753918376739603e+04 -2.363777930673677474e+04 -4.735304410569602624e+03 -1.930127002415247262e+04 4.762746968190185726e+03 -5.361387069567572325e+02 2.239316331746522337e+04 7.578483049001079053e+04 5.311919715837552212e+04 5.031197250646073371e+04 1.011308832094073296e+05 1.448607048386475071e+05 1.464360083482462214e+05 1.273492651688869810e+05 1.716135542286796262e+05 1.911869059153833659e+05 1.744287712872028351e+05 2.258771368558515678e+05 2.406624056049620558e+05 1.939651292882630660e+05 1.961689321056472254e+05 2.481842295289963949e+05 2.480586762778695265e+05 1.863778378802823427e+05 1.847875867708348378e+05 1.933201148675290169e+05 1.665098427626075572e+05 1.832982602703846060e+05 1.659630852303233696e+05 1.039714754716260359e+05 6.000913696421636268e+04
-1.426464521826709970e+05 -9.767531634657645191e+04 -7.237934119766576623e+04 -7.140338991710449045e+04 -7.590027295576874167e+04 -7.620873146981465106e+04 -4.837790723482611065e+04 -4.613490668707534496e+04 -7.609061914205088397e+04 -5.385792399407361518e+04 -4.518642100912993192e+04 -4.551243668713147053e+04 -2.566026736400090158e+04 -2.834964073204898159e+04 -2.314769539749246906e+04 -3.959997869504158734e+04 -2.259838590340234805e+04 2.406921671063173562e+04 7.706108069978654385e+03 3.902686288347467780e+02 1.950450787669973215e+04 2.968573679914698005e+04 2.927392546320339898e+04 -9.873261681058211252e+02 -2.726223514764511492e+03 5.113563134684212855e+04 7.772472927346819779e+04 5.036497775930920034e+04 2.721795711200684309e+04 2.156655218452210829e+04 4.799445424403515062e+04 7.843735931557616277e+04 4.907960348937226081e+04 4.375312645628571045e+04 5.127127082901999529e+04 5.392084473802232242e+04 6.930712670553472708e+04 4.725605879619259213e+04 4.906666575814585667e+04 5.158572655753217987e+04 5.196136920363665558e+04 6.488739128632022766e+04 3.848251366813189816e+04 4.630976556392887142e+04 6.884845792839786736e+04 6.143952299142238917e+04 4.371576343139156234e+04 5.622065391508280300e+03 -3.887119888153369538e+04
8.072938987228553742e+04 7.597876289917627582e+04 5.146882633503992110e+04 5.230538482835981995e+04 7.277500037685967982e+04 7.254148480249568820e+04 7.545914179820101708e+04 5.294074659061152488e+04 4.757785409281495959e+04 6.976742243044998031e+04 7.858373614377342165e+04 7.809584659291431308e+04 4.844829371664673090e+04 4.566783590009436011e+04 7.552152478368952870e+04 5.923987671092618257e+04 2.664138724154338706e+04 4.836159288301120978e+04 8.149488229420955759e+04 4.943874659365974367e+04 1.904395143035799265e+04 2.929254022950795479e+04 2.897307188017293811e+04 2.331324034079420380e+04 4.635941468819533475e+04 2.601882252434757538e+04 -2.179323398799169809e+04 5.358051590155810118e+02 1.988213530858047307e+03 -5.346177196537610143e+04 -7.649374416563659906e+04 -7.061324032081780024e+04 -9.989699355151981581e+04 -1.550876886222976027e+05 -1.727069638884857995e+05 -1.698315532301784260e+05 -1.786247013288083253e+05 -1.509809186292117229e+05 -1.247388618363764836e+05 -1.225070208386747399e+05 -9.680053820251498837e+04 -8.302887666970497230e+04 -8.490325044433097355e+04 -5.277280075883009704e+04 -5.111969774006982334e+03 -1.224034446873696288e+04 -5.514428450726001756e+04 -4.425011971092352178e+04 9.954033520189928822e+03
-6.807805537420802284e+04 2.683868892665492604e+04 5.192814211535733193e+04 2.702557937591336668e+03 2.356688369531184435e+04 4.848925212630996248e+04 1.332782822428271174e+03 3.818768167984671891e+03 2.322938990080734948e+04 2.044835425040218979e+04 5.442912030150194187e+04 5.377961874241015175e+04 -7.508530939230695367e+02 -3.568102021235972643e+03 5.109858995943792979e+04 5.988548896450077882e+04 2.720864692470061709e+04 4.878720260574479471e+04 5.703986326290760189e+04 2.500296267855446786e+04 4.438160883088117407e+04 5.465108889213285875e+04 5.434565179341016483e+04 7.350479663116854499e+04 4.680542826943552063e+04 5.129307101073193189e+04 7.797771154553623637e+04 1.003550814843039843e+05 1.017419217940187664e+05 9.586403905763299554e+04 1.473501375666817476e+05 1.780462728714340483e+05 1.735533176822362584e+05 1.678877388715044362e+05 2.246252851752799470e+05 2.771150998555821134e+05 2.434578621195395244e+05 1.965375453815798974e+05 1.729590138746425509e+05 1.502178548707156442e+05 1.263096537371168379e+05 1.401905985339547042e+05 1.134052035480269697e+05 2.127176839741831645e+04 1.937773187120864168e+04 6.195924118917877786e+04 1.887000487011345103e+04 -2.001315564964921214e+04 -1.545653706299886107e+04
-1.950170402234653593e+05 -4.877656494441902032e+04 2.668487556278699776e+04 1.867803812492638826e+03 2.371048110886476934e+04 2.405250453914050013e+04 1.070482879295013845e+03 2.922916317067574710e+04 2.331077544658916304e+04 2.024216988414991647e+04 2.980267984385130694e+04 2.873554484220221639e+04 2.448145840258797398e+04 4.671435162483243039e+04 2.579454080318100750e+04 1.002525167248683283e+04 5.273342186468653381e+04 4.876259027223568410e+04 6.437113535357639194e+03 2.480704562971368432e+04 6.985262257570849033e+04 2.986028821789642097e+04 2.973024888371588895e+04 7.417377196543384343e+04 2.199499534734032932e+04 1.321535335737164132e+03 5.336575352062945603e+04 7.632683843723512837e+04 5.228337676031523733e+04 2.112761159834914724e+04 2.303411244938611344e+04 2.904282803705432889e+04 5.004904737463231140e+04 4.407116607588260376e+04 2.541250648035205086e+04 5.356451500789251440e+04 4.565577062545331137e+04 2.355781704536644247e+04 2.405374789144845272e+04 2.572684659040525730e+04 2.745200573990587145e+04 1.740797405247585266e+04 1.512399879342406348e+04 2.164903706405316188e+04 2.005433022161024564e+04 -1.179026548226826708e+04 -5.669456942705175607e+03 5.476641602930550289e+04 1.092165943782298709e+05
1.079831071087391902e+05 5.205358989245722478e+04 1.083231345983222127e+03 2.675604676071091671e+04 7.405047447769902647e+04 2.383564091287556221e+04 7.209475105628371239e+02 5.428266341332354932e+04 4.830379104998438561e+04 1.990528732072561252e+04 2.953659387654627790e+04 2.839149429695683284e+04 2.422551405790726858e+04 4.649427460506556963e+04 5.064391080173661612e+04 9.670888878754296456e+03 2.727876647724761278e+04 7.367254897428209370e+04 5.638005005486775190e+04 2.440389780851546675e+04 1.916456440230831504e+04 2.950874867441598326e+04 2.944137502170639345e+04 2.355610433558467776e+04 2.166942004347220063e+04 2.610796799068330438e+04 5.307298671978065977e+04 5.100396641122648725e+04 2.677794042334420374e+04 2.072378332144580781e+04 2.264557818940363359e+04 5.387028435303393053e+04 2.469828723813447868e+04 -6.580211616819840856e+03 5.002387712069338886e+04 2.794654234836366959e+04 -4.833858112105925102e+03 2.343031854194129119e+04 2.361422465357463807e+04 -4.043575609102845192e+01 1.992757181869936176e+03 1.746876631339557935e+04 -1.010166575608303538e+04 -3.814626401872199494e+03 -5.243210691259882879e+03 -3.708423228759772610e+04 -5.628674809588148491e+04 -9.636520016123476671e+04 -1.423142930853624130e+05
-1.972754845977760851e+05 -4.982840624870730971e+04 5.153943209093991754e+04 5.180043718195518159e+04 2.343313956516794860e+04 -1.521224079187944881e+03 2.580458857177290338e+04 5.454280994308644586e+04 2.293729319470007613e+04 4.512737258977719466e+04 2.950916709552975954e+04 2.660760039579996374e+03 2.422706151264718210e+04 2.117218343715649098e+04 2.497133978642523289e+04 3.481445884390268475e+04 2.726487084466498345e+04 2.279467038693834911e+04 3.059926094370894134e+04 2.410106177208945155e+04 1.900125340791419148e+04 3.913348017376789358e+03 3.953390367096289992e+03 2.347602930676654796e+04 2.156362612382505904e+04 4.705092281802208163e+02 -2.320510735735294293e+04 3.794851986458525062e+02 2.656070259516127408e+04 -4.942191236186889000e+03 -2.836547788057947764e+04 -2.228286949684846331e+04 -5.136773108271887759e+04 -3.220831021200885880e+04 -1.035335707129037473e+03 -7.395991410943650408e+04 -1.062356275221098476e+05 -5.222427954664464050e+04 -5.256320915650562529e+04 -1.273084800143257016e+05 -1.499717767653056071e+05 -1.336269573238680023e+05 -1.614982986135869287e+05 -1.554646777734160714e+05 -1.565055411867797375e+05 -2.135260570055100252e+05 -2.330339397111677099e+05 -2.229183458269102266e+05 -2.185444355022585951e+05
-1.499599267286247923e+05 -1.037483631307259202e+05 -7.876933093357362668e+04 -1.306621146167162515e+05 -1.584997068054508418e+05 -1.056971345102647319e+05 -1.046649276942479919e+05 -1.267128252657131234e+05 -1.069837428879692015e+05 -1.105639831768348231e+05 -1.262698918813840137e+05 -1.020910059713060618e+05 -1.053021446749334573e+05 -1.343394620087927906e+05 -1.053064957319292589e+05 -9.481526623188995291e+04 -1.279158527194522321e+05 -1.070629058772465214e+05 -9.948560936725698411e+04 -1.571267949522006093e+05 -1.617390098393660737e+05 -1.253661207063123584e+05 -1.249313161917963298e+05 -1.306207652564625023e+05 -1.840797978237974457e+05 -1.798728975706035271e+05 -1.261687161092415918e+05 -1.531167447991906665e+05 -1.526026937091955915e+05 -1.584168032585878391e+05 -1.560816727491330821e+05 -1.239369440177688375e+05 -1.526621626858836971e+05 -1.588685759686632082e+05 -1.021385700040261727e+05 -7.289810437010601163e+04 -7.853979527018987574e+04 -4.927796396368648857e+04 -5.045134128187759779e+04 -2.379108019114937633e+04 3.106149511237163097e+04 2.269905215187463909e+04 9.636850159731670283e+04 1.272648868215037510e+05 1.261472490883895662e+05 1.962155532796164043e+05 2.010423660225938074e+05 2.359291978197854478e+05 3.421630951139321551e+05
-7.206101211544591933e+04 2.623762403440197522e+04 1.032596265571191616e+05 1.033175955235492147e+05 7.546198097057640553e+04 1.022571449144743092e+05 1.031832541676703840e+05 8.108493443578493316e+04 1.007744762767106295e+05 9.710235407983418554e+04 8.128876909788238117e+04 7.937368025945045520e+04 7.612845852621831000e+04 4.692125558794941753e+04 2.378404112707357854e+04 6.021745750738773495e+04 7.899645974335737992e+04 7.366395414515864104e+04 5.499293338914867491e+04 2.308925172663293779e+04 1.834020134701870847e+04 2.856917275581508875e+04 5.488405080628592987e+04 7.503119986329693347e+04 7.306656641070730984e+04 5.084800171374808997e+04 5.441807064925087616e+02 2.534468202444259077e+04 7.739215275214519352e+04 1.924242429726268165e+04 2.127503596828284208e+04 7.931855600676499307e+04 5.030536270118353423e+04 1.765749068465083838e+04 2.196096790896262974e+04 2.515616099990415387e+04 4.619949055777420290e+04 4.976703899621497840e+04 2.144929179514292628e+04 4.795520678511820734e+04 2.631123336614063010e+04 -7.142596345511265099e+03 4.135652732744324021e+04 4.618853351974370889e+04 -6.096691915881354362e+03 -1.228494091134052724e+04 -7.926542905625188723e+03 -7.680806586809805594e+04 -1.766633858316321857e+05
3.175875707180250902e+04 -7.996991409570915857e+04 -1.341678465600124910e+05 -1.077232916560023732e+05 -8.234397812804672867e+04 -8.145168126386124641e+04 -1.076515344507060654e+05 -1.032263328769476939e+05 -5.663948576548144047e+04 -6.054773707350248878e+04 -1.030391765420791780e+05 -1.052161647361937066e+05 -5.512350445904301887e+04 -3.189560948929282313e+04 -5.598534875723997538e+04 -7.167075339355508913e+04 -5.218256477150143473e+04 -3.151532120013143867e+04 -2.438434501644221018e+04 -2.980536275194023619e+04 -3.428804949042387307e+04 -2.411180608440190554e+04 -2.360520910238852957e+04 -2.956503136665676720e+03 2.144990987784689059e+04 2.492620278266252717e+04 5.302975038881419459e+04 5.218426537292552530e+04 2.549150477105288883e+04 1.943782763089981745e+04 4.785247086547300569e+04 8.013116517278846004e+04 5.115217616665207606e+04 7.068345721927448176e+04 1.006853850500191184e+05 5.126377440465160180e+04 4.711861900694212818e+04 7.708863894455147965e+04 7.403301524755079299e+04 7.430766706645934028e+04 5.304703987960222003e+04 1.986496035708123236e+04 4.229011662944674026e+04 2.060887074388988549e+04 -5.802584121993262670e+04 -6.408592951367591741e+04 -8.618892263155485853e+04 -1.819888384197824926e+05 -2.825703924964143080e+05
4.825270791770890355e+03 -5.463141125277616084e+04 -5.603862612915696809e+04 -2.927389090415090322e+04 -2.983309505158104002e+04 -2.888736486551351845e+04 -2.910363956645596772e+04 -2.436951929121278226e+04 -3.059839217341504991e+04 -7.962145050405524671e+03 -2.424050910689414013e+04 -5.330273187661083648e+04 -2.415253046201542020e+03 2.104525825765449554e+04 2.298347455856855959e+04 7.136927487444947474e+03 -2.630691919766832143e+04 -5.674771998310461640e+03 5.457980840757954866e+04 4.938790574437001487e+04 -8.295133144711144269e+03 1.764172343537386041e+03 2.899025455582892755e+04 2.333775617007631809e+04 2.134727591241244227e+04 -2.040750799351197202e+03 -2.301789994816645049e+02 2.580625317001255462e+04 -1.387569091748271603e+03 -7.375259578111523297e+03 -5.197351120295817964e+03 -5.233605173358257161e+04 -5.465012867352960166e+04 -3.479702556098339846e+04 -5.799697135109466035e+04 -1.077728323836343479e+05 -1.640125622518826858e+05 -1.599583995738069061e+05 -1.633079603442454245e+05 -2.422566953615745297e+05 -2.627732295193711761e+05 -2.687666130409346661e+05 -3.251519276498577092e+05 -3.466408132959627546e+05 -3.720436537679056637e+05 -3.773324800742545631e+05 -3.200422437652016524e+05 -3.106235321564588230e+05 -3.587682678154623136e+05
-2.286747215432112716e+04 -2.888358493917622400e+04 2.361535286938301579e+04 5.061443106154909765e+04 -3.556300420314073563e+03 -2.631834000931135961e+03 2.367025083920452016e+04 2.866527217498517712e+04 2.248094367270826478e+04 -8.782139277318492532e+03 -2.539818533055951411e+04 2.605314617219836509e+04 2.378843990445602685e+04 -3.348781996755859291e+04 -4.959944378933869302e+03 3.295312272792219301e+04 -6.245528685394092463e+02 -6.097988524241370760e+04 -5.424606740823945438e+04 -5.131806678255081351e+03 -9.362186401267470501e+03 -5.337379828677519254e+04 -5.263948262319909554e+04 -5.810209958755863045e+04 -8.702755137404889683e+04 -8.414362843439448625e+04 -8.221281427366191929e+04 -8.237681946891843108e+04 -1.102282988943623204e+05 -1.160301293071823893e+05 -1.137284227181224269e+05 -1.615365450421818532e+05 -1.902501344884520513e+05 -1.699540219304616912e+05 -1.671075130789541872e+05 -1.906528619240270928e+05 -1.659256219840606209e+05 -1.884177274617834482e+05 -1.926189386803890811e+05 -1.386884398246179335e+05 -1.320514307066334877e+05 -8.413815634092385881e+04 -8.103204781655222178e+03 2.266727277659834363e+04 5.003122782043623738e+04 9.738985501811816357e+04 1.538470016181243118e+05 2.422758233651970513e+05 3.531354708049851470e+05
-2.535481617087504128e+04 -3.132503951434046030e+04 -6.079489279072731733e+04 -1.162583194969920442e+05 -1.151947334967553616e+05 -8.646015297912526876e+04 -8.830269702128134668e+04 -8.250649894238461275e+04 -1.159776839369442314e+05 -1.205092746211447520e+05 -1.100629462354119169e+05 -1.405100760271307081e+05 -1.143143976764985127e+05 -8.972490382031525951e+04 -1.165567618043860421e+05 -1.330016307975167874e+05 -1.388650050794240087e+05 -1.731897202762775123e+05 -1.389347283000824973e+05 -8.760481599834747612e+04 -1.465472557995235547e+05 -1.642189659702125937e+05 -1.077672920253826305e+05 -1.126636292820328381e+05 -1.419907908531604335e+05 -1.119675164914221969e+05 -8.216901410836726427e+04 -8.159601588908140548e+04 -5.550537072471342981e+04 -3.356978960859123617e+04 -3.119142741197720170e+04 2.032325920881936327e+03 2.797527028887975030e+04 2.116887177166086622e+04 5.022262418002332561e+04 1.077001858415312599e+05 1.337165451061443891e+05 1.376867791655242909e+05 1.863100106129420456e+05 2.129580197070019785e+05 1.654688579583310056e+05 1.600254002341534942e+05 1.820714098255843855e+05 1.853509883070369251e+05 1.591198946110673714e+05 1.258269440528233536e+05 1.011827940435615601e+05 2.809973180643352680e+04 -7.601792520028632134e+04
-2.632576688192790607e+04 -3.225551765412092209e+04 -5.954739075386954937e+03 -5.864704807172529399e+03 -3.252142864745110273e+04 -3.625514169689326081e+03 2.207712534524034709e+04 1.684433838812401518e+01 -3.365857960947317770e+04 -1.038622704683803022e+04 2.786099607939831913e+04 2.489930472278507659e+04 -4.557939395308494568e+03 -7.824244915973395109e+03 2.054982078319881111e+04 3.160983271896839142e+04 2.571168292663065949e+04 -9.425188693567179143e+03 -3.229143442586064339e+03 4.875475870387163013e+04 4.486100992420682451e+04 2.638808983610942960e+04 5.538298443541873712e+04 5.034732733620342333e+04 2.031465236970683327e+04 2.204044544021598995e+04 2.411834115162491798e+04 5.262157068587851245e+04 5.056894347479112912e+04 1.709003672061950783e+04 1.929377987573386054e+04 2.484390397032262990e+04 5.151759477332240203e+04 4.470772860746376682e+04 -1.012065717950474937e+04 -7.476957488106680103e+03 2.054264155973211746e+04 -2.855337809887714684e+03 -6.522660866728963447e+04 -6.574308626644761534e+04 -5.722929039387995726e+04 -1.446426565304861579e+05 -2.607857134932412300e+05 -3.958008180500486633e+05 -5.594952141219986370e+05 -8.410450124129398027e+05 -1.141597663976138225e+06 -1.242084842010514112e+06 -1.235865311340288259e+06
1.432463134458522545e+05 2.291475875244935742e+04 -3.617481598514132202e+04 -7.439070553518831730e+03 -5.313161881640553474e+03 -3.324454080546268960e+04 -3.655727708712220192e+04 -3.011880186269985279e+04 -3.540946616674767574e+04 -6.911271071003281395e+04 -1.164216154126917245e+05 -1.195761694130488904e+05 -1.206251329812220938e+05 -1.811404544656397193e+05 -2.386752615321892372e+05 -2.848246036563070957e+05 -3.187306799629006418e+05 -3.547439323016441194e+05 -4.057355664105851320e+05 -4.371871094050582033e+05 -4.117358787148254924e+05 -4.019053523102775216e+05 -4.283946565852975473e+05 -3.751688574737636372e+05 -3.194613229139943141e+05 -3.460756680119079538e+05 -3.429562087584054098e+05 -2.839499223226453178e+05 -2.572409999155201949e+05 -2.617561309348093346e+05 -2.585976535448567010e+05 -2.805847941996771842e+05 -2.803302152897245251e+05 -2.012283755978574045e+05 -2.000876667682318948e+05 -2.531965021259379573e+05 -1.946661197941284627e+05 -1.610166212735930458e+05 -1.959017585992109962e+05 -1.395947308337781578e+05 -4.585499605804169551e+04 6.487684267339762300e+03 1.125636313721765764e+05 2.547242767212456092e+05 4.507673380535556935e+05 7.771344555623340420e+05 1.054315587113380898e+06 1.171106402785513550e+06 1.229641035634534433e+06
-6.284512561978772283e+02 -6.411184830300044268e+04 -9.477241528162267059e+04 -6.563280577771354001e+04 -3.421563980751670897e+04 -6.235471857362426817e+04 -9.479483196861098986e+04 -5.919556621054653078e+04 -3.535056500462803524e+04 -4.042825825163163245e+04 -3.044364591478370130e+04 -3.354944639257143717e+04 2.318256668862886727e+04 7.757497388636693358e+04 7.706600810168311000e+04 1.455709515127821360e+05 1.977034047956113936e+05 1.898250364337582141e+05 2.242509423050796031e+05 2.784091863583306549e+05 2.745530572434649803e+05 2.259713800658935506e+05 1.697812769800660608e+05 1.651254095183683676e+05 1.915734652505488484e+05 1.348356783966302755e+05 7.966028389579150826e+04 8.093332740943890531e+04 4.930404351500340272e+04 1.530965538811875740e+04 4.620763683691603364e+04 5.142358275537833106e+04 -6.480317803215992171e+03 -1.311720980098482687e+04 1.498744396027183393e+04 1.710329468012781581e+04 -9.244192597107146867e+03 -3.324874297250073869e+04 -1.331722840375738451e+04 -1.421686261950526386e+04 -3.286750614992348710e+04 -7.314246745663927868e+03 1.510537288791959872e+04 -1.088203770166751929e+04 -3.663830501784104854e+04 -4.243040784436732065e+04 -1.298845124489138834e+04 5.202202874352154322e+04 1.141580735670857830e+05
1.442609188269124134e+05 2.196474392141681165e+04 -6.734189315873663872e+04 -3.793832798080984503e+04 2.321557507733814418e+04 -3.448000166623381665e+04 -6.769262654415791621e+04 -2.490883613936544862e+03 -7.335313680232444312e+03 -4.171851788589265198e+04 -2.780376860755437519e+03 -5.981070278794388287e+03 -3.584606812510173768e+04 -9.916909023304469883e+03 1.845213924592826515e+04 2.940992153307888657e+04 -4.783077809261041693e+03 -4.177744367974810302e+04 -6.968186129233799875e+03 4.830136876902543008e+04 4.467317053757136455e+04 -4.573300550109823234e+03 -3.044140320853330195e+03 5.068166972720052581e+04 7.743981935142067960e+04 4.882211217831366230e+04 2.220250564569135895e+04 5.275274747633381048e+04 7.856779293331777444e+04 7.337906287517395685e+04 7.556303228775499156e+04 8.064057333627730259e+04 8.030369193758846086e+04 4.476293871353859140e+04 7.267876138037559576e+04 1.324884406838099821e+05 7.749674123187988880e+04 8.215821752499339345e+04 1.017858279572102474e+05 7.182047348062023229e+04 1.110680231772134721e+05 1.370605561055711587e+05 1.016479184193301189e+05 7.521602883294707863e+04 7.827978064713557251e+04 7.239890107011870714e+04 1.017436261021071114e+05 1.094334147265182692e+05 5.669289441546238959e+04
1.157910992094548419e+05 5.075242573337163776e+04 -1.073147782066365471e+04 -4.027450353081803769e+04 -6.845853987615555525e+03 2.338918009598279605e+04 1.825918032787740231e+04 -4.240018115960992873e+03 -3.839708756713662297e+04 -1.410163918917533010e+04 -4.729516234947426710e+03 -8.068347848020552192e+03 -8.478726745815947652e+03 -4.151805841538589448e+04 -1.310782207525335252e+04 -2.358691167901328299e+03 -3.683416527812363347e+04 -4.520970877376382123e+04 -3.981055298179850797e+04 -4.204286552616395056e+04 -1.571588859544135630e+04 -7.313710656017152360e+03 -6.520863525103789289e+04 -6.908338403445681615e+04 -4.162103180307892035e+04 -4.207320988993158971e+04 -3.933409179735459475e+04 -3.716559765976860217e+04 -4.106987930310420779e+04 -7.564792670193138474e+04 -7.336771043890633155e+04 -8.908531103515731957e+03 -8.615143984206850291e+03 -4.462465611926741985e+04 -4.676369317981877975e+04 -1.554887601349048782e+04 -1.067390560754585022e+04 -3.544485558872116962e+04 1.324564863811225223e+04 1.214648837514682964e+04 -3.564342830039096589e+04 2.186893684731287067e+04 4.451598989486217033e+04 -1.274973642721331271e+04 -8.826143003534802119e+03 4.467782673716999125e+04 7.407752148690650938e+04 8.167781708878438803e+04 8.703774486551826703e+04
1.159289357782108273e+05 5.029123023676220328e+04 -1.193666594510430878e+04 -1.154324706527403032e+04 -7.503036372363567352e+03 -3.745418004924430716e+04 -1.289473964832723141e+04 -5.251816283562278841e+03 -3.941191990859805082e+04 -4.509372387081381748e+04 -3.590194843767679413e+04 -3.922883379855193198e+04 -9.206513859098777175e+03 1.791903154749888927e+04 -1.402853542705997825e+04 -3.357385400799103081e+04 -7.679253872483997839e+03 -1.617894367955156486e+04 -1.086279672337695956e+04 1.742702432384245913e+04 -1.626526024716434767e+04 2.212733699008848635e+04 5.428343750885696500e+04 2.040398425189781119e+04 4.808154126687451208e+04 4.727123442804452498e+04 1.993398026621433382e+04 2.229762956616473093e+04 4.822928436740754842e+04 7.369480992085298931e+04 4.577271932561427093e+04 5.038239544490389380e+04 5.081560055667102279e+04 4.468992630310809909e+04 7.215804117673540895e+04 7.327039584866721998e+04 7.872639831504784524e+04 2.356190642865846166e+04 1.210982311633392237e+04 1.011227615835375327e+05 8.313725399901121273e+04 -8.735559716587595176e+03 1.397291007975576213e+04 7.608275925915240077e+04 5.023321758082637098e+04 4.429209936177346390e+04 4.373322136350889923e+04 -8.692168905981292482e+03 -6.318623856583097950e+04
8.561451439571098308e+04 8.055771201790779014e+04 4.841700932651292533e+04 1.842380638176109642e+04 5.308457144943531603e+04 8.374326433229725808e+04 4.738181169668678194e+04 2.471954522246963461e+04 8.179780094360459771e+04 1.064557587244780443e+05 2.427325781842216384e+04 2.092106827010855341e+04 8.159996014554050635e+04 7.849800577154380153e+04 7.660863656143189291e+04 2.638063149119251466e+04 2.215352866158344841e+04 7.434268429758957063e+04 4.917326586146373302e+04 4.738526046683543245e+04 7.427307526755600702e+04 5.192228121974025271e+04 2.354038071236578980e+04 1.997847019112668931e+04 1.742745729163289070e+04 4.676129575469513657e+04 8.006935688783414662e+04 2.177520153054507682e+04 -1.303894167300325353e+04 4.315990105911635328e+04 1.500432898232265143e+04 -1.085821115644625388e+04 5.045712992898200173e+04 4.447361251164705027e+04 -1.923945372982422123e+04 -1.829280139936617343e+04 4.845129926688980777e+04 5.351967331022035796e+04 -1.906993460841459455e+04 -2.030730071885039797e+04 5.283705648267676588e+04 5.140506826050154632e+04 1.352798056905157864e+04 1.544029076583689312e+04 1.990009887551428983e+04 4.427028263744420838e+04 4.348098679329256993e+04 -9.508564215502236038e+03 -6.443856933677964844e+04
-5.914044755627328414e+03 -7.199000892636833305e+04 -7.371911811467725784e+04 -1.224081442458552192e+04 -7.905012191040441394e+03 -7.710219880682445364e+03 -1.382298390846699476e+04 -6.707237931317658513e+04 -4.018806446809333283e+04 1.508240972238126778e+04 -6.458373793284474232e+03 -4.034287037735339982e+04 -9.906391520053146451e+03 1.755013278452678787e+04 -1.495096721046138009e+04 -3.491644745052327198e+04 -8.514159607584639161e+03 1.334660929394885352e+04 -1.194864399032666915e+04 -1.362048790324478796e+04 4.391578658949569217e+04 5.190979061706444190e+04 -7.033308641985071517e+03 1.998093276808477094e+04 4.791962424467768142e+04 1.626276593888177740e+04 4.971760402724625601e+04 5.227900434168995707e+04 1.729268554132433201e+04 4.323491169023340626e+04 7.592773921671319113e+04 4.993224742996954592e+04 5.052448356174875516e+04 7.503442714747501304e+04 7.193213905557061662e+04 4.235152770474099088e+04 4.851547968981339363e+04 8.402809131948760478e+04 7.198366433847695589e+04 7.070560112944786670e+04 8.323193195974460104e+04 8.184084533597365953e+04 4.382599025440856349e+04 4.568491680198383983e+04 8.059904263704107143e+04 7.462889648450049572e+04 4.336808438820275478e+04 -9.787555450456566177e+03 -6.484801196551346220e+04
-8.428963633487001061e+03 -7.543813547003085841e+04 -1.082212255988269462e+05 -1.076370210520690307e+05 -7.136182791786268353e+04 -4.013127535523375263e+04 -7.833696839166805148e+04 -7.005266123393084854e+04 -4.178552651370409876e+04 -4.776550071197561920e+04 -3.914087399840354919e+04 -1.124520402459893376e+04 -1.105230115063022822e+04 -4.517260235559660941e+04 1.476334459555801004e+04 2.514707668859034311e+04 -4.081672708445694298e+04 1.257995008316356689e+04 4.883538476482499391e+04 1.654379601823166013e+04 1.307066135166666936e+04 5.179719647334434558e+04 5.412575743917853106e+04 1.991995475778821856e+04 4.827356423251336673e+04 7.761936512368259719e+04 8.080117062025232008e+04 2.162515262549283216e+04 1.666362866933899932e+04 1.054702119436115609e+05 7.667047546769049950e+04 4.985144030652043875e+04 8.173911688732940820e+04 4.508632258162851213e+04 4.133976351527977386e+04 4.182398303295497317e+04 4.901535363926099672e+04 8.515054846764558170e+04 7.228179127851036901e+04 7.097577328851893253e+04 2.228217172902030870e+04 2.129453251312906286e+04 7.522170892392730457e+04 4.602646425890256069e+04 2.005940523522443982e+04 1.408742109022565273e+04 1.290092269424354890e+04 -1.027282472117753787e+04 -6.603930041310336674e+04
-2.667295222642133012e+05 -7.911269617674406618e+04 1.532948059902986279e+04 -1.593980289588222513e+04 2.174298904719762504e+04 5.344301472650840878e+04 -1.848317130585198174e+04 -9.823778310092078755e+03 1.992763361078692833e+04 -1.826087720401116530e+04 2.173147507826812216e+04 5.042351911659367033e+04 -1.307153555389959365e+04 1.599440735182724893e+04 4.501061385672073811e+04 2.308675192936789244e+04 1.992480848915877868e+04 1.072175074485130608e+04 1.567852885171305388e+04 1.515047028195112944e+04 1.160985884547693422e+04 1.870192896923981607e+04 2.135274527943698922e+04 1.875144745106810296e+04 4.766387939453133731e+04 4.518818310869405104e+04 -1.496341453108483984e+04 -1.158597915084102715e+04 4.658661483903403132e+04 4.265484581468610122e+04 -1.878236310207270435e+04 -1.489206109603373625e+04 5.004155104106762883e+04 4.491805807978395023e+04 -2.336539365409420861e+04 -2.355847031751195027e+04 1.701503808959390153e+04 2.234342130424924108e+04 8.337811722885860945e+03 -2.466008830408093127e+04 -4.237013831792867859e+04 -4.268253751622982963e+04 -8.267972461588191800e+04 -1.127898585359800054e+05 -1.070505164057251241e+05 -1.446220208780137764e+05 -2.727805731148704654e+05 -4.547461768466718495e+05 -6.382225906994333491e+05
-4.419209291459991073e+04 -4.810074050677940249e+04 -1.726153650321067107e+04 4.784153299755417538e+04 2.158602049457840621e+04 -1.096572460257449711e+04 1.284475308493710327e+04 -1.059406825341289368e+04 -1.251393963233572867e+04 -1.886266303248702752e+04 -1.102117491653181787e+04 1.796951409894974495e+04 1.840088193654081988e+04 1.557823656010440754e+04 -1.974179362179710733e+04 -4.209041497786530090e+04 -1.284809060627601139e+04 1.005588248372077942e+04 -1.724155225441790390e+04 -4.974023353541268443e+04 -2.110599362873476275e+04 1.798223758465611536e+04 -1.143623285577634488e+04 -4.603179970057679020e+04 -1.688952076598056738e+04 1.256336976774037612e+04 -1.586333345738251228e+04 -4.449598354287452821e+04 -5.022909948020237789e+04 -5.398162319906984339e+04 -5.167462632409292564e+04 -4.788396261516032973e+04 -7.856529998243803857e+04 -8.340603962889881223e+04 -5.615272072260265122e+04 -1.207108573487490648e+05 -1.434188793704377604e+05 -1.057722606905737775e+05 -1.520286445633971598e+05 -2.170999356557143619e+05 -2.345188577484807465e+05 -2.023097879067070317e+05 -2.423145611240755534e+05 -3.362877317710088100e+05 -3.617461647558964323e+05 -3.669585586083109956e+05 -3.041207115678114351e+05 -1.999621185375144705e+05 -1.293556570616746321e+05
-8.031159546342676913e+04 -1.796579861431381869e+04 4.659791065030728350e+04 4.738698513014239870e+04 -1.183181926840916276e+04 -1.240096319466830028e+04 1.122114871744997799e+04 -1.256475277943542096e+04 1.912625793484028691e+04 4.547286547138354217e+04 -1.293994795298211102e+04 -1.604787223390310828e+04 1.739716171286999452e+04 1.469790677074342238e+04 -2.165152770467101800e+04 -1.211486203363157983e+04 1.823792678653264738e+04 -2.414658288005738723e+04 -1.929852361558003759e+04 1.380197423743083345e+04 -2.274443463305931800e+04 -4.919291643076572655e+04 -4.611685704207056551e+04 -4.809063191642051243e+04 -5.136449667625129223e+04 -5.463392554782328807e+04 -5.052432907395991788e+04 -7.947603533859379240e+04 -1.184491228219120967e+05 -1.218600862252060033e+05 -1.522722659981807519e+05 -1.814804478699809988e+05 -1.796613214490942773e+05 -2.166120589885392692e+05 -2.873923951748294057e+05 -3.207176310534122167e+05 -3.098708609875756083e+05 -3.365050628036267590e+05 -4.162440753472035285e+05 -4.491051482316094916e+05 -4.332192053052138072e+05 -3.993151759647307917e+05 -3.417083885835008696e+05 -2.742242461931891739e+05 -1.696723000518982299e+05 -7.772296230657957494e+04 1.778663126169750467e+04 1.554936442221500911e+05 2.918679492478212342e+05
1.507522917655297788e+05 1.520733343204483390e+04 -8.519913679338048678e+04 -8.449921729275968391e+04 -7.793881511432118714e+04 -1.449382073350715218e+05 -1.214923204504884779e+05 -7.930214018560957629e+04 -1.134138981404248625e+05 -1.200943927606567158e+05 -1.461967188061681809e+05 -1.161583736795003060e+05 -8.245166050386615098e+04 -1.514367986156138941e+05 -1.550767241581342532e+05 -1.125404854177031957e+05 -1.148717288067564805e+05 -9.129055845667605172e+04 -8.643064378411506186e+04 -1.191049042192752968e+05 -8.964977668016213283e+04 -5.025051194126714836e+04 -8.015667583211339661e+04 -8.193358031567194848e+04 -1.903971285209979396e+04 -2.250332050491106929e+04 -5.136473490740166744e+04 -4.736080336035240907e+04 -2.060164580703724641e+04 4.217628072947281180e+04 4.444784221472236095e+04 -1.836605609278223710e+04 -1.666462747612997191e+04 4.520473977085191291e+04 7.237604288966389140e+04 3.806115010287624318e+04 1.573833361151628196e+04 5.416700492263780325e+04 7.167775581823667744e+04 3.752923702471877914e+04 5.243044179864268517e+04 8.563052805955540680e+04 1.083956779912111233e+04 -5.377165849902670016e+04 -8.020322298165397660e+04 -2.507057125971180212e+05 -4.499303078686365625e+05 -4.742760436469682609e+05 -4.012200777418822981e+05
1.166947088495361968e+05 4.684234163141803583e+04 4.593585210735903820e+04 8.036438647774042329e+04 5.387156076263636351e+04 1.955326366820378462e+04 4.303725712583400309e+04 1.195085557398853125e+05 1.190993895998691733e+05 7.886589915025973460e+04 8.567955673788677086e+04 8.272666344302712241e+04 8.339987991494123708e+04 8.083368805120696197e+04 7.703722724923861097e+04 1.197517605824397615e+05 1.176632374466864130e+05 4.090704104397443007e+04 4.571593868546187878e+04 4.644491684972308576e+04 9.086927651660545962e+03 1.500579906045462121e+04 -4.869964250014172285e+04 -1.173246945394202776e+05 -1.878764199535364751e+05 -3.926492637232870329e+05 -6.559480480570349609e+05 -9.190600007947086124e+05 -1.091734308241865830e+06 -1.026134242409606464e+06 -7.876193346362563316e+05 -5.819771292456430383e+05 -3.783638761588400230e+05 -1.811083553719799966e+05 -8.655682274373248219e+04 1.207113867392763495e+04 8.974811921943910420e+04 1.613855995156341232e+05 2.448371159727685153e+05 2.762692872993638739e+05 3.566602633404559456e+05 4.222127708222256042e+05 4.452261979877934791e+05 5.113296685833495576e+05 5.824902466021017171e+05 7.067432441050168127e+05 8.348022412101291120e+05 8.747277793462830596e+05 8.809254047192921862e+05
-2.220005785604007251e+05 -1.567345656664110720e+05 -1.236918219411745522e+05 -8.894667021348136768e+04 -8.167130862944759429e+04 -1.164409848581998958e+05 -1.268985854519996501e+05 -1.512454339058605838e+05 -1.512193821230904432e+05 -1.579116631136275246e+05 -1.512906227644998580e+05 -1.540339725860393373e+05 -2.208832198160233675e+05 -2.231967728782909689e+05 -2.268553720565977274e+05 -2.513849036907778354e+05 -2.191126003174579237e+05 -2.284635002049617469e+05 -2.907964503671971615e+05 -2.556407307507467922e+05 -1.914952214306686074e+05 -2.189749604894316290e+05 -1.813833702425477095e+05 -1.149918644106944557e+05 -1.740415595355397090e+04 1.805794167355629615e+05 4.199846828286538366e+05 7.592284708854290657e+05 9.529454427992457058e+05 8.815054372267324943e+05 6.816942267387643224e+05 4.159512976917899214e+05 2.498206084838614042e+05 1.787998336611782142e+05 1.053742986381983501e+05 1.035832029907030519e+05 8.145720075466646813e+04 1.982517997385008493e+04 3.733207615558046382e+04 3.624154204153449973e+04 1.794469334650784731e+04 -1.506897484068718040e+04 -2.416452684323291760e+04 4.395296711474691983e+04 5.063858155976084527e+04 1.086941502988338470e+04 8.385061334120226093e+03 -1.686266679316700902e+04 -7.668673199135717005e+04
-5.391478831530548632e+04 -5.609719471423886716e+04 -9.105945072136813542e+04 -9.022978896624402842e+04 -4.857175481505692005e+04 -8.387793359695933759e+04 -9.483001700486050686e+04 -5.104172710911370814e+04 -5.067544860532513121e+04 -2.330787273356691003e+04 -1.711438906611880520e+04 -5.414691389887596597e+04 1.508473123307339847e+04 1.266209315159358084e+04 -2.571467959089201759e+04 1.730187555775046349e+04 1.569550672546026180e+04 4.010228173923678696e+04 4.491304987110197544e+04 4.619915589573793113e+04 7.643830514280119678e+04 4.752845032257010462e+04 5.118759133853029925e+04 8.429740403662435710e+04 4.612272734055278124e+04 4.176051023416203680e+04 8.083251359639700968e+04 5.088070845697086770e+04 4.380434842663793825e+04 7.511791754863213282e+04 4.308513172436505556e+04 1.150539907743223011e+04 1.341522465925675351e+04 1.017297560814768076e+04 3.281303126132115722e+03 3.509959158021933399e+04 1.321492269868007861e+04 -4.986629694933083374e+04 -3.224311555386532564e+04 -3.317306728218682110e+04 -1.764742345549131278e+04 -1.690299029345589224e+04 -9.466577564715384506e+04 -9.361641546129231574e+04 -5.227142565650877077e+04 -5.857980396016483428e+04 -6.118989558308391133e+04 -5.268180943210603436e+04 -4.524793302523763850e+04
8.180048174108355306e+04 8.006076322053559124e+04 7.956026747822749894e+04 4.593723729136399925e+04 -1.543175277416594326e+04 1.806086883065290749e+04 4.138910078560002148e+04 1.657169828074984252e+04 5.196367580210790038e+04 1.052087532356381416e+04 -1.806173536693677306e+04 4.841947291162790498e+04 8.374097476946184179e+04 4.686263166950084269e+04 8.130425238050520420e+03 5.128476771758880932e+04 4.989844179246586282e+04 4.000503439805464586e+04 4.485517259803594789e+04 1.183355673449113965e+04 7.675166596309252782e+04 8.195049988687940640e+04 1.672880959929898381e+04 5.021622244501471869e+04 8.070032395888114115e+04 4.174794048653001664e+04 4.667021907283941982e+04 8.552367330645228503e+04 4.390537887229598709e+04 4.103003899101182469e+04 7.771889294148419867e+04 8.031324859941394243e+04 8.224436587654086179e+04 7.912755527417174017e+04 7.211928243748840760e+04 1.039182324823921226e+05 1.164431033853905683e+05 8.744792884681391297e+04 1.050546000432221626e+05 1.041139384254344623e+05 1.196192150178836309e+05 1.546931905753447791e+05 1.109368618682490196e+05 1.118678862077655504e+05 1.876186246797443600e+05 1.468516132247163914e+05 7.543613492161978502e+04 1.525816328974888893e+05 2.973509584076208994e+05
4.544558549881904037e+04 1.150313910830300592e+05 1.501277558563742496e+05 1.158342296711634554e+05 8.877754243207164109e+04 1.227721850830129988e+05 1.107085363147779717e+05 8.535022335359835415e+04 1.223786348931026005e+05 8.002818280132484506e+04 5.003045691642921884e+04 1.182760569558012648e+05 1.190382685174699291e+05 8.158612985745997867e+04 4.176342266844579717e+04 4.986118543194630183e+04 8.429844897473230958e+04 3.890408243867568672e+04 4.379225729033350945e+04 8.123196628526784480e+04 4.148148984299052972e+04 1.061449822620500345e+04 1.476211512228474021e+04 1.423435632372263353e+04 9.777704878943040967e+03 4.757777979830279946e+03 4.555732689332240261e+04 5.013251557364140172e+04 -2.822017515078186989e+04 -6.611128298100072425e+04 -2.851177902193751652e+04 8.980054847197607160e+03 -2.435377557878370862e+04 -2.654702444560837466e+04 1.192842675372958183e+03 -7.303845723159587942e+04 -9.476575573440617882e+04 -1.863862428115680814e+04 -6.186967226677807048e+02 -3.661271419725369196e+04 -9.155250116600695765e+04 -9.053710827254730975e+04 -6.466126775951107265e+04 -6.375085202744236449e+04 -2.087215831154061016e+04 -2.728219453827466350e+04 -1.358945228368983371e+05 -1.975013380707237229e+05 -1.896193630224983208e+05
-6.267073351424187422e+04 -6.312953481916338205e+04 -2.736685261363163590e+04 4.514275542693224270e+04 1.778518632869236171e+04 -5.535639158217236400e+04 3.604053354356437922e+03 4.941042517544701695e+04 -1.992966277990478557e+04 -6.295897622127085924e+04 -2.234925993136130273e+04 1.128670465899631381e+04 1.198091927799396217e+04 -2.592653876054100692e+04 -6.647900587529869517e+04 -2.289930745377193671e+04 1.242032773909159005e+04 2.287644495954737067e+03 -6.455643344088457525e+04 -6.207403859007172287e+04 5.085110403597413097e+03 -2.675738866440963466e+04 -5.823313641012652079e+04 -5.843961454811505973e+04 -2.726446974091214361e+04 3.379426611354516353e+03 -2.674675834481610218e+04 -5.794462451129232068e+04 -2.984349800972279627e+04 -3.211912035476427991e+04 -6.573405430652198265e+04 -2.796021120506312582e+04 -2.584726111614136607e+04 -6.336224820581264794e+04 -3.535926979733616463e+04 -7.512040931149353855e+04 -9.681042598211178847e+04 1.610705775208775594e+04 -1.395830129040055908e+03 -1.093032500660043879e+05 -5.768234346178303531e+04 -2.073627491947232556e+04 -6.602668429142778041e+04 -2.935959395719660461e+04 -2.160314445150990286e+04 -6.377912334515695693e+04 -6.641902819625109260e+04 -5.722810649429439218e+04 -4.924849362927390030e+04
1.153156591148581356e+05 4.294903794885612297e+04 6.948701416840776801e+03 4.417276518535801733e+04 5.290434569469653070e+04 -2.127844035974703729e+04 1.897584323305636644e+03 8.459182615857577184e+04 1.493614357779751299e+04 7.754249236313597066e+03 8.475091093801899115e+04 1.014317128923739074e+04 -2.548976975027471781e+04 4.525261137750931084e+04 4.051457527093589306e+04 1.162632693653000752e+04 1.137837151531130075e+04 1.216984406346455216e+03 4.256766330217942595e+04 4.538275858038105071e+04 4.259421945316775236e+03 7.964716702699661255e+03 -2.372147486545151332e+04 -2.368029749486607034e+04 4.400355524267081637e+04 3.857728123897698242e+04 -2.803145298268657643e+04 -5.959863675874669570e+04 5.079484926536388230e+03 3.926661262055847328e+04 -3.109116821200569393e+04 -2.942840436357044382e+04 8.965666107833443675e+03 7.749610575847327709e+03 -3.661820609238944598e+04 -4.099349890253524063e+04 9.785308297723589931e+03 1.509336086455732584e+04 -2.593348224181681871e+03 -3.915475311223405879e+04 -2.344475641963043017e+04 5.011734194122234476e+04 4.054070154088540585e+04 -3.111321271280787187e+04 -2.329861774691412575e+04 6.417516438523307443e+03 -3.243372470489738043e+04 -5.926199825014913222e+04 -5.117464103270194028e+04
-3.223197917989452835e+05 -1.029213199322111905e+05 6.884437999688088894e+03 -2.875228788587264717e+04 -5.648400095640681684e+04 -2.168554678442887962e+04 1.443141069030389190e+03 -6.156972133903781651e+04 -5.835336490301438607e+04 -6.565438873250968754e+04 -1.712361488235184806e+05 -2.097403311461677076e+05 -2.822864065563770710e+05 -2.841245059831998078e+05 -1.791939696960616275e+05 -1.353345831483603106e+05 -9.880685567390185315e+04 -3.581675554509274662e+04 5.846751880599185824e+03 -2.768369428697039257e+04 -3.255423349561175564e+04 4.408256021677530953e+04 8.537200545426472672e+04 4.900939018349177786e+04 -2.908527487074042438e+04 -3.454532909556303639e+04 4.465422134613632807e+04 8.591888401308112952e+04 4.141192371491360245e+04 2.871809063944980153e+03 5.146099089179188013e+03 6.735346849309324170e+03 8.844438220839976566e+03 4.426609831280059007e+04 3.610901940613964689e+04 -4.878438224550351151e+03 4.616675096447597753e+04 1.506838814471850492e+04 -3.906738801393666654e+04 3.348127002478568465e+04 4.916126189753395738e+04 1.386661673779604826e+04 4.065452585462469142e+04 4.142824444221313752e+04 1.290663952240721119e+04 4.270664297044266277e+04 4.003651530016194010e+04 -2.320057051605483866e+04 -8.772755931713554310e+04
7.818426199955859920e+04 7.879180553136387607e+04 7.926051516085857293e+04 4.361364456126460573e+04 -2.067430028226226568e+04 1.427196535631082952e+04 7.407753395498724421e+04 4.765205131028778851e+04 5.098981827730312943e+04 1.169700139539781667e+05 1.942750078707469220e+05 2.290185751416721614e+05 2.662721911759580253e+05 3.010746116889639525e+05 2.231315410125534399e+05 1.206150417588651180e+05 8.396004309644928435e+04 7.377847068477421999e+04 4.225557277328334749e+04 -2.793861969723366201e+04 3.724458359647484031e+03 4.378295517410140019e+04 -2.466393734910531202e+04 1.212747274083050434e+04 6.994109124643437099e+03 -3.515356729622016428e+04 4.425140548381040571e+04 1.239673351286916295e+04 -6.885766200721258065e+04 -3.427357966662361287e+04 4.572285899193899240e+03 6.061377637088298798e+03 8.130333423614618368e+03 -2.934481885051343124e+04 -7.415637147263623774e+04 -4.224922040128166554e+04 -2.750150514533754904e+04 -5.879529502708470682e+04 -7.651816688128741225e+04 -7.669342744513391517e+04 -6.100990648497836082e+04 -9.637560603441650164e+04 -6.936563867726342869e+04 -3.200771016301622149e+04 -1.335638998402278521e+05 -1.399865079531442316e+05 -6.949858366046108131e+04 -1.328794544551040453e+05 -2.706083400745380204e+05
7.685740713495749515e+04 7.827874727081507444e+04 4.188507973449304700e+04 5.572801374364644289e+03 1.472139331046491861e+04 1.292751201312063495e+04 -1.027318115811794996e+03 -2.802045796648605028e+04 -2.389509728294803062e+04 4.326518930844031274e+04 4.681531387264828663e+04 -2.911309310235077282e+04 -2.852903690654784441e+04 7.066599819809198380e+03 -3.495943683199584484e+04 -2.812451258185307961e+04 4.660393129452125868e+04 -7.494488079100847244e+02 -6.986428035306744277e+04 7.952525931177660823e+03 3.994427295285277069e+04 -3.135729604633542476e+04 -2.625963525031699101e+04 1.143763356027193367e+04 6.028521588304953184e+03 3.801722708158195019e+02 -3.014834393979993183e+04 1.177510478300973773e+04 4.074821964721212862e+04 1.838639765046536922e+03 4.118753524031472625e+04 4.245069349533854984e+04 4.448503335588608752e+04 4.415458704228530405e+04 3.571832399233253091e+04 1.046151175384873350e+05 8.261545740650004882e+04 5.073141160071836202e+04 1.068849066959226911e+05 1.437664063356347033e+05 1.221894185245036351e+05 8.623468674370105145e+04 1.505163249478205689e+05 1.511546976899259316e+05 8.511360692209578701e+04 1.523283641750454553e+05 1.497055608581282431e+05 1.165555292274919339e+04 -1.278241734392936341e+05
1.134792868513612775e+05 4.028234547935414594e+04 -3.384572686627507210e+04 -3.296978324768133461e+04 5.155809242161922157e+04 8.730726678273640573e+04 3.545135571155697107e+04 4.569346667034563143e+04 8.790399005170923192e+04 4.308273984468530398e+04 4.627526988508191425e+04 8.251680723507900257e+04 4.548351211822591722e+04 4.397713000420480967e+04 1.141890044359024614e+05 1.207339237944688648e+05 1.212629263137932285e+05 1.110474798339418485e+05 4.129897529957816005e+04 8.248595976503560087e+04 1.520947566791434656e+05 1.172545772220471699e+05 1.224520193377977703e+05 1.231142215442379238e+05 7.994131855200970313e+04 1.116272848169317440e+05 1.558339359844103456e+05 1.231000748870430980e+05 7.733371311682273517e+04 1.130696795834229997e+05 1.152829614200164506e+05 1.162628172582486295e+05 1.182359137095052283e+05 8.085191791295068106e+04 1.096886928763706819e+05 1.041067106835544691e+05 8.191510846256284276e+04 8.697240981855452992e+04 6.909799120854586363e+04 6.918231487856223248e+04 4.705143517698138021e+04 4.807455110014392994e+04 1.132860307814549888e+05 7.652073223958676681e+04 9.721370533807203174e+03 4.047970410436380189e+04 7.539092589169752318e+04 8.527681791223550681e+04 9.355185784399369732e+04
3.035009848559275270e+05 1.545710582099856110e+05 4.230422377120703459e+04 5.225155553780728951e+03 1.450806871987879276e+04 1.248580998042598367e+04 -2.144298444036394358e+03 7.951832026010379195e+03 -2.504402726190164685e+04 -3.243466651067137718e+04 8.217979274922981858e+03 6.982977021252736449e+03 7.292825641343370080e+03 -3.212151145329698920e+04 -7.511901929741725326e+04 -6.901589439483359456e+04 -3.032670549117051996e+04 -2.661031056195497513e+03 -3.528337574680324178e+04 -3.131618694984342437e+04 -3.707279891706968192e+04 -1.109203122253530892e+05 -6.748817799612891395e+04 9.398799381451564841e+03 -7.269395852810726501e+04 -1.166187649988570483e+05 -3.350710893399058841e+04 -2.881961987470288295e+04 -1.132567797391673084e+05 -1.147574667481237557e+05 -3.650082879816205241e+04 -7.381361490697681438e+04 -1.099140331114182482e+05 -7.107925225747760851e+04 -7.977106229984207312e+04 -8.588017011177726090e+04 -1.082734512374736369e+05 -1.032693750725595164e+05 -8.298116796184325358e+04 -1.204889794229526597e+05 -1.054432758374603582e+05 -2.845190733321977314e+04 -7.573311900719978439e+04 -1.508853930956686090e+05 -6.686643137130964897e+04 -3.541656080749807734e+04 -1.133149265276738442e+05 -1.029936206643474288e+05 -1.874740884406311670e+04
-1.557523046527057886e+05 5.239845253527309978e+02 7.862177578732368420e+04 4.102072796667923103e+04 5.053192849387414753e+04 4.851784439291807939e+04 3.362253122264517879e+04 8.211666487157352094e+04 1.103901851573046588e+04 3.745690739015110012e+03 8.281400615931494394e+04 4.356798780965628976e+04 4.385811536572872137e+04 4.259297412238082325e+04 3.765733313048258424e+04 8.190735370386397699e+04 4.462152723921474535e+04 -3.936125047039240599e+03 1.597128019202500582e+03 4.419529549195428262e+04 7.663136096321968944e+04 4.021488192141975742e+04 4.587078464217489818e+04 8.528583928244182607e+04 2.388328284723334946e+03 -3.512922392692766152e+03 8.046086002374079544e+04 4.680714914342400152e+04 3.837171282502799295e+04 3.699534159037267091e+04 8.953900006599724293e+02 3.972675104625558015e+04 7.987202808493783232e+04 4.272916571935650427e+04 3.393194635049463250e+04 2.748451921273965854e+04 4.840669890400138684e+03 4.797645910410222132e+04 3.027749093598697800e+04 3.077450261684122961e+04 4.551217155065364204e+04 8.170135217951727100e+03 3.703001272282551508e+04 3.760681301937415265e+04 7.394604672444984317e+03 3.900172444875340443e+04 3.692923525813943706e+04 -2.911857352126331534e+04 -9.715620696544507518e+04
7.212765661883167922e+04 7.638377974391917815e+04 3.933324570069095353e+04 7.993756607174873352e+02 4.947687473380938172e+04 4.734096282627433538e+04 -7.180392313748598099e+03 2.844605618156550918e+03 9.376824767095968127e+03 4.116005631629371783e+04 8.186124640749773243e+04 4.232338344794709701e+04 -3.584632332436740398e+04 -3.687137408298440278e+04 3.639332482242025435e+04 8.075541378697386244e+04 4.317036959459085483e+04 -4.523019366431981325e+04 -3.943831707583740354e+04 4.458044063067063689e+03 -1.966372710885363631e+03 3.830268055666255532e+04 4.437109978054655949e+04 -3.239373689284536522e+04 -3.920389312785095535e+04 -5.985235894331708550e+03 1.871932034846453462e+03 6.378349571023136377e+03 -4.118365429225360276e+04 -4.226196188246808015e+04 3.811899940017593326e+04 -8.843698992866557091e+02 -3.830670754192420281e+04 3.005752509925514460e+03 -4.490406115539389430e+04 -1.308356795110774692e+04 4.182789830840186914e+04 -3.163720615673816064e+04 -4.896671499707753537e+04 3.004507739795360249e+04 4.411494888947316213e+04 -3.314008952351252083e+04 -4.225980024551961105e+04 -2.683513400843308773e+03 5.347595035564212594e+03 3.772926570964034181e+04 3.611010633874661289e+04 -3.095776087138731964e+04 -1.004356436524528544e+05
7.138231379794888198e+04 7.597250579041428864e+04 7.811537528643381665e+04 7.859134774189442396e+04 4.902802691911347210e+04 4.690353494603183935e+04 7.057097690296359360e+04 4.132881319266743958e+04 4.813759991200634977e+04 8.012495045782992383e+04 8.155982073745696107e+04 8.124038456473505357e+04 4.191356582450680435e+04 4.097382918815122684e+04 7.535664974129752954e+04 4.116914268000982702e+04 8.209352879202913027e+04 1.112067385180853307e+05 3.849321671063080430e+04 4.342179271741770208e+04 3.684563631890364923e+04 3.780604374129348435e+04 8.327203422668401618e+04 4.548486081417661626e+04 3.850086005521030165e+04 7.192022492992680054e+04 4.059048019815224689e+04 5.698680835776031017e+03 -2.802396501647308469e+03 -3.833168301498400979e+03 -1.659303843043860979e+03 -4.105785804684308823e+04 -3.949058331549190916e+04 -3.695170753169793170e+04 -8.513031094800669234e+04 -9.260195671813562512e+04 -1.160124197369441390e+05 -1.114564028044698061e+05 -8.932179953088052571e+04 -1.274607183749317774e+05 -1.528441792330706376e+05 -1.520393954927569139e+05 -2.001751227804919472e+05 -1.602733180241189548e+05 -7.367311196052480955e+04 -1.584901908191382245e+05 -1.989612396957817837e+05 -1.094187924091243185e+05 -2.252787711447844049e+04
6.963317463872951339e+04 7.502344421343875001e+04 3.784851748729121755e+04 -1.483051914256066084e+03 4.790581168024800718e+04 4.575962722883562674e+04 2.994624336832201516e+04 3.987056482816110656e+04 7.575329695828288095e+03 4.004382375977000629e+04 8.071481850696731999e+04 4.101969307987030334e+04 1.154660778120160103e+03 4.004959631478412484e+04 3.524700279347597098e+04 3.466774488333783211e+02 2.245348254218711190e+03 3.181333898915908139e+04 7.752605967805717955e+04 4.306387041462583875e+04 -3.417037505423635594e+03 3.686574098654108820e+04 4.326592036057270889e+04 5.321084577590227127e+03 3.774848351487904438e+04 3.196529989480056975e+04 5.797296937089995481e+02 4.455132211907775491e+04 3.610197962494581589e+04 3.520834581344405888e+04 3.740554571035332629e+04 -2.459886849392234581e+03 3.863599873147901963e+04 4.161995766568009276e+04 -6.834560806164517999e+03 2.495926561066857539e+04 8.037785745924341609e+04 5.680353277130052447e+03 -1.132894787471776363e+04 6.900760973920096876e+04 4.293759068124904297e+04 4.350105799036077224e+04 3.457241754513222259e+04 -4.435805182438343763e+03 4.298457874916470610e+04 7.589082900201878510e+04 7.458414826309320051e+04 8.569746029330388410e+04 9.405681249918253161e+04
-1.316576288361103507e+05 -4.565286361146718264e+04 -4.286001472268253565e+04 -8.258689500740729272e+04 -3.281242201337590814e+04 -3.489006485091522336e+04 -5.080943026579916477e+04 -9.203660523053258657e+02 6.913345893845078535e+03 -1.781238289549946785e+02 -3.937037997646280564e+04 -3.910806983592920005e+04 6.324658379890024662e+02 1.207590685226023197e+01 3.525857707485544961e+04 -2.036928432108834386e+01 -3.781327858101576567e+04 3.199980672565277200e+04 3.820567503687913995e+04 3.725454142550006509e+03 3.666042893542873207e+04 7.698072995757684112e+04 3.871581753483042121e+03 5.700852457666420378e+03 1.178451804048382910e+05 1.120924607408235315e+05 4.088173334486759268e+04 4.517833299585618079e+04 1.162638880300800083e+05 1.551470085070467321e+05 1.175301982101520989e+05 1.171326465625321725e+05 1.582505913125356310e+05 1.612954266031737207e+05 1.920022238255478442e+05 1.840039990830701427e+05 1.997052927466576803e+05 2.039846132497772633e+05 1.869095885602289636e+05 2.276945096603588609e+05 2.409038448415235034e+05 2.808883156836966518e+05 2.322410197474521701e+05 1.929715021210729610e+05 2.403235832718205638e+05 1.940549320611166768e+05 1.927143239416189026e+05 2.433773480763186235e+05 2.516741237847558223e+05
6.701795310713347862e+04 7.376792756374925375e+04 7.683754033525472914e+04 3.651925853453573654e+04 5.863420971436426044e+03 4.405794830177909171e+04 6.822952991467897664e+04 3.751441917032930360e+04 4.583514678757631918e+04 3.871472413884472917e+04 -1.477479392196983099e+03 3.940814532106733532e+04 3.885649961768649518e+04 3.834505807375532459e+04 3.369195290142667363e+04 -2.614003863418416586e+03 4.008702785824419698e+04 3.009283207356929779e+04 -3.919127197004854679e+03 4.216367049026302993e+04 7.513178847497323295e+04 3.458344843238574686e+04 -3.937974596279679099e+04 2.993653755401843227e+03 7.590675446088419994e+04 -1.040813240106188459e+04 -4.199691739049716853e+04 4.273731912951922277e+04 7.472112465417006752e+04 3.375374441151489737e+04 -4.455115242162777577e+03 -5.194653458893299103e+03 -3.994420007802487817e+03 4.044720545876742108e+04 3.166581454570381902e+04 -1.722284405841497937e+04 3.879646812099986710e+04 4.286370868096133927e+04 -1.371296302881091833e+04 2.827517012949089985e+04 4.070595297962398035e+04 -3.954238824197056238e+04 -7.834471969399601221e+03 7.312536903540615458e+04 3.854346775922458619e+02 -6.130422241985797882e+03 7.371160544804309029e+04 4.913119437407120131e+03 -1.476651748467697762e+05
-3.423842832830267726e+05 -1.716582990612369031e+05 -4.593338703154586256e+04 -4.618533260188993881e+04 -7.737216816516593099e+04 -3.876787914778105915e+04 -5.518561516073529492e+04 -4.576032424927677494e+04 3.933398256776883500e+03 -4.390976771246640419e+04 -4.422727077035226102e+04 -2.558197301113992580e+03 -3.341637123376131058e+03 -4.449019032879731094e+04 -8.167750022839754820e+03 3.631365223322059319e+04 -1.924108813982456923e+03 2.900657990132457053e+04 -5.185739244334399700e+03 -3.999552707769906556e+04 3.384700937895092648e+04 3.323366671451348520e+04 -5.098319845274090767e+02 1.665790905244677560e+03 -6.519981106976076262e+03 2.890375462127829087e+04 3.801225310540743521e+04 1.004305257229134440e+03 -7.240872236434341175e+03 -7.654563413234398467e+03 3.522430728306042147e+04 3.422031075227976544e+04 -4.621677767951041460e+04 -4.141298211063275812e+04 3.136028716457088012e+04 2.240825665183379897e+04 -2.722396280150802340e+03 1.167913514655083418e+03 -1.458611698471941054e+04 -1.257221797597591649e+04 -4.136592919239816547e+04 -4.122622036840805958e+04 3.176946112536817964e+04 -8.334845226491554058e+03 -4.131387013127139653e+04 -7.068395819514975301e+03 -4.776335409493222687e+04 4.684881382853156538e+03 1.751355379575392581e+05
-1.682069323724124115e+04 1.548694839864037931e+05 2.403478518710471690e+05 1.992455456894822419e+05 1.680018401925917715e+05 1.659004741092210170e+05 1.904803643887862563e+05 1.998553695285229478e+05 1.270641251758208964e+05 1.200851078680716455e+05 1.605497605388518423e+05 1.205474898579998408e+05 1.196083235787227750e+05 1.193357389559969306e+05 7.382118567125871778e+04 1.182471298368184362e+05 7.980413212673785165e+04 2.885281058028340340e+04 1.177167048037517816e+05 1.238576204481068999e+05 3.354686591541441157e+04 3.247417969396361150e+04 8.071405778871849179e+04 4.174142732750624418e+04 3.310704946634406224e+04 6.898498638533102348e+04 3.709439896745607257e+04 -6.729398597963154316e+02 3.223828232614276931e+04 3.184254946070676669e+04 -7.323221627157181501e+03 -8.797801980981603265e+03 -4.934026286588003859e+04 -4.389929060009308159e+04 -1.136400162125937641e+04 -6.209311379818245769e+04 -1.293191351392308716e+05 -1.670825295522811357e+05 -2.233372202573807444e+05 -3.445434174884567037e+05 -4.572676736640292220e+05 -5.397107983753089793e+05 -5.885094887495490257e+05 -6.699495161720570177e+05 -7.442873964784679702e+05 -6.675717430806234479e+05 -5.018737927626353339e+05 -3.247401814837947022e+05 -1.520852825022244360e+05
-4.771566934627477895e+05 -3.849959355103783892e+05 -2.565391270513645140e+05 -1.743632902309763595e+05 -1.650142733426764607e+05 -8.413487605983397225e+04 -1.773588804644532502e+04 -8.753317239461437566e+03 4.261922076228068909e+04 3.580867927405051887e+04 -6.887623976217582822e+03 -5.398667459376185434e+03 -6.654048144118860364e+03 3.483896689373065601e+04 7.218346391920928727e+04 3.354746256605722010e+04 -4.998935193289129529e+03 2.685304178157821298e+04 7.539246016065590084e+04 4.034594610915519297e+04 -9.638811143813596573e+03 -1.111791074275970459e+04 3.785950665944261709e+04 4.025568435434275307e+04 -1.014457934419618687e+04 2.647380103124282323e+04 -5.357464270200871397e+03 -8.510548068326915381e+04 -5.158706228248792468e+04 -9.312614930677256780e+04 -3.397033032134632813e+05 -5.068145427643330768e+05 -5.471825250913408818e+05 -5.819982808420897927e+05 -3.827898289565918967e+05 -1.022616303875113372e+05 -4.553981151315406896e+04 4.066535316989768762e+04 2.326832488190844888e+05 3.589098542544514639e+05 4.515599627827770892e+05 4.920706834702295600e+05 6.075423139648030046e+05 7.723819763271621196e+05 7.789430823060700204e+05 6.483085376361833187e+05 5.247436191106685437e+05 5.367260255734412931e+05 6.268759405962089077e+05
4.382289068878162652e+05 3.648086284555029124e+05 2.444871503859758377e+05 3.577935187728097662e+04 -2.048539594351314008e+05 -4.573715167597401887e+05 -7.247863483044782188e+05 -1.008647084127879702e+06 -1.166187399309129454e+06 -1.048500778238521540e+06 -8.417521601112096105e+05 -6.733419871109076776e+05 -5.078457312635143753e+05 -3.408671009971293388e+05 -2.196899891283827601e+05 -1.751421712455340894e+05 -1.302345382643399062e+05 -9.799932415480725467e+04 -1.323747439915313153e+05 -8.402840337716031354e+04 -5.080986535758688115e+04 -9.391937197651714087e+04 -4.459239412331953645e+04 -3.943898761644959450e+02 -9.244608390145003796e+03 -1.392390083638019860e+04 -4.083400297677144408e+03 -8.151137572713196278e+02 7.432827474316558801e+04 1.987542858789674938e+05 3.251110620482354425e+05 5.306126696779413614e+05 6.965997580578575144e+05 6.192794933542611543e+05 4.032271241652774042e+05 2.689139839389827684e+05 1.595376305584792863e+05 1.213692982087380369e+05 1.067343096458353684e+05 -1.494177077314816415e+04 -4.692675204714061692e+03 7.768241457641136367e+04 2.857551179826259613e+04 2.893326194142038003e+04 3.613432031124876812e+04 -1.148880675202235579e+04 3.054805902764247730e+04 8.418776823324128054e+04 9.199089081841381267e+04
5.959731478709721705e+04 6.969272380694741150e+04 1.159950930171179352e+05 2.405146406742278486e+05 4.170056988461874425e+05 6.240028125117531745e+05 8.164897290221411968e+05 9.927430056885358645e+05 1.170706908614375163e+06 1.122889227268751245e+06 8.294161826663184911e+05 5.389722000202168711e+05 3.285293285211077891e+05 1.613264206168237142e+05 -5.221043514902656898e+04 -2.595329208357725292e+05 -4.664250965532846749e+05 -6.441996154154185206e+05 -7.632709414232519921e+05 -9.247514424053947441e+05 -9.759383804444207344e+05 -8.103809144045218127e+05 -5.509938584489291534e+05 -4.225547844159881352e+05 -3.478908983769356273e+05 -2.264202472171747359e+05 -1.743610933586022584e+05 -1.295363263867332134e+05 -5.339301058440483757e+04 -5.322637398145179031e+04 -9.300827232073061168e+04 -1.110179956653085537e+04 3.115248516085583833e+04 -4.562911379267444136e+04 -5.373716289410355967e+04 1.981699864729287219e+04 3.453519691014647833e+04 -4.137296726694330573e+03 -1.787686981377186021e+04 2.677140161744313082e+04 3.621943119214821490e+04 -6.122693192446633475e+03 2.827145325369192869e+04 -1.291818962199680391e+04 -5.933964735596266109e+03 7.127961879479681375e+04 3.088788399938473594e+04 4.344443389912977000e+04 1.343549614376375685e+05
9.991073038661840837e+04 2.669624621747067431e+04 -1.047565181739634136e+04 3.052860177005641162e+04 3.975509231910109520e+04 3.788352731964550912e+04 6.336147665861062706e+04 2.990787127753713867e+04 4.053491733735421440e+04 7.603871219092977117e+04 7.419789930339905550e+04 7.624833408161070838e+04 1.166525279975030280e+05 2.009456733765545650e+05 2.811643016187007306e+05 4.095024441776335589e+05 5.388201129669325892e+05 6.554531441128344741e+05 7.889451113122047391e+05 8.799448966176712420e+05 8.710751295508807525e+05 7.009091550484292675e+05 5.406789314653738402e+05 3.329576330410786904e+05 1.130819342553145252e+05 1.086701759381680749e+05 3.441964716534083709e+04 -1.315412939165253192e+05 -1.393968131626029499e+05 -9.737925827968819067e+04 -1.376955183560494334e+05 -2.242647380975554697e+05 -2.243476898001981899e+05 -1.749993247876409441e+05 -2.252264779061074369e+05 -2.357518664002423175e+05 -1.795023258787114173e+05 -1.768218261166480370e+05 -1.898550832073672209e+05 -1.867206387675830629e+05 -1.783498478005644865e+05 -1.793426006927622948e+05 -1.442245448101307265e+05 -1.438340093765878119e+05 -1.792474970768673811e+05 -1.431921453378158621e+05 -9.915859361295611598e+04 -8.629488801117986441e+04 -7.896494113839883357e+04
3.098818741110152332e+05 1.522705550421960652e+05 3.042123668128624558e+04 2.899974123574793339e+04 3.790794056723825634e+04 3.613885403843590757e+04 6.200516173266805708e+04 7.013015055097651202e+04 8.126345372642396251e+04 3.246242742985486984e+04 3.003225969849165995e+04 7.492364029982127249e+04 3.044377656304271659e+04 3.085651896777562797e+04 6.976390226045623422e+04 2.903114763787004631e+04 3.248349878005683422e+04 2.326359968632459641e+04 -5.392246144008822739e+04 -8.925929204793646932e+04 -9.874957458814582787e+04 -1.438925444125198410e+05 -2.206241925351791433e+05 -2.603061612218151568e+05 -2.700457924115470378e+05 -2.313312621740625473e+05 -1.783614324696826807e+05 -1.336445803986864630e+05 -1.380282857338932808e+04 2.895642554503845167e+04 -1.144889528513883124e+04 -1.372926106909292866e+04 -1.372994574252524762e+04 -5.785566078266128898e+03 2.873584296088677365e+04 6.040926982881498407e+04 3.213106361799858860e+04 3.475545603316283086e+04 6.446209415677002107e+04 2.554791056900277908e+04 3.350991819519593992e+04 7.464300783467492147e+04 2.567939122323871561e+04 2.604908209061295929e+04 7.476103934226569254e+04 6.873266529291849292e+04 1.128546577028470929e+05 2.098473870370057703e+05 3.011964140285229078e+05
-1.158872892416547984e+05 -1.035018023115117103e+05 -5.543820292339671869e+04 -1.443227245123125613e+04 -4.807242342270910740e+04 -7.203756069066002965e+03 1.887023739167489111e+04 -1.557720752316527069e+04 -4.250439811730757356e+03 -1.046759919263422489e+04 2.955762360012170393e+04 3.219523285515618045e+04 3.016029934398829937e+04 3.068046721746213734e+04 2.729391542612569174e+04 7.147912007989379345e+04 7.502246636897331337e+04 6.589136412832880160e+04 1.161135647329501226e+05 2.081667705764993443e+05 1.985854786401612218e+05 2.806257648149044253e+05 4.159739535162233515e+05 3.335949127795177046e+05 3.235193622333466192e+05 3.620353752025403082e+05 2.450271162611894542e+05 2.046086679073055275e+05 1.971628303953912109e+05 7.016885416000115220e+04 2.960655259783379734e+04 1.119306716509170365e+05 6.934103917796234600e+04 -7.467791595263406634e+03 2.712380517739825882e+04 1.638498431886569597e+04 -5.456070521497167647e+04 -9.440419772290624678e+04 -6.429557318566390313e+04 -6.084588510100706480e+04 -9.554591910215117969e+04 -5.441309797461179551e+04 -1.032755514595189597e+05 -1.874028372962496942e+05 -1.385777830507146427e+05 -1.021122113207817310e+05 -9.963872805121378042e+04 -8.657889366499136668e+04 -7.942515547503507696e+04
9.542683964827971067e+03 1.082303653226700262e+05 1.141423703241161711e+05 6.961885186261495983e+04 1.210172542848158628e+05 1.194664354028645903e+05 1.030910688254516281e+05 1.108043319557327777e+05 7.966489874175754085e+04 1.163225015765055578e+05 1.134117651369888335e+05 1.163010528776794672e+05 1.566925467201507709e+05 1.145317981566767558e+05 6.858551735524088144e+04 1.125736127246638644e+05 1.589380240580068203e+05 1.071881383110303432e+05 1.151294305094052106e+05 1.651575867214704631e+05 1.551929235516580520e+05 1.518860687909182161e+05 1.600860376539642457e+05 1.626978202129248530e+05 1.523169974621850997e+05 1.489200932532546576e+05 1.594910689967221115e+05 2.037510603596461006e+05 1.965959918638691306e+05 1.542678979248737451e+05 1.559958057303447276e+05 1.531107625761069357e+05 1.952273783029529732e+05 2.038640596845652908e+05 1.535917162382975221e+05 1.851001277193424758e+05 1.554350645083463751e+05 7.203660030616447330e+04 1.460432437562844716e+05 1.496464396244841628e+05 2.789192235912149772e+04 6.873919110395899042e+04 1.050613384635648690e+05 1.996935133240139112e+04 -1.684200223535299301e+04 -6.531825036741746590e+04 -1.048283811833248474e+05 -9.166624276898801327e+04 -8.503611356019694358e+04
5.093631291878409684e+04 6.495607321034197230e+04 2.821698015904997010e+04 -1.694886372075427789e+04 -8.708491276483982801e+03 -1.022560566198069137e+04 -2.657191833597607911e+04 -1.935663402313366532e+04 -7.485566710820537992e+03 -1.346952614956535399e+04 -1.685504546971060336e+04 -1.368406476802192628e+04 -1.642505840631201863e+04 -1.571425703703425825e+04 2.439169001998379827e+04 -1.784422314842243213e+04 -5.715362495626334567e+04 2.010166015010327101e+04 -1.470559569774195552e+04 -5.025622309534810483e+04 -1.755486289737722836e+04 -6.427731242729362566e+04 -5.585152914165530819e+04 3.283388692885614000e+04 2.217566545936255716e+04 -6.659338156925491057e+04 -9.865950481966137886e+04 -5.450993036851298530e+04 -1.824764605960808694e+04 -1.755434589926141780e+04 -1.578248797683056910e+04 -6.171420409693440888e+04 -1.052701848349537468e+05 -9.579149162862449884e+04 -1.028377177577931434e+05 -1.139720174635294825e+05 -1.011960028787142946e+05 -9.922343482845480321e+04 -1.094431936298496439e+05 -1.053210126829796936e+05 -1.423720435751608456e+05 -2.295432275475468778e+05 -2.778089098935007933e+05 -2.342948239028919488e+05 -1.853834059508520877e+05 -2.760480170592192444e+05 -3.574649116653022938e+05 -3.010632775956764235e+05 -2.089126608893219382e+05
9.071852349210542161e+04 1.952401403337717056e+04 2.634256728691980243e+04 2.367967911879532039e+04 -1.173410211107693613e+04 7.354754635598498862e+04 5.750003615743480623e+04 -2.231265178998000920e+04 3.322181373019679449e+04 2.755206148023717105e+04 -1.958277478814113420e+04 2.729678883682924788e+04 6.745300767710432410e+04 2.506881315144710243e+04 -2.068466935656033456e+04 2.285465281805966515e+04 6.992673136410315055e+04 1.819308882113546133e+04 -1.659117423463601153e+04 -8.962561712833121419e+03 -1.969407979282527231e+04 -2.394860887317906599e+04 -1.535332297324202955e+04 -1.265410849126067478e+04 -2.369730000384151936e+04 -2.583414697088312823e+04 -5.792665086686622817e+04 -1.006018195848447504e+05 -1.068380942021030933e+05 -1.490443636779674562e+05 -1.904724290326703340e+05 -1.505606654868461192e+05 -2.376922460785137955e+05 -3.998770598915868904e+05 -4.493235679261850892e+05 -5.464788272348226747e+05 -6.632199927326291800e+05 -7.470269053545794450e+05 -7.551030447240916546e+05 -6.635544505331180990e+05 -5.719994001835589297e+05 -4.870624947047340684e+05 -3.195560958876730874e+05 -1.465713764762040228e+05 -9.767625471460632980e+04 -1.700001121498644352e+04 7.308911825064616278e+04 8.650280654197558761e+04 9.261995314387325197e+04
8.918744985130615532e+04 1.835382014862261713e+04 2.544348896713927388e+04 6.593730993685300928e+04 3.022530460380949080e+04 2.914065472665242851e+04 5.661837887600983959e+04 1.972081615123897791e+04 3.215485260123375338e+04 7.001197711913834792e+04 -2.078887705574755091e+04 -1.698666205047653057e+04 6.648335171630606055e+04 2.408086472423747182e+04 2.180417831521481276e+04 2.186876300489518326e+04 -1.765044252737425268e+04 -2.595074625103734434e+04 -1.732730343006551266e+04 -5.296847489313222468e+04 -1.505212088476396166e+05 -1.549228917213618988e+05 -1.461615668318702374e+05 -2.300089032342654536e+05 -2.843449867994057713e+05 -2.859968623612075462e+05 -3.178339906223118887e+05 -4.038318292517221998e+05 -4.095770769962109625e+05 -3.216316128952892032e+05 -2.763798313878941117e+05 -3.226988135429573013e+05 -2.801764092431419995e+05 -9.658862662501656450e+04 -1.658607976976805367e+04 5.829757688450580463e+04 2.425776341871826444e+05 3.731259284995037597e+05 4.070571066369302571e+05 4.110066313925188733e+05 3.715690340893346001e+05 2.397787749685824383e+05 1.482402472873214283e+05 1.484804674435875495e+05 1.106224737700546102e+05 1.916507944581093034e+04 -1.942658557789394399e+04 3.696158297941929777e+04 1.287896775722029852e+05
8.689617934287525713e+04 1.655509906238864642e+04 -1.942984042107133428e+04 2.101335724582901457e+04 2.850325327832251787e+04 -1.578501633950509131e+04 1.207897567306645215e+04 1.840150662465009373e+04 -1.239082361571496585e+04 2.582844169926829636e+04 2.168750378536054632e+04 -1.768645434523932636e+04 2.247917427564971149e+04 6.703779108007438481e+04 6.502906267298385501e+04 2.159311505849467358e+04 2.555125807528384030e+04 1.042667715298011317e+05 1.130118838476482779e+05 7.736084487289187382e+04 1.098065018036865222e+05 1.920218967425172450e+05 2.440756478626285680e+05 2.467109613853971823e+05 2.353760342847089050e+05 2.335558559466152219e+05 2.446769588394091115e+05 1.580396324256437365e+05 -1.079379702231374104e+05 -5.830730087298443541e+05 -1.057154158015035791e+06 -1.016502109536668169e+06 -5.406958130304734223e+05 -9.697535080951720010e+04 1.561188677733300719e+05 1.877312853327024495e+05 1.558883900498038856e+05 2.002103381999771809e+05 1.915937971952372463e+05 1.527473138878117315e+05 1.994791870377965388e+05 1.539320801547738374e+05 6.257061245618370594e+04 1.059959659632301773e+05 1.111486948246607499e+05 1.969752043136389693e+04 2.421861185808721348e+04 1.666113111528082809e+05 3.443507654301318107e+05
-2.631615658069493948e+05 -3.330568109068555059e+05 -3.688694791751912562e+05 -3.286464339483062504e+05 -2.778953386784996837e+05 -2.349785616761073470e+05 -2.067402062658219365e+05 -2.441891468409453519e+05 -1.877498082176318858e+05 -1.055854316765908152e+05 -1.533702842227651272e+05 -1.489635110576639418e+05 -1.087213008152318653e+05 -1.073894867138003465e+05 -6.549729932565242052e+04 -6.554390291566983797e+04 -1.483683597389608622e+05 -1.126611226599197835e+05 -1.663658377365209162e+04 -5.211598138324916363e+04 -6.299354948918381706e+04 -2.399814281030581333e+04 -5.840224959072680213e+04 -1.202278431621380150e+04 6.373226381256221794e+04 6.231526957242772914e+04 1.171050302451478783e+05 2.905535805900585838e+05 5.877573945955364034e+05 1.021500617631246103e+06 1.541765127577817300e+06 1.536945790464524645e+06 1.015082075989344623e+06 6.354274000169245992e+05 3.689009816024911124e+05 2.272170293517408427e+05 2.382335293723735958e+05 1.958666017116052099e+05 1.442368308955337852e+05 1.485610386834009551e+05 1.516392715962140355e+05 1.488635892013558187e+05 1.436984021228267811e+05 1.437860773375728168e+05 6.222610144177544862e+04 1.359322799136862159e+04 1.045062227908060886e+05 1.177894896711222827e+05 3.694737731711845845e+04
4.332158891181459767e+05 3.636453551170416176e+05 2.844315776298753917e+05 2.374024649860802456e+05 2.007799863617401570e+05 1.565371552715077996e+05 1.848331136582419276e+05 1.468768369732423453e+05 2.883744754944951274e+04 2.377533894265070558e+04 6.270054966560564935e+04 2.342168229632079601e+04 -2.400371695053763688e+04 2.076430073357187212e+04 1.913081992650404572e+04 -6.870335186366015114e+04 -6.480922749848105013e+04 -2.900619101128529292e+04 -2.001389157259825151e+04 -5.573496763361617923e+04 -1.106872819887937512e+05 -7.220402806065941695e+04 -1.975340568344108760e+04 -6.062418064451753162e+04 -1.157607923669273732e+05 -1.165086869825610192e+05 -1.049756519391665934e+05 -6.208385296049539465e+04 -1.109120465617156588e+05 -1.529928405792449485e+05 -1.079303985740988865e+05 -1.987133056425966788e+05 -3.303852903272502008e+05 -4.488358312146733515e+05 -6.278756953834092710e+05 -8.991161251591972541e+05 -1.104481107207247987e+06 -1.015560505421601236e+06 -7.607899412442930043e+05 -4.515075459820204414e+05 -2.319586439966224134e+05 -1.908299043169249780e+05 -1.082147605472705327e+05 2.235590970027353615e+04 2.733886418049270287e+04 2.242118555703200400e+04 7.110736725386278704e+04 -1.587709672747179866e+03 -1.689402223704392090e+05
1.244515039119868306e+05 -3.155072738882154226e+04 -6.670552528230479220e+04 1.675871070357970893e+04 -2.052158797509036958e+04 -2.074527056072844425e+04 5.194613113766530296e+04 1.339720337884488981e+04 2.646033790195354959e+04 2.189345416612923145e+04 1.695610846276406664e+04 6.546335288556298474e+04 -2.593234957312233746e+04 -6.824989813496358693e+04 -2.559992282069288194e+04 -1.575188564287967747e+05 -3.718384604016318335e+05 -5.100395147840025020e+05 -5.877731399657202419e+05 -6.230386041605375940e+05 -5.031552147620820906e+05 -3.334556332614736166e+05 -3.240194732474633493e+05 -2.772655714116992895e+05 -1.577132537425495684e+05 -1.577351545041888021e+05 -1.458161386346910149e+05 -5.932774010114418343e+04 -6.420326410327060148e+04 -1.059734414936974645e+05 -1.729928544838912785e+04 1.093480039609139785e+05 1.513238140009348281e+05 2.932247204135628417e+05 5.911411251779652666e+05 8.826811178028574213e+05 1.022152793834683835e+06 9.782722292956913589e+05 7.538081051735212095e+05 4.544468722550651291e+05 2.825278920843267115e+05 1.494579747412363649e+05 1.016631339082957129e+05 1.020219980634282110e+05 6.316908560344029684e+04 5.807515365653653862e+04 2.043338479241332971e+04 3.387927349307487020e+04 1.252813758456609212e+05
-1.381174470635596372e+05 -1.191574241628404707e+05 -1.105691435583866987e+05 -1.146308877668343193e+05 -1.082993866642937064e+05 -1.085115716164000041e+05 -1.232049331790767319e+05 -1.618438020884061698e+05 -2.361977131408639252e+05 -2.406740023649762734e+05 -1.581442416424398543e+05 -1.532234009751117555e+05 -2.445715600089168875e+05 -1.993556879670358030e+05 -6.913538255728769582e+04 -2.627936637727543712e+04 1.525062398985027103e+05 4.072035619430241641e+05 4.600049850600769860e+05 4.677474731788969366e+05 4.559603277605486219e+05 2.757556088129052077e+05 1.972804189182356058e+05 1.998659085656983661e+05 1.443414163356646313e+05 1.440077391616068198e+05 1.118978655838871491e+05 1.541795393498617341e+05 1.490647566900591482e+05 6.334029087563988287e+04 1.081433840817769524e+05 1.038124707341190660e+05 5.843144353828427847e+04 7.027331492863595486e+04 6.459269183338608127e+04 9.344137329608318396e+03 1.892865547677536961e+04 6.268815109622676391e+04 1.351818810217094142e+04 -2.485257155727595091e+04 -2.381912729004409630e+04 -2.693786496878601611e+04 -3.083485673996608239e+04 -7.363534410134947393e+04 -1.559243286296258448e+05 -1.605848397978112334e+05 -1.109553014510312350e+05 -9.735101673635630868e+04 -9.271004372392548248e+04
-4.461991824116559001e+05 -1.642266983026638627e+05 1.965522381360642612e+04 -2.827794144395738840e+04 -2.209428532398305833e+04 6.541216851095668972e+04 7.227984310593456030e+03 5.588268602266930975e+04 1.127957608562429668e+05 2.094743603025563061e+04 5.960913857677974738e+04 1.520852555159946205e+05 1.042033354809973389e+05 1.056233179324771627e+05 1.047812741785309627e+05 5.993057622457860271e+04 1.076064658362884074e+05 1.003766001050825580e+05 1.096962467010598339e+05 1.176654039416461892e+05 1.858304550522012869e+04 1.301485816482474911e+04 6.572661726851962158e+04 6.838223407510668039e+04 5.651394769316531892e+04 1.295414603664557217e+04 -1.901598758413454925e+04 2.319647328229625418e+04 1.840882408549096726e+04 2.004535531625170552e+04 2.138576538534853898e+04 -2.649621304823094397e+04 1.526454238570280722e+04 2.744165552081554779e+04 2.196830364642677159e+04 5.374643297167491983e+04 1.968119202181680885e+04 -2.350659073446881666e+04 1.463951345765942824e+04 1.983544602990144995e+04 2.053283542161846344e+04 1.040721302316522197e+05 5.690138947917133191e+04 1.395773317664905335e+04 1.046776492707429279e+05 1.430517506191968569e+05 1.491009844897784060e+05 1.191656116989910661e+05 3.698051270213723183e+04
7.518155471771035809e+04 8.397125034825818148e+03 -2.588970001903356751e+04 -3.076453328714706004e+04 -6.923310988815501332e+04 -6.890723307733424008e+04 -8.274222448933863780e+04 -1.225031038641464838e+05 -6.554891644977050601e+04 -1.132616289786528359e+05 -2.501296076632572513e+05 -2.884759529051372665e+05 -2.492209448816719814e+05 -2.475622607057447603e+05 -2.913908684148917673e+05 -2.491604822536465363e+05 -2.013791486900300952e+05 -1.204434270574710099e+05 -2.322078299941495061e+04 -5.884072713903151453e+04 -2.702934376080555376e+04 5.443260809057392180e+04 1.988896397757343948e+04 6.619519539177382831e+04 9.784729452920123003e+04 5.518229943700134754e+04 1.105699711933268700e+05 1.083022302726751659e+05 1.040539509395599598e+05 1.496019023272673949e+05 1.070592092780864332e+05 1.022665506205526763e+05 1.436799858743329532e+05 1.563536155794280348e+05 1.512884241773280082e+05 9.599509858642719337e+04 1.042309356736952468e+05 1.473896425683053967e+05 1.000283870287240861e+05 1.052875044220124255e+05 1.912948440387851733e+05 1.441676065907823795e+05 5.402427040506139747e+04 9.781064440729151829e+04 1.446056212671104004e+05 9.661546873394370778e+04 6.018549865693802712e+04 1.599691057554426370e+05 3.367503695585730020e+05
1.172855792986229062e+05 -3.661962039768695831e+04 -1.144002773251850158e+05 -3.174543305416591465e+04 6.109327391954138875e+04 1.790380148682766594e+04 4.363295926013961434e+03 9.593884396017552353e+04 1.092122001363898162e+05 1.054556881170718698e+05 1.874588251509706024e+05 2.804506430786569836e+05 3.633369276823939872e+05 3.648384644323958782e+05 2.771240350988226710e+05 2.315455129311886849e+05 2.790326017362531857e+05 2.723000929062253563e+05 1.506482817314098938e+05 7.111975818057541619e+04 1.027335881965698791e+05 1.402200786431785091e+05 6.184130185283732135e+04 2.062299317796697142e+04 5.211941323359491071e+04 5.327248027198936325e+04 6.493795585585763911e+04 1.876303539494989673e+04 1.468498141504800878e+04 1.674552491051133256e+04 1.774363464210159145e+04 5.643810315872542560e+04 1.065194349852419691e+04 2.357431219075783156e+04 6.230613618157792371e+04 5.058599513373326045e+04 1.500567890820081811e+04 -2.889871922903705854e+04 5.474784504272928461e+04 1.036157323687800672e+05 1.548346001538401470e+04 -3.165196788962930441e+04 8.714587140129879117e+03 9.587578758830251172e+04 5.587769788690004498e+04 8.039991069817915559e+03 5.858096786309045274e+04 -1.465677409898338374e+04 -1.842653106292700395e+05
7.264598555746488273e+04 6.662138929823398939e+03 1.657320941332724033e+04 5.517051312257533573e+04 6.009610488428734243e+04 6.071741725550963747e+04 3.555486220866441727e+03 7.176073230803129263e+03 6.411427131155507959e+04 6.042107754503374599e+04 1.089617361431001336e+04 -2.730642627342607011e+04 1.162890267092733120e+04 5.695813298341815243e+04 1.334959047962911427e+04 -3.235540174762716924e+04 1.514674703124901862e+04 5.247397961444219982e+04 6.218866700655777822e+04 2.645599883515387774e+04 -2.938375958823590190e+04 7.969795113895292161e+03 1.706479763728569378e+04 -2.410688800970089505e+04 7.324672535760502797e+03 5.257188119110642583e+04 6.426846056245270302e+04 1.776093532214875449e+04 -2.958106094738468528e+04 1.621142553631236660e+04 1.720068794908016571e+04 1.215434173471326358e+04 5.338512951857430744e+04 2.307902434491564054e+04 1.849207654828217346e+04 5.037570410408079624e+04 1.439299507881503087e+04 1.373508243937976658e+04 5.459110028110438725e+04 1.674989045946853003e+04 1.493704387685318943e+04 5.441846974194061477e+04 5.158711523632507306e+04 5.211319331079733092e+04 1.199860973283695057e+04 7.653937753057107329e+03 5.845687036635371624e+04 -1.477927552186732646e+04 -1.845403305848585442e+05
2.862717201258055866e+05 1.344607837568037212e+05 1.411787050194106996e+04 5.216593181598000228e+04 1.000998990295920521e+05 1.394219020148762502e+04 1.426840448984876275e+03 4.813501840806566179e+04 1.766272963141114451e+04 1.454743886366486549e+04 9.596003836137254257e+04 5.823113871621922590e+04 9.539921904215589166e+03 5.495577569119632244e+04 5.572254271595738828e+04 5.344231242197577376e+04 1.350225690519448835e+04 7.638392900116741657e+03 6.125706505612470210e+04 6.924201152753084898e+04 5.702050341758853756e+04 5.044639356899994891e+04 5.956523968488920946e+04 1.846194361103733536e+04 6.211907084798673168e+03 5.211799140204675496e+04 6.389731348492205143e+04 6.045272293267783243e+04 1.368053785758116283e+04 1.616752737551007885e+04 6.054116567131131887e+04 1.186552839470061008e+04 9.464423392200609669e+03 6.655331955524149816e+04 6.232341246562998276e+04 5.084480736055417219e+04 1.433783933520299615e+04 1.347049702773807803e+04 5.523065499146463117e+04 6.091465247212891700e+04 5.839934335672302404e+04 5.435837017139425734e+04 5.189790284610335948e+04 9.342703425790823530e+03 1.230578762129845563e+04 9.458632049034326337e+04 5.932983307051419979e+04 -5.707058422616595635e+04 -1.405492835363827180e+05
6.572069615009242261e+04 2.137665861519039026e+03 -3.044573913444763457e+04 7.001191263552784221e+03 1.057017676183022559e+04 -3.162308228318578040e+04 -9.891346213407814503e+01 4.584613385726700653e+04 1.526523379608996038e+04 -3.120403219712896680e+04 -3.745679064071737230e+04 -3.136958935414443840e+04 6.833179873647168279e+03 8.535706677939742804e+03 -3.382375332992523181e+04 7.006709543056902476e+03 5.398826279793870344e+04 4.992831231793388724e+03 -2.849667862989006971e+04 -2.061032894067466259e+04 -3.295022994978345378e+04 3.612417612457851646e+03 1.264933249680327572e+04 -2.850761378416787920e+04 2.583486880175929400e+03 4.910410499316634377e+04 1.736920151975919725e+04 -3.029986417037440697e+04 -3.292017333558762039e+04 -3.005719478940590488e+04 1.392013180302435649e+04 5.166620831238108804e+04 5.730492246803085436e+03 -2.352626440697352518e+04 1.603947483934473712e+04 4.876974645303729631e+03 1.061193441855740093e+04 9.314181348308935412e+03 -3.397025833372028137e+04 1.509468052070583508e+04 1.137223912402947462e+04 7.004094474250101484e+03 4.820891116978587524e+04 5.897751258453004993e+03 -3.467149904812690511e+04 4.581121852388590924e+03 1.322872371412788925e+04 -5.991136682219715294e+04 -1.438442306825876585e+05
-2.429433533514383889e+05 -4.462642889353440842e+04 5.383973287185654044e+04 -3.964712360524575342e+04 -8.048373307101428509e+04 8.163443506928131683e+03 -2.764622260583564639e+03 -4.466748329461553658e+04 1.134789291303596110e+04 9.085059217177316896e+03 -4.078020986053162778e+04 -3.436971349525266851e+04 -4.007123516057616507e+04 -3.833598010591230559e+04 -3.630958374007603561e+04 3.718992699869086209e+03 6.838588441023704945e+03 -8.433460718602870475e+04 -7.412514600669962238e+04 2.004963043145834672e+04 7.669295030646120722e+03 -8.601522102253527555e+04 -7.708498862106366141e+04 -3.168046502629290626e+04 -4.397306001512336661e+04 -1.259824362455397641e+05 -4.591789954318674863e+05 -7.227089906646882882e+05 -5.083760574320337037e+05 -1.598069414054036606e+05 -3.001069624675437808e+04 -3.586962647503241897e+04 -3.846792257507354952e+04 -6.683235582546307705e+04 -6.988009147462411784e+04 5.461712325922911987e+03 1.022096108063124120e+04 -3.446199955069459975e+04 -3.281481510959565639e+04 -6.957657856983109377e+04 -7.435763283981918357e+04 7.053577661280985922e+03 5.791795430704951286e+03 -7.882224587141559459e+04 -7.654031875659758225e+04 5.751468355301767588e+03 1.500794476945884526e+04 -5.795916198170650750e+04 -1.421133635996365920e+05
-2.008209126919974806e+05 -8.891710288240574300e+04 9.657115286681801081e+03 4.598121454589988571e+04 5.074409778462722898e+03 -7.915398585610080045e+04 -4.648293251986615360e+04 4.133239298593252897e+04 -3.243710083421296440e+04 -7.771234650863334537e+04 2.277029930846765637e+03 5.205906752147723455e+04 3.163791490951552987e+03 -8.149175430298782885e+04 -3.603975968435406685e+04 4.721740864915773273e+04 -3.606735415174614172e+04 -8.379663054016418755e+04 1.291653175489045680e+04 2.067012717365287244e+04 -3.483290202450007200e+04 -4.203922209911979735e+04 -3.304574225214309990e+04 1.237101984675973654e+04 1.576122082767542452e+02 4.754644073313067202e+04 4.040466672764169052e+05 6.571199717209686060e+05 3.962243110453719273e+05 9.758312310907032224e+04 1.170002162689363468e+04 -3.735054577584390063e+04 2.974289490375434980e+03 -2.543943791068124119e+04 -7.156061303336158744e+04 -3.921749140019528568e+04 -3.461166338645853102e+04 -3.638253048178745667e+04 -3.462259297724813223e+04 -2.853566585690708598e+04 -3.353944464703102130e+04 -3.803458573063847143e+04 -3.927406092640000861e+04 -3.820700472337193787e+04 -3.608992113731807331e+04 -3.943940144730720203e+04 -3.011962372576812049e+04 2.505872096866287757e+04 1.116941472049793229e+05
-4.180502293154131621e+05 -2.199508766562212259e+05 -7.854215632658463437e+04 -4.331135731539700646e+04 -4.212764541385695338e+04 -8.208034437731828075e+04 -9.142239354318007827e+04 -4.818955336697399616e+04 -7.876990082091651857e+04 -8.015579535509459674e+04 -4.401065461104724091e+04 -8.005359199014480691e+04 -8.596380078466609120e+04 -4.130996848805807531e+04 -3.825537582393735647e+04 -4.191261424333788455e+04 -3.916956522851227783e+04 -4.285179098835214972e+04 -7.528880852274596691e+04 -2.495462436461821198e+04 5.697680431185057387e+03 -4.460740985698089935e+04 6.973563038045540452e+03 -3.367741963476827368e+04 -4.575681375339603983e+04 2.382240780862048268e+03 -2.891762151033617556e+04 7.623260220280149952e+03 4.941565103712491691e+04 1.066161623457423411e+04 -3.196503267972706817e+04 4.448464598972816020e+03 4.443031724309548736e+04 5.931900527095445432e+04 1.404714033938921057e+04 -3.878333021420985460e+04 7.397624637233326212e+03 4.780395987210795283e+04 5.098750027595087886e+04 5.706380933523154818e+04 8.451141281984513626e+03 3.731075908289523795e+03 4.541100727161392570e+04 4.656619334826269187e+04 5.806598375784466043e+03 2.664927819278091192e+03 5.480717416969127953e+04 -1.799587860703328624e+04 -1.872255400288845412e+05
8.315577072789776139e+03 3.557302688830532134e+04 4.881953605101443827e+04 -1.659557872917503119e+03 -4.356150887557305396e+04 2.253335346467792988e+03 3.606360201956704259e+04 3.610991499270324130e+04 5.494697742397082038e+03 -3.834455886390060186e+04 -2.457853395026177168e+03 4.706339065334759653e+04 4.101889874320477247e+04 9.485629037953913212e+01 3.413856923580169678e+03 4.218343808548524976e+04 2.023194098146748729e+03 -1.392169607570394874e+03 5.156025173026125412e+04 1.626733071752823889e+04 -3.851370033109548967e+04 -3.552558962255483493e+03 4.765148366102948785e+04 4.958748791832476854e+04 -5.032863478409359232e+03 -4.188649629009887576e+04 1.194635243504331447e+04 4.774037473602232058e+04 4.578648726456100121e+03 -3.372432431671780068e+04 8.654751639114459977e+03 4.457154765026643872e+04 -6.616373895666329190e+02 -2.810888701351359487e+04 1.192964671063248534e+04 2.059198620263719931e+03 4.907518958207336254e+03 4.478521507116965950e+04 -3.583624734426813666e+04 -2.976558396592724603e+04 4.824513001600280404e+04 1.119537997292703949e+03 -4.177002385025832336e+04 -4.040082071092911065e+04 3.300907782976981252e+03 4.255281423218536656e+04 1.029377058264787775e+04 -6.235220389207731932e+04 -1.467128218780262396e+05
4.592750470968900481e+04 -1.002693156595344772e+04 -8.037502757855685195e+04 -8.887002382776695595e+04 -4.720327279646880925e+04 -4.352112743654288352e+04 -5.114851520513182913e+04 -9.420815123594379111e+04 -8.285299096372924396e+04 7.968614203855395317e+02 -4.828839709865881741e+04 -1.255486106243916583e+05 -4.763265381567177246e+04 -4.601030805264596711e+04 -2.101441798429004266e+05 -2.565204699500463903e+05 -2.124658996402286575e+05 -2.568664399534463300e+05 -2.044491179776377976e+05 -1.132970933336763410e+05 -1.250777705595827429e+05 -9.086038569104846101e+04 -4.053567564580601174e+04 3.282250517513486557e+03 -8.367525943322340026e+03 -4.361253967974334955e+04 -3.267939539626240730e+04 -4.046002285904262681e+04 1.750241238623741083e+03 6.701020256150281057e+03 -3.573555539245705586e+04 -8.042112656399840489e+02 3.842263116268441081e+04 1.169904332724423148e+04 -7.391340356087347027e+04 -4.114546555792936124e+04 4.428196548251423519e+04 -4.795677936635911465e+02 -3.657471942249685526e+04 -3.047673962078988552e+04 3.675961846020421945e+03 4.050396747537888587e+04 -1.449118473101407290e+03 -4.155252910219132900e+04 1.258125692838337272e+03 -1.286877152742817998e+03 -3.263206581119436305e+04 1.992981618037377484e+04 1.021769073768500239e+05
4.497384692192997318e+04 -1.062411880237050354e+04 3.493716601515072398e+03 3.707904899143613875e+04 -4.760024652583524585e+04 -4.375616519013431389e+04 3.297617977601476014e+04 -1.004730522516195197e+04 -4.077050788095220923e+04 8.368884236551821232e+02 3.599279006593860686e+04 9.243699349464150146e+02 -5.325477346777915955e+03 3.836986079812038224e+04 8.463511641253705602e+04 1.643329028657173039e+05 2.081559506745545077e+05 2.055835417588240816e+05 1.736685591819695546e+05 1.384257692261598422e+05 8.444341092836105963e+04 -7.536161927273671608e+03 -4.134621574194182176e+04 2.365809559123415966e+03 3.261151985498139402e+04 -4.452228154404985253e+04 -3.373059550765861059e+04 3.095746960025280714e+02 -4.133441447280353168e+04 5.487784586148511153e+03 4.916440036613668781e+03 -2.213526841951243114e+03 -4.883642145432473626e+03 -3.157638693228363991e+04 8.298712866380985361e+03 -7.059236627536010928e+02 -4.092622959869913757e+04 -2.231125853722915053e+03 3.681014690082694869e+03 9.610684770159423351e+03 1.862758954520919360e+03 -4.473174133920122404e+04 -3.320604228647425771e+03 -1.678955431562208105e+03 -7.163886597849195823e+02 -3.229696372291073203e+03 -3.444811552530148765e+04 1.778236486017628340e+04 9.955382277257693931e+04
-1.346085887635243125e+03 2.811116104596294463e+04 4.292041926644730847e+04 7.551989485742512625e+04 1.570490811276249588e+05 1.199243799911347451e+05 3.063124588807113469e+04 7.046904963790450711e+04 8.115477812127221841e+04 8.119320303201675415e+04 1.157068201969378861e+05 8.120751896989543457e+04 3.328312774887302658e+04 7.622344884322956204e+04 1.225857548986095353e+05 7.626671104342676699e+04 3.596661665244027972e+04 3.427652640617452562e+04 4.435448013478890061e+04 9.226500757969912956e+04 8.068807298317545792e+04 3.112502692150880466e+04 8.026652418891913840e+04 4.040700294659513747e+04 -1.238314978079854336e+04 7.780375474598232540e+04 8.811191223212494515e+04 -3.490379491122454056e+03 -2.612435707124153851e+03 4.423523358767850004e+04 4.316381166456265782e+04 3.559227017918600177e+04 -8.233359053265183320e+03 6.778226795140431932e+03 4.632502497639501235e+04 3.799140605144199799e+04 -2.626033267006463575e+03 -6.112974641146152862e+03 4.210349736385973665e+04 -3.419815978966643888e+04 -4.268556734663376119e+04 3.440126832225365797e+04 -6.604322072816996297e+03 -4.795181816443437128e+03 -3.992552520939716487e+03 -4.717290064902032464e+04 4.087258826476045215e+03 5.476351612363929598e+04 5.256742540164741513e+04
-2.092375076562165632e+05 -9.700021050404757261e+04 4.778083041309873806e+02 -8.783823156263708370e+03 -1.100588265806436539e+04 3.478201764519326389e+04 -5.316910207155157696e+04 -5.534726915997438482e+04 3.719767904723994434e+04 -3.648948643822222948e+03 -5.185073486878539552e+04 -3.680877566803334048e+03 3.099650722811928426e+04 -4.992645496968179941e+04 -4.462695537949910795e+04 3.261044002138078213e+04 -7.676474174950184533e+03 -8.849296303233131766e+03 1.166419957298785448e+03 -3.365901260869577527e+04 -3.848957424052176066e+03 -1.192341431742551504e+04 -4.540870996308518806e+04 -2.892844087910023518e+03 2.707983717671592603e+04 -5.988291889661777532e+03 -3.684087472502145101e+04 -5.267728834878653288e+03 3.698914210894142161e+04 2.064031673362245783e+03 -4.005039164214392076e+04 -4.771127547021035571e+04 -5.006265081232439843e+04 5.792462935205374379e+03 4.512649865355330985e+04 -3.398897163569752593e+03 -3.373093404806975741e+03 -6.923496646340994630e+03 -3.981480666436254978e+04 6.572245749412104487e+03 -4.268315938999957871e+04 -4.764231236302369507e+04 3.375347147928539198e+04 -4.790519747184938751e+03 -4.466521090012986679e+04 -4.671836430090467911e+04 4.200674101012293249e+03 5.405711324070568662e+04 5.143756313598598354e+04
3.145271594519732753e+04 -1.820967668551023235e+04 -8.273732734262004669e+04 -9.253294950467531453e+04 -5.591212307452224195e+04 -9.082562759402205120e+04 -9.473243264015761088e+04 -5.756848379503938486e+04 -8.868027274496850441e+04 -8.761369888437908958e+04 -5.436128414701673319e+04 -4.736060847993945936e+04 -5.378867493011054466e+04 -9.289372518192973803e+04 -8.660277733462859760e+04 -5.179919647285714746e+04 -9.203038573614315828e+04 -9.194425164372654399e+04 -4.202131866011768579e+04 -7.647550326189957559e+04 -8.690810628933832049e+04 -5.482734626159077743e+04 -8.792308710282691754e+04 -8.648175306268967688e+04 -5.654600913985644002e+04 -4.777605648618179839e+04 -7.829192795208678581e+04 -8.861854557762865443e+04 -4.633340431959368289e+04 -3.930413833470095415e+04 -4.096183668472792488e+04 -8.901234342949511483e+04 -5.098574023461039178e+04 3.843888414558256045e+03 -7.718357297126238700e+04 -8.365362171898595989e+04 -4.538902767235296778e+03 -8.374785850755870342e+03 -3.920065812999370974e+04 -3.375313928467221558e+04 -4.264728497480973601e+04 -7.533859846881125122e+03 -7.278077703667571768e+03 -4.455774639034643769e+04 -4.149770677322987467e+03 -5.955209004459902644e+03 -3.539410113939084113e+04 1.268112334306281991e+04 8.872312420629803091e+04
3.030158454552298645e+04 -1.883201442658904125e+04 -4.276342304772694479e+04 -1.258674535667523742e+04 -1.650522219482809305e+04 -5.114369395421816444e+04 -5.474571432801891933e+04 -5.800353451049890282e+04 -9.109632265754160471e+03 -7.936901049688451167e+03 -9.496487373602591106e+04 -8.798470189329251298e+04 -1.439941916614770162e+04 -1.341970141278579104e+04 -4.697973143658599292e+04 -5.247300593880939414e+04 -5.278269012342208589e+04 -5.247524204314684903e+04 -4.282221656641922891e+04 -3.732685155933719943e+04 -7.733157697366637876e+03 -1.582306407392045367e+04 -4.894195611006589024e+04 -7.738471882185083814e+03 -5.756630278308910783e+04 -8.851919419481439400e+04 4.197435104289907031e+02 2.954326617182238260e+04 -7.924404473742295522e+03 -4.047705355798825622e+04 -4.230427083093667170e+04 -5.056116524385299999e+04 -1.272367271594732301e+04 1.956623574951838236e+03 -3.889065509778447449e+04 -4.503314790083089611e+04 -4.600336033850908279e+04 -1.037811220623552799e+04 -1.002107780659454875e+03 -3.532683809986326378e+04 -4.426485974225227255e+04 -4.887175567913806299e+04 -4.862230438273382606e+04 -4.592408001422887901e+04 -5.874601810938096605e+03 -7.598950098035857081e+03 -7.617494688718614634e+04 -1.075868878478645347e+05 -1.112484550371284131e+05
-3.293739483447278035e+05 -2.980211478762794868e+05 -2.417939801677129581e+05 -1.723139171628281183e+05 -1.766441029310226440e+05 -2.106511914683505311e+05 -1.342074760841205134e+05 -9.796623799018579302e+04 -1.688758821832016110e+05 -1.674188718444202095e+05 -9.486099967150948942e+04 -8.457782194018363953e+03 -1.480800377787079196e+04 -9.328194220201100688e+04 -8.654209967586211860e+04 -1.267338469042431097e+04 2.647751024109311402e+04 -1.257385445176623762e+04 -4.265873982105404139e+04 4.204728559241630137e+04 3.200893385102972388e+04 -5.539010985521599650e+04 3.058813036186632235e+04 7.159691460430645384e+04 2.209413515520282090e+04 -8.516318982001277618e+03 6.085882394110085443e+02 2.941085564321838319e+04 3.187905564904212952e+04 3.927208708948455751e+04 -2.249940678011393175e+03 2.887508906773349736e+04 6.663556921063014306e+04 2.141861072741565295e+03 9.608260891401441768e+02 3.446277478244155645e+04 3.327980577363620978e+04 2.921197139308787882e+04 3.865165616152808070e+04 4.375655504059966188e+04 -4.643325596116832457e+03 -9.310461092973477207e+03 6.949800594709801953e+04 3.283693500677996781e+04 -5.965981050394824706e+03 3.156678776256728452e+04 2.381013217382016592e+03 1.002226848038786557e+04 8.462669760105130263e+04
-2.495867908792569942e+05 -5.995729692280289601e+04 1.148117147467563627e+05 1.442369990993756219e+05 6.050098783569410443e+04 2.673021609312854707e+04 6.348719004425217281e+04 9.926578771439386765e+04 6.791892990819188708e+04 6.935562804690559278e+04 6.237476524664084718e+04 -9.763163296738566714e+03 -1.620183722698129714e+04 2.401162136578930949e+04 3.084528517676515912e+04 -1.434437866206289618e+04 -1.529096143087383825e+04 2.499273255583828723e+04 -5.031790217617526650e+03 -3.934471625019793282e+04 -4.915309079922725505e+04 2.137464497005601879e+04 2.773098854580899933e+04 -4.966698366450142930e+04 -1.993472986039688112e+04 -1.073429861804458778e+04 -1.995646477443937329e+03 -1.320475535001607932e+04 -4.969029575935567846e+04 -4.184177600778639317e+04 -4.914902144810355821e+03 2.557773457723666797e+04 -5.416427228134115285e+04 -3.987271945807187876e+04 3.712364793405863020e+04 -4.631916024838540034e+04 -8.678021083469485166e+04 -1.289028139202857710e+04 3.594016893533984694e+04 1.888565296540022246e+03 -8.480321911396509677e+04 -5.038402041886077495e+04 2.745684733847147436e+04 -4.719518854515698331e+04 -8.532051144051412120e+04 -9.335925870109320385e+03 5.413592257534328382e+02 -6.991020575282073696e+04 -1.516711388004462933e+05
2.173472299147397280e+05 9.364025276619929355e+04 -5.964863911503809504e+03 -5.521291593206115067e+04 -2.193593153962865472e+04 -1.580045198905270081e+04 -9.511332653928548098e+04 -9.929750270326621830e+04 -9.186750603024847806e+04 -1.286421643279026612e+05 -1.353646006830968545e+05 -1.672299609961919487e+05 -2.120890973624772159e+05 -2.113886884658130875e+05 -2.037095072004012181e+05 -1.708389134204480797e+05 -1.723164995980914682e+05 -2.090574634587391338e+05 -1.997733738936948939e+05 -1.950116234470623895e+05 -1.267722404724918306e+05 -9.601539464667462744e+04 -1.286461054929534439e+05 -8.871819094405509531e+04 -9.744704584823944606e+04 -8.787748733768251259e+04 -4.095205836696550250e+04 -5.265554083744075615e+04 -1.093690129462652840e+04 -2.382681739982566796e+03 -4.339202807168464642e+04 -1.374985866597830318e+04 2.358573776553384960e+04 -8.301866764667211100e+02 -1.971210832707583904e+03 3.186597549589350820e+04 3.005209277849632781e+04 2.579241816070862114e+04 3.609373749699443579e+04 4.066289487527671736e+04 3.182808961253613234e+04 2.752463298500515521e+04 2.746782569098274689e+04 6.885704942164069507e+04 6.949535762658377644e+04 2.962659137090656441e+04 3.910040445160132367e+04 4.529566510114807170e+04 4.045887743122759275e+04
6.028923631180079246e+04 -6.183129656594248081e+04 -1.600912511348723492e+05 -1.319173132639843388e+05 -2.217842739890329540e+04 -1.583127879654054777e+04 -5.555340226157566940e+04 -2.141273052431636461e+04 6.258214809233316191e+04 6.465824879938734375e+04 5.781631695339467842e+04 1.413396600447595119e+05 9.653491932433095644e+04 9.674450673861426185e+04 2.195152998436241760e+05 1.747732913505751349e+05 1.340901779441628605e+05 1.742213025991804316e+05 1.827718716149683460e+05 1.484326711995527148e+05 1.008883946924470365e+05 1.308283799479251029e+05 9.788118258700729348e+04 2.230058418121188879e+04 5.174765340285387356e+04 6.115237335441634059e+04 3.069622693699784577e+04 1.836594039457850158e+04 2.153185878763906658e+04 3.029836943955172319e+04 -1.063586219446721952e+04 -1.990496248123212717e+04 -2.075086333672504406e+04 -4.509313482209120411e+04 -4.625247571850195527e+04 -5.006187810329720378e+04 -1.438529091654322110e+04 -1.864888820098713040e+04 -8.334475488751183730e+04 -7.904822592390689533e+04 -4.970102474675537087e+04 -9.109003036282944959e+04 -9.118450895650289021e+04 -4.987170410226110835e+04 -8.626970150391547941e+04 -8.751411738456203602e+04 -7.826815912849310553e+04 -1.850585497007686645e+05 -3.398358307569243480e+05
1.693697693874128163e+05 1.254387881164439023e+05 1.048556005512366537e+05 5.606557013699784875e+04 -2.661997947841882706e+04 1.767518233275040984e+04 5.508565539494156837e+04 -2.560116265667602420e+04 -5.732762832776666619e+04 -1.716170095605775714e+04 -2.385972585645504296e+04 -5.521481589879863895e+04 -2.366530305589549243e+04 -6.124481792561709881e+04 -9.074235103675164282e+04 -5.934707394917472266e+04 -6.211315943859517574e+04 -2.172135293367318809e+04 -5.069734372082166374e+04 -1.219163293833844364e+05 -5.498213416663929820e+04 -2.531235107686370611e+04 -9.513272206997498870e+04 -9.390267237438843586e+04 -2.683584010461345315e+04 -5.427986023947561625e+04 -8.432165535748912953e+04 -2.255446348106500227e+04 -5.592694293125509284e+04 -8.326941354083805345e+04 -4.928451175219391007e+04 -2.170881025027460419e+04 -2.192820989410381299e+04 -8.291862994548841380e+04 -4.726406920701230410e+04 2.392805027076974511e+04 -1.533158697187912185e+04 -5.654020092217263300e+04 -4.553250662866048515e+04 -4.180357681005250197e+04 -1.289422105532127898e+04 -1.637025249539839569e+04 -5.360723200486961287e+04 -1.287250780034787022e+04 2.490761392167781014e+04 -1.296615320956334472e+04 -7.767866736743645743e+04 -1.101204496773421997e+05 -1.159764442720890511e+05
2.010929157875943929e+05 8.478268972481606761e+04 -8.652135666925343685e+03 -5.648666676832357189e+04 -6.389083081856369972e+04 -1.983716144226491451e+04 -1.913454665103927255e+04 -6.136880395817576209e+04 -1.897424190654431004e+04 2.087612466304562986e+04 -2.266644674353307346e+04 -5.343062130268663168e+04 -5.929054711828933796e+04 -5.943371456232847413e+04 -1.379933888907544315e+04 -2.023175155627547065e+04 -6.063522719661711017e+04 -2.012326902826316655e+04 -1.186471843742765486e+04 -4.542793523170982371e+04 -1.597110147704376141e+04 -2.364432207890800782e+04 -5.590094506624163478e+04 -1.789070039405499119e+04 -2.491046952782216249e+04 -5.184495708788750926e+04 -4.496313242474570870e+04 -2.127064222353513469e+04 -1.728124750312406104e+04 -4.359327189857140183e+04 -1.045762769412263879e+04 -2.008639323175926984e+04 -5.655443411786133220e+04 -4.380117365857587720e+04 -8.680707328021388093e+03 -1.079683293704860625e+04 -4.961139490478672087e+04 -1.745079691405411359e+04 -6.395829460816335086e+03 -3.939992535859336203e+04 -4.684378447360369319e+04 -1.379045931156757797e+04 -1.446104530012231407e+04 -4.649112362414602103e+04 -8.882456942228905973e+03 -1.009460392058824073e+04 -3.832327302778141166e+04 -7.094905498670325323e+04 -1.494860881729967659e+05
-2.434926311369051691e+05 -6.487620532745495439e+04 2.667575671337544918e+04 -2.054772726725798566e+04 7.724196850322186947e+03 5.129315022728405893e+04 1.626804786035791039e+04 1.079645602265361231e+04 1.517112107598222792e+04 1.816858755541034043e+04 -2.450336443842388690e+04 -1.851116938283678610e+04 4.833488111733458936e+04 4.771247470052912831e+04 -5.204615658614784479e+04 -5.873755767825047951e+04 4.564825398265372496e+04 1.372086869901977479e+04 -5.087752897408790886e+04 -1.196682101697660983e+04 1.747837215312768240e+04 9.829313800437492318e+03 -2.226802608231094200e+04 -5.707260158145811874e+04 -2.729523143381788395e+04 1.843250862555555068e+04 -1.137453692383144516e+04 -2.493328406009823084e+04 1.508171170833520591e+04 -4.534839544328884222e+04 -4.934012490790372249e+04 1.224334820290084463e+04 -2.275015610735851806e+04 -1.087653243914269842e+04 -1.251334096537914593e+04 -4.919873488484893460e+04 -1.595259813708241563e+04 1.534922155668027699e+04 -9.216353358933585696e+03 -4.195629020687181037e+04 -1.307164690457249526e+04 1.957034087856311817e+04 -1.704849370871670544e+04 -8.286259964690590277e+04 -4.570679786964377854e+04 2.375391584471793612e+04 -4.495307790348655544e+03 -2.428441927768872119e+03 6.132187030278169550e+04
1.489598673593718559e+05 1.109555323224049062e+05 5.951152261463005561e+04 4.872016760869883001e+04 3.937772415927611291e+04 1.159264697111211717e+04 1.459205656428821385e+04 -2.633858662564307451e+04 -5.854601336759515107e+04 -5.492409674101509154e+04 -6.072624346823437372e+04 -5.505833306815469405e+04 -6.022991206496953964e+04 -9.619120747549453517e+04 -8.633243063348339638e+04 -5.810039927600882947e+04 -9.850847978261299431e+04 -9.281607464770783554e+04 -1.575867206789553165e+04 -1.378582328092306852e+04 -5.388213966507450095e+04 -6.099477456533347140e+04 -5.779426825582061429e+04 -2.159896496334124822e+04 8.344032745808377513e+03 -1.681178469210852927e+04 -4.633796874550171196e+04 -2.551783289178278937e+04 -2.100762264686626440e+04 -4.325256606447508238e+04 -1.303049606853178557e+04 -2.339875541278201126e+04 -5.624016700079689326e+04 -4.516394322970882058e+04 -4.716602742439136637e+04 -1.223127648583630071e+04 -1.437203391804378043e+04 -5.292123922263281565e+04 -4.206552305258811975e+04 -4.002505413722236699e+04 -1.088681753375538392e+04 -4.724282141192763811e+04 -8.345125167747004889e+04 -4.362127748550850083e+04 -4.122870106017222861e+04 -4.237568912445558817e+04 -7.061856989515977330e+04 -3.556895345798795461e+04 9.440113332471821923e+04
1.481484826491213753e+05 1.106383638991974294e+05 9.481259091175159847e+04 1.191393614630214724e+05 1.446195148071274161e+05 1.170894466922618449e+05 1.202203757653478096e+05 1.492252732568886713e+05 1.168096941744443902e+05 1.551164685608818836e+05 1.840081217221450061e+05 1.543173280649352819e+05 1.488327774719800218e+05 1.125558792660012841e+05 1.220777365611866117e+05 1.149056768533773720e+05 7.404646309558313806e+04 4.487038764636951964e+04 1.698123598471283913e+04 1.864736796473152936e+04 1.351726541644905228e+04 -2.828019787324592471e+04 -5.993699403479706962e+04 -5.847228400525636971e+04 -6.294908029027283192e+04 -5.331907384330418427e+04 -8.264889893587678671e+04 -6.220353206153970677e+04 -2.316850508912466466e+04 -7.913229109486576635e+04 -8.361771848984074313e+04 -5.965991087257879553e+04 -5.754352811025473056e+04 -4.677633082726976136e+04 -4.891451582079747459e+04 -4.802649236633442342e+04 -5.004552300320938230e+04 -5.394160946598282317e+04 -4.320689219050109386e+04 -4.144443072495039087e+04 -1.215309658320597373e+04 -1.388585165957891149e+04 -4.998346342006686609e+04 -1.040601871558430139e+04 -4.160923317423966364e+04 -4.281851382344018202e+04 3.042803230579016963e+04 -3.713369648787059123e+04 -1.799373069743148517e+05
1.790927086083684117e+05 7.321562948054634035e+04 5.793045716825872660e+04 8.182937411125743529e+04 3.737783465185202658e+04 4.489383868756698212e+04 8.307141848490567645e+04 1.114347334310879814e+05 7.892784214578592218e+04 4.803022500709630549e+04 1.110467635327951284e+05 8.181059397524246015e+04 7.651153041399084032e+04 1.435757329943588702e+05 1.190202813455833821e+05 7.738454971578903496e+04 1.049691611900925636e+05 1.792318859999066917e+05 1.512569636595434276e+05 8.379433598718605936e+04 1.471002876595591661e+05 1.736850467929616570e+05 1.074906209635084961e+05 1.422504423290952109e+05 1.717294543865134474e+05 7.872311319573782384e+04 8.261064885999099351e+04 1.355216215562543366e+05 1.056324339064303786e+05 8.470729597262106836e+04 4.574532272876240313e+04 3.455644589383178391e+04 7.046254764660308138e+04 4.650454781134612858e+04 1.013343903701775707e+04 1.172212993144034408e+04 9.731852466939250007e+03 5.871597947552800179e+03 -1.717485651257447898e+04 -4.938171404297440313e+04 -5.255142488051252440e+04 -8.637663859408302233e+04 -8.889211843721545301e+04 -4.930011086165928282e+04 -4.570494517916813493e+04 -7.936882922542258166e+04 -1.077055045682941563e+05 -4.323169496841845103e+04 8.037992671132180840e+04
1.655514508602209971e+05 6.615515724522987148e+04 -1.230558797600673279e+04 1.023266233736649156e+04 3.187746824813075364e+04 -2.576442538527766010e+04 -2.019664168125018477e+04 6.432854738086462021e+03 6.282811952987685800e+03 1.048278876580297947e+04 5.561984297819435596e+03 1.006701942416839302e+04 5.861214797478169203e+03 3.584449342451989651e+03 1.445604954962612828e+04 7.185609892476350069e+03 -1.175100703257950954e+03 -2.559042082633817336e+04 -1.994800434680649778e+04 4.497160391765640816e+04 4.257726166397344787e+04 3.753714275080710649e+03 5.012980622705072165e+03 -2.546935270423989277e+04 -2.731702866731199902e+04 4.567577303969278000e+04 8.087833549245260656e+04 3.400288781267590821e+04 -2.585307479370385408e+04 2.132770946947881021e+04 4.785007329075597227e+04 4.297885515261325054e+03 4.041777735343214590e+04 8.061723120626981836e+04 4.502781267045054119e+04 1.657904253923334181e+04 7.908109311596513726e+04 7.570419396623061039e+04 2.095839367015287280e+04 8.405900732264830731e+04 1.146932784852104960e+05 8.264280144590907730e+04 7.835440057329810224e+04 5.351899191271490417e+04 8.927597819128958508e+04 1.194238707458132412e+05 8.976320074871205725e+04 1.808099231193752494e+05 3.617486790218357928e+05
-2.209887388395144953e+05 -6.339405907783657312e+04 2.001341596245765686e+04 -2.133388179470786417e+04 -3.309710090048611164e+04 -2.519289263407698309e+04 -5.015257017454130983e+04 -2.457536387373688922e+04 5.489683975465581170e+03 -2.158313185325822997e+04 -5.738964748103175953e+04 -2.184845212963419908e+04 -2.540626520989462006e+04 -5.961478121113029920e+04 -4.822932654060421191e+04 -2.404351755045351456e+04 -3.352136546163814637e+04 -5.585240706568581663e+04 -1.933323620352892613e+04 -5.120408563408999180e+04 -8.359150655916889082e+04 -2.671605689334671479e+04 -2.602455361513423850e+04 -5.526535480166782509e+04 -5.581995298969562282e+04 -4.784442737698552082e+04 -1.414375253953033825e+04 -2.862081450177362422e+04 -8.669112772680807393e+04 -3.925952558754920028e+04 -1.379855835461040260e+04 -5.667472427710902411e+04 -5.154114206903643208e+04 -4.401639042771415552e+04 -1.669388995389442425e+04 -1.200695032253843965e+04 -4.384268852765677730e+04 -4.678375522024004022e+04 -3.819386910297902068e+04 -3.913241528440255206e+04 -3.880080087459646165e+04 -3.820472621126100421e+04 -1.178936120704736095e+04 2.660016606096189935e+04 2.264124876821879297e+02 -6.352672677137865685e+04 -6.207147915149095934e+04 -3.842592205619905144e+03 5.008865241310535930e+04
1.247990586690138443e+05 9.317635818966664374e+04 1.998287310940215684e+04 -2.066342353820799326e+04 -1.577851533656939864e+03 6.216656108153976675e+03 1.320589754730462664e+04 7.238156468374640099e+03 5.079220951301969762e+03 9.578459407202895818e+03 5.523750823922451673e+03 9.243955349083982583e+03 5.887637509731574028e+03 2.850257743848485916e+03 1.433745198766700378e+04 6.983060564380117285e+03 -3.161170512903486269e+03 -2.451866804622112613e+04 -1.976330430712550151e+04 1.023399339988827342e+04 9.799505509436119610e+03 4.057581942761298706e+03 -2.649015886010606846e+04 -5.506117670563978754e+04 -2.414568170323022059e+04 -1.658344870782445651e+04 -4.540741452132352424e+04 -2.911252958117988601e+04 -2.473030986380754621e+04 -3.874045362696050142e+04 -4.475311995716759702e+04 -5.652519386028882582e+04 -2.010811726329877274e+04 -1.323968048673105659e+04 -4.820823448826558888e+04 -1.217658748966656276e+04 -1.238075039349513827e+04 -7.632032462512157508e+04 -6.830973270582043915e+04 -8.557071688119322062e+03 2.356838180101488251e+04 -5.929382186149887275e+03 -4.184751962195138913e+04 -3.628459902247122955e+03 1.721484230365895201e+03 -3.042082500644016545e+04 6.569251453041215427e+02 2.630718488479038933e+04 1.783210115274344571e+04
-3.002011153497738997e+04 -4.791965591721236706e+01 2.011712704901577672e+04 1.095933997770765563e+04 2.897063101758249104e+04 6.701609495794400573e+04 1.380677922628819942e+04 7.946838667849195190e+03 6.560502615990123013e+04 3.980522272642701864e+04 3.613192078541032970e+04 3.947077900636947015e+04 3.645083445706404746e+04 9.366033324389715563e+04 7.501809384091751417e+04 3.726673834607939352e+04 8.685484473477117717e+04 9.694563222234134446e+04 7.092639053473246167e+04 6.946044027805325459e+04 9.996972715016434086e+04 1.246004082483704551e+05 1.242430912260899786e+05 9.632155975443321222e+04 9.703547860379339545e+04 1.640510402771176305e+05 1.651898792572317761e+05 9.020268715918081580e+04 9.406890763086237712e+04 1.714247763110325322e+05 1.947539416456128238e+05 1.522555282560641645e+05 9.842583270045043901e+04 1.339059281791556859e+05 1.586641537607646314e+05 1.047309465357102454e+05 1.346583195799031528e+05 1.620704273262529168e+05 1.387302343186456710e+05 1.359048336616246961e+05 7.978701232350408100e+04 8.159733827109425329e+04 1.345438072911927011e+05 1.130158042104449123e+05 8.972987623885297216e+04 8.809596009203209542e+04 8.680688157328427769e+04 5.068446818389976397e+04 -1.719077646848838776e+04
-2.971033254987560213e+04 -9.304942109156399965e+02 -1.019457611138929497e+04 -1.869786488823592663e+04 2.726554111926816404e+04 3.469918805407360196e+04 1.362173889763653278e+04 -2.110896520433027763e+04 -2.557393358438284486e+04 3.756361221894618939e+04 3.463938530301669380e+04 -2.112573520280417870e+04 -2.341481940471564303e+04 3.094617398804982076e+04 1.387320252018980682e+04 -2.274779502185989986e+04 2.313234796747559449e+04 5.324913907097652555e+03 -2.020613882108588587e+04 6.717945019481674535e+03 8.598069939762383001e+03 3.701798161491751671e+03 2.785655229818075895e+03 5.710587754147127271e+03 -2.074786558630884974e+04 1.393959947745286627e+04 4.342913910280898563e+04 -2.873742924770346144e+04 -2.508269413141554105e+04 2.274373671971264412e+04 1.608347037457863917e+04 3.603726311121135950e+03 1.148917190614159335e+04 1.591585607617162168e+04 1.011341593810357153e+04 -1.109153292607510230e+04 -9.599058653693529777e+03 4.669761121971544344e+04 2.328307108837200212e+04 -3.804716989397990983e+04 2.576104341307716095e+04 5.771251244703348493e+04 -7.524164951173588634e+03 1.358992706518911291e+03 3.767411899752926547e+04 3.581183411763043841e+04 3.295423451811075211e+04 2.502650204813107848e+04 1.612331894924840890e+04
-1.923572226043325209e+05 -5.434673260082487832e+04 2.097530968952921103e+04 -1.424248213763348758e+04 -2.714513206272386014e+04 7.541424357332260115e+03 1.654067796538583934e+04 1.174837738974016975e+04 5.248353272909298539e+03 -1.804458100814372301e+04 -1.974066919647154282e+04 9.767349476460367441e+03 8.341867212438955903e+03 3.499491057591512799e+03 -1.190081427339464426e+04 8.473026565043342998e+03 2.193954553571535507e+04 -2.100215710001066327e+04 -1.820623143576085567e+04 3.421399931423366070e+04 3.780926336883564363e+04 -2.196575456880978891e+04 4.125958661315991776e+03 3.547253606724564452e+04 1.205040569650009274e+04 1.599542052717879415e+04 1.544365947484035860e+04 2.958695035078568617e+04 4.624580976087803720e+03 -2.815989331574994139e+03 4.580199292977331788e+04 6.059768389328391640e+04 4.234074398176764953e+04 -1.055111212888716545e+04 -1.752755706896993797e+04 4.714537358842772665e+04 7.778924213605927071e+04 2.188773141475398734e+04 -2.592823831364614307e+03 4.771639830432819144e+04 2.947369778063116246e+04 6.192066591465681995e+03 5.238631749525651685e+04 3.412788426037845056e+04 -1.251477418816647696e+04 1.306411175988610921e+04 7.875935015035520337e+03 -5.760912530939024145e+04 -1.224375530949314707e+05
1.419270276185124821e+05 5.744760023429986904e+04 -3.333789702504867455e+04 -4.027573285740797292e+04 1.870449121342971921e+03 -1.906051970319816610e+04 -3.737053503049537539e+04 -1.440379391307936748e+04 5.975485544186085463e+03 -1.701330911251716316e+04 -1.831095339264714858e+04 -1.694129979936406016e+04 -4.554648456163704395e+04 4.241266842000186443e+03 1.670603572973050177e+04 -4.556877452530903975e+04 -5.635968314018216915e+03 7.383977866265864577e+03 -4.491029307828278979e+04 -2.090293117449613055e+04 1.058037029579275986e+04 -2.087911913287837524e+04 -2.275810284772893647e+04 8.428452200023457408e+03 -1.417120515368890483e+04 -1.081820132327271858e+04 -1.168339184019732056e+04 -2.510149313602602342e+04 4.821151680080220103e+03 -1.948480075225350447e+03 -8.924568045185937081e+03 5.389443340245692525e+03 -1.218408269574871520e+04 -1.006897128769202391e+04 1.007479125284584006e+04 -7.968658829340594821e+03 -4.769845592090743594e+03 -4.925993526121601462e+03 -2.265931747388152871e+03 1.955455776187585434e+04 2.316103783668891992e+03 7.067224711645219941e+03 2.472416151897044620e+04 3.432150650187407155e+04 4.353286829194991151e+04 1.350299473619082710e+04 7.802132794168079272e+03 8.053552546072646510e+04 1.819337689690269763e+05
5.986318158684298396e+03 -2.374907861812971532e+04 -5.877212316496294807e+04 -6.481269743293520878e+04 -5.041607280960306525e+04 -7.106765724602153932e+04 -6.160256342263890838e+04 -6.536347218905585760e+04 -1.001597626379226131e+05 -6.888903657905754517e+04 -6.925154087482961768e+04 -1.219782454532105767e+05 -1.225700731493998028e+05 -1.012171416007913213e+05 -1.153752761322538718e+05 -1.227074263850227289e+05 -8.515080880373722175e+04 -7.146779786329710623e+04 -1.229047222586813732e+05 -1.268417325464542373e+05 -9.525799431372422259e+04 -9.898837338900193572e+04 -7.441945826751191635e+04 -4.350553358905017376e+04 -6.465339811053138692e+04 -8.949452598462800961e+04 -9.100637851515784860e+04 -7.718647878849890549e+04 -4.869720716029405594e+04 -5.429787748144019861e+04 -6.144116731360554695e+04 -4.814432080020196736e+04 -3.748764938325656112e+04 -3.655589974718168378e+04 -4.474584539420914371e+04 -3.472520763287320733e+04 -5.796818849048577249e+04 -5.760999180609383620e+04 -2.313414488453650847e+03 -9.093578420579433441e+03 -2.413508956902637146e+04 8.312789010815089568e+03 2.443925038794986904e+04 6.961686054710298777e+03 -1.047581630409718491e+04 4.129540355876064859e+04 6.163475061184738297e+04 -3.135552910272846930e+04 -1.498864083073562942e+05
-1.719531920389283914e+04 5.924019498052075505e+03 5.081887137144798180e+04 7.155530768795864424e+04 5.712333733681589365e+03 1.140916291857132455e+04 7.394335050950755249e+04 7.021838646032850374e+04 6.164219884318302502e+04 3.925263165496286820e+04 6.568736414075842185e+04 9.281280589057142788e+04 6.571124400361438165e+04 6.003237710683604382e+04 7.268833994981829892e+04 9.194797201431362191e+04 7.550519491080204898e+04 3.639580372604540025e+04 3.850034941453485226e+04 6.106223784270694887e+04 3.975220065331086516e+04 9.828552459366590483e+03 3.423874723725026706e+04 6.535510885762047837e+04 4.523207114543757052e+04 -6.336326480377349071e+03 -7.736233609029877698e+03 3.296219968469822197e+04 3.432926471345129539e+04 3.267678179545211606e+03 -3.019722202094265958e+04 -1.709271013271043194e+04 2.109688020427717129e+04 2.148798644193451037e+04 -1.363708244753075996e+04 -2.951527732191610266e+04 -2.469342143856923212e+04 -2.326314385631127516e+04 3.452953237574460218e+03 -4.106709761545032961e+03 -1.641853585955675226e+04 -1.005158602376459748e+04 -2.205413221730844816e+04 -1.185483198845753213e+04 -2.767032067524248851e+04 -3.044381332467301399e+04 1.486212320392968832e+04 2.940321772359311581e+04 1.980612299404991791e+04
1.842058732989232522e+04 -1.382014588336460292e+04 -4.909480098402127624e+04 -2.755321112577803433e+04 1.260679005761630833e+04 -8.822707588551566005e+03 -2.563674391596572241e+04 -2.231219060486124363e+03 1.356278050807304680e+04 -3.453266039839945734e+04 -3.308816790347907227e+04 1.828554338659159839e+04 -7.608746085315942764e+03 -1.389118481543846428e+04 -1.285599339753389359e+03 -8.442654903046786785e+03 -6.666683661751449108e+02 -1.187791016069240868e+04 -3.606966717983596027e+04 -1.467992041027173400e+04 1.708446530974458437e+04 1.408866336569184205e+04 1.183601542026735842e+04 -9.092734153382363729e+03 -1.806048998841899447e+03 2.366318096057517687e+04 2.174225350958295166e+04 1.025363464723346988e+04 -1.600513957324431976e+04 6.710005422355723567e+03 5.223305475898081204e+04 3.827884666388842743e+04 2.473474512225948274e+04 2.365949323517270386e+04 1.414809875655919313e+04 2.546374870464205742e+04 3.127260026987636229e+04 3.384870174108078936e+04 3.190020130015909672e+04 2.295684760669240495e+04 3.988548304885652033e+04 7.372755960794159910e+04 6.033895974745959393e+04 1.776323706493707141e+04 3.257722682319581509e+03 1.054427749477326870e+02 1.684187911683713901e+04 2.994474321603775024e+04 1.994214588310499676e+04
2.394296387676137965e+04 -9.812462204135954380e+03 -2.004999752738518873e+04 2.005573358619585633e+03 -9.086722874781116843e+03 -3.102272311924025416e+04 3.557321801781654358e+03 1.678378731012286153e+03 -3.481286349822767079e+04 -3.139088105643168092e+04 -2.911626732442533830e+04 -4.233775536995497532e+03 -4.069286824669688940e+03 -3.632450923905707896e+04 -2.377215813379734755e+04 -3.085786346229730407e+04 -2.397336415131582180e+04 -9.043427529977634549e+03 -3.310376971960061928e+04 -3.783141326159232995e+04 -5.787247690488572698e+04 -6.082653743564151227e+04 -1.134817610844038427e+04 -6.064623799174907617e+03 -5.036226470023416914e+04 -5.204973486135725398e+04 -2.835881242528569419e+04 -6.544502458069485147e+04 -6.662089648423716426e+04 -1.793806576635688543e+04 -5.074277619249152485e+04 -9.132040197961032391e+04 -5.263516021776059642e+04 -5.477603553794301115e+04 -9.125092368340131361e+04 -2.776897302246675827e+04 -2.202049408806511201e+04 -7.169592877617117483e+04 -4.876366809010517318e+04 -3.251288047176774126e+04 -1.487336890655546449e+04 -7.549977633170783520e+03 -2.202254379284568131e+04 1.448177522281219717e+04 5.322258898406277876e+04 5.000568892341095489e+04 6.628653580439323559e+04 5.239582739421213046e+04 -1.096013140981225297e+04
-2.535772590746637434e+05 -1.343998551240656525e+05 -4.264214998576801736e+04 -2.019670810783281922e+04 -3.088097586063668132e+04 -5.344713337253790814e+04 -7.072970643523149192e+04 -2.089299980900238734e+04 -6.493470205459627323e+03 -5.486288408632390201e+04 -5.214839461725205183e+04 -2.775088210357353091e+04 -1.993499153759330511e+03 -3.449056152487173676e+04 -4.786871850606985390e+04 -3.570665701990947127e+03 -4.879500206443469506e+04 -5.965649909339845181e+04 -6.538876189151778817e+03 -1.144222653005260509e+04 -3.157818745239637792e+04 -8.756644495297223330e+03 -1.096222233842127025e+04 -3.150631817290559411e+04 1.807604422792792320e+03 2.549490954843373038e+04 -2.643114986131200567e+03 -3.942438969854288734e+04 1.096073840861208737e+04 5.977324329898669384e+04 2.732475042575970292e+04 1.289337266120139975e+04 -2.681224327534437180e+02 2.376331072184245568e+04 6.579913696739822626e+04 5.114792719483387191e+04 3.125769588164973538e+04 3.455458143725991249e+04 5.751098096021451056e+04 4.751043814467254560e+04 3.964993530069512781e+04 7.389119546976871789e+04 5.942586509627278429e+04 4.329245259403286036e+04 8.253811060800205451e+04 7.938239901908650063e+04 1.556655356194800697e+04 1.368638065177598037e+03 4.411155184963671491e+04
1.665825526695697408e+04 2.891266604419798023e+04 1.485898677376100022e+04 -3.880067691905425454e+04 -2.142145572346635163e+04 3.237105263513512182e+04 -1.189911950728855663e+04 -3.774956496781666647e+04 2.198058310896119110e+03 4.817126207053659527e+03 -1.607693280209789009e+04 -1.781970277777874435e+04 -1.748216106090693938e+04 -2.411910901311783891e+04 -1.163713001995347440e+04 -1.810879189404664794e+04 -3.853436843957754172e+04 -2.331367648323066533e+04 -4.693638223223385285e+04 -5.134140150854361127e+04 -2.041463079047386418e+04 -2.303918750258162618e+04 -2.376909794169481029e+04 -1.757894067442975938e+04 -1.005661677103489637e+04 -4.075808442546968581e+04 -4.233096933225158136e+04 -2.492506248061551014e+04 -2.893754462827928364e+04 -6.166426055133313639e+03 -3.810046003665751778e+04 -7.965171337011281867e+04 -3.978151369607110973e+04 9.940010576974542346e+03 -1.142032854259072337e+03 -4.369567459216329735e+04 -6.408535005757585168e+04 -3.220880410168325761e+04 1.543821049388492247e+04 -2.390560488915065071e+04 -5.706244077300641220e+04 5.394540998385869898e+03 1.572999458061525365e+04 -2.924040659796458203e+04 -1.577855940442561405e+04 7.733607138507068157e+03 -4.351477065356506500e+03 7.513373142573633231e+03 5.024587141582695767e+04
2.442367731709952932e+04 3.466299963998608291e+04 1.875095766852603992e+04 -8.871561450650915504e+03 -1.668157087522558868e+04 1.055871067685069283e+04 4.375111627974547446e+04 1.803550786455156049e+04 -2.058738397434353828e+04 7.848062962293624878e+03 3.987711785943247378e+04 1.156914576422434766e+04 1.168320459313690662e+04 4.997358667897060513e+03 -8.983354356605559587e+03 1.096077920403337339e+04 1.653041062061680714e+04 3.168584694038142334e+04 3.463817535783161293e+04 4.085345250787213445e+03 -1.806446537259031902e+04 3.225195802515393007e+04 3.208664636476902524e+04 -1.447056262870319188e+04 4.598701844224726665e+04 4.118878191686261562e+04 1.362652187701326329e+04 3.208514762693090597e+04 8.071492938325391151e+02 2.357949162600576528e+04 1.873598643811437069e+04 4.040160464356013108e+03 4.453758892486816330e+04 1.414750197553093312e+04 3.274096734821912833e+03 4.109594197361724218e+04 2.067097555380301492e+04 -4.697830567602068186e+02 2.044182694982730754e+04 3.513950608903531975e+04 2.923479942721313637e+04 1.064888658700521773e+04 2.131700256606558105e+04 3.035356064909131965e+04 1.663613819400783541e+04 4.099576345179218333e+04 2.907462493283647200e+04 -4.208990468177873845e+04 -1.102605241211121029e+05
-2.311497697758021532e+05 -1.160637656820472912e+05 -2.735082836588844657e+04 -2.744464196264749626e+04 -3.253664832096546888e+04 -5.663499562069773674e+03 -2.736723821260966361e+04 -2.533266433514648816e+04 -1.060433553415350616e+04 -3.641580599243749748e+04 -5.562011490692387451e+04 -3.058084556832918315e+04 -3.634731671772897243e+03 -9.774668838363140821e+03 -2.516029585618522833e+04 -5.845569122117021470e+04 -2.453690073452904471e+04 -1.015244213282130659e+04 -8.864997848402705858e+04 -6.426888358430002700e+04 -7.405018745921523077e+03 -3.822026550653401500e+04 -6.406412957352597732e+04 -5.774860363220795989e+04 -2.436368997674422280e+04 -3.069433494354581489e+04 -8.678122589946731750e+04 -6.559961547260184307e+04 -1.683206301298925246e+04 -5.227529064286516223e+04 -8.395310184801930154e+04 -4.300349101540612173e+04 -3.068110733060172061e+04 -3.461738752434033086e+04 -4.593712102156144101e+04 -6.567946972674687277e+04 -3.214676409610535484e+04 -2.522485015448182821e+04 -3.244080933858640492e+04 -1.800504336599254748e+04 -2.612425921368424315e+04 -4.689039178541861475e+04 -3.580017645144823473e+04 4.863201710396679118e+02 -1.532600671169330599e+04 -1.864624681766139111e+04 -8.160678402055054903e+02 -4.587169327773083933e+04 -1.189574089692898560e+05
7.608909663977098535e+04 2.481547772185874055e+04 -2.543394525186155806e+04 -2.546724369633011520e+04 -2.118610284524038434e+03 2.443439495982602239e+04 2.927202177583239973e+04 -2.410565360216432600e+04 -9.139738648664293578e+03 4.762949844589454005e+04 2.855272524640889606e+04 -1.797187228221446276e+03 2.516829147236418794e+04 1.901399612310339580e+04 3.106093227048404515e+04 5.337284170323982835e+04 4.160338619258342078e+03 1.847837537759914994e+04 2.333973344531840121e+04 2.055708295200018620e+04 7.775878490880112804e+04 4.669834661763135227e+04 2.148822533432398268e+04 8.472628443501872243e+04 6.191175390384133789e+04 2.778753006947215908e+04 8.541915986919790157e+04 7.960312198265468760e+04 1.547703010495759372e+04 3.665814499137940584e+04 9.156023869407354505e+04 7.692254582187149208e+04 3.238599973730763304e+04 2.913085539592418354e+04 4.761800190666696290e+04 2.762252357439143816e+04 3.292106995708320756e+04 4.077144942944875220e+04 4.833897085627599154e+03 2.009651289205061039e+04 4.083250903058791300e+04 -9.766849823062890209e+03 -2.742888162960286718e+04 8.909914836986048613e+03 -7.755867297528020572e+03 -4.095165251404966693e+04 -8.221775680780463153e+04 -1.584088800230518973e+05 -2.342336263332946692e+05
8.723157965228892863e+04 3.208445479511286248e+04 6.740312590263783932e+03 -2.135640584747307003e+04 -8.142055064672604203e+04 -8.346334246569316019e+04 -5.094330570078452001e+04 -1.939663892029775889e+04 -3.222000199137246818e+04 -8.895935811218802701e+04 -7.900832045008428395e+04 -5.300189187400977244e+04 -5.466387901105915807e+04 -6.054235671414059470e+04 -7.785599588532929192e+04 -8.336852174135859241e+04 -4.709006388555289595e+04 -6.277949183364397322e+04 -8.598224065382960544e+04 -5.950216784607616137e+04 -6.097919583553442499e+04 -6.481512502417896758e+04 -9.031418253085587639e+04 -5.495735403732419945e+04 -2.232047768076899229e+04 -8.780693012289685430e+04 -8.675559070310537936e+04 -3.405726817785768071e+04 -4.322782560251635732e+04 -5.330337979365128558e+04 -5.562820729915978154e+04 -7.142403394100267906e+04 -3.050362753099796828e+04 -4.724817923270049505e+03 -4.525509808096103370e+04 -6.770871344255271833e+04 -4.382388272788026370e+03 3.337838324718188960e+04 -3.353938602143875323e+04 -4.846095311455416959e+04 3.150410777307162061e+04 6.976386115653463639e+04 5.246688889339554589e+04 5.909356842632440384e+04 1.029872040648478433e+05 1.311094836622938747e+05 1.217936213116628933e+05 1.376698048820245895e+05 1.832901942182765342e+05
-7.407933544251130661e+04 -1.540036046528257430e+04 1.405043333303183317e+04 -1.537727432092651725e+04 -4.582282540970481932e+04 -1.882909427862620214e+04 4.438732199138024589e+04 1.768133236211712938e+04 -5.586382647510617971e+04 -2.515504119917744538e+04 -1.296850943006580928e+04 -4.621958563220687211e+04 -1.842927555786445737e+04 7.446299741277471185e+03 -1.178748619277030230e+04 -1.634306591935449978e+04 -6.553346692817285657e+03 -2.521890562144108117e+04 -1.682761667645536363e+04 1.362514859763905406e+04 -2.269601645180938067e+04 -2.692892412422207417e+04 1.136268818052485585e+04 -1.378611924243153771e+04 -1.281484990729932906e+04 4.368092452990805032e+04 1.587107410537987016e+04 -1.965588961378677050e+04 3.292298729065788211e+04 1.834559874027012847e+04 -1.284521891851915279e+04 3.572938612196623581e+04 4.556990294600871857e+04 -2.107191157294419827e+04 2.250235166866623331e+03 3.950341704068717081e+04 8.186638968763814773e+03 5.023445007507700939e+04 1.214210722828318831e+04 -3.569106074050057214e+04 4.655824270914349472e+04 5.345603292575152591e+04 3.822612062795087695e+03 7.334703970700618811e+03 1.876956641441216925e+04 1.686176330083975336e+04 1.024091866449447116e+04 2.981321018189139431e+04 7.770359575748397037e+04
1.189390184544026561e+05 5.149116137064990471e+04 4.794186135171906790e+04 8.027667552698400686e+04 1.863518412224948406e+04 1.434919184655879508e+04 7.852747398661446641e+04 1.941984402830700856e+04 7.014539130031960667e+03 7.000802099937571620e+04 5.171529463026668236e+04 1.755288295797074170e+04 1.385518486145883253e+04 4.122161858016623592e+04 8.449673877912570606e+04 4.847472200868643267e+04 -4.118318411055966862e+03 3.950413295067845320e+04 4.893904448603278433e+04 1.727352124289608037e+04 1.024991249549204076e+04 5.605143517022981541e+03 4.637285232194708078e+04 8.488891951506951591e+04 5.253202252788454643e+04 -1.842542032594777993e+04 -1.380569024942797842e+04 4.755467228707866161e+04 6.890198254841374001e+04 1.984011660795638454e+04 -1.143745503621187527e+04 3.894976373645511921e+04 4.790992982685600873e+04 1.311060549691319466e+04 -2.867299733683478553e+04 8.783142882166139316e+03 4.146352975047176005e+04 1.793372304178780178e+04 1.324799223686574260e+04 -2.210876756580488291e+03 1.310841259430174250e+04 1.938178852899011690e+04 3.699572090990829747e+04 5.423689716262219008e+03 -1.771890100906637963e+04 1.469378052279353142e+04 9.282331091817410197e+03 3.022710053133725887e+04 7.890782046248158440e+04
1.458685282652731694e+05 6.796630542841739953e+04 2.446700388449243837e+04 2.526282650185748935e+04 3.034398867283016443e+04 2.442015503183938563e+04 2.319435080746188032e+04 2.786827796488071181e+04 1.603228269494143024e+04 4.973427517805245589e+04 6.580662355059754918e+04 2.909220896777699818e+04 2.313021664507687092e+04 2.020621101837605238e+04 3.130792588810433517e+04 6.274808034999304800e+04 4.287276124116042047e+04 1.769258133368563722e+04 6.563864077208560775e+04 6.835381356766447425e+04 2.042021816712809959e+04 4.985182801494392334e+04 9.811834685970115243e+04 6.845410269103018800e+04 2.854478174587711692e+04 2.347971096867695451e+04 6.716222985298390267e+04 1.008941474312452483e+05 8.793675037915818393e+04 6.492713356507010758e+04 6.981496371678065043e+04 9.117945360136230011e+04 2.469652651110710576e+04 2.520032176282221917e+04 1.288908038951923372e+05 9.359193097217963077e+04 1.563415146898478270e+04 2.613229476613935549e+04 6.203708101180358790e+04 8.402123167412332259e+04 5.688317807274847291e+04 6.174826224916602951e+04 4.710956559865723830e+04 8.844882895937189460e+03 1.686142858001403511e+04 1.675403024302795529e+04 5.501114540267770644e+04 8.193722108844667673e+04 5.801323260646266863e+04
-1.571011706371791661e+04 -2.922192033729515970e+04 3.049161043018096825e+04 6.790555797982959484e+04 3.910566685488447547e+04 6.905547244590704213e+04 6.571896116249260376e+04 7.081835195538599510e+04 5.968128854525288625e+04 5.841240857960654830e+04 1.142484432354104647e+05 7.518457352183772309e+04 6.716085650376041303e+04 1.033341126865706756e+05 7.685762099805285106e+04 7.446496271877561230e+04 9.349012808292178670e+04 1.014501988945993944e+05 1.179913068423047080e+05 8.539443140733049950e+04 6.712544063222588738e+04 9.831801303313125391e+04 1.156572096259335522e+05 1.207772909197955159e+05 1.124099660792853683e+05 1.096273061563259689e+05 8.243649883195757866e+04 8.184207096346665639e+04 1.059612252039368032e+05 7.641168470843683463e+04 1.235598694579671137e+05 1.484851845435330179e+05 7.337474062223988585e+04 3.659187549608736299e+04 7.322057864745170809e+04 1.509631214616815560e+05 1.015321167313957121e+05 7.371255610138177872e+04 1.169820525136308279e+05 6.194501306279539131e+04 6.606982062221551314e+04 6.815126638393918984e+04 5.632969030993967317e+04 9.337379199685528874e+04 5.771234861807944253e+04 1.814949884428619407e+04 2.360655326512618922e+04 5.619375024107214995e+04 1.112046069547059014e+05
-5.021826197858899832e+04 1.105416839942336082e+04 7.105778681812807918e+04 7.149190790718415519e+04 4.300592550192959607e+04 3.563564431387936929e+04 3.195100212469696999e+04 3.709069562028162181e+04 2.627195916953502456e+04 2.482592383283190429e+04 4.402457977994345129e+04 8.083386452170088887e+04 7.211635540006676456e+04 -5.453548077493906021e+03 5.385844059055671096e+03 4.138252896955236793e+04 2.303515791893005371e+04 6.886096863541752100e+04 8.625723778153769672e+04 1.446156945661641657e+04 -6.192101774504291825e+03 6.429241746081993915e+04 8.255784838343982119e+04 8.346254774369415827e+03 -2.243088056565960869e+03 7.379101656377292238e+04 8.584806979983102065e+04 4.552945359842863400e+04 2.994613511022180319e+04 -2.654646014561993070e+03 5.186190432868665084e+03 7.062940530013316311e+04 7.221681427676288877e+04 3.504229854210279882e+04 3.242328273248870391e+04 2.871054241317324340e+04 5.799034169293020386e+04 2.787618720438331366e+04 -9.427504319464787841e+03 5.772986654425028246e+04 1.764465520158340223e+04 1.950765711720986292e+04 4.888644177583046257e+04 2.101253154687350616e+03 4.875725035089976154e+04 8.293811167823150754e+03 -2.708463272079778835e+04 4.864516438334155828e+04 1.041543465957501903e+05
2.551602504344191984e+05 6.615725861047388753e+04 -4.196936644613742828e+04 -6.243775633629411459e+02 5.571386356721632183e+04 4.123296006582735572e+03 -4.534402188961388310e+04 2.146231813822058029e+03 3.512003502342861611e+04 -9.824356137542054057e+03 -3.011855724733328680e+04 -3.123355195624753833e+04 -4.443789727170951664e+04 4.305792202590964735e+04 5.332052358193323016e+04 -3.422433561063371599e+04 -5.103758211364044109e+04 -4.592217351309955120e+03 6.097404353902675211e+04 2.676771340542472899e+04 -3.373150828992889728e+03 -1.371635003481071908e+04 1.041671386803500354e+04 5.635283484938554466e+04 3.876006738049897831e+04 3.899031201028253417e+04 1.105059732100914698e+04 1.070503946160897613e+04 3.709936640108935535e+04 3.882122962735593319e+04 5.048401558888144791e+04 3.587579321814689320e+04 3.217808643355977256e+04 3.832765396567992866e+04 3.946853692294098437e+04 3.089288856834173203e+04 1.140193876461125910e+04 -2.302741855615761597e+04 -1.370366865652636625e+04 1.674488648655824363e+04 -3.698479285929398611e+04 -1.313476440194060560e+05 -1.871591174951749854e+05 -2.444617072632545023e+05 -4.309655360341998748e+05 -8.002053790423066821e+05 -1.392768786400562152e+06 -1.957914156595934648e+06 -2.364738333370729350e+06
-8.436941771302375128e+04 7.189353364985439111e+04 1.336656233354005672e+05 1.321385907474904961e+05 1.936395374767016619e+05 1.841915430920198560e+05 1.315058271284214861e+05 1.367999483377208235e+05 1.734822042926679715e+05 1.716685169783885940e+05 1.516368771798444213e+05 1.519621418474708917e+05 1.377644517610314069e+05 1.869362191308754263e+05 1.524730112135875970e+05 1.073335407592821866e+05 1.384431123617106350e+05 9.487126912805251777e+04 1.211369491450022906e+05 1.331729981489479542e+05 9.882780995569191873e+04 1.347542944329327438e+05 7.019858721643686295e+04 2.539334734319662675e+04 5.005204227287322283e+04 5.639422858366742730e+03 2.510116948629776016e+04 2.499410172924422659e+04 -8.903267291141673923e+04 -9.211933211889071390e+04 -1.272735715645826422e+05 -3.354581531952151563e+05 -4.904936333466337528e+05 -5.825552019290622557e+05 -8.249499216035478748e+05 -1.180784023007143987e+06 -1.355144189997808542e+06 -1.345344673455695156e+06 -1.233144463943317067e+06 -1.050391797207991593e+06 -8.173249095911160111e+05 -5.749669021181780845e+05 -3.848511166137168184e+05 -1.534957226761602797e+05 1.333820595347774215e+05 5.651577744714436121e+05 1.192415906675165053e+06 1.655197800763410516e+06 1.899192276287321933e+06
1.830372111406171462e+04 -1.130993990693241358e+04 -5.043317557196132839e+04 -5.513186809374013683e+04 -3.237699735676869750e+04 -9.562089585931960028e+04 -1.596022339537739172e+05 -1.040477540157734184e+05 -5.940351454773929436e+04 -1.139295660215429962e+05 -1.370789488602895290e+05 -8.435782064450916369e+04 -1.051676480553578585e+05 -2.022192288830409525e+05 -1.921330052695701597e+05 -1.400587439432276879e+05 -2.039185451914088335e+05 -2.070649790845345706e+05 -1.759363465185742825e+05 -2.118066934228406753e+05 -2.068604807252995670e+05 -2.207221711392048746e+05 -2.376226412260441575e+05 -2.892878158646631055e+05 -3.176214031269773841e+05 -1.578936864272695966e+05 -1.339316913613588549e+05 -2.358248816546988674e+05 -1.539131766196805984e+05 -1.095724991697357036e+05 -4.293386789620900527e+04 9.416786299902107567e+04 2.333500508649740368e+05 4.432217625319021754e+05 6.478120122803379782e+05 9.326526720414389856e+05 1.154460742572555086e+06 1.167098594926066929e+06 1.086851496726739919e+06 9.774548233498327900e+05 7.121331865165842464e+05 4.587549900519674411e+05 4.072603079711541068e+05 2.937508767482354306e+05 1.382670199382125866e+05 4.335994286346225999e+04 6.695605747052514926e+04 2.198525417549514677e+05 3.863869773410223424e+05
-1.995159050053915707e+05 -2.338286656164564483e+05 -1.677546582825016521e+05 -4.671475554350705352e+03 -3.418484794092364609e+04 -1.034220652340445668e+05 -6.161184586351734470e+04 -1.157101381884423899e+05 -6.416196506004809635e+04 -1.032166970428079367e+04 -9.222425794927414972e+04 -3.283393977675604401e+04 -1.575264725834131241e+03 -1.063465166604145779e+05 -3.949500878457911313e+04 7.627597004873678088e+04 9.763491105986933690e+03 -5.486143506132066250e+04 -1.754678941797465086e+04 5.957634234917350113e+04 1.153551329649050604e+05 9.821140937972796382e+04 2.570751563878735760e+04 2.167996168020163896e+04 9.731461855233652750e+04 1.092896569368896598e+05 8.163981527439309866e+04 1.395363857061604795e+05 1.754929082095623598e+05 1.601641388644929684e+05 1.251218251744286390e+05 5.422791368211605004e+04 9.272564100683675497e+04 1.677237515151499538e+05 1.818022510549053259e+05 1.018472768028735300e+05 6.882381706963642500e+02 6.974549166508961935e+04 1.581398864265064476e+05 8.809758650371781550e+04 -7.744643590413266793e+03 -1.987082644365739543e+04 -1.706879396224382799e+04 -3.990506630972982384e+04 -5.258178423857328016e+04 -4.091065744054497918e+04 -6.257044132682535565e+04 -1.186571973864912870e+05 -1.687773947068462148e+05
5.193474179599434137e+04 1.262980681844055653e+04 -4.517757068388164043e+04 -1.201711026381237898e+05 -1.518249898764770478e+05 -1.021506425447296351e+05 -5.719990979996509850e+04 -5.674715622677467763e+04 -1.250936622789595276e+05 -1.938928853173274547e+05 -1.579546337982171681e+05 -1.546607724251227919e+05 -1.889137133245819714e+05 -1.757740575261414051e+05 -2.328482107946183532e+05 -4.931727473833602853e+05 -7.629848348314410541e+05 -9.777209637057963992e+05 -1.064230253826826345e+06 -7.087948295415841276e+05 -3.248405079822984990e+05 -2.149382767418862786e+05 -9.571420925552968401e+04 -3.833120427909283899e+04 -9.106245930073782802e+04 -7.005747067858465016e+04 -9.757690330618084408e+04 -2.289499805902601220e+05 -1.863383956288455520e+05 -1.473493280692494009e+05 -2.496447953325693961e+05 -1.962893049535336904e+05 -1.597404750355058350e+05 -2.663427468307777308e+05 -3.097049118729771581e+05 -2.739997728122398257e+05 -2.004775824048556387e+05 -1.894915189454336651e+05 -2.763867753394874744e+05 -2.855154097068579867e+05 -2.084225902194157243e+05 -2.240316115634050220e+05 -2.129758590878914110e+05 -1.108376767334989272e+05 -1.274001042370214127e+05 -1.740977950766677968e+05 -6.107809685752633959e+04 7.413569808239070699e+04 1.454585360479503870e+05
-2.532985140802362002e+04 6.649871750967577100e+04 7.052257586154155433e+04 -8.958578947931760922e+03 2.703850495512597263e+04 8.052578738774172962e+04 6.100284078856930137e+04 6.143527415115386248e+04 5.911152741056890227e+04 1.226358099561182316e+05 1.604214369261171669e+05 9.884089567582146265e+04 1.305485714704263955e+05 2.113855251297354698e+05 2.209495420404709876e+05 4.229623687826103996e+05 8.156382308318279684e+05 1.066337992224143352e+06 1.050119947378988843e+06 6.829104829428249504e+05 2.756968042661900399e+05 1.218270167277659057e+05 4.343197238398739137e+04 3.481962888850807212e+04 4.720604442292824388e+04 -6.454343821620545350e+04 -2.505627464968664572e+04 1.096479719574565534e+05 1.905968130915472284e+04 -1.003107756609050557e+04 8.816123797558224760e+04 7.605068059172434732e+04 4.407970176311233081e+04 7.075688022654480301e+04 9.570553414989262819e+04 1.314203980972524732e+05 1.361095037183258682e+05 7.735701685887784697e+04 5.815117837744718418e+04 4.932659208076074719e+04 5.335358335520164110e+04 1.015168531390372664e+05 4.625226297765038908e+04 -5.785371421603509225e+04 -1.353799298172886483e+04 7.488486296264431439e+04 -5.390354357660748065e+03 -1.341036217089269776e+05 -1.987681873480286449e+05
