8.175889016621611081e+05 7.826426348051656969e+05 7.709292794430670328e+05 7.032914503914974630e+05 2.151427088662693277e+05 -8.251974217964550480e+05 -1.936149815982443746e+06 -2.520719266406069510e+06 -2.473909908871807158e+06 -2.082793907502277056e+06 -1.387269353461728897e+06 -5.482312726462271530e+05 -8.273918411209713668e+03 2.047276271692726295e+05 2.264162851703939959e+05 2.155310457307997858e+05 4.106506799645965802e+05 6.646396783658334753e+05 7.234313442189929774e+05 5.910091207265893463e+05 3.862354301770026213e+05 1.877968754435182782e+05 -1.407779829135054024e+05 -6.538096872667196440e+05 -1.057809043418697082e+06 -1.097453866379355546e+06 -8.221756987317973981e+05 -5.312856969739652704e+05 -3.278266353596840054e+05 -1.316165030671022832e+05 -3.484843942268053070e+04 -1.989713285848195665e+04 2.238458605408109725e+04 5.785710317809833214e+04 3.963690076389396563e+04 -2.214613724191579968e+04 -4.232074487049435265e+04 7.446393969700695015e+04 1.893713876620901283e+05 2.389366632339572534e+05 3.763422704558677506e+05 5.672743522795920726e+05 5.512984079480459914e+05 2.713052590555878123e+05 -1.840481883868225850e+03 -1.272194554676613188e+05 -1.683128302188336384e+05 -1.840678783517471747e+05 -1.973112703500115313e+05
-8.914924443834477570e+05 -5.964976632904927246e+05 -1.278692325778230734e+05 5.063331448136250838e+05 1.164917835670385044e+06 1.936334691902165534e+06 2.547361475783389993e+06 2.109814568948749918e+06 -7.233319004042143933e+05 -4.706066747136900201e+06 -5.256185116402184591e+06 -2.320049003631825559e+06 -1.813720543010276742e+05 2.809116257005003281e+05 1.598576441599745303e+05 -2.891164747307822108e+04 9.309637367849051952e+04 2.655446520861918107e+05 2.877105465955715626e+05 3.311823224343967158e+05 4.024311822053813376e+05 4.831251035042621661e+05 6.585957691933992319e+05 9.538979514072604943e+05 1.180861410842298763e+06 1.149462585381943267e+06 9.183415099423463689e+05 6.252753431505346671e+05 3.602258259574595140e+05 2.365690120006818324e+05 1.952970611792807467e+05 1.141924488193215802e+05 5.497058115668594837e+04 7.037193772061960772e+04 6.826071567455981858e+04 1.936632650744286366e+04 3.415011352826608345e+03 -1.288978931164834648e+04 -3.616561191287473775e+04 -9.045741857303236611e+04 -2.647411189645407721e+05 -4.938088409217016306e+05 -5.325418897426136537e+05 -3.866304853110160911e+05 -2.213781614059928106e+05 -6.459280155919247773e+04 6.736758492734283209e+03 2.059944258887274191e+04 4.571923942176881246e+04
-7.995156067827336490e+06 -7.289666233062963001e+06 -4.983539337136917748e+06 -1.377896182044577785e+06 4.542572856973400339e+05 8.490157355870734900e+05 1.247375793666260317e+06 1.942025762568084523e+06 4.070777282979605719e+06 6.800310099688310176e+06 6.377347846803623252e+06 2.940205983453476336e+06 3.379197316698627546e+05 -7.346074998881891370e+05 -2.685081961645781528e+06 -4.483185955292869359e+06 -2.841740939065927174e+06 -3.414722912580689881e+05 2.857787614985226537e+05 2.502587492443853116e+05 1.705751559711734299e+05 1.132993408585753059e+05 1.084105040714350762e+05 5.742717701408767607e+04 1.852821368508564774e+04 -3.328415264995652251e+03 -1.210237773409055080e+04 5.965929894225171302e+04 1.022942928781139199e+05 4.820470466280297842e+04 1.332767909987515304e+04 6.927949613615102135e+04 8.076061662923218682e+04 1.244339191775012296e+04 1.369034652097988874e+04 6.456458936945628375e+04 2.279794143565581180e+04 -5.363581191846611910e+04 -1.161282896967894631e+05 -2.379132793094861554e+05 -4.044966015941295773e+05 -5.429342087008995004e+05 -5.840120748166539706e+05 -4.648672734877071343e+05 -2.654576650351749850e+05 -1.275278828593760845e+05 -6.031700938785419567e+04 -5.682720620386989322e+04 -9.088291827591019683e+04
6.467388087196081877e+06 5.902954419293019921e+06 4.035355977807776071e+06 1.075495379051171010e+06 -3.340173926284841727e+05 -3.682366962983906269e+05 -3.260582979397075251e+05 -2.117654008355203550e+05 -1.534585714585771784e+05 -9.664098500581528060e+04 1.195120129589214921e+05 3.811639354399538133e+05 5.555304324326696806e+05 7.528723171011822997e+05 2.272029159377278760e+06 3.767812415560095105e+06 2.091109227180427872e+06 -3.284113045550473034e+05 -9.215100782762686722e+05 -8.954162750692008995e+05 -8.323474422333296388e+05 -7.430675454234185163e+05 -6.729075296391251031e+05 -5.776065668923727935e+05 -5.124036540934318327e+05 -3.812275909970416687e+05 -3.058960240035958705e+05 -2.870514284294954850e+05 -1.700984228332347120e+05 -1.537982457993167918e+05 -1.568887144563088077e+05 -9.646156550286833954e+04 -7.941537115384597564e+04 -5.587280508425470907e+04 -2.361301012570035527e+04 1.415477103710087249e+03 4.452180992284420063e+04 4.678677290852656006e+04 3.497021783297890215e+04 1.044013893787629931e+05 1.537944361345400685e+05 1.458381388983983197e+05 1.787815777717509773e+05 2.637569489678762620e+05 2.959880363134113722e+05 2.159151826930240495e+05 1.511835239419635618e+05 1.600057613295569317e+05 1.844510321796741337e+05
9.762621059941034764e+04 6.429342983414244372e+04 1.806360251333902124e+04 -3.251106573448854033e+04 -3.904357084838929586e+04 1.371458085266570561e+04 1.253457138474914245e+04 -2.360418578746239655e+04 5.311493441624392290e+04 1.335281503449004376e+05 1.018492123719806550e+05 3.488936652314820094e+04 1.704560841080819955e+04 -4.379693844499345869e+04 -1.227276137907392113e+05 -1.489517228831392713e+05 -1.984489700079938630e+05 -2.382538005955392728e+05 -3.092456895643406315e+05 -2.848996029703085078e+05 -1.816671011280049570e+05 -1.762519748405793216e+05 -1.259295245775866788e+05 -7.241763930014800280e+03 6.476134596661711112e+04 8.453005706742242910e+04 1.453110552242470440e+05 2.449324127919322345e+05 2.830489593631137395e+05 2.839257754484059988e+05 2.918557221006267937e+05 3.055872564681892982e+05 3.162272312490324257e+05 3.007009781006308040e+05 3.251438483490346698e+05 3.851112072539033252e+05 3.955360312458286062e+05 3.194875094331479631e+05 2.175468667111636605e+05 1.954658125651435112e+05 2.110964054111357545e+05 1.855759422767193755e+05 1.640294280385019956e+05 2.266834856456634589e+05 2.952119663383569568e+05 2.858724187177533749e+05 2.636885351444473490e+05 2.464794378684011754e+05 2.166565684319324791e+05
1.280452404863717966e+05 1.617079946645570453e+05 6.559654925695224665e+04 -1.882064545544018038e+05 -3.947241471811685478e+05 -5.324002045298947487e+05 -6.483858272168978583e+05 -6.900199877829803154e+05 -6.034446669199138414e+05 -4.670313459719362436e+05 -4.374310457814320689e+05 -4.429817635879046284e+05 -3.074062207334280247e+05 -1.468682382915539201e+05 -6.435186380304000340e+04 6.825299997821287252e+04 1.180727555505293421e+05 9.687093690350605175e+04 1.263885402323829476e+05 1.162587764710768824e+05 1.510040270154782338e+05 1.918595921150152571e+05 1.385394582296615699e+05 1.263342174084389117e+05 2.044804818877675571e+05 2.243547005589426844e+05 1.501303085600554477e+05 1.500449207499517070e+05 2.251706445088527980e+05 1.982493516905557481e+05 1.421055272855118674e+05 1.603102192620103597e+05 1.787495041009249690e+05 1.685541871433269698e+05 1.667955466673993214e+05 2.048052381370505318e+05 1.915733253218784230e+05 1.159725972552589374e+05 8.242099702309130225e+04 7.635993989206303377e+04 8.757833876257808879e+04 1.216090939895187039e+05 1.348038301800985355e+05 1.765678770718482556e+05 2.164837560496203369e+05 1.842809318137727678e+05 1.852951083159863483e+05 2.295078852478573099e+05 2.605330328868287615e+05
8.863392265123911202e+05 8.199692236673946027e+05 7.106773110097127501e+05 6.496042296575614018e+05 6.631307402321181726e+05 6.304459034199316520e+05 6.619908209248748608e+05 7.309909192098715575e+05 7.695608988889583852e+05 7.969477294287206605e+05 5.992302970479791984e+05 2.152054807014903054e+04 -7.596169942890990060e+05 -1.479428939817516366e+06 -1.823623790145538049e+06 -1.575181915638313629e+06 -1.081683999838024843e+06 -6.594778473952098284e+05 -3.417510657992532942e+05 -1.186460843567692209e+05 -1.996654911221400835e+04 -6.391775201038410887e+04 -1.290145377620505169e+05 -1.817432410104810260e+05 -2.559806566729824990e+05 -3.305092373167639598e+05 -3.299885686441482976e+05 -3.575345664455385413e+05 -4.083421781108698342e+05 -3.843812529117711820e+05 -3.590930151509381831e+05 -2.933752365773399360e+05 -1.915360525066000409e+05 -1.567347419109866023e+05 -1.500226341850431636e+05 -7.038638880631001666e+04 2.422209061649488285e+04 2.097343663044739515e+04 -3.482586222416721284e+03 3.387212227251427248e+04 8.972754230908397585e+04 1.021779932289244607e+05 1.356004597896202467e+05 2.148026754326941445e+05 2.311010061763958074e+05 2.452545360694960691e+05 2.731603460634876974e+05 2.870006044805077836e+05 3.184662763448180631e+05
-1.067148421740639396e+07 -8.040624754623131827e+06 -4.594295292187161744e+06 -1.523950604830314871e+06 -4.229532693814691156e+05 -2.629824607682526112e+05 -1.745991233610403724e+05 -1.405657419280009344e+04 1.967018678019670770e+05 5.423328729350394569e+05 8.692262257292536087e+05 1.211517999087300152e+06 1.800202889411193086e+06 2.574826619256708771e+06 3.044110675060254522e+06 2.839483753822206520e+06 2.108405264745453373e+06 1.190812971227315255e+06 5.267665804510032758e+05 5.742937666560430080e+04 -5.343741943830512464e+05 -1.091336074520695955e+06 -1.449580426851137541e+06 -1.542455799271265510e+06 -1.298357105971952900e+06 -8.783570596795477904e+05 -4.572715821866570041e+05 -2.086686980146626011e+05 -3.452080121947431471e+05 -6.835903936353866011e+05 -9.080497869107414735e+05 -9.105334161553046433e+05 -7.307557865402519237e+05 -5.140511373289339244e+05 -2.968214425781110185e+05 -1.219836960324030078e+05 -5.466555995299125789e+04 -7.069978870491479756e+04 -3.938648284267424606e+04 -1.405887358701869380e+04 -3.367350605782115599e+04 3.880012810524884844e+04 6.639494651419209549e+04 -1.872078886863210937e+04 -1.036412991846008808e+05 -1.110457250004034722e+05 -1.457192065707574948e+05 -2.522934234607949620e+05 -3.422452850424402859e+05
9.933744670568481088e+06 7.348412731684876606e+06 3.770352463107338175e+06 3.759725428345324472e+05 -8.816715490182102658e+05 -1.062322320001184940e+06 -1.076013174643921666e+06 -1.024999306487116497e+06 -8.917390618785806000e+05 -7.376583404065603390e+05 -6.861042541359346360e+05 -7.004507107881004922e+05 -7.531929280935217394e+05 -7.216914621523027308e+05 -5.219037059915715363e+05 -3.798687832221550634e+05 -3.641628267207490280e+05 -3.421864921006634831e+05 -2.410838499006785278e+05 1.868413033964316128e+04 3.399424890086438390e+05 5.508083053656447446e+05 5.260298093927131267e+05 2.571100651252715325e+05 -7.617491457200294826e+04 -2.696962806360895047e+05 -2.082231393762407824e+05 4.387329168028378626e+04 4.510391318376775016e+05 9.774657811638835119e+05 1.287171169304091716e+06 1.165744838230858324e+06 8.306526486787379254e+05 4.638931294251969084e+05 2.911322963205631822e+04 -4.825326868285257369e+05 -9.148009628098958638e+05 -1.207165897237248253e+06 -1.341142826898066793e+06 -1.267984982949634548e+06 -1.029237681849045213e+06 -6.662660954882114893e+05 -3.213312640169160441e+05 -1.292127587985667633e+05 -4.255509829796245322e+04 5.195450197399617173e+04 1.185139561220787000e+05 1.125416408577439142e+05 8.908968771101813763e+04
-3.072730523485622834e+06 -3.384562392526604701e+06 -3.473984144760687836e+06 -2.884384260352016427e+06 -1.823707859923087992e+06 -9.778735992190558463e+05 -5.568961215928355232e+05 -2.809857973489123397e+05 -2.442428907801490277e+04 1.145837222758564167e+05 1.958124666900765151e+05 1.886556238183043897e+05 1.085007091490114108e+05 1.467550136208590120e+05 3.548713325577047653e+05 5.057672067465684377e+05 5.316471304861996323e+05 5.660936832037982531e+05 6.768800792064934503e+05 8.338079479394580703e+05 1.015374360027015093e+06 1.303564477405089187e+06 1.647524524767071242e+06 1.964428528391871136e+06 2.032487993377252482e+06 1.544368542246848810e+06 7.246834409366766922e+05 -1.349408655874850228e+04 -6.308821270575555973e+05 -1.047134041477802675e+06 -1.200231639974153601e+06 -1.239094671226559905e+06 -1.093218445746138226e+06 -7.991378097810961772e+05 -4.693858158395222272e+05 -8.072979148168172105e+04 2.770723472030664561e+05 5.562982459450005554e+05 5.559405439493642189e+05 1.868826716612961609e+05 -2.628608303210079903e+05 -5.112225847713857074e+05 -5.610121134104686789e+05 -5.121166288814133732e+05 -3.183216303568424191e+05 -1.510427037126278738e+05 -1.170306117423389514e+05 -8.571346926444696146e+04 -3.749550230204337277e+04
3.327169497288157698e+06 3.364581609451961238e+06 3.142159667484993115e+06 2.286179530172229279e+06 1.138582520003146958e+06 3.316919604898435064e+05 -1.026637463585212827e+05 -3.432945133752585389e+05 -4.074022030144263990e+05 -3.611063732621911913e+05 -5.117358465552758425e+05 -8.762896829273086041e+05 -1.253914022834650706e+06 -1.676969355843574973e+06 -1.832145984330672305e+06 -1.577641314700886607e+06 -1.213050531744921347e+06 -8.913804665597849526e+05 -6.440100336092649959e+05 -4.307608427576632239e+05 -2.598844381662276573e+05 -1.611258433674084954e+05 -7.040998944186884910e+04 2.953406504751928151e+04 6.367453295042645186e+04 1.332852204712978564e+05 2.391782624324331991e+05 2.476711775626614690e+05 2.286658946855822578e+05 2.653356923417230137e+05 3.434993055471205153e+05 3.816970365257663652e+05 3.442343473002633546e+05 3.807840830356508959e+05 4.531445860855451319e+05 4.734295366260265000e+05 5.416493385788269807e+05 6.456265693324905587e+05 8.273179022889954504e+05 1.138137142962110927e+06 1.396520881350191543e+06 1.455687951057919068e+06 1.316124549537704326e+06 9.551259113644841127e+05 5.303386016057655215e+05 2.258684360989714041e+05 4.982998317608609796e+03 -1.794434800752042793e+05 -3.452377964305132627e+05
7.140167870420380495e+03 4.089856933624099474e+04 -8.638704540171427652e+03 -2.000344916143149021e+05 -3.742596411587510374e+05 -4.241735090747533250e+05 -4.519820679510301561e+05 -4.970113000093264272e+05 -4.356587376008978463e+05 -2.616382481940308353e+05 -1.296949912999480730e+05 -1.889472148879582528e+04 2.633551946088117547e+05 7.230528203353239223e+05 1.025798273166073719e+06 8.331532139395494014e+05 3.070690298399138846e+05 -1.622637197321454296e+05 -5.367106364106801338e+05 -8.096359084861248266e+05 -8.726104720631325617e+05 -7.132252727749065962e+05 -3.722422205941263819e+05 -2.150180552926089149e+04 2.656172919918394182e+05 6.290164560276377015e+05 9.929126895032826578e+05 1.148417096438645152e+06 1.274026548597029410e+06 1.384242034698436037e+06 1.276512053468759172e+06 1.051902130457347725e+06 7.486667149482355453e+05 3.720614199852575548e+05 -4.473221392996609211e+04 -4.107245140893785283e+05 -7.487010501088667661e+05 -1.030436840573967900e+06 -1.159174331603898667e+06 -1.234223424616208300e+06 -1.143903837600047234e+06 -1.004520894972485723e+06 -9.266791278296634555e+05 -8.085672019734928617e+05 -7.100439877944898326e+05 -6.010308922260794789e+05 -4.840354474362905603e+05 -4.083945881247920915e+05 -3.533398309363042936e+05
4.929071480431593955e+05 4.559794476191746071e+05 3.436638819460496306e+05 1.024061645967592485e+05 -2.653342493198579177e+05 -1.049973860897443490e+06 -2.320910647838317789e+06 -2.882908116894179024e+06 -2.039672710826310096e+06 -1.016702148780277232e+06 -5.797356153031797148e+05 -4.200722495012090076e+05 -3.156167471644217148e+05 -1.983164203890915960e+05 9.044919545412994921e+03 3.055193409521598369e+05 5.074414308264753781e+05 7.118568490683531854e+05 1.012730788644402870e+06 1.231283846309524495e+06 1.331658316308746813e+06 1.319885613358346047e+06 1.188809556639246177e+06 9.443186741164394189e+05 6.658025206137599889e+05 4.991222569945235737e+05 2.933889440877097659e+05 6.881982148326653987e+04 1.808987326512113214e+03 -3.735579161326307803e+04 -1.029981978993234225e+05 -9.849620373704982921e+04 1.517628768571745604e+04 9.239608462077751756e+04 1.652745090346075594e+05 3.213183102745092474e+05 4.733879924843497574e+05 6.118754500278746709e+05 6.704153838567431085e+05 6.249524386427202262e+05 5.151804084338801913e+05 3.736124672868042253e+05 1.681194732357095927e+05 -1.010178246276350692e+05 -3.422526875435858965e+05 -7.201121988857616670e+05 -1.389449166801356710e+06 -2.023756745800846955e+06 -2.490322544855472632e+06
5.395247981237487402e+05 4.284225469679220114e+05 3.484822189133407082e+05 3.513436758809983730e+05 5.063172947800194379e+05 1.165860859166131821e+06 2.314395158617188688e+06 2.779133466657441575e+06 1.993060718720228411e+06 1.048598883794911671e+06 5.366892958296374418e+05 2.503056230166116729e+05 1.915508847195454873e+05 1.711026730822781101e+05 1.565710526188923977e+05 1.853126740480372682e+05 8.906668920142669231e+04 -3.557646163593698293e+04 -1.159343226130297408e+05 -2.599861405044067651e+05 -3.800271885497192852e+05 -5.022766915414105169e+05 -7.771071585196494125e+05 -1.133269981557385996e+06 -1.483139762463688618e+06 -1.746077799690391868e+06 -1.772104339950018562e+06 -1.462190776969803497e+06 -9.913202694329816150e+05 -5.995162016092208214e+05 -3.064387463685856201e+05 -9.934956723547610454e+04 2.388563922417187132e+04 1.088029290846316144e+05 1.495426250767922029e+05 1.930489099706024863e+05 2.392097091981847771e+05 2.389261302277013892e+05 2.665007431866977131e+05 2.992018352280129911e+05 3.411431860220191884e+05 3.883574585556203965e+05 3.728845877230914193e+05 2.969201359111322090e+05 3.239883449553598184e+05 5.478126862176562427e+05 9.598933963926576544e+05 1.441194535945752868e+06 1.866824701881894842e+06
6.977547200062684715e+05 5.863751299143042415e+05 5.137807737951513845e+05 6.056828465984289069e+05 7.752445822011941345e+05 9.091647012277096510e+05 1.098463852642598329e+06 1.300759840410392731e+06 1.415001073338572169e+06 1.479287406285001896e+06 1.431974600986505393e+06 1.243962175054985564e+06 1.023255110694953240e+06 7.515413483314476907e+05 4.018809834879357368e+05 -2.062796608243668452e+05 -1.345510165547310840e+06 -2.857600742059074342e+06 -3.756492590309352614e+06 -3.163437361981049180e+06 -1.704998246997200884e+06 -5.971226262832334032e+05 7.939091781096067280e+04 6.485899883975059493e+05 1.081350420200179098e+06 1.378599979572826531e+06 1.414589355401548324e+06 1.129595630313999485e+06 6.499384752751220949e+05 2.378943357699601911e+05 6.933173794983304106e+04 -7.200057886213599704e+04 -2.213165182559173554e+05 -2.162946850500160363e+05 -2.174709933139819186e+05 -2.567353805158929899e+05 -2.490541710109387059e+05 -1.670086298863319680e+05 -9.847242873736843467e+04 -1.051980941829239018e+05 -6.668896959796245210e+04 -6.419906102688377723e+04 -4.641899144109617919e+04 -3.835246699600480497e+03 -4.111893866705929395e+04 -7.053629298497969285e+04 -2.623916926138894632e+04 8.599564945841697045e+04 2.169943819550811313e+05
-2.411673636458725668e+05 -1.390155819680512650e+05 -9.191248068418644834e+04 -1.493634793192904908e+05 -2.127429221980128204e+05 -2.250842286010447424e+05 -1.913112093294329243e+05 -1.922761803604229353e+05 -2.266228543128818274e+05 -1.777126350397884380e+05 -1.433056247334755026e+05 -1.479070033878087997e+05 -8.944677464758558199e+04 1.175156084798788652e+04 2.250514577900320292e+05 7.866222370335175656e+05 1.774427116773440037e+06 3.059901012006156147e+06 3.798576201035683509e+06 3.049542135897208005e+06 1.525658643757342361e+06 3.568866363191762939e+05 -3.720030217902241275e+05 -8.144401421434301883e+05 -1.100377699827658944e+06 -1.331082281124690548e+06 -1.396352401315961964e+06 -1.314321895137111191e+06 -1.115434716073141433e+06 -8.395114791236838792e+05 -6.596273927589207888e+05 -5.285393101040975889e+05 -3.665105149973549414e+05 -2.816068194212130038e+05 -2.422631777163766674e+05 -2.051743329921737313e+05 -2.709399747087447322e+05 -2.970359492976428010e+05 -2.639251855633482337e+05 -3.094757913604545174e+05 -4.649505358587356750e+05 -6.187528862633925164e+05 -6.759035263929382199e+05 -7.768657902698051184e+05 -8.384789835426653735e+05 -7.415221823871233501e+05 -5.380730831299293786e+05 -3.465072634669919498e+05 -2.134017486754544079e+05
-1.614874630642589182e+04 -5.440115628036437556e+04 -1.322949746176163899e+05 -1.906619530331226997e+05 -1.610297817385435337e+05 -1.694597636965045240e+05 -1.721542565279377159e+05 -1.455110281335513573e+05 -1.691490856066956185e+05 -1.589795402493472211e+05 -1.683372630310624372e+05 -2.109049481109105982e+05 -1.361454739999314770e+05 -4.877439458068693057e+04 -8.155023579478450119e+04 -6.537982626898144372e+04 5.841016356040211394e+04 1.419311967468091752e+05 2.068262005821450148e+05 3.012880873291576281e+05 3.898346916853177827e+05 5.264154537019204581e+05 5.989331922865688102e+05 6.258694713797009317e+05 7.392123974463902414e+05 6.474868744854032993e+05 3.771164621973724570e+05 1.340804298029982019e+05 -2.716254385509080021e+05 -6.433318094430434285e+05 -8.054049526259035338e+05 -9.029892337472138461e+05 -9.703439402957921848e+05 -9.606175413611343829e+05 -8.413914457858477253e+05 -6.860127847135297488e+05 -4.760178096725568175e+05 -3.025908909290595911e+05 -1.501952133420133032e+05 3.776170400553382933e+04 2.301961437214068137e+05 4.608991887918082066e+05 5.940520960606213193e+05 6.443584389974439982e+05 6.562529126626043580e+05 5.564421533798289020e+05 4.476540396786736092e+05 4.437150538818952627e+05 4.979738633574645501e+05
-3.324030337198197958e+05 -2.963942183370091370e+05 -2.517125314173607621e+05 -2.467088931954640138e+05 -2.718219581995799672e+05 -2.391759397189889278e+05 -2.036795540850288817e+05 -2.163375567315962689e+05 -2.928476191217487212e+05 -3.827458404381467262e+05 -3.234311064724170719e+05 -2.658803293546226341e+05 -3.248049309893393656e+05 -3.586328689788206248e+05 -3.389357011432000436e+05 -2.707396314267679118e+05 -2.617332319630077109e+05 -2.865037226022831164e+05 -2.700413983647013083e+05 -2.712578476177440025e+05 -2.794642087484677322e+05 -2.754800914178485982e+05 -2.558346864640046842e+05 -2.475198923877906054e+05 -2.653988712700810283e+05 -2.479244364790790714e+05 -2.075534808067460544e+05 -1.343649566671955399e+05 -3.414916053145145997e+04 -5.090333952262904495e+04 -4.828009133030707017e+04 5.605773326642625034e+04 1.127581845934037119e+05 1.281492187843834981e+05 1.347334597285222262e+05 9.756351528907567263e+04 1.171565841643316671e+05 2.171534081201390363e+05 2.918691472526551224e+05 2.835660264988103881e+05 2.018656552441096865e+05 2.349081060030579101e+05 2.521294865856170654e+05 1.960395124088979792e+05 1.843368362876940519e+05 1.349342115955366753e+05 1.456566207489238586e+05 1.804518975987592712e+05 1.580918384232018143e+05
-5.109444802021607757e+05 -4.024741298556909896e+05 -3.542556891396087594e+05 -4.152553526394331129e+05 -4.739740888840606203e+05 -4.422014126426073490e+05 -4.807291333028841182e+05 -6.053350565904843388e+05 -6.158817372074557934e+05 -6.412992043830305338e+05 -6.580046761342969257e+05 -4.899867542048746254e+05 -4.049664392276462168e+05 -3.696359915795614943e+05 -2.437835502794040367e+05 -2.152858442123401910e+05 -1.689513213346805423e+05 -8.170053899171762168e+04 -2.663374707837635651e+04 4.860646619148598984e+04 1.185363281191522256e+05 2.022648886000388302e+05 3.028931486378139816e+05 4.690705607269038446e+05 6.479509954867535271e+05 7.869901205752827227e+05 9.108304239808782004e+05 9.511690432688210858e+05 9.395868968645660207e+05 8.474420425468262983e+05 5.024771410484400112e+05 -1.291696608422388526e+05 -7.725289723191983066e+05 -1.072074670562287327e+06 -9.157227251854771748e+05 -5.692462058803361142e+05 -2.797062598659244832e+05 -6.376130056742113084e+04 9.520560378659982234e+03 7.680010068957926705e+04 1.869780731858927757e+05 1.402884810217809863e+05 4.108725965656037442e+04 6.673235977505147457e+04 2.341033222241164185e+04 -5.888635437411721796e+04 -7.618522499541752040e+03 2.694549993793782778e+04 4.404265659903176129e+03
2.474924298636335880e+04 -8.158871175510296598e+04 -1.026000394824221730e+05 -1.651224468958377838e+04 6.881078636062750593e+04 1.351733936506938189e+05 2.044200208682012744e+05 2.608525123826260678e+05 2.516816071322686039e+05 1.559997790872147307e+05 7.143493549076071940e+04 1.017544419451586436e+05 8.364048765550251119e+04 -2.384288827663124539e+04 -7.986955902262707241e+04 -1.619599809338254854e+05 -1.888129975296035409e+05 -1.005103412587777711e+05 -1.215827923946199007e+05 -1.616287474276029970e+05 -1.344896983676152304e+05 -1.316096563696917146e+05 -7.447740225630672649e+04 -6.776272585375374183e+04 -4.897234854390239343e+04 6.687440339155960828e+03 4.990072020984394476e+04 1.639176641438826919e+05 3.031472524354462512e+05 5.184809572398811579e+05 8.310100700515604112e+05 1.323656249570854707e+06 1.846439603284968063e+06 1.940609687028045068e+06 1.443660271312108031e+06 7.072776880433245096e+05 1.437857026050179265e+05 -2.623479480760586448e+05 -5.415204358941258397e+05 -6.335139735019020736e+05 -6.432573134994176216e+05 -6.548000537100606598e+05 -5.996870840684988070e+05 -4.530686593063729233e+05 -3.336227353822331643e+05 -2.927808051332241739e+05 -2.006100355466329202e+05 -5.094040734104155854e+04 8.023449362539456342e+04
-7.968209818573086523e+03 -4.184341128311643843e+04 -6.004187465267028892e+04 -4.048424576489196625e+04 -2.254587507486576214e+04 -2.483363969433406601e+04 -2.496255173231475055e+04 -3.962264925772626884e+04 -8.719542411527060904e+04 -1.154339486967364210e+05 -9.178286792484880425e+04 -9.229337767872493714e+04 -1.077634089784260141e+05 -1.079961995519987540e+05 -9.460365124745282810e+04 -6.982360078312922269e+04 -9.605965494120027870e+04 -1.169814478240732569e+05 -6.502592843571619596e+04 3.315287914592772722e+03 -4.757171935692883562e+04 -1.228418901379337767e+05 -3.158146246452815831e+04 -3.031997396144946106e+04 -5.562419144436693750e+04 3.441310748385149054e+04 1.571114534526132047e+03 1.316013804753310978e+03 1.370084659038546961e+05 1.952616093392859912e+05 1.966865504626911134e+05 3.000479274546537781e+05 3.566973966876699706e+05 4.097285334535258589e+05 6.076511861181645654e+05 6.856502040810299804e+05 7.452969269940514350e+05 9.222163404174370226e+05 9.525040472849649377e+05 8.974956267709762324e+05 8.465990678186074365e+05 6.764996597904996015e+05 4.591220831842646003e+05 2.998362450622515753e+05 1.561635971604129300e+05 1.140967980136303231e+04 -2.016125824584760703e+05 -4.752315822111237794e+05 -7.287366958598308265e+05
3.196969384400281124e+05 2.158884479594416916e+05 9.682375019285269082e+04 1.998071986272418872e+04 9.899133571234066039e+03 -2.326413408656697720e+04 -1.266131203973782249e+05 -2.107341097446628846e+05 -2.606955420923624188e+05 -3.675579577685859986e+05 -4.509833134643121157e+05 -4.765011860340749845e+05 -4.878945696788285859e+05 -4.564924257688105572e+05 -4.887504813504344784e+05 -5.837869781536578666e+05 -5.771765745744784363e+05 -5.651665866158871213e+05 -5.590657522475519218e+05 -5.772458664945586352e+05 -6.771078909544292837e+05 -6.888455715806046501e+05 -6.837814348818222061e+05 -6.949456762499900069e+05 -6.593041558957337402e+05 -5.772460094686539378e+05 -4.577076257364382036e+05 -3.429989167997706681e+05 -2.487826544189737178e+05 -2.310772072090189904e+05 -1.166091420335583389e+05 2.465816499818209559e+04 -3.069356813211925328e+04 -1.424652544228639454e+04 1.078098244821014814e+05 1.127636506947600283e+05 1.381667319068945944e+05 1.629254493820923381e+05 1.174375275642527267e+05 1.422460032536759973e+05 1.740272447929610498e+05 1.650090169299077243e+05 1.105541404928951524e+05 7.658674946033023298e+04 5.546225239704642445e+04 6.709603523777285591e+04 2.366649774165139534e+05 3.446913986818974372e+05 3.199501272599361837e+05
-1.815629160695243627e+05 -1.412181650541607523e+05 -1.131344655205612071e+05 -7.758048945841437671e+04 -1.586870930615987163e+04 -1.542571556317841168e+04 -4.887061451838235371e+04 -6.360879752632172313e+04 -1.168075005558057455e+05 -1.908031720434518647e+05 -2.742890701060243882e+05 -2.972704522858841810e+05 -2.724823340208239388e+05 -3.157900243518814677e+05 -3.863814591246044729e+05 -4.833541156081632362e+05 -5.504339803679615725e+05 -4.654346527198501863e+05 -3.868336713347523473e+05 -3.675908837046881672e+05 -2.808936804534459952e+05 -1.411008372632202227e+05 -5.704197659921203740e+04 -6.375788696124777198e+04 -6.148544181116437539e+04 -1.320001969004818238e+04 -2.527899236447643489e+03 -7.400018420616118237e+04 -9.268379774781339802e+04 -3.738550486465101130e+04 -3.828049834301020019e+04 -8.869048895270703360e+04 -1.070793794983190019e+05 -5.417217824324313551e+04 -1.023146646519307978e+04 -4.409891595038026571e+04 -1.945217271582782269e+04 8.022897358452645130e+04 1.090843951761054341e+05 1.700491328174388036e+05 2.390108355940908659e+05 2.289987783131804317e+05 3.288156100326878950e+05 4.132652511390922591e+05 4.349867439008087385e+05 5.655066882125524571e+05 6.205519727256624028e+05 5.358808102956386283e+05 4.340031116717621917e+05
-6.774353627039815765e+05 -7.786974063253728673e+05 -8.178354349585423479e+05 -7.421867957893845160e+05 -6.458646424516335828e+05 -5.054699958136915229e+05 -3.270998751874139998e+05 -1.659226290801598225e+05 -4.365056204755115323e+04 -1.330068081530043855e+04 8.348487749979575165e+04 2.075447760647514369e+05 3.060143780700308271e+05 4.443720900299374480e+05 4.846601373996234033e+05 5.012859573969764169e+05 5.871637887223917060e+05 6.062272294161809841e+05 5.815371585252430523e+05 5.698325799404844875e+05 5.139284843431226909e+05 3.982320545652324217e+05 2.610256976129317190e+05 2.157237402407188201e+05 1.765120907311209012e+05 7.265033691102894954e+04 4.692491807494685054e+04 1.317660360233276151e+04 -8.349799031224381179e+04 -1.832400631712517934e+05 -3.028667806959854206e+05 -4.708168756556569133e+05 -6.431885036450715270e+05 -7.841331591673946241e+05 -8.205462709422131302e+05 -7.030973859069490572e+05 -5.282327000163053162e+05 -2.828057583160266513e+05 -3.320151102540013380e+04 9.833831591808097437e+04 1.281942674751919694e+05 1.950576746619477635e+05 2.990647844965852564e+05 3.175644003536587115e+05 3.518957625026089372e+05 4.159213476788124535e+05 4.351489315454098978e+05 4.631737186046650168e+05 5.123953289326070808e+05
7.427103540688401554e+05 9.277891854240442626e+05 1.069925146276800195e+06 1.079089982554432703e+06 9.660105595088680275e+05 7.901572332195790950e+05 6.168425203933292069e+05 4.612377408242173260e+05 2.656692360747552011e+05 1.289535700998385437e+04 -1.019032375019742176e+05 -8.254676699420087971e+04 -1.639616134966490790e+05 -2.807606610989022302e+05 -3.899956691788246389e+05 -4.888242595880004810e+05 -5.558546128743912559e+05 -5.471029869442279451e+05 -5.105936320281760418e+05 -5.328661332512272056e+05 -5.253622215301578399e+05 -5.026414315334839048e+05 -4.630506708416222828e+05 -4.046551721277500037e+05 -3.759400217419168912e+05 -2.971621460794268642e+05 -2.103392259693644010e+05 -1.309608739618854597e+05 3.453317746279877611e+04 1.990668653573084157e+05 3.083095225391297136e+05 4.843830961552178487e+05 7.709913419919052394e+05 9.390826307486710139e+05 9.473701094905114733e+05 8.819184798803325975e+05 6.821922527963025495e+05 4.735721897744233720e+05 3.040007605443681823e+05 2.048332798116456252e+05 1.186462347577610053e+05 -4.355811206332803704e+04 -9.094519593811105005e+04 -1.073558512129245792e+05 -1.443393445159749826e+05 -1.139574332819026895e+05 -1.309096202846564120e+05 -1.411990668931686087e+05 -9.274307342085801065e+04
-2.094802870359853550e+05 -9.535501834994647652e+04 1.332622489702768507e+04 5.969656405904970597e+04 8.692101442320563365e+04 1.226741154027694865e+05 1.265122419437102071e+05 1.481988576309232740e+05 1.663528623004823457e+05 1.647957354836398154e+05 1.947986346914696624e+05 2.503188903162663919e+05 3.472387321339918999e+05 4.820224884172055754e+05 4.834099443057491444e+05 4.612167499938372057e+05 5.433129325260962360e+05 5.551394086532671936e+05 5.592732105316095985e+05 5.422939530134315137e+05 4.465589012087001465e+05 3.653607767628999427e+05 2.984174037050986663e+05 2.484648028099765070e+05 1.651355092740412802e+05 9.557457704700948671e+04 3.883604650422045961e+04 -6.614017045874800533e+04 -1.648151182984295301e+05 -2.682227464405875653e+05 -3.566496531820301898e+05 -5.253840196404801682e+05 -9.514268461668707896e+05 -1.643636792148752371e+06 -2.383236597199575510e+06 -2.525156743526313454e+06 -1.841687768877888564e+06 -1.060715176163359778e+06 -5.706628668018681929e+05 -3.003973571682572365e+05 -1.928725590284005739e+05 -1.201944714367720298e+05 -8.055538573113130406e+04 -4.606796460939152166e+04 4.041668619232904166e+04 7.865129408215545118e+04 2.592298376570409164e+04 1.311485863436199725e+04 5.862476373935118318e+04
1.101286234510189388e+05 1.546937177381187212e+05 1.949167118068725686e+05 2.422917901644541416e+05 3.035106759700283874e+05 3.392607019933347474e+05 3.795002360930083087e+05 3.673491774663853575e+05 2.823021165213141940e+05 2.848479327856329619e+05 3.174073741394388489e+05 3.359346196599655086e+05 3.586854947364189429e+05 3.491722456003479892e+05 3.142360372358234599e+05 2.913060380176471081e+05 2.989310232494608499e+05 2.691845672170165926e+05 1.968095001573965419e+05 1.058604888612171635e+05 4.474085646812478080e+04 -7.353898641769797541e+04 -3.228383518094783649e+05 -5.559909242797580082e+05 -7.884641712358283112e+05 -1.079793075256892480e+06 -1.248013395653105807e+06 -1.249757962296573678e+06 -1.173356381344346795e+06 -9.179277201885986142e+05 -5.722494668149743229e+05 -2.645723012361838482e+05 2.313612428525805008e+05 9.805114311422202736e+05 1.761874563101446955e+06 2.003074782491748687e+06 1.408583189476628089e+06 6.824124548948032316e+05 2.478508857973800041e+05 -4.040810129314195365e+04 -1.217443906878179405e+05 -8.942322290546144359e+04 -1.244631558604303282e+05 -5.242974776934646070e+04 1.089874750490705483e+05 1.498652681001108140e+05 1.351712913540543523e+05 1.577268227060257923e+05 2.010933824740620330e+05
-5.065075176773822750e+05 -5.990917005704250187e+05 -6.616546069353350904e+05 -7.226924613447043812e+05 -7.734523084359534550e+05 -7.063779543897543335e+05 -5.286748353032451123e+05 -3.659910257274168544e+05 -3.059970537666236050e+05 -2.612040120387973730e+05 -1.934609860724592581e+05 -1.162572717951843515e+05 1.152847607736475766e+03 5.801376635296037421e+04 2.216633548290701583e+04 -1.844490954390726984e+03 4.658411681889556348e+02 6.843949433619854972e+04 1.687226157773695886e+05 1.848463278273991309e+05 2.317469428294850513e+05 3.650431000115349889e+05 5.115673730491844472e+05 7.130380297843652079e+05 1.025308377173351357e+06 1.318976637408340117e+06 1.488979615820426028e+06 1.572519427962982329e+06 1.516149629509308841e+06 1.309171681723963935e+06 1.041378490231727250e+06 8.397568530624271370e+05 6.399371886205375195e+05 3.591828287368118763e+05 7.005929389095399529e+04 -2.048172039569178596e+05 -4.707518508403152227e+05 -8.325367198282056488e+05 -1.232545697214663029e+06 -1.520466574052257231e+06 -1.741700549821693217e+06 -1.848553455335789593e+06 -1.766712239754555980e+06 -1.580516341751210392e+06 -1.308782475403572200e+06 -1.047135995670830132e+06 -8.070955104364841245e+05 -5.332012950192447752e+05 -2.752186563506182283e+05
5.273506995306520257e+05 5.744699705055973027e+05 6.172043085536276922e+05 6.957477108633610187e+05 7.847959275437460747e+05 7.504328597438870929e+05 5.840253593644590583e+05 4.025805151542590465e+05 2.586884429307249957e+05 1.363300516054732143e+05 6.962290843483060598e+04 4.161905131666571833e+04 1.834018939596717246e+04 4.134603906466503395e+04 4.339138947965687839e+04 -1.175061660338554066e+04 2.588652142934710719e+04 8.956830492446891731e+04 8.216097846860066056e+04 6.375268620235146955e+04 4.103113416626013350e+04 6.782087576822971459e+04 6.921071214077540208e+04 5.402675454111874569e+04 3.810169164920796175e+04 2.049731219012755901e+03 2.241396244557120372e+04 2.460647358646395151e+04 3.106845718401006889e+04 3.195230258774233516e+04 -2.645303541008604225e+04 -5.110846176074130926e+04 1.159260905260220170e+03 4.623049535177415237e+04 1.264767954999103677e+04 3.166571416630141903e+04 9.274550953938171733e+04 5.553510054916853551e+04 5.173585801108821761e+04 5.261766298019199166e+04 -5.711563525910687167e+04 -1.967574880522440653e+05 -2.569075587298714090e+05 -2.142764255301154917e+05 -1.234724661764637567e+05 -6.325726434297394007e+03 1.698033535401895642e+04 8.724589394109789282e+02 4.028330989778647199e+04
3.234609633847139776e+05 2.331953970825999277e+05 2.066622272008679574e+05 2.824470485032360884e+05 2.993626821703219321e+05 2.639689102613192517e+05 3.391101175230868394e+05 4.004764445606271620e+05 3.288963140953276888e+05 2.804001883417366771e+05 2.847747318967597093e+05 2.885886150941953529e+05 3.324937981310357573e+05 2.868610580424136715e+05 1.870809383745653322e+05 1.690716312284350861e+05 1.716175111690245103e+05 1.631264220009325072e+05 8.515744206757517532e+04 3.296745150757487863e+04 4.641438047998258844e+04 4.393455602112226188e+03 5.580332605459261686e+03 -9.244101612420985475e+03 -6.052738011741894297e+04 -6.235512894112616777e+04 -4.187082957505458035e+04 -6.399002699763514102e+03 -3.695325811597285792e+04 -1.086868090537611861e+05 -1.350727017445024103e+05 -1.268953047903780825e+05 -1.822289299685511505e+05 -2.800897704433007166e+05 -3.500062960400828160e+05 -3.304165219147399766e+05 -2.709623633517183480e+05 -2.403837565697908867e+05 -7.048243811732454924e+04 1.415779914631271968e+05 3.186473802097330918e+05 5.019161906109368429e+05 5.506431282234538812e+05 5.221713809559887741e+05 3.984293057213672437e+05 1.954133362750865053e+05 7.635414097370789386e+04 -4.679529302316810936e+04 -2.211026727632237598e+05
-4.698486177061684430e+04 7.034877366430032998e+04 1.447705772757763043e+05 1.062055211198450997e+05 4.246719510192610323e+04 -3.034302351923473179e+04 -2.278671467569069937e+05 -5.663177330348119140e+05 -1.120231504664261825e+06 -1.907179195276839193e+06 -2.493559828521685675e+06 -2.378883091298487037e+06 -1.718740588405780029e+06 -1.026270671765377745e+06 -6.124944798999056220e+05 -4.536496753184476402e+05 -3.231845465046358295e+05 -2.131482531767687760e+05 -2.273777315557526890e+05 -2.404546628570824396e+05 -2.561914886340671219e+05 -2.942709028828542214e+05 -3.307725115367798135e+05 -3.798126379704619758e+05 -4.338936329162972979e+05 -4.769601433008201420e+05 -4.281788925976431929e+05 -4.048715987114706077e+05 -3.401593786494047381e+05 -1.430795345605290495e+05 -4.709459188015665859e+03 6.957993288801051676e+04 2.240214963989271782e+05 4.775659405281469226e+05 7.262461849438841455e+05 9.283179934759386815e+05 1.062593533221806632e+06 1.164216923425558023e+06 1.296763519978266442e+06 1.262430506042143097e+06 1.092468299213070422e+06 9.978700227921964834e+05 8.395353648986177286e+05 6.375519711794918403e+05 5.136726148096215911e+05 3.480305225364272483e+05 9.162016020694770850e+04 -1.002178278764761053e+05 -2.037004844784652814e+05
-1.076812027607228956e+05 -1.239320183455129736e+05 -1.181066883051243494e+05 -1.274834181078767870e+05 -1.932636743594775908e+05 -1.974494964293262165e+05 -9.153507059629185824e+04 1.076364018816096941e+05 4.252100420361964498e+05 8.420577379246238852e+05 8.553835364656697493e+05 -1.017607251295688329e+05 -1.313298292025574017e+06 -1.689860616599179804e+06 -1.276046434622985078e+06 -7.827242911786016775e+05 -5.196995476617307868e+05 -4.117095478367989417e+05 -3.595621306994871702e+05 -2.716396883424022235e+05 -2.193213553303212393e+05 -1.892057545405989513e+05 -9.038624844557512552e+04 -2.786793542181607336e+03 8.077523561427369714e+04 2.097913482227881905e+05 2.960515621879312675e+05 3.227194319729465060e+05 3.226978735970624257e+05 3.511822890280745924e+05 3.869361045747064054e+05 3.576390280963100959e+05 3.728942483152797213e+05 4.162879864334533922e+05 4.190165047645857558e+05 4.784294994419902796e+05 5.371450160531091969e+05 5.616769434626632137e+05 6.159508871911381138e+05 6.796366556403498398e+05 7.519069762113228207e+05 7.969833659837616142e+05 9.159371413632445037e+05 1.125734695271678735e+06 1.202816420806778129e+06 1.237426646188829094e+06 1.283282152240864933e+06 1.221680921285729855e+06 1.112117665449166670e+06
5.599914578473428264e+04 -2.571812961410591379e+04 -2.093012310229893774e+04 9.885228911414742470e+04 1.642882664532226045e+05 1.944940265841430519e+05 2.681312457461899612e+05 3.688920362148203421e+05 5.556611675243766513e+05 8.416253536396832205e+05 1.388210346865818370e+06 2.195213764260989148e+06 2.682461867657111026e+06 2.306029294047620147e+06 1.388129989914159290e+06 6.182523470284645446e+05 1.502077650508722290e+05 -1.082912256536660716e+05 -2.873060362256364897e+05 -4.611437566726813093e+05 -6.346918192674620077e+05 -8.301084913512747735e+05 -9.936572567634009756e+05 -1.099868729438312352e+06 -1.179930223745322553e+06 -1.252540349414629862e+06 -1.238218937010241672e+06 -1.090251965815261705e+06 -9.324696600004971260e+05 -8.137716990119947586e+05 -6.902807748208577977e+05 -5.616433453159700148e+05 -4.535482636572874617e+05 -3.822917945291555952e+05 -3.163134317446383648e+05 -2.592541009938572533e+05 -2.049217759970636107e+05 -1.518069177496368065e+05 -1.029234284165431745e+05 -7.484432077675592154e+04 -6.477336304466007277e+04 -4.647553050017450005e+04 -2.376172460237285122e+04 8.676559407569654286e+04 2.025480978700215928e+05 2.142912007129043341e+05 2.749947568752407096e+05 3.614257555719800293e+05 3.959917036743629724e+05
1.927113086725876201e+05 1.133047662132594269e+05 5.174271549898548983e+04 6.682578354681003839e+04 6.064589240064378828e+04 -4.384254040589439683e+04 -7.220212429878301919e+04 -7.081472896388755180e+04 -1.099647010475746356e+05 -1.117900478049705271e+05 -1.598886819506881293e+05 -1.951917742179650813e+05 -1.804577763439737028e+05 -2.199537237285402371e+05 -2.319884302525314270e+05 -2.306366319100200199e+05 -2.346242568158778595e+05 -1.991934413643320440e+05 -1.805539970072276774e+05 -1.547061198722803383e+05 -9.640710267733069486e+04 3.716506075288681313e+04 1.678625448413370759e+05 2.260900635212599300e+05 3.111540823728138348e+05 3.381379148119594902e+05 2.222410803724775324e+05 1.067133697881947737e+05 3.536560919354099315e+04 -7.536934085903363302e+04 -2.489213275730429450e+05 -3.524973465803493746e+05 -3.451284456584849395e+05 -3.743242629639278166e+05 -3.760774323008078500e+05 -3.206178079197707120e+05 -3.025977657776091946e+05 -2.865369517622462590e+05 -2.765612513918310869e+05 -2.860330083423461183e+05 -2.759439979043967323e+05 -2.241530128402527189e+05 -1.365312850136248162e+05 -6.624754020813247189e+04 -2.664120780813402962e+04 -1.994960671727312729e+04 3.828278890214348212e+04 1.548227623378612334e+05 2.527487817802424543e+05
-1.006714338650634745e+05 -1.118348593574772822e+05 -1.093382473404925549e+05 -1.023339981661412166e+05 -1.464178700643242337e+05 -1.525792579747212585e+05 -1.158226956918952055e+05 -1.441825324812090257e+05 -1.425392296198699623e+05 -6.892151899388403399e+04 -1.690433812007540837e+04 -2.920158132226788439e+04 -2.045987153571331874e+04 6.885484957601875067e+03 -3.295631251981831156e+04 5.203958230995573103e+03 6.486216398639959516e+04 -6.738227393361739814e+02 1.760564081094344147e+04 7.799212620302563300e+04 7.418091366591391852e+04 7.888599689846154070e+04 1.104848570315518300e+05 1.700456266284161247e+05 1.584370570605094545e+05 1.194822972828113707e+05 1.641375523569878424e+05 2.062869345791117521e+05 1.663307007546246750e+05 5.562774685182352550e+04 1.155938614887418225e+04 -2.796323288857890293e+04 -1.847680379553643288e+05 -3.114393175911388826e+05 -4.436687541699214489e+05 -5.525151781183374114e+05 -6.345935171205201186e+05 -7.179694061873318860e+05 -7.438120443954536458e+05 -7.225792765438361093e+05 -6.128406243088830961e+05 -5.273460122392873745e+05 -4.413497652758075856e+05 -3.111783847303013317e+05 -2.452235394989843480e+05 -1.755202610282860696e+05 -1.156054786725146696e+05 -1.609019498016261496e+05 -2.587052132065556943e+05
3.209112760738934739e+05 2.453641396429156885e+05 1.827553100811201730e+05 2.208163120690733194e+05 3.054695686502964236e+05 2.989594543114071712e+05 2.701645483003811678e+05 3.062650263425896410e+05 3.408797786354264244e+05 3.188911307568193879e+05 3.385859391817941796e+05 3.880780126423635520e+05 3.299556985363594722e+05 2.919856722779511474e+05 3.175871612894115970e+05 2.601977497608461417e+05 2.222989653536938131e+05 1.879063190468880348e+05 1.417281659251600504e+05 1.387924783425112255e+05 4.127026957634417340e+04 -2.720486744027589448e+05 -1.135602255219275830e+06 -2.225166747815671377e+06 -2.138414776421993040e+06 -1.026211030396809569e+06 -3.136251330346560571e+05 -8.497117215883929748e+04 3.383077172155014705e+04 5.150336453487386461e+04 3.835691030253667850e+04 9.471901431825314648e+04 1.960705410943779279e+05 2.642282865884770290e+05 3.915425960785071366e+05 5.093097200001645251e+05 5.564268310691113584e+05 5.378274248214449035e+05 4.458809127670247108e+05 3.680139566240530694e+05 2.502619763494291110e+05 1.401785124109305907e+05 2.902362944994820282e+04 -7.409869653100077994e+04 -8.310315327864396386e+04 -1.510296693886625580e+05 -2.250882009627824882e+05 -1.773038366105178138e+05 -8.516881213755905628e+04
-1.635515590029535815e+05 -4.375698075105901808e+04 2.089998678085976280e+04 -1.258370704192202538e+04 -2.918615618691546842e+04 -3.529025087438640185e+04 -9.548855608140002005e+04 -1.206349262257572263e+05 -7.902476450763072353e+04 -6.003360921400587540e+04 -1.025070876203245716e+05 -9.212401842625706922e+04 -8.850392015403485857e+04 -9.141826228864374571e+04 -3.023591596531332470e+04 -2.011720691763912328e+04 5.775273833569255657e+03 3.430757915819413029e+04 2.056363171272096224e+04 8.212462641138699837e+04 2.085596750864345813e+05 4.701478399753984413e+05 1.331647183447496500e+06 2.446617306928380392e+06 2.404103293744116556e+06 1.310136019638014026e+06 5.523732896271389909e+05 3.646176010757344775e+05 2.910042325785616413e+05 2.753617672786642797e+05 2.602129423197759315e+05 2.172022061151801609e+05 2.180287237389725633e+05 1.864001690653096884e+05 1.175592358801802620e+05 1.010097414799388498e+05 1.468382400678843260e+04 -1.964278027586992830e+05 -5.739233479660451412e+05 -1.374610181250605267e+06 -2.331783863801400643e+06 -2.618760733837848995e+06 -1.905710531684884802e+06 -1.004522707286086050e+06 -5.805445845962113235e+05 -3.674615585348501336e+05 -2.478810059564423282e+05 -3.220865751248470042e+05 -4.807057716908399016e+05
-1.314338065638731932e+05 -7.461348318363889121e+04 -1.111425761104328558e+04 1.551573097662173677e+04 2.862819028610829264e+04 1.178562391389277764e+05 1.846588414711003425e+05 1.923070922885382315e+05 2.686676413910755073e+05 3.238950330889200559e+05 3.460096273936508223e+05 4.147510072814476443e+05 3.834494274455936393e+05 3.172582504765886115e+05 3.799965125812740298e+05 4.240282555959130987e+05 3.221980380144671071e+05 2.856142771948360605e+05 3.040857041520938510e+05 2.087125536601524800e+05 1.786493108666033950e+05 1.551316711616527755e+05 5.898578389853355475e+04 2.674918764838366769e+04 -1.165939680868177675e+04 -8.134921086282702163e+04 -1.386838543602789287e+05 -1.722548762413503136e+05 -2.145941149639836513e+05 -2.615814420381502714e+05 -2.773591426982602570e+05 -2.886179354676282965e+05 -2.878221064154070336e+05 -2.858488254365510656e+05 -2.575413802801628481e+05 -2.095392251921293791e+05 -1.361702205143225729e+05 -2.835450196129392134e+04 2.258126977673954680e+05 9.645720767242866568e+05 1.947829053340544924e+06 2.148009113327431493e+06 1.368857976582945324e+06 4.991452983296746388e+05 -2.936332209297502413e+04 -2.347170297398399562e+05 -3.423036221299865283e+05 -5.144344445546423085e+05 -6.754485661016833037e+05
-3.684147010761103593e+04 8.434514734282856807e+04 1.468021609536661999e+05 1.064580412222129526e+05 1.172860591053904500e+05 1.422824839824170922e+05 8.122655272542027524e+04 8.959548334212752525e+04 1.688745952850149770e+05 1.968787780248384806e+05 1.883840198432154430e+05 1.893152364407434361e+05 1.877944852176005370e+05 1.863970407887244655e+05 1.884736039541893988e+05 2.348156957633912098e+05 2.908001093668282847e+05 2.541532483819173067e+05 2.103817371687908890e+05 2.736647768640249269e+05 3.392238822474606568e+05 3.474837658691103570e+05 3.762262279172143899e+05 4.073109424665742554e+05 4.012574095907618757e+05 4.252399473609686829e+05 4.278386211875474546e+05 3.588531127247558907e+05 2.841755066055338830e+05 2.053728670849525370e+05 1.569634835424949415e+05 1.125473181459526531e+05 4.834567183221317828e+04 -1.326609349227510393e+04 -1.109484886736026965e+05 -1.608226857188856229e+05 -1.542848929154570214e+05 -2.338569105463107117e+05 -3.251737582658827305e+05 -3.088123644140423276e+05 -3.238571590041110758e+05 -3.965238807484279387e+05 -3.551366840270920657e+05 -3.480408436426671688e+05 -4.104254838856291026e+05 -3.677239258316683117e+05 -3.770364613315917086e+05 -4.506973707930578385e+05 -4.856918577292431146e+05
8.145382946342584910e+04 -4.368853499283434940e+04 -1.390949729016573983e+05 -1.251439292763825069e+05 -8.747474261894240044e+04 -9.419253025800570322e+04 -9.457018534099913086e+04 -8.431119094428143580e+04 -2.959787059124220104e+04 3.864940938627111609e+04 3.207043120390149124e+04 -3.768248352353104565e+04 -1.136212552592040447e+04 2.121222065194159222e+04 -6.333924531383671274e+04 -4.306027017097210046e+04 1.218629621216683881e+04 -5.282630825066004763e+04 -6.169880758199721458e+04 -2.763930855289800093e+04 -2.119531174859733437e+04 -1.161200795002514496e+04 -1.580304694201916573e+04 -4.408198081830036244e+04 -7.693321569080583868e+04 -5.391903829236992169e+04 -2.770761245643370785e+04 -7.378187084163085092e+04 -1.479704520880475175e+05 -1.939568671812594403e+05 -1.804843617642472964e+05 -1.330208828886678675e+05 -1.366374499308590312e+05 -1.657051024911924032e+05 -1.079804600175700616e+05 -3.707388688882929273e+04 -6.226610803321830463e+04 -7.618075660720944870e+04 -1.190503254096268211e+04 3.544565244781540241e+04 2.193488896678900346e+04 4.108938598423229996e+04 8.010131443661497906e+04 1.137589789470081450e+05 1.698098668140302179e+05 1.797872831225680420e+05 1.703900043202160159e+05 1.578695477797008934e+05 1.222200678462074138e+05
2.989140552235766081e+05 2.361116812989348546e+05 1.716737415053648583e+05 9.196631012717257545e+04 3.615824091248214245e+04 -1.705277200671829632e+03 -3.338542859943116491e+04 -2.320855984013176567e+04 -3.032493391365275602e+04 7.145749555056681857e+03 3.158749807524140124e+04 -3.843516538021498127e+04 -7.392986106919121812e+04 -1.028892319316218636e+05 -6.364140679754198209e+04 -1.220061409199847549e+04 -8.020963625182041142e+04 -8.337071719201044471e+04 -6.113695588748666341e+04 -8.848759925094779464e+04 -5.113793515571166063e+04 -4.146503965661406983e+04 -7.641096600797038991e+04 -4.324098194920236710e+04 -1.460494172948534833e+04 8.303599102946405765e+03 6.464558135921839857e+04 4.867535409532149788e+04 3.561781762939051259e+04 8.137466376021620817e+04 9.465450268500714446e+04 1.111420984088912955e+05 1.070321348297880322e+05 4.711617409862826753e+04 4.322984438287687226e+04 8.229663236605112616e+04 5.605187340188404778e+04 4.185380844763138884e+04 4.438999688587507262e+04 -3.016902500530704856e+02 1.635666142057783873e+04 6.502653540839681227e+04 7.147870505272274022e+04 7.118328685392053740e+04 9.200809188507264480e+04 1.280712338049485115e+05 1.766702656776766526e+05 2.829922680114375544e+05 4.267085086868552025e+05
1.978097955565316370e+05 7.682883567380491877e+04 1.278725109106738819e+04 -8.009700754628283903e+03 -3.313913621910614893e+04 -8.622404589259589557e+03 2.003566709798172815e+04 1.258817804045975208e+02 -4.053081283200299367e+03 9.722643648856319487e+04 1.826064284022141655e+05 1.103278973771377932e+05 1.359571396475072834e+04 4.693187141689122654e+04 1.487985836032020743e+05 1.704332341872214165e+05 1.332175107831427595e+05 1.016643582412506948e+05 9.489018161446435261e+04 1.288858040963531821e+05 1.667066256585528608e+05 1.757992788613772718e+05 1.697474849068387994e+05 1.429627961629012134e+05 1.435080524830846698e+05 1.665035855087626260e+05 1.261968950189473107e+05 1.037408933779807994e+05 9.017570037598500494e+04 4.517265109781874344e+04 5.838256188653747085e+04 1.332591868122038431e+04 -2.377580036758456845e+04 7.348993627965683118e+03 -2.685570092566194944e+04 -2.509272390569117852e+04 -2.518557151503057685e+04 -6.511420730821567122e+04 -6.101756571690214332e+04 -1.038569192845895886e+05 -1.454114081834269455e+05 -6.994451394668500870e+04 -6.998234885497356299e+04 -1.710896043012333103e+05 -1.941992660636610235e+05 -1.975520311077701626e+05 -2.079598304943650146e+05 -1.886874464379794954e+05 -1.649914340693757404e+05
-1.776796705003652605e+05 -5.084710266484762542e+04 3.855313885505890357e+04 4.635259731614496559e+04 2.135503256155061536e+04 1.534716545516854967e+04 1.159631077389349230e+04 5.277904043265167275e+04 1.411479199188761413e+05 1.811386669067723560e+05 1.735286607312447159e+05 1.613981365296058939e+05 1.875339507423632313e+05 2.510879245147224283e+05 2.618586464064718457e+05 2.229853214741161792e+05 2.464461284382559825e+05 3.090574526593263727e+05 3.042240607204439584e+05 3.071448738120668568e+05 3.446334233698141761e+05 3.521383149910252541e+05 4.033123095089111011e+05 4.365604011413231492e+05 4.087415379058802500e+05 4.009193154569943435e+05 3.835837388593060896e+05 3.530447020792057738e+05 2.783923114303615876e+05 1.448499489220557734e+05 -7.857535516726737842e+04 -5.370543048427533358e+05 -1.282958973078059964e+06 -2.013690536756183254e+06 -2.215936385817475151e+06 -1.772881358219311573e+06 -1.124157965353950392e+06 -6.528734376140356762e+05 -4.076527323470509145e+05 -2.996531487999884412e+05 -1.918550258332104422e+05 -1.203167421145194676e+05 -9.723702859031595290e+04 -5.961602310766442679e+04 -6.287251123139867559e+04 -1.010468651651169639e+05 -8.001319892704440281e+04 6.197314009470865130e+02 8.309136148847639561e+04
2.066922143407294061e+04 -3.177103108566370793e+04 -9.400446897503559012e+04 -1.782211175971315242e+05 -2.909100449414108880e+05 -5.669319585054470226e+05 -1.025016196478099562e+06 -1.193671023842617171e+06 -7.713134078278392553e+05 -2.489705938404949848e+05 -4.577353267159196548e+04 -2.425789590852195397e+04 -5.317265712408698164e+04 -4.832874694737256505e+04 2.430374247051076964e+04 4.688235823239665478e+04 1.209470194778987207e+04 2.140294952623662539e+04 2.051083254118566401e+04 -6.809641332511091605e+03 8.586262291644234210e+02 3.734844898935966194e+04 5.744227890289062634e+04 3.226954629179113545e+04 7.657350786030292511e+03 3.112549406025209464e+04 7.143262090234202333e+04 6.980946339710522443e+04 8.718606018766877241e+04 1.937974443347777706e+05 3.861965811742986552e+05 7.541349722280609421e+05 1.419200263270471711e+06 2.092609571572827641e+06 2.197953810336474329e+06 1.621395830189286266e+06 7.863132101716450416e+05 1.072468857675269246e+05 -3.512924248370099813e+05 -7.075057150848424062e+05 -1.177021851299655624e+06 -2.405311762882770970e+06 -3.158584970997172408e+06 -1.931094274296623189e+06 -5.775355883108604467e+05 -2.741124382331320085e+05 -2.257675020079480018e+05 -8.793462973917624913e+04 1.084152467649262398e+05
-3.411104488171983976e+05 -1.502914718576358864e+05 -2.995720842591254041e+04 -2.279338336840760894e+04 4.637479389784857631e+04 3.443068624279111391e+05 8.208612655823522946e+05 1.010978744055028423e+06 6.441683051413574722e+05 1.977106869484122726e+05 7.190763585094769951e+03 -3.196480122162029147e+04 -6.074838332628132775e+04 -1.160942452677408874e+05 -1.335063898500811192e+05 -8.117107923768338514e+04 -5.561615295824596251e+04 -1.040920920044299710e+05 -1.334910183578903670e+05 -1.007376989326439361e+05 -6.298924459726543137e+04 -5.665895397469284944e+04 -9.645624041120772017e+04 -9.156914078455895651e+04 -2.599948159986513201e+04 -6.119386542457473115e+04 -8.198615305242114118e+04 -5.547750918820389779e+04 -6.692361835201148642e+04 -4.779639178144850302e+04 -3.084332103331689723e+04 -4.454418513894791249e+04 -8.433686363787302980e+04 -5.261936348746553995e+04 2.998789156263228506e+03 -6.615423848328617169e+04 -1.309640685394697357e+05 -1.293317350285362918e+05 -1.762681816016262164e+05 -2.133297399948054226e+05 3.889574262677552179e+04 1.235411904675559606e+06 2.087845318622997729e+06 9.242249274543352658e+05 -3.071643695983210346e+05 -4.123437848962191492e+05 -3.376446261811367003e+05 -3.452734987709834240e+05 -3.802994220437465701e+05
1.295534946722921450e+04 -3.638769147219136357e+04 -9.662685289149533492e+04 -1.186510623640788253e+05 -1.071338130418735091e+05 -1.402393762841529679e+05 -1.473425455090182368e+05 -1.069558143464382738e+05 -8.034612296920386143e+04 -1.554390892648370937e+04 4.503588344086660072e+03 -3.079064637553528883e+04 -2.568392955494346097e+04 -8.050798834548913874e+04 -6.832158172037452459e+04 4.287107402924448252e+04 3.895270520661165938e+04 -5.957294819963863119e+03 2.525279573324951343e+04 5.633488651554216631e+04 3.345477646173071116e+04 3.823473550495668314e+04 5.643991092641954310e+04 6.085803892594436184e+04 9.698311951622599736e+04 9.130492448064638302e+04 6.860160565716819838e+04 6.398396437929500826e+04 5.288467851380119100e+04 7.244734645297261886e+04 8.981152578475303017e+04 1.053352581131918123e+05 1.231893038115234813e+05 1.543690598812827375e+05 2.383039677167837508e+05 3.412517354053848539e+05 4.486187911234446801e+05 5.655108744822802255e+05 6.906826244994585868e+05 8.245917295558297774e+05 8.696839040236966684e+05 7.302966618700906402e+05 4.253027212514996063e+05 7.489204948927951045e+04 -2.307019967597434297e+05 -5.102934444347906392e+05 -6.649643614221727476e+05 -6.422943899994415697e+05 -5.618096399326035753e+05
-4.585889848299847217e+05 -3.237029985366098117e+05 -2.004242778371553868e+05 -1.575094212166732177e+05 -2.288239765015896410e+05 -2.593666383624076843e+05 -2.084046112830401398e+05 -1.699200214041050058e+05 -1.483887171579410788e+05 -1.533984730736117344e+05 -1.375764308200450614e+05 -1.322625930690264795e+05 -1.468095238426758442e+05 -1.124933993363811169e+05 -7.266387127601774409e+04 -5.470653458105516620e+04 -5.657536386061110534e+04 -5.986730805409024470e+04 4.960891700175125152e+03 3.278760152534232475e+04 -2.161008532129949890e+04 8.646582932415185496e+03 5.311567030832520686e+04 5.662340719951339997e+04 6.528272870025807060e+04 9.040754604953690432e+04 9.246697807771828957e+04 5.593381307320692576e+04 1.060858150394049007e+05 1.288503704659522045e+05 1.206047056008537766e+05 1.670858096778106410e+05 1.833655279065719806e+05 2.153426603555271868e+05 2.704265657920041122e+05 3.059636550916183041e+05 3.796037291918763658e+05 4.747232466221621726e+05 5.192637928137262934e+05 6.288889894056757912e+05 7.904518625627697911e+05 8.776847845688476227e+05 9.120321902399857063e+05 9.270369242160829017e+05 8.978360549730150960e+05 8.077444822968370281e+05 6.754200258172936738e+05 5.522370542924902402e+05 4.584143663359191269e+05
6.900301222049165517e+04 8.413923090265598148e+04 2.768746414338250179e+04 -7.705314105143770576e+04 -5.467970168843748979e+04 5.561302967544179410e+03 -6.438907097952323966e+04 -8.748496612388396170e+04 -1.104859661267267074e+04 -2.508308654054417275e+04 -4.421106102396146161e+04 -3.191715868990286253e+04 -6.954462185225565918e+04 -6.667744839811342536e+04 -3.019828116855927510e+04 -1.720590721481130458e+04 -4.817340744426468154e+04 -7.214718978531891480e+04 -3.432077579636825249e+04 -3.917093868280062452e+04 -6.664118337241219706e+04 -7.041171204735289211e+04 -5.860526800024684053e+04 -2.810219853388846968e+04 -7.779055921928396856e+04 -1.100523052112840232e+05 -8.126002228207649023e+04 -1.163009505519587256e+05 -1.198437827624730853e+05 -9.247322418479598127e+04 -1.234946649904302903e+05 -1.297328647635004600e+05 -1.110879294860938389e+05 -7.497750695096340496e+04 -7.350093919725634623e+04 -1.307070680421018624e+05 -8.697610844581469428e+04 -3.767229902936384315e+04 -6.711908056269737426e+04 -6.018041951188910753e+04 -6.427900365568371490e+04 -6.328333376644924283e+04 -8.587288701499323361e+04 -2.393011222250073915e+05 -3.804965540826383512e+05 -4.427248978892735904e+05 -4.883811766363221686e+05 -4.955637729940633290e+05 -4.747615348787717521e+05
-4.822344789863534970e+03 -1.082112304994371079e+05 -1.920079806039574905e+05 -2.006848163207177422e+05 -2.016763078390795272e+05 -1.993925643993134145e+05 -1.498411625130392495e+05 -1.742931822883840359e+05 -1.926719387323830160e+05 -1.256786949519300251e+05 -1.179214331516415696e+05 -1.850830078709987574e+05 -1.549901648728700820e+05 -9.366658184240804985e+04 -1.486421229707774473e+05 -1.682842641008029459e+05 -1.383384810845018364e+05 -1.256280687416438013e+05 -1.156424158344451571e+05 -1.226354000420541270e+05 -1.218025835556909442e+05 -1.276669974863762036e+05 -1.456605594814757351e+05 -1.737998463136316277e+05 -1.641042650582673959e+05 -1.067521818570094183e+05 -1.063108737718721386e+05 -1.387241100735266227e+05 -1.393441693774366286e+05 -1.101934344065375626e+05 -8.145919885442685336e+04 -8.624153208205825649e+04 -6.738313734764279798e+04 -3.088233492235303856e+04 -5.795497401646594517e+04 -6.017962122205062769e+04 -1.745345266361231916e+04 4.518065880693029612e+03 6.187607960891886614e+04 1.265886666160074528e+05 1.781200078602710273e+05 2.617599572279138956e+05 3.504749758545940276e+05 4.223062211180522572e+05 4.777305484964752104e+05 5.546460682466552826e+05 6.484429482008286286e+05 6.685795381918419152e+05 6.322992753711743280e+05
-7.084185247531857342e+06 -4.837731821356574073e+06 -2.299159610762726981e+06 -5.554629924491741695e+05 -1.599806164544131607e+05 -6.675631130361557007e+04 -1.786792598577449098e+04 1.553026282577775419e+04 5.218965876279957592e+04 8.301245294060185552e+04 8.882599690608913079e+04 1.178909357273369096e+05 1.528443025088929571e+05 1.824575546402777545e+05 2.140119345170385204e+05 2.507678148655397817e+05 2.801341045828307979e+05 2.949674941762350500e+05 3.334193208257781807e+05 3.529364404181248974e+05 3.805064420045518782e+05 3.713594393612579443e+05 3.212979567976440303e+05 3.780229365824195556e+05 4.140446785859237425e+05 3.227031134515712038e+05 2.624115894737767521e+05 2.874636592228494119e+05 2.279016669534033863e+05 1.399141488305756939e+05 1.683523915563999326e+05 1.639650864791474014e+05 6.766447903210113873e+04 -1.005304067497479264e+04 -3.576592280980554642e+04 -9.628282537174504250e+04 -1.389320107405363815e+05 -1.416158067988001858e+05 -1.930746810107664205e+05 -2.358816517732333159e+05 -2.087380304478575708e+05 -1.518061109587147366e+05 -2.021694914995162981e+05 -2.675939978516548872e+05 -2.650496832425420871e+05 -3.012813490506953094e+05 -2.946340665628667921e+05 -2.478392534144218080e+05 -2.284288955863993615e+05
6.181002055028800853e+06 4.030170656751725357e+06 1.659855690708791837e+06 6.198575906440953258e+04 -2.934472689610265661e+05 -2.893947610247413395e+05 -2.393493201666568639e+05 -2.656483563815710368e+05 -2.608237690938405576e+05 -2.048030387984180416e+05 -2.020253673862317810e+05 -2.282003065857862821e+05 -1.888555723614990129e+05 -1.892618832293373416e+05 -2.185222343205531652e+05 -2.136347628239310579e+05 -2.420618631633988698e+05 -2.507976751570822089e+05 -2.691598635887202108e+05 -3.969428829598471057e+05 -6.328802560098107206e+05 -8.758072189407541882e+05 -9.504062127035302110e+05 -7.418942257402525283e+05 -3.493501835911581293e+05 -5.513105030244309455e+04 3.495451691080257297e+04 9.476747640888812020e+04 2.132897670647068880e+05 2.430465052969520912e+05 1.856737019552383572e+05 1.538028805262004025e+05 1.448368351819226518e+05 1.820281175717536826e+05 1.557031096183336340e+05 6.469157800893764943e+03 -3.749993347679264843e+04 -3.970118094279314391e+04 -1.475314179997071624e+05 -1.893162726040461566e+05 -1.628916141313677654e+05 -1.648192582640335895e+05 -1.594632719646319747e+05 -1.682853825767235830e+05 -2.233731948061906733e+05 -2.051823246310227551e+05 -8.800663759102392942e+04 -1.480278720657201484e+04 3.556255937289446592e+03
-7.574213576098554768e+05 -1.101042695471260231e+06 -1.481404503639786970e+06 -1.807716746172227431e+06 -2.005060814526223112e+06 -2.056238149376876652e+06 -1.852032800923333736e+06 -1.516534094852104783e+06 -1.243325634848734830e+06 -9.503339240053896792e+05 -6.473964158716262318e+05 -4.560910797998076305e+05 -2.915876359428511932e+05 -1.434421931805261411e+05 -5.442852894149813801e+04 3.881183458535838872e+04 1.591736048490568064e+05 2.700337635395405814e+05 3.390845762808746658e+05 4.743759437499102205e+05 7.067597406875556335e+05 9.585103832453028299e+05 1.052380630847330438e+06 8.115645844371472485e+05 4.636991261869836599e+05 2.267181593984425999e+05 5.231407729443116114e+04 -6.216768450074596331e+04 -8.757490244941459969e+04 -8.483381769197899848e+04 -5.307230976744904183e+04 3.975841166975907981e+03 5.432385509280697443e+04 1.216075164810172282e+05 1.823716490760853048e+05 2.336879035482706968e+05 3.324953258872847073e+05 4.442731299766463926e+05 5.365925437804248650e+05 6.384818057903595036e+05 6.653944890960711055e+05 6.642087532098239753e+05 6.730333003292598296e+05 5.857696057371506467e+05 4.543062179426501971e+05 3.670013364791511558e+05 3.201123609863864258e+05 2.843906611276899930e+05 2.494849359357561916e+05
-7.876152817017280031e+05 -5.900413524280886631e+05 -4.293212743508045096e+05 -3.053493593051098287e+05 -1.743479276538710110e+05 -1.391874676928273402e+05 -1.486457091537883971e+05 -1.470688046433497220e+05 -2.090236864247708581e+05 -2.530159478235873394e+05 -2.552158855606105644e+05 -2.412668418730028206e+05 -1.939344549071391812e+05 -1.674424197387996828e+05 -2.008754283565211808e+05 -1.716732407233212143e+05 -8.137955051002802793e+04 -5.557838533073663712e+04 -7.594942517811426660e+04 -3.060052796849043807e+04 -4.637462931568617932e+03 -4.830969821923645213e+04 -3.952017997595254565e+04 -4.361613626824680250e+04 -3.914558071177435340e+04 -1.004135393392061815e+04 -3.264528399653505767e+04 -4.966102424659772078e+04 -6.949665579595597228e+04 -6.435089105187205132e+04 -5.897686339740164112e+04 -5.435760328604362439e+04 -2.648603572743022232e+04 -7.026723875314908219e+04 -6.246053413633463788e+04 -3.631884760397940408e+04 -1.050301679567202518e+05 -1.312854257650908548e+05 -8.596424895309620479e+04 -2.768203747866201957e+04 -2.253578631003643750e+04 -7.782861841289544827e+04 -1.459727498327261419e+05 -2.188179251959088724e+05 -5.998801071805045940e+05 -1.471674597422238905e+06 -1.857990423943558242e+06 -1.393024113537105266e+06 -7.454169953611306846e+05
1.045011918098316528e+06 9.393081113399239257e+05 8.281206767837284133e+05 6.834723232439132407e+05 4.253544435545336455e+05 -5.101991594128729776e+04 -6.603826170990937389e+05 -1.139886905402819393e+06 -1.295391240180179942e+06 -1.104427848023478407e+06 -7.186272226733852876e+05 -3.964921157836220227e+05 -2.832339398321345216e+05 -2.289538530728895566e+05 -1.752203965128864511e+05 -2.085829548462062958e+05 -2.667429108940997394e+05 -2.377663322750594525e+05 -1.695684575397171429e+05 -2.136616953858173802e+05 -3.053237320997864008e+05 -3.190658929798517493e+05 -3.077199141864554258e+05 -3.401543824668623274e+05 -3.646727796742924256e+05 -3.617640526601460297e+05 -4.069658110220916569e+05 -4.154636956224574242e+05 -3.430466286989394575e+05 -3.069508946081621107e+05 -3.298637468653032556e+05 -3.230679857061482035e+05 -2.637062534358133562e+05 -2.203264817947638221e+05 -1.839307470046333037e+05 -1.873339895941894501e+05 -1.992633883480448276e+05 -1.700624439364769496e+05 -1.553203542690607719e+05 -6.952171431505121291e+04 1.911466090561635792e+04 1.762721868959488347e+04 6.128250335314078256e+04 1.290771540900464170e+05 4.664482651234702207e+05 1.271811686535944697e+06 1.676478651818181388e+06 1.315274560072577093e+06 7.574007639049997088e+05
2.357963073733842466e+05 3.116699588505432475e+05 4.737652192774107680e+05 6.938723129319261061e+05 8.885180281265638769e+05 1.102596727611380396e+06 1.242298070467367768e+06 1.179341444884776603e+06 8.386398400340122171e+05 2.445993119745980948e+05 -3.323007623964811210e+05 -6.091762523568471661e+05 -6.742603878557563294e+05 -6.493991433735934552e+05 -5.353275823316650931e+05 -4.190706910035806941e+05 -3.275077038467864040e+05 -2.383364197754416382e+05 -1.703981295731500140e+05 -1.552617686026496231e+05 -9.872497614502214128e+04 -8.359350184415257536e+04 -1.027070161781741772e+05 -1.818090321205114014e+04 1.441089854342839681e+04 -1.409455559187324252e+04 2.793067378574062604e+04 7.783066334115597419e+04 6.099331951292708982e+04 6.630459806270676199e+04 1.004397786181653501e+05 1.068666732037675683e+05 7.926782931666856166e+04 6.484549897402751958e+04 1.022032529083663248e+05 1.009305326972390758e+05 6.245974232297146227e+04 3.514128724258631701e+04 8.257026749313779874e+04 1.745007643103594601e+05 1.817759866264533484e+05 1.572040186196684954e+05 1.535551012749779329e+05 1.504609558332597371e+05 1.289657914676358050e+05 1.349585782489153498e+05 1.614756369308455032e+05 1.124120945317560108e+05 1.363886795966932550e+04
2.019999495035156142e+05 3.372811943743724842e+05 4.697133272702919785e+05 6.022158285870680120e+05 7.388356548498268239e+05 8.333141630195311736e+05 8.844568027585044038e+05 9.116385602267115610e+05 8.389812050666665891e+05 6.618494071377788205e+05 4.121985832924838178e+05 1.070967759459747467e+05 -1.671422513402649201e+05 -3.545344436453887029e+05 -4.220795964801798109e+05 -4.572067445682480466e+05 -4.256752513919494813e+05 -2.464723818609489826e+05 -1.503083642807905271e+05 -1.656159718683920219e+05 -1.086243545048636734e+05 -5.014492589107045205e+03 -2.330038056359630718e+04 -5.776004981191373372e+04 2.858032955846429104e+03 4.393694257887676940e+03 -7.900320156768342713e+03 -9.918501652427970839e+03 -2.347308024822271545e+04 1.248699697112909053e+04 1.786536083789551049e+04 -2.259682226576827816e+03 3.273019700136501342e+03 -9.509867008018700290e+03 1.878645914258668199e+02 2.582488643238415534e+03 -3.755781614163352060e+03 2.650696236611115455e+04 4.700950988859399513e+04 8.517991981178034621e+04 1.240131406974981510e+05 1.603271355858305760e+05 1.636556017154357687e+05 1.427774004553796258e+05 1.616884324626882444e+05 1.434076273671230301e+05 1.373327879334106110e+05 2.019499578938108170e+05 2.783930341195045039e+05
9.236595269525423646e+05 8.161298187251668423e+05 6.765745623674590606e+05 5.391479733542655595e+05 4.660876382217975333e+05 4.407170999463414191e+05 4.334873210877411184e+05 4.610002861413526116e+05 5.374212540764713194e+05 5.690115626042822842e+05 5.583436628003258957e+05 5.555119644664231455e+05 4.618729412768150214e+05 3.016973416320977267e+05 1.118708937501651235e+05 -1.054591576688108034e+05 -2.545927093253706116e+05 -3.748298520548266824e+05 -3.997961540406686254e+05 -3.550822639139367966e+05 -3.859644216665757122e+05 -3.408553492013011128e+05 -2.675772816193061299e+05 -3.008649086666989606e+05 -2.997594574687534478e+05 -2.077594947235777217e+05 -1.553476687576039403e+05 -1.803393638186393073e+05 -1.910100472092744603e+05 -1.541760471984160249e+05 -9.011729554797065794e+04 -7.924036941753033898e+04 -1.297704496682859026e+05 -1.128297207609285833e+05 -4.431771945295605110e+04 -6.898023719666496618e+04 -1.031059209219528711e+05 -7.470494980254455004e+04 -2.495933631958917249e+04 1.454798717139044311e+04 2.419549287849816028e+04 6.083476406172837596e+04 9.630032664950675098e+04 1.096770086698236410e+05 1.031258275147413369e+05 8.436174976872256957e+04 7.190538203460176010e+04 1.016655938312751532e+05 1.758034416477287887e+05
1.342980367000561673e+05 1.464608937202137895e+05 1.282241020264335675e+05 1.445443487647571019e+05 2.238578325256821699e+05 2.289652673492674076e+05 2.236346049455459288e+05 2.510020153003280575e+05 2.653651202638867544e+05 2.954030655603854684e+05 2.838454835989979329e+05 2.544405183006895240e+05 2.832151558174518286e+05 3.019329184267552337e+05 2.012150733155430062e+05 4.268750958464795258e+04 -4.714679556404019240e+04 -7.898125827690819278e+04 -1.362201867011025315e+05 -1.812738798800272634e+05 -2.409733111140661640e+05 -3.146080334781435085e+05 -2.694780223642014898e+05 -2.428335237829012622e+05 -2.430228378868193831e+05 -2.096548917665494955e+05 -2.120167425367980613e+05 -1.725160526589028013e+05 -1.223516084355651110e+05 -8.573965076793669141e+04 -5.199599430052330717e+04 -4.017790773476008326e+04 -2.893560053782421164e+02 1.684787660342414165e+04 2.666867643856687937e+04 6.360602007713163039e+04 3.164815005147806369e+04 2.942460470570955658e+04 1.095935634299528610e+05 1.812350685789710260e+05 1.928477768530139292e+05 1.736041861138076638e+05 1.861660843220301613e+05 2.098138209595349617e+05 2.436574960610599082e+05 2.316507178189925617e+05 1.593951288730021915e+05 9.810211787233140785e+04 5.352438281406508759e+04
1.300797424922352657e+05 1.406391826385513414e+05 1.822458760673180223e+05 1.997528340801363811e+05 1.886348889264627360e+05 2.234209827843005769e+05 2.499567486168232281e+05 2.766997068282216787e+05 2.890734230581438169e+05 2.574634168131160550e+05 2.440449342655488290e+05 3.067597707957611419e+05 2.764391787833301350e+05 1.131127361851395108e+05 -1.828009209304582328e+04 -2.372836553424717858e+05 -4.174009231122913770e+05 -4.220195277046877891e+05 -4.232224478136047255e+05 -4.664325035343060736e+05 -4.327939837402657140e+05 -3.250695561812603846e+05 -3.053938152029882185e+05 -3.068341664195759222e+05 -2.492881584906715434e+05 -2.145193491788813844e+05 -1.772454859656861518e+05 -1.555724430931152310e+05 -1.601958024728811579e+05 -1.523621469130738406e+05 -1.496162629048922099e+05 -1.051323971603414975e+05 -8.834128843358502490e+04 -1.293666417087659938e+05 -1.490543861984041869e+05 -1.334690309150028625e+05 -1.597975426111953857e+05 -1.963309393543753540e+05 -1.756133682755171321e+05 -1.911561674365652143e+05 -1.794521453697233810e+05 -1.674122118580272072e+05 -2.062679314086557424e+05 -1.678556977742117015e+05 -1.513243713948759250e+05 -1.918269607223914354e+05 -2.195161798244231031e+05 -2.957563957275106804e+05 -4.075306306203072891e+05
-1.093654124744352594e+05 -1.003130885036080435e+05 -5.895028997620099108e+04 2.020132515492150560e+04 6.945704201265471056e+04 1.340524580408236361e+05 2.525508005599839380e+05 3.093059836464818800e+05 3.807893937584594823e+05 4.695035534715859685e+05 5.454375805324529065e+05 7.285210287591328379e+05 9.079062871518540196e+05 1.072766934620158048e+06 1.239593580696964171e+06 1.377884561703540850e+06 1.464000735758164432e+06 1.333706332375876606e+06 1.026856885577435605e+06 6.221719914977438748e+05 5.825174220721330494e+04 -6.383206661391891539e+05 -1.329064283488844521e+06 -1.772075235839291941e+06 -1.919922676234854385e+06 -1.909914156084996182e+06 -1.742723454391233157e+06 -1.532392736497861799e+06 -1.415053632719499990e+06 -1.289265193823083770e+06 -1.082217372485029045e+06 -8.011021762486780062e+05 -4.861282932921340689e+05 -2.925368596648331732e+05 -1.970045922551068943e+05 -9.046128734276862815e+04 -5.676493024890101515e+04 -3.913170745712704957e+04 3.858527055097487755e+04 8.163597289298172109e+04 1.223914702251211274e+05 1.654821507801536936e+05 1.300068952416765969e+05 1.143474479563885834e+05 1.366208296522384044e+05 6.765381544944806956e+04 -8.519298506289557554e+04 -1.956701639524532948e+05 -2.481542109700934961e+05
4.348876961314816144e+05 5.618032848037547665e+05 6.318609186587852892e+05 6.206506176097899443e+05 5.780098306716536172e+05 4.908949041436426342e+05 4.308282562351084780e+05 4.270691225357590010e+05 3.474990592771796510e+05 1.972575861611401197e+05 1.526632216910368297e+05 1.860724792655673809e+05 1.556696867261780426e+05 1.405125475852400996e+05 1.295410840254044160e+05 9.091396570001984946e+04 1.192324620383442380e+05 1.977824481212880928e+05 2.800676872985786758e+05 2.987866147642489523e+05 8.820565833594650030e+03 -1.072296065203266451e+06 -2.416056976997064892e+06 -2.441151964466263540e+06 -1.340468677844325313e+06 -4.405128908445487032e+05 2.196390176483034156e+04 2.595254266561828554e+05 4.632066584218404023e+05 5.873954798068733653e+05 4.969721907874920289e+05 3.038052126285034465e+05 1.156432216693072987e+05 1.362623583292597323e+04 -6.803643024381046416e+04 -1.371356609772191441e+05 -1.304986310948150931e+05 -1.123720913799481932e+05 -9.351433827076107264e+04 -1.938656863552745199e+04 5.237396265991288237e+04 6.739042963075923035e+04 1.571835955156707205e+05 2.701741126747227390e+05 3.023229432012890466e+05 3.337160384829612449e+05 4.008625172058247263e+05 4.488353027825346799e+05 4.633131500738004688e+05
-7.378085205535167188e+04 -1.292283271127962653e+05 -1.802560844153048820e+05 -1.612355455188662454e+05 -1.150860379685764201e+05 -1.124627525513641885e+05 -1.095483762386720045e+05 -1.124689341813792707e+05 -1.614531482174060657e+05 -1.891329958487767144e+05 -1.438159784744494827e+05 -1.411690637888386846e+05 -1.420750821346881567e+05 -1.273389181576203555e+05 -1.670456597229348263e+05 -1.446225500147558050e+05 -8.601338945300108753e+04 -6.814224398665828630e+04 -1.534497800836106762e+04 1.554467060088062426e+05 7.028704630868721288e+05 2.124713510983278044e+06 3.844719311711094342e+06 4.078990390942782164e+06 2.760584660578456242e+06 1.397511470321916975e+06 5.284840879656253383e+05 -1.445542938995640725e+05 -7.631562563611073419e+05 -1.196585804510395043e+06 -1.403513564219464548e+06 -1.445033667553509586e+06 -1.331655907885293011e+06 -1.107007854614640120e+06 -8.631110143358809873e+05 -6.271752118360023014e+05 -4.049203346815181430e+05 -2.393323736192546785e+05 -9.992537804733775556e+04 6.572665686428057961e+04 1.696361775571133476e+05 1.589262804077595938e+05 2.299489148746936116e+05 3.619279007404120639e+05 3.215725642608609051e+05 2.117833356821206398e+05 5.803368101216526702e+04 -1.805690687827859074e+05 -4.162698516840413213e+05
1.081121013179653673e+05 1.712128536606906273e+05 2.391208837769226520e+05 2.575085472740465193e+05 2.421865002773120068e+05 3.036532220555817476e+05 3.673609582294010324e+05 3.342501388068195665e+05 2.852877882745815441e+05 2.892189467293791240e+05 3.341173122558397008e+05 3.648846474380115978e+05 3.619851680845019873e+05 3.455197831240363885e+05 3.358133812015876174e+05 3.588033887921485584e+05 3.265716797727514058e+05 2.488128186465473846e+05 2.368083061772631481e+05 2.307724848706857301e+05 2.166545498423511162e+05 1.841481462577939965e+05 1.266211667904285714e+05 7.319942156842444092e+04 -4.922567093803128228e+04 -3.075812496317662299e+05 -7.545213575250823051e+05 -1.099584127887503244e+06 -9.808328798992452212e+05 -5.585767655950608896e+05 -1.761268503469187999e+05 4.920189189986628480e+04 1.953479658105067210e+05 2.725197195983491838e+05 2.190614640215057880e+05 1.913910846630458254e+05 2.087494237505597994e+05 1.342865876719590742e+05 3.238031324464827776e+04 -2.292857258871656377e+05 -9.245013630518282298e+05 -1.712136698430695338e+06 -1.596090973019886762e+06 -6.485271270037593786e+05 7.215636911336157937e+04 3.900269296602334362e+05 6.065044990717453184e+05 7.422921326188925887e+05 8.207125763475627173e+05
1.139885664361645468e+05 -6.403188264142954722e+04 -1.473391239612828940e+05 -1.309599045844515203e+05 -1.202102501544868574e+05 -6.062163211230654269e+04 -5.342691891477443278e+04 -8.536400262877577916e+04 -7.317871819454012439e+04 -9.418766797578427941e+04 -7.904306757001904771e+04 -5.173318523506168276e+04 -2.726945626578514930e+04 -1.393550481763668358e+04 -2.170352669956628233e+04 3.238181116466876119e+03 8.054497529520886019e+02 9.089596317498944700e+03 8.524958187015715521e+04 1.128209070724550402e+05 1.025597473065133672e+05 1.610541129362537758e+05 2.529757386108399369e+05 3.771207981940820464e+05 6.091904738030284643e+05 1.033002087073690142e+06 1.657136823584733997e+06 2.177675850251693279e+06 2.213492429930483457e+06 1.691915589504349045e+06 6.816219110792758875e+05 -1.059480015547317918e+06 -3.161032176770394668e+06 -3.908957653712132014e+06 -2.723477972742397804e+06 -1.233768242078078445e+06 -4.727694606632567011e+05 -1.023881696071478073e+05 1.541623686166708358e+05 5.001407746798926964e+05 1.338422137740715872e+06 2.286319291196124163e+06 2.222099467288638465e+06 1.359459791401749011e+06 8.087345741927879862e+05 6.447848308325028047e+05 5.263572190815471113e+05 4.781282265146714635e+05 4.957747906085476279e+05
2.941231961021548486e+05 2.342299387199455523e+05 1.800432171960710548e+05 1.659158853290136321e+05 1.750868647213792428e+05 1.745012662981752655e+05 1.827606989486957318e+05 2.104125024675160530e+05 1.936244311288466852e+05 1.455043266018037102e+05 1.313698282398400479e+05 1.567255099106114649e+05 1.793636296046315110e+05 1.627179467320092372e+05 1.855074094049631967e+05 1.821189666603460209e+05 1.497171123584848829e+05 1.537475700216599507e+05 7.865574855299200863e+04 -3.946120479173259810e+04 -1.641209548863110831e+05 -3.984673784012562828e+05 -6.287601579434715677e+05 -7.989107169219634961e+05 -9.242246121721108211e+05 -8.586355582872056402e+05 -6.211808592986192089e+05 -3.424478389637086075e+05 -7.808889337989990599e+04 2.227240354640532751e+05 8.125435025515595917e+05 2.117738099386636168e+06 3.773650686675985344e+06 4.049533458857040852e+06 2.424525173467403278e+06 5.794643996600667015e+05 -4.812539013655642048e+05 -9.231827725615603849e+05 -1.002962498814158607e+06 -1.001905914658270776e+06 -9.728335072690984234e+05 -8.731972731353030540e+05 -7.796770751115377061e+05 -7.120936225570049137e+05 -6.940657676410053391e+05 -7.819406928092916496e+05 -9.247713500971461181e+05 -1.023842269033481483e+06 -1.079151109323990531e+06
-8.387514912843471393e+04 -8.694512255518930033e+04 -1.136851631462925579e+05 -1.011949826587806456e+05 -3.740761910681612790e+04 -3.953827768360497430e+04 -5.812937480397522449e+04 -5.917077580292243510e+04 -7.412739989027613774e+04 -8.781173732044384815e+04 -1.017732469289330766e+05 -5.122362532565603033e+04 -2.110604034969583154e+03 -1.856647706707008183e+04 -2.391053852770710364e+04 -2.580016241525323130e+04 3.024964534532045946e+04 1.198104710070763249e+05 1.326827282970768865e+05 2.545569972592056729e+05 5.177624883217491442e+05 7.294869402033509687e+05 1.004625715705044102e+06 1.281032483286106959e+06 1.365908663573499769e+06 1.347415552859019488e+06 1.237246143986993935e+06 1.109949129706948996e+06 1.027338631214224733e+06 9.508897734672059305e+05 9.516125847992948256e+05 1.037396397804261185e+06 1.137733372362859547e+06 1.224703043781336397e+06 1.330335864546651021e+06 1.354491579104214907e+06 1.171972253490770236e+05 -5.574317600153746083e+06 -9.727204543025579304e+06 -5.180855943140617572e+06 -4.132878751456113532e+05 2.436777503381012939e+05 4.409612193395141512e+05 6.782126069301762618e+05 9.311849887255814392e+05 1.144197531009846833e+06 1.337425645719634835e+06 1.446720246799519053e+06 1.470049011911003618e+06
-3.805171551241062116e+04 -1.018751643033465371e+05 -1.312539935804670095e+05 -1.241791196420672059e+05 -1.565477794551406987e+05 -1.622165574427344836e+05 -8.966402082965939189e+04 -8.931057689944295271e+04 -1.573994533254881389e+05 -1.585535043419803842e+05 -1.116423080666572932e+05 -1.011975199243170500e+05 -1.192599448972031823e+05 -1.350169845193158544e+05 -1.069864748796680360e+05 -7.399492536118492717e+04 -1.070053775428095832e+05 -1.490520586696219980e+05 -1.430943192102131434e+05 -1.007653974409913644e+05 -1.212597843760157702e+05 -1.954238547527348856e+05 -3.257281902304391842e+05 -6.065708388990594540e+05 -9.399107946525332518e+05 -1.114243756843206240e+06 -9.642972066119536757e+05 -6.003736374835730530e+05 -3.432779588259290904e+05 -2.270610763799049892e+05 -9.544610734155867249e+04 -2.645516979187959805e+04 -3.140291139163356274e+04 5.071114528400357813e+03 5.804909218975808471e+04 1.532536276226164773e+05 1.453764769545237068e+06 7.093761746615359560e+06 1.108105224187805876e+07 6.407209980137687176e+06 1.476737506365457550e+06 6.154594300783388317e+05 2.909034203542973846e+05 -2.221137044267412275e+05 -4.858147495379643515e+06 -1.122835577715068683e+07 -9.960449173611693084e+06 -5.052334083110630512e+06 -1.976025215173920617e+06
-2.882569375346064335e+05 -2.960234482932719402e+05 -2.990814248306561494e+05 -2.963411917045596056e+05 -2.759627275771345012e+05 -2.259353518771238159e+05 -2.385748118851913605e+05 -2.662722911997116171e+05 -2.455861492146505043e+05 -2.423155770293669775e+05 -2.246948251876165159e+05 -2.486441824707435444e+05 -2.414298613328717183e+05 -1.992395299545023590e+05 -2.285597627752576955e+05 -2.240706399225750938e+05 -1.707989893804187886e+05 -1.870795787006500177e+05 -2.114997354449587874e+05 -1.383843172510387376e+05 -4.058652365143736824e+04 9.075127077259821817e+04 2.543164870521291159e+05 5.626142313840673305e+05 9.688215116580249742e+05 1.186378872929780511e+06 1.142602875757146627e+06 9.287301575264445273e+05 7.536645794930517441e+05 6.427658847236302681e+05 5.749972270833675284e+05 6.231224086717717582e+05 6.574353274991181679e+05 6.423101850505913608e+05 6.720955539413262159e+05 6.568718678617731202e+05 6.289769448188599199e+05 5.840400662948386744e+05 4.494704979364178143e+05 2.979836628230977803e+05 1.974681886058300734e+04 -4.971652712431368418e+05 -1.182945342193994904e+06 -1.744186343011392746e+06 1.737529103945097188e+06 7.101456494881402701e+06 5.003278598301088437e+06 -6.084411250328086317e+05 -4.248434959711134434e+06
-3.281859056482788874e+05 -2.234313170838868537e+05 -1.429592902390868112e+05 -1.439259423545445025e+05 -1.575709543467382900e+05 -1.670607723592547118e+05 -1.770623971428721561e+05 -1.177050927243544429e+05 -1.211692856770241342e+05 -1.646912751803756400e+05 -1.440189608660876402e+05 -1.466590905969497398e+05 -1.453384886769344448e+05 -1.302779921976616024e+05 -1.840450997845618986e+05 -2.030699673751952359e+05 -1.500821686713608215e+05 -1.756046557772788219e+05 -2.321854524439548841e+05 -2.097660940885542659e+05 -1.907625214059951250e+05 -1.690698916616381612e+05 -1.461323674605232663e+05 -1.571649428270754870e+05 -1.357414609717670828e+05 -1.595021317992354743e+05 -1.505737556071833242e+05 -5.186102394654904492e+04 -6.036238611675775610e+04 -1.193723552773008123e+05 -1.088700649410020560e+05 -1.313490374249527231e+05 -1.066773077697153203e+05 -4.598596805502870120e+04 -1.223065944318664260e+05 -1.168586180248535238e+05 -3.174200942274183035e+04 -2.578819084767019376e+04 7.330310133140301332e+04 2.164721687458215747e+05 3.959879787272096146e+05 8.139937362694751937e+05 1.484411394284102833e+06 2.333193134686160833e+06 3.117819321687277406e+06 3.492263279214666225e+06 3.428518523804673459e+06 3.272150842433903366e+06 3.185422571854952723e+06
-1.985469625110271154e+05 -9.583065211190830451e+04 -4.591124908765766304e+04 -7.883297327061870601e+04 -6.985435908893123269e+04 -5.313288885488873348e+04 -8.862833873863553163e+04 -8.448979077773401514e+04 -5.525951035204343498e+04 -3.236634505243273452e+04 -3.647365919401636347e+04 -7.428031266405014321e+04 -1.062615702569018467e+05 -8.866508802107995143e+04 -8.148697187134530395e+04 -9.500998982490273193e+04 -9.776042240700923139e+04 -1.299129319688654505e+05 -1.303483117904397368e+05 -1.284519985161022632e+05 -1.291891155892515526e+05 -7.135394248005446570e+04 -7.045837522542582883e+04 -1.042389697948237590e+05 -1.377861803141423734e+05 -1.600688690156675875e+05 -1.526981949870241806e+05 -1.777641558946928708e+05 -1.609125369615504751e+05 -1.313022253770031966e+05 -1.809587933745930786e+05 -1.761088616060441127e+05 -1.249782897808479611e+05 -1.894539469381558010e+05 -2.147925766359546687e+05 -1.834756378151358804e+05 -2.169569716157275252e+05 -2.089306049086740240e+05 -2.066943682721464429e+05 -2.345966003881760407e+05 -2.282518036774129141e+05 -2.937581030951696448e+05 -3.951317609302341007e+05 -4.512656931648971513e+05 -5.774941557709830813e+05 -8.990580196143104695e+05 -1.477987854249664117e+06 -2.045469194842435420e+06 -2.466322893838185817e+06
5.552822773461812176e+02 -6.407971306267421460e+04 -1.262334310461300192e+05 -1.329870910421595327e+05 -9.831921707751462236e+04 -1.102307483594631776e+05 -1.451733334490563138e+05 -1.408571636566194065e+05 -8.303022308391533443e+04 -8.644861199369185488e+04 -1.184005619096570008e+05 -7.452789967792353127e+04 -1.080999153197626292e+05 -1.464463671404518536e+05 -8.298357826075513731e+04 -6.821899713395407889e+04 -9.937522219697711989e+04 -1.046246661679469980e+05 -1.056228458418626687e+05 -7.453403207968216157e+04 -1.786472027859429363e+04 4.060842688893916784e+04 9.943031421949877404e+04 1.239579975631203852e+05 1.787082124038717011e+05 2.455266481745637720e+05 3.149546900513815926e+05 3.817525967804256361e+05 3.755468790829762584e+05 3.832477000009384356e+05 3.997454727211150457e+05 3.827075188409076072e+05 3.825922019619627390e+05 4.151398585899728350e+05 3.964913805824469309e+05 3.759908662858649623e+05 4.115803904921631329e+05 4.301730275672168937e+05 4.418857210528217256e+05 3.872488182413498871e+05 3.035999049479146488e+05 2.689236808917494491e+05 1.318358991277636960e+05 -1.497851829370502383e+05 -6.602450340645713732e+05 -2.343583539808453526e+06 -6.917733182548003271e+06 -1.240581454005376250e+07 -1.689126588858463988e+07
1.526749089476629160e+04 -4.806523316772654653e+04 -5.751746873807883821e+04 -4.497746431035920978e+04 -7.412927265046164393e+04 -8.897628763690590858e+04 -9.424771205522119999e+04 -6.129485331039153971e+04 -2.727766415569931269e+04 -2.082651708828052506e+04 4.981563845067285001e+03 -4.423798990028421395e+04 -8.382611117442138493e+04 -3.642897246958455071e+04 -2.710349089145893231e+04 -6.515631994872842915e+04 -6.819971824588719755e+04 -5.260405754554085433e+04 -1.113098755059761461e+05 -1.038701091040272731e+05 1.170308156782900915e+04 1.541641937597841024e+04 1.784943501086672768e+04 6.939196898776572198e+04 6.445240244531282224e+04 9.798585410433565266e+04 1.593435491385753267e+05 1.869894305602067616e+05 2.036667535966262221e+05 2.088365574102497194e+05 2.221991498308489099e+05 2.593741731689085718e+05 2.843663660041065887e+05 3.126275287327005062e+05 3.192721145335232140e+05 3.260757662181274500e+05 3.618790293869096204e+05 4.122363942171803210e+05 4.538611785182727617e+05 4.581201335650972323e+05 4.664102612170981592e+05 4.964309276980936993e+05 5.818678881248326506e+05 6.515209128928846912e+05 6.241718657911421033e+05 -3.149634862493257970e+03 -9.486492643095019739e+05 -1.064174984701968729e+06 -5.931089466213397682e+05
-1.008408143097767024e+05 -1.085391603101743967e+05 -9.053315202909288928e+04 -5.279468153486959636e+04 -5.720283043017843738e+04 -9.907502070389455184e+04 -1.297901083447504207e+05 -1.227730230524321378e+05 -5.852147025056197890e+04 -1.808407637698110193e+04 -6.934400591620954219e+04 -9.511503855639611720e+04 -5.579384706972631102e+04 -8.629421524441565271e+04 -1.285828824821509770e+05 -8.052420669700947474e+04 -5.358651702845236287e+04 -1.236163440026575263e+05 -1.799096227879635408e+05 -1.112808683817274286e+05 -4.733838863699923968e+04 -3.799330492271098774e+04 2.357321175659308210e+04 4.996275571087616845e+04 2.056637391506225686e+04 5.344814560259674909e+04 7.698543817154123099e+04 6.099313180428009946e+04 7.066326319647479977e+04 1.064910171634983853e+05 1.206565753891482018e+05 9.524273086164616689e+04 8.335346199222873838e+04 7.317392206517982413e+04 7.726805671700043604e+03 -5.823219367273843091e+04 -8.753996043233203818e+04 -2.763249075022764155e+05 -7.306377690887878416e+05 -1.677471757748858072e+06 -3.772716135441460181e+06 -6.927603050625764765e+06 -8.903125093172978610e+06 -7.524701262932790443e+06 -3.601969018514527008e+06 2.077455306993501261e+06 1.018128086460847408e+07 1.744784497540522367e+07 2.254542972027898580e+07
-1.154425534402251942e+05 -6.913465409015759360e+04 -2.475007782137254253e+04 -4.183568241307500284e+04 -1.010332566371653229e+05 -9.019106412597477902e+04 -6.712920366233447567e+04 -8.557854736136505380e+04 -7.262622819398541469e+04 -2.847030547214671969e+04 -2.352738300978671759e+04 -7.849905206327093765e+04 -9.451356172648956999e+04 -6.832065103983035078e+04 -8.212047757435351377e+04 -5.934873313672130462e+04 -5.797421165334520629e+04 -1.282827060460112407e+05 -1.007654975279001519e+05 -5.664120553148674662e+04 -4.534565460809969227e+04 2.104802493151527597e+04 5.559229270671503036e+04 5.545817719306790968e+04 8.385712440736830467e+04 1.164096486312336056e+05 1.056026323657714529e+05 7.999215176998416428e+04 8.619622676109423628e+04 6.664902531600068323e+04 2.500534916413016617e+04 -3.440264978562714532e+03 -7.945489089208416408e+04 -2.422727118799224263e+05 -5.241179028179618763e+05 -8.419855956683740951e+05 -1.332666349099018844e+06 -2.223604953816979658e+06 -3.400543452310080174e+06 -4.209686403012298979e+06 -3.100024790291203186e+06 5.800271739408876747e+05 4.380398419460386038e+06 5.291481963824776001e+06 3.890390341339531355e+06 2.378950310946959537e+06 1.382574822846508119e+06 8.583433708982190583e+05 5.984060189928123727e+05
8.215901662159012631e+04 -2.483760514558525756e+04 -1.099858036250224686e+05 -1.039192378357984126e+05 -1.136801354505587369e+05 -1.303157040209043771e+05 -5.663581229076952150e+04 -4.866433844697904715e+04 -5.995168219291380228e+04 3.901451092824571242e+04 9.846948212652934308e+04 4.148650120536342001e+04 5.088695447571807017e+04 1.071474503955687105e+05 1.214141030894824798e+05 1.460524446476484882e+05 1.778665231374907598e+05 1.636209274642168893e+05 1.154272171494084760e+05 1.373673641288768849e+05 2.322060659772246145e+05 3.021607742662308738e+05 3.126098983478737064e+05 3.436681915094956057e+05 3.779196699344902299e+05 3.303986419050486293e+05 2.853979582161991857e+05 3.049772626050985418e+05 2.810515151836443692e+05 2.116477615089388564e+05 1.479268133128061891e+05 -2.445422061602747999e+04 -4.243312176861220505e+05 -1.206645587832024088e+06 -2.708290485168985091e+06 -4.598607618238887750e+06 -5.352807925630183890e+06 -4.062017668174529448e+06 -1.399088275691615418e+06 1.523866838829413056e+06 3.583875876820541453e+06 4.039446427356169559e+06 3.289695211315402295e+06 2.288602459881221876e+06 1.524092659082676517e+06 1.015054206561760046e+06 6.723548108190880157e+05 4.684234277080395259e+05 3.424543181687397882e+05
1.409810779176767974e+05 1.393439081250107847e+05 8.186989643319977040e+04 1.100142614566719567e+04 2.660154531709849834e+04 1.014296778506834380e+04 -1.964704795333090442e+04 1.426730015751677638e+04 5.576530295773407124e+04 7.791433212114495109e+04 3.520751420292065450e+04 2.952344658260692813e+04 3.815340253291650151e+04 -8.048106008791364729e+03 3.096092731924726104e+04 8.034892727737316454e+04 3.329587820684547478e+04 -7.997732742514926940e+03 -2.939199131098574435e+04 -9.374129743664525449e+03 8.065968592738478037e+04 1.196004293579607329e+05 9.818285835994189256e+04 9.625708661566011142e+04 9.875055569515092066e+04 7.228498855023650685e+04 -1.298137012141552987e+04 -1.190437425256824936e+05 -1.802151499345198681e+05 -2.838740249085825053e+05 -4.961439287033855799e+05 -6.789696786477013957e+05 -7.449559348274518270e+05 -5.441291572555208113e+05 2.755010007586705033e+05 1.604922312956474489e+06 2.394310256900789216e+06 2.060238551142978715e+06 1.325721192621277645e+06 7.598235168823134154e+05 4.266859480214766227e+05 2.307227994329892099e+05 6.567898752487963066e+04 -1.946971216530539095e+03 -2.254486374178621918e+04 -9.816347019776003435e+04 -1.999191846215408295e+05 -2.747819424091707915e+05 -3.314728199856393039e+05
1.231826737165101222e+05 1.739740280908881978e+05 2.192890031443675107e+05 2.254108806018484465e+05 1.914235922219813801e+05 1.763857902906601958e+05 1.725102942431112169e+05 1.566805173957255320e+05 2.251214685488957330e+05 2.998498801587264752e+05 2.354849050057237037e+05 2.066183672309851972e+05 2.183223398038534215e+05 2.037710161117138341e+05 2.186163741303607821e+05 2.184509904851438478e+05 2.289922932832271326e+05 1.677190324402179103e+05 7.550203601887915283e+04 1.252482723945286125e+05 1.350043385001483839e+05 4.146625700290291570e+04 -6.284549988195067272e+04 -2.579966495695400517e+05 -4.765385290421545506e+05 -7.058093532783087576e+05 -9.257483296052669175e+05 -9.507119958198762033e+05 -8.084516192306183511e+05 -6.385380816861282801e+05 -4.840712874985184753e+05 -3.833389709942280315e+05 -2.768974992836607853e+05 -1.586331075706402771e+05 -6.587314454576699063e+04 1.353243857412592042e+05 4.290531810355609050e+05 6.662878602460853290e+05 7.761799417724247323e+05 7.655161265743642580e+05 6.104296511536813341e+05 3.283461945160544128e+05 1.342205833963813493e+05 6.078634677977883257e+03 -1.908416329778258805e+05 -3.156308791114125052e+05 -4.011815852945451043e+05 -5.227952778773009777e+05 -6.304692513166703284e+05
-3.756424479623090883e+04 -3.403845465189078823e+04 -6.220555639098161919e+04 -1.309296438432647847e+05 -1.646606229571625590e+05 -1.563297840446465998e+05 -1.646012768789659895e+05 -1.586119881930062547e+05 -1.199233931684285635e+05 -1.017833510640775203e+05 -9.234516452532261610e+04 -7.321395901526557282e+04 -8.985678000637562945e+04 -1.325981105404207483e+05 -9.957694128417642787e+04 -3.009048240812274162e+04 -5.006630188319832087e+04 -6.253832117712579202e+04 -1.788400392688345164e+03 6.722964101383683737e+04 1.492079132734212326e+05 2.643147444591160165e+05 4.546057064610075904e+05 6.966489923853069777e+05 9.275927168241471518e+05 1.159320968159007840e+06 1.270460640316886827e+06 1.224862203253726475e+06 1.069997184863313800e+06 8.262415174685879610e+05 5.859004451305372640e+05 3.356104834581483155e+05 -9.175231913744844496e+04 -1.175230840095024090e+06 -3.257603998200797476e+06 -5.425578003438998945e+06 -5.250308120756810531e+06 -2.239830330220579635e+06 6.362687532009975985e+05 1.711316719091550447e+06 1.721942380384428427e+06 1.372098413411299000e+06 1.105051872420878615e+06 9.296142063121085521e+05 7.760353209436305333e+05 7.550329106530968565e+05 7.728547191139673814e+05 8.111615735190543346e+05 8.902424344952870160e+05
-2.402354699734132737e+05 -1.835565118666272610e+05 -1.839052728205569438e+05 -2.249635334365302697e+05 -2.307229317259043455e+05 -2.721396622687461786e+05 -3.103324408206389053e+05 -2.837184078068824019e+05 -2.251560768071797211e+05 -1.647056735630030744e+05 -1.815246072754962370e+05 -1.856521176986282226e+05 -1.507613497247803025e+05 -1.419431389230885543e+05 -8.940933387406403199e+04 -5.102418835245794617e+04 -7.051788763928925619e+04 -7.990923516365000978e+04 -6.914752947021042928e+04 -3.337083588499808684e+04 3.738296624011080712e+04 9.115358476352412254e+04 8.532173219806305133e+04 1.281056899719985668e+05 1.852512449372441042e+05 1.283159570960563142e+05 1.026511865298380144e+05 1.375946610805115197e+05 1.306705114175565541e+05 1.556438084458934609e+05 1.897153877906384878e+05 2.179219183968971483e+05 2.732130132225583075e+05 4.001090240397020243e+05 3.267127872284608893e+05 -1.680327134276725119e+05 -1.713387974342899397e+05 4.113979500284775859e+05 6.043543759759633103e+05 4.656084297082258272e+05 4.186888367618675693e+05 4.560132397967397119e+05 4.008877878671035287e+05 3.806342214930930641e+05 4.456675270223066909e+05 4.411852274800173473e+05 4.538826357459776336e+05 4.619619168556516524e+05 4.220134466612860560e+05
8.111242230865161400e+04 9.006963935098610818e+04 9.112465492245962378e+04 1.010237742439493304e+05 1.225830948707880452e+05 1.330324998492142186e+05 1.708172322052996606e+05 2.008560622402001754e+05 1.885926177274088259e+05 2.017316716350614442e+05 2.146289291346330137e+05 1.924394484073855856e+05 1.597889459287397913e+05 1.504540302651002421e+05 1.816159321210579365e+05 1.731814326974563883e+05 1.349030837364262843e+05 1.098496045227511495e+05 1.050611669884528965e+05 1.440416278925840161e+05 1.358057637157615973e+05 1.376590698567452491e+05 1.563779071677712491e+05 1.175550461621606955e+05 6.952567101048759650e+04 -1.680422506207798142e+04 -2.743129536032218020e+05 -7.777046676166369580e+05 -1.656824695118990727e+06 -3.373820203498184215e+06 -5.534915231877524406e+06 -6.169000491425400600e+06 -4.045014950842620805e+06 -2.933165766479279846e+05 4.023967060432777740e+06 8.028056801717603579e+06 8.821897623501129448e+06 5.802470121785310097e+06 2.579083058532855473e+06 1.024981749333380256e+06 3.254425474739382043e+05 -6.651179883134178817e+04 -2.966378593165418133e+05 -4.708766034292085096e+05 -6.472956933791288175e+05 -7.935400033715972677e+05 -8.769462048320583999e+05 -9.249944497217047028e+05 -9.599241725142719224e+05
2.054203243012307212e+05 2.202840721578105586e+05 2.036401112226303667e+05 1.503562491919728927e+05 1.115778315204079263e+05 1.043836452899267897e+05 9.057669590984005481e+04 4.615960264403838664e+04 4.649854221788700670e+03 4.552237790194340050e+03 1.645301861251937225e+04 -4.402267184632341377e+04 -1.163037230129702948e+05 -1.484547709408798255e+05 -2.284239318507023854e+05 -3.246243762545057107e+05 -4.168626098017558688e+05 -5.861665730460660998e+05 -8.196870834680155385e+05 -1.118521575426274911e+06 -1.506458009731720202e+06 -1.937531015800487250e+06 -2.412527040742575191e+06 -2.875514428722960874e+06 -3.189509442314156331e+06 -3.125023546999727376e+06 -2.676503260838797316e+06 -1.908813435188498348e+06 -4.592347696280963719e+05 1.981181711062969640e+06 4.909270591078376397e+06 6.356108957281695679e+06 5.227733018530441448e+06 3.136976712007311173e+06 1.644395264222691301e+06 9.096614692787994863e+05 6.246887405082811601e+05 5.589500786806468386e+05 5.481705424899696372e+05 4.795226042869021185e+05 4.146058326240745373e+05 3.455555747915068641e+05 2.595920365556948818e+05 1.361317052255612798e+05 -1.019590058198068291e+05 -7.671982032546633855e+05 -2.813161140618049074e+06 -5.461900275631889701e+06 -7.694483213199303485e+06
2.692813453296549851e+05 1.886494207920623012e+05 1.744282807648414746e+05 1.990063953510253923e+05 1.424152631632750854e+05 1.131507303789837752e+05 1.449507625564001501e+05 1.475643189268887509e+05 1.270345430594172794e+05 1.191195800362038426e+05 1.553601305634949822e+05 1.277140180001156405e+05 8.797355451126326807e+04 1.592247916993801482e+05 1.536785021575633436e+05 1.083603802978179883e+05 1.239451389448367991e+05 1.250261927855899557e+05 1.662885928625471424e+05 1.587836870836324524e+05 1.161146665070559829e+05 1.210391073083155788e+05 9.257371293322648853e+04 -1.499547946287197992e+05 -1.259275034977475647e+06 -2.664370125796409789e+06 -2.069160367838625330e+06 3.676722330041235546e+04 1.086447012762072962e+06 1.051287836800910765e+06 8.436799377435819479e+05 6.293618320976386312e+05 4.209328384953574277e+05 1.870465875923403073e+05 1.160061569127673283e+04 -1.629602596885520034e+05 -3.601334751705871895e+05 -5.428420994986674050e+05 -9.539430229295960162e+05 -1.763227354077384574e+06 -3.102182776138955727e+06 -5.126088814932735637e+06 -7.064914738803325221e+06 -7.420836874481474049e+06 -5.782721403905909508e+06 -3.018465018231937662e+06 8.191198392003066838e+05 4.608423199359348044e+06 7.563915587809927762e+06
2.358950898866169155e+05 2.543121459055691957e+05 2.423685942665906623e+05 2.236156897936598398e+05 2.482574147050036117e+05 2.721910179883707315e+05 2.540762057696699630e+05 2.566705461902897805e+05 2.585169954260345548e+05 2.187121805688366294e+05 2.547869557936796919e+05 2.857307897484861314e+05 2.542118639097316191e+05 2.530522306807688437e+05 2.452343964413735084e+05 2.213866838137619197e+05 -1.193184372922400944e+05 -4.035869976142419502e+06 -8.365956703675616533e+06 -5.769698931239251979e+06 -1.387240854114644229e+06 9.106459189555700868e+04 9.959975659396164119e+05 1.971653828184351325e+06 3.536258299431068357e+06 5.164489498299658298e+06 4.444088554688489065e+06 1.881302070108944084e+06 3.839501506311362609e+05 1.216841073211980984e+05 1.168816108407913707e+05 1.349395598945557140e+05 5.370112905919179320e+04 3.391204210376553237e+04 4.966428697342053056e+04 -1.591512274200795218e+04 -2.359929904632689431e+04 1.225041952595347539e+04 4.469478181417752057e+04 -3.638504204485798255e+04 -1.849209469586512540e+06 -6.460822908151008189e+06 -6.521505729342153296e+06 1.845376380949509330e+05 3.381229938397602178e+06 2.040007774054532871e+06 1.006303408796664793e+06 5.615801753135747276e+05 3.922499862560546026e+05
1.072472397729870863e+05 2.623442978918319568e+04 -3.520920744340389501e+04 -2.620739626378042158e+04 3.404761542624328285e+03 -2.279932246718090028e+04 -4.815351355093292659e+04 -1.025654828856933746e+05 -1.843180288505391800e+05 -2.373961690161376027e+05 -3.594791037397229811e+05 -5.314331706325175473e+05 -7.207027005281995516e+05 -9.879391048126850510e+05 -1.343433852324669017e+06 -1.718990837252350990e+06 -1.673668325229957234e+06 2.188986419227148406e+06 6.764955847054659389e+06 4.666981999645066448e+06 9.434458561032083817e+05 1.962385576183442026e+05 1.325328868918591179e+05 6.449991281115217134e+04 -1.368361988279502839e+04 -1.094284556058119051e+05 -2.912437873703315854e+05 -5.149167369009237736e+05 -7.869643641659049317e+05 -1.007741424941049889e+06 -1.180876257634953596e+06 -1.441374901001112536e+06 -1.640480751570436638e+06 -1.798926994533393532e+06 -2.078173656711587682e+06 -2.449990319020578638e+06 -2.861688040261214599e+06 -3.180118282997578848e+06 -3.198875299016944133e+06 -2.556394807161115110e+06 5.875878051333948970e+05 7.444650681937613524e+06 9.857194007259940729e+06 3.934213070286467671e+06 -2.685426551979607902e+05 -3.839928945709823165e+05 -3.432020185820879415e+05 -2.616237076875409111e+05 -1.537016353124585003e+05
-4.663125117396702990e+04 1.983916100318310782e+04 8.207463951548549812e+04 9.396495072782272473e+04 1.039146241944399662e+05 1.285899748254450969e+05 7.398997858661459759e+04 6.632541994447831530e+04 8.056548381922778208e+04 -4.637438740755897015e+03 -2.798626243718893966e+04 -4.300035647233010968e+04 -1.246546185264014057e+05 -2.371323775421478203e+05 -3.865762867708688718e+05 -4.252485847438221099e+05 -2.138296486972835846e+05 2.101277335305347806e+05 6.218358419381545391e+05 8.533147487259699265e+05 8.377399298947409261e+05 7.029900047354744747e+05 5.897776096127938945e+05 4.474259605060797185e+05 3.235974251787409885e+05 2.618273573738406412e+05 1.935838068346490618e+05 1.393039265804693568e+05 1.959055634742248803e+05 3.045392124677894171e+05 4.100436263898150064e+05 4.283645430108301807e+05 2.931374266525399871e+05 9.236099789966875687e+04 -1.179246239256467670e+05 -3.111226061746121850e+05 -4.654987172922119498e+05 -5.025296654977146536e+05 -4.795491579253573436e+05 -5.244966184094649507e+05 -5.270446358283524169e+05 -4.359212684541137423e+05 -4.068920962966501247e+05 -4.549241534410985187e+05 -4.459673875145392376e+05 -4.004610351129656774e+05 -3.834729883330879966e+05 -3.513372007675929926e+05 -2.962980953371084761e+05
-2.932450584223262558e+04 3.586201606522082875e+04 4.746959796757437289e+04 -1.402247317644651630e+05 -6.837558908530627377e+05 -1.598486833981295815e+06 -2.166797778547333553e+06 -1.823315969332179753e+06 -1.255847968187591061e+06 -8.940293256466975436e+05 -5.683498351144958287e+05 -2.541206088007315993e+05 9.454620009957533330e+04 5.642297502365540713e+05 1.154381185624224599e+06 1.657952808970004320e+06 1.905684253153450554e+06 1.804727567523076897e+06 1.429678637361793779e+06 1.043837035816686344e+06 7.403123016963937553e+05 5.758435225934950868e+05 5.113972296461006626e+05 4.449105146259535104e+05 4.254987619270104915e+05 4.429981372170730028e+05 3.758798942464631982e+05 2.708471024848408997e+05 2.474994006202905439e+05 2.476798923229216598e+05 2.710689242693474516e+05 2.603378834741301835e+05 2.037869525005239993e+05 1.914987576068961062e+05 1.198982591225649230e+05 1.134356212307466194e+04 -1.041716835577972233e+04 -6.494365591788664460e+02 -6.282037843338912353e+04 -1.867375155998156406e+05 -2.390490878722635098e+05 -2.738880966036231257e+05 -4.229268423307794146e+05 -5.468902558149432298e+05 -6.175367619082685560e+05 -6.796767995244571939e+05 -6.348896221752519486e+05 -5.478813736085421406e+05 -4.928267791468421929e+05
-8.659598617869778536e+05 -7.498860070752562024e+05 -6.106758016630192287e+05 -4.157746084142127074e+05 1.107501964323455468e+05 1.030307216987420805e+06 1.584621484549715417e+06 1.295572448534076102e+06 6.967028343715365045e+05 3.499882250252994127e+05 2.735634633500013733e+05 2.911346825203511398e+05 2.928092719308914384e+05 2.838994628281216137e+05 2.636914528976194561e+05 2.266423779810429551e+05 2.355136465185205452e+05 3.132166300356036518e+05 3.470166031940607354e+05 3.039158248659803066e+05 2.894563816004665568e+05 2.920519594283541664e+05 2.677464016026356257e+05 2.415824224060629494e+05 2.408965758266272023e+05 2.524725168591248803e+05 1.871441354893613607e+05 1.178445570508483797e+05 1.184959142131265253e+05 1.087542707432289608e+05 1.237489033580641262e+05 8.098416878521582112e+04 -1.889758323409473523e+05 -2.256611353108301293e+06 -7.618413981571223587e+06 -9.481995254106298089e+06 -3.678437361789091490e+06 1.491075011461218819e+06 2.733805344964492135e+06 2.982059760875409935e+06 2.817583087428650819e+06 2.369175883732975461e+06 1.799707440961496439e+06 1.247664572590729222e+06 7.741811077721681213e+05 4.705988791101832176e+05 3.016862725891404552e+05 1.754954428388741217e+05 7.055662710102903657e+04
1.520882456484831637e+05 1.094139110666583292e+05 1.177473083129733859e+05 1.877790587311027921e+05 2.103018782747676596e+05 2.161787638097302406e+05 2.352189509550225048e+05 1.983122630621074350e+05 2.084157784163835749e+05 2.393129327558561927e+05 2.086058784995112219e+05 2.271796066174283624e+05 2.557568895805160282e+05 2.427126412707729032e+05 2.459094976788036292e+05 2.318521465428058291e+05 2.095640501877642237e+05 2.640301968369749375e+05 2.999922556799717713e+05 1.932617687628951389e+05 1.393101894977735355e+05 1.344892717865877785e+05 5.228744343534344807e+04 2.148840344219910912e+04 -7.918114312633173540e+03 -7.553908117348304950e+04 -1.582401803851828445e+05 -3.459573031161569525e+05 -6.072353706342976075e+05 -1.043106306103873998e+06 -2.137138258150949143e+06 -4.098939120028825011e+06 -5.541488129725351930e+06 -2.790995431151835248e+06 5.133116595555057749e+06 9.183260674320627004e+06 4.786586985100276768e+06 6.629052531206989661e+05 -5.081690454389806837e+04 -2.624744884748351760e+05 -4.441684263676889241e+05 -6.198199733727965504e+05 -8.258036096070983913e+05 -1.029522445129698608e+06 -1.118114906529664760e+06 -1.129661785821078112e+06 -1.068300258617092855e+06 -9.912735383611266734e+05 -9.450371099842400290e+05
4.240938773524260614e+04 4.635181570978602394e+04 2.470783395780017599e+04 -8.836764502921141684e+03 -8.382605588412843645e+03 2.682983958889963105e+04 4.636052242974983528e+04 7.785389717609970830e+03 -3.562564660212968010e+04 -1.123411927782580024e+05 -1.750938295651576482e+05 -1.587489818755422020e+05 -1.313385255206958391e+05 -9.677509054832620313e+04 -6.839568972383852815e+04 2.212145209283352597e+04 1.258163963837433257e+05 1.806511268613393768e+05 2.180753603423362365e+05 2.079085047298575519e+05 2.228610746806950774e+05 2.133105097559744027e+05 1.549279013610796537e+05 1.478491703703182284e+05 1.162107586392082740e+05 4.856085050589172170e+04 -1.805050085054254159e+05 -1.907076159010469913e+06 -5.982882778453044593e+06 -7.461103794567164034e+06 -2.954192458205811679e+06 2.436425637876695022e+06 5.116586869023465551e+06 4.974124914832066745e+06 3.032304394447122701e+06 1.375894958305872977e+06 5.760560802317911293e+05 2.657185465475782985e+05 1.268486695794856641e+05 8.232582769473048393e+04 1.450566118289142614e+05 2.903413751619516406e+05 3.768136788188703358e+05 3.821851981160587166e+05 3.732763422894652467e+05 3.158605784981038887e+05 2.838276769904771354e+05 3.187692192659580614e+05 3.717467913255626336e+05
1.941931131493765861e+05 1.409529210533946753e+05 1.154180530761366244e+05 1.858010534831554396e+05 2.648812360188458115e+05 2.457569612166844308e+05 2.636939414613879053e+05 3.294804955361180473e+05 3.643729145306862774e+05 3.928331187172441860e+05 4.086907350731783081e+05 4.780090517058853293e+05 5.324784258258293848e+05 4.877330229568177019e+05 4.374201667882150505e+05 3.958335864183028461e+05 3.394911898471768945e+05 2.877356338303068187e+05 2.717482911096883472e+05 2.593232182948850095e+05 1.911227842202063184e+05 9.895163746637990698e+04 6.485185016674245708e+04 5.526392137893708423e+04 4.738002353959041648e+04 3.093627737747714855e+04 -4.340308932760689408e+06 -7.974993693760785274e+06 -2.656212439231174067e+05 6.672335389532669447e+06 4.069513502504860982e+06 9.567036149781745626e+05 2.968506312044356018e+05 1.690133750493987463e+05 1.464984473009828944e+05 1.486651309003354982e+05 8.531213237030897290e+04 5.911076203919947147e+03 -4.445363627950428054e+04 -1.001530056720364373e+05 -1.171898418653293047e+05 -6.595830149977724068e+04 -6.726337764441245236e+04 -1.369792690471520182e+05 -2.088087886507855728e+05 -2.391600226517759729e+05 -2.051054747193122748e+05 -1.830101927611387800e+05 -1.920879553924854845e+05
-2.413864755060055759e+05 -2.503674002399203600e+05 -2.289048379240555223e+05 -1.861096495826495229e+05 -1.852921301411697641e+05 -1.748832934658275917e+05 -1.541115497611462779e+05 -1.677133401247557485e+05 -1.833659152619657980e+05 -2.046333303643040708e+05 -2.478376157832101162e+05 -2.662329294937081868e+05 -2.699615304041070631e+05 -3.483242383378091035e+05 -4.237292903711202671e+05 -5.165994061625683680e+05 -6.612098664112275001e+05 -7.416342260173403192e+05 -8.341942623603967950e+05 -1.008512365553469630e+06 -1.183115302532968111e+06 -1.346703033653029241e+06 -1.500260297197967302e+06 -1.547021392341120169e+06 -1.510017043628613465e+06 -1.426119062079232186e+06 3.200437093283999711e+06 8.652272899229153991e+06 5.372318461229167879e+06 5.712081931240360718e+05 -9.074645942077017389e+04 -8.418631120992358774e+04 -5.520878446113783866e+04 -7.363860833342187107e+04 -3.529566767887421884e+04 4.818257462757173926e+03 -3.205637419247091748e+04 -7.290127059532119893e+04 -1.032455804236815311e+05 -1.012235186863106210e+05 -5.837988982646516524e+04 3.796889089862583205e+03 9.044683019950729795e+04 1.044060970167627092e+05 8.762290891463658772e+04 8.503115191531809978e+04 1.202744169821387623e+05 2.702074034296649043e+05 4.646272811113111675e+05
3.725726671508162981e+05 2.945907998466282152e+05 2.211979516272548935e+05 2.008849942445521883e+05 2.240651033777976409e+05 2.331571675799204677e+05 2.276399716825106880e+05 2.401798622199569363e+05 2.276990000825027237e+05 1.862079082228591433e+05 1.914230024715655018e+05 1.861296429927462013e+05 1.713502629852154059e+05 1.646075917975394987e+05 1.183261272916570306e+05 1.087183550166084897e+05 1.376146488642555196e+05 1.479412796310498379e+05 1.241567585463053547e+05 1.380438101972686127e+04 -9.919821273477235809e+04 -1.706938472692857031e+05 -2.567874631326417439e+05 -3.457773919854658889e+05 -4.389423641024039825e+05 -5.281878908252107212e+05 -4.276980344552422175e+05 -2.003506547168948455e+05 -1.063940330795594782e+05 -3.682746835111148539e+04 2.751035835273790872e+04 4.939621279743759078e+04 4.212891468050691765e+04 4.219842008664255263e+04 1.341869951630362775e+05 2.463032059516987065e+05 1.918269240713557228e+05 -4.418440092063974589e+04 -1.334809188544751960e+05 -1.056869593795269611e+05 -8.997485473693808308e+04 6.449204597331024706e+04 2.065194130828598863e+05 2.189807727781592403e+05 2.126229889530809596e+05 2.068364055405248655e+05 1.743239815419655060e+05 1.023063407518207096e+05 1.017119754862412810e+04
-2.006764173036208376e+05 -1.799064534407807514e+05 -1.533261884449167410e+05 -1.258740014833165333e+05 -1.074548845633398741e+05 -9.830803768214536831e+04 -7.275614079320803285e+04 -5.814432032289926428e+04 -9.236752340162626933e+04 -1.248413205021641916e+05 -1.492466329768651631e+05 -1.370679257615120150e+05 -1.023360247598611750e+05 -1.097030772030120715e+05 -1.220550514804199338e+05 -1.243049275723753963e+05 -6.968891191179864109e+04 2.040111572161549702e+04 8.079605376929976046e+04 1.629732555299415253e+05 2.147701311300618108e+05 2.791226335763351526e+05 4.061259209405406145e+05 5.249878004507622682e+05 6.853653352396214614e+05 7.398751702831941657e+05 6.457125294528664090e+05 5.768962858009046176e+05 4.536756881457406562e+05 2.309266963633121923e+05 3.227801757835573517e+04 -4.898003998358058743e+04 -5.391578365204634611e+04 -7.521151664346689358e+04 -2.462201955378951970e+04 8.081531834497558884e+04 3.392024355824070517e+04 -1.404001167009121273e+05 -2.838770474097689148e+05 -2.722894877614446450e+05 -1.719440974225290120e+05 -2.833194220991665497e+04 1.529561342453230754e+05 1.774218510129137430e+05 1.290602876286723185e+05 1.467204996239156462e+05 1.305852221374515211e+05 5.039610521926148795e+04 -4.774000566045287997e+04
1.532899089559211861e+05 1.630849464453059481e+05 2.062732600216985447e+05 2.242870442837011651e+05 1.802004660866805352e+05 2.129472302095381310e+05 2.392824310483409790e+05 1.719966546699288301e+05 1.693236935808090493e+05 2.007259715086547076e+05 1.721647991126520210e+05 1.140150686362177366e+05 8.115116581291655893e+04 9.159302413405381958e+04 8.193900807877068291e+04 3.041627309197786963e+04 -8.118849685997702181e+03 8.293478204286657274e+03 2.936457580130081624e+04 -5.233697017276426777e+04 -1.342126035588441591e+05 -1.469187519597471983e+05 -1.977938607387481316e+05 -2.286738957630586228e+05 -2.493817176626180590e+05 -2.619338273492758162e+05 -1.519498785719038278e+05 -6.179817266500333790e+04 -8.966516301705251681e+04 -1.185761636609094567e+05 -1.566533931440788438e+05 -1.870849751131030498e+05 -1.522115317318829475e+05 -1.115517386852296768e+05 -5.710429491009213962e+03 2.368409496371162822e+05 2.534892180107992608e+05 -3.820056572702026460e+04 -1.947374173806747422e+05 -1.381370613907343941e+05 1.108150451298663393e+04 2.076720276346888859e+05 3.767081142848463496e+05 4.753028354002173874e+05 4.875039957714043558e+05 4.293159152852592524e+05 3.901220735596150043e+05 4.064906537783085951e+05 4.355364497500630096e+05
-4.572611664561553043e+05 -4.137887382495682687e+05 -4.130551637418100727e+05 -4.600399121787631302e+05 -4.647408435618854128e+05 -4.635287328166304505e+05 -5.080193800607228186e+05 -5.158523662938390626e+05 -5.060678823731725570e+05 -5.064229635003719013e+05 -4.855095764415457379e+05 -4.872999240129140671e+05 -4.824498604435937013e+05 -4.259673853201093152e+05 -3.478461056348169222e+05 -2.309274729376193136e+05 -1.211862999503500760e+05 -4.317838806484360248e+04 5.025054846191778779e+04 1.327346915582893416e+05 1.907135716406619176e+05 2.358304093577316962e+05 2.920629060018113814e+05 3.142888658790620975e+05 3.113496185187250376e+05 3.186071341027852613e+05 3.664629551910914015e+05 4.698762344225551933e+05 4.388563058304137085e+05 3.197420844022412784e+05 2.616270003636602778e+05 1.993705868910183199e+05 1.400729452836100245e+05 1.569585617500706576e+05 2.992870563571344828e+05 5.141280386262217653e+05 4.796472353392156074e+05 1.741471513049330679e+05 -4.456528012524271617e+03 2.014248579129338032e+04 1.632229742602806364e+05 3.788757511085711303e+05 5.753597472023086157e+05 7.020244355089395540e+05 7.377645446345573291e+05 6.930755629454486771e+05 6.502391403529336676e+05 6.556083321326856967e+05 6.747197053301958367e+05
-9.716536914260356571e+04 -1.126483160033240274e+05 -1.428583485173294321e+05 -1.474175385307170800e+05 -1.161424516577972099e+05 -1.210435546946246177e+05 -9.181333666609134525e+04 -7.008107380242901854e+03 5.098524195374915143e+04 8.094706670090084663e+04 9.680197578942182008e+04 1.262934197101276950e+05 1.176857390804798051e+05 9.033646873984247213e+04 1.353909326711436152e+05 1.509038668542052910e+05 7.923389572592002514e+04 5.416858676937407290e+04 7.078838522371367435e+04 3.052638480148742383e+04 -4.572039868391567870e+04 -8.970993875525888870e+04 -9.786377947282762034e+04 -1.332829286859485146e+05 -1.590650831887614331e+05 -1.482685032009612187e+05 -6.879478413495203131e+04 4.269555253064032877e+04 5.543782462656975258e+04 -1.004760178213490872e+04 -1.158304474272877851e+05 -1.639823933743174421e+05 -1.086846764880471746e+05 -5.343660138256382197e+04 1.057919855284859659e+05 4.545009375610960997e+05 5.268531539218375692e+05 1.558660040443649632e+05 -8.630350967898260569e+04 -9.176323855848725361e+04 -7.195280343992631242e+04 -1.045149829908038519e+05 -3.293292154592918232e+05 -9.067379119101730175e+05 -2.050606658531175693e+06 -3.567593733680250589e+06 -4.627123300745161250e+06 -4.841253281730447896e+06 -4.706335774635571986e+06
2.610513191137579270e+05 1.981559536405256949e+05 1.221593422643493395e+05 9.079664501681691036e+04 8.955540098075289279e+04 5.603234942071139812e+04 5.736120168730849400e+04 6.740572098380653188e+04 5.350145339791197330e+04 7.620712468633428216e+04 8.320320600440027192e+04 1.869966024591098540e+04 -5.554721245687687770e+04 -8.479438335925806314e+04 -5.196573749533854425e+04 -5.780596634431276470e+04 -1.174330473199370317e+05 -1.481869197732883040e+05 -1.787527693540323526e+05 -2.133903325736173429e+05 -2.325234138034277130e+05 -2.312991332379167434e+05 -2.356843645966732875e+05 -2.415614538121736841e+05 -2.454074242108616745e+05 -2.549910750976413256e+05 -1.863400710574928671e+05 -1.035510742469343822e+05 -1.303345417475791764e+05 -2.081182524852921197e+05 -2.861081032876970130e+05 -3.412322114774731454e+05 -3.885908532253247686e+05 -4.585074187134155654e+05 -4.299347452577780932e+05 -1.897551712096908595e+05 -2.538280479569230229e+05 -9.282267954395518173e+05 -1.556724311364813242e+06 -1.942884440652264282e+06 -2.221350996229452547e+06 -2.155644607759610284e+06 -1.678175258157420903e+06 -7.198552365400195122e+05 8.649364194663865492e+05 2.743803700360578485e+06 3.997048671745880507e+06 4.267484089009802788e+06 4.152172528702563141e+06
1.284538539600906952e+05 1.479941182598122687e+05 1.591007873884518049e+05 1.167382259859004407e+05 7.524855717638274655e+04 9.830838448950089514e+04 1.010341426383819780e+05 5.700009028252679855e+04 6.258163256949046627e+04 1.154653926979516982e+05 1.040607836452545598e+05 3.394152149732701946e+04 -2.735302881541429088e+04 -3.525589803903130814e+04 -2.613911568274488673e+04 -3.165885712602187414e+04 -6.193500824214430759e+04 -1.060758040487416438e+05 -1.191028518835082068e+05 -1.442814910763990483e+05 -1.557698828680438746e+05 -1.380446823727105511e+05 -1.279780857698644832e+05 -1.350593466727876803e+05 -1.578442461710073694e+05 -1.402086508227512822e+05 -5.584563633135959390e+04 2.454579835379267752e+04 2.888133521715652023e+04 -9.603495642368303379e+03 -4.904401018982741516e+04 -5.311133795999914582e+04 -2.392932695802475791e+03 4.838056614826193254e+04 2.035062840665346594e+05 6.396477963228229200e+05 8.985238306774403900e+05 6.596507324813875603e+05 4.317609469586748164e+05 4.350345494641794357e+05 4.532973666084585711e+05 3.625669586297604255e+05 2.330462728498964570e+05 9.788239101617317647e+04 -2.733494036801857874e+04 -8.228779998491518199e+04 -1.417671514183173422e+05 -2.246678759099438321e+05 -2.983151498553287238e+05
-8.252940629026910756e+03 -1.840837170428130776e+04 -1.111642581003258238e+04 9.793327906227204949e+03 2.118712421273812652e+04 3.063356141065014526e+04 2.503258173208450899e+04 9.134023080696351826e+03 9.760551026556640863e+02 -1.229669068357907236e+04 -2.622962078050477430e+04 -2.104718925635097548e+04 4.926922484883107245e+03 2.280611417954787612e+03 -3.084877632674761117e+04 -3.919619243504712358e+04 -3.059571764548314968e+04 -4.118843271251529222e+04 -5.374395004182582488e+04 -3.126625939243240282e+04 -7.120145708322525024e+03 -1.444605281343683600e+04 -1.992925668368116021e+04 -8.541514186072163284e+02 9.842232534428942017e+03 -2.979642333520925604e+03 -4.788105918560177088e+03 1.534970321285072714e+04 3.760558677051437553e+04 4.057546625204849988e+04 5.190461610211047810e+04 8.783376962528604781e+04 1.060287472241910873e+05 1.174213545466772048e+05 2.636597053572772420e+05 7.115298342099396978e+05 1.046806172753567575e+06 8.502945048120471183e+05 6.201891764492026996e+05 5.721789257740585599e+05 4.059484599845013581e+05 1.288771482332972810e+05 -1.489015403273510747e+05 -3.400129217456572223e+05 -4.333990846437523142e+05 -4.430397587086178828e+05 -3.959184187807845883e+05 -3.944985022148453863e+05 -4.382332773649166338e+05
1.200080577778856969e+04 3.920135480904718861e+04 7.098640131822317198e+04 8.870452776085582445e+04 7.473701725190039724e+04 5.743368600116809102e+04 4.243275400105629524e+04 2.287544387771048787e+04 -7.880852775124321852e+03 -5.765161070361499151e+04 -7.206054577167380194e+04 -3.745873078703886131e+04 1.176226462877821177e+04 2.338863635290180537e+04 -3.045463401474989951e+04 -5.372739820042625797e+04 -9.843095682445040438e+03 1.548674667457817122e+04 1.735767023958031496e+04 5.379616729682308505e+04 9.529087857517860539e+04 1.163040972192538902e+05 1.349511085971610446e+05 1.512189010038854321e+05 1.731654131214600347e+05 1.869769118071416742e+05 1.122068001277508447e+05 1.079040982585866004e+03 1.072598729893774725e+04 1.129168638837293256e+05 2.112692568107738625e+05 2.500063588289780892e+05 2.416528002879942069e+05 2.364523903367805760e+05 -2.860277528149911668e+05 -1.957946334298170637e+06 -2.670996624806136359e+06 -9.579218744189728750e+05 5.938013983209372964e+05 1.029879608694170252e+06 1.281135365175726358e+06 1.300446985116580501e+06 1.062947453671074007e+06 6.866562826806321973e+05 3.162358589054221520e+05 1.291773698467295617e+04 -2.312354813175640302e+05 -3.390199776075304253e+05 -3.527566903934273869e+05
