-4.116696453632537741e+05 -3.118190959174534655e+05 -1.993232842284760554e+05 -1.161875286172106862e+05 -1.157414268440970918e+05 -9.812221471323037986e+04 -1.132230843765684403e+04 2.442074654602934606e+04 6.064314659688621759e+03 5.229979040244873613e+04 1.172765987490675179e+05 1.122036691082759062e+05 8.183162159341003280e+04 5.243323555922869127e+04 1.960081325230025686e+04 -2.192646600889018737e+04 -1.528999490823480301e+04 -3.746067088847665582e+04 -8.654638255158718675e+04 -3.713728360637114383e+04 -5.562322741922782734e+04 -1.010027687243655091e+05 -7.700992070667794906e+04 -6.071495321612921543e+04 -9.708080162092321552e+04 -1.451572721140927169e+05 -1.350427997866789810e+05 -1.665169168465220137e+05 -1.974317027979667764e+05 -1.930399344907072373e+05 -1.828637927136649378e+05 -1.214191440549618565e+05 -5.054307620396744460e+04 3.664552086133975536e+03 8.454922392537374981e+04 2.021790439833600540e+05 2.838525710309611168e+05 3.566531371813387377e+05 4.515505686487901257e+05 4.250072173448404064e+05 2.895582222503616940e+05 1.989137007651475142e+05 8.035654743174725445e+04 -5.691351736309612170e+04 -6.082804787581652636e+04 -3.924123364954075078e+04 2.149939832705131266e+04 1.897270798874730535e+05 3.711618969110442558e+05
-4.366888019131418550e+05 -3.536818468848742195e+05 -2.774651005331906490e+05 -1.739259203699202044e+05 -6.961130403411516454e+04 -4.188320235520222923e+04 -6.045234812859236263e+04 -7.529195404991705436e+04 -2.941455594758747611e+04 -4.685937213864235673e+04 -1.290057403778701555e+05 -9.574902933592989575e+04 -7.292364021436695475e+04 -1.165255517491914798e+05 -1.282380824808024336e+05 -1.033399872422887711e+05 -1.436601363685894758e+05 -2.010763808374940418e+05 -1.372822344809082570e+05 -9.230995218487805687e+04 -1.202085198066469748e+05 -7.903299855202017352e+04 5.953777530712774023e+03 7.969517006324161775e+04 1.179238507457738742e+05 1.091488340669912286e+05 1.529913826470240019e+05 1.917468083330825903e+05 1.964161714244891191e+05 1.403380957373880083e+05 2.173583687400445342e+04 -1.788751740042248275e+04 -5.240079171641822904e+04 -9.896290371642855462e+04 -1.159934933198838262e+05 -9.558223051513789687e+04 -8.380593552110367455e+03 7.055099036178039387e+04 1.393410572685478255e+05 2.837914832081688801e+05 4.850115193214350147e+05 6.552835691451315070e+05 7.198384949152276386e+05 7.631158319608056918e+05 8.267293976011582417e+05 7.816808514526452636e+05 7.019311483215652406e+05 6.828158760537533090e+05 6.804450421914095059e+05
4.078471320354486816e+05 3.882679685432323022e+05 3.125599693746063858e+05 1.844518837870510761e+05 5.358432602663012221e+04 -7.629441237354534678e+04 -1.516775304938890040e+05 -2.227432658621366136e+05 -3.436795769882884342e+05 -3.980180950176145416e+05 -4.358938217812469229e+05 -5.018319274064744241e+05 -4.684282413407525164e+05 -3.765865273987036780e+05 -3.043562834534349386e+05 -2.307637608318327984e+05 -9.673389909501590591e+04 -1.660664370792801492e+03 -2.866379072125710081e+04 -1.411599493863832322e+04 4.586842812630478875e+04 5.224870718051525182e+04 3.543235643719526706e+03 -9.908948605712759309e+04 -1.627031503613033565e+05 -1.812281199878632324e+05 -1.847214739374612109e+05 -1.552961559198595351e+05 -9.431252463547943626e+04 8.121668244668445550e+04 2.997554396031768410e+05 4.631484267534338869e+05 6.306880793729780708e+05 7.558266233008540003e+05 8.095558770907879807e+05 7.964628926821203204e+05 6.795840321956342086e+05 5.189320232417786028e+05 3.153010230221122038e+05 5.112658819400146604e+04 -3.209550584390154108e+05 -7.259871516335802153e+05 -9.686224054040004266e+05 -9.877363851351961493e+05 -8.230580808472428471e+05 -6.266924806240769103e+05 -3.983543442554759094e+05 -1.660450885750298039e+05 7.178193176789907739e+03
-2.537670680095833959e+05 -1.871743902814706089e+05 -1.213811331599026598e+05 -7.804235366214923852e+04 -8.186847013506849180e+04 -1.305684928897971549e+05 -1.867335675359935849e+05 -2.917412256142419064e+05 -4.413099016670094570e+05 -4.422942700649580802e+05 -3.013281840953641804e+05 -1.862423296849194448e+05 -9.248151863195747137e+04 -2.113895604765263852e+04 -3.065715703982277773e+04 -8.062991686019836925e+04 -1.035462612541778944e+05 -6.963087579519208521e+04 -6.787026224339567125e+04 -1.531033835643210914e+05 -1.301116462819301523e+05 1.988049883984960616e+03 8.251161922598839737e+04 1.435653297246242873e+05 2.542446497013408225e+05 3.790439374391642632e+05 3.828765070125150960e+05 4.214789960087553482e+05 4.880194581335854018e+05 4.316689247421159525e+05 3.814658910172873875e+05 2.706177895252218004e+05 1.615663098224474816e+05 1.487426223448527744e+05 1.010999380081737763e+05 5.689446987311384873e+04 4.775132083097554278e+04 2.948088432538503548e+04 1.047163093034028425e+05 3.210229413031985168e+05 5.945449446372390958e+05 8.273059419533099281e+05 9.765705535009664018e+05 1.005532414705395466e+06 8.078628269448047504e+05 4.737649720666729845e+05 2.058943292954969220e+05 1.100429432128416374e+04 -1.712275625799149275e+05
-3.419231559406211600e+05 -3.397584859897142742e+05 -2.790282951615154743e+05 -1.813003423191001639e+05 -6.921597851673141122e+04 9.006952596520935185e+04 2.429028144558107015e+05 4.418276121849890333e+05 6.637227663379237056e+05 7.682780111416648142e+05 7.771499421359299449e+05 7.283003553013082128e+05 6.228184644854260841e+05 5.550313791111509781e+05 5.598572702346789883e+05 5.202247048600839917e+05 4.114398799746597651e+05 3.585451402585746255e+05 3.013003123296401463e+05 1.854794784947079606e+05 1.069329156518324744e+05 3.766656446621706709e+04 -2.485566254010330886e+04 -8.167951798759517260e+04 -1.833352939257747494e+05 -3.113071760065210983e+05 -3.290080677139300387e+05 -3.092409954814144876e+05 -3.632728811837113462e+05 -3.648762970897037303e+05 -3.551404657582130749e+05 -3.360813126988436561e+05 -2.800332702953902772e+05 -2.575036915008422802e+05 -2.660759236714874860e+05 -2.696082534985361854e+05 -2.362738343919042964e+05 -2.129283596797726350e+05 -2.319835147108822712e+05 -2.129196090969156940e+05 -1.353878350865487591e+05 -1.005261411002358072e+05 -8.267918113670003368e+04 -1.103928378717642045e+04 6.789451789685682161e+04 1.792601718122200109e+05 2.874442260985422763e+05 3.228689574034060352e+05 3.332508015459395829e+05
-4.024308596295677125e+04 -4.656497657362697646e+04 -1.869137191228207666e+04 -4.396683610430045519e+04 -1.114395066785800736e+05 -9.204970077866164502e+04 -1.222962833075507078e+05 -1.327871298961872235e+05 -5.254987093652749900e+04 -8.230999442594114225e+04 -1.201739072122654179e+05 -6.310327287623309530e+04 -4.294050021477241535e+04 -6.721344647217844613e+04 -7.502473075575829716e+04 -4.179113709313236177e+04 -1.099249139784660656e+04 -4.409584232866106322e+04 -7.927025355911609950e+04 -3.955564811731164809e+04 3.800845342959288973e+04 3.056116692225245060e+04 3.321674081673339242e+04 1.077106179931250517e+05 1.157157979996372014e+05 1.303659268209774746e+05 1.160182387341225985e+05 3.922670563659281470e+04 -1.335570062754396349e+04 -8.009862072349293157e+04 -2.035284256337212864e+05 -3.555049268356572138e+05 -4.376864639485772932e+05 -5.155131061762763420e+05 -5.528078084150726208e+05 -4.799980173970470205e+05 -4.732739653142925818e+05 -4.780346295184982009e+05 -3.522281904231751105e+05 -2.590510065935989842e+05 -2.125185028958728071e+05 -1.434653101927512325e+05 -2.653852343570184894e+04 7.670999075486231595e+04 8.224349990086932667e+04 1.566064483483748045e+05 1.953311145982115995e+05 1.554179954184836242e+05 1.565016710405107588e+05
-4.860130315074965358e+06 -3.045019145454389043e+06 -1.192822393716851715e+06 -2.464600857788537396e+05 -2.210581487467788393e+05 -1.962031881398070836e+05 -1.970995125457555987e+05 -1.747391040705407504e+05 -1.853786722698351368e+05 -2.199197747031939216e+05 -1.627229254246412311e+05 -1.082463479545183945e+05 -6.392727491369424388e+04 4.255349507115152664e+04 6.956553109775995836e+04 9.933894311940111220e+04 1.949214611801654100e+05 2.300636008631042205e+05 2.980866272526690736e+05 3.403157283582185628e+05 3.160916647484184941e+05 3.435538520860789577e+05 3.467494033802729100e+05 2.828055109518392710e+05 2.246663005848675675e+05 2.052727767189207661e+05 1.904613760882419592e+05 1.142499746126852406e+05 -8.667004737362462038e+03 -3.953731619720186427e+04 1.345976710457751869e+04 2.299941715536700485e+03 -4.474462277885334333e+04 -1.711054277071542674e+04 -1.855096150931803277e+04 -8.395266593874098908e+04 -7.682415053979623190e+04 -1.166923636841604457e+05 -1.983134098168009659e+05 -2.085420037637953938e+05 -2.652657931939403061e+05 -3.012380262588892365e+05 -2.556684714836039348e+05 -2.913772746335790725e+05 -3.234795031012443360e+05 -2.166978847256718436e+05 -1.798004455935196020e+05 -2.595945388370258734e+05 -3.334771225501163863e+05
5.609614182316215709e+06 3.564212781415772159e+06 1.392346616474497132e+06 1.422077354927733541e+04 -4.233156828328357078e+05 -8.657736175969329197e+05 -1.239497768554828595e+06 -1.357002596785497153e+06 -1.205099490541907493e+06 -9.432497675653935876e+05 -6.530223765881964937e+05 -3.983333336599030299e+05 -2.226989677158052800e+05 -1.162968898097096244e+05 -5.480282838307181373e+04 6.203726566418539733e+03 -2.524999002416618168e+03 -3.195196995147969574e+03 2.811520747483870946e+04 3.322202600880712271e+04 7.212425470086571295e+04 9.545840448583452962e+04 9.492451326630567200e+04 1.644105142521219095e+05 2.441443576891833218e+05 2.586644831837111851e+05 3.476325992792774923e+05 5.158187971271409770e+05 5.665603000668851892e+05 6.060179407711621607e+05 6.948687033858364448e+05 6.827112273996690055e+05 6.326448231021305546e+05 6.226108157867926639e+05 5.834274095249562524e+05 4.111310414230686147e+05 2.425995692985090427e+05 2.005333800437077880e+05 1.180660330558018759e+05 -3.142538635111087933e+04 -1.243510954139498062e+05 -1.984036992670367472e+05 -2.963417858833773062e+05 -4.069095145765836351e+05 -4.814814249243871309e+05 -5.186113823072796222e+05 -6.257613171591238352e+05 -7.503093378174863756e+05 -8.349234700656442437e+05
5.043138690523123369e+05 5.492995923958006315e+05 7.345711590498825535e+05 1.100842061573457438e+06 1.468546035731706070e+06 1.774999311073697405e+06 1.986824290437288582e+06 1.990855734272737056e+06 1.728063275426067179e+06 1.332243245168755762e+06 8.569006920865289867e+05 4.049286496762586758e+05 1.010041731948507950e+05 -2.055703349025854841e+05 -4.904068692770302296e+05 -6.804967398853483610e+05 -8.043281180434497073e+05 -9.179320672629177570e+05 -1.068657515867925715e+06 -1.071691261708037695e+06 -9.403184960539860185e+05 -8.564000896083593834e+05 -7.609631245262803277e+05 -6.679487278457599459e+05 -5.914123403332628077e+05 -4.435890320383262588e+05 -3.242013321610646090e+05 -3.328210906641839538e+05 -3.242320652720446233e+05 -2.515118554494618438e+05 -2.286343783751723822e+05 -2.367513616348517826e+05 -2.486552398895593360e+05 -2.858779029175634496e+05 -2.443639042162972037e+05 -2.291608164348504506e+05 -3.148650093859031331e+05 -2.776455006678593345e+05 -2.114127643192475662e+05 -2.489470567923120689e+05 -2.687731040829385165e+05 -2.385200081977751106e+05 -1.999106197533900850e+05 -1.402367552433856763e+05 -1.479495427922662348e+05 -1.866996577060488053e+05 -1.583975572408600710e+05 -1.828834071493824013e+05 -2.705009194345232099e+05
-1.557089614657886559e+05 -1.119330959859507857e+05 -9.761076515955210198e+04 -1.079256214804991614e+05 -1.153915475217945641e+05 -1.154216331055794144e+05 -1.165904672735268250e+05 -1.585783260747485911e+05 -1.246663150958195329e+05 -5.549791894627560396e+04 -9.699649626956682187e+04 -1.107104600372259738e+05 -7.680915075066877762e+04 -2.146132072412001435e+03 9.992826398742175661e+04 8.753149883810686879e+04 7.322596197955129901e+04 1.410088420033571310e+05 1.715793994591512019e+05 1.393711713977608597e+05 6.412737446553364862e+04 -2.458683688437310047e+04 -1.380702921018386260e+05 -2.206115704957845737e+05 -2.137776061228939798e+05 -2.776395368332664948e+05 -4.046740790084368782e+05 -4.133167571388920187e+05 -3.711138133488929016e+05 -4.393984561989784706e+05 -4.857997589536169544e+05 -3.876099979300851701e+05 -3.989303652808681363e+05 -4.352242670115809888e+05 -3.569915483055226505e+05 -3.394940038870114367e+05 -2.836331599908587523e+05 -2.105841014227920678e+05 -2.127188237441440579e+05 -1.452298776225869078e+05 -6.169520158145995811e+04 -3.339927704033534974e+04 3.690313395276479423e+04 9.346503227476216853e+04 1.846559488974523265e+05 2.442709046760860365e+05 2.327743673841913696e+05 3.398632715042161290e+05 5.216899495847532526e+05
1.433991623671317939e+04 -1.171880211688403506e+04 -1.032467795233605138e+05 -1.862926412187516107e+05 -1.938386500026172143e+05 -1.911940626111754391e+05 -1.572535016442633932e+05 -1.285379357671627949e+05 -9.191565804692811798e+04 -2.164270331522854394e+04 4.277161504549448728e+04 9.899822865838362486e+04 1.655065128200657782e+05 2.052920570608693524e+05 2.038596590700762463e+05 2.253723988417552609e+05 2.095298743174864503e+05 1.362504821486072033e+05 1.313223754877980100e+05 9.850486778341291938e+04 -1.476270163751882501e+04 -1.404131747606517747e+05 -2.901528587045691675e+05 -3.744492467020971235e+05 -4.027098680826019845e+05 -4.322571137556585600e+05 -4.527625430693660164e+05 -4.247861508475405280e+05 -2.784754597580471309e+05 -1.714793758502127603e+05 -1.468258501720993081e+05 -1.351703380365401972e+04 7.887555475532310084e+04 4.140397567727649584e+04 4.859332444662868511e+04 1.012055841012988240e+05 8.803411695305828471e+04 5.589711903470754623e+04 5.435537681853014510e+04 8.830435336476494558e+04 1.018366726413295837e+05 5.938599548368097749e+04 9.275398491965432186e+04 1.117865692464329768e+05 6.333179583005420864e+04 8.590695600574667333e+04 1.068450687352379318e+05 4.286422896319051506e+04 -4.863528539604973048e+04
4.649463139550754568e+04 2.317508118191836984e+05 3.865600552622344112e+05 4.089708038992829388e+05 4.022919068613555282e+05 4.767938040973966708e+05 5.115162070556104882e+05 5.059348941934516770e+05 4.732158576249643229e+05 4.384501533337240107e+05 4.331851391711463220e+05 4.190059267156177666e+05 3.783622807620847598e+05 2.762805513867712580e+05 2.040587570249771234e+05 4.755324856520025060e+04 -4.294460792060631793e+05 -1.104919367596630240e+06 -1.675577705838876776e+06 -1.672243702695558779e+06 -1.078833172552876174e+06 -3.916173957201667363e+05 1.650612450877091615e+05 4.679385567484856583e+05 6.498542731612907955e+05 8.640601352436344605e+05 8.760816047093969537e+05 7.948780887076295912e+05 7.946845935016968288e+05 6.853991458584272768e+05 5.305686408316248562e+05 4.850008197458747309e+05 4.336455318231333513e+05 3.235836387762175873e+05 1.898800762461540289e+05 3.535792267117323354e+04 -7.871446866509364918e+04 -2.118332738391477615e+05 -4.157098250306802802e+05 -6.504594030008937698e+05 -9.071100506012253463e+05 -1.184734828264263924e+06 -1.489122293959003873e+06 -1.705639186340234708e+06 -1.713384301117952215e+06 -1.515101944941302994e+06 -1.284710478078233544e+06 -1.137408086840803269e+06 -1.018263282575115561e+06
2.840346635881718248e+05 2.604825960187735036e+05 2.049153965434022248e+05 1.905204678766671568e+05 2.914148989638490602e+05 2.990127999666216783e+05 2.278328184087150730e+05 2.585002164121400565e+05 2.625960147891608067e+05 2.277884719532448798e+05 2.939059450344578363e+05 3.501004721659780480e+05 3.072501710768481717e+05 3.819774547696942464e+05 5.588571024734484963e+05 7.563270645981540438e+05 1.198972820754570421e+06 1.902474585859781131e+06 2.532314037028626539e+06 2.602760066676927730e+06 2.024236244290730683e+06 1.328023672543893568e+06 8.201622410826543346e+05 4.829660038432120346e+05 3.080866846787100658e+05 1.657277144090412185e+05 9.538982922825962305e+02 -1.148119261782262474e+05 -1.510576641766969115e+05 -1.890897022675564513e+05 -2.695615129873477854e+05 -3.447166783338268287e+05 -3.559757461889977567e+05 -3.903870578881469555e+05 -5.864583717208732851e+05 -1.145218685226716567e+06 -2.694210065620322246e+06 -4.155245163957196288e+06 -3.343475593770166859e+06 -1.195122712383414386e+06 2.634247858953354880e+05 8.694781514933127910e+05 1.137263937598869670e+06 1.387349120237889700e+06 1.402475522043281468e+06 1.145743510822973447e+06 8.901657497996716993e+05 6.607190972391618416e+05 4.398445486025838181e+05
-1.894295146740479395e+05 -1.404992305598715320e+05 -1.258881496475078166e+05 -1.448943513139239512e+05 -1.889973492464195006e+05 -2.173915091756498441e+05 -1.832277002250337973e+05 -1.890263928710920736e+05 -2.208287772173935082e+05 -2.197503075742134824e+05 -2.229795098638716154e+05 -2.023430126211319584e+05 -2.134862629105917877e+05 -2.459759265718457755e+05 -2.435484333299973514e+05 -3.280581640194581123e+05 -4.857352034022916923e+05 -6.993432524012312060e+05 -1.123982860136238392e+06 -1.573874662799570942e+06 -1.579428704791714903e+06 -1.172474179159615654e+06 -7.192646580474697985e+05 -4.160046398936542682e+05 -3.047077116992296651e+05 -2.680756841919352300e+05 -2.488904705106690526e+05 -2.173283214258123189e+05 -1.816553741917591542e+05 -1.468109131856178865e+05 -8.324800551912654191e+04 -8.521752749824384227e+04 -6.053179418799187988e+04 4.344253966555697843e+04 2.606652029880210757e+05 9.742913294978616759e+05 2.651547269672886468e+06 4.227700780109960586e+06 3.595720241678867489e+06 1.631504386913507013e+06 5.428696874294099398e+05 2.601142060054563917e+05 1.565553219748106785e+05 1.385221140335490927e+05 1.266585841982313432e+05 1.148106690457640216e+05 7.006844093768391758e+04 -4.854910570160299540e+04 -1.931819076461382210e+05
-1.170168766632632818e+06 -1.189997177382101305e+06 -1.245257560604077065e+06 -1.335794521220668219e+06 -1.306817173632443883e+06 -1.153420600191602483e+06 -1.045190079739185981e+06 -9.411565694953609491e+05 -7.918411559984820196e+05 -6.450785004137284122e+05 -5.027818871660570148e+05 -4.087243632721221074e+05 -3.473765026892945170e+05 -2.006671961378739215e+05 -8.996096245115017518e+04 -3.180628681497182697e+04 1.644417534514646977e+05 5.145558363490996417e+05 1.003384652996027842e+06 1.427150988798748236e+06 1.445578260246909689e+06 1.067008373212227831e+06 6.679208788766858634e+05 4.388176378214121796e+05 3.697345225024037063e+05 3.666013120589922182e+05 3.825298179301172495e+05 3.760480781888333149e+05 3.027008627064786851e+05 3.333166032401644625e+05 3.943228048771556932e+05 3.563535479607528541e+05 3.111443245096611790e+05 2.759771968825953081e+05 2.176328202892909758e+05 1.441850807373700663e+05 7.556468449547514319e+04 -1.871353185299085453e+04 -1.461744707128670998e+05 -3.021145129616335034e+05 -4.888857109928377904e+05 -6.633693826453967486e+05 -8.297028941876464523e+05 -9.823728926132776542e+05 -1.024176734726717696e+06 -8.660457347854366526e+05 -6.737456788726565428e+05 -6.152744204777247505e+05 -6.148220599993388169e+05
-7.574321724838274531e+04 -2.129190098188677803e+04 3.216802376569830813e+04 1.215990495249582455e+04 4.191484441398642957e+03 4.908338507077121176e+04 4.794071134165278636e+04 7.759746137388003990e+04 8.073990556425997056e+04 4.669410351074463688e+04 8.957677095968276262e+03 -4.177216200005193241e+04 -9.029138850411982276e+04 -1.940890997598033864e+05 -2.960291608478291892e+05 -3.427424581965170801e+05 -4.273649752761413110e+05 -5.338484268794124946e+05 -5.689065718815252185e+05 -5.952803729619333753e+05 -5.691032723433447536e+05 -4.820395434788222192e+05 -4.163990987170116859e+05 -3.585693110039574094e+05 -2.853283394767638529e+05 -1.827501120846138801e+05 -1.253338701058237348e+05 -9.187865107887773775e+04 -5.943328379551507533e+04 -6.084491532114055008e+04 -3.032542397573729977e+04 5.420693294800119475e+03 3.263348777058138512e+04 6.784949718756275252e+04 7.891035055385134183e+04 7.585621135927829891e+04 1.101216302349348553e+05 1.837449599440882448e+05 2.915015884575401433e+05 4.040696000920423539e+05 5.168739112661585095e+05 6.751334264501205180e+05 7.742632326916623861e+05 8.189350894383112900e+05 8.076430528248620685e+05 6.259651144198124530e+05 3.796554239887332078e+05 2.395694461468516383e+05 1.770130497644245625e+05
1.087832931582378922e+06 1.073124173914402723e+06 1.091601910760072991e+06 1.105419791262465762e+06 9.175888702638624236e+05 5.338947765529155731e+05 1.051074980815611780e+05 -4.687349458335675299e+05 -1.172935966201694217e+06 -1.626662631846555974e+06 -1.586943749018901493e+06 -1.242826327615695074e+06 -7.577905150490547530e+05 -2.948124174706753111e+05 -4.291706471696670633e+04 1.566123097642415669e+05 3.513012981030624360e+05 4.517758747062906623e+05 5.173103905346941319e+05 5.556319960342077538e+05 5.409714508274912369e+05 5.176400586911038845e+05 4.395669578267560573e+05 3.201907767738885013e+05 2.848504121640870580e+05 2.452553005603842903e+05 1.641893959839942399e+05 1.286090009774491191e+05 9.111051624975516461e+04 5.504138918149704114e+04 8.644799837602442130e+04 1.239181292110881768e+05 8.561888984280894510e+04 5.445430256506381556e+04 6.731825380615191534e+04 6.895011548949684948e+04 1.074238875685846433e+05 8.175565103447297588e+04 2.448228371278638951e+04 -2.556350911225285381e+04 -4.469263096033723559e+05 -1.624042941722650779e+06 -2.957265052912908606e+06 -2.910270893653359730e+06 -1.613903650488873711e+06 -5.913514152674893849e+05 -1.693335433572051115e+05 -3.578232456442480907e+04 -2.376647341407276690e+04
3.277829667981129605e+05 1.032412469125119969e+05 -5.288597236685745884e+04 -1.000363339917385019e+03 6.359032985892554279e+04 1.102570743398244958e+05 3.231093242370114895e+05 6.361559113305709325e+05 1.097326820925954962e+06 1.414802275176552357e+06 1.197396986550083850e+06 6.845827651535375044e+05 2.455864497469880152e+05 -7.045727268079668283e+04 -2.070519407343086787e+05 -1.827160839446876198e+05 -1.273062891037261579e+05 -9.529403999869828112e+04 -9.684255688611301593e+04 -2.085270999959902838e+04 3.688623967304034159e+04 -1.754184435965726152e+04 -2.252460392643138766e+04 -6.808343283031694591e+04 -1.698620955615479033e+05 -1.728656885465171654e+05 -2.479740453731939197e+05 -3.811150725596970879e+05 -4.490803136377505725e+05 -5.488075817265779478e+05 -6.143171367655303329e+05 -6.729022313847253099e+05 -7.395491630341013661e+05 -7.330726028772912687e+05 -7.513125683245743858e+05 -7.131685959372407524e+05 -6.394202761277847458e+05 -6.320112725596129894e+05 -5.226331456309710629e+05 -2.731777414098896552e+05 2.052518838478897233e+05 1.397717448616890004e+06 2.800186970638961997e+06 2.842016020926167257e+06 1.597675533025403973e+06 5.849642706347350031e+05 3.116869407896590419e+05 2.862985049858246930e+05 2.388037297050282359e+05
4.737423892749934457e+05 4.686710304411826655e+05 5.295087758362200111e+05 6.171022115324735641e+05 7.170467040338555817e+05 9.046018367281793617e+05 1.045225991089973366e+06 1.178781558131523430e+06 1.353182951796189416e+06 1.422513094866662519e+06 1.451590602496436099e+06 1.499643766434020130e+06 1.442340431865595281e+06 1.225109308608952444e+06 1.046434131235364359e+06 8.900761361828334630e+05 5.584514142054114491e+05 2.741394076203145087e+05 6.476271630075667053e+04 -3.381848851687386632e+05 -8.230317997240461409e+05 -1.342707979748812038e+06 -1.942765684980844613e+06 -2.206048001674789004e+06 -1.887760255645405268e+06 -1.274738437847555382e+06 -6.989746624618406640e+05 -2.882783781077892636e+05 -2.163315003614158195e+04 1.783261420249622315e+05 3.118000223068518098e+05 3.518657269948023022e+05 4.505865663493037573e+05 5.193477663701922866e+05 4.637107724935048027e+05 4.685043841486908495e+05 4.757622511732913554e+05 3.493821671279880684e+05 2.605509935668667313e+05 2.144538177867063787e+05 9.352793283389415592e+04 2.087994307767087594e+04 -7.141434733777702786e+04 -1.908704348398174625e+05 -2.564858869519231375e+05 -2.970231412967396900e+05 -3.339787091430488508e+05 -4.114226296466931235e+05 -5.082441962945363484e+05
3.834776660244823433e+05 2.408187507642287528e+05 1.265946248871478601e+05 1.063681306919897906e+05 9.935395621978386771e+04 4.057176496666215826e+04 6.571304886674624868e+03 1.218990847701090388e+03 2.076104073276044801e+03 -2.764170309907058254e+04 -6.058982739996293094e+04 -3.901614290145540144e+04 -5.137358542800939176e+04 -1.185432267166470410e+05 -1.465307865235080826e+05 -1.181642568739334238e+05 -9.460675988324516220e+04 -9.628479966326261638e+04 -2.687941213356680237e+04 1.523117183201974840e+05 4.467473598954520421e+05 8.668210459741391242e+05 1.298541742202799302e+06 1.451258628179566236e+06 1.104608997378671542e+06 4.219150079919942655e+05 -1.509244732389929704e+05 -4.770564217989165336e+05 -7.076273027947898954e+05 -8.345946693985748570e+05 -8.926914902300625108e+05 -8.444064411224834621e+05 -6.719807402394537348e+05 -5.319238339766163845e+05 -3.854500684063526569e+05 -2.120361953842805815e+05 -1.694193534355145530e+05 -9.778497490660825861e+04 4.366424148931380478e+04 9.592904022312693996e+04 1.048410151615827926e+05 1.293493676130311214e+05 1.676495701203380013e+05 1.781298382422394352e+05 1.778392452791745309e+05 1.040499454837843077e+05 3.423468928973306902e+04 5.746288979433255736e+04 9.465430173957347870e+04
4.664348088655970059e+04 -2.088665023140504491e+04 -9.647085455952014308e+04 -1.159941462401910685e+05 -1.221944188862835290e+05 -1.451454323600773932e+05 -1.086573107130242861e+05 -1.476549522358257091e+05 -2.501813878020039410e+05 -2.431850860105622851e+05 -2.391845349173674767e+05 -3.185987043014757801e+05 -3.287328524890471017e+05 -3.252755594377957750e+05 -3.508549024381499039e+05 -3.193595221500438638e+05 -2.254854363013149705e+05 -1.242163358241668902e+05 -5.377301006497873459e+04 2.437161612302588765e+04 8.302239004544366617e+04 1.679007736706990981e+05 2.008859113217481645e+05 2.276186565567329526e+05 2.918586754646092886e+05 2.848583289839733625e+05 3.825338218128311564e+05 4.529941229506229283e+05 4.481732471628490021e+05 5.122710808187548537e+05 5.121222403712453088e+05 4.538303864518098999e+05 3.563888185598644195e+05 2.613993053511511534e+05 1.749471321130110882e+05 8.478154597214609385e+04 -3.374243020443944260e+03 -6.243121526676998474e+04 -1.856652743474161252e+04 -3.017033266805810854e+04 -5.336831311520631425e+04 4.893177004632540047e+03 4.469809284506482072e+04 8.855230287248594686e+04 1.228875855848311912e+05 1.488362107845020946e+05 2.120082358686346561e+05 2.396043661257857457e+05 2.158851133466633037e+05
-1.247914171224692836e+04 -4.177297649730462581e+03 2.894524972485611215e+04 8.079075783265568316e+04 1.452807912425487302e+05 1.928778111956492066e+05 2.312214480991675518e+05 3.302178067815843970e+05 4.326282129105678760e+05 5.082745427970802411e+05 5.798796352258797269e+05 6.352950490255900659e+05 7.243685664971413789e+05 8.249435185111358296e+05 8.621600648482122924e+05 8.883831136318626814e+05 9.083971122098596534e+05 9.011727041344417958e+05 8.979218188158845296e+05 8.691866124092482496e+05 8.549016916703099851e+05 8.677631256940364838e+05 8.302821272110319696e+05 7.885104496676642448e+05 7.481769135949430056e+05 6.723629052724568173e+05 5.412464217490195297e+05 3.186735165918078274e+05 5.678746187448315322e+04 -1.993105273810951039e+05 -5.798721766204098240e+05 -1.111205732842796016e+06 -1.645230000616143458e+06 -2.049992767613510601e+06 -2.191151794299293309e+06 -2.077465142231085338e+06 -1.773329526209343690e+06 -1.414863186927543953e+06 -1.084653559911021497e+06 -8.085582716216575354e+05 -6.444083549350765534e+05 -4.949297372344899923e+05 -3.938752362007643096e+05 -3.563259946971815079e+05 -2.612470670018969104e+05 -2.410074029872333631e+05 -2.497755524033708498e+05 -1.256874508908377029e+05 4.744050621869973838e+04
1.619982093663550913e+05 3.869431219027331099e+04 -9.644033587013790384e+04 -1.489194427503389306e+05 -1.215995589891097043e+05 -1.781935149054331705e+05 -2.418354956635448616e+05 -2.465887704556372482e+05 -2.494446832443648018e+05 -3.068751957314815372e+05 -4.004995554286146071e+05 -4.093957443156981608e+05 -4.164821886245771311e+05 -4.462592561281779199e+05 -4.691421149377127877e+05 -5.308809927950645797e+05 -5.330101274552729446e+05 -4.652081679824912571e+05 -4.244442112249088241e+05 -3.764737003151820390e+05 -3.471528697087338660e+05 -3.560164008462742204e+05 -2.843096856420021504e+05 -1.844450702726317104e+05 -1.543831634926754050e+05 -9.498266280548716895e+04 9.659678226089337841e+03 8.344595930459047668e+04 1.783954776236349717e+05 3.725144476558495080e+05 6.005240574274644023e+05 8.042200966579571832e+05 1.034287051967552397e+06 1.069167336408791132e+06 6.292936543723028153e+05 -1.605237510225542355e+05 -8.209143217466777423e+05 -1.009436773346607923e+06 -8.081341968502242817e+05 -4.994830000778879621e+05 -3.035178653863839572e+05 -2.488045604596850462e+05 -2.729961324874595739e+05 -3.299376631432103459e+05 -3.277863622468442190e+05 -2.725429264987898059e+05 -2.778125271944741253e+05 -2.759195011197146960e+05 -2.251708851497778669e+05
-3.253457989411980379e+05 -3.065987951769056963e+05 -2.685796097746788291e+05 -2.184797557479758980e+05 -2.550648756387089379e+05 -2.764607895177323371e+05 -2.052884715986147057e+05 -2.084370391838457435e+05 -2.443517125907964073e+05 -2.330999590873399284e+05 -1.928927667969404720e+05 -2.007768688191571273e+05 -2.067939328461943660e+05 -1.388230974246833939e+05 -1.618112943461164832e+05 -1.896029717790223658e+05 -1.267905187475848943e+05 -1.259397851928952150e+05 -1.187003459800323471e+05 -7.181203044550772756e+04 -7.586906398173607886e+04 -8.504452716631907970e+04 -4.650844136660499498e+04 2.038481325544137508e+04 1.661791614926140755e+04 1.035195961128920317e+04 8.287813936505746096e+04 1.561543712759884074e+05 1.862041595137268305e+05 2.192019295811038464e+05 3.503502320237741806e+05 4.898654629928218201e+05 6.241147503654083703e+05 9.468848711107409326e+05 1.402613023628510302e+06 1.827790736330278683e+06 2.029222121677157003e+06 1.711337463705789065e+06 9.865007839486512821e+05 2.754786129970299080e+05 -1.646925006976397708e+05 -3.616167158426106907e+05 -3.812446444933437742e+05 -2.425901828083437867e+05 -7.510388394213840365e+04 8.117865586777031422e+04 2.429022886389438063e+05 3.823545544667989016e+05 5.055482816247176379e+05
5.707655927122570574e+04 7.833019050318421796e+04 1.179835644709235057e+05 1.035076115555418655e+05 6.760209383042808622e+04 1.437215555494911969e+05 2.145219058004294056e+05 2.434709390772334300e+05 2.713741875396228861e+05 2.819507279561364558e+05 3.208316711873342283e+05 3.763036829361955170e+05 4.012773146343532717e+05 4.338593749530263012e+05 4.729879713774424163e+05 4.760046038214206928e+05 4.717926962317872094e+05 4.698350702660534880e+05 4.750553400686474051e+05 4.234114858815881889e+05 3.542487134713151027e+05 3.131679643969980534e+05 1.930249551363525679e+05 7.635004178010160103e+03 -1.854914465614276705e+05 -4.418966084702688968e+05 -8.063020475429227808e+05 -1.170288489292727085e+06 -1.355620457955082413e+06 -1.317670219728460535e+06 -9.958226198989728000e+05 -5.405935113343722187e+05 -2.475345691284034401e+05 7.997484633305575699e+03 2.675137545264447108e+05 4.368709929529717192e+05 6.054980548648016993e+05 8.266486241594261955e+05 9.929104984866713639e+05 1.110058268936988199e+06 1.240843721815984230e+06 1.267175632329310756e+06 1.186872426245751325e+06 1.009218164312406676e+06 7.666921091417339630e+05 5.752150422419058159e+05 4.200725267004598863e+05 2.767117395572136156e+05 1.491333783839903772e+05
-6.646574169678204926e+05 -5.120495351233694237e+05 -4.068799691736056702e+05 -3.886003167100715218e+05 -3.598860061206505634e+05 -3.178758863810799085e+05 -3.428336938067511655e+05 -3.138243857967609074e+05 -2.555619430965455249e+05 -2.746464733892933000e+05 -2.343290305652772076e+05 -2.092128838093779050e+05 -2.128416988905519247e+05 -1.784655003518853337e+05 -2.004648822957822122e+05 -1.921121450680946000e+05 -1.280996242612311617e+05 -9.509651185624534264e+04 -1.174751795767224394e+05 -7.031626381009118631e+04 2.228477732125576586e+04 4.740928535735281184e+04 8.754412229660386220e+04 2.194605198098723777e+05 4.662825629317378625e+05 7.429895776713958476e+05 1.100109112661230145e+06 1.486331661195002263e+06 1.672157939641473815e+06 1.610176980642863084e+06 1.330696793657043716e+06 9.988081453931231517e+05 7.283138461571834050e+05 4.837649985464671627e+05 3.374165444127717055e+05 2.596693622926250100e+05 1.180651280357413925e+05 -4.988149018099531531e+03 -1.514345760750435293e+05 -3.471446210554847494e+05 -5.015060537903644145e+05 -6.649345137880304828e+05 -8.714121842749565840e+05 -1.084034486302264500e+06 -1.172612219965815078e+06 -1.181791381254003150e+06 -1.219418338730176911e+06 -1.208770304757342208e+06 -1.147995759368909523e+06
-2.944320811746004038e+05 -1.418878527845661156e+05 -3.746022839317424223e+04 -2.019523248469317332e+04 -5.588564578647492453e+04 -7.922737388842506334e+04 -7.301173139596357942e+04 -7.703182905024732463e+04 -8.488372944353637286e+04 -1.350004380902098492e+05 -1.894563195598314051e+05 -1.648244526352211833e+05 -1.980764940948574804e+05 -2.579674986292957328e+05 -2.173034573650510283e+05 -2.676738023804501863e+05 -3.260077344406456687e+05 -2.612680120773437666e+05 -2.798072521775610512e+05 -3.238752382212259108e+05 -2.916986292968791095e+05 -2.932001664722338319e+05 -3.414781182157464209e+05 -2.990644669803442666e+05 -2.721139108295029728e+05 -3.059497768830623827e+05 -2.881026613878201460e+05 -2.753142873755138135e+05 -2.116629387141440529e+05 -2.056354894551625475e+05 -2.616516195079019526e+05 -1.865962120286708232e+05 -1.120997094055935740e+05 -1.086398873562575318e+05 -7.283769122106581926e+04 -2.825653076244634576e+04 1.368933258738252334e+04 1.023098782997115050e+05 2.002914195229820907e+05 2.824502526526332367e+05 3.740503491055290215e+05 4.915099294595713727e+05 6.320904497311840532e+05 6.739457346871504560e+05 6.871169383663808694e+05 7.180126506106151501e+05 6.288793966974485666e+05 5.883585932636902435e+05 6.575552472668532282e+05
9.823252917674649507e+04 1.879253244516439736e+05 2.288702275235848501e+05 1.516916411953568459e+05 8.422177279368042946e+04 2.877559851054707542e+04 -8.881782331925909966e+04 -1.237213703827001154e+05 -1.321573341642217711e+05 -2.111600168238510378e+05 -3.250137911083586514e+05 -4.215642539477269165e+05 -5.122850289083723910e+05 -6.909661182406120934e+05 -8.312108529686518013e+05 -9.061792092672844883e+05 -9.894069119039346697e+05 -9.836392774090925232e+05 -9.378382492740635062e+05 -8.277323098690245533e+05 -6.732040285733811324e+05 -6.123531148121398874e+05 -5.076594263403977966e+05 -4.042364511302728206e+05 -4.092138058059208561e+05 -3.522657026803065091e+05 -2.735131124992039986e+05 -2.619482189029809088e+05 -2.599319061783899087e+05 -2.237552889976357110e+05 -1.894288640560987405e+05 -1.465888002424612641e+05 -1.030115452564507723e+05 -7.016730978997657076e+04 -3.632721590664004907e+04 -5.322803731163684279e+04 1.837350238638464361e+04 1.046035534469410777e+05 4.750785696902358904e+04 9.732231090456433594e+04 1.859287893598964438e+05 1.474726309037944302e+05 1.626955898747832980e+05 2.015284833515766077e+05 2.429278262500881683e+05 2.706503266924112104e+05 2.094723228084333241e+05 1.358294265954466537e+05 7.927601794435456395e+04
6.414359411326586269e+04 -2.711978078106779139e+04 -1.054439414521038998e+05 -1.169464245971175842e+05 -8.921415487493504770e+04 -8.194776111005921848e+04 -7.420776455619488843e+04 -7.716874283330992330e+04 -8.609356676533940481e+04 -7.228143980799359269e+04 -3.328558507113478845e+04 5.209883014947979245e+04 1.426181649939098279e+05 2.348000105179380043e+05 3.338050436117917998e+05 4.367133532823941205e+05 5.007178342733825557e+05 4.415505652765566483e+05 3.629614106088408735e+05 2.590375859850610141e+05 8.046590824087662622e+04 -6.900389773436496034e+04 -1.437855244465759024e+05 -1.888298114655481186e+05 -2.820150782170821913e+05 -4.027716558956305962e+05 -4.114607276265447726e+05 -3.678563952409609919e+05 -4.230654634127855534e+05 -4.743501122592713800e+05 -4.390140232427802403e+05 -4.258813067071614787e+05 -4.106969301878433907e+05 -3.479201770428335294e+05 -3.151975532984941965e+05 -3.009039478698103339e+05 -2.301085878745650407e+05 -1.464077946670297533e+05 -1.131129415887697833e+05 -9.518735212404839694e+04 -7.036597538186470047e+04 -1.727851961637544446e+04 2.945054159150447231e+04 6.796296350134117529e+04 7.881983123326813802e+04 4.500657341734028887e+04 7.666338684299332090e+04 1.898162674684119411e+05 3.199468249849404674e+05
-3.670349310101299779e+05 -3.328150842558534350e+05 -2.869286014324460411e+05 -2.663683286830200232e+05 -2.981419282653951086e+05 -2.917307717299262877e+05 -2.231042289327887120e+05 -1.953342700898066396e+05 -2.050029221546720364e+05 -1.900811694920411683e+05 -1.809255927025517449e+05 -1.558108777934104437e+05 -9.454784057990752626e+04 -9.265347694497904740e+04 -1.434521580109139904e+05 -9.881955173783330247e+04 -3.324306752707331907e+04 -6.038131107037770562e+04 -4.674877708064741455e+04 -2.982467251335037872e+04 -2.751756424811901525e+04 3.314819645384000614e+04 4.749151808398892172e+04 3.162497822355362587e+04 5.617071389860939234e+04 5.383053945552115329e+04 4.414305930535192601e+04 5.591070753362157848e+04 5.989657714409986511e+04 3.841098395612777676e+04 -1.670842084437003359e+04 -3.396347353453154210e+04 -7.845086826695501804e+04 -1.658421854487094097e+05 -1.937658920495596249e+05 -1.795005312310240697e+05 -1.089532590466840193e+05 4.492833097901893780e+03 6.808313579516834579e+04 1.472319940406302921e+05 2.333870315474637318e+05 2.880748512881111819e+05 3.978719225613157032e+05 4.383543186003231094e+05 3.906170340528487577e+05 3.284042026802481269e+05 2.390373751446896058e+05 2.301690360854251194e+05 2.989597411765087163e+05
2.861980805352503667e+05 2.021456400812894572e+05 1.292411479831207544e+05 9.030273796612164006e+04 8.808841905571171083e+04 6.392685166880261386e+04 4.312569353962311288e+04 4.095535501022811513e+04 -2.837776541258778889e+04 -1.018561621566186077e+05 -1.811411959418912884e+05 -3.327301510654797312e+05 -5.066522871157210902e+05 -6.516087726417751983e+05 -7.604521574183306657e+05 -8.034702952613591915e+05 -7.378567045961975818e+05 -6.175322495718135033e+05 -4.859891428124681115e+05 -3.813483629934487399e+05 -3.204445546504575759e+05 -2.306962171565098688e+05 -1.578404563237563707e+05 -1.444314680437673815e+05 -9.157715385794313625e+04 -3.542739669414004311e+04 -1.598549767499184236e+04 5.392926116910530254e+04 1.167228686886662617e+05 1.546238214233014733e+05 2.481525660613258369e+05 3.203408893280727789e+05 3.367014748793747276e+05 3.703208494740824681e+05 4.339500565033813473e+05 4.206413578572394326e+05 3.130530603596705478e+05 2.170941959731867537e+05 1.608142272490661126e+05 8.876087652388354763e+04 -7.603715625009732321e+03 -4.540025102236564271e+04 -2.893293756409524940e+04 -2.150980987484217621e+04 -4.167280914625711739e+04 1.600041235200478695e+04 1.700047049568102229e+05 2.524159666398182744e+05 2.597172641355376691e+05
-7.142151359133994265e+04 -1.537350590723509085e+05 -2.250915081605488958e+05 -2.627640951493230532e+05 -2.349394922422652598e+05 -2.001345409596978861e+05 -2.202073344966628356e+05 -2.219332056066196528e+05 -1.734644269821002381e+05 -9.933943233962054364e+04 -2.088477541110361926e+03 1.404600918744107476e+05 3.194867151173820603e+05 5.267194494460998103e+05 6.817135747290737927e+05 6.974126314886964392e+05 6.454995426029204391e+05 5.897215409863563254e+05 4.872280564486571820e+05 3.579846002414706163e+05 1.275656065471416805e+05 -7.181994000598230632e+05 -1.962470163368128706e+06 -2.212417252038868144e+06 -1.282236509701612405e+06 -4.057763060407896992e+05 -6.322131261767912656e+04 3.518369482073467225e+04 9.847830537546519190e+04 1.077432328222491778e+05 1.116036447751685046e+05 1.823856980478749610e+05 1.990309214461019728e+05 2.021263291369539220e+05 2.638562440706298221e+05 3.102313465412587393e+05 3.225644612297763815e+05 3.163001547507889336e+05 3.204702830343739479e+05 3.395503542681390536e+05 3.647405321382401744e+05 3.297114496442382806e+05 2.892506759532253491e+05 2.991168201316036866e+05 2.209251050463364809e+05 1.589215873580537736e+05 1.607714428298642160e+05 8.996013921641936759e+04 -2.574779345668619499e+04
-1.301338353267055936e+05 -9.405903120845323429e+04 -4.751073940336960368e+04 -2.604835801641456783e+04 -5.672790368189453147e+04 -8.136419934628065675e+04 -4.284914065705379471e+04 -4.445308743845089339e+04 -8.438510258871247061e+04 -3.975793242774670944e+04 -5.987217906920728274e+04 -9.314115492539713159e+04 -6.057291917211841792e+04 -8.808492799435043707e+04 -8.002461730997310951e+04 -3.462356768592144363e+04 -2.742980276510911062e+04 -2.469364552045590244e+04 -1.014720534454681911e+04 6.487342834981973283e+04 3.019544927855883725e+05 1.066461572687987704e+06 2.283702893347658217e+06 2.565141257868381683e+06 1.537867564661133569e+06 6.022854267492955551e+05 2.741290895434212871e+05 1.113438250498441048e+05 -2.786813412152696401e+04 -1.330950521663180552e+05 -2.747409770630472340e+05 -4.098590655344026163e+05 -5.107404928296471480e+05 -6.568748766154744662e+05 -8.056541493891561404e+05 -8.225846483962959610e+05 -7.564351666173019912e+05 -6.800302362216473557e+05 -5.929378833452938125e+05 -4.607935634285955457e+05 -2.624515227772640064e+05 -1.212139307614421705e+05 -1.354964720580028370e+04 1.448684225534099387e+05 3.376334122946714633e+05 4.880894007674928289e+05 5.829688246773744468e+05 6.954196373427081853e+05 8.225612280423089396e+05
-7.151478791653053486e+04 -1.489590993298043322e+05 -1.877873694106528710e+05 -1.366733671016117441e+05 -1.376097197609487921e+05 -1.913589114454225637e+05 -1.527169429675267893e+05 -1.250691280528554926e+05 -1.363209432006989373e+05 -1.202105626040429343e+05 -1.113044408257701434e+05 -1.434352384848170914e+05 -1.383038106285675894e+05 -1.081336571543943137e+05 -1.006648159321047133e+05 -8.328764560137642547e+04 -7.509514324061456136e+04 -1.007860095039359294e+05 -8.529348932599532418e+04 -1.194825473925448023e+04 -3.725031507245148532e+04 -6.143843764206371270e+04 -1.732046678109327331e+04 -2.013009047950617969e+03 4.997362507274374366e+04 7.862636915000621229e+04 7.065947887458605692e+04 1.669321082663377747e+05 2.600718820419567637e+05 3.303342083565077046e+05 4.217886514958806220e+05 4.917890988245212357e+05 6.283972851512973430e+05 7.506279858296326129e+05 7.840214711311270948e+05 7.453685354495244101e+05 6.423332091441258090e+05 4.890396129357405007e+05 2.861646975009355228e+05 3.659476462344150059e+04 -2.393328420772759710e+05 -4.553939689126852900e+05 -6.183971106789231999e+05 -6.738170819156232756e+05 -6.080806063796640374e+05 -5.552298635417522164e+05 -4.684591171146896086e+05 -3.646930128356320783e+05 -3.052640258907851530e+05
1.289299275953088654e+05 1.089488643250659807e+05 9.890717563539487310e+04 6.516992600081721321e+04 6.429532027890672907e+04 9.518980349152116105e+04 7.719412783306324854e+04 7.664435223021428101e+04 3.699454885441833176e+04 2.508479564727167599e+04 6.233380565157858655e+04 3.081231597083399538e+04 8.441328123299172148e+03 -1.810332987908623181e+04 -3.908547222861670889e+04 -4.963742907973949332e+04 -6.940901670634059701e+04 -3.773078694837738294e+04 -2.174120582159957848e+04 -6.290707543987082317e+04 -8.782292107018292882e+04 -5.412723801622621249e+04 -9.965222139435354620e+03 -2.315684745088208001e+04 -2.892923586754477583e+04 -2.455440408096183091e+01 -8.327322094264905900e+03 -2.918526330904569477e+02 3.421391341136780102e+04 7.462528163552645128e+04 7.655770009921991732e+04 5.620402782587928232e+04 1.315278762867093319e+05 1.622709761485750787e+05 1.622171539383999771e+05 2.078768698175553000e+05 2.190698841703122598e+05 2.987457663459650939e+05 4.192998381220964948e+05 4.961239767030915827e+05 5.791051810748481657e+05 6.361545036461040145e+05 6.595496471654025372e+05 6.423271684422807302e+05 5.069515335901833605e+05 2.975304572495215107e+05 1.494334067255835980e+05 7.476549467333848588e+04 1.408939848391991109e+04
-1.531145577949075960e+05 -6.050726875415444374e+04 -4.132733484526351094e+04 -7.224205198057414964e+04 -7.138592172821518034e+04 -6.847792775035509840e+04 -5.646006404829677194e+04 -8.290664764921506867e+04 -1.486352132937463466e+05 -1.584134543604159262e+05 -1.207436333515215665e+05 -1.501650742838683072e+05 -2.530567262948895805e+05 -2.781071341905042063e+05 -2.708477952699468005e+05 -3.077445269582679030e+05 -2.982145199956723955e+05 -3.227088889067816781e+05 -3.340059358489814913e+05 -2.636953723808982177e+05 -2.323181316678524599e+05 -1.978237900661767926e+05 -1.826848926050300652e+05 -1.397704606123445556e+05 -8.948479664279147983e+04 -1.160511506018518994e+05 -4.013006953682590392e+04 2.157844043453228369e+04 -2.866970784860305139e+04 1.283995195830384910e+04 6.975961755830211041e+04 7.528970134182622132e+04 9.228229845030035358e+04 9.268113116704623098e+04 9.015365814106186735e+04 1.058119333079957287e+05 1.154132497093814309e+05 1.042512504826302174e+05 1.334115660838140175e+05 1.171603521594075719e+05 1.880779973347624764e+04 -1.618650382617488503e+04 -2.662434269674122334e+04 -1.074310913923553308e+05 -2.188956369739025249e+05 -3.431791049583980348e+05 -4.957320058332713088e+05 -5.797993779109658208e+05 -5.914129032453522086e+05
1.660195416903297300e+05 9.131153380163596012e+04 2.693264596993688610e+04 2.418460580971441232e+04 7.934766560749267228e+04 1.350843827279458928e+05 1.463991868316952023e+05 1.475186110365031054e+05 2.192823121302353684e+05 2.643560789608454215e+05 3.011200233876300044e+05 3.823186771356269019e+05 4.194514242664444027e+05 4.783295094403726980e+05 5.694368604230111232e+05 5.903678426907577086e+05 5.472511995237441733e+05 5.539670156163629144e+05 5.466647404740797356e+05 3.974369425886832178e+05 1.815855011128592305e+05 -1.712496661214400083e+05 -7.418775001837653108e+05 -1.345829570446802303e+06 -1.582133965596002759e+06 -1.278917949330935488e+06 -8.183672181658027694e+05 -4.822431500890533789e+05 -3.095694010968146031e+05 -2.133421699605238973e+05 -1.316390451454208232e+05 -1.301240289756973507e+05 -1.152229851989257149e+05 -8.870048163938906509e+04 -9.377992886875290424e+04 -5.103968721290596295e+04 -1.438498479066777509e+04 -2.718789546081109438e+04 -2.885205618367751595e+04 -1.779089197341806721e+04 -7.338679885309905512e+05 -1.506425689433383755e+06 -7.908003247399735264e+05 1.835738708985466510e+05 4.290609787307041697e+05 4.883874194520455785e+05 6.108428421847952995e+05 7.693454321075086482e+05 8.791265303219389170e+05
-2.106813313176098745e+05 -1.761126479158701841e+05 -1.853134108905214234e+05 -1.868716558645246550e+05 -1.588700590062944684e+05 -1.586497530307678680e+05 -1.472538991343753296e+05 -1.459801084901847353e+05 -1.571178414777387807e+05 -1.402627211151411175e+05 -1.050591585392249108e+05 -1.078187600725505181e+05 -1.269088806278886768e+05 -9.803188573903747601e+04 -6.538145688711662660e+04 -7.509975613473227713e+04 -3.849880481298908126e+04 1.983624511805828661e+04 6.470960155929788016e+04 1.895724932738812058e+05 3.606805712654014933e+05 6.769302214792703744e+05 1.254582263416088885e+06 1.807477466529524419e+06 1.868802592379068956e+06 1.407089577459847555e+06 4.783745855104615912e+05 -1.715289503891257104e+06 -4.459566569215087220e+06 -4.672597725584777072e+06 -2.410940843654393684e+06 -6.942898618799494579e+05 -1.712379881899701431e+05 -3.105045979507872835e+04 2.159951934998389333e+04 9.410874029970727861e+04 1.320565620431443676e+05 1.497429971907697618e+05 1.788133725915397517e+05 2.504336526921535842e+05 1.033263499127796385e+06 1.886169824488172308e+06 1.301084139604787342e+06 4.662369532257433166e+05 4.185144627765112673e+05 5.365196469356290763e+05 6.583286081286513945e+05 7.859844997848237399e+05 8.943559340349591803e+05
-2.803766028198874847e+04 -1.037324114935472899e+05 -1.678890328000124427e+05 -1.955242093185370322e+05 -1.948906561829790007e+05 -1.695580926592811011e+05 -1.856617661891503958e+05 -2.653588024474449339e+05 -3.041372510566726560e+05 -3.157056728233873146e+05 -3.099620127239907160e+05 -3.144559807686893037e+05 -3.617650984885403886e+05 -3.626482946558096446e+05 -3.609968543521242682e+05 -3.737710489210442174e+05 -3.680957123292321339e+05 -3.683533352232186589e+05 -3.273474190360861830e+05 -2.908549656177638099e+05 -2.913940945321517065e+05 -2.591078783749258146e+05 -1.919491136170113459e+05 -1.255518787266914733e+05 -7.761318402423057705e+04 6.450658788016857579e+04 5.874798793990355916e+05 2.398129526567067485e+06 4.935616989998226985e+06 5.039008664573915303e+06 2.690962653561005369e+06 9.521387548421602696e+05 4.060904113217871636e+05 1.508349639269001782e+05 -5.334285667588096112e+04 -5.286811809844197705e+05 -2.747073927157622762e+06 -5.553578986835064366e+06 -4.900228348243695684e+06 -1.912414587977249874e+06 -3.127048612137134187e+05 -2.830914251637319103e+04 2.033377027823030949e+04 8.856583691085781902e+04 1.245077990092979744e+05 9.225959045899799094e+04 9.203016277548158541e+04 9.262989919050596654e+04 7.313168173364549875e+04
-4.132454186798712472e+05 -3.301980268397892360e+05 -2.348575409545447037e+05 -2.083918789000017568e+05 -2.345807387102104258e+05 -1.839333084951795172e+05 -1.467284784406364197e+05 -1.452651500250796089e+05 -1.030314138943505241e+05 -6.050919455505209044e+04 -7.501455741291865706e+02 4.976454382063820958e+04 5.874511078785872087e+04 8.700419216402224265e+04 1.176791787942055380e+05 1.617835984884005738e+05 1.979597183820443461e+05 1.744091664430742967e+05 1.648212663120647776e+05 1.767793938086833223e+05 1.797006687105746241e+05 1.335605778376336384e+05 -1.282424150782755751e+05 -7.828790499451839132e+05 -1.489157793751365505e+06 -1.412597387963324552e+06 -7.122361374925805721e+05 -2.729407438835189678e+05 -1.568864162742104381e+05 -8.794182148805679753e+04 -3.692620946181658655e+04 -1.010730523921642452e+04 4.657472670223563910e+03 3.116341843051509932e+04 1.405096018858607858e+05 6.162307052825032733e+05 2.763941995587526355e+06 5.486165447503309697e+06 4.798613903350638226e+06 1.711821829416143708e+06 -1.938860683588311076e+03 -3.870927861236846074e+05 -6.358172420914331451e+05 -7.795820164731428958e+05 -8.420868917978084646e+05 -1.002027383771780413e+06 -1.072289367471678182e+06 -9.971012187222351786e+05 -9.113899918968454003e+05
-1.624134390421386342e+05 -1.346220147954591084e+05 -9.414510383940092288e+04 -6.800707745569525287e+04 -6.788656182936392725e+04 -9.836100505141075701e+04 -1.150775036519917194e+05 -8.724896650572190993e+04 -7.219313154739211313e+04 -8.401997280729096383e+04 -1.328909580995969009e+05 -1.374570925603620708e+05 -1.031144819043402094e+05 -1.306597876745217945e+05 -1.564123845871654339e+05 -1.423379361523257103e+05 -1.362481956103874836e+05 -1.356328050793670118e+05 -1.210430857086610049e+05 -8.489098999547446147e+04 -8.511258642829488963e+04 -2.351089442017860711e+04 2.654743701653210446e+05 8.602358959884424694e+05 1.526778861048370134e+06 1.514319586079510394e+06 8.436598206074247137e+05 3.742818541389722377e+05 2.720703066830174066e+05 2.044221189399829018e+05 1.733991418113872642e+05 1.730411511739658890e+05 1.606960553622054867e+05 1.878942634878329700e+05 1.543245867971560219e+05 1.120138184195091017e+05 1.485363607901674695e+05 1.934244659783146344e+05 1.919618299094142858e+05 1.724682742045838386e+05 1.898541525425394066e+05 2.444084392514198553e+05 3.229343365074594039e+05 3.334106906673698686e+05 3.679282441764376126e+05 4.234868104108306579e+05 3.042129370743343607e+05 1.488781103417570703e+05 5.947704876001644880e+04
2.943182367656845599e+04 -5.290897835919167846e+04 -9.409864920249674469e+04 -6.649875569986761548e+04 -3.915764633318758570e+04 -4.384331534209207166e+04 -6.025228754544514231e+04 -5.791084547527146060e+04 -4.167980059573892504e+04 -5.356992027504020371e+04 -7.620482437909243163e+04 -5.397547210275672842e+04 -1.912615387162077241e+04 -1.914616985930479132e+04 -4.564946995407796931e+04 -8.666737444582406897e+04 -5.405456376451207325e+04 -2.634348935302114114e+04 -6.567522408600780182e+04 -5.867399191309232265e+04 -3.293535117947612889e+04 -5.371905184249044396e+04 -9.765086091691069305e+04 -9.049369155109161511e+04 -7.036675218332675286e+04 -6.571192334769875742e+04 -5.549432181142061017e+04 -8.981978810348687693e+04 -1.123095056814779527e+05 -9.844286543710040860e+04 -1.066496842722699512e+05 -1.128037547974963672e+05 -1.289319124921171460e+05 -1.619608175249593332e+05 -1.418325625669967849e+05 -1.298808883765011560e+05 -1.529742593171251938e+05 -1.390336655240389518e+05 -1.429123545368199702e+05 -1.365414842260354199e+05 -9.193167364588612691e+04 -6.733374705174379051e+04 9.563026261166669428e+03 7.765002378029795364e+04 8.091575173923047259e+04 1.358851766370930709e+05 1.938055663307029754e+05 1.838668215621141717e+05 1.505125146257290617e+05
-2.789565035673149396e+05 -1.506700451344659086e+05 -8.599411596776917577e+04 -8.328952575189765776e+04 -1.075865530144074000e+05 -1.379794609097007196e+05 -1.271536688275227207e+05 -1.769234368058098480e+05 -2.128289663224134129e+05 -1.715831560519290506e+05 -1.677546927880031290e+05 -1.989853251409659279e+05 -2.446701856463914155e+05 -2.724275814805877162e+05 -2.738999204811988166e+05 -5.332272086695602629e+05 -1.423495621298206504e+06 -1.756284254527999554e+06 -7.778903361996342428e+05 -7.254248767640069127e+04 -4.833698355607409030e+04 -4.257806954628881067e+04 -4.908996321464423090e+03 2.918020203447667882e+04 2.245146344968769699e+04 2.792164586149761453e+04 3.809802714444231242e+04 3.183383682961016893e+04 6.642243212321773171e+04 1.100766176512115635e+05 1.036091047020456754e+05 1.274719475401807576e+05 1.703328421288463287e+05 1.970861221717498265e+05 2.490810822602361441e+05 2.934244019298055209e+05 3.316210581206539646e+05 3.786483042102197651e+05 4.082460496851126663e+05 4.189199455502955243e+05 3.808708595608191099e+05 4.094609477762423921e+05 5.186761177318098489e+05 5.318117084752891678e+05 5.375124194119423628e+05 5.653184882568878820e+05 5.661136496870323317e+05 6.140194448683153605e+05 6.962790873431246728e+05
-5.270448967450647615e+04 -1.390691494815109763e+05 -1.568358085653746966e+05 -1.301158962641782127e+05 -1.569654175285540987e+05 -1.376579290255904198e+05 -7.668008388223825023e+04 -1.021733481902629137e+05 -1.667146521709221415e+05 -1.278539489769898355e+05 -7.331295170108228922e+04 -1.063765936665004119e+05 -1.269377796273329295e+05 -1.024108951880768873e+05 -5.098570007903594524e+04 2.563403854747600853e+05 1.127421159156509908e+06 1.459044320745160338e+06 5.341586086239840370e+05 -1.610123753384685842e+05 -1.914069216755160596e+05 -1.863412048395548481e+05 -1.496292822646503337e+05 -1.444672525973871816e+05 -1.246074506532747764e+05 -6.484992753030383028e+04 -8.379024905545543879e+04 -9.154460552366822958e+04 -3.029597262095217593e+04 1.251271462708245963e+04 4.618814585992600769e+03 -1.619193782243877649e+03 1.127350851456867531e+04 3.608753235399490222e+04 5.754923153493995778e+04 7.121354979492025450e+04 7.822424677287903614e+04 6.522491374475089833e+04 6.305098522163461894e+04 7.013696585039701313e+04 8.728496084309928119e+04 8.404684816705412231e+04 1.030606236339367460e+05 1.717717467997870408e+05 2.032832297965072794e+05 2.288086246968299383e+05 2.864642406522770179e+05 3.606978853639140725e+05 4.397390645999908447e+05
-2.044027428593834629e+05 -1.368899599541327916e+05 -1.038301960760145448e+05 -1.279275898011110257e+05 -1.269730871591309551e+05 -1.075085794807818020e+05 -1.254506539503926178e+05 -1.496508303703742567e+05 -1.326605930119694676e+05 -6.721419248744496144e+04 -6.603975504942378029e+04 -1.255962048440412618e+05 -9.253744812333025038e+04 -4.071528326516272500e+04 -7.067143496096832678e+04 -6.243968063878128305e+04 -3.285284881378174759e+04 -3.352979679169948213e+04 -2.054491946095367894e+04 -1.717708791489712894e+04 5.774904760037083179e+03 3.889781194317038171e+04 2.070089287954033352e+04 2.449436396709643304e+04 4.544825457094702870e+04 2.458227441049530171e+04 3.239194231864297763e+03 2.079405815660720691e+04 2.651921794808027335e+04 -4.229431343133933842e+04 -8.062588299595518038e+04 -9.086077388172317296e+04 -1.370084459990907926e+05 -1.428230484698722139e+05 -1.522894598677521572e+05 -1.410145775278215297e+05 -7.898836734617338516e+04 -9.330337786406767555e+04 -9.670008967455942184e+04 -6.348023307393305004e+04 -4.710031056849379092e+04 7.619383671116782352e+03 2.485287189236236736e+04 5.698085237672785297e+03 3.374441049134451896e+04 5.744015181320719421e+04 5.479983330325945280e+04 9.084596541011612862e+04 1.590086485748160630e+05
-2.142441411218899302e+05 -9.718552218153467402e+04 -6.679782956649456173e+04 -9.215807914035441354e+04 -6.614056622551288456e+04 -4.840740759202186018e+04 -4.143675887797120959e+04 -6.676811106459377334e+04 -5.034856263329880312e+04 -1.297512364006275311e+04 -3.981680350974807516e+04 -2.045078187526110560e+04 -1.519353789306478575e+04 -1.747612013801699504e+04 3.208187742537120357e+04 3.921322311565745622e+04 1.447722586686769500e+04 4.054138812309224159e+04 5.316854419084824622e+04 5.637111446674680337e+04 7.901483666733745486e+04 5.745119841842073947e+04 6.665453746318258345e+04 9.756275604464486241e+04 9.141967395713366568e+04 9.882978675013920292e+04 1.334243796369989868e+05 1.236248090668234508e+05 1.025302430965530220e+05 1.753948950805352069e+05 2.515497075240998529e+05 2.442914227134319954e+05 2.297084725172321778e+05 2.842264958162556868e+05 3.070838442254166584e+05 2.935939115213112673e+05 2.729431628251038492e+05 2.039809444308051607e+05 2.027920396320403088e+05 2.088431901052530156e+05 1.397666718467370374e+05 1.373446565242191427e+05 1.547838874679286964e+05 1.066097808521590196e+05 1.046831649667000165e+05 9.839102108686324209e+04 3.581067997904017102e+04 9.699369661684613675e+03 1.529000389651604928e+04
-2.539170880227174493e+05 -2.437198514128977258e+05 -2.130499538448930834e+05 -1.570054213855473790e+05 -1.026272599671210628e+05 -1.100668899432638427e+05 -1.018992622378573287e+05 -1.911403715566848405e+04 -4.139105703505920246e+02 1.179650161473546177e+04 9.305419845870346762e+04 1.410804256057599559e+05 1.484350213722790941e+05 1.484882555723015103e+05 1.729014454441493726e+05 2.077388767380035424e+05 2.114566283511522925e+05 2.125769973448767851e+05 1.997200533398426196e+05 2.035781006456817850e+05 2.268816832955050340e+05 2.065744609347892110e+05 1.888381838434728561e+05 1.633758962425054633e+05 1.025335904383972520e+05 5.514489138091448694e+04 2.502993060625041835e+03 -9.567186134474480059e+04 -2.610765641240862897e+05 -3.611868160899028298e+05 -2.915165112397519406e+05 -2.218061496128215222e+05 -1.572798565625280316e+05 -5.040770179868576815e+04 -2.697861216583987698e+03 8.250386551371746464e+03 4.173053543330759567e+04 8.630104257914370100e+04 5.426342520411729492e+04 2.834012053106554231e+04 7.436810922561593179e+04 7.101881659284151101e+04 5.675037848734048021e+04 6.617954447283419722e+04 5.993852455081665539e+04 8.165367476743971929e+04 7.676742482974063023e+04 1.078793025910327560e+04 -5.584628075172065292e+04
-3.750297220579523128e+05 -3.142180047971487511e+05 -2.057567781212858390e+05 -7.072735394278424792e+04 9.550423145992681384e+03 8.109300206720945425e+04 1.151973710917809512e+05 1.181154398241778836e+05 1.638176019872480538e+05 1.488310796106816269e+05 9.596088169695576653e+04 8.972878132015466690e+04 1.229488598415628076e+05 1.221091068391978042e+05 6.426471288228628691e+04 7.024900369622639846e+04 7.190369614399981219e+04 7.140243319037836045e+04 1.112800351284386124e+05 8.588687827083037701e+04 5.256006830648379400e+04 8.544586900141451042e+04 1.212025252394962590e+05 1.222947368030145299e+05 1.723141372071406222e+05 2.370228509348815423e+05 2.698631125768588390e+05 3.710018926841446664e+05 4.919843928070619004e+05 5.684639185543346684e+05 5.898881935376264155e+05 4.969901766451949952e+05 3.680124647489010822e+05 2.789807441916489042e+05 2.144804254068001173e+05 1.690695432560460176e+05 1.454736383925776463e+05 1.324103677594396286e+05 1.293513274792346638e+05 1.026779115023962222e+05 9.043290856861858629e+04 1.157704874065532349e+05 1.004001241769578774e+05 7.986990134464576840e+04 7.175909836325468495e+04 9.226963039327505976e+04 8.600740996931539848e+04 1.615231895339139737e+04 -5.492825237029977143e+04
8.818819768558018841e+05 7.830168892844812945e+05 6.532948079201740911e+05 5.518899784250241937e+05 4.756176615094591398e+05 3.637446269328938215e+05 2.939944965922039701e+05 2.732364113288350636e+05 2.689834480387800140e+05 2.295385936839737697e+05 1.788255963174744975e+05 1.749662041664123535e+05 1.562894116554525681e+05 1.578807859389053192e+05 1.553068414793231059e+05 1.346840155927932356e+05 1.374715924027261790e+05 1.382329414962441660e+05 1.518099926637660246e+05 9.857052172257681377e+04 9.238054409201117232e+04 1.531571276746399235e+05 1.334490237428690307e+05 1.046504008615738712e+05 9.874545672821113840e+04 1.075892890409156680e+05 1.083097054371321574e+05 1.210484984893989749e+05 1.256820950562539510e+05 8.431936870954837650e+04 7.099350052929390222e+04 8.460639112017815933e+04 6.334134606702765450e+04 5.601380653475644067e+04 7.480995669218851253e+04 5.513966333746770397e+04 5.830476486982684582e+04 4.430393147209519520e+04 1.090210979178640991e+04 4.006423113532969728e+04 2.711473443763656542e+04 -7.150001439149025828e+03 -2.618747183529194444e+04 -1.873132622306002304e+04 -1.713327563193161041e+03 -7.254301343928091228e+04 -1.400408853463889100e+05 -1.606907316760038957e+05 -1.847953228969667107e+05
1.077213996468367986e+04 1.399242053710622713e+04 1.518898609720077366e+04 -5.780043966806260869e+03 -2.891920871537877247e+04 -3.512197662552329712e+04 -5.341084936881088652e+04 -4.827321619319263846e+04 -2.567215444796602242e+04 -1.394711385379196145e+04 -1.343566596755385399e+04 -4.665764167846646160e+04 -4.104263392597204074e+04 -1.427992476776125841e+04 -1.988262962011503987e+04 9.543423165741842240e+03 9.130937615263974294e+03 -4.772751327167497948e+04 -3.729294141376158223e+04 1.656921730973408557e+04 6.803013613535091281e+03 -1.785740237624826841e+04 -1.265418402239447460e+04 -1.766019970149500296e+04 3.192529541120398790e+03 1.110442754783458076e+04 -4.830355070444056764e+04 -6.703650536248483695e+04 -7.381283003487857059e+03 6.587628022971097380e+03 -6.580830543243791908e+04 -1.116891119004872162e+05 -1.063870438410962233e+05 -8.620459206809778698e+04 -6.795609413878980558e+04 -8.879150083084811922e+04 -1.156913421806528931e+05 -1.591324179331425112e+05 -1.637732337744092802e+05 -1.060078306053762790e+05 -1.483783614535068627e+05 -2.124786699350810959e+05 -1.733027052757093334e+05 -1.361270768965189345e+05 -1.490681168271113420e+05 -1.599750233162189834e+05 -1.666387971182124456e+05 -1.880930061740211386e+05 -2.141116203644158377e+05
9.294456039671786129e+04 2.001364357519196346e+05 2.530391314177541062e+05 2.323780471220377367e+05 2.368629800846974831e+05 2.038945758843331132e+05 1.583023940463317558e+05 1.917957653717896901e+05 1.622080183436628431e+05 9.190366277718567289e+04 6.506519363436382264e+04 5.931632918087416328e+04 3.698954728897637688e+04 -4.598858016368467361e+04 -1.082298438940776978e+05 -1.375086830776128918e+05 -1.681114572817750741e+05 -1.717485526255040895e+05 -2.199958481578505598e+05 -2.810373300466742367e+05 -2.668750749138412066e+05 -2.390163731136997230e+05 -2.937392679818735924e+05 -3.033585316191603197e+05 -2.281373723024440696e+05 -2.507793714191936888e+05 -2.575428451443437953e+05 -1.647223286989904009e+05 -1.351838840628623147e+05 -1.224157311175075010e+05 -8.098814542900072411e+04 -9.928839589410973713e+04 -9.453997902266614255e+04 -1.580417098593921401e+04 3.277711988921422744e+03 -1.742080186391831376e+04 4.434227022502481123e+04 6.153066217360913288e+04 -4.038253793259500526e+02 2.899725674447830534e+04 1.069760524411689257e+05 7.368864448566525243e+04 5.400879966909979703e+04 1.225556002178932540e+05 7.916276509771787096e+04 3.905950069965911098e+04 9.341265151058929041e+04 6.830969282513298094e+04 -2.308128725242638029e+04
2.845402980310603743e+04 7.836296767782192910e+04 7.439218997809808934e+04 2.485504463242250495e+04 5.515601331819198094e+04 7.492230141870095395e+04 2.665254424719023518e+04 5.850504400528757833e+04 8.240765442547854036e+04 3.681779964215820655e+04 6.319592418338311836e+04 8.350814649966207799e+04 3.180985838305787183e+04 3.087632337847026065e+04 5.095995740513899364e+04 4.897364967473549768e+04 4.651713356797699817e+04 4.387886924363544676e+04 5.284356962540175300e+04 7.773904452988062985e+04 6.574452560438669752e+04 6.791462675711978227e+04 1.007651667660686653e+05 6.490658036491379607e+04 8.650633990910160355e+04 1.238509500888177427e+05 6.175549567138636485e+04 4.184076250428915955e+04 1.019916007717254106e+05 8.692951343778963201e+04 1.357449588889721781e+04 5.412023330296552740e+04 5.890912617018399760e+04 -7.998136571841314435e+03 1.111873170317267068e+04 -1.060912982458830811e+04 -3.775181794480863027e+04 8.593668218672974035e+03 -2.474118298414372839e+04 -8.539147545132413507e+04 -9.732795948861213401e+04 -7.245380483916983940e+04 -6.463569116851408035e+04 -1.170122678249031305e+05 -1.328516021350516239e+05 -1.751014701991513139e+05 -2.120875839429211337e+05 -1.502523181748987408e+05 -6.507494915931299329e+04
5.533347479300620034e+04 1.005717011704109609e+05 1.480181436867858283e+05 1.792283599238726310e+05 2.083428360510151833e+05 2.268394374607305508e+05 2.313032040107646026e+05 2.622218464258186286e+05 2.864596524139053654e+05 2.944255852357308613e+05 3.481775228689369396e+05 3.965918752332802396e+05 3.719844906913930317e+05 4.001562625681979698e+05 4.775148457950852462e+05 5.040257143281635363e+05 5.033963478237277013e+05 5.317630973106131423e+05 5.432556897409084486e+05 5.142868176259796601e+05 5.333253330878501292e+05 5.095245458676069975e+05 4.598428135308504570e+05 4.828965248774327338e+05 4.498065583950662985e+05 3.458491236410918646e+05 2.835771462303819135e+05 2.640508658441836014e+05 2.377154486771905795e+05 1.932672234947676770e+05 1.483851804188448004e+05 7.101006911427201703e+04 1.547136905457638204e+04 5.365211076859850436e+03 -3.557458271010546014e+04 -2.945879743667365983e+04 -5.881036143313348293e+04 -1.317859899895852432e+05 -1.367565236263913102e+05 -1.402303013781779446e+05 -1.827411494695125148e+05 -2.497238610181375407e+05 -3.061801454989463091e+05 -5.134673740994213149e+05 -1.081171414841663325e+06 -2.498080952402372379e+06 -4.644513779177231714e+06 -6.119343476584740914e+06 -6.839942169100273401e+06
2.058729699812828912e+05 1.943704883975443081e+05 2.141047866246661870e+05 2.746857161514344625e+05 2.773482794471783563e+05 2.414406887939548760e+05 2.465820051843183173e+05 2.788468795490919147e+05 3.049730858264958370e+05 2.853399973278281977e+05 2.556830463590450818e+05 2.767207350415993715e+05 3.362210078613131773e+05 3.082086218212497188e+05 2.724071054521482438e+05 2.967090305889723822e+05 2.942438427463641856e+05 2.925475347653261852e+05 3.017080182748031802e+05 2.984826390317175537e+05 2.570741694577736780e+05 2.880806381191359833e+05 3.219011599913942628e+05 2.552158040212816559e+05 2.489984445707527921e+05 2.880306161355101503e+05 2.817748535843566060e+05 2.319038898058356717e+05 2.044295967501234263e+05 2.175620149305909872e+05 1.721070084910024889e+05 9.425344929419225082e+04 6.743704797379951924e+04 2.751667812844971195e+04 -1.031709669914566912e+05 -3.079678044421593659e+05 -6.098213505925382487e+05 -1.047639502478125039e+06 -1.661072917924027657e+06 -2.246509636009862646e+06 -2.388898638089307584e+06 -2.161841934373083524e+06 -1.770105699776608730e+06 -1.251705994191288482e+06 -5.424981626201821491e+05 9.374164768133750185e+05 3.008827029489344452e+06 4.385212227736465633e+06 5.081050325357847847e+06
1.210099732966045267e+05 1.055851963060558774e+05 1.238620455426280387e+05 1.575811931054340675e+05 1.607735397340729833e+05 1.246206013945629820e+05 1.002989930586772971e+05 1.040567486506189452e+05 7.405635802802862599e+04 1.092805178830167279e+05 1.062460850691422820e+05 4.038782837247697171e+04 6.939269712922396138e+04 6.801191663427744061e+04 -1.528169214725494385e+02 -3.786277230596169829e+04 1.403575545555201825e+04 9.221104776370339096e+03 -7.257418238674290478e+04 -1.089934443842503242e+05 -9.707602253503841348e+04 -9.935974211170116905e+04 -1.566182757905337494e+05 -1.704852405958808959e+05 -1.805839201121125370e+05 -2.033967168378875358e+05 -2.441379357475672150e+05 -2.685968341573611833e+05 -2.409295185483642272e+05 -2.907507675781381549e+05 -3.091813140187878744e+05 -2.704523500506188720e+05 -2.994441224931516917e+05 -2.806119799829321564e+05 -1.717794956054419745e+05 -4.550905082171107642e+04 1.673742212654912146e+05 5.500361398438699543e+05 1.064495606418348150e+06 1.522385995667714626e+06 1.641275230335306609e+06 1.340588251494341297e+06 8.344129332146234810e+05 4.185992188908853568e+05 9.544656339276302606e+04 -1.619544903159835376e+05 -2.913205899277827702e+05 -4.204224930822942406e+05 -5.898246915682004765e+05
2.051812389981932938e+04 2.408370077610015869e+03 1.919042027380780200e+04 2.384340116113888507e+04 -2.419898077787365764e+03 4.669471145549319044e+04 4.939687140751627157e+04 2.343376920529415656e+04 7.937471298151646624e+04 5.566200133820527844e+04 2.288412513793451944e+04 7.119385713915104861e+04 9.928697412047765101e+04 9.758340635540659423e+04 1.155275283506488922e+05 1.056493782979669049e+05 7.030524949892424047e+04 1.241220383075415157e+05 1.586124750925227418e+05 9.339224971045035636e+04 1.060923388562512118e+05 1.929598065311438986e+05 1.662537698846429121e+05 1.241432565380817978e+05 1.750798809187837178e+05 1.836764187703374773e+05 1.745070922252490418e+05 1.819436603077341570e+05 1.521655923561775126e+05 1.637989392317833845e+05 1.774211288051446900e+05 1.288017824786948040e+05 1.011163594093529973e+05 1.215177540658621583e+05 1.117059184439131059e+05 5.745492919813864864e+04 5.894753247208450921e+04 7.851238458155421540e+04 1.504080881248228252e+04 -4.821981037006480619e+04 2.945464116928866133e+03 -3.318651802750444040e+04 -1.217263854155314621e+05 -1.154480881206111517e+05 -1.666673711448670365e+05 -1.798336519108847715e+05 -2.162719143554579932e+05 -3.462173057100134902e+05 -4.562369225002396852e+05
4.531319837569025112e+05 3.136674207443138584e+05 2.702321048951124540e+05 3.044513705390272080e+05 2.780849484444479458e+05 2.704878413042752072e+05 2.726830491714644013e+05 2.758047017929495778e+05 3.052753735621810192e+05 2.807137332059209002e+05 2.479572869054392213e+05 2.687778544033064973e+05 2.378179578587877331e+05 -3.274388126115080668e+05 -1.351616523560368922e+06 -1.458089172482141294e+06 -5.180452182248714962e+05 4.019511179678374901e+04 7.318453700456296792e+04 6.502537541324266931e+04 7.611733517405786552e+04 7.275241732510022121e+04 7.452493856486410368e+04 1.196020752735784627e+05 8.009616755414725048e+04 5.762083577283180784e+04 1.066511379898293235e+05 1.136029008109473798e+05 1.121148460541734676e+05 1.220322832078090723e+05 1.053499749125331145e+05 8.656340215296966198e+04 8.788301319378695916e+04 1.081520331502541521e+05 1.290647387428907241e+05 1.349425562843679800e+05 1.365459693930461071e+05 9.608642265578982187e+04 9.425748730602185242e+04 1.538972141203699284e+05 1.453460571047616540e+05 1.097837174020244274e+05 1.125485470012060832e+05 8.871744928183010779e+04 3.762060243694600649e+04 -5.762349875294603407e+03 -4.068299244099785574e+04 -4.768904001015482936e+04 -3.556635403277957812e+04
1.944810886404592311e+05 1.122908407516659936e+05 3.826576098887005355e+04 4.245087619434343651e+04 4.462055756215704605e+04 6.564640762226190418e+03 3.700056120927911252e+04 6.826019513478968292e+04 6.708644721133180428e+04 4.079547928209649399e+04 3.596181017550418619e+04 8.485258358850842342e+04 1.115953699831151171e+05 6.147921631624919828e+05 1.674396667559630703e+06 1.755829008060973138e+06 7.419928868737785378e+05 2.331130487174959853e+05 2.375739080135826953e+05 1.707282174669671804e+05 1.225689616857562214e+05 1.196658550799475051e+05 1.217802015511556529e+05 1.067723034459049813e+05 9.743466916872421280e+04 7.451010984892537817e+04 3.249716614722274244e+04 8.680727073515299708e+03 -2.455014815204776824e+04 -4.671135822922177613e+04 -9.520702435722341761e+04 -1.457614407123769633e+05 -1.771351312653862406e+05 -2.508087616084953770e+05 -2.623099965148137417e+05 -2.899611144018121995e+05 -4.142677517721313052e+05 -4.569981402036508080e+05 -4.612080693340974394e+05 -5.584477055657756282e+05 -6.001223373156979214e+05 -6.077920642966644373e+05 -6.706011445194580592e+05 -6.659534648316921666e+05 -6.261983641434938181e+05 -6.087708969245415647e+05 -5.505501337282481836e+05 -4.648326851439189631e+05 -3.913650457514366135e+05
1.534053070130175038e+05 1.876803638334968418e+05 2.015693647213628865e+05 2.063721528701717034e+05 2.395961270804400556e+05 2.323311910941265523e+05 2.029443714555235929e+05 2.051017737307121861e+05 2.055857220737379976e+05 2.087267069690277567e+05 1.744784962755511515e+05 1.649876188425695291e+05 1.615300904330796329e+05 1.299919467294239439e+05 1.780548881879076362e+05 1.629966327775036916e+05 6.369053773523773998e+04 5.784521429945016280e+04 9.041507654677843675e+04 8.199765777448192239e+04 6.177219613076886162e+04 5.701439120748545974e+04 2.779352002835366875e+04 1.104931788955582306e+04 3.120783257880248129e+04 -2.424937422125344165e+04 -3.702992685604817234e+04 3.192734740761830471e+04 -3.017538365965941921e+03 -5.817250595282507129e+04 -4.449044914392288774e+04 -1.049517533392412588e+03 -1.780767702729906887e+03 -4.468562634021509439e+04 -2.382703657174692489e+04 1.105863788136024959e+04 1.118917646846990101e+04 3.293912827619351447e+04 9.370553188375174068e+04 5.995709271897771396e+04 2.053472050698497333e+04 7.722554894891800359e+04 4.496204150695097633e+04 -4.400378124904865399e+04 -5.397897591599000152e+05 -3.995941369222408161e+06 -8.011700893206020817e+06 -7.516416770930814557e+06 -4.475507079140666872e+06
4.384907333698356524e+05 4.121518040291266516e+05 3.661104930800502189e+05 2.810387090931176208e+05 2.551212203930481337e+05 3.104941506439354271e+05 2.813391064241291024e+05 2.232894519914407283e+05 2.557927945544356480e+05 2.899664910256979056e+05 2.563658721049437299e+05 1.552663084113737568e+05 1.208076882828027010e+05 5.802633511426392943e+04 -4.822631864270078950e+05 -1.400770590795729775e+06 -1.724958786460921867e+06 -1.053665882697968744e+06 -3.101619314707929734e+05 -8.830205576959997416e+03 6.314783443318470381e+04 -5.160401032190071419e+03 -3.487126737629296258e+04 9.971598667034413666e+03 -1.387904889124911278e+03 -5.848502929060463794e+04 -1.345602323496132158e+05 -1.581564605757016689e+05 -1.636612460319884121e+05 -2.531545325726622250e+05 -3.335456152970434632e+05 -4.151799444475921337e+05 -5.119762322414334631e+05 -5.883392788402847946e+05 -7.260270190821030410e+05 -9.137698861458912725e+05 -1.136644560738350498e+06 -1.336990256966385525e+06 -1.498265501261047553e+06 -1.754789174667962361e+06 -1.921511882279885933e+06 -1.864802224223389290e+06 -1.739288849019790068e+06 -1.511361959265778773e+06 -8.047247896032128483e+05 2.912499453703923151e+06 7.304942382015602663e+06 7.016815171175411902e+06 3.997683331412130967e+06
3.828765739584922558e+05 2.315475651723681949e+05 9.106409922213060781e+04 6.495092568162363023e+04 1.602426318009383976e+05 1.840327964737662696e+05 1.220653390296501457e+05 1.234212804835988209e+05 1.857724774410597747e+05 1.876968912448500050e+05 1.526519372389885830e+05 2.046884625125675229e+05 2.619787056851781672e+05 3.230200491510912543e+05 8.063761550863271113e+05 1.722847031099083601e+06 2.030585242549424758e+06 1.316441701993753202e+06 5.129630833663390949e+05 1.944420323881786317e+05 1.423671794522665441e+05 1.052159927808679640e+05 7.555648125853575766e+04 2.629613311786577106e+04 -1.694615426560584456e+04 1.938624672766216099e+04 -2.593455851019732654e+04 -1.443539142829831690e+05 -1.825914036802714691e+05 -5.287530515884291381e+05 -1.882292700157263316e+06 -3.303470876560031902e+06 -2.930631537683089729e+06 -1.548535158874876564e+06 -8.607317778648568783e+05 -6.678627421101557557e+05 -5.414139955659625120e+05 -4.551493274501999840e+05 -2.977789907067201566e+05 -1.409030497187627479e+05 -2.109510859736427665e+04 6.774230442999373190e+04 9.711376096325647086e+04 7.029074839432747103e+04 -1.537598232593131252e+04 -2.753621165815251879e+04 4.002737957634963095e+03 -9.761281590210064314e+04 -2.772297559829885140e+05
5.188893327693175524e+04 8.503638053342001513e+04 9.858630033617420122e+04 7.286435482878005132e+04 4.552487005130387843e+04 3.913953192910412326e+04 3.865044427569955587e+04 4.004478996212128550e+04 9.922645273618400097e+03 -1.972747552645159885e+04 -2.412357734254328534e+04 -3.421186565450672060e+04 -3.972252473031403497e+04 -7.261836821271572262e+04 -8.688024772534845397e+04 -7.403798037004889920e+04 -1.146979926439234987e+05 -1.531853320967638865e+05 -1.851010798296192661e+05 -1.946435230097267777e+05 -1.856746989904781803e+05 -2.245107282337266952e+05 -2.551349262829173822e+05 -3.054025158259898890e+05 -3.179650087794286665e+05 -3.137649821842205711e+05 -3.911074368690606207e+05 -4.147032152881737566e+05 -3.578011714105380233e+05 -9.999779485486110207e+04 1.059944669311221223e+06 2.444878140520021319e+06 2.034725123691908550e+06 4.982037717491062358e+05 -3.398646524964724667e+05 -5.621839195885695517e+05 -7.564920614118454978e+05 -9.915651209576772526e+05 -1.187794642441439675e+06 -1.352651958099155221e+06 -1.394398843722594669e+06 -1.339273426851725671e+06 -1.247900974607033655e+06 -1.019800544018799206e+06 -6.894781293103033677e+05 -4.130619866549375001e+05 -1.881703814803031273e+05 -5.232965562038589269e+02 1.406269134359890595e+05
3.349481775975436904e+05 3.050862339974264614e+05 3.183802258601647336e+05 3.235237511809100397e+05 2.646911644152714871e+05 2.902073781544459052e+05 3.208747600068452302e+05 2.595991631594370119e+05 2.298157080661621876e+05 2.312979847704991698e+05 1.960507974494253285e+05 1.550809498969465494e+05 1.811920440109679475e+05 1.802785122519708239e+05 1.032324004746624269e+05 5.293751227698475122e+04 4.401216610160190612e+04 -2.628411008772673085e+04 -5.853015884844353423e+04 -4.138276799931190908e+03 -5.840251826972188428e+04 -1.295055479826987721e+05 -1.281750781193841249e+05 -1.146980010706465691e+05 -9.537817079893965274e+04 -1.551816350483563729e+05 -1.686765356129035354e+05 -9.529653684730874375e+04 -1.020323935511983000e+05 -9.914933714724611491e+04 -8.339670314308023080e+04 -9.966851329925749451e+04 -3.750583921995759010e+04 -1.819319943228038028e+04 -6.049931726098293439e+04 -2.632857828721171245e+04 5.055031967349350452e+03 -3.641244084283243865e+03 -6.975523909844923764e+04 -3.625157326491889544e+05 -1.048593222947389586e+06 -1.412546858721473953e+06 -7.395642527058932465e+05 1.041561976101390319e+05 2.761528940053552506e+05 1.350714531834815862e+05 7.211673914570710622e+03 -1.899165935744504677e+05 -4.340556790039362386e+05
1.242399672971805558e+05 2.766963505942840129e+04 -2.401250976574374363e+04 -1.979096894036047161e+04 1.549768078868510202e+04 4.177734528027940542e+04 3.909979828487848863e+04 3.875308971299102996e+04 7.212903515173820779e+04 1.040687037122552283e+05 9.990099287271732464e+04 9.007479084277304355e+04 8.309288901422405615e+04 1.464842490851879120e+05 1.641986725205787225e+05 7.941009786271024495e+04 7.049349596403748728e+04 9.587089512962847948e+04 2.989183469704585150e+04 -7.579946086334530264e+04 -1.955652027594618266e+05 -4.303893049291220959e+05 -6.874893554052698892e+05 -8.677516525940147694e+05 -9.780045118380801287e+05 -8.446257437643365702e+05 -6.305969928062401013e+05 -5.545655379368700087e+05 -4.643599532826920040e+05 -3.973683565636747517e+05 -3.802795520631477702e+05 -3.304992048430722207e+05 -3.002073840342941694e+05 -2.484038381275604479e+05 -9.679183321015397087e+04 3.428839778265682980e+04 1.625895645597483963e+05 4.123498761802338995e+05 7.660700943114345428e+05 1.313224443097712006e+06 2.146660284497201443e+06 2.528511888658982702e+06 1.782773020380986854e+06 7.536757835422735661e+05 2.795528971773474477e+05 1.708151941787214018e+05 7.547735181928053498e+04 -2.414442542561981827e+04 -7.370285987882874906e+04
-2.964194400989798596e+05 -3.292353344036382623e+05 -3.165890637339907698e+05 -2.800474389328155085e+05 -2.769844862091122195e+05 -2.826701323612359702e+05 -2.857853150105801178e+05 -2.215007554029580206e+05 -1.228089867474047351e+05 -1.234179647595738061e+05 -1.275153323050471954e+05 -1.047661466881982051e+05 -7.958218765503249597e+04 -1.580932783253956586e+04 -3.051633448223583400e+04 -5.113610095722833648e+04 4.846229904214851558e+03 3.030226587725337595e+04 6.120680035528482404e+04 1.499878130439900560e+05 2.896487329411313403e+05 5.086800745775694377e+05 7.058081261292694835e+05 8.503918286313994322e+05 9.352956023189469706e+05 7.772962655086306622e+05 5.379152942015202716e+05 3.549109544555547182e+05 1.854029179678766523e+05 8.953572248719865456e+04 -2.326291364792245440e+04 -1.354523522747338284e+05 -2.029486440549960826e+05 -2.486862009917967953e+05 -2.914649721048770007e+05 -3.553515483310909476e+05 -4.217983762393122306e+05 -4.629893781431027455e+05 -4.645366871636360302e+05 -4.337562393594986643e+05 -3.428819689419470378e+05 -2.529249549546518247e+05 -1.931464514730027295e+05 -9.195170379738514021e+04 1.683005518891116662e+04 7.052603471063757024e+04 1.384972012191436079e+05 2.684493404786897590e+05 4.162273545170262223e+05
6.516331833339061122e+05 5.529110679804580286e+05 5.331375188136006473e+05 5.373995990658294177e+05 4.751685567805543542e+05 4.701707739027915522e+05 4.340782799274892313e+05 3.676148280844793189e+05 3.691296719139793422e+05 3.354179822508010548e+05 2.659596193631298374e+05 2.236481801423362922e+05 1.830532773732554633e+05 1.491653990690244827e+05 1.013565778709016740e+05 4.704605777369579300e+04 7.124454890057677403e+04 3.103362892812583596e+04 -3.732036642119055614e+04 -1.259000312827993184e+04 -3.548784371698228642e+04 -1.105147234041942284e+05 -7.463685232040053234e+04 -5.927510969748208299e+04 -1.391393940467969514e+05 -1.365482969617007766e+05 -1.155387504567625001e+05 -1.350397050217727665e+05 -1.434621459420302417e+05 -1.770187037196592428e+05 -1.912099210062299389e+05 -1.706058793148263358e+05 -1.730491295858523808e+05 -1.863292768708197400e+05 -1.961632016539806500e+05 -1.622189038273065817e+05 -1.304719854338327423e+05 -1.054315118750676047e+05 -4.042313863988977391e+04 -4.147190795512858313e+04 -4.785978132975276094e+04 4.302851139102096204e+04 6.939292946190095972e+04 3.886645173071883619e+04 5.113192587072274182e+04 4.036979262949875556e+04 -8.697695744689682033e+04 -2.480501237910339842e+05 -3.578353710993491113e+05
-2.406930500873830169e+03 1.636506800446659327e+05 2.768082006942131557e+05 2.477404391599697992e+05 2.179639836965361610e+05 2.465974312144680880e+05 2.092397853560396470e+05 1.742816641923859715e+05 1.419689218312851153e+05 7.322184756776550785e+04 6.930569217976927757e+04 5.961630072415573522e+04 -1.603510341694345698e+04 -8.439996773638995364e+04 -1.334544533211737871e+05 -1.560002030440955423e+05 -1.984116584717412479e+05 -2.396862485195738263e+05 -3.103309302779957652e+05 -3.854368781592347659e+05 -3.749526959206545725e+05 -3.511631098724314943e+05 -4.147680701967333443e+05 -4.652608705373131670e+05 -4.460194159304951318e+05 -5.112073894456257112e+05 -5.889766318374311086e+05 -6.398196632295741001e+05 -7.154026358437838499e+05 -8.171906488307284890e+05 -9.965756928303736495e+05 -1.139442504598120926e+06 -1.206927293298072182e+06 -1.285075915427004453e+06 -1.258980540310439421e+06 -1.089124462231702171e+06 -7.884409422476883046e+05 -4.283935044173272327e+05 -9.613208595081279054e+04 2.683698672804161906e+05 5.598960879628448747e+05 6.823913122221720405e+05 7.066647001149230637e+05 6.741584927402446046e+05 5.529169242162620649e+05 3.756397374774666969e+05 1.811973137632592116e+05 2.006943766755377874e+04 -8.938365008594840765e+04
5.796439734287559986e+04 9.184767822385771433e+04 1.394262318749679253e+05 1.770746216631960124e+05 1.803915986770880409e+05 1.422992848389549181e+05 1.377064701070776209e+05 2.367618350934938062e+05 2.379446923881189432e+05 1.684416621804120950e+05 1.987550996357463300e+05 2.234095964833979961e+05 2.148127731808924582e+05 2.139403841461169068e+05 2.326379456190625206e+05 2.441611784708220512e+05 2.022338033159030601e+05 1.611998607061102521e+05 1.578409306894170586e+05 1.166870518258656375e+05 6.021882273722440004e+04 -1.703853089740779251e+04 -1.481147184633305296e+05 -2.321886218173310626e+05 -3.141439081443243194e+05 -4.136697919733705930e+05 -5.250719974818641786e+05 -7.102091563289300539e+05 -8.198543892800805625e+05 -8.886983991059241816e+05 -1.000945133691129158e+06 -1.042653939640442259e+06 -1.076810160606405232e+06 -1.088340469950634986e+06 -9.952839223382754717e+05 -8.923985798441567458e+05 -8.251942638555187732e+05 -7.643747944937800057e+05 -6.636044585407944396e+05 -5.294717251494857483e+05 -4.348187499042255804e+05 -2.765817545936461538e+05 -8.418217348138615489e+04 8.366131871182192117e+04 2.952479815136743709e+05 5.160096913672154769e+05 7.849848312290883623e+05 9.881933405905114487e+05 1.077532325145708397e+06
1.917431077180663124e+05 2.264644329488510266e+05 2.067651714759995230e+05 1.764822723326503765e+05 1.797523431849549524e+05 1.756995073810687754e+05 2.046944265364436433e+05 2.019788045086900238e+05 1.688134747784351930e+05 1.662087489460827783e+05 1.970662956516027916e+05 2.223008465569000691e+05 2.132662213611183688e+05 2.123507714533479884e+05 1.630007922201184556e+05 1.403880803374345414e+05 1.666472391763818450e+05 1.592058155726408586e+05 1.552311711461516097e+05 1.482335181636153720e+05 1.255927094025542028e+05 4.698823424667306244e+04 1.713650809397222474e+04 1.102720676863100380e+03 -1.165178247133735567e+05 -2.523434178519523703e+05 -4.323900777677777223e+05 -6.863108588126502000e+05 -1.104286266245760955e+06 -1.651551064684754703e+06 -2.170492482766856439e+06 -2.547355099257844035e+06 -2.543131533322459087e+06 -2.040638660874102265e+06 -1.230909389651204459e+06 -4.153129549036398530e+05 1.581660458727870136e+05 4.866826369185592048e+05 6.183819962898264639e+05 5.483133246473139152e+05 4.054369270100146532e+05 2.938043020686027594e+05 2.171904478667411022e+05 8.335669485066272318e+04 -3.686275449872948229e+03 5.312276169453980401e+04 5.929284925630781800e+04 1.538748842722736299e+03 -3.698870408494397998e+04
2.198066609725354938e+05 1.871943320031276671e+05 1.683729092811698793e+05 1.723321028656209819e+05 1.759401594888186082e+05 1.729063114375458099e+05 1.673457437998148962e+05 1.640862228552579181e+05 1.651635032956256764e+05 1.276690871163736447e+05 9.055396915384335443e+04 1.173447579835192300e+05 1.084434410536777868e+05 7.339321968494913017e+04 9.337570606963706086e+04 7.113354893546778476e+04 -4.867633759858937992e+03 -1.170637918286956847e+04 1.903387712693073991e+04 -2.128764059976673161e+04 -7.746531658282023272e+04 -8.742684071155957645e+04 -8.199147216044380912e+04 -6.242947316903158207e+04 -4.318228521151468158e+04 -7.703691071103073773e+04 -5.150769599858878064e+04 3.669794856279628584e+04 6.063071110896996106e+04 5.571401762979800696e+04 -9.222756760078415391e+04 -4.746544027025839314e+05 -7.831345363470637240e+05 -7.269574068955263356e+05 -3.602481449485628400e+05 4.857681070425244980e+04 2.843643796240214724e+05 4.116735761423486983e+05 4.436821943445829675e+05 4.088965613435710547e+05 4.359227946447219001e+05 4.258279176199004869e+05 3.486256867996407673e+05 3.149616840912500629e+05 2.964274720623514149e+05 2.871080371481358306e+05 2.278365760995072778e+05 7.340531468216917710e+04 -9.509460569766908884e+04
1.109088585409331135e+05 7.990872045047581196e+03 -4.623097707080887631e+04 -4.325064607313834131e+04 -7.568011779803782701e+04 -7.895255391020374373e+04 -1.513681482727406546e+04 -5.494559215032542124e+04 -1.253438335037212819e+05 -1.291541442761081271e+05 -1.668588850772357546e+05 -2.098295600930575747e+05 -2.896438950655283406e+05 -3.603977671975733247e+05 -4.450769684198892210e+05 -5.722745974856665125e+05 -6.474948567905816017e+05 -8.285041425770029891e+05 -9.713752975044186460e+05 -9.733518956566690467e+05 -1.096134278793177102e+06 -1.242698732844728045e+06 -1.336412002655563643e+06 -1.623135872515557334e+06 -2.396850439611299895e+06 -3.600974629606639966e+06 -4.039743639967344701e+06 -2.714217298958396539e+06 -5.670911369405835867e+05 1.255370913257358596e+06 2.815736695662485436e+06 4.129763375476189889e+06 4.859593128241557628e+06 4.689569426963280886e+06 3.708670159467433579e+06 2.538217976620364003e+06 1.575771677815644071e+06 9.175315960269672796e+05 4.380691091599883512e+05 -1.074675817898237146e+05 -9.659493437231937423e+05 -1.724690421448613983e+06 -1.458995138206514996e+06 -5.704231850150949322e+05 6.091569458338012919e+04 3.252850805039624684e+05 3.350679342413789127e+05 3.536562620117892511e+05 4.606844397608013824e+05
-1.486882508255073335e+05 -3.731526220450177789e+04 -1.975418124202382751e+04 -8.803825516457413323e+04 -8.496330696565564722e+04 -1.589378514984855428e+05 -2.728605478417009581e+05 -3.132219425216319505e+05 -4.197946626160412561e+05 -4.944459521301903296e+05 -5.310876003123124829e+05 -6.082551185501508880e+05 -6.872542436848741490e+05 -6.856633485105701257e+05 -6.268191940151152667e+05 -6.818824887144734384e+05 -8.971246058447287651e+05 -1.183310343124612235e+06 -1.606729023511579027e+06 -2.203172390985709149e+06 -2.635181813934755977e+06 -2.700998664792567492e+06 -2.397161538788645528e+06 -1.624793835574819706e+06 -1.642254450268195942e+05 1.786371724182676524e+06 2.916193326344071887e+06 2.436113758527793922e+06 1.337727772333311848e+06 6.668782933236788958e+05 4.459448339106161147e+05 4.382793376690838486e+05 5.711647063036812469e+05 6.919489754669484682e+05 7.478180671346485615e+05 8.125956451689121313e+05 8.758904143745889887e+05 9.679005515738406684e+05 1.066733338215562515e+06 1.337877646990524372e+06 1.977989643461485393e+06 2.545763218631621450e+06 2.226609005801722873e+06 1.133150835609409492e+06 2.971042771483217366e+05 1.642106367828091606e+04 -1.089913710905248299e+05 -2.248934377371906303e+05 -3.205258125925268978e+05
-1.065328277619846398e+06 -8.775494698932743631e+05 -6.040574729783113580e+05 -2.738611168949864805e+05 -1.640619741607224569e+04 1.630728545272722840e+05 2.290391583237212617e+05 2.246464060153809842e+05 2.613285941423964687e+05 2.938664147094823420e+05 2.210174047935288399e+05 3.565719042380829342e+04 -1.159963044626053888e+05 -2.935839078572459985e+05 -5.559718734872874338e+05 -6.819391642228586134e+05 -6.477846419546408579e+05 -4.376999307909864001e+05 5.709346433810424060e+04 7.271842933850712143e+05 1.306310280684553552e+06 1.573719504881591536e+06 1.504206535584237892e+06 1.274836079590022564e+06 9.724166205670905765e+05 7.213640258371016243e+05 6.075658710842250148e+05 4.193611375321059022e+05 2.313759351821499877e+05 1.527385249297367409e+05 7.379441534634679556e+04 1.448994271340314299e+03 -1.400211090064840391e+05 -2.233178408088861033e+05 -2.318452507941401564e+05 -3.715305875145709142e+05 -4.424894309439691715e+05 -4.485958051169299288e+05 -5.870416916135577485e+05 -7.224209432414480252e+05 -8.300239152892048005e+05 -1.010848908401386230e+06 -1.121735064965611557e+06 -1.084778741359479260e+06 -9.920720276332597714e+05 -8.577612984366689343e+05 -6.711687141514271498e+05 -4.708592166731255129e+05 -2.838073976486250758e+05
1.608937471922835801e+06 1.361892045807908289e+06 9.829872950990102254e+05 6.242523861958759371e+05 4.465671776598901488e+05 2.275649098833674798e+05 7.569978525862097740e+04 3.427088560420088470e+04 -1.102891728942630580e+05 -3.308335026196435792e+05 -5.841064287381602917e+05 -8.415481444494801108e+05 -8.846364830993112409e+05 -5.581099986459591892e+05 -6.654840202041668817e+04 3.797649038801324787e+05 7.335847317270237254e+05 8.327709473439605208e+05 7.894770565535870846e+05 7.480749727788495366e+05 6.188375473915943876e+05 4.631217997716153041e+05 2.906430922661097720e+05 -1.490409437604816630e+05 -1.837336194554523565e+06 -3.469347821143453009e+06 -2.538712633808603045e+06 -7.634687669033894781e+05 -9.825909785373369232e+04 3.478141993604367599e+04 1.326657322398382239e+05 2.015983491417136975e+05 2.338757709474889562e+05 2.187207574874632992e+05 1.379715671404846944e+05 1.707760535276609007e+05 1.675932223623380996e+05 8.917761340184393339e+04 1.226395760962620843e+05 1.588690432233847678e+05 2.219207870558614377e+05 4.193867795105320401e+05 5.816122069803515915e+05 6.479638218693451490e+05 6.668838847507153405e+05 5.549256940945619717e+05 4.622559070485303528e+05 4.552897632971861167e+05 4.359848854702342069e+05
-6.307263096416159533e+04 -1.642733641542145051e+05 -2.523453169790448155e+05 -2.475388480789840687e+05 -2.061796367680653930e+05 -1.698200069804445375e+05 -1.027447780774671119e+05 -3.410326978890225291e+04 1.483255874269525521e+05 4.709880323460672516e+05 8.314231587655383628e+05 1.113098452122649644e+06 1.246071005775301717e+06 1.098949282403045334e+06 6.857826247258342337e+05 3.384931644724564394e+05 4.569683635229046922e+04 -2.484934725583296968e+05 -4.323003971093564760e+05 -6.131765185267429333e+05 -7.738161132039371878e+05 -8.889551354359718971e+05 -9.135897863414736930e+05 -4.930485170768238604e+05 1.165386687791329110e+06 2.831910615560479462e+06 2.179049078559905291e+06 6.356322967034077737e+05 1.891293727239849977e+04 -9.661331238952674903e+04 -1.388475188807933591e+05 -1.737585922484872863e+05 -1.744185576500608586e+05 -2.226914923379078973e+05 -3.015325159611529671e+05 -4.423312451146191452e+05 -7.946585194842198398e+05 -1.607004999756466597e+06 -2.269206469724302646e+06 -1.698721336292505497e+06 -4.032578955034792889e+05 4.622004703391562216e+05 6.600746565309218131e+05 5.863749935154926497e+05 5.368846029997812584e+05 4.251584426540636923e+05 2.633676940927397227e+05 1.902400031391876983e+05 1.748591036049728282e+05
1.103770513305788627e+05 2.295701081983860349e+05 2.878969828630214324e+05 2.549972765523124253e+05 2.954326614155434072e+05 3.311727359751239419e+05 2.872666837621362647e+05 3.547125705948568648e+05 3.542784101777946344e+05 2.400548775299102417e+05 2.026010245337967062e+05 1.604430030199001776e+05 7.832015587220661109e+04 5.329514500917866826e+03 -1.175321584046468488e+05 -3.196887444995812839e+05 -5.397406077315100702e+05 -7.253999814423148055e+05 -9.087577561737267533e+05 -1.051804849772306392e+06 -8.491855985412251903e+05 -3.148269806051382329e+05 2.713618704059633892e+05 7.641545522725197952e+05 1.031392693553061574e+06 1.096092067934805062e+06 9.450359299339461140e+05 5.404237766066226177e+05 -2.941875191722621676e+05 -1.835563872288333718e+06 -3.329434639484385028e+06 -3.278035698082822841e+06 -1.843891390339424834e+06 -5.375454989544246346e+05 2.330251683009574190e+05 7.588768513733511791e+05 1.314851357161825523e+06 2.319403942383655813e+06 3.081390475264050532e+06 2.546754189862979110e+06 1.306093371018356876e+06 3.817958364545518416e+05 2.089501356764219236e+04 1.941468469420250040e+04 7.668476783438120037e+03 -3.233743501361447852e+04 -1.799260901287198067e+04 -5.379329414135939442e+04 -1.365073157855640166e+05
5.081324951082929038e+05 4.071562298934441060e+05 3.180836149642709643e+05 2.837806016491958871e+05 2.495368922609486617e+05 -1.221505260255071335e+05 -1.647135117848519702e+06 -2.651130131291575730e+06 -1.317589042604671093e+06 -6.270377708919110592e+04 -9.896162347635289188e+04 -1.354939060431496007e+06 -3.235746737979351077e+06 -3.076765523543579970e+06 -1.276675255976151209e+06 -2.620026592945205048e+05 1.039476011908836663e+05 5.730579509801464155e+05 1.039466751263243612e+06 1.433189835179654416e+06 1.517650502086323220e+06 1.173832727036495227e+06 6.343320499462438747e+05 -6.356231559096858837e+04 -7.652226816487393808e+05 -1.196132313225242775e+06 -1.372182105932151899e+06 -1.085223354864867404e+06 -8.934199550363933668e+04 1.686236384756925050e+06 3.455273143802183680e+06 3.656330377186243422e+06 2.431209264058574568e+06 1.271308130237158388e+06 6.545499414447105955e+05 3.676865494539379142e+05 2.935909633562550880e+05 1.794908145087542944e+05 3.718093420291552320e+04 4.075015239766798913e+04 3.904564978433772922e+02 -1.501631805143542588e+05 -2.650579657225161791e+05 -3.012379679060550407e+05 -3.802413415943738073e+05 -5.586852188859465532e+05 -6.819108201444046572e+05 -7.463650996726916637e+05 -8.224788321286742575e+05
1.717203520404291339e+05 1.456838256012997590e+05 9.465343355172080919e+04 6.145917400863260264e+04 1.025255544486572035e+05 4.353997518168759998e+05 1.907912037640343886e+06 2.787999343500124291e+06 3.063096175724104978e+05 -3.727565465288060717e+06 -4.976363041508303955e+06 -1.685029835515022278e+06 2.108716764250129461e+06 2.361953293483237736e+06 7.974727744175466942e+05 3.603904306946613360e+03 -1.450033146067288762e+05 -2.599964543251552386e+05 -3.005505811684996588e+05 -3.732197415732661029e+05 -4.984327959196517477e+05 -4.342596190678881248e+05 -2.778204290079891216e+05 -6.728128463786630891e+04 3.866676638435465284e+05 8.519240418699326692e+05 1.062740748417563504e+06 1.124129029820034979e+06 1.071800361424102448e+06 8.768029925087459851e+05 6.885319605944096111e+05 5.100275945186147001e+05 3.642935030438837130e+05 2.780688516682132613e+05 1.968465702186222188e+05 1.237290811917046085e+05 1.210936837815097533e+05 7.796796669164905325e+04 -2.935895293368957937e+04 -2.518908199708675966e+04 -1.010557047498892061e+05 -2.522126335275243036e+05 -4.026129526030845009e+05 -7.925628195624486543e+05 -1.293430405530962627e+06 -1.434129024689605692e+06 -9.904898251368999481e+05 -4.165664187798418570e+05 4.321449072165181860e+03
-5.027310530483373441e+05 -3.787404130373033695e+05 -3.170277632455690764e+05 -3.492365032137604430e+05 -4.182089097527205013e+05 -4.537552734106427524e+05 -4.217362981953192502e+05 -3.142373417370254174e+05 7.233639371674491558e+05 3.418192558450390585e+06 4.668973687904364429e+06 2.549353960918092635e+06 5.773686401432491839e+05 1.692146193841472268e+05 8.062144499708665535e+04 -1.410983763751573861e+04 -1.274465926198172383e+05 -2.442842821910739876e+05 -5.437361334360316396e+05 -1.057547165379801299e+06 -1.804836955762289464e+06 -2.614820520214853343e+06 -2.632021583863538690e+06 -1.532495169130273163e+06 -3.025882560029255692e+05 4.233540425781381782e+05 7.473198856122328434e+05 7.752990674145998200e+05 6.513679753965698183e+05 5.283196251449404517e+05 4.492008428409463377e+05 3.076905450513000833e+05 1.619596785365146352e+05 1.117856260784901679e+05 3.073465466964956431e+04 -1.139742785465201596e+05 -1.875234915240434348e+05 -2.655907920238683000e+05 -3.365502097865099786e+05 -3.311831393319871277e+05 -3.708353234725664952e+05 -2.731014770607015816e+05 1.759663440170697868e+03 4.593971159463435761e+05 1.121477487081718864e+06 1.503583107258014381e+06 1.303706011679605581e+06 8.497502472574720159e+05 4.218089418616574258e+05
-3.222925184440077282e+04 1.869868065026821569e+04 4.336419129831483588e+04 4.670411031809635460e+04 1.274905803351430222e+04 -2.491013212187681347e+04 -6.995238814619369805e+04 -2.262001388432695530e+05 -3.390809056235596072e+05 -4.173805208486736519e+05 -6.398050190188230481e+05 -9.025576803454898763e+05 -1.130968053460237104e+06 -1.349365203776105307e+06 -1.467503784126310609e+06 -1.404685232340126298e+06 -1.175495572921064217e+06 -8.040948843953083269e+05 -1.767602739919670857e+05 7.824602763124858029e+05 1.975476605437865015e+06 3.129491648109979928e+06 3.418092491403228603e+06 2.554740860684834886e+06 1.393408837997701252e+06 5.440432606817930937e+05 3.062390122766327113e+04 -2.648901743686296977e+05 -4.573236432808330283e+05 -6.127278917073272169e+05 -8.313063498836699873e+05 -1.003039485493793269e+06 -1.070819020251514390e+06 -1.151459067724062363e+06 -1.047175618350446690e+06 -8.636382997297913535e+05 -7.185269688093097648e+05 -4.718665950302972924e+05 -2.197782116342571098e+05 7.129670983587834053e+04 3.153468330472253729e+05 4.107443077076463960e+05 5.413162193525916664e+05 6.074327872495639604e+05 5.265886917721957434e+05 4.863376161252367310e+05 4.658204840630065883e+05 4.746401157308700494e+05 5.448247056503801141e+05
-6.884751091280484106e+05 -5.592576531472151401e+05 -4.568156590513534611e+05 -4.144951715052592335e+05 -4.095583788451040164e+05 -4.455131939856801182e+05 -4.137063516155467369e+05 -2.678744914976414293e+05 -2.295522720200824551e+05 -1.946532812548684888e+05 3.304649345576786436e+04 2.185409045708368067e+05 3.979801167480761651e+05 6.593945670049284818e+05 7.944152918303732295e+05 8.852669104401144432e+05 8.819095438811935019e+05 7.613910013399433810e+05 6.786005241234668065e+05 5.278563350412875880e+05 3.615581128513438161e+05 3.119645721814595163e+05 2.464600464620164130e+05 9.227113131084502675e+04 4.153324215437751263e+02 -7.751120587432500906e+04 -2.599519772655917332e+05 -6.642029356403521961e+05 -1.368104534680021461e+06 -1.630949716022877255e+06 -8.962049950571985682e+05 1.361885216835112078e+05 7.908817693984040525e+05 1.028208085454243235e+06 1.014695192564103636e+06 9.725378432951397263e+05 8.938524497600148898e+05 7.382925980354787316e+05 6.267167516311747022e+05 4.497344966026125476e+05 -4.195787231429200619e+05 -2.294679328769264743e+06 -3.014324785218624398e+06 -1.537474230871005449e+06 -4.616968522293622373e+05 -3.900296836064069066e+05 -2.999796889114077203e+05 -2.843580241489673499e+05 -3.495466393907507882e+05
-5.746978055307385512e+04 -2.486705894407466985e+03 6.273512206476880237e+04 2.803881190542597324e+04 -1.204386775605962612e+05 -1.958668190217576921e+05 -2.033078151222434244e+05 -3.237628661631610012e+05 -5.140943590080133872e+05 -6.307723412517223042e+05 -7.411193779978207313e+05 -8.918581089598594699e+05 -1.046516907737822738e+06 -1.079299972777079791e+06 -1.048229166015516734e+06 -1.022147356908536516e+06 -8.279182134507577866e+05 -5.280179824013612233e+05 -3.049278098324430175e+05 -1.144673522593802772e+05 5.863476724218297750e+04 1.970903838932286017e+05 3.550517085578762926e+05 3.861598391726147383e+05 3.668052167136920616e+05 5.078536435190467164e+05 7.638676343474076129e+05 1.197904090964004630e+06 1.875773873411524342e+06 2.219499207738262136e+06 1.585818730096509214e+06 6.375206389976644423e+05 1.250983817214739975e+05 -1.430083663668478839e+05 -2.962460210180140566e+05 -3.324278472957665799e+05 -3.693489845789736137e+05 -4.475071133699392667e+05 -4.822344903976771748e+05 -5.109239559696274810e+05 1.323984430191982829e+05 1.953809042400091887e+06 2.620683967299112119e+06 1.103371822248438373e+06 -1.566843689331971109e+04 -1.593462903948961757e+05 -2.473864520815555006e+05 -2.299061162138241343e+05 -1.500687860921546817e+05
-2.468743708945089020e+04 -4.539804640779015608e+04 -9.435628373001213185e+04 -1.296939225165985990e+05 -1.646905391296604648e+05 -2.407031542886397801e+05 -2.486611899785927963e+05 -2.939586610672997776e+05 -3.716190681356239365e+05 -4.136165634851203067e+05 -4.875737806508552749e+05 -4.884254375536697335e+05 -5.697839628226936329e+05 -7.568515708774791565e+05 -8.414669802208660403e+05 -8.544906881390493363e+05 -8.866151152001116425e+05 -9.244850786513411440e+05 -7.746094907465155702e+05 -5.056445011813775636e+05 -3.290200350011582486e+05 -1.132103824467044324e+05 4.778796905156923458e+04 1.187754885974572971e+05 2.125191136257490143e+05 2.440319548072875477e+05 2.821716973764705472e+05 2.801575504956422374e+05 2.671691168614779599e+05 2.524306478167998139e+05 1.759084374044325668e+05 1.471846990755877923e+05 1.470829275099099614e+05 1.695123741426505148e+05 1.962426082888850942e+05 1.573785136095832568e+05 1.901043368119283114e+05 3.624147657712460496e+05 4.323846580879763933e+05 4.353958474684611429e+05 4.999026092625001911e+05 5.238845564523955109e+05 5.481443051248773700e+05 5.424527980919816764e+05 5.361507007555344608e+05 5.333772393647800200e+05 5.138884428431637352e+05 6.016571707688823808e+05 7.528888025655644014e+05
-3.393757311539957300e+04 -5.333784311515046284e+04 -1.396823103254425805e+05 -2.130061504570766119e+05 -1.711580879226676188e+05 -1.703327416622777237e+05 -2.161588247143662302e+05 -1.850383244670229033e+05 -1.483717307966436492e+05 -1.525689695577602251e+05 -1.127611369756050408e+05 -3.798428421345312381e+04 -4.479464699368685251e+04 -1.584300712178809918e+05 -6.621273233398094308e+05 -2.566970488202354871e+06 -3.878252358469765168e+06 -1.978692558695037849e+06 3.645469428476644680e+05 9.682413329856353812e+05 7.630633018989451230e+05 4.119784138840609230e+05 2.337854597653499804e+05 1.927006213195272721e+05 1.745981547955307178e+05 2.061437951761758886e+05 2.452657815595734864e+05 2.439189965202244930e+05 3.419198829174267594e+05 4.738888776209205389e+05 5.434692879507199395e+05 6.235026539335390553e+05 6.577730572852330515e+05 6.777726606582287932e+05 6.657144055454405025e+05 6.608950358902798034e+05 6.917825689312299946e+05 6.445659325350436848e+05 5.684214479190995917e+05 4.992109243493163958e+05 4.554655092931359541e+05 3.719787573732915334e+05 3.253722919165729545e+05 3.567331108840887900e+05 2.451419717422700487e+05 1.723757835914143361e+05 1.910022424010098912e+05 6.768905131321074441e+04 -1.355391182197481394e+05
1.697037809254833846e+05 -5.317890009610564448e+02 -2.781830701237776084e+05 -8.926062503858702257e+05 -2.741699526073643938e+06 -5.744754243048953824e+06 -6.736175211042279378e+06 -4.364218416706715710e+06 -1.608988350533185527e+06 -2.160941494046710432e+05 4.447110524895843118e+05 9.437668031395897269e+05 1.546675713967995718e+06 2.074880127717331052e+06 2.888715488171146251e+06 5.054385821836482733e+06 6.395247039907848462e+06 4.285117883490455337e+06 1.580914153543707682e+06 6.712752569894653279e+05 5.043862289591920562e+05 4.162213588759182021e+05 3.497541731913229451e+05 3.455558320044653956e+05 3.262961737427392509e+05 2.447902792054810561e+05 2.098271413141628727e+05 2.097182354642432183e+05 1.605145367240766063e+05 1.082925016497028992e+05 1.445046567934327759e+05 1.185577425832152367e+05 4.598256544326478615e+04 7.024828752851998433e+04 6.191569915390573442e+04 -1.270556917966995388e+04 -1.469338248978555202e+04 1.456654660694766790e+04 -2.244624981685774401e+04 -5.217482529376866296e+04 -9.365179524204088375e+04 -1.750115720866597258e+05 -3.640517562601589598e+05 -1.817426585415392881e+06 -4.854275100224761292e+06 -5.486592124596630223e+06 -2.443450266964196693e+06 -2.397430651116920635e+05 2.853237621037997305e+05
8.990553464085684391e+05 -1.366778304341424257e+06 -6.065298417520239949e+06 -8.377534171899895184e+06 -2.154493464456172660e+06 4.707673868005801924e+06 6.082149619976114482e+06 3.859497886883907951e+06 1.416815167707393412e+06 4.453123218548714649e+05 6.137751393543992890e+04 -1.694624214622307336e+05 -2.514028704413794330e+05 -2.883772459876489593e+05 -3.362175243269301718e+05 -3.105300093063852983e+05 -2.289120174883283908e+05 -1.173665149282896891e+05 3.064401656854897738e+04 2.242911742301656632e+05 3.639956905617138837e+05 3.901004547689806204e+05 4.747787022092970437e+05 5.477700917076434707e+05 5.276212457159997430e+05 5.193926732131510507e+05 4.470236784894946031e+05 4.097214405823622947e+05 3.970280009999987669e+05 3.054591424341195961e+05 2.674788985846678261e+05 2.422365852122313809e+05 1.691609410659305286e+05 -2.886362302757287398e+04 -8.126621299612477887e+05 -2.875221349240156822e+06 -4.485169538189074025e+06 -3.330435380233981647e+06 -1.292231590533049311e+06 -4.348578150942912325e+05 -1.825794715117076412e+05 2.730729311529919505e+04 3.091996664978787303e+05 1.789917465054036584e+06 4.862646365804823115e+06 5.496745534882342443e+06 2.454304269095870201e+06 3.367024414209325332e+05 -7.920034325245581567e+04
-1.806333630800070241e+06 4.349948209468871355e+05 5.243667678012857214e+06 8.191415360627869144e+06 3.955718249120400287e+06 1.505227086704691465e+05 -1.670644018365418888e+05 -1.740791562566301727e+05 -2.144559560352354310e+05 -2.566093053377697943e+05 -2.919728598897929769e+05 -2.520631870790387038e+05 -1.409346751970588230e+05 -6.314508455077884719e+04 4.176352436770685017e+04 1.431821253625095123e+05 2.232635375479002832e+05 2.947764796513364417e+05 2.885095340205588145e+05 2.530027739430078364e+05 2.412009237363232533e+05 1.920745507336684968e+05 8.874223638209531782e+04 -2.460522274574010225e+04 -1.548255257977874135e+05 -3.102119484450663440e+05 -4.529157667080290848e+05 -6.344565626242558938e+05 -8.285363436816253234e+05 -9.882073833252069307e+05 -1.130127633291994222e+06 -1.221184650999204954e+06 -1.137265998957450967e+06 -8.090303218716876581e+05 1.116845746195786633e+05 2.324253795612887479e+06 4.080601640683598816e+06 3.096244522568018641e+06 1.167944980621689698e+06 2.878984712896626443e+05 9.759007384156552143e+04 5.180963587772636674e+04 -2.918539756588870659e+04 -1.063122376549297478e+05 -1.765443410753502976e+05 -1.734010933979875408e+05 -1.890275695695900358e+05 -3.409769070328888483e+05 -5.354374806542093866e+05
-1.189716401840851642e+06 -1.203209146298177540e+06 -1.327965959830615669e+06 -1.484036718590649776e+06 -1.560634611746063456e+06 -1.794319984074390959e+06 -2.152617452841367573e+06 -2.587076814789035823e+06 -3.169543537847058382e+06 -3.476314671616708860e+06 -2.994079060750665143e+06 -1.851888843406924978e+06 -7.203624101533200592e+05 -1.700303877849411219e+04 3.237308086757548153e+05 4.285404091319646686e+05 3.182035890239067376e+05 1.222656497114803642e+05 -3.522500679275300354e+04 -1.435385109222261235e+05 -1.504139413899984211e+05 -1.196408036863431334e+05 -3.032768675417173654e+04 1.249520374741405249e+05 1.841648582863844931e+05 2.535507268307264894e+05 4.104138287514792755e+05 5.632115895708561875e+05 7.750638774133403786e+05 9.801948006605375558e+05 1.051039648136647418e+06 1.096520467912780587e+06 1.092747676917938050e+06 8.884712225457772147e+05 6.151416656322535127e+05 4.622941440541762859e+05 3.836188963582385913e+05 2.259806245876829489e+05 7.632985203003062634e+04 8.292738579621049576e+04 4.021691910136659862e+04 -5.754812399973510765e+03 5.983358258992651827e+04 5.486436175066026044e+04 9.353817404829847510e+04 2.049872391376987798e+05 2.961331372056166292e+05 3.978591069023222080e+05 4.943847429923982127e+05
-1.842938413941009436e+06 -1.850772970581020229e+06 -1.772754349290043581e+06 -1.529426980254356284e+06 -1.246340885290991981e+06 -1.004092731392301619e+06 -6.537759661625018343e+05 -1.484832123733935878e+05 3.206100130296545103e+05 5.132853572917524725e+05 2.830936435871990398e+05 -1.417789396425355226e+05 -2.989583844758458436e+05 -1.406636184483068064e+05 1.230790679465280846e+05 4.220661639139875770e+05 6.972437646854096092e+05 8.456333108368562534e+05 8.759050633362489752e+05 8.389448757181521505e+05 6.734705821226802655e+05 5.077035139821232297e+05 3.643498127607754432e+05 1.369383631725220475e+05 5.512645602575503290e+03 7.785389578202739358e+01 -2.994524886482418515e+04 -1.376912475813881028e+05 -1.844101057032821700e+05 -8.584658889623801224e+04 -7.425901618553092703e+03 -2.905014797172066756e+04 -2.586013616324681789e+04 3.713519606040790677e+04 6.606335829594172537e+04 1.018078257192971651e+05 1.732384813835958485e+05 2.011625322391048539e+05 1.989659050852060318e+05 2.418895600581886247e+05 2.715130433253946248e+05 2.978373478280266281e+05 2.889240115720888134e+05 2.456471291364872595e+05 3.207781851117032347e+05 3.222976215634836117e+05 2.669304004666634719e+05 3.700490018408137839e+05 5.415112441746089607e+05
8.239501460434978362e+05 8.160004467304681893e+05 8.139833049909793772e+05 7.393410312882040162e+05 5.464090527684311382e+05 -2.787433859226873610e+06 -6.829023741510752589e+06 -4.113451902921655681e+06 8.743478111349381506e+05 2.553121807916612364e+06 2.744706979035691358e+06 2.504839459490614943e+06 1.908873298843390774e+06 1.279753228015615372e+06 8.385010467976094224e+05 4.372238482846294064e+05 2.867771867889680434e+05 3.212099178612696705e+05 2.766801830736220581e+05 2.810537396772996290e+05 3.874530277089789743e+05 4.147397409880064661e+05 3.857370591885417234e+05 4.256822858183292556e+05 3.308231166019679513e+05 2.087809504137838958e+05 1.021969820102089434e+05 -1.576380650748618355e+05 -3.932602963101812056e+05 -7.085794066576643381e+05 -9.651435635882075876e+05 -8.673805147121313494e+05 -6.330759991795672104e+05 -3.409281656527314335e+05 -4.747166846151184291e+04 1.760943016959931701e+05 3.222764060081681237e+05 3.865718034398749005e+05 4.204589242121437564e+05 4.258230838720907923e+05 4.544012187933560344e+05 4.805670937339899829e+05 4.346239390855759266e+05 3.167997128076967201e+05 2.839701368028182769e+05 2.867708702513474273e+05 2.314541670467589865e+05 2.651607704439067165e+05 3.685830633496465161e+05
-3.046571836616202258e+06 -3.208331684326695278e+06 -3.322692752941802144e+06 -3.034158492691931315e+06 -2.154323476635035127e+06 2.137101899968108162e+06 7.114825987978254445e+06 5.251078630529223941e+06 1.197581936505451333e+06 2.503029950745985261e+05 2.133683896626462520e+05 1.372099567920669797e+05 1.329583415994420066e+05 1.320329855696763261e+05 4.417634222016202693e+04 -4.370785682374854514e+04 -1.531267371150897234e+05 -2.717247503480756423e+05 -3.909526250368797337e+05 -6.142087776068362873e+05 -9.255797572684225161e+05 -1.121830514951725490e+06 -1.180386021439046366e+06 -1.092066781226021471e+06 -7.575535687999208458e+05 -3.386278055681036785e+05 9.137593418156169355e+04 5.155863130296356976e+05 9.203546927357078530e+05 1.315151047163235489e+06 1.500044331892277114e+06 1.395695191069973400e+06 1.165866845328424126e+06 8.479600862172088819e+05 4.982196636794825899e+05 1.586112036067066947e+05 -1.053798580047443975e+05 -2.618421684205536731e+05 -4.100778729983717203e+05 -4.741558839278864907e+05 -5.144527090992791927e+05 -5.567307264579003677e+05 -5.598945457767680055e+05 -4.519830762597845751e+05 -2.958846178307441296e+05 -2.532013342273414601e+05 -1.598911404621314723e+05 -1.389195381867536344e+04 9.156235472153546289e+04
-1.362597507001773454e+06 -8.158415246187360026e+05 -1.454299314890524838e+05 4.900989165710053057e+05 7.300257605206570588e+05 6.129401595002855174e+05 3.293719142524059280e+05 -1.904816024814507109e+05 -1.136648450886713574e+06 -2.315440137522818055e+06 -2.932736541444902774e+06 -2.448191999274133705e+06 -1.422668999836314004e+06 -6.726415575883584097e+05 -3.252626607709685341e+05 -1.356973462202576920e+05 6.856266198679711670e+04 2.611879117382345721e+05 3.731559197700703517e+05 5.719326688049472868e+05 8.723377124918601476e+05 1.167224422071885783e+06 1.326621218021321576e+06 1.248045528077055002e+06 1.033819276570573915e+06 7.169592639961056411e+05 4.171176765940611949e+05 1.935731083824071102e+05 6.961626765492837876e+04 5.346810885035654064e+04 1.961074277904140763e+04 -3.799148100544721819e+04 -7.126393418380792718e+04 -6.799644159910152666e+03 6.062471453915350139e+04 5.982406681840086821e+04 9.499475650110992137e+04 1.608052223324195947e+05 2.703407865329058841e+05 3.512612239681757055e+05 3.062707309806138510e+05 2.964780681769481744e+05 2.889934163255376043e+05 2.082406839414034330e+05 2.141021191971958906e+05 2.178877466660918144e+05 1.624103291332722292e+05 1.614156694343538838e+05 1.941913270630144980e+05
-1.415770018393523060e+06 -2.051748462312971242e+06 -2.246736153035598807e+06 -1.487115784502529539e+06 -5.305765562414308079e+05 -5.096576994779706001e+04 2.212110584479523823e+05 5.700095075272843242e+05 1.275224634334735572e+06 2.329967571916931309e+06 2.955060397147609852e+06 2.440193734639617614e+06 1.371568743916286156e+06 5.829787076692443807e+05 1.805218845873605460e+05 -2.412069094396429136e+04 -5.587785631796577945e+04 -5.866121097584255040e+04 -1.796689242954016663e+05 -2.500021946217747172e+05 -2.539252126408970216e+05 -2.615666108505682787e+05 -3.260282019412267255e+05 -4.333717290588534670e+05 -5.234577057068236172e+05 -6.028425093003894435e+05 -6.656777698322548531e+05 -7.300252910811117617e+05 -7.337694472356813494e+05 -7.070215474246649537e+05 -6.218443204017239623e+05 -4.095337483941689134e+05 -2.508633051096706185e+05 -7.147705282666767016e+04 1.097333186611649580e+05 1.839574428769992664e+05 3.309827193172536790e+05 4.330957527694418095e+05 4.292552527424411383e+05 4.721787880986800883e+05 5.376341064804013586e+05 5.271521974288054043e+05 4.447855079971474479e+05 3.626131439823078690e+05 2.954711037283421610e+05 2.624393011050408240e+05 1.692905505382800184e+05 -1.407480862951906602e+04 -1.994270626510834263e+05
3.967499607531061862e+06 4.594407388916297816e+06 4.631442271160484292e+06 3.326378964157483075e+06 1.744486521908256691e+06 9.134632381415576674e+05 3.907391383417411707e+05 6.509766046598134562e+04 -5.848160881927516311e+04 -1.821734667947744019e+05 -3.379481347193359397e+05 -4.914732107357122004e+05 -6.896279770336695947e+05 -1.002993043714377331e+06 -1.517290539101522183e+06 -2.182882017623635009e+06 -2.516393781510124914e+06 -2.039553643110556761e+06 -1.176960793355537811e+06 -5.798730510225868784e+05 -2.693530966018447652e+05 -8.185485364199848846e+04 8.499939918343489990e+04 1.697882249770923518e+05 1.926036792554077692e+05 3.397411519318111241e+05 5.785090696089901030e+05 6.986448765234686434e+05 6.869198942804359831e+05 7.050303514357071836e+05 7.442432569380615605e+05 6.458660424707343336e+05 4.577880801784360665e+05 3.691300454424343188e+05 2.842207160266111605e+05 9.454427446500680526e+04 -2.029081614338795771e+04 -6.586194937903212849e+04 -2.161559304714313475e+05 -3.186215522451667348e+05 -3.601503779651839286e+05 -5.138289562045248458e+05 -5.901639055958350655e+05 -5.186274739375226200e+05 -4.323041976086110808e+05 -2.399180771800449584e+05 2.105511579441372305e+02 1.492972634406748693e+05 2.595428107690494508e+05
-1.397443446505349129e+04 -1.651200834370683879e+04 -1.342865142968364526e+05 -4.473799031815725029e+05 -9.581221073400229216e+05 -1.626983054891461041e+06 -2.143620605164905079e+06 -2.105459103626199998e+06 -1.430639599855932873e+06 -6.784940445813117549e+05 -1.982863142981654964e+05 2.028324770016474649e+05 4.776612118488987908e+05 7.509068633025162853e+05 1.250109184901520610e+06 1.747973352532136720e+06 1.711195271878388710e+06 8.442792730106154922e+05 -4.090966833566196728e+05 -1.254637313729908317e+06 -1.367867134823462227e+06 -1.058539435555284377e+06 -5.773809222946884111e+05 -1.028366044836007059e+05 1.913722226710524410e+05 3.773205588728883304e+05 4.630947797140101902e+05 5.074370457665654831e+05 4.972624229182838462e+05 4.404118016103166156e+05 4.813051802304103039e+05 4.605626144216514658e+05 3.493101212286290247e+05 2.992079222187747946e+05 2.899390155650324887e+05 2.882261518371523125e+05 2.101178957143560983e+05 1.254266759788154159e+05 1.607199801798557746e+05 1.684057255409420468e+05 8.666438910789997317e+04 7.893700039159716107e+04 1.110655741847582394e+05 6.757612437591870548e+04 1.139372417598491593e+05 1.564757813361934386e+05 6.290489584673161153e+04 2.795300171070227225e+04 6.545902188343391754e+04
-4.560203903683563694e+05 -2.174862083254270256e+05 1.441502202081019059e+05 5.873613949766149744e+05 1.108059854637540411e+06 1.863306605875257868e+06 2.409579512180061080e+06 2.240270363540330902e+06 1.481413316096297465e+06 6.055508714783352334e+05 -6.360080230690135068e+04 -6.881566098099570954e+05 -1.473194027864373755e+06 -2.175348111282509752e+06 -2.252364099119439721e+06 -1.464130942433548626e+06 -2.347808399255168624e+05 8.976104783313348889e+05 1.708676873313379008e+06 2.058846626458979677e+06 2.007214539744597161e+06 1.562966686327415751e+06 7.921544201247175224e+05 1.008594796783301863e+05 -5.308815298147978028e+05 -1.148756728167935042e+06 -1.476682072886323789e+06 -1.535508145033093635e+06 -1.456738960987713654e+06 -1.196535251334715635e+06 -8.022732314557656646e+05 -5.105762412270996720e+05 -3.501659999278513715e+05 -1.309811875922610052e+05 5.142409119842341170e+04 1.265301339051807299e+05 2.369952867089887150e+05 3.771006712468815967e+05 5.230571624499857426e+05 6.404134916869211011e+05 7.419503016822291538e+05 8.792086990579273552e+05 9.438206143252293114e+05 8.952834836460547522e+05 8.261735399198384257e+05 7.168532311322614551e+05 6.198343321721777320e+05 6.195751985273071332e+05 6.556733609252716415e+05
-2.465779193621418439e+06 -2.382734047810954042e+06 -2.136632140273286961e+06 -1.689257595296367072e+06 -1.202527118342695758e+06 -6.776622386238882318e+05 -2.806713420429155231e+05 -4.920306786079891026e+03 3.127137543383277953e+05 5.498874680217700079e+05 8.708243062876872718e+05 1.428672430079606362e+06 2.094508576695224270e+06 2.716074743078496773e+06 2.856210418605477549e+06 2.291813818683149293e+06 1.353125899943117518e+06 5.639811315326367039e+05 1.286349812534170924e+05 -1.364079504989784909e+05 -2.543592083273686003e+05 -2.219679248734608991e+05 -9.367904547427315265e+04 1.088943516541616991e+05 4.408262049331103917e+05 8.181110632329354994e+05 1.055421646670147311e+06 1.211911851963961730e+06 1.160176483097020537e+06 8.703657785191889852e+05 6.806126093436612282e+05 5.452232682766041253e+05 3.957219722936879843e+05 3.080425691325217485e+05 1.855973722157063894e+05 1.092907015749369748e+05 1.075255094715976156e+05 9.850576376426080242e+04 9.643804141116561368e+04 6.717066199023928493e+04 -1.445610962138837203e+04 -1.323636828287262470e+05 -2.837446077904305421e+05 -8.449507575883823447e+05 -2.051272334667734802e+06 -2.552585029436734039e+06 -1.562119534209483070e+06 -5.165025745454512071e+05 4.388444560056924820e+04
-1.638621170941044111e+05 7.602930622000712901e+04 4.374656649108506972e+05 7.593369907245505601e+05 7.224127519584726542e+05 5.647882096288958564e+05 5.579811050940768328e+05 5.100984468107345747e+05 3.860327558932479005e+05 3.807709325038013048e+05 3.817637135836414527e+05 3.072873775061455090e+05 2.266642415520618670e+05 2.229021356202426832e+05 2.926413602795216721e+05 2.093845905648777261e+05 -2.834137582440156955e+06 -7.714984449037580751e+06 -6.672691411621050909e+06 -1.519385863070201129e+06 7.127721168490797281e+05 8.202783071543667465e+05 9.051527316274605691e+05 9.890436188102466986e+05 1.048343761534487829e+06 9.998725628602560610e+05 9.296071578003456816e+05 9.344786230177870020e+05 8.469819035407272168e+05 7.119463475648076274e+05 6.001420444462564774e+05 5.035633640422027092e+05 4.306819278042546939e+05 3.430995403754061554e+05 2.959753115914643276e+05 2.570704990011292975e+05 1.414726953493657056e+05 9.432936010620347224e+04 1.298272724382695742e+05 6.294381662504724227e+04 5.580739486758899875e+04 1.614773137230075663e+05 3.062889092724063667e+05 8.923467143919026712e+05 2.049585973331411369e+06 2.528095997045449913e+06 1.643539113520233892e+06 7.890120599654624239e+05 4.567203067915271968e+05
6.507904328731824644e+05 1.759249613364227116e+05 -4.963227581328824162e+05 -1.287744304535154253e+06 -1.919110148358740844e+06 -2.390664522076549008e+06 -2.629149102048248984e+06 -2.668673029406637885e+06 -2.545532608067735098e+06 -2.223431703363020439e+06 -1.776752206077217124e+06 -1.287026960582881235e+06 -8.839617181630460545e+05 -6.035611720496676862e+05 -3.684850426512993872e+05 -9.092495408869627863e+04 3.093630273375306278e+06 8.168502589448759332e+06 7.275558376811384223e+06 2.254874805813887157e+06 1.375506136630428955e+05 1.288384528021565638e+05 1.374352190986974165e+05 1.079520787566429935e+05 1.323279658510005102e+05 1.265623881950164214e+05 6.049030295631429181e+04 3.129365596454590559e+04 6.408593719563167542e+04 8.664543836435815319e+04 5.492274309915956110e+04 3.783388008770998567e+04 4.402798665483715013e+04 -4.069186085136607289e+04 -1.235032908490393311e+05 -1.596366825277805328e+05 -4.988053875422347337e+05 -1.295457793893003836e+06 -2.229940841909553390e+06 -2.509405351430461742e+06 -1.752607715452611679e+06 -8.117188709118680563e+05 -3.601028134633079171e+05 -1.409042056850730442e+05 2.335600167367327958e+04 6.827905592246656306e+04 8.102163700852589682e+04 8.316530677693663165e+04 4.971040859381668270e+04
-9.092244883129021619e+05 -1.143443965275946772e+06 -1.296659458740031812e+06 -1.251532946392835351e+06 -1.008044709110399708e+06 -6.465718506553093903e+05 -2.529211435146862641e+05 1.385050078009958379e+05 3.731065058417153778e+05 4.090587748418326955e+05 3.714773483385216678e+05 2.599888584858857212e+05 1.424977731727994396e+05 1.003662068210541620e+05 5.457800073898391565e+04 1.444819857395486906e+04 -1.298552141932299128e+04 -5.275049416290124645e+04 -1.634089127182954689e+04 -4.610285188653506339e+04 -1.218008363340048236e+05 -1.276415639882906689e+05 -1.564270371268506860e+05 -1.826136357543873601e+05 -1.549439726886339486e+05 -1.580023752700068289e+05 -2.215757086614031577e+05 -2.483823753756590886e+05 -2.126479485898744315e+05 -1.875961821520468220e+05 -1.789022143406327814e+05 -1.557918863455418032e+05 -1.478929806777168997e+05 -7.920510361087508500e+04 2.836896541586634703e+04 1.428553930664202198e+05 4.432729799789383542e+05 1.185308925025749253e+06 2.191898747013471089e+06 2.526327308226893656e+06 1.793311719853079878e+06 8.426161132977046072e+05 3.133556823310200125e+05 1.186588040128117427e+05 5.874389631120767444e+04 -7.666051554551813751e+03 -3.230269376596016809e+04 6.647140975691843778e+03 4.727309641253948212e+04
-1.794516508778032614e+06 -1.867943479732203064e+06 -1.820855576330213342e+06 -1.536239977454533568e+06 -1.093307888413255569e+06 -4.931222980871098116e+05 9.945690332126105204e+04 4.118757643047142774e+05 4.880766924272761680e+05 5.243419811688361224e+05 5.264494736975759733e+05 4.942501003842337523e+05 4.951680656851384556e+05 3.733559483924180968e+05 2.874807523089110618e+05 3.651628919420184684e+05 3.758842732681662892e+05 2.564576087438034883e+05 2.132994906080420478e+05 2.603775320685234910e+05 2.228752577528937254e+05 2.152432767121354991e+05 2.617456791515001387e+05 1.949927476828454819e+05 1.433749843697297620e+05 1.772351830927071278e+05 1.501542055667958339e+05 1.593740352152965497e+05 1.165816134671333712e+05 6.286819996254064608e+04 1.464655834733272204e+05 1.295411392586533912e+05 2.144383860926644411e+04 1.330643771041627042e+04 4.443765327392611653e+04 4.546145878441142850e+04 7.027211506210733205e+03 -3.932664463325648103e+04 -4.116008257144142408e+04 -6.998276234196941368e+04 -3.918269454821676482e+04 -5.553661152370856144e+03 -8.073958447872404940e+04 -8.683318544353812467e+04 -3.332177828153374139e+04 1.217147442512202542e+04 2.328927759226621129e+04 -5.000477105146157555e+04 -1.580726464535091072e+05
1.025677796320232097e+06 1.349962268744420726e+06 1.714462955350753851e+06 2.036357031637744047e+06 2.077892690365260933e+06 1.759947052935021929e+06 1.316158249705330934e+06 9.506511015820434550e+05 6.277415352212854195e+05 3.847896216021033470e+05 2.270621193962867837e+05 3.666456761828158051e+04 -1.197611743811285123e+05 -2.018794856479505543e+05 -2.470126931238335092e+05 -3.240620648884216789e+05 -4.285860501779825427e+05 -5.057092183976781089e+05 -6.234830445810802048e+05 -6.509501826678749640e+05 -6.052428406375101767e+05 -6.858919789324864978e+05 -7.133093571386429248e+05 -6.194312151538905455e+05 -5.494643451904990943e+05 -4.726359003587276675e+05 -3.418760761193693615e+05 -1.756954538336142432e+05 -6.218199681781721301e+04 3.920062154502375051e+04 1.234664482771768235e+05 2.210176180675637443e+05 3.413785933921473334e+05 3.321780726450380171e+05 3.235044108805595897e+05 4.365763258890360012e+05 4.716935883191758767e+05 3.850080783898017835e+05 3.804270199011076475e+05 4.240580980342917610e+05 4.145990547462139511e+05 3.708402161372951814e+05 3.309417337566256756e+05 3.224419560562823899e+05 2.994534218966155313e+05 2.688140742405077908e+05 2.403525528113823384e+05 2.021420781934279948e+05 1.669238070826372132e+05
2.490451913152645342e+06 2.416383820937190205e+06 2.262517673595284112e+06 1.946410136860503815e+06 1.549270084711897653e+06 1.150756723207887262e+06 7.463310196736711077e+05 3.808904249407346360e+05 1.373377893178258091e+05 -2.611709376709768549e+04 -2.231029680525534786e+05 -4.123576476515154354e+05 -5.278642521359142847e+05 -6.485249357929565012e+05 -7.704999147882331163e+05 -8.447681800115974620e+05 -9.467417934545669705e+05 -9.824647257995088585e+05 -8.637594602414170513e+05 -6.950491430895633530e+05 -4.539900946247503161e+05 -2.243805568644889281e+05 -6.079185979266196955e+04 1.459498099741171463e+05 2.511569606780539034e+05 2.851681528458718094e+05 3.728388090312365675e+05 3.425604677616506815e+05 2.615222956516661216e+05 2.464012277280562557e+05 1.763764580324643757e+05 1.586304143103195820e+05 1.271655502443911973e+05 -7.044155126379313879e+04 -3.795928310987078585e+05 -8.669657234349853825e+05 -1.126653905538259540e+06 -8.274506805787694175e+05 -4.110345598525605747e+05 -2.126680678786936915e+05 -1.433641215544776642e+05 -7.091139750467904378e+04 4.738382088544312865e+03 -1.538053922995692119e+03 -5.906544395111256745e+04 -5.033600962633488234e+04 -4.670497307088109665e+03 3.041351893421926070e+04 6.862118569930247031e+04
1.165539074070402421e+06 8.537875644658925012e+05 3.826834806861006655e+05 -1.706933368262252770e+05 -5.655480379043729044e+05 -8.417509388120379299e+05 -1.003906291312886868e+06 -1.087219046264945762e+06 -1.049260636594845681e+06 -8.527884799221643480e+05 -7.303921976819406264e+05 -6.403522451478061266e+05 -5.169644349519510288e+05 -4.007557373834423488e+05 -2.082105046886134951e+05 -8.695331867638746917e+04 4.471317756396980258e+03 1.219084905867930211e+05 1.972466097390860668e+05 2.056363614287692180e+05 9.301873754564444243e+04 4.801978586212513619e+04 1.643963628914210130e+04 -8.660115117585501866e+04 -9.608223334798806172e+04 -9.833203942660459143e+04 -1.624154969188385585e+05 -1.515644218664968212e+05 -7.592632944550142565e+04 -8.865212488715790096e+04 -1.185615838933154300e+05 -5.802392797253531171e+04 2.592494780285042361e+04 9.487860933673783438e+04 3.527256746756038046e+05 8.816279839005421381e+05 1.141082227887817891e+06 8.248502218798982212e+05 3.662915775552398991e+05 1.091867434050070588e+05 -1.090872352680936456e+04 -5.147865899722115137e+04 -1.332033202808815986e+04 -1.958579345344379544e+04 -1.139496547525047790e+05 -1.050976973987414967e+05 -2.281585762480949052e+04 -6.241535457811458036e+04 -1.728729127134992741e+05
8.769039263518061489e+05 8.051729549886658788e+05 8.117513538291675504e+05 8.935377508599776775e+05 8.548080593219492584e+05 7.351409930211957544e+05 5.310609714948800392e+05 8.915351886855158955e+04 -3.890834490780248307e+05 -7.863771691787401214e+05 -1.137818920308201341e+06 -1.321969773292949423e+06 -1.314250996614282019e+06 -1.156788784485542681e+06 -8.439352284773483407e+05 -5.236709957741550170e+05 -2.737630143601567834e+05 1.096304981620050967e+03 1.943838351473095245e+05 2.418160396703750594e+05 2.466637308266940527e+05 3.178421769884882378e+05 3.618173058895633440e+05 2.962404358631466166e+05 2.470111507523687615e+05 2.047808499442181201e+05 2.156224051833853009e+05 1.860437113477386301e+05 1.069685901957562892e+05 1.316071040817770408e+05 1.006215441389943007e+05 8.315105613524839282e+04 1.282638337893882999e+05 1.209503090640645241e+05 1.137923183001113357e+05 1.150148156273643253e+05 1.144012509635651950e+05 1.052423577415177133e+05 1.395284819719376974e+05 1.464482871643847320e+05 1.009776884256280027e+05 1.349037257311283611e+05 1.726124695784524083e+05 1.650239050702657551e+05 1.440551468046037480e+05 1.144842749825327192e+05 1.931070148551964667e+05 2.978846422690539621e+05 3.325702725464310497e+05
-2.476717441016805824e+05 -3.173653565789572895e+05 -3.880895061284534167e+05 -3.836509348795515252e+05 -3.012911689229076728e+05 -2.203434484725584916e+05 -6.538638829602857004e+04 1.669861143658639339e+05 3.607985068339621648e+05 5.538265905680598225e+05 7.895056175452198368e+05 8.758186129800748313e+05 7.592880727100416552e+05 5.560158302384659182e+05 2.749686367425599601e+05 4.365239944308530539e+03 -2.170451713743386790e+05 -3.719880052987716626e+05 -4.503198471921493765e+05 -5.173219100519779604e+05 -5.084777249931348488e+05 -4.723086248128672596e+05 -4.260758671833907720e+05 -3.330655415426009567e+05 -3.008491196588146267e+05 -3.011012002715141280e+05 -2.494790817616737331e+05 -1.621626749302961980e+05 -1.232071474165422260e+05 -1.345727087941486097e+05 -1.261055733921239298e+05 -1.042973023344530811e+05 -5.802422035776585108e+04 -2.563170184555924789e+04 -6.934245575801485393e+04 -6.680045064596942393e+04 -2.822468704369384795e+04 -3.627376530261253356e+04 -7.596836271171903354e+04 -6.816054308088478865e+04 2.502655785094248131e+01 -3.896192352578463033e+04 -7.416946111363341333e+04 -4.282730867504148046e+04 -2.517576502228644677e+04 -1.649333817302243551e+04 -1.186983891588158440e+04 9.202736629231192637e+04 2.739239024900574004e+05
-5.282625619979803450e+05 -3.605231170909246430e+05 -1.546039044676579069e+05 7.368582725175889209e+03 8.878417617932427675e+04 2.079725530557334423e+05 3.222659091575769708e+05 3.562581262714231852e+05 3.914016642782373820e+05 3.870572203531628475e+05 3.472371641284553334e+05 3.559674330131383613e+05 3.587217815866461024e+05 3.522260740067576990e+05 3.067118300689617172e+05 3.097658114496157505e+05 2.822191582102100365e+05 1.641176686342800967e+05 1.220669078250648454e+05 5.216330709576141089e+04 -5.765185903699556366e+04 -1.785576801188290119e+05 -2.892624983942373656e+05 -3.899103851878312416e+05 -5.879114927171031013e+05 -7.784964500868222676e+05 -8.400403270224339794e+05 -8.268050356564358808e+05 -7.839329282671677647e+05 -6.009119276684933575e+05 -4.376856709906131146e+05 -3.767718208796581021e+05 -2.532155834423624037e+05 -1.437648671766511106e+05 -1.111549957201349898e+05 -1.456420352298298676e+05 -1.067644806054882938e+05 -1.632371290470473468e+03 -4.085710305371176219e+03 -3.432742064294860756e+04 -3.826895877718692645e+03 3.202441658184395055e+04 3.430858558567696309e+04 6.481959595170381363e+04 1.189592903485755232e+05 1.266179926460605348e+05 1.652053301443818200e+05 2.655307335359959397e+05 3.704587600566392066e+05
8.348486757127107121e+05 4.507501351914834231e+05 -1.273609751422189642e+06 -3.945357853210298344e+06 -3.781524600337725133e+06 -1.376254656847450417e+06 -2.359052384638926014e+05 -1.595617142668925226e+05 -8.226645145739917643e+04 -5.301089684362523258e+03 1.141331033519238699e+05 2.433360603422624990e+05 2.880564394901739433e+05 3.222124830610117642e+05 3.569398621201979695e+05 3.624258578149602981e+05 4.139434621977854404e+05 4.136776084773008479e+05 2.945468988851642935e+05 2.634428811614633305e+05 3.476253499067382654e+05 3.418627634947184706e+05 3.061989692266803468e+05 3.956340911035654135e+05 5.403467820223888848e+05 6.131978222256290028e+05 6.210754459071904421e+05 6.263171271310432348e+05 5.470724166271975264e+05 3.800989037111864891e+05 2.330654734262502752e+05 1.378855847066733986e+05 1.066058443899974227e+05 6.251255546405445784e+04 1.797117624606471509e+04 2.000619537604507059e+04 -1.720586364506743848e+04 -6.304435838072095066e+04 -2.840796517964918166e+04 1.566880108381155878e+04 -2.888203724636742845e+04 -6.733382372825872153e+04 -2.730598750349599868e+04 -3.340047621866781265e+04 -5.286592848307918757e+04 -4.450542440870730206e+04 -8.051898800651589409e+04 -5.618059402855625376e+04 4.658365320007130504e+04
-1.881312560784864472e+05 -9.794208002684172243e+04 1.289152227871234994e+06 3.613916759423445910e+06 3.140374831793014891e+06 5.018524295848333277e+05 -7.602775505743916146e+05 -8.416715238033798523e+05 -7.253450090024857782e+05 -4.917688522906971630e+05 -2.945637451740913093e+05 -1.264700463262854610e+05 3.537391797523014247e+04 1.857399547484237701e+05 2.589221650263061747e+05 3.032188996206973679e+05 3.540567597682825290e+05 3.531931936059845611e+05 3.886155025375774130e+05 3.950517378159565851e+05 3.626180117030162364e+05 3.177529242512532510e+05 2.421131552010779269e+05 2.159027215518285520e+05 1.699650696991011500e+05 5.340714655001694337e+04 -1.338731540890876204e+04 -8.196000337658915669e+04 -2.705171420675464906e+05 -4.697098271007416770e+05 -6.497141951363296248e+05 -8.160358999832556583e+05 -1.030080206427376950e+06 -1.255260147155494895e+06 -1.216686606003203196e+06 -1.056661130519932834e+06 -9.371596941701130709e+05 -7.526537669787661871e+05 -6.015747185872168047e+05 -5.169306671892977320e+05 -4.091178115073125809e+05 -2.956244142318619415e+05 -2.531543255457647610e+05 -2.574610941822179593e+05 -2.013962306507173926e+05 -8.152993049530754797e+04 -7.539141786983236670e+03 1.555980869277822785e+04 4.346649802115093917e+04
5.829519099707247224e+05 6.739905324589929078e+05 8.412092997331633233e+05 1.120303324756096117e+06 1.357684580238419585e+06 1.474695958988158498e+06 1.470294751106993761e+06 1.347011323944899021e+06 1.107039282100741751e+06 7.107208145462207031e+05 3.571915394818643108e+05 9.460323789913719520e+04 -1.724235336843412369e+05 -3.723167170205852017e+05 -4.912184571573743597e+05 -5.205116846831517760e+05 -5.437153936835243367e+05 -5.404716158250810113e+05 -5.005904542101777624e+05 -4.901901317678856431e+05 -4.786262442247235449e+05 -4.034279640065502026e+05 -2.839376878517220030e+05 -2.682417613238792401e+05 -2.337879817892095016e+05 -1.559015677880961448e+05 -6.878443424764517113e+04 5.341099684301308298e+04 1.314458483632186253e+05 2.725040303420977434e+05 4.672902910941041773e+05 7.103092691116059432e+05 9.028190485324048204e+05 9.681542993284522090e+05 9.940267870819657110e+05 8.409258925449105445e+05 6.119741471338779666e+05 4.879163324896954000e+05 3.326291563047561795e+05 1.502109594608186744e+05 6.752570936456276104e+04 -7.328487609629053622e+03 -7.787556490802671760e+04 -1.204443262104182504e+05 -1.761699213745305315e+05 -1.677164370304667391e+05 -2.066929550509676337e+05 -2.981686736427936703e+05 -3.478545949800089002e+05
2.150464746517246589e+06 -2.828405375844450668e+06 -5.935834922401698306e+06 -4.093713761243268382e+06 -9.296469067188445479e+05 -1.880189762782539474e+05 -2.281097148143452359e+05 -3.073617827810813906e+05 -3.080478304118152591e+05 -2.707099254732019035e+05 -2.700308695557762403e+05 -2.951352047914408031e+05 -2.479360157030167757e+05 -2.141692733019589505e+05 -2.157169325608992367e+05 -2.050668891833630623e+05 -1.131347376428314019e+05 -3.352734377724118531e+04 -7.182051095762290061e+04 -6.320958744385273894e+04 -1.384652562555857003e+04 2.159535187704028795e+04 6.144709023996262113e+04 7.564986412879079580e+04 7.179221154248801759e+04 1.106530043086966034e+05 1.578430326748638472e+05 1.261658273654759396e+05 1.287457703845573706e+05 1.571488073182989901e+05 2.006992147275010939e+05 2.181556324189296865e+05 1.872936699155259703e+05 1.822689564328174456e+05 1.756542401073965593e+05 2.149314511753615807e+05 2.151572128938275855e+05 1.689521050051556667e+05 1.648690949782029493e+05 1.325186295859745005e+05 1.246757595619423082e+05 1.242900981393181719e+05 5.387619189044903032e+04 4.745340353285463061e+04 6.441304621868801769e+04 -3.812117161229252815e+04 -1.518410169507849496e+05 -1.716770544723838102e+05 -1.497173830255595967e+05
-1.815185655803653412e+06 3.031436405157438479e+06 5.960912359219508246e+06 3.811628084250839893e+06 3.377264374424703419e+05 -5.996500297362217680e+05 -8.739622630301164463e+05 -1.147059017345891334e+06 -1.417877392361989245e+06 -1.726919377592857927e+06 -1.916712624422508292e+06 -1.937018395162304863e+06 -1.807877215610932559e+06 -1.539026531526469160e+06 -1.228337046707747038e+06 -9.444829313614175189e+05 -7.351545760303275893e+05 -5.768494856939648744e+05 -4.212692150450309855e+05 -2.585284903831778793e+05 -2.076922761218153173e+05 -2.093227003805803834e+05 -1.314769761369100306e+05 -1.162800812203201931e+05 -8.027291484817373566e+04 -3.974018152104667388e+04 -6.827787666756194085e+04 -2.371754235588014126e+04 -1.915908906841627322e+04 -2.698137013008794747e+04 1.749222652462753467e+04 3.539663056202721782e+04 4.353884476120583713e+04 4.005856775271240622e+04 3.474145440442929976e+04 7.684691884790081531e+02 2.490819355589337647e+03 6.967435136029962450e+04 6.666367938625649549e+04 3.495834290457423776e+04 2.833349916210863739e+04 2.907396099471952766e+04 7.021253107639472000e+04 1.376855995971716475e+05 1.908501173282274976e+05 1.974509302480140468e+05 2.644257070234755520e+05 3.879124706180283101e+05 4.804346543934578076e+05
8.145906925294542452e+05 6.735848592780531617e+05 6.067091176466781180e+05 6.496420604118611664e+05 6.515978412306867540e+05 6.123535368492592825e+05 6.494511204631996807e+05 8.019631017028593924e+05 9.925170632015218725e+05 1.141981436609639321e+06 1.099137452394352760e+06 4.166164893988766707e+05 -8.068053109192985576e+05 -1.503079205352114048e+06 -1.117147179229068104e+06 -5.272432462609137874e+05 -2.819701005937535083e+05 -2.021415592083940282e+05 -2.011369554704287439e+05 -1.928905802773077739e+05 -1.803447134955783258e+05 -1.439675429242195387e+05 -1.817926569626436685e+05 -2.050825773691759678e+05 -1.678403085662284575e+05 -1.645032370364060334e+05 -1.556750950077548332e+05 -1.497083052783276071e+05 -1.064670084469254070e+05 -1.128403922647705185e+05 -1.439160266629186808e+05 -8.915275966224703006e+04 -8.048026838223467348e+04 -1.202606367279075785e+05 -5.034244643989915494e+04 -9.192613044869853184e+03 -8.123455649067193735e+04 -8.779636822815530468e+04 -5.320023439184285235e+04 -1.100097247457597405e+04 1.963041396695189178e+04 -1.558970065670995973e+04 -1.055860947701148689e+04 5.735127856663940474e+04 7.399106704513565637e+04 8.074809656245610677e+04 1.094018085929567460e+05 4.649952910258539487e+04 -8.360997006646450609e+04
-1.595950432756221853e+05 8.706233003700617701e+04 3.693332581198769622e+05 6.069900598115054891e+05 7.651238834706600755e+05 9.205684199382080697e+05 1.074880741939414060e+06 1.112724743122235173e+06 1.034187872438925086e+06 1.030766939545864705e+06 1.181832469447400421e+06 1.769175191287067719e+06 2.771009864112128504e+06 3.100409171613863669e+06 2.358319386753136758e+06 1.440296717205200344e+06 7.966911940270811319e+05 4.123529633390707895e+05 2.187789077754132450e+05 1.093008008936885744e+05 -3.208902958838548511e+04 -1.870234698650892824e+05 -3.024658516421914101e+05 -4.019187450729077682e+05 -4.392842399067003280e+05 -5.096272224484710023e+05 -5.763312291842885315e+05 -5.705464914772901684e+05 -5.997446887305695564e+05 -6.403740139515139163e+05 -5.956223228509770706e+05 -5.783931168715949170e+05 -5.683845838950970210e+05 -5.309734192676842213e+05 -5.334811554977199994e+05 -4.905899480328662321e+05 -4.855877166683780961e+05 -5.262406862259386107e+05 -5.266580171196255833e+05 -4.836215741909095086e+05 -4.868100727128344588e+05 -5.542058842960984912e+05 -5.452686324540975038e+05 -5.104384838277483359e+05 -5.639955164236021228e+05 -6.264761588262609439e+05 -6.709592016343972646e+05 -8.120658449648141395e+05 -1.020693610999134369e+06
1.448583618637057953e+06 1.230692120739840670e+06 8.163694485340970568e+05 1.650087531504686922e+05 -3.720502439024858177e+05 -6.798433554021171294e+05 -7.178068449790589511e+05 -4.484256813931276556e+05 -1.030844306905055419e+05 2.008078231109536719e+05 3.892637368931903038e+05 4.782745661138324067e+05 5.999051746708573774e+05 6.280968889821083285e+05 5.100633475446370430e+05 4.063398317463002168e+05 3.795770520606306382e+05 3.422022673155879602e+05 2.273330719553632662e+05 1.563876558723854832e+05 1.301456232427153736e+05 8.941627209656778723e+04 4.743645807320717722e+04 -5.306157859740778804e+04 -9.048642700188700110e+04 -8.636059625889174640e+04 -2.302501073054745793e+05 -3.393502311059278436e+05 -4.057691410765978508e+05 -5.574872750981012359e+05 -6.622036430885782465e+05 -7.198672241350887343e+05 -7.090368573740152642e+05 -7.071319249930090737e+05 -7.451482428953747731e+05 -6.642736002709718887e+05 -5.845398111816025339e+05 -6.603393390669964720e+05 -8.058574270323147066e+05 -9.073004276835101191e+05 -1.016791976680981577e+06 -1.189088127703290898e+06 -1.176400611333080335e+06 -9.569441898231166415e+05 -7.193270046048592776e+05 -4.564742824318804778e+05 -1.788126913493019529e+05 1.082175102579612285e+05 4.003763621411006898e+05
1.094644762353272643e+06 1.262403057568008080e+06 1.541214758315472165e+06 1.927805448593571549e+06 2.310560915697715245e+06 2.535536523601040244e+06 2.376720968032022007e+06 2.026224154812517110e+06 1.599604020101252943e+06 1.095183151355594397e+06 7.445898154826136306e+05 4.504000486183222383e+05 1.905291877727722749e+05 2.851709406124427915e+04 -1.253388496965635568e+05 -2.260306873603267595e+05 -4.768361746420841664e+05 -2.278123108213766478e+06 -4.788067983178769238e+06 -4.128129856137091294e+06 -1.322971759800566826e+06 -8.156157496967335464e+04 -1.070630469941539923e+04 7.689014170085982187e+04 1.158583607350010425e+05 1.576184736366845900e+05 1.990909886185544310e+05 2.370210066781151108e+05 3.174781672307286644e+05 2.750095485488413833e+05 1.663757655274821445e+05 6.742461137997382320e+04 -1.096931206609588116e+05 -3.313468885910691461e+05 -6.278942163003380410e+05 -8.775626064988311846e+05 -9.431864533666517818e+05 -7.979523939464722062e+05 -4.686290821200242499e+05 -1.351886404468674446e+05 2.593906804145107744e+05 6.602689830289452802e+05 8.437274561601203168e+05 8.344058892357873265e+05 7.361339489609254524e+05 5.935402892041004961e+05 4.314581305981845362e+05 3.523894660099165048e+05 3.518943648185748607e+05
3.933806321490556002e+05 4.069089327682740986e+05 4.161074837291380391e+05 3.042411503521720879e+05 7.596473841229453683e+04 -7.838967235875315964e+04 -1.926006948016583920e+05 -3.435035019589127041e+05 -5.320110503729665652e+05 -6.847633143817072269e+05 -6.859288922639100347e+05 -5.937715844879860524e+05 -5.444043372693703277e+05 -4.754545446345581440e+05 -3.612433365645118756e+05 -2.705958640103928046e+05 -6.818337039731023833e+04 1.627060272548696259e+06 4.103385963138423860e+06 3.382255589248378761e+06 5.690040301322024316e+05 -7.465599241940071806e+05 -9.355185324139902368e+05 -9.939442199567561038e+05 -1.062116753443260677e+06 -1.052405718535301276e+06 -1.043478042524657212e+06 -1.074993600160234841e+06 -9.516319432080490515e+05 -8.029587496089510387e+05 -7.221440838900160743e+05 -5.229205647564955289e+05 -2.555684279679568717e+05 3.801274447992828209e+04 3.629967023310023360e+05 5.478030161577039398e+05 5.843398334761149017e+05 5.390052390377979027e+05 4.597703344706676435e+05 2.783806852245463524e+05 1.751742186897783540e+04 -1.599209638888712507e+05 -2.610313365969334263e+05 -2.998109341127572116e+05 -3.554119119455574546e+05 -4.195102189341547200e+05 -4.331711753678980749e+05 -4.754165314434776665e+05 -5.484526180202274118e+05
4.595033450692438055e+04 1.359650692908326164e+05 2.218359963374679210e+05 2.632483430590946227e+05 3.780979418440256268e+05 5.278303763351866510e+05 6.031546340242489241e+05 7.169649692071843892e+05 7.920100674103018828e+05 7.876799951511197723e+05 7.442844473448349163e+05 6.054997621127408929e+05 3.868847885850118473e+05 2.257537588576087728e+05 3.611103753850329667e+04 -1.755267772777010687e+05 -2.376921080495230854e+05 -3.090048488852335140e+05 -4.192048308346420527e+05 -4.875431108794868924e+05 -4.723350062011731789e+05 -4.715697353432187811e+05 -5.129902283294368535e+05 -4.991341653681593016e+05 -5.312434364669020288e+05 -4.864161942346259020e+05 -4.069786577322520316e+05 -4.051608624163789209e+05 -3.215603732457386795e+05 -2.125165037158874329e+05 -1.719750425394158810e+05 -1.236103115207515657e+05 -4.246633147180569358e+04 -6.451146727777086198e+03 2.557835701678425539e+04 1.020445802714673337e+05 1.048125360481204698e+05 2.634095955523662269e+04 2.272422251640819013e+04 9.708043006539787166e+04 9.127639206941216253e+04 5.847874187049479224e+04 2.861025149235501885e+04 -4.732749769871658646e+04 -3.352374108275421895e+04 -2.804432557488302700e+04 -1.167842435266361572e+05 -1.280650273012000835e+05 -6.229115215595485643e+04
2.241487455432070419e+05 2.377943083230638877e+05 2.847988744301255792e+05 3.631594546232372522e+05 4.013020988734206185e+05 3.985715491668088362e+05 3.987148497713494580e+05 4.002497697644871660e+05 4.386261969333281741e+05 5.103345713514136150e+05 4.675322509004035965e+05 3.688360149035002105e+05 3.778312648000428453e+05 3.298489874432561919e+05 1.792821174330310896e+05 8.181870292173698545e+04 1.894897576596075669e+04 -5.257157369924243540e+04 -1.624059072905220091e+05 -3.062044575915206224e+05 -3.653387551853652112e+05 -3.646871533250664361e+05 -4.447142543812524527e+05 -5.058793846133630723e+05 -4.627650891302614473e+05 -4.539706946210935712e+05 -4.871840517694361042e+05 -5.234610291599540506e+05 -5.486100437142883893e+05 -5.111275858239964582e+05 -5.070913691428720485e+05 -5.685710235236925073e+05 -5.950948757183528505e+05 -5.559033746807835996e+05 -4.846099829813461984e+05 -4.418326383613746730e+05 -4.355796276539330138e+05 -4.015894772700274480e+05 -3.304031352716265246e+05 -2.548712868802241283e+05 -2.219714010145984357e+05 -1.800388768297859933e+05 -1.362196058023252990e+05 -1.029721802717538085e+05 -1.790276460058568045e+04 2.294809987128246576e+04 4.054387312498874962e+03 -4.691052167559904046e+04 -1.279523422790225595e+05
1.729806114896202926e+05 2.603250374132767320e+05 3.060392919590233359e+05 3.086568070825887844e+05 3.830537092476151884e+05 4.538996516511542723e+05 4.173149999789893627e+05 4.569637428212449886e+05 6.069969257374759763e+05 6.033077660063281655e+05 5.223522680730097927e+05 4.991924767877208069e+05 2.885903848975431174e+04 -1.787334600170724094e+06 -4.433986885086049326e+06 -4.849584602806717157e+06 -2.472939066391559318e+06 -4.775882118323352188e+05 1.146732169698225334e+05 3.390197821188485250e+05 4.639461442647720687e+05 5.372189760877515655e+05 6.379841338185374625e+05 6.476256052654935047e+05 6.521838169911642326e+05 7.315703019482312957e+05 7.668672101566331694e+05 6.890254674199980218e+05 6.601406070031221025e+05 6.936197047942548525e+05 6.555210928182348143e+05 6.241500881483089179e+05 5.920248195226329844e+05 5.171342199220086914e+05 4.382849728874859866e+05 3.317267097329022363e+05 1.900100028392625973e+05 7.706104367505759001e+04 -3.406398293212987483e+04 -3.896940432937107980e+05 -1.352979003621739335e+06 -2.691266925691742450e+06 -2.955168575414564461e+06 -1.737885758198095020e+06 -6.188415227335682139e+05 -2.219974833593000658e+05 -6.481636270007537678e+04 2.107047968136565760e+04 7.666140471992455423e+04
-6.088287403905994724e+05 -4.485302775719901547e+05 -3.659763703151841182e+05 -4.358382269315188751e+05 -4.342056072020204738e+05 -3.621748316672160290e+05 -3.587745848821941763e+05 -3.159715609939307906e+05 -2.740448396792635322e+05 -2.376808906620135531e+05 -1.308153825416229665e+05 3.396758103452157229e+04 5.254631823173258454e+05 2.320098234359756112e+06 4.930540686327147298e+06 5.231104139983072877e+06 2.619935154778072610e+06 2.292603924224385992e+05 -8.686661843501492403e+05 -1.630853193871443160e+06 -2.121981915424108505e+06 -2.114563286716582254e+06 -1.716431080272890162e+06 -1.336741690281196497e+06 -9.983565477258512983e+05 -6.593100689147834200e+05 -5.118648671003754716e+05 -4.047575300943580223e+05 -3.196667047747178003e+05 -2.812767582171361428e+05 -2.070218036294679623e+05 -1.986118748248559423e+05 -2.260375867108826060e+05 -1.874083408695878461e+05 -1.533789521694413852e+05 -1.119851448410190642e+05 -1.062325009395140223e+05 -1.087328021100261249e+05 -3.420596854994073510e+03 2.477290424500820227e+05 1.096673361213187454e+06 2.376276355793814640e+06 2.549680795223678462e+06 1.329338032895461889e+06 1.665737480553835630e+05 -3.244788634148417041e+05 -4.852639760635807179e+05 -6.112266289989898214e+05 -7.677968303218819201e+05
-6.087634611676911591e+05 -4.494469133357051760e+05 -2.941241649939911440e+05 -2.170449889230076224e+05 -2.158594482764601707e+05 -1.814945806912146509e+05 -1.049271291284820763e+05 -6.240801932755869348e+04 -5.749110264703631401e+04 -2.193705315468832850e+04 4.659150772728037555e+04 6.338603306328877807e+04 7.545822039712208789e+04 2.120991471671730978e+05 3.234597315237623989e+05 4.135160979820652865e+05 6.431875948252854869e+05 9.742055173480182420e+05 1.375403789213159587e+06 1.738044073302880162e+06 1.783522996253448306e+06 1.305282175865720958e+06 5.637207348854290321e+05 -1.182776331854974851e+05 -6.537507284322059713e+05 -8.955339762050425634e+05 -8.214919702819311060e+05 -6.431780447135688737e+05 -5.216172821173677221e+05 -5.179894301760939416e+05 -5.882530331821178552e+05 -5.806945699901562184e+05 -5.712283989629962016e+05 -6.028210615279385820e+05 -5.676070760766738094e+05 -5.250412351381963817e+05 -4.819901259528702358e+05 -4.466281567537233932e+05 -4.116661443968769745e+05 -3.030359236977520050e+05 -1.985520962730515748e+05 -1.559003151336223818e+05 -1.477428916352796368e+05 -7.861863033205678221e+04 2.975217102793743834e+03 6.949035614379681647e+03 1.864595685096026864e+04 2.601010288344719447e+04 3.310249696950893849e+03
-8.653211536991872126e+05 -1.072788165103411302e+06 -1.247499475242220331e+06 -1.243649367574834963e+06 -1.059328359942301176e+06 -8.055623597576047760e+05 -4.728311481373382267e+05 -2.103843673854132649e+05 -9.517289808602095582e+04 5.009955279820133001e+04 2.278674452874113340e+05 3.178777530323716346e+05 3.300382873747728299e+05 3.929591943055854645e+05 4.676077168964546872e+05 4.847881202329882653e+05 5.316041094675895292e+05 6.075591896439434495e+05 6.818753840849965345e+05 7.551784366759236436e+05 8.043764863780222367e+05 8.752856307377805933e+05 1.006748825378019363e+06 1.048569895813706797e+06 8.716009465610831976e+05 5.163847993325912394e+05 1.160033521777945571e+05 -3.217117824224992655e+05 -7.046649318310660310e+05 -8.796209651743988506e+05 -9.126697026443432551e+05 -9.039403003285423620e+05 -8.218859871651544236e+05 -6.382593450084098149e+05 -4.959079955588091398e+05 -3.472487811802424840e+05 -1.629343910916937457e+05 -5.814552368712622410e+04 -2.501788922178093344e+04 -2.452126700722139503e+04 4.301293511176549509e+04 8.446188154921439127e+04 5.605548783496472606e+04 8.896933214447973296e+04 9.906847117701584648e+04 3.232941038848357130e+04 4.290265496529225493e+04 1.877445843466536608e+05 3.724696648470084183e+05
-2.550859872950240970e+04 1.318732544942763634e+05 2.485271129047032446e+05 2.143927916191751137e+05 1.047515887959161773e+05 2.802418987208511680e+04 -4.244737239845562726e+04 -1.459651989396661520e+05 -2.136142200540052727e+05 -1.787348322151228786e+05 -1.844357698457315564e+05 -2.402454772009518929e+05 -3.004873265023343265e+05 -3.467518831341292243e+05 -4.525785191403699573e+05 -6.508558877831096761e+05 -7.837374092492976924e+05 -8.501258521666746819e+05 -7.731082875205900054e+05 -5.895109907857838552e+05 -4.649731695558869978e+05 -3.184140255930828862e+05 -1.488293472648368916e+05 -3.159266970120382030e+04 4.947836142848269083e+04 1.673537723312616581e+05 3.083440600842006388e+05 4.808291853888667538e+05 7.060872044262933778e+05 8.493346817622658564e+05 8.807053214777256362e+05 8.456812382780491607e+05 7.775424257578593679e+05 6.693026696011656895e+05 4.501583281398047693e+05 1.685439587029400282e+05 -7.478302542585926130e+04 -2.531316334713487886e+05 -3.955139016290192958e+05 -5.343010633275830187e+05 -6.394782893918470945e+05 -7.345526934950618306e+05 -8.632340897340304218e+05 -9.646568384952862980e+05 -1.019429119031412294e+06 -1.010690746964534745e+06 -9.259176053648126544e+05 -8.502338219183709007e+05 -8.059501300396937877e+05
1.394679709798073862e+06 1.333421742905047722e+06 1.304641756346681621e+06 1.271304160897852620e+06 1.089358672525268048e+06 7.941456778754945844e+05 5.052593679470007773e+05 2.925199752597835613e+05 1.520020551414927468e+05 4.842902736854739487e+03 -1.463280119729463477e+05 -2.382724876992870122e+05 -2.259221071784849046e+05 -1.636416941374771995e+05 1.959064399299677461e+04 2.904822419566339813e+05 5.167033396003533853e+05 6.637587264570172410e+05 7.367968320893119089e+05 7.715824251872252207e+05 7.117119748290856369e+05 7.099456304265190847e+05 7.309941044641900808e+05 6.282448535662842914e+05 4.194929909333582036e+05 3.443626793508976698e+04 -5.401992484834054485e+05 -1.186685349803303834e+06 -1.668173125910105882e+06 -1.800672699245623313e+06 -1.582869215281680692e+06 -1.254651635821211152e+06 -9.950052029214610811e+05 -7.408002151828262722e+05 -5.281828366004625568e+05 -4.154935327492421493e+05 -2.668965877476141322e+05 -1.611752512451496441e+05 -1.274301435431700666e+05 -5.655344035709253512e+04 1.181948000215971842e+04 1.237365825672161300e+05 2.702403641061384697e+05 3.726171746168993413e+05 4.500608034071050351e+05 5.553241029824115103e+05 4.931602421606656280e+05 2.500145654170788475e+05 1.230228843865462113e+04
8.025505472265655408e+04 1.839956980606075376e+04 -1.112383116793347290e+04 2.783881808398297289e+04 -7.911362436716444790e+03 -8.370609040546696633e+04 -8.033539989439304918e+04 -1.094911389210029738e+05 -1.033747947693338501e+05 -1.047718141059158079e+05 -1.470238683436764986e+05 -1.299329999374459730e+05 -8.157366431667466532e+04 -5.616436794924081914e+04 -5.353700411505995726e+04 7.623665628490125528e+02 4.655025201791433210e+04 5.071564241661687993e+04 8.969226434128356050e+04 1.260542033857199858e+05 1.048761490685864410e+05 1.061895559047116840e+05 9.368405778543103952e+04 1.012387610971925315e+05 2.176699662377362256e+05 2.634914006816688343e+05 1.880232038983375533e+05 1.090488045866370667e+05 -5.623681711498601362e+04 -2.652394686144544976e+05 -2.665877331316007767e+05 -1.213321291253665695e+05 -7.944826722960162442e+03 1.359700594452437363e+05 2.739204553974560695e+05 3.122151741926789982e+05 3.866652901988711674e+05 4.537246309476911556e+05 4.489107038843210321e+05 4.110674470185758546e+05 3.717699574091245886e+05 3.764405144489146769e+05 3.812792391347459052e+05 3.088483005028679036e+05 1.771045491297272965e+05 7.511231086158612743e+04 -2.074426490289671347e+04 -5.783745996013795957e+04 -2.125888722191937268e+04
-1.380556419712959323e+05 -5.657311809831298888e+04 5.726767142943572253e+04 1.321264586958566215e+05 1.686847419082187116e+05 1.653000966773836408e+05 1.333252289937809110e+05 1.768228249647656921e+05 1.835432477254655678e+05 1.821048172813607380e+05 1.397126199840565678e+05 4.928125436184927821e+04 6.165762427262950223e+04 5.091666887397866230e+04 -1.779303504270501435e+04 -3.491620486951433122e+04 -6.091721242992195766e+04 -5.636686751851800364e+04 -1.693747438141144812e+04 -5.204248954192735255e+04 -1.208871263079578057e+03 1.078880904125981033e+05 1.309901005838768324e+05 2.809280869230853859e+05 5.397750882175752195e+05 8.339225419465209125e+05 1.324822178888717666e+06 1.880380516994631384e+06 2.275657163116264623e+06 2.376024463907232974e+06 2.044291079511750489e+06 1.330334652089511976e+06 5.546157974778953940e+05 -7.871840315055847168e+04 -6.073810276971207932e+05 -1.090148352548129857e+06 -1.462583719301037490e+06 -1.699315542338884901e+06 -1.797128071691258578e+06 -1.684776338890074054e+06 -1.538824192517788848e+06 -1.351012541049862048e+06 -1.060959330329785123e+06 -8.489581243076836690e+05 -6.989929336303630844e+05 -5.894947325380037073e+05 -4.756403500196759123e+05 -3.408556231926195323e+05 -2.370123716210890561e+05
3.993488691048696637e+03 8.430646974709816277e+04 1.253279103181557730e+05 1.276097301160916686e+05 1.630253264470957220e+05 1.942339936475036666e+05 1.617789663735311478e+05 1.689994933485288639e+05 2.111309969017747790e+05 2.088580203655874357e+05 1.655142119230004027e+05 1.108207924891032744e+05 1.223804538499098271e+05 3.964115917857270688e+04 -6.415670620161108673e+04 -8.113149668555730022e+04 -1.788507721066707745e+05 -2.098678275680867955e+05 -2.060592645156430081e+05 -3.126416130905270111e+05 -3.329543614614517428e+05 -2.948076452879465651e+05 -3.785821899649460102e+05 -4.067859961587238358e+05 -3.591656209580830764e+05 -3.462472176196751534e+05 -3.157267324387792032e+05 -2.891060518374438980e+05 -2.395723133324646624e+05 -1.630906638829035510e+05 -9.636576538323436398e+04 9.047247919371046009e+03 1.554706005228220602e+05 2.983861903875363641e+05 4.694110246445055818e+05 6.802444039937101770e+05 8.228296354459598660e+05 8.885850292892443249e+05 7.788161768339341506e+05 -1.844324792155525414e+06 -4.939639806891804561e+06 -3.332152192883684300e+06 -5.945986909273760393e+05 -1.102544936322378926e+05 -1.702505605167248286e+05 -1.322139756381507032e+05 -2.089441433723503724e+04 7.464502511430531740e+03 -2.894461163494549692e+04
3.576011598296462325e+05 2.947083983360789716e+05 2.638971219584345818e+05 2.306824689253698452e+05 1.949658445228124037e+05 2.612078132521127118e+05 2.647321563033618731e+05 2.370806638989601051e+05 3.148852468171389773e+05 2.772509945172350854e+05 2.337146665016191546e+05 2.854513474088164512e+05 2.262571079889310058e+05 1.434841740760020912e+05 7.579196014208719134e+04 -8.199138330470328219e+04 -1.797007996501633897e+05 -2.103782190964554902e+05 -3.118769578635690268e+05 -4.533632192690855591e+05 -5.434631398884801893e+05 -5.399317833111850778e+05 -5.182015609618984745e+05 -5.463425804692084203e+05 -5.680191839177857619e+05 -5.541793698153921869e+05 -5.588197086815488292e+05 -5.672581176029061899e+05 -5.167166568152605323e+05 -4.738297033513661008e+05 -4.763919726636956912e+05 -4.748946054634875618e+05 -4.312178012513343710e+05 -3.206434919469757006e+05 -2.855666216526878998e+05 -3.140534332452807575e+05 -2.705979672557441518e+05 -1.990431522269505076e+05 -6.137706823647022247e+04 2.349495077715248801e+06 5.131263693810919300e+06 3.366327822131595574e+06 5.058713492000228725e+05 -1.824657520593623631e+05 -2.771914077026303858e+05 -3.755733956972826272e+05 -4.352293193020166364e+05 -4.423124519089458045e+05 -4.803206258936449885e+05
-2.445264283643335802e+05 -2.374789261579279555e+05 -1.631990130443590460e+05 -9.070987797749706078e+04 -1.612848071526968852e+05 -1.658939483680296689e+05 -9.160692490928340703e+04 -8.298715091601479799e+04 -7.496093663503427524e+04 -7.682449385174550116e+04 -1.468995339935627999e+04 3.733518522058147937e+04 1.408678248000796884e+04 3.723163883492816240e+04 1.106277405994478031e+05 9.415384725492901634e+04 3.136982571159023792e+04 3.555422867822926491e+04 -3.064595772768370807e+04 -6.777651745942421257e+04 -5.355615024687699042e+04 -8.566059448930900544e+04 -6.563988825248106150e+04 -2.561159580014651874e+04 5.645186298992513912e+04 1.733243704884077888e+05 2.354339932330186712e+05 2.585637918743309565e+05 2.719300311862023082e+05 3.125230800418650033e+05 3.062986913882197114e+05 1.999429994827364571e+05 1.367178506101490930e+05 1.065249314001994208e+05 1.593896698904922232e+03 -2.872930806421232410e+04 1.316748421406373382e+04 -5.354717108828504570e+04 -1.233309811871731654e+05 -9.019149663392431103e+04 -5.498592351155844517e+04 -4.650333601224701852e+04 -7.333363762707449496e+04 -7.164803832652955316e+04 -3.145413922437001020e+04 -6.272193731507286429e+04 -1.237329262087591924e+05 -1.695364892884383444e+05 -2.121530700189718045e+05
1.058402782195480540e+05 -2.779235910216835327e+04 -1.640526181436141487e+05 -1.621983047691171523e+05 -9.327521659783087671e+04 -9.816495450853835791e+04 -2.443706530379131436e+04 5.432647011941298842e+04 6.318811075878352858e+04 9.593435252259951085e+04 1.568510998267449904e+05 2.779266522155374987e+05 3.936495664156971034e+05 4.507983598520511878e+05 5.930262160685376730e+05 7.498190533631718718e+05 7.901193830888955854e+05 8.278374008508395636e+05 8.648667695419860538e+05 7.562301226047563832e+05 5.606848108128171880e+05 2.860530573973655701e+05 -1.099940563162092585e+05 -4.850927726225918159e+05 -7.462861136341236997e+05 -8.345372664707243675e+05 -8.061249775520986877e+05 -7.131978500256094849e+05 -5.593825325323269935e+05 -4.468129322386808926e+05 -3.830999542673816904e+05 -3.162347643758406048e+05 -2.738357742800156702e+05 -2.668974171846637037e+05 -2.322182959236667957e+05 -1.925413712346924003e+05 -2.172527297475609230e+05 -2.472972848173235543e+05 -2.471528465102892369e+05 -2.474279219255542848e+05 -2.447293074551273603e+05 -2.349181752785812132e+05 -2.270192301069612149e+05 -2.239029008283980656e+05 -2.509113823994996492e+05 -2.474674245447376743e+05 -2.061889108218024485e+05 -2.524151856562807225e+05 -3.632261797768259421e+05
-1.708484904438956873e+05 -2.805004577443469316e+04 7.771004494221403729e+04 1.139948129234834341e+05 1.133899046498117968e+05 7.374075543077208567e+04 7.798986611538566649e+04 1.219588102283888729e+05 1.309441290161340730e+05 1.633115318784256815e+05 1.544680130126653239e+05 1.021938482817496406e+05 1.136101769609376788e+05 1.703518589161103009e+05 1.741959412576397299e+05 1.926166440855015244e+05 2.674544257501839893e+05 2.714224362437379314e+05 3.438545989384873537e+05 5.119049716793232365e+05 6.276182906480961246e+05 7.670452625554754632e+05 8.867844450403952505e+05 8.537123747309665196e+05 6.246607788512476254e+05 1.564640012523168698e+05 -4.345372356538437307e+05 -9.589564184489443433e+05 -1.317238347342353314e+06 -1.407448852888191119e+06 -1.273888756709056906e+06 -1.035412214554963284e+06 -7.870841336896446301e+05 -5.064734772552043432e+05 -2.670858578011391219e+05 -1.595754379912978038e+05 -4.832964555127499625e+04 5.738384021795378067e+04 1.244207937252938282e+05 1.566665473487223499e+05 1.247876298154005781e+05 9.967230083595495671e+04 1.062107567442578729e+05 7.490275317977648228e+04 1.277170440065697767e+04 -8.537936434324341826e+04 -2.125705670763279777e+05 -2.937244163657294121e+05 -3.386347829300165176e+05
7.054295422858570237e+04 5.627481233095750213e+03 -9.604512588470219634e+04 -1.633681444200919941e+05 -1.298038960178382695e+05 -1.351256761327385902e+05 -1.653170349518768489e+05 -1.557435573631664738e+05 -1.464461691939506563e+05 -1.830274128646122990e+05 -2.263760254037334817e+05 -1.751991327933503489e+05 -1.295634028367930587e+05 -1.418871287006185739e+05 -1.719886226922971546e+05 -1.876786631735741103e+05 -1.477287249756047095e+05 -7.481142427190204035e+04 -7.062368665123352548e+04 -1.430628737283404625e+05 -9.549359264026867459e+04 -2.328972516872460255e+04 -7.332094717829040019e+04 -6.982563623227190692e+04 -2.143109537952108076e+04 -7.485358428093604743e+03 -1.590983331843756605e+04 5.602244842448271811e+03 8.897335666639247211e+04 1.319668660324531374e+05 1.249774087790864869e+05 1.210963540693048562e+05 1.619694621086823463e+05 1.342537004541375209e+05 6.601487220556006650e+04 1.379763390141302953e+05 1.466383558179947140e+05 4.883661102911000489e+04 8.169022019661463855e+04 1.137320848822124972e+05 4.863337332266365411e+04 5.734388680313693476e+04 9.734874756541076931e+04 3.297543555498070782e+04 -2.936674317519651959e+04 -2.685419929039193084e+04 -1.535765352606554225e+05 -3.025672699871926452e+05 -3.486814044427530025e+05
-2.338336108624937478e+05 -2.321912283357232809e+05 -2.323808324517451692e+05 -1.975228733062976971e+05 -1.648159522691275924e+05 -2.044846354186297394e+05 -2.002394345309585333e+05 -1.224248304049256258e+05 -1.465640999999595806e+05 -1.830285585054662079e+05 -1.245519254147070460e+05 -7.385262502648402005e+04 -6.285709054383914918e+04 -7.517931439098902047e+04 -2.502644278574734926e+03 5.014273880573455244e+04 5.535962799913296476e+04 1.280503568961285055e+05 2.007629790093051270e+05 3.326997547934297472e+05 4.480389928258946165e+05 5.542252732854105998e+05 8.102689846506123431e+05 1.084737622950923629e+06 1.403694851584150922e+06 1.822865085022056708e+06 2.182992554609081708e+06 2.400707304025422782e+06 2.407537672249599360e+06 2.204193877634241246e+06 1.848505230869632214e+06 1.395726560046314262e+06 9.233562614454478025e+05 4.206416806002389640e+05 -1.185365733719673008e+05 -1.116526739514079876e+06 -4.302145549568239599e+06 -7.112973724230553955e+06 -4.992346648129760288e+06 -1.417348777875882108e+06 -1.452352045674326364e+05 9.731656290648947470e+04 2.030288045929044019e+05 2.730142089258888736e+05 3.425714184099345002e+05 4.103960598056425806e+05 4.495956942223720253e+05 4.641896663000794360e+05 4.811804834869592451e+05
-3.298391833348430810e+05 -3.966991346207215101e+05 -4.649690244003430125e+05 -4.306519240152555285e+05 -3.313709106057649478e+05 -3.373833770741474582e+05 -2.996860065334475948e+05 -2.225182718556608306e+05 -2.123190447263186797e+05 -1.480229950253851712e+05 -1.244048420165202115e+05 -1.753158501663710922e+05 -1.316151706036180258e+05 -7.718021524487994611e+04 -1.396915018663275987e+05 -1.217891219153534621e+05 -5.089258841413538903e+04 -8.029577396751847118e+04 -7.586346876516472548e+04 -4.790829977428074926e+04 -6.934613248740811832e+04 -1.318482178013075609e+05 -1.478060607344380114e+05 -7.849699909740593284e+04 -6.317033079103589989e+04 -8.193799844244471751e+04 -1.247202636720614973e+05 -1.382129155041186605e+05 -8.847851988219190389e+04 -1.108045519102597609e+05 -1.185173962416590657e+05 -8.965615631255810149e+04 -8.127469415601855144e+04 -3.936906875751493499e+04 9.567119528481317684e+04 7.007861431461037137e+05 3.407843554209111258e+06 5.768752981398148462e+06 3.057800259306106716e+06 -1.372785727490550373e+06 -3.385736185594005510e+06 -3.926582484618417453e+06 -3.610626035045706201e+06 -2.538974503820644226e+06 -1.340079042447621468e+06 -5.751006002799826674e+05 -2.032130578556088731e+05 1.049290332302777097e+04 1.598978474800214171e+05
1.400109412503663916e+05 2.057750886020949110e+05 2.370062699576374143e+05 2.038664769142633304e+05 1.352882246178342029e+05 9.555982575460802764e+04 6.609082125942222774e+04 9.443800603621639311e+03 -1.343818232999183238e+04 -1.665184393117669970e+04 -6.018636898836120963e+04 -1.439992547436852474e+05 -2.010983713588209357e+05 -2.471548202319536358e+05 -3.749429886630966794e+05 -6.890970059233959764e+05 -1.415455088494345313e+06 -1.874877537582651014e+06 -1.372684897368307691e+06 -7.494639026612273883e+05 -5.394977611559438519e+05 -5.011710466397926211e+05 -5.169099935784479603e+05 -5.155859134439378977e+05 -4.998490015650168061e+05 -5.510096412105481140e+05 -5.936123636289266869e+05 -5.742267119139442220e+05 -6.238102649932256900e+05 -6.444808683783044107e+05 -6.194849228765815496e+05 -5.912153324048276991e+05 -4.823669119749711826e+05 -3.398691349301952869e+05 -2.045280564890718088e+05 -9.940325146075338125e+04 7.805064809683244675e+04 3.507048131281044334e+05 7.154930830013463274e+05 1.275808670575493947e+06 1.807960264515718911e+06 1.979558896108650602e+06 1.585780814774330007e+06 7.301269355462836102e+05 -9.134277268254407682e+04 -5.160996479709852720e+05 -6.053574013203624636e+05 -5.892577593919106293e+05 -5.718240478256382048e+05
-2.243764214386460371e+05 -2.257142408465733752e+05 -1.947911854751873761e+05 -1.611705074994822498e+05 -1.960715171624906361e+05 -2.354603585542644141e+05 -2.314174835156881018e+05 -2.544667311728701461e+05 -2.438542616192719433e+05 -2.138514326571020065e+05 -2.904378537851155852e+05 -3.077413013268962968e+05 -2.985043544886865420e+05 -3.114234154130098177e+05 -2.402823541202814376e+05 -2.426853524404542986e+04 6.407559646840665955e+05 1.008683751379139372e+06 3.497901501844170270e+05 -3.861732547223799629e+05 -7.062620487378430553e+05 -8.994008703442523256e+05 -1.014057639200474950e+06 -1.045590055023203255e+06 -9.634304535930270795e+05 -8.489576034422493540e+05 -7.261246013652996626e+05 -5.415842085535419174e+05 -3.597122968512116931e+05 -1.820624100085110404e+05 -2.549810220545623451e+04 6.808064220938878134e+04 1.759774071781430393e+05 2.843551818077680655e+05 3.193279156356579624e+05 4.227557722723572515e+05 5.984401310363316443e+05 7.370931171113636810e+05 9.012650323519476224e+05 1.095551621252668090e+06 1.295886711337373825e+06 1.433334497089965735e+06 1.369417597499555908e+06 1.075858389846980572e+06 6.829415839992028195e+05 3.243475448194651399e+05 -5.894438101386372000e+04 -4.354400467214840464e+05 -7.451029490475654602e+05
-5.364197095914272359e+04 -1.223639854247449257e+05 -1.587706748920026876e+05 -1.588575232360744558e+05 -1.609388037567259744e+05 -1.345503508357796818e+05 -1.307829070946899592e+05 -1.537481953977841185e+05 -1.430866344424431445e+05 -1.795096894016023725e+05 -1.900493409240152687e+05 -1.745706857327604666e+05 -1.989095453376648948e+05 -2.119258128217187477e+05 -2.070238990546202986e+05 -1.573881379642989486e+05 -8.978900644870009273e+04 -2.018004345474764705e+04 1.713664097303990275e+04 1.085592850751709193e+05 2.835096773359682411e+05 4.203438465105136856e+05 5.030892718734694645e+05 5.690407942380986642e+05 6.166736578510606196e+05 5.974879602820145665e+05 5.206486475560810650e+05 3.735605474247139064e+05 2.572039113973731874e+05 2.029142885719190817e+05 9.394643529783957638e+04 -4.415725760744023137e+04 -1.994102086708883289e+05 -3.857611336698750965e+05 -5.460992580436868593e+05 -6.711279481212836690e+05 -7.881529867619974539e+05 -8.750930816924681421e+05 -9.042699623724907869e+05 -8.706633161165495403e+05 -7.642154620628575794e+05 -6.231067394162544515e+05 -5.194156297366120853e+05 -4.799223219783753157e+05 -4.440762651339182630e+05 -3.104257283953479491e+05 -2.670995269378190860e+05 -4.465712268819296733e+05 -6.899611633754018694e+05
-1.997406284848687937e+04 -1.545111268799519457e+05 -2.238988478726241447e+05 -1.912519210373283422e+05 -1.934037024050485343e+05 -1.999532471661222517e+05 -1.305975296249379753e+05 -8.788684600905980915e+04 -7.719053228211123496e+04 -1.509658438211772591e+04 7.286203808151197154e+04 8.831428773875825573e+04 1.295964693068526103e+05 2.479509123368187575e+05 3.185445922426878242e+05 3.350347302498996141e+05 3.692183138593101758e+05 4.710648971749467892e+05 5.077686370175796328e+05 4.666820585989624378e+05 4.759004093764808495e+05 4.475746055273336824e+05 3.981686124735285994e+05 3.319724475976545364e+05 2.153565950988556724e+05 6.539083397889067419e+04 -1.414222560584314633e+05 -4.176548028504482936e+05 -7.604418047791105928e+05 -1.008029538596165134e+06 -1.049477175408391980e+06 -8.917840016278208932e+05 -5.560038888797893887e+05 -2.196523792186059291e+05 4.356675800634594634e+04 3.079506513290101429e+05 5.147082975372906076e+05 6.208728957612777594e+05 6.214831862918798579e+05 5.871867299510615412e+05 5.290988883894173196e+05 2.465352132264549145e+05 -2.339727531548117986e+05 -8.404047742881857557e+05 -1.288279011574342381e+06 -1.153207949190397281e+06 -7.843263439205476316e+05 -6.059790154674547957e+05 -5.240992946608336642e+05
-4.383032188413199037e+05 -2.481962779664900154e+05 -1.231456472119316459e+05 -1.562486391101265326e+05 -1.912203715363284573e+05 -1.329802527412538184e+05 -1.295523790997685865e+05 -1.524372339906404959e+05 -1.417232462309767725e+05 -1.131293650117004290e+05 -1.238635114493081346e+05 -1.413937342795543373e+05 -1.012405155180022120e+05 -1.468138800840824842e+05 -1.417628548032371327e+05 -6.066023465187754482e+04 -1.249623504641929176e+05 -1.214150089741449337e+05 -5.190511059656273574e+04 -5.995300061127636582e+04 -5.046834302425850183e+04 -4.470926392183173448e+04 3.796902936650463380e+04 1.359081220615191851e+05 1.838596072094517294e+05 3.611615624971447978e+05 5.464278257347177714e+05 5.964872381062024506e+05 5.466760018025524914e+05 1.032071352144685807e+05 -5.903940614347795490e+05 -7.266973540949400049e+05 -2.944094660721045220e+05 1.060038811614499427e+05 2.061817284516289365e+05 2.102914656302890508e+05 2.550125494616802316e+05 2.323113319522240199e+05 1.691782190836968366e+05 1.361311217461476335e+05 2.087183831416779431e+05 3.797184248012487078e+05 7.068925648217536509e+05 1.261112119053728413e+06 1.616005800141140819e+06 1.423006649292070419e+06 9.493624443648143206e+05 5.136923376255454496e+05 1.438505494460612535e+05
-2.719644246785900323e+05 -4.068824273860082612e+05 -5.093721689784431946e+05 -5.103330462466691388e+05 -4.808734573016408831e+05 -4.879720450309105217e+05 -4.850212002731857356e+05 -4.435830007900949568e+05 -4.008766384160846937e+05 -4.053388102556345984e+05 -3.516911577817518264e+05 -2.724147923797136173e+05 -2.978372445312561467e+05 -2.785730004613287747e+05 -1.438671581394737586e+05 -6.320810842327773571e+04 -6.250055782729759812e+04 -5.884068270795932040e+04 4.326471442647743970e+04 1.328625023300987668e+05 1.100127995939687826e+05 1.813019173417706043e+05 2.317573102342435159e+05 2.322049220424378291e+05 2.803922773158410564e+05 2.951058775495039299e+05 3.504263977485238574e+05 4.985595046327223536e+05 9.045910636719767936e+05 1.631734704949777806e+06 2.301603441387995146e+06 2.290873893871322740e+06 1.613301382334329188e+06 9.382181576627781615e+05 5.816779175517144613e+05 4.221120592701476999e+05 2.718200807919488288e+05 8.780312049726536497e+04 -7.130925774981733412e+04 -2.640948595869112760e+05 -8.970810322696408257e+05 -2.298714629364544991e+06 -3.253152859405372757e+06 -2.405493080581651069e+06 -8.908969745948046912e+05 -8.342861980956490152e+04 2.191016861982655246e+05 3.967872830171813257e+05 5.429294736642534845e+05
-1.075546997791387839e+05 -4.969600077194633195e+04 8.590338977519480977e+03 7.682714886614121497e+03 -2.713301564566791058e+04 -1.775541615788824856e+03 1.392428451799787581e+03 -5.356043312640400836e+04 -7.490716903354047099e+04 -7.917672545474485378e+04 -1.219898536015536520e+05 -1.718184012884740368e+05 -1.975489290634868084e+05 -2.104755198844940460e+05 -2.696344084024893818e+05 -3.832796175702245673e+05 -4.158455004647842725e+05 -4.128331480419727159e+05 -4.730038506741400342e+05 -5.142715004261116264e+05 -5.385624668939264957e+05 -5.967674311203882098e+05 -6.109125116962252650e+05 -5.149600571772316471e+05 -4.036274826206499711e+05 -3.896298351825675927e+05 -3.669006345001980662e+05 -2.524283765011932701e+05 -2.044029881514138542e+05 -1.910912089043990709e+05 -1.052927179029211402e+05 -1.521451739885332063e+04 -5.135222112294286489e+03 6.152148603578098118e+03 7.425165298103773966e+04 1.431553840549895540e+05 2.210082291561411694e+05 2.967311307397908531e+05 3.956605414097430184e+05 5.883142871101140045e+05 1.175206951372680487e+06 2.532130343582827132e+06 3.528145383192449808e+06 2.695977414083896670e+06 1.122437167289907346e+06 2.598885783442524262e+05 -7.727716438705241308e+04 -2.498636332532609813e+05 -3.582005621673241258e+05
-1.335879245867254212e+06 -1.091521608965703985e+06 -7.196118669956922531e+05 -3.099810180132039823e+05 -1.551595344586530700e+05 -1.625128005893207155e+05 -1.284326037601567805e+05 -8.832731130765797570e+04 -4.611732075747568160e+04 1.279147552093490958e+04 2.106244246242567897e+03 -1.569358057749923319e+04 5.372828692372422665e+04 1.049643294897396117e+05 1.105210982658900321e+05 1.571905128651992418e+05 2.207308936701160856e+05 2.882127975497860461e+05 2.929940636624814942e+05 2.843205288739409298e+05 3.562981978681627661e+05 3.951728004700271413e+05 3.500346004584576003e+05 2.857692542130828369e+05 2.365817899908868130e+05 1.863435840117747430e+05 1.451263997174096294e+05 9.895944275369402021e+04 1.844260808662534691e+04 -3.242571849958039820e+04 -1.176331050926819444e+04 -1.847634178062458523e+04 -7.236842695449036546e+04 -9.292566098098154180e+04 -5.707572697661817074e+04 -5.279901825939281844e+04 -3.886445244017499499e+04 5.423023239127360284e+03 -2.348286025109700859e+04 8.975638542324304581e+03 8.293736586172645912e+04 6.049584582215221599e+04 3.241409425158030353e+04 7.223404986958531663e+04 1.062678997404873371e+05 1.106998313392973505e+05 9.463276438822527416e+04 1.854420006158854812e+04 -8.916713874903600663e+04
1.072260994392563123e+06 8.105463347228942439e+05 4.549511386913945898e+05 1.369855003588599502e+05 7.271642746636644006e+03 -3.122936957399360472e+04 -2.862923651409799641e+04 -2.014292041945737583e+04 -9.629768441664069542e+03 -1.439800726657267660e+04 -2.494024606130554457e+04 -4.295974801410919463e+04 -6.381320158252492547e+03 4.434170603053641389e+04 -1.381225067714694887e+04 -1.808991603319009300e+02 6.170528103131805256e+04 3.266661148867569136e+04 3.664897396753075009e+04 9.014064135029909085e+04 9.631786817451928800e+04 7.119443758565462485e+04 5.867844188178433978e+04 8.946260097669418610e+04 1.348092479445040226e+05 1.157180876424536400e+05 1.070385467674350948e+05 1.248788829729894642e+05 1.079533468023874448e+05 5.755693070415855618e+04 4.533909072051738622e+04 7.193737555643951055e+03 -1.400900890771300765e+05 -2.227124398393789306e+05 -2.812034633377335267e+05 -4.348821775946994312e+05 -5.143004318990276661e+05 -5.313737370882891119e+05 -5.586825281422350090e+05 -5.252159609604845755e+05 -4.500265863793904427e+05 -3.146585729089579545e+05 -2.171690240059974603e+05 -1.767523293924750760e+05 -4.840548566484474577e+04 8.329802461783378385e+04 1.036991208867402747e+05 3.407051948248478584e+04 -6.725551253999769688e+04
6.406306634598874371e+04 5.422124016855377704e+04 4.584797582123427856e+04 4.399353969318326563e+04 9.273822107934392989e+03 -6.023399839643386076e+04 -5.805193037027490936e+04 -1.890988355095032966e+04 -4.006188881234262226e+04 -1.078885864361654531e+05 -1.182179062091745291e+05 -1.051799147925339639e+05 -1.641658248717430397e+05 -1.451656791020649543e+05 -1.086303453799336567e+05 -1.901552560878919903e+05 -2.237029197171797277e+05 -1.586015625426080078e+05 -1.547338511637643678e+05 -1.963179557060356019e+05 -1.910959541564806132e+05 -1.526456019445322454e+05 -1.323005544429181609e+05 -1.644429935427613091e+05 -1.827136891509871930e+05 -1.077193733653984964e+05 -5.244772763224318624e+04 -6.527945404232013971e+04 1.217961777117988095e+04 1.195466798753477633e+05 1.702470749086933210e+05 2.585326391021965537e+05 3.954503875382953556e+05 5.019750242441656301e+05 6.635622368269835133e+05 8.553973844612477114e+05 9.643559008993904572e+05 1.041211640755647793e+06 1.044739635222358513e+06 9.835788094782009721e+05 9.018977841304158792e+05 7.852990716445511207e+05 5.685480037570218556e+05 2.965242461120937951e+05 1.806112049555126578e+04 -3.185266213887361810e+05 -2.202723905789335724e+06 -5.584108855345942080e+06 -8.935025541136153042e+06
3.633138680597767234e+04 8.785239919088783790e+04 7.890544822614174336e+04 1.458515187492594123e+04 4.217454361612908542e+04 9.770827887929038843e+04 6.846961232775350800e+04 4.457406495232140878e+04 5.450012944056652486e+04 4.919479469186626375e+04 8.073427083436399698e+03 -1.043406702461652458e+04 -7.557630067458376288e+03 -5.071075012674555182e+04 -1.077881499525391846e+05 -1.271362233959371806e+05 -1.609299169760197692e+05 -2.523369589971842943e+05 -2.797619666898389114e+05 -2.902633111987960292e+05 -3.484557575482171378e+05 -3.411316741589686717e+05 -3.507519835268618772e+05 -4.137002815539014991e+05 -4.015709401050113374e+05 -3.281247254041954875e+05 -3.034500552585814148e+05 -3.153758440038661938e+05 -3.014188307040603831e+05 -2.574574205180397257e+05 -2.387159463210261893e+05 -2.128542060888137203e+05 -1.697653321514378767e+05 -1.570499156153528020e+05 -1.207918100402457640e+05 -8.613664699951140210e+04 -3.919265201664529741e+04 7.502378725912421942e+03 1.195500768197234720e+04 4.575807592016644776e+04 9.016822227800777182e+04 9.870783145015640184e+04 1.005927837913623080e+05 1.100621018582028337e+05 1.438205883739283308e+05 1.503588376584227663e+05 1.646812972140631173e+06 4.715188931277331896e+06 7.814463513892158866e+06
-7.991911992314271629e+04 -3.067306923097930849e+04 -4.067985367553774267e+04 -7.408729771734203678e+04 -4.735029317613225430e+04 -8.480697569670155644e+04 -1.760266804427372990e+05 -2.625785698933763197e+05 -4.383160642854635371e+05 -5.676057774462967645e+05 -5.469371730776042677e+05 -5.357403314829571173e+05 -5.040623796463476028e+05 -3.928594692540355027e+05 -3.264665735414018854e+05 -2.543199806509073824e+05 -1.958528867142745294e+05 -2.250283266347832978e+05 -1.904622044286224991e+05 -1.081698779982980341e+05 -1.046261898742527701e+05 -1.586737865820759907e+05 -1.358514066349016502e+05 -7.423005031363526359e+04 -6.254958282865118235e+04 -2.067555687157437205e+04 4.882914054323453456e+03 -6.146795253152959049e+03 7.709823604091536254e+03 5.167691863724030554e+04 7.052804733859421685e+04 6.578751284105284140e+04 7.817672118777409196e+04 1.222939295490509830e+05 1.899088515539187938e+05 2.246134482079651207e+05 2.095778976229485124e+05 2.255374582100198604e+05 3.237621805584058166e+05 3.891130557708665729e+05 4.340354581305305474e+05 5.051399100694113877e+05 6.008375148498439230e+05 7.669965168065414764e+05 9.887994920474016108e+05 1.277643223273331532e+06 1.523531768310934771e+06 1.620062496447931044e+06 1.653326588124005590e+06
-2.017164413083812688e+05 -1.529118955403100699e+05 -1.018608360970395152e+05 -1.048162301146658137e+05 -1.090540541982045397e+05 -2.376950750884111039e+04 1.000410097208805382e+05 1.980129067000236828e+05 3.302959524572361261e+05 5.093749661656329408e+05 5.926555794227174483e+05 6.049360545992387924e+05 5.451320202008354245e+05 5.033037834858985734e+05 5.395365391275843140e+05 5.194284743833124521e+05 5.163555732200623024e+05 5.488295638753331732e+05 5.523675772891145898e+05 5.723338659876023885e+05 6.361634142149698455e+05 6.436164591700066812e+05 5.746191294398168102e+05 5.433624437666730955e+05 5.224934232345544733e+05 4.697306965477759950e+05 4.038872852531494573e+05 3.324670015368615277e+05 2.224548570980555378e+05 1.968226401251694188e+04 -1.460423945792717859e+05 -2.405307117762286216e+05 -4.407509156869496219e+05 -7.019793496123743244e+05 -9.094853666925337166e+05 -1.181556079023865983e+06 -1.470344373877159785e+06 -1.605860416263461113e+06 -1.631682803155853879e+06 -1.443963923323313473e+06 -1.061867907697451301e+06 -7.494634000147948973e+05 -5.053000913554555736e+05 -3.118801911710756831e+05 -1.862101084861210547e+05 -8.580176018411293626e+04 -2.169993854826269671e+04 2.323926986020524055e+04 6.771192800195328891e+04
-7.343852380290627480e+04 -2.565147390356287360e+04 -5.629142461693729274e+03 -3.881627082533668727e+04 -7.326350363437086344e+04 -7.943132437707390636e+04 -7.878121999034186592e+04 -7.409038887650240213e+04 -9.610633987351326505e+04 -1.021132060949457227e+05 -8.033803067344706506e+04 -9.977674572088295827e+04 -1.303884388995356276e+05 -1.106250892806564807e+05 -7.508299435779916530e+04 -1.269465043419042486e+05 -1.305852959380719840e+05 -6.841591400851026992e+04 -9.547158496920015023e+04 -1.060733203665585752e+05 -1.047922073502557323e+05 -1.268685287924017466e+05 -1.008220255112976010e+05 -1.002056243369586882e+05 -1.217555530462414026e+05 -1.137130406755022123e+05 -1.463582747278271127e+05 -1.544888366805392434e+05 -1.423265162686583353e+05 -1.612970773084089160e+05 -1.738700615020933328e+05 -2.067609643255133415e+05 -1.622439543076334521e+05 -8.758287461765576154e+04 -5.097534582891943865e+04 7.413713411195168737e+04 3.058592639787825756e+05 5.386910064663980156e+05 6.064977960678515956e+05 4.903075102798161679e+05 2.926124076225091703e+05 8.572838467720529297e+04 -3.681479751248833054e+04 -8.772449564072341309e+04 -1.145416456478416803e+05 -1.360376377915959747e+05 -1.616228307329587115e+05 -1.127744722296490218e+05 -3.053366441743448377e+03
-2.744549798645310802e+05 -2.886471103521762416e+05 -2.997911213757470250e+05 -3.031981258047744050e+05 -2.777820492326281965e+05 -2.537647313892375678e+05 -2.843712851870803861e+05 -3.120303759683158714e+05 -2.750951888709098566e+05 -2.215581827855203301e+05 -2.294483664265137631e+05 -2.196292051271304954e+05 -1.916557600296800956e+05 -2.015892905992222950e+05 -1.968150083528598770e+05 -1.894300686573844869e+05 -1.330721332022221759e+05 -1.020857254764994141e+05 -1.290303919464349747e+05 -1.092130188032751903e+05 -4.861020932381507009e+04 -9.372766888118349016e+03 -1.117279922182206064e+04 2.051621187536511570e+04 5.822821132431272417e+04 1.256421417329693213e+05 2.166459156677590217e+05 2.711725181050135288e+05 3.435693204437845852e+05 4.459929199947509915e+05 5.555743586970488541e+05 6.463510858104580548e+05 7.530281859921548748e+05 8.284889169875528896e+05 8.358252172841455322e+05 7.481420597544639604e+05 5.236815530306186411e+05 2.087138239323397866e+05 -1.801324823708264157e+05 -6.302996644104114966e+05 -1.010379467536698328e+06 -1.158145970850020647e+06 -1.161809478134961566e+06 -1.062851208382636309e+06 -8.476198220887482166e+05 -5.955382531211930327e+05 -3.749112931871782057e+05 -2.913507863308759406e+05 -2.997099742747331038e+05
-2.693096309190149186e+05 -2.837590676813852042e+05 -2.949481459619709058e+05 -2.983924954378744005e+05 -3.030388141929870471e+05 -3.086578898318111314e+05 -2.796868937381076976e+05 -2.484019442636055173e+05 -2.421713010803797515e+05 -2.189264313143211184e+05 -1.960896029387369053e+05 -1.867602953553432599e+05 -1.898174438747810200e+05 -1.690570733917411417e+05 -1.343613872316200286e+05 -1.278630896605320740e+05 -1.018639589258239139e+05 -7.130229787086113356e+04 -6.816070035391021520e+04 -7.828426915337331593e+04 -4.910615864500892349e+04 -9.725056305760517716e+03 2.084657242056005634e+04 5.319586437253747135e+04 2.895654151157918386e+04 4.067933713085949421e+03 3.630941422772593796e+04 9.215744744695257396e+04 1.329189671721542254e+05 1.130646161612817086e+05 4.072150514228292741e+04 4.148403088387637399e+04 8.730111264740116894e+04 1.012787003687117249e+05 1.381463388144038618e+05 2.009911110508253332e+05 3.103416596894386457e+05 4.817659282247778028e+05 6.408092133369059302e+05 7.710865315544630866e+05 8.206682389631181723e+05 7.071694431279341225e+05 5.251528935524388216e+05 3.546200088993643876e+05 3.002817602053985465e+05 3.737930297740958631e+05 4.500224828353393823e+05 5.450687970302507747e+05 6.695248566346615553e+05
4.547511175042134710e+03 -6.933105957345105708e+04 -1.100758789497193939e+05 -1.431771381339057698e+05 -2.070270657347282395e+05 -2.118772456492297351e+05 -2.132556132628814667e+05 -2.726994947984351311e+05 -3.268831922026585089e+05 -4.521922682027796982e+05 -6.952953719405930024e+05 -1.250907288265298121e+06 -2.087733229380682111e+06 -2.217302117454818450e+06 -1.295416123832109850e+06 -3.713657395920017734e+05 1.071809716697223485e+04 1.302327186276670545e+05 1.931908288714475930e+05 1.839661317749414593e+05 1.528417979326331988e+05 1.629817277379324660e+05 1.362283908849349245e+05 7.962279425584757701e+04 2.405241976375645027e+04 -2.079057409428060055e+03 1.693402935052290559e+03 -1.438199846306815743e+03 -2.198611602012487128e+04 4.738048348401207477e+04 1.554069239401724190e+05 1.871216321625988930e+05 3.236838878627172671e+05 4.883940669381991029e+05 6.163463162205875851e+05 8.307417950488156639e+05 1.031930857244879007e+06 1.235161740148325916e+06 1.486612979705095291e+06 1.740255925304368138e+06 1.974337863525147317e+06 2.167167067238482181e+06 2.231824271901853848e+06 2.096613494594351389e+06 1.835049673665203620e+06 1.427328726124829613e+06 9.934605127113163471e+05 7.922234609682327136e+05 7.410261773288808763e+05
-6.426776298094773665e+05 -5.994375595188466832e+05 -4.940988974348874763e+05 -3.227006201719632372e+05 -2.406305106676882133e+05 -1.875729175959713757e+05 -7.241656140366103500e+04 1.436602555972058326e+04 1.074608700216049328e+05 2.487938420515274629e+05 5.399518969003120437e+05 1.201585990084567107e+06 1.999840535013935529e+06 2.054632313602486858e+06 1.201740715155028505e+06 3.772284700488669332e+05 1.758937006176006980e+04 -1.306942105648340657e+05 -1.575426838389830664e+05 -7.801126942329574376e+04 -2.083711222396278754e+04 1.887695064477133565e+04 1.123822131584167946e+05 2.354383051785407588e+05 3.582817182759754360e+05 4.808874302566980477e+05 6.064752016781131970e+05 6.656543528713531559e+05 7.057762578874821775e+05 7.754126850928876083e+05 7.948978580802211072e+05 8.297336461470711511e+05 8.782402947207484394e+05 8.642568739404664375e+05 8.133076406561301555e+05 7.873129567631983664e+05 7.486925798445004039e+05 6.516267083177817985e+05 5.714421686949203722e+05 4.037959605880300514e+05 1.544045456143780611e+05 -7.996321060869237408e+04 -3.834659748547696508e+05 -6.754097142908745445e+05 -9.420765353267779574e+05 -1.143511067522919504e+06 -1.094894305114286253e+06 -9.579765289841433987e+05 -8.806917714158575982e+05
-1.961277784826233983e+05 -9.341875298414385179e+04 -4.575552183610852808e+04 -4.948789117624983191e+04 -5.436374248878564686e+04 -8.801655130111600738e+04 -6.065330981567967683e+04 -3.330031523422815371e+04 -8.818979812087491155e+04 -6.534616334596637171e+04 -4.018405739916488528e+04 -9.113015256298240274e+04 -9.683965760399587452e+04 -1.034524338948540390e+05 -1.284076136874499498e+05 -6.579064037476200610e+04 -6.936697416997025721e+04 -1.579976233048364520e+05 -1.257823579711839557e+05 -7.577911986387334764e+04 -1.088692824193276465e+05 -1.576449707068968564e+05 -1.502580033842243720e+05 -8.605633696250151843e+04 -8.545578466146276332e+04 -1.147424229671012145e+05 -7.642227521806489676e+04 -4.541401654481887817e+04 -6.736021776858228259e+04 -6.016442318388726562e+04 -1.217128907272126526e+04 -6.614940823056036606e+03 -1.880351606931118295e+04 2.441853625990916044e+04 6.073345192009583116e+04 3.192152840085327625e+04 8.064163954986771569e+04 1.607002078386726789e+05 1.078860816324595362e+05 1.182479612925087567e+05 2.267564599512850400e+05 2.608044821757362224e+05 2.575362900155589450e+05 2.675925078894949984e+05 3.354330180707619293e+05 4.402552343549893121e+05 5.247017824632361298e+05 6.059798185393424938e+05 6.865995113429257181e+05
-4.680169066239614040e+04 -2.803841977729462087e+03 4.502221581700723618e+04 1.228677364124450833e+04 -8.005848059256095439e+04 -1.420448881085029570e+05 -1.734370550094171776e+05 -2.057913769676818047e+05 -3.197745904751354828e+05 -4.433425903855821234e+05 -5.930116913461830700e+05 -8.495325598731870996e+05 -1.061872158570331289e+06 -1.215122789204469416e+06 -1.241618082613567356e+06 -1.035463904765202198e+06 -7.469999046751772985e+05 -4.550416948221391067e+05 -2.182222776091657579e+05 8.162108695833012462e+03 1.510756339383069426e+05 2.209059691737638786e+05 3.188595539040402509e+05 3.251841200946369208e+05 3.547739778988761827e+05 3.842372468026587740e+05 3.360630480677350424e+05 3.097803120815665461e+05 2.879525258590001613e+05 2.952419481589458883e+05 2.847102929168615956e+05 2.325627344625538681e+05 2.510637235711335670e+05 2.650176891894079745e+05 2.722947158425811213e+05 3.334656249132237863e+05 3.532856023276688065e+05 3.747691387642413611e+05 5.025749031908339821e+05 6.646811814274387434e+05 8.056248318904566113e+05 9.921199976757641416e+05 1.232392449309696909e+06 1.457546777509854641e+06 1.561632897175152786e+06 1.461863330459451303e+06 1.192671711230651010e+06 9.214936496259169653e+05 7.087963411083761603e+05
4.205511133419354155e+04 -8.906761423218998243e+04 -1.580163138115312322e+05 -1.616600857477169193e+05 -1.664976484974613413e+05 -1.700182208622572944e+05 -2.309054291842039092e+05 -2.930675311363303335e+05 -2.905378493195168558e+05 -2.971770931821082486e+05 -2.709900477726480458e+05 -1.177763443574078847e+05 1.093091319309313549e+05 2.797664930263997521e+05 3.430180511454817606e+05 3.166703572380357655e+05 2.554470121616033139e+05 1.674668986536561861e+05 5.318929472763556987e+04 -1.339699202449992299e+04 -1.792032482160726795e+04 -6.561264280462660827e+04 -8.376227532571664779e+04 -7.667409481073252391e+04 -1.078585561044747010e+05 -1.099444331933045178e+05 -9.732529941655223956e+04 -9.240426745382149238e+04 -1.153809710702623706e+05 -8.024734959355532192e+04 -6.133684498141496442e+04 -1.116380716412097681e+05 -9.296226315957086626e+04 -2.066051447938673664e+04 -1.415469374740519561e+04 -4.330415835371240973e+04 5.358341364190098830e+03 5.543425089563254733e+04 9.232707809424016159e+04 1.341335405147398124e+05 1.232299077318749623e+05 1.555537962971718516e+05 2.705016420775784063e+05 3.397036758845212171e+05 3.787730725627628854e+05 4.547205552691580961e+05 4.846975990623476100e+05 4.575269531673974125e+05 4.299835234408876859e+05
-4.238102120521932375e+04 -2.304047514317791210e+05 -5.596132672805103939e+05 -1.230686955821001902e+06 -2.193973503762972541e+06 -2.808372161931473762e+06 -2.407895624057854526e+06 -1.370580714291427284e+06 -4.699564517434919253e+05 1.628716357925441116e+05 5.977616421098364517e+05 8.093964274803875014e+05 9.781879130372540094e+05 1.091837975185480434e+06 1.010219143123831134e+06 8.676682204991814215e+05 7.199922580906429794e+05 5.743740446667650249e+05 4.608411081158553716e+05 3.073448790592374280e+05 1.857969948241948150e+05 1.385844720026939176e+05 9.232053967600245960e+04 4.137642511399486102e+04 9.595845023868489079e+03 -2.240997384535137098e+04 -3.822261053253884893e+04 -3.254403560364176519e+04 -2.638358041411289014e+04 -2.111298196949064732e+04 -9.048755688243499026e+04 -8.121182357834116556e+04 -3.452834305935539305e+03 -4.955255654698680155e+04 -7.277622990950476378e+04 -1.346334157104138285e+04 5.352402432472212240e+03 -4.127286833245307207e+03 2.524284598767058924e+03 4.406228265375806950e+04 9.230233625974552706e+04 6.404648447176464833e+04 1.184020781243449310e+05 2.164365718688355992e+05 2.246657712181335082e+05 3.601239785633505089e+05 6.917553352436545538e+05 1.028205861520831939e+06 1.304206640979370102e+06
-7.678797856927849352e+05 -4.347910316730849445e+05 4.690217163821216673e+04 8.541158243984677829e+05 1.922228123526438139e+06 2.675033251024432946e+06 2.471166659168665297e+06 1.626112451230874052e+06 8.741722341853904072e+05 4.333496665215351386e+05 2.295609407435405301e+05 1.202249969454717357e+05 5.444317027402576059e+04 5.126967891410458833e+04 2.660292218031827360e+04 -3.025956546131067444e+04 -3.226343967369757593e+04 -3.754307077615521848e+03 -3.000188447243999690e+04 -6.572195881395600736e+04 -1.005659749510228867e+05 -8.874968306568893604e+04 -4.348792498756665736e+04 -6.259259189304418396e+04 -6.762854436179599725e+04 -1.020000365533630829e+05 -1.423408952093448024e+05 -7.408556891139608342e+04 -6.908063362119696103e+04 -1.532403628563042730e+05 -1.331281447154472116e+05 -9.077548874192900257e+04 -1.292152798286410107e+05 -1.165757012373071047e+05 -8.089883993146938155e+04 -1.106453983625395631e+05 -9.162636729364725761e+04 -1.262319524539636768e+04 -3.558501545805458591e+04 -2.180788275727530709e+04 5.581763007561692939e+04 5.577030443004349945e+04 1.083552165428406297e+05 1.445963093219325528e+05 1.537829071079613641e+05 2.292980725382215751e+05 2.943889931146993767e+05 3.413022430759142735e+05 3.887765810795759317e+05
-5.298551816795943305e+05 -6.577216108399447985e+05 -8.678424638701826334e+05 -9.856542206194715109e+05 -8.457794259663205594e+05 -7.028894357557874173e+05 -6.195885552273828071e+05 -4.832347205170663656e+05 -3.394993830448951339e+05 -2.876308928558136104e+05 -2.578024240490049706e+05 -1.656521424220411573e+05 -1.459737947070970549e+05 -1.763027768174651428e+05 -1.147612754988949455e+05 -5.746385152102450957e+04 -8.758207064995073597e+04 -1.174650116282282106e+05 -5.713485318352465401e+04 -3.386784227914176881e+04 -6.959503503749141237e+04 4.751284490342368372e+02 2.004059763276024023e+04 -2.611453227233141661e+04 2.394125457445636857e+04 4.520163877808966208e+04 3.780563767883001128e+04 7.993217836366978008e+04 1.129039175645447394e+05 8.590904972981641185e+04 4.865902905585241388e+04 9.395536879252234939e+04 1.151921961421618034e+05 9.848974302527487453e+04 1.051017837593098666e+05 7.562406298704454093e+04 3.622117742837866535e+04 2.662566135579258844e+04 3.647490948787992238e+03 -1.002737695293032593e+05 -2.015506483713403286e+05 -2.342023450398122659e+05 -3.041018964734385954e+05 -3.912723982305041282e+05 -4.152754373924115789e+05 -4.034828210901458515e+05 -3.403998812841019826e+05 -2.604605059692400973e+05 -2.083706452517025173e+05
1.111414513624622021e+06 1.156159063198720571e+06 1.176124508022912778e+06 1.115430772966938093e+06 9.386325547849992290e+05 6.796915484557393938e+05 4.185662446869537234e+05 2.096506962954299524e+05 -4.914293383713811636e+04 -5.416430036566453055e+05 -1.456727749993444886e+06 -2.599252355098724365e+06 -2.838936899087274447e+06 -1.863399478315258631e+06 -8.843231999402628280e+05 -5.130498195340625243e+05 -4.850760127184914309e+05 -4.867790793912715744e+05 -4.562312593788373051e+05 -4.326275501865892438e+05 -4.122414049709909596e+05 -4.295276533131254837e+05 -3.789495572267340031e+05 -2.799112277239328250e+05 -2.916686215403026436e+05 -3.319934848340924364e+05 -2.506975632742976304e+05 -1.785312456620163284e+05 -1.775261781940935180e+05 -1.495255472406279296e+05 -1.004328561585862190e+05 -8.399872575828339905e+04 -6.411053193907765672e+04 3.368487698433408514e+04 6.772241731639951468e+04 6.617397185182245448e+04 1.727429129864322022e+05 2.508018012245888822e+05 2.575377459119772539e+05 3.325469193625021726e+05 4.699986545112929307e+05 5.886819007247691043e+05 6.421538699325157795e+05 6.495672062353709480e+05 6.921622421097718179e+05 7.412224872258936521e+05 7.229822348541356623e+05 6.616898735484562349e+05 6.007498716364956927e+05
1.640673130430513993e+05 3.742209479154553264e+04 -5.653767307521752082e+04 -5.931800516438670456e+04 -6.359621058451011777e+04 -9.246532625635154545e+04 -6.698676658212207258e+04 -4.742763586342358030e+04 -2.001813765615248121e+04 2.045491659111576155e+05 9.825674451218235772e+05 2.079048073841258651e+06 2.156687956943641417e+06 1.010664613356347661e+06 3.955424077692441642e+04 -3.343352832330856472e+05 -5.057207639794801362e+05 -5.924826007563387975e+05 -6.181655274063809775e+05 -6.505295169726009481e+05 -7.159098732285182923e+05 -7.896922319475559052e+05 -8.806827962968982756e+05 -8.665562512207543477e+05 -7.359592507791233948e+05 -6.338420544768449618e+05 -4.920616827858604374e+05 -3.304182622057857807e+05 -2.429650188004598604e+05 -1.869357183197278646e+05 -1.655475010164081468e+05 -1.166475407505638432e+05 -6.648339363688163576e+04 -5.650271458085626364e+04 -5.171961414744146168e+04 -2.429096488165680785e+04 -6.269492644933110569e+03 -4.729315149772455334e+04 -4.217101451358769555e+04 2.764718707185238600e+03 -1.061759444244694896e+04 -4.482915712578687817e+04 -8.591953225317390752e+04 -1.452779355092211626e+05 -2.274822352227055235e+05 -3.646099510724878637e+05 -4.179789020004686899e+05 -3.574081746907900088e+05 -2.938031199760669842e+05
1.019472752680303529e+06 7.794961473334114999e+05 5.722150358528597280e+05 3.700035532901519910e+05 -1.289779645550879650e+06 -4.629469822220269591e+06 -5.175035592298952863e+06 -2.101718329931024462e+06 -1.052666440681791282e+05 9.007449053577147424e+04 1.230039023677818477e+05 9.920702377567073563e+04 8.902451928763184696e+04 1.481537553673842340e+05 1.804210705409058428e+05 1.496900343068409711e+05 1.506509000400546938e+05 2.071940864669158473e+05 2.676234888075849740e+05 3.222491936758159427e+05 3.725344941788347787e+05 5.015772813360674772e+05 6.148054887383488240e+05 6.322006011893970426e+05 5.350290628330542240e+05 3.516069421631984878e+05 2.371779662655896973e+05 1.130311650020305533e+05 -2.916212615149538033e+04 -1.460277307371143252e+05 -3.267802046384890564e+05 -5.096690625726492144e+05 -6.644070177897833055e+05 -9.199846913613136858e+05 -1.094767822075518314e+06 -1.073222889055614127e+06 -9.439351177954805316e+05 -6.675129069073604187e+05 -4.314004108309748117e+05 -2.709084677207276691e+05 -7.948606575955543667e+04 3.427759368205443025e+03 5.150444878148823045e+04 1.712613188923578709e+05 2.704642725770827383e+05 4.066043223266012501e+05 6.290597747301238123e+05 8.164224553736825474e+05 9.453784520341843599e+05
1.644519021420269273e+05 2.676851291500499938e+05 3.462979588093003258e+05 4.864133282401597826e+05 1.995456777015351690e+06 5.108733910142325796e+06 5.505763980459885672e+06 2.183716927151542623e+06 -7.357617777248285711e+04 -4.764735910383751616e+05 -8.126151037670206279e+05 -1.120952737219631672e+06 -1.358877453521708492e+06 -1.583853996864635497e+06 -1.666550500085576903e+06 -1.556213116810541367e+06 -1.413045117106522433e+06 -1.301601578250410501e+06 -1.157913624618085567e+06 -9.619466676033331314e+05 -7.719277995510484325e+05 -6.173392975731980987e+05 -4.766041684878300875e+05 -3.178158062766308431e+05 -2.189531829563200008e+05 -2.054999090603084769e+05 -1.187186448724239599e+05 1.623764069110620767e+04 1.026514204597331118e+05 1.576233033154858276e+05 2.673583430022695102e+05 4.644845919293602929e+05 7.208796866383657325e+05 9.669619688164668623e+05 1.093443620208417764e+06 1.097533084538299125e+06 9.458274389087446034e+05 7.338816913403584622e+05 5.374443203053674661e+05 3.805619931290845852e+05 3.104146895831220318e+05 1.886542163387651090e+05 8.943427190068177879e+04 8.938026606629136950e+04 6.874116662249481305e+04 5.336939663975453004e+04 9.409327310335403308e+04 1.625784474145607091e+05 2.336606010072836652e+05
4.207362076913700439e+05 4.677778945240424946e+05 4.902793404425026383e+05 4.881355140323285013e+05 5.125728836964117363e+05 5.426458882453151746e+05 5.393969771068075206e+05 5.561911960138245486e+05 6.387540372420337517e+05 6.923571651190284174e+05 6.990370005695152795e+05 7.327128959860421019e+05 7.231141285802000202e+05 6.424011527321997564e+05 5.327102197718340904e+05 3.594332917407155037e+05 2.199587489332770929e+05 1.913756389444461092e+05 1.953761667280923575e+05 1.949372855265391991e+05 1.591975794761674479e+05 1.169148512027459219e+05 3.323274171038065106e+04 -6.169504207849968225e+04 -1.052080213755834848e+05 -1.772986963251605630e+05 -2.587625276477774605e+05 -2.639611510565741919e+05 -2.641271783440606669e+05 -2.971995490667177364e+05 -2.738706945977178402e+05 -2.202749108930588700e+05 -1.986641735525345430e+05 -1.907738126651383936e+05 -1.873635398369515315e+05 -1.610818325995935593e+05 -1.151546095992668997e+05 -1.002667015953923110e+05 -6.734089105273620225e+04 -8.061543802847131155e+04 -1.263353272987301461e+05 -1.346369350608438253e+05 -2.087156296649475116e+05 -2.740554260951473843e+05 -2.982802188134519383e+05 -3.476735036663004430e+05 -3.705060408916333690e+05 -3.911127045995075023e+05 -4.376570025959431659e+05
-4.019709876889827428e+05 -2.974729287286754698e+05 -2.175445096445037052e+05 -2.195902883866801858e+05 -1.670180117135168985e+05 -5.153487835894338787e+04 1.532065860228613019e+03 1.018539288744796067e+05 2.113892926392145455e+05 2.933620502584379865e+05 4.428724419017093023e+05 6.179960805963494349e+05 7.786590894125398481e+05 9.553896556521065067e+05 1.016831552527728141e+06 9.293090941314591328e+05 8.198575258732310031e+05 5.922798968828280922e+05 2.827207965851991903e+05 5.428764188953209668e+04 -1.251299689401630312e+05 -2.254454588692164980e+05 -2.232531701674456708e+05 -2.327654932846780866e+05 -2.784369739028622862e+05 -2.663031938206406776e+05 -2.038340384047476109e+05 -1.800868441973584704e+05 -1.810968870163196698e+05 -1.862500447995262221e+05 -1.629790163005238865e+05 -7.997414204175560735e+04 -5.851059395703487098e+04 -7.991976294317282736e+04 -4.733839667343976907e+04 -2.090982743771770038e+04 -3.331155137449945323e+04 1.110512123734224588e+04 7.363298134179762565e+04 6.128770817711483687e+04 1.348482011153837666e+05 1.872711143625210971e+05 1.454019947716731112e+05 2.017918894212932792e+05 2.707630701636667363e+05 2.554264081455760170e+05 2.972501889691930264e+05 4.610210046375840902e+05 6.577135051070861518e+05
4.201430762064407463e+05 4.685252395534190000e+05 4.641197672189443838e+05 4.343726421351311146e+05 4.591291895665926859e+05 4.338240145274903043e+05 3.741115067497592536e+05 3.607704202830793220e+05 3.566933996253649238e+05 3.542680564353938680e+05 3.345813334535344038e+05 3.674110337346792221e+05 4.140931935218393337e+05 3.927006033802169841e+05 3.966156858904287219e+05 4.219023736903909594e+05 3.984758271655300632e+05 3.703982884611468762e+05 3.463911941193509847e+05 2.908472361171152443e+05 1.979960907873464748e+05 1.278038664732594043e+05 1.618703409424051642e+05 1.267451195523613133e+05 2.397286590014072135e+04 6.496572793519590050e+04 1.028226434712992050e+05 4.437460297194775194e+04 4.458956695569213480e+04 3.993560082395607606e+04 -2.091663326427852735e+04 7.789016230963636190e+03 3.046859723224816844e+04 -4.925771223264792934e+04 -1.041098037961637601e+05 -7.766784765000920743e+04 -6.148837500484660268e+04 -1.367305251519433223e+05 -1.346820953785208985e+05 -8.940267678000964224e+04 -1.674496339692282490e+05 -2.076179320440860465e+05 -1.946472372458078898e+05 -2.343713786354064941e+05 -3.198105706536443904e+05 -3.413759041787115857e+05 -2.766155509598327335e+05 -2.660941628180434927e+05 -3.109565509948814288e+05
3.914835302613208187e+05 2.716870076546911150e+05 1.839547694625798613e+05 1.832228438230231404e+05 2.082792040990898386e+05 1.560324465628946200e+05 9.677913881663687062e+04 1.103849994641498197e+05 7.710148378624604084e+04 -3.759173323051072657e+04 -8.398636892670765519e+04 -5.217157231236353982e+04 -9.128772363474115264e+04 -1.397367934888461605e+05 -8.056737321894615889e+04 -2.905805781425454188e+04 -2.396677961922262330e+04 3.520783983985893428e+03 6.350214904407039285e+04 9.314030229521449655e+04 8.436607003037352115e+04 7.012344725197181106e+04 1.044975898996928008e+05 1.550647446780930040e+05 1.068860646907703485e+05 8.815189681597962044e+04 1.266169789654668421e+05 1.259445093589604367e+05 1.244615083240203094e+05 1.180983946699416265e+05 1.436752843792778440e+05 1.436346326582133770e+05 1.076935393776518758e+05 1.432729331467996817e+05 1.757556613150518388e+05 1.443985676241570618e+05 1.319667730334915686e+05 1.747561816225065850e+05 2.074816607823593076e+05 2.256528159906151704e+05 2.383612362778517418e+05 2.601858945010467432e+05 2.466276359785110690e+05 2.397606606944468804e+05 3.076407639583344571e+05 3.201246566226463765e+05 2.685871075250906870e+05 2.215130111057073809e+05 1.780612483067661524e+05
1.932955384533850010e+05 2.432252281485125422e+05 2.687348072836174397e+05 2.398805087094660266e+05 2.366648771433392540e+05 2.974920880259013502e+05 3.229557346017098753e+05 3.363064141426004935e+05 3.877648016269087675e+05 4.714344537921713782e+05 5.672465923312124796e+05 5.997561024135214975e+05 6.466607414279131917e+05 6.848912891506913584e+05 6.606843116751401685e+05 6.288527409150269814e+05 5.511591305973706767e+05 4.955605025117984042e+05 4.155814330669818446e+05 2.770000021735900082e+05 1.559867831040178426e+05 5.784285795001778752e+04 -1.991932276519946754e+04 -8.195129862870089710e+04 -1.306953477050410584e+05 -1.216402712702988647e+05 -5.294220792537042871e+04 -2.344243286468554288e+04 3.713870216742623597e+03 5.442442724423063919e+04 1.099050850421185605e+05 1.698458440363178961e+05 1.924583233281746507e+05 1.696972341946088709e+05 1.439259979617786594e+05 1.125763168249977753e+05 4.055569527670741081e+04 -9.578437185147777200e+04 -2.432344599912171252e+05 -3.772097253327942453e+05 -6.090992702008252963e+05 -9.530014399148053490e+05 -1.335628859926360892e+06 -1.687328331985631958e+06 -1.995532710486443015e+06 -2.271839522441144567e+06 -2.252518708828140981e+06 -1.891030959588241531e+06 -1.460968369011500850e+06
-5.942658685322385281e+04 4.784665357030465384e+04 1.307739969989051751e+05 1.308719958487199328e+05 9.999115761602297425e+04 1.336769266711780219e+05 1.595643794658826082e+05 1.438360073580407770e+05 1.664454606053186581e+05 2.226584435388211859e+05 2.632478601683399174e+05 2.668783413252094761e+05 3.417324279627063079e+05 4.379039190569892526e+05 4.695916447619672399e+05 5.783518073370219208e+05 6.720179933862527832e+05 7.588551095081493258e+05 9.071386717917625792e+05 9.988913225760911591e+05 1.108380279049742036e+06 1.185233518431778066e+06 1.142779604867684655e+06 1.088303014247793704e+06 8.441467357182400301e+05 1.696047248860141262e+05 -1.135625767663589679e+06 -3.037465692784176674e+06 -4.209449459241585806e+06 -3.492160376820824575e+06 -1.868276554495681077e+06 -7.786001092143110000e+05 -3.298118906386680901e+05 -9.776970694772910792e+04 4.694633221777644940e+04 1.301116258127149194e+05 2.029970674670768203e+05 3.012085566431055777e+05 4.212293127027801820e+05 6.180321106361207785e+05 3.620250140404067934e+05 -1.825524399669362931e+06 -3.254640384635413531e+06 -1.132134607794564683e+06 9.026225479762060568e+05 1.400948090489251306e+06 1.596411858398935525e+06 1.585831749611529987e+06 1.606351126858467003e+06
-8.572378145065112039e+04 -1.453323271707631648e+05 -1.731048154388554394e+05 -1.999373102083334234e+05 -2.300793839048128575e+05 -2.230974931479432853e+05 -2.527283274073851062e+05 -2.976523845142220380e+05 -2.759209272323644254e+05 -2.469883414194918005e+05 -2.896701191336617339e+05 -3.156311187095709611e+05 -2.701207638654158218e+05 -2.297892822849097720e+05 -2.573322208464377327e+05 -2.652924538566731499e+05 -2.017151519964684267e+05 -2.036915933032286703e+05 -2.300995113037059782e+05 -1.997878507361746160e+05 -1.256068806321127340e+05 -5.636119003000203520e+04 -2.089589550334494561e+04 8.776579597266355995e+04 3.206923860561804613e+05 8.145234860567125725e+05 1.952229207194762304e+06 3.692167793600826524e+06 4.372296876994659193e+06 1.148956978272749577e+06 -5.074531655677694827e+06 -7.363737810218594968e+06 -3.873292867444132455e+06 -8.718033812352241948e+05 -2.959200062940358184e+05 -1.573235825134906918e+05 -8.755857356241857633e+04 -2.189092867774888873e+04 6.263117639464326203e+03 -7.853902743081562221e+03 4.766588263982026838e+05 2.886151019158993848e+06 4.649451104385066777e+06 2.752416453097820282e+06 9.508302457217385527e+05 7.552577293536139186e+05 5.210489468800364994e+05 3.507814069878072478e+05 2.440991044515911490e+05
2.657738216861622641e+04 -3.205144588078840752e+04 -3.093132044712550123e+04 2.678995728841982782e+04 5.299808768380898982e+04 3.277149416913744062e+04 3.799853051896207035e+03 1.484320545394445071e+04 8.704972057603328722e+03 -1.730450692120939493e+04 -2.496336485492036445e+03 -2.814126105688040843e+04 -9.415196129993998329e+04 -1.365230226627317606e+05 -1.921720255201216205e+05 -2.849857119627997745e+05 -3.900089894881240325e+05 -4.772611264273290290e+05 -5.896942829695760738e+05 -7.305339388392164838e+05 -7.441650951880719513e+05 -6.500154565245609265e+05 -5.608711192099153996e+05 -4.840495964657745790e+05 -4.276617512165103108e+05 -3.414189768710639328e+05 -2.168941945134429261e+05 -7.424857335747266188e+04 2.940118318382874131e+05 2.570451760353760794e+06 7.075753183575566858e+06 8.164714922111598775e+06 3.991335162584464997e+06 6.147882605611830950e+05 -2.270250619959551841e+05 -6.431054328614836559e+05 -9.886698275327216834e+05 -1.464643298910235055e+06 -2.577402394619417377e+06 -3.475495423488309607e+06 -2.694195974821338430e+06 -1.208202018264571438e+06 -4.891912573308206629e+05 -3.312488708394817077e+05 -3.325346703839027323e+05 -3.905240834678977262e+05 -4.896210043452461250e+05 -5.227047678956287564e+05 -4.598761131253454369e+05
8.232675632869359106e+04 -8.709422933578048833e+04 -1.690277031611185521e+05 -1.390475575887830928e+05 -1.409394656523363665e+05 -1.609752144699448254e+05 -1.620958488015457988e+05 -1.520264801027951762e+05 -1.309566645720042288e+05 -1.010625063057523221e+05 -8.657559795305156149e+04 -8.524048769904766232e+04 -3.960417349997442216e+04 3.055092747905291617e+04 1.149733292957535014e+05 1.628521537774940953e+05 2.566783440188737586e+05 3.971830367605434731e+05 5.142297538398996694e+05 6.048201854049691465e+05 5.971130998973958194e+05 5.559318902785887476e+05 5.381268976529836655e+05 4.794629960664315149e+05 3.704794959304850199e+05 3.190700469136934844e+05 3.059073684742904734e+05 2.523986217589122243e+05 1.911348096170695499e+05 1.804613901028642431e+05 1.780282849905777257e+05 1.516737678396748379e+05 1.696656154509407934e+05 1.698874042258830741e+05 1.106997781363315880e+05 1.065561059035824146e+05 2.664147179189610761e+05 6.279308212484477554e+05 1.579633569500870770e+06 2.466626927835743409e+06 1.743007529232994653e+06 2.799832386925183237e+05 -3.953629387012906373e+05 -5.085280660667931661e+05 -4.831838632380831987e+05 -5.153382177953594364e+05 -6.504498605994759127e+05 -7.202789514046148397e+05 -7.233482726244106889e+05
-3.601342752313938108e+05 -3.054743422527099028e+05 -2.469150851573794207e+05 -1.880641328002092778e+05 -1.333955129713285714e+05 -1.241093414230271737e+05 -1.237748846132307808e+05 -5.743882175593162538e+04 -3.550270838313730201e+04 -8.741713350987990270e+04 -7.111507250519935042e+04 -1.351873428793624043e+04 5.682425999548286200e+03 2.239686955465003848e+04 2.233757273002993315e+04 -1.457969571172731230e+04 -4.080027999589336105e+03 7.953506713383831084e+04 8.258954216551498394e+04 3.112882477056697826e+04 4.954871509049538872e+04 9.041345460922460188e+04 1.550172746478350018e+05 2.084832012606784119e+05 1.823554733028866176e+05 1.856331775145370048e+05 2.576758947595954523e+05 3.186703589436371112e+05 3.724246862687866669e+05 4.193520764849381521e+05 5.057724095549196936e+05 5.685502886830371572e+05 6.167914291494549252e+05 7.353322554734763689e+05 7.670487057720308658e+05 7.386143852351228707e+05 7.545470901875523850e+05 7.322816289885682054e+05 6.142728920944500715e+05 3.626268919534040615e+05 9.700637899222690612e+04 -1.277028457930996083e+05 -4.196510633523566648e+05 -6.869212803512369283e+05 -9.668159240839309059e+05 -1.760766177965556271e+06 -6.367870305486185476e+06 -1.382777651728994213e+07 -2.076541666002041847e+07
2.252685984421988251e+05 2.248211111838463694e+05 1.728406059218106093e+05 9.347894114442169666e+04 9.325276337040122598e+04 1.035972368129293900e+05 4.942011764913331717e+04 -2.276777151157148182e+04 -2.773399076715577394e+04 5.492747782845981419e+03 -3.271988407650496811e+04 -5.821839170472230762e+04 -3.779103701934218407e+04 -4.742763807531446218e+04 -7.522457495215337258e+04 -5.569954770151502453e+04 -1.587902309664059430e+04 -4.425879446498584002e+04 -6.890608403831720352e+04 -6.351078737876378000e+04 -4.480863129661872517e+04 -4.311209669685689732e+03 2.431754140416160226e+03 2.692206546140334103e+04 5.677324531541659962e+04 3.022051553183700889e+04 4.367897349118744023e+04 1.316674639482520288e+05 1.548567303107120097e+05 1.418609672714958433e+05 1.968847395194459241e+05 2.274304493755337317e+05 2.709038564236843958e+05 3.259989674919049721e+05 3.533731404063291848e+05 4.387811669608338270e+05 5.096924683119871188e+05 5.721310039027603343e+05 5.997563928714944050e+05 5.552753872121670283e+05 4.981461871782084927e+05 9.577100994706060737e+04 -9.761256540549192578e+05 -3.298070690900805872e+06 -7.338760629520975985e+06 -1.058672153971853666e+07 -5.896255631980565377e+06 4.695579939223724417e+06 1.485527742322289199e+07
-1.298716451105426531e+05 -7.407862905238289386e+04 -4.158891797356761526e+04 -3.608902564912568778e+04 -3.549545912072062492e+04 -2.389962627610657364e+04 -2.079378798138350248e+04 -6.436659419036016334e+04 -6.832600882917188574e+04 -3.343089520349167287e+04 -7.080229924002214102e+04 -1.248743987624766305e+05 -1.314035074552520528e+05 -1.395327560254372074e+05 -1.972043156682047411e+05 -2.637922450329645071e+05 -3.086529413849349367e+05 -3.390604422549948795e+05 -3.663353534211636288e+05 -3.633091267879352672e+05 -3.194124214240578585e+05 -2.831912328256292967e+05 -2.252645421377386665e+05 -1.763156523392534582e+05 -1.491980921325739473e+05 -1.216496877273309510e+05 -8.345661020081001334e+04 -2.790900180814787745e+04 -6.926521344576030970e+03 6.158291698666289449e+03 2.968274349696002901e+04 5.692580253875395283e+04 9.585023366264067590e+04 1.180862135329516605e+05 1.131052647467001807e+05 1.079832737328252988e+05 1.162921841227216646e+05 1.144455388607459608e+05 1.681187002174552763e+05 2.093339169147651410e+05 1.796804217743922491e+05 2.568988222454204806e+05 4.503691327408874640e+05 9.422065943502871087e+05 1.609112906218506629e+06 1.374984588527000509e+06 -4.028226880480768159e+03 -1.211720514537873678e+06 -1.902406682730043773e+06
-1.288378537329845130e+05 -7.311355943791568279e+04 -4.060300627781543881e+04 -3.496722015086561441e+04 -3.446337950183078647e+04 -5.063872781232930720e+04 -4.751541236299090087e+04 -8.221700136782601476e+03 1.537875585432630032e+04 -5.247891023755073547e+03 1.260061214386951178e+04 9.708209281903691590e+04 1.466507275652838289e+05 1.673041046218712581e+05 2.220124414691234997e+05 2.966795748774895910e+05 3.667059827817139449e+05 4.240961440617683111e+05 4.294898692436980200e+05 4.378310028283157153e+05 4.593477693427115446e+05 4.731745925050926162e+05 4.796921090141413733e+05 4.491733134438979905e+05 4.252742511307587847e+05 4.014338222396327183e+05 3.578672750812254380e+05 -7.315076428640168160e+04 -1.467639218792896252e+06 -2.361272891446131747e+06 -1.311001704211234115e+06 -1.343351295869780588e+05 7.548120676481659757e+04 1.255414255504726316e+05 1.488069779990471434e+05 8.496200901456188876e+04 9.200183238019244163e+04 8.748155971115935245e+04 5.018691482953724335e+04 2.912373995932276011e+04 -1.240779328841030947e+05 -5.596427908795869444e+05 -2.659000285996582825e+06 -7.704151149184950627e+06 -8.045561844743828289e+06 1.681735000570184551e+06 1.008473627640636265e+07 1.103932252915050462e+07 9.777944364708747715e+06
-3.725642686156788259e+05 -2.619071376201463863e+05 -1.742442105739611434e+05 -1.957638310722540482e+05 -2.502443286328343675e+05 -2.111295836942736059e+05 -1.800687074312008917e+05 -2.236756585660625715e+05 -2.277952330250991508e+05 -1.654984241747297347e+05 -1.485597992304249201e+05 -1.209082509193106089e+05 -7.212178333138581365e+04 -5.232053530577104539e+04 -2.780128798040095717e+04 -1.141596666711824946e+04 2.842088955221674405e+04 5.483252865378744900e+04 5.703824847703799605e+04 6.173184826155193150e+04 7.956602362450188957e+04 1.456104823539499193e+05 1.757904609787513036e+05 1.413632367411630694e+05 1.139521818171486957e+05 1.724196715996366693e+05 2.688379459525458515e+05 6.724522077926679049e+05 2.058216268558748532e+06 2.983819238639551681e+06 1.928198667198306415e+06 7.798688719765050337e+05 5.607034263259293512e+05 4.970361650042468682e+05 4.642624493077164516e+05 3.726416246872395277e+05 1.731132678885478526e+05 -1.896583214425491169e+05 -1.066085143178931437e+06 -3.398667084812177811e+06 -8.249016456203576177e+06 -1.257699402285217121e+07 -9.066076053118424490e+06 3.170607852460887283e+06 1.153743630303769559e+07 8.247588249268569052e+06 2.611159760221480858e+06 8.917630703636687249e+05 4.991616976418131962e+05
7.013617904041893780e+04 1.803110218595247716e+05 2.954804981203051284e+05 3.302820869674908463e+05 3.047469937196001410e+05 3.726910089078589808e+05 4.335286194097714033e+05 3.926850971783278510e+05 3.916305811348139541e+05 4.293886611761989770e+05 4.210991029511208180e+05 4.233555191906637046e+05 4.208284321276004193e+05 3.615053975192130310e+05 3.326250884163890732e+05 3.515055833396038506e+05 3.390813043911478017e+05 3.128591787547337590e+05 2.900326832983408822e+05 2.695544412423622562e+05 2.341681432933545439e+05 2.164908718678634614e+05 2.441931311174998991e+05 2.375446255289716646e+05 2.130625912675168365e+05 1.880121408443665132e+05 1.665287344669923186e+05 1.620168769184967969e+05 1.277943869610317051e+05 8.449876612226944417e+04 1.075435820739946794e+05 1.297628409578464925e+05 4.484556659881537780e+04 -2.680747709295246750e+04 -9.580760890909028240e+04 -3.396378469088803977e+05 -1.168929764817005489e+06 -4.990362576867928728e+06 -1.131453824814057909e+07 -1.063757961513413489e+07 6.090229819622542709e+05 1.102041151213691756e+07 1.206724642439334653e+07 7.216454542205307633e+06 2.853389741794107482e+06 5.949897288571791723e+05 -7.209664598264554515e+05 -1.454456890422144905e+06 -1.880514353100411594e+06
2.193605988507625880e+05 5.636862843180994969e+04 -7.392761473602126352e+04 -6.513031528913415968e+04 -3.496257062943186611e+04 -7.575903266551904380e+04 -6.826532181294169277e+04 -5.254320845531765372e+04 -5.184808326885115821e+04 -4.059062419808458071e+04 -4.979071009380288888e+04 -7.641829432221129537e+04 -5.094144032627809793e+04 -6.644498615060001612e+01 -3.814477213309146464e+03 -1.483279509295243770e+04 -2.906364131136797369e+04 -2.962947667576372623e+04 8.666462352266535163e+02 5.463348173652775586e+03 -3.811523148906184360e+03 2.483634240925428458e+03 2.254166213970177341e+04 1.067933862039365340e+04 1.393186216941126622e+04 1.623190976097260136e+04 -1.184331266733352095e+04 -5.127662424987659324e+04 -8.701036081300117075e+04 -1.322765454277396784e+05 -3.160456517629783484e+05 -5.920587685762461042e+05 -1.095973458720257506e+06 -2.175635561151426286e+06 -4.026493777321306057e+06 -6.306390680364558473e+06 -6.945862971631572582e+06 -2.058710282000251114e+06 7.276164373652404174e+06 1.099339782261461206e+07 6.201798011872431263e+06 1.691200937069381587e+06 5.447195406275554560e+05 3.065414323279403616e+05 2.963836590736173093e+05 4.374215915187951177e+05 6.569345450692367740e+05 7.929969303443767130e+05 8.423999794345460832e+05
-7.477429456717788707e+04 -7.453080128703732044e+04 -6.859416898980259430e+04 -5.931106715463101864e+04 -5.600342860678210855e+04 -6.922345333674456924e+04 -6.090850774897250813e+04 -4.419598388602037448e+04 -6.980487097345758229e+04 -8.543056152877397835e+04 -4.026641933305654675e+04 -1.220819999754882883e+04 -4.085215372499078512e+04 -1.723206203430891037e+04 -2.183463934925384820e+04 -3.316761242749623489e+04 7.820400303462403826e+03 -2.066701455740258098e+04 -4.604041048500221223e+04 -1.432464047451503575e+04 4.190516379894805141e+03 9.452386675402638502e+03 2.659184734977327753e+04 -1.530347885738580953e+04 -3.969164122594497167e+04 1.988658984424523078e+04 1.750607795431255363e+04 -2.376540338795166463e+04 -3.022236011864151806e+04 -4.559947913978248835e+04 -1.130781456717519904e+05 -2.729987649631234817e+05 -6.002071218518554233e+05 -1.441568842724078801e+06 -2.725986609405374154e+06 -2.486856487902116962e+06 2.090881875145789236e+05 2.472355482772113755e+06 2.508581714694738854e+06 1.608651339214407140e+06 8.357572979025995592e+05 3.503891126485563582e+05 3.471165778581041377e+04 -2.063367953925639158e+05 -4.000715678074628231e+05 -5.942219025775541086e+05 -8.071303382044448517e+05 -9.289645848749178695e+05 -9.566404862212764565e+05
-1.185573196393669350e+05 -1.090185787936206907e+04 4.885226186073850840e+04 3.205492333043366671e+04 3.625671829853672534e+04 7.791296957642771304e+04 8.793835091637447476e+04 5.268074334890116006e+04 2.391462430823594332e+03 1.548848119622562081e+04 6.019550669647299219e+04 6.121980657102528494e+04 3.474365918606054038e+04 -2.318717943679075688e+04 -2.821990149444900453e+04 -1.241215208312473260e+04 -5.438506029429857153e+04 -8.306509395246382337e+04 -1.090692075697006658e+05 -1.624667343246983364e+05 -2.287806333770271158e+05 -2.836018181679536356e+05 -3.593706616282003815e+05 -4.361609845928613213e+05 -6.047264182515214197e+05 -8.617121507105176570e+05 -1.048866419641999528e+06 -1.334686035688503180e+06 -1.812905764365566662e+06 -2.277345921040978283e+06 -2.686620406570725143e+06 -2.932743564603738487e+06 -2.471189825402120128e+06 -6.391076568851768970e+05 2.747990090716637671e+06 5.560518193285673857e+06 5.138725357895593159e+06 2.836710792733361479e+06 1.308023664693465922e+06 7.539619504066628870e+05 5.388893239654136123e+05 4.687483667139904574e+05 4.521912331611372065e+05 3.919511635386154521e+05 2.593194086005690042e+05 6.564507846953300759e+04 -2.124748038838172797e+05 -5.557128102751406841e+05 -8.953057178575415164e+05
-1.017130094888852327e+05 -2.111693452758482308e+05 -2.604377066652522772e+05 -2.501999918749787903e+05 -2.193672725773649290e+05 -1.521658213459886611e+05 -1.419538354821269750e+05 -1.487241260940209322e+05 -8.983808582823270990e+04 -5.058315790782214026e+04 -3.605443671985995024e+04 -3.713362111942842603e+04 -3.634203027060721070e+04 1.357918360037729144e+04 3.343896461999975145e+04 -6.647464376292220550e+03 -2.260343142377681215e+04 3.049053981958422810e+04 5.929241986887062376e+04 5.543901291675865650e+03 -3.895639670081509394e+03 2.462029003771023417e+04 3.006180349097127328e+04 3.792854117287785630e+04 4.634456164902075398e+04 5.310295305040194944e+04 4.071514843555624248e+04 1.924081577220935287e+04 4.362038667662985245e+04 8.847372236778032675e+04 7.777071146527312521e+04 2.843113889743092295e+04 4.731294689292555267e+04 8.642581947729918465e+04 7.516803643549786648e+04 7.086574505141464761e+04 4.083504587237242959e+04 -6.510211639106331859e+03 -5.243352867022604914e+04 -8.761289405229015392e+04 -1.621814483642819978e+05 -2.927606585284228786e+05 -3.402240728761525825e+05 -3.432244204898604658e+05 -4.485603903362062410e+05 -6.143953401537127793e+05 -9.643317269929723116e+05 -1.510963805659548845e+06 -2.055052349609874189e+06
3.024537799978860421e+05 2.466603957716143050e+05 2.245861994172446430e+05 2.092299086524871818e+05 1.878219894540961832e+05 1.756876262481090962e+05 1.339567994489334524e+05 1.563818458060270641e+05 1.636674191389466869e+05 9.700240164645935874e+04 1.396881077525907895e+05 1.672375784913311945e+05 1.436160666670183418e+05 1.954048026195958955e+05 1.896881076839054003e+05 1.518992149864791427e+05 1.926644482527626678e+05 2.481151525746097323e+05 2.520296709117244463e+05 2.282480569707695395e+05 2.219715570507105440e+05 2.243811388412725646e+05 2.001080883207034785e+05 1.511280153738332447e+05 7.871046291838819161e+04 -5.302940267603797838e+04 -3.544273753272143658e+05 -1.179724245585387107e+06 -2.961298915405635256e+06 -5.144358908771540038e+06 -5.434903362416081131e+06 -2.983071097123309504e+06 -8.298776376119907945e+04 1.608310450511633419e+06 2.256006403125355951e+06 2.276995271464693826e+06 1.978007495231575333e+06 1.627235491740287514e+06 1.361502882648492232e+06 1.102221133231065935e+06 8.598077227489564102e+05 7.069786036858585430e+05 6.059656360780338291e+05 5.183309972024295130e+05 3.861995696142563829e+05 2.519049129757324699e+05 7.920222287822875660e+04 -2.040214905422148295e+05 -5.148349985713087954e+05
7.876369972305826377e+04 7.382811190269421786e+04 4.963461700594041031e+04 6.044173194561153650e+04 1.184175430540926754e+05 1.582122542941942811e+05 1.704528223531086696e+05 1.680349894403481157e+05 1.767947403650032938e+05 1.900481400109127862e+05 2.027759944309947314e+05 1.751410683296855714e+05 1.520744060352444067e+05 1.476047309226123325e+05 1.123441077768802206e+05 1.273000361688902194e+05 8.337835783080683905e+04 -2.767418089148121362e+04 -5.484583495592230611e+04 -1.113959563215030066e+05 -2.321299375372468494e+05 -3.756870832847200800e+05 -5.789883524173648329e+05 -8.346018031297707930e+05 -1.194852382309036795e+06 -1.647082107392487116e+06 -1.940315875517553417e+06 -1.593402193471559789e+06 1.793515564547795802e+05 3.079039186590822414e+06 4.580799621347103268e+06 3.478133053344787564e+06 1.683973762659598608e+06 6.680614969611640554e+05 2.835477296815952286e+05 4.735394182032952085e+04 -1.896492300851973705e+05 -3.014192531263693236e+05 -4.114917605253858492e+05 -6.307715004222684074e+05 -9.459478846797752194e+05 -1.723838194502748083e+06 -3.921248145537090488e+06 -7.825024697812074795e+06 -1.009092098753086291e+07 -7.415765887127470225e+06 -2.328071964872051030e+06 1.056152501681916416e+06 2.941677618307836354e+06
2.030975640000542044e+05 1.970418345491634973e+05 1.725970028585288383e+05 1.847760216472670436e+05 2.177051394974114373e+05 1.787381600489607081e+05 1.663731396832736209e+05 1.940528870170238661e+05 1.795635203848361271e+05 1.670667529688216746e+05 1.515810736600543605e+05 1.243698423815658316e+05 1.032989754108712077e+05 7.130633697845041752e+04 3.520001007826067507e+04 -3.896953228977741674e+03 -2.226518831914290786e+04 -5.235341498628258705e+04 -7.971642013697419316e+04 -8.277785404992755502e+04 -9.190942948160204105e+04 -1.259112931560957804e+05 -1.689166133332768222e+05 -7.012851890898284037e+05 -6.634178967959618196e+06 -1.089722232068423182e+07 -3.504306205734000541e+06 3.151310972236102447e+06 3.674136738587401807e+06 3.628373305206766818e+06 3.146248584356508683e+06 2.466389170289622620e+06 1.817142511880382663e+06 1.269043467274751281e+06 8.657993249437995255e+05 6.101726400310874451e+05 3.511186895240091253e+05 7.060131562873726944e+04 -3.836517510638790554e+05 -1.270507208649647655e+06 -2.693471907551296055e+06 -4.320096983643598855e+06 -4.177461365885671694e+06 -1.776898981450088322e+05 4.417767230584280565e+06 4.625768230938107707e+06 2.163030163346550427e+06 6.808722615020851372e+05 4.881965088540426223e+04
3.726695981394730625e+05 2.610950107913231768e+05 1.836931073205777793e+05 1.959550486895022914e+05 2.029850285028805956e+05 1.900017714686690597e+05 2.568109419965184061e+05 2.866320278448986355e+05 2.478685941785809118e+05 2.618074817233718932e+05 2.980502726353006437e+05 3.510667847975855693e+05 3.854737600591031369e+05 3.545686729351291433e+05 3.735490918840512168e+05 3.642343047593021765e+05 2.405723257909994572e+05 -2.923375269630923867e+04 -1.081799882660270203e+06 -4.640791571566949598e+06 -8.926240110092896968e+06 -8.429303446094259620e+06 -4.154222025149508379e+06 -6.460549112095087767e+05 6.605140458377449773e+06 1.192889165973116085e+07 5.551559720381018706e+06 -1.928514037816788186e+05 -1.954878762189762783e+05 -2.326869377086403838e+05 -2.505469499481841049e+05 -2.603789651952688873e+05 -2.557400174625228392e+05 -2.804519940685711335e+05 -2.953051684011004982e+05 -3.003856042114782613e+05 -3.924141603190220776e+05 -4.463254355691614328e+05 -4.678649425326143391e+05 -6.569069789891345426e+05 -1.053131963865602622e+06 -1.235966574826164171e+06 -1.180316603282694705e+05 1.833519235134019516e+06 2.117450604031336959e+06 2.719891502894453006e+05 -1.434890875298885629e+06 -1.791685607698743232e+06 -1.565040234557784162e+06
2.839253341488074511e+04 1.893967884185261209e+04 -8.297501117922365665e+03 -4.886141526745635201e+04 -6.842366247670724988e+04 -5.783741971186827868e+04 -4.520842839730903506e+04 -4.136780185915995389e+04 -5.501893821870909596e+04 -9.740128910925702075e+04 -1.194474901794456528e+05 -1.239752268756274716e+05 -1.990669807791709027e+05 -3.161994916020192904e+05 -4.906537539791314630e+05 -9.335340738843673607e+05 -1.924577305783750024e+06 -3.393738026637000497e+06 -3.616759649132144637e+06 3.876245276065310463e+05 6.138642550008938648e+06 6.805206195458875969e+06 3.256167071561218239e+06 7.953171551961004734e+05 -7.804042721167346463e+04 -8.010684230137830600e+05 -1.536847822284908965e+06 -1.871381165704810061e+06 -1.525803155822214670e+06 -8.496652970695850672e+05 -4.018039775110086775e+05 -2.522623640618988429e+05 -3.361797276779553504e+05 -7.269022277742609149e+05 -1.928496113893928472e+06 -4.488332319336468354e+06 -6.682372383711626753e+06 -6.141517716576939449e+06 -3.738800237499529496e+06 -1.091108055001819506e+06 1.918318293673237786e+06 5.156310862918029539e+06 6.646738020790489390e+06 5.192156235562285408e+06 3.147955617941926233e+06 2.824723747862146236e+06 3.014247309087080881e+06 2.454769600795699283e+06 1.632395720425364561e+06
-2.110536670597504126e+05 -1.205616474867565557e+05 -4.795989194535650313e+04 -3.870274297718424350e+04 -5.892610650917049497e+04 -7.639662343892268836e+04 -9.118511180859059095e+04 -1.129194995347645599e+05 -1.791802699159597978e+05 -3.285834339662687853e+05 -5.898128554306465667e+05 -9.390610615786865819e+05 -1.388095474732108181e+06 -1.886422433265833184e+06 -2.156954331228042953e+06 -1.823481838714214973e+06 -6.198073156486516818e+05 1.418864602334797382e+06 3.114400002153123729e+06 3.031236381427733228e+06 1.815570518723105080e+06 9.066847636451695580e+05 5.116907846066178754e+05 3.695950052072294638e+05 4.248618845298189553e+05 7.783255804557105293e+05 1.264959448054433335e+06 1.338497654441164341e+06 7.425840160960815847e+05 -2.249476836313281674e+05 -1.049548538519300753e+06 -1.658268064729060046e+06 -2.284407268998919055e+06 -2.745075361044144258e+06 -2.356779171020022128e+06 -3.186777169973421842e+05 1.988581868027688935e+06 2.203922470399415120e+06 1.179446062641219934e+06 5.164946554275215603e+05 1.884076703456223477e+05 7.310894757392822066e+04 6.530554004246351542e+04 1.678124793048453284e+04 -2.169516548980033258e+04 -6.717758659447991522e+04 -2.141555377532507409e+05 -3.923410155711439438e+05 -5.416682975116339512e+05
-1.092949809134005918e+05 -1.722953462158329203e+05 -2.785840382921741111e+05 -5.744740697782253847e+05 -1.206060901138116606e+06 -1.892229426449047867e+06 -2.020405986392288003e+06 -1.593970357103971997e+06 -1.134203006316093262e+06 -8.057793879072410055e+05 -5.060853589588082395e+05 -1.037300087546473369e+05 4.440799301792867482e+05 1.032964130172621924e+06 1.524423767260158435e+06 1.735409164256999502e+06 1.648112398493686924e+06 1.366614759840303566e+06 1.032423018696717569e+06 7.964132893737403210e+05 6.362633210438063834e+05 4.694741922715906985e+05 3.078228335402678931e+05 2.403920632629885804e+05 1.897399561438941164e+05 8.028121307550510392e+04 -2.346370908489939757e+04 -1.584613119863208849e+05 -3.743021398136618081e+05 -7.330521170742583927e+05 -1.305034551445858553e+06 -2.049422272406525444e+06 -2.644708018627725542e+06 -2.466587255426566117e+06 -1.306657215924347751e+06 1.551841717259930447e+05 1.155986264485982712e+06 1.449473176677714102e+06 1.189485999243334867e+06 7.866509469819697551e+05 4.657497837441037409e+05 2.443401871930118650e+05 7.194930467114294879e+04 -8.360608681570808403e+04 -1.179522853152600583e+05 -7.668505936686391942e+04 -1.985388429969332647e+05 -4.703793291578730568e+05 -7.420913709403155372e+05
-8.649905187945109792e+05 -8.290492290392286377e+05 -7.107566207781200064e+05 -4.015852672036269214e+05 2.365306447137845680e+05 9.558371721277940087e+05 1.072204034933819901e+06 6.254715717543147039e+05 2.588215939630757784e+05 8.694556826201730291e+04 -4.188080223568262591e+04 -4.702357781003240962e+04 -1.637967090005986392e+04 -3.140667416737414169e+04 5.972070494899526238e+03 4.650387675676032813e+04 7.395146735652812640e+04 1.204727988777448918e+05 1.711085545434615924e+05 2.707461772987152217e+05 3.188109545304902131e+05 3.075213036010973738e+05 3.526355738093850669e+05 3.883507233043198939e+05 3.966653975087683648e+05 3.467010573734296486e+05 1.055291678110363428e+05 -5.421542821789635345e+05 -1.859065175516875926e+06 -3.298266595620081294e+06 -3.259094351375826169e+06 -1.274915456889420282e+06 1.103872325068804901e+06 2.480895641075910535e+06 2.677712988152049948e+06 2.199285610545194708e+06 1.543925512589628575e+06 9.183983838569854852e+05 5.397710332419956103e+05 3.490905118256332353e+05 1.360158809716803953e+05 2.550093963334802538e+04 2.096038916264660656e+04 -4.189412974636163563e+04 -9.427635874541010708e+04 -7.580209277220955119e+04 -1.755187594593749382e+05 -4.068565429083507042e+05 -6.380971567903077230e+05
-1.573376089450914878e+04 -2.968248985591344535e+04 -6.211711332725826651e+04 -8.039430848904885352e+04 -7.546489289554301649e+04 -4.586054166953556705e+04 3.802139999985217582e+04 9.609705517359531950e+04 1.084409648115980672e+05 1.629392317472957075e+05 2.366033403389157029e+05 2.577739458548605908e+05 2.902529911609598203e+05 3.262878710159565089e+05 2.621428813115925877e+05 1.762102992058499076e+05 1.771160398761276738e+05 1.192146449070423259e+05 -1.314804418710991740e+04 -9.902218327159057662e+04 -1.842337947350456961e+05 -3.323158898833210696e+05 -5.330113030085350620e+05 -7.172898191283449996e+05 -8.727938768087188946e+05 -9.820155175094252918e+05 -9.686724716552996542e+05 -4.475724967970754951e+05 1.082188589872088982e+06 2.997653686922861263e+06 3.721008044297922403e+06 2.931419881765613332e+06 1.802578367837132420e+06 1.132342265138868708e+06 8.460155885672420263e+05 6.500000143272336572e+05 4.467250370397232473e+05 2.516478946880679578e+05 6.649731568178161979e+03 -2.680545795347997919e+05 -4.774567524285539985e+05 -6.613746434065988287e+05 -9.229944428178691305e+05 -1.124476575228620321e+06 -1.152837290233002976e+06 -1.117210017179019284e+06 -1.076445118113189936e+06 -1.093706874685009010e+06 -1.164704964013630524e+06
-1.140247458568773582e+05 -7.791094947140658041e+04 -3.581213722121901810e+04 -4.135885820724070072e+03 2.741708225454203784e+04 5.611795320932293544e+04 3.840208272216841578e+04 7.295457368600205518e+04 1.343248632573523792e+05 1.346039355237735435e+05 1.537608559621731983e+05 1.482551887287992286e+05 1.283554127032402903e+05 1.324369394686073065e+05 1.430361816880757688e+05 1.353254161949736299e+05 8.180302712193247862e+04 4.807256347441580147e+04 1.818900829122867435e+04 -4.084386157221160829e+04 -1.734045658336246852e+05 -3.977894809836292407e+05 -7.035134983883483801e+05 -1.145433887231045635e+06 -1.495340719963423908e+06 -1.543890329942223150e+06 -1.257054595201624092e+06 -5.774755233858025167e+05 1.293770843261145055e+05 5.807778240070913453e+05 8.520135441824092995e+05 9.561184474109923467e+05 9.261866519600190222e+05 8.293210195540449349e+05 7.156217277795071714e+05 6.113418716064188629e+05 5.253398370504144114e+05 4.470778546220398275e+05 3.970193270774324192e+05 3.669367711740769446e+05 4.008549722126929555e+05 4.836551955190959852e+05 5.119903109094579704e+05 4.946681285498202778e+05 4.382601694017660338e+05 3.137324809579867870e+05 -1.278606855951016769e+04 -4.202153638045964763e+05 -7.492076298949429765e+05
2.663797428575343220e+05 3.523507132381200790e+05 4.194393008155747084e+05 4.024881076585733099e+05 3.370324591489043087e+05 3.414714393345639110e+05 3.488386313611406367e+05 2.858782293513650075e+05 2.226938719471222721e+05 1.711459076782919001e+05 8.845663878950290382e+04 -4.280190747464075685e+04 -2.146746315108609851e+05 -4.413358648319260683e+05 -7.351887654518939089e+05 -1.021668709625374526e+06 -1.207310387003235985e+06 -1.273028109186561313e+06 -1.233649492316762451e+06 -1.095835215302067343e+06 -8.513288751087374985e+05 -5.198250063142033760e+05 -1.127039516402874142e+05 4.719229791534582619e+05 1.157897286976804724e+06 1.560721498660276877e+06 1.524673483409568667e+06 1.232412863064093748e+06 8.588978963252160465e+05 5.598228724434734322e+05 3.849505868251437787e+05 2.722741684643551707e+05 1.829186113417393062e+05 8.219806504261214286e+04 4.336231212480948307e+04 9.133482091652671807e+04 1.063912603660719469e+05 7.938401419960428029e+04 5.390309333452023566e+04 7.183868067339062691e+04 1.311554349720245227e+05 1.386320101754977368e+05 1.721737576072332449e+05 2.721405226096985862e+05 3.385696099506462924e+05 3.839301072654766031e+05 2.787310643086666241e+05 2.053054360964056104e+04 -2.362468627799507231e+05
-2.051960580819285824e+05 -1.207313432195223868e+05 -5.746921593614388257e+04 -3.073723661247640848e+04 -1.328120491816662252e+03 -2.539387521101161838e+03 -2.616418822610285133e+04 6.347091540810768493e+03 6.175483837607316673e+04 1.041757105989381089e+05 1.434437078831252875e+05 2.114659324113745533e+05 3.396970213408347918e+05 4.633652750327017275e+05 6.244451951666267123e+05 8.461283736221966101e+05 9.680565825378292939e+05 9.602226735441940837e+05 8.310093811660769861e+05 6.738754567981231958e+05 5.454620511498064734e+05 3.477326563547826372e+05 1.692572275933343917e+05 8.548631322511890903e+04 3.013460344634950161e+04 -2.995651076140347868e+04 -1.048977295175422914e+05 -1.267053820803994313e+05 -1.193106325436383486e+05 -1.350212716532405466e+05 -1.565318047651089728e+05 -1.953754530265005305e+05 -1.843624164024372585e+05 -1.806493411416881718e+05 -2.400454636377980933e+05 -2.419502811733400449e+05 -2.257635661686067469e+05 -2.471706979587911628e+05 -2.926308471808445174e+05 -3.694987211731486022e+05 -4.462811912561312784e+05 -5.683895263972226530e+05 -7.069790808006635634e+05 -7.664057863660871517e+05 -7.102974992786783259e+05 -5.482396448438506341e+05 -4.016891748976198141e+05 -3.496094945486393990e+05 -3.392241957742886152e+05
1.572747914609497820e+05 1.480275526898913376e+05 1.146920802991371311e+05 9.000835038081277162e+04 9.492568302492145449e+04 9.032719341805204749e+04 1.093643559375777404e+05 1.158554977527819865e+05 9.162956730462616542e+04 1.255940543964970420e+05 1.604432751674904430e+05 1.288372456165963376e+05 1.050951382279162935e+05 1.442068960244068294e+05 1.778594262903787894e+05 1.770983755501220585e+05 1.691633872623789357e+05 1.811303244484588504e+05 2.231349187676095171e+05 1.932898946967906086e+05 1.686935942299895687e+05 1.696534378483191831e+05 6.871150840597716160e+04 -3.649736285500694066e+04 -1.065918362676168326e+05 -2.051693812146546552e+05 -3.267488567944384413e+05 -4.663218042184606893e+05 -5.015762732806615531e+05 -3.898592222383008339e+05 -3.100557123014004319e+05 -2.978859607339841314e+05 -2.601581603381794994e+05 -1.814921354822582507e+05 -9.436167833337077172e+04 -4.811589969613117864e+04 -5.577422860485973069e+04 -5.224390111863618949e+04 2.031570339226140641e+04 8.380866093037161045e+04 1.467041817278375966e+05 3.261383935803309432e+05 5.564409926568608498e+05 7.709374360687820008e+05 8.688249014935008017e+05 8.189351290534229483e+05 6.697034657280892134e+05 4.575434104108721949e+05 2.506372506904806942e+05
1.486345679475925863e+05 1.960143651813250472e+03 -7.757143712835383485e+04 -3.479541497188617359e+04 -3.100740042515099049e+04 -8.743261077033818583e+04 -7.660670262994241784e+04 -7.435646356665538042e+04 -8.316740860696887830e+04 -1.060795430850702687e+05 -1.463561353617116401e+05 -1.544514928065473796e+05 -2.047372801834716229e+05 -2.442384514486183762e+05 -2.338710712658939883e+05 -2.532258073904088233e+05 -2.847421042149653658e+05 -2.965953733830245910e+05 -2.772244234121171758e+05 -2.052881339506711811e+05 -8.023915258294483647e+04 4.218061617983039469e+04 1.612084375025008339e+05 3.224581122293600347e+05 5.662945872475397773e+05 8.034786725539008621e+05 9.153022371069525834e+05 9.830358908581564901e+05 9.620183318282940891e+05 8.715356851305109449e+05 7.730545130453538150e+05 5.618759863305599429e+05 2.859919187793293968e+05 7.845462624158244580e+04 -7.053403977130074054e+04 -2.334072057361479383e+05 -3.975264979701023549e+05 -5.671197670308186207e+05 -6.920096991176248994e+05 -7.331693457026246469e+05 -7.237408808327756124e+05 -6.270556404773395043e+05 -5.214138268091469072e+05 -4.148485713184345514e+05 -2.351133828825562960e+05 -7.913278588617662899e+04 -5.005457467050320702e+04 -1.365528928005354828e+05 -2.569369179749602918e+05
1.561710361251606373e+05 2.047514853859320574e+05 1.983264483604579873e+05 1.433371545322005986e+05 1.469444684579502791e+05 1.352000283717643470e+05 6.852057170122858952e+04 1.974346959148530732e+04 -4.518066012009503902e+04 -1.231271626270608394e+05 -2.121652974461906124e+05 -2.916039136360633420e+05 -3.680702440073945327e+05 -4.604965635074766469e+05 -5.191910356248260941e+05 -5.551851783558961470e+05 -5.141280888562327018e+05 -3.842110102711012587e+05 -2.231775424507211428e+05 -5.393338802678044885e+04 7.171219722193153575e+04 1.896445849037265871e+05 2.838495239167246036e+05 3.009152357059065253e+05 3.549593971099240007e+05 3.811715243023355724e+05 2.832018883345876820e+05 2.383481322077572695e+05 2.694376501068471116e+05 2.586743406951425131e+05 2.180737854458857328e+05 2.027476607117572858e+05 2.128878513962271390e+05 2.621323929360366310e+05 2.954669703723628772e+05 3.089898022782287444e+05 4.052296534378548968e+05 4.700665938318715198e+05 4.620977053418752039e+05 4.464582358207541984e+05 3.551190332788971718e+05 2.861456810281383805e+05 2.781213443935841788e+05 2.500418266048654914e+05 2.716734991892012767e+05 2.952988673845534213e+05 2.558621144964126870e+05 2.303434751002341509e+05 2.322621670359484851e+05
-2.353199885389767587e+05 -3.111548191681505414e+05 -3.818572743155527860e+05 -4.222697925969257485e+05 -4.688118578540161252e+05 -5.116395229345653206e+05 -5.242036420828660484e+05 -5.121744379721351434e+05 -4.518816975964000449e+05 -3.746150171273620799e+05 -2.475064772262708284e+05 -8.668053588538896292e+04 9.520600646559614688e+04 3.266943396464921534e+05 5.289164893119595945e+05 6.850285116088350769e+05 7.905871595413193572e+05 8.392478204309006687e+05 8.253130336548199411e+05 7.555410117068092804e+05 6.643429041979825124e+05 5.399966375774233602e+05 4.238680767052581650e+05 3.010061116568979342e+05 2.168529430980560137e+05 2.192200317082459806e+05 1.474185245425903704e+05 4.130736930994328577e+04 2.598518694809160661e+04 3.812988391378894448e+04 2.558497807593084872e+04 -4.538735324516962282e+04 -9.076838614128099289e+04 -7.692079667642258573e+04 -7.936586373834870756e+04 -6.322332587442372460e+04 -6.666871010558691341e+04 -9.190275417000544257e+04 -1.058658893883693381e+05 -1.040961511008205707e+05 -6.584334755025332561e+04 -3.206009082437976031e+04 4.449731302389397752e+04 1.888153682893617661e+05 4.147892209986452363e+05 5.987275306944486219e+05 6.745647019386539469e+05 8.060215896752160043e+05 9.902860825869562104e+05
-2.256595303141507320e+05 -3.287900929758325219e+05 -3.901225789985618321e+05 -3.664901546004693955e+05 -2.739402428781613708e+05 -1.605120999325298471e+05 -5.195659505261573941e+04 5.854005713365064003e+04 1.322266988235060126e+05 1.579645902127958834e+05 1.570734548906332348e+05 1.414292489370563999e+05 1.330340884102042764e+05 9.695633438881486654e+04 3.138402618933469057e+04 2.452191873919230420e+04 2.384978863410768099e+03 -8.059674625401385128e+04 -1.079459924052935094e+05 -1.180970035330392420e+05 -1.563272077497090213e+05 -1.906183078227330698e+05 -2.246462392975813709e+05 -2.344058157381369383e+05 -2.251971557375508128e+05 -2.351577941159484035e+05 -2.495183197321601911e+05 -2.682700263871816569e+05 -2.603630730794975534e+05 -2.440021638356847398e+05 -2.617820587108143081e+05 -2.447679020586657571e+05 -2.100334160903012380e+05 -2.029069593816528795e+05 -1.988800431217532605e+05 -1.787640584638575092e+05 -1.608675045514246449e+05 -1.597059412417005515e+05 -1.359083100996213034e+05 -1.000438685494007077e+05 -5.057841209054412320e+04 1.966246729134558700e+04 1.251573041238586884e+05 3.665698088955854764e+05 7.423343343572919257e+05 9.963157522189402953e+05 -9.353067566827125847e+05 -4.839285594830824994e+06 -8.688966107016207650e+06
3.709667131112652714e+05 5.489530901709805476e+05 6.959109764167803805e+05 7.151727279060286237e+05 6.442238602211000398e+05 5.699895637104054913e+05 4.413865966844602954e+05 2.684885167237371206e+05 1.229538789315850008e+05 2.356573489319998771e+04 -5.009966574609279633e+04 -1.150440929189790040e+05 -1.751197819056685548e+05 -2.183095917134776246e+05 -2.385628631548024714e+05 -2.835920018475737888e+05 -3.032011915935438592e+05 -2.765329965366980759e+05 -3.021599409356712131e+05 -3.246364751463987050e+05 -3.138456602377112722e+05 -3.228598934371256037e+05 -3.214526029484119499e+05 -3.003425527107901289e+05 -2.896687315613961546e+05 -2.782383309229043662e+05 -2.440501809370470000e+05 -2.164055819582431577e+05 -2.290904615103498218e+05 -2.342808234784750966e+05 -1.965082418877864257e+05 -1.554135725006926805e+05 -1.336535014823317761e+05 -1.241641028434968321e+05 -1.056406434165546671e+05 -1.045599359867628664e+05 -1.013178407651139423e+05 -6.569125829497352242e+04 -6.649009927932615392e+04 -7.391217512427805923e+04 -6.980961991008394398e+04 -1.215829096885863692e+05 -2.761126604716985021e+05 -7.007088453060751781e+05 -1.526784011154666776e+06 -2.334105058602284174e+06 -1.036351202410659753e+05 4.970290466000966728e+06 1.006501935980853438e+07
