4.490822045028237626e+05 4.393156304757986218e+05 4.012418392576929182e+05 3.910779367956230417e+05 4.824757588785653934e+05 5.012416966501106508e+05 4.283828862952506170e+05 4.348770571169760078e+05 4.273339296162268147e+05 3.805509808863401413e+05 4.387760687563947868e+05 4.821634018505022395e+05 4.268188540621076245e+05 4.856190265137157403e+05 6.112720371092441492e+05 7.030431372292864835e+05 9.527108885947661474e+05 1.366050063150225440e+06 1.726269568749926286e+06 1.749150502904936904e+06 1.340898475483953254e+06 8.837078288877448067e+05 5.811802563187018968e+05 3.600187043716050684e+05 2.394782737141563557e+05 1.462258596312426962e+05 4.646258197028143331e+04 -2.215996917911292985e+04 -4.146813037167722359e+04 -7.766715764390258119e+04 -1.551598338913521729e+05 -1.988689063686714508e+05 -2.221989563374021091e+05 -2.849738480542101897e+05 -4.622468381334971637e+05 -1.007350399742533918e+06 -2.451769128413874190e+06 -3.774699048622667789e+06 -3.039514621760725509e+06 -1.104669159876445075e+06 1.540096722621265799e+05 5.862013592050787993e+05 7.370110179365954828e+05 9.033027565692397766e+05 9.225990824141741032e+05 7.731500202382291900e+05 6.331103608957214747e+05 5.166951940708708717e+05 4.122214655610050540e+05
-1.168707430231552571e+05 -5.345592592149879783e+04 -2.611790522948419675e+04 -5.100204481820622459e+04 -1.135674925954844803e+05 -1.426326802338464186e+05 -1.157064214339605533e+05 -1.460990956552182324e+05 -1.926085503107788973e+05 -2.014658449560555164e+05 -2.131770255324682221e+05 -2.007152426344328560e+05 -2.131435236414473038e+05 -2.540929170649449807e+05 -2.807301191204166971e+05 -4.122743632720545866e+05 -6.620402039722284535e+05 -1.015028623572079116e+06 -1.542600448757975362e+06 -1.957673431915181223e+06 -1.833985625802367926e+06 -1.300685686430131784e+06 -7.528474577391459607e+05 -3.943717815964375623e+05 -2.534605510717849247e+05 -1.856529106845478527e+05 -1.230093860009126365e+05 -5.971776929457532242e+04 -6.941917686008382589e+03 2.855319505812088028e+04 8.677227459796983749e+04 1.110375336892870255e+05 1.251090627590748481e+05 1.915385154646355659e+05 3.825391346545396373e+05 9.720486421905136667e+05 2.392720665609007236e+06 3.739688892937913071e+06 3.137992856773761101e+06 1.379037930931309471e+06 3.704645908975256607e+05 3.246496554324636236e+04 -1.201112879648823291e+05 -1.659663095857198350e+05 -1.529102400091690943e+05 -8.274427380500128493e+04 -4.163069299423135817e+04 -6.721975922448048368e+04 -1.122084529449203983e+05
-1.125946269849036355e+06 -1.122590812320822850e+06 -1.155493750817258144e+06 -1.240280644136500778e+06 -1.219278405610448215e+06 -1.061227557782030897e+06 -9.522258097646586830e+05 -8.632891638057847740e+05 -7.240238533995767357e+05 -5.828645308199154679e+05 -4.473466853269748390e+05 -3.578814332001914736e+05 -2.946439794470733032e+05 -1.613053491709616501e+05 -8.200758239809144288e+04 -7.634994818986346945e+04 6.531249160707229748e+03 1.751868519363687374e+05 4.863662152089907322e+05 8.642668373980264878e+05 9.887435449414245086e+05 7.753833141229813918e+05 5.208012715300456039e+05 3.792621012877408066e+05 3.485577847968124552e+05 3.749038105695488048e+05 4.262306893082223833e+05 4.460794831473330269e+05 3.917040543647997547e+05 4.173736906921023037e+05 4.670547212505515199e+05 4.490291346314921975e+05 3.985532210755555425e+05 3.396312239693996962e+05 2.803431816452848725e+05 1.771510999119984917e+05 6.227014932706858963e+04 -5.370101091415574774e+04 -1.808097151517719030e+05 -3.180463381077873055e+05 -5.150468690380896442e+05 -7.351702345694322139e+05 -9.267837727058914024e+05 -1.089046993979539257e+06 -1.110561749663231662e+06 -9.106676513461363502e+05 -6.829938459567534737e+05 -5.709498287841405254e+05 -5.046891402056543157e+05
-6.090411971376021393e+04 1.564533608159772120e+04 8.679045551574742422e+04 6.548219753382005729e+04 4.319735647370177321e+04 8.435777140506613068e+04 7.718634795992332511e+04 8.618075346688809805e+04 7.485671633063233458e+04 3.383850448202784173e+04 -1.176803859978471883e+04 -6.628448311048489995e+04 -1.105385244514218066e+05 -2.187600957562061958e+05 -3.374996746543911286e+05 -4.141133602985249599e+05 -5.652159336491968716e+05 -7.772679697943383362e+05 -9.065943555732879322e+05 -9.285056160500240512e+05 -8.055019324174817884e+05 -6.113095733951736474e+05 -4.616178054732343880e+05 -3.491542985805971548e+05 -2.512175768323685043e+05 -1.298828589511869941e+05 -4.675175227434001863e+04 6.267799020042875782e+03 5.305206987459305674e+04 5.372009674290893599e+04 7.943325877589802258e+04 1.305014518465038855e+05 1.536419639634736814e+05 1.670122133560834918e+05 1.731181260979063809e+05 1.408006836989445146e+05 1.260529051556659397e+05 1.626947953546552453e+05 2.450381211460441118e+05 3.453542344935513102e+05 4.166805735955687705e+05 4.989931529067330412e+05 5.475108263524982613e+05 5.626786044146694476e+05 5.682228900944584748e+05 4.592506179207326495e+05 2.884504027718865545e+05 2.184501125683338614e+05 2.245032677579503506e+05
1.051671804777578684e+06 1.061274175247526728e+06 1.096566295708380407e+06 1.104092371766528348e+06 9.043777634296566248e+05 5.269922150041745044e+05 1.069426902119992301e+05 -4.586510334561904892e+05 -1.139033822764886077e+06 -1.568186745269885752e+06 -1.527614519180533942e+06 -1.195055501705138478e+06 -7.248833807523257565e+05 -2.936887376599042327e+05 -7.656310584494343493e+04 8.053745613522571512e+04 1.936431886861102539e+05 1.787317429965332849e+05 1.449434151844434091e+05 1.770989182659831422e+05 2.515234213397702260e+05 3.317332527181861806e+05 3.381340366871706210e+05 2.812328859363333322e+05 2.764763355436662096e+05 2.637718086560743395e+05 2.131959089332847507e+05 1.973805253889808664e+05 1.770610843635768397e+05 1.440846552860420197e+05 1.686292572258934379e+05 2.167917441831199685e+05 1.803252955241270829e+05 1.348329891612774227e+05 1.421276672289243434e+05 1.212390383834282402e+05 1.213817992685292847e+05 7.360315589294279926e+04 7.004105752621311694e+03 -4.246928860284225084e+04 -4.552876574365328997e+05 -1.582877981557808584e+06 -2.836989920449206140e+06 -2.811183037120918743e+06 -1.604981307613661513e+06 -6.238463098270748742e+05 -2.011417342153424397e+05 -3.739437680742423981e+04 2.127682152007706463e+04
3.008823796626349795e+05 1.128013606368948822e+05 -1.434692679893493187e+04 3.778501121158112073e+04 9.042624319305107929e+04 1.340551795778082451e+05 3.339687023889017873e+05 6.172037280883349013e+05 1.041109084470535861e+06 1.330996263732249383e+06 1.107986629441638943e+06 6.110960586916196626e+05 1.964115368764395826e+05 -1.126493410453074612e+05 -2.606073751927395351e+05 -2.611474603639910929e+05 -2.659710742449352983e+05 -3.252979142850199714e+05 -4.013762332107215188e+05 -3.252054278184913564e+05 -1.858944821513611823e+05 -1.437220467558470555e+05 -8.003221475408284459e+04 -7.428863050050463062e+04 -1.430174925303799100e+05 -1.240425694099578541e+05 -1.741139258797195507e+05 -2.845261765714172507e+05 -3.338056913705075858e+05 -4.256308073628679849e+05 -4.907480115669384249e+05 -5.326370470569431782e+05 -5.925518056372335413e+05 -5.985288363185097696e+05 -6.175663834476290504e+05 -5.990278365174890496e+05 -5.601173327576541342e+05 -5.749514827102038544e+05 -4.872146711072309408e+05 -2.607073060183022171e+05 1.567273985138339922e+05 1.215121335645376705e+06 2.483156128656075802e+06 2.504838413010912016e+06 1.371586002984776394e+06 4.804892894483585842e+05 2.648219674796385225e+05 2.807981053365792613e+05 2.814853115240801126e+05
4.138871573096560314e+05 4.393989034276455641e+05 5.220596660514273681e+05 6.093608461704568472e+05 6.968112291325451806e+05 8.724345089788399637e+05 1.001259271959715639e+06 1.114278211747442372e+06 1.265555198136099149e+06 1.322041587706480175e+06 1.334935947669183370e+06 1.370193862471315777e+06 1.314952551228270400e+06 1.094949227879769634e+06 9.064880504432581365e+05 7.429971328448667191e+05 3.933795962843950838e+05 6.912530810866877437e+04 -1.689429631511298940e+05 -5.285516910340813920e+05 -9.064076249977350235e+05 -1.322344126286662184e+06 -1.841425485363182612e+06 -2.058505389099736698e+06 -1.746141549848760478e+06 -1.159944129097531084e+06 -6.127332475436911918e+05 -2.218950507007325650e+05 4.175967819792230148e+04 2.323274967998444336e+05 3.541486069223899394e+05 4.007502889074757113e+05 4.979318815237654489e+05 5.543620504056524951e+05 4.987338042120606406e+05 4.924111723916208139e+05 4.791494220221282449e+05 3.434721241425729822e+05 2.463718193816016428e+05 1.946488848354050424e+05 6.246594590280391276e+04 -2.821184509331919253e+04 -1.236473311401274987e+05 -2.427158070552479476e+05 -2.944648486540250015e+05 -3.072122053012927063e+05 -3.266844160258194897e+05 -3.849958542309816694e+05 -4.570089802048015408e+05
3.083573603484909981e+05 2.023453438419892918e+05 1.170136906971310964e+05 1.007098175236023962e+05 8.737802493567869533e+04 2.921734356110391673e+04 -5.043554762778570876e+03 -1.695838589275814593e+04 -2.282252778088150080e+04 -5.162523003997188061e+04 -8.888837469316064380e+04 -6.926086189840140287e+04 -7.270944309209875064e+04 -1.438708922961449716e+05 -1.824006883829860599e+05 -1.644928658087883668e+05 -1.749726908072989609e+05 -2.307255034985427337e+05 -2.121570235580656445e+05 -4.390496735944905959e+04 2.869639083329084679e+05 7.366789888003048254e+05 1.179357829239054117e+06 1.357755669943107292e+06 1.058181175652351696e+06 4.383386968086792622e+05 -8.952932570024207234e+04 -3.923229471539170481e+05 -5.992179870247484650e+05 -7.196636910471713636e+05 -7.821306565070331562e+05 -7.324893874425477115e+05 -5.672066200496216770e+05 -4.430646042635272024e+05 -3.084041643816812430e+05 -1.530772491704921704e+05 -1.295709459036153130e+05 -7.704914359870614135e+04 4.305431835546172078e+04 8.294097548856347566e+04 7.387263482247361389e+04 7.757851612881492474e+04 1.067878376047880738e+05 1.106077881694365205e+05 1.192580243184785068e+05 7.259548666588653577e+04 2.011424509048095206e+04 5.467573487094283337e+04 1.066653446482440922e+05
-2.132938931452378165e+04 -5.604151872157666367e+04 -1.045430489220597083e+05 -1.189693149811500334e+05 -1.293213201130129164e+05 -1.530494583526888164e+05 -1.196676010998270940e+05 -1.599936690688266826e+05 -2.606705466540734924e+05 -2.530900542680318467e+05 -2.544612860887720890e+05 -3.281643166119102389e+05 -3.281938869477378903e+05 -3.319971204390820349e+05 -3.654479516810897039e+05 -3.396189663796396926e+05 -2.764327238907575374e+05 -2.248268579322027508e+05 -1.968687231510193087e+05 -1.259997477688740473e+05 -2.713280931988288648e+04 9.553008560415054671e+04 1.522843363694485743e+05 2.034117810126186814e+05 2.829224273320503999e+05 2.930019385942794615e+05 3.929414490741693880e+05 4.645127840383437579e+05 4.744779523086614208e+05 5.390911619123289129e+05 5.356933365582516417e+05 4.876015457434557029e+05 4.005858801122322911e+05 3.045337165509772021e+05 2.194417325597529998e+05 1.266251562036268879e+05 2.792787415728508495e+04 -4.223418611178221181e+04 -1.404646553881349973e+04 -3.522909706745832227e+04 -7.358839695469208527e+04 -3.457881636066327337e+04 -1.113623758901609108e+03 3.650070386531320401e+04 7.755561360700090881e+04 1.231582484357928624e+05 1.941216126439038198e+05 2.283359378106610384e+05 2.172193906476204284e+05
-7.816911022749915719e+04 -4.215528565222537145e+04 1.159457956917304546e+04 6.592366484383121133e+04 1.243980396800544113e+05 1.676401464237640612e+05 2.033868845806866884e+05 2.948876582450615242e+05 3.878024263414409943e+05 4.594075089081157930e+05 5.202395286638061516e+05 5.717333227210114710e+05 6.630442630750983953e+05 7.484477315791805740e+05 7.732965592481556814e+05 7.955214076190171763e+05 7.948767392988888314e+05 7.561365481663957471e+05 7.283741936113435077e+05 7.063561307291090488e+05 7.369859704866383690e+05 7.887502090063567739e+05 7.749499516471056268e+05 7.593555760124581866e+05 7.416384023962016217e+05 6.868295523829874583e+05 5.661105467403829098e+05 3.548905842151367106e+05 1.162574765771934763e+05 -1.270546615451169200e+05 -4.992915128305670805e+05 -1.010782738710190635e+06 -1.523662904327943921e+06 -1.921974569366865093e+06 -2.066535644064532826e+06 -1.963841227507145610e+06 -1.681272230362627422e+06 -1.347557663930167677e+06 -1.043064145452626981e+06 -7.897588154051825404e+05 -6.446714406393957324e+05 -5.091387649776530452e+05 -4.126096067090099677e+05 -3.803245773994787596e+05 -2.862996899906299077e+05 -2.550208877856852487e+05 -2.599432809241255745e+05 -1.408633348856898956e+05 2.839735905468650162e+04
8.143894623019127175e+04 -9.236519971164176241e+03 -1.164994294512504712e+05 -1.611123894029879011e+05 -1.367918624879894778e+05 -1.922670577748431824e+05 -2.522066870518391952e+05 -2.548727240842711180e+05 -2.573284505658377893e+05 -3.083132154749543406e+05 -4.006952189606095199e+05 -4.070185135667271679e+05 -4.041656672732641455e+05 -4.380070056342081516e+05 -4.635124289663506788e+05 -5.154179683693295810e+05 -5.219821721809061128e+05 -4.682606502768611535e+05 -4.387603548153127194e+05 -3.961883089779075235e+05 -3.515143758718839381e+05 -3.505881319541002158e+05 -2.872822143452144228e+05 -1.867942870631669648e+05 -1.470115996603635140e+05 -8.060496458099805750e+04 1.451105286276293918e+04 8.078500728312088177e+04 1.830608574849609286e+05 3.744368661714182235e+05 5.906884943570179166e+05 7.897707348824794171e+05 1.019966635138301877e+06 1.055124252235364169e+06 6.310011583721627248e+05 -1.301924336011851556e+05 -7.724495290829879232e+05 -9.633994004332652548e+05 -7.818482530929762870e+05 -4.969929153062897967e+05 -3.186434649399961345e+05 -2.695270356262340210e+05 -2.901006045192836318e+05 -3.458966654122204054e+05 -3.424302063080912922e+05 -2.813489905229646247e+05 -2.884748683449295349e+05 -2.962814606389652472e+05 -2.548593192056026310e+05
-3.704782636986419093e+05 -3.312023379464154132e+05 -2.780991246382474201e+05 -2.257181519574804697e+05 -2.602052811127214227e+05 -2.826144210885833018e+05 -2.152466838403050788e+05 -2.146642840621646028e+05 -2.470384155302236322e+05 -2.335843025342181791e+05 -2.003323281549091917e+05 -2.063561474372544326e+05 -2.037378576929769479e+05 -1.454505331835388206e+05 -1.702621240219739266e+05 -1.891454780171625316e+05 -1.310618160843658261e+05 -1.349951674299882725e+05 -1.333479339742190205e+05 -9.432317271912330762e+04 -8.842413102665962651e+04 -9.467607974333083257e+04 -6.753509970851195976e+04 -7.823114777421578765e+02 6.476571687816642225e+03 1.021499599570268765e+04 7.382275879881484434e+04 1.392304819325730205e+05 1.795738346188957803e+05 2.170236903190012090e+05 3.407188190656960942e+05 4.775439630919585470e+05 6.157062798393981066e+05 9.297113983222870156e+05 1.371304335393797839e+06 1.786996183921726886e+06 1.983134371716513764e+06 1.672798143996300176e+06 9.622083704869158100e+05 2.610732825175360776e+05 -1.757285562497437932e+05 -3.687470653957640752e+05 -3.831891297445315868e+05 -2.466978863445548341e+05 -8.270448588227783330e+04 7.505544881711062044e+04 2.276565161060728133e+05 3.475201856667608954e+05 4.522465967438202351e+05
-4.066983266528695822e+03 3.571719970219442621e+04 8.890637094234954566e+04 7.988736881401576102e+04 4.623638608114561066e+04 1.159758947686348110e+05 1.829978270160062239e+05 2.145257354449860286e+05 2.431906231635368895e+05 2.562313289885057602e+05 2.886671913202009164e+05 3.431067799973245710e+05 3.753222812477541156e+05 4.014175644741043216e+05 4.375008371816145955e+05 4.505370709437922342e+05 4.507068635632824735e+05 4.536630328573299339e+05 4.641541954022248392e+05 4.157563481293617515e+05 3.596258645188931259e+05 3.203390392705475679e+05 1.921361786529091187e+05 1.303843931738846004e+04 -1.645541446223072708e+05 -4.065215693941710633e+05 -7.728101849536329973e+05 -1.139755225355622591e+06 -1.317517761437920155e+06 -1.282583591091678943e+06 -9.788272780405173544e+05 -5.405791352180666290e+05 -2.496526342163286172e+05 1.886957148344255984e+03 2.554319351702360436e+05 4.264337332344800234e+05 5.946885362142345402e+05 8.090102025888715871e+05 9.629855166906415252e+05 1.065789124159234110e+06 1.188357351625129813e+06 1.219313500338651007e+06 1.150458602415161673e+06 9.823455716493122745e+05 7.457710108703416772e+05 5.610838576806767378e+05 4.006022441053576767e+05 2.371400690188244916e+05 8.873565277240891010e+04
-6.811842513117151102e+05 -5.200336264009092702e+05 -4.070551636509479722e+05 -3.851304917674860917e+05 -3.565226937105034012e+05 -3.187923218298964202e+05 -3.426387357414930593e+05 -3.095762320767974015e+05 -2.503786738116468769e+05 -2.657161108424041886e+05 -2.318568072190829553e+05 -2.067329818224241026e+05 -2.035145295160324313e+05 -1.758984888539994135e+05 -1.976373777651316486e+05 -1.798980857585412450e+05 -1.128267688237247057e+05 -7.268029813974862918e+04 -8.777183899946976453e+04 -4.873372028196183965e+04 3.719730859978869557e+04 4.999285518890246749e+04 6.781871541999839246e+04 1.896751244941693731e+05 4.367888843425321393e+05 7.134549201581096277e+05 1.051679342281641206e+06 1.421674891197619960e+06 1.616615836313502863e+06 1.567200685629212763e+06 1.295796558764487039e+06 9.727523548194589093e+05 7.162651325302468613e+05 4.798198329559091944e+05 3.354878380349692889e+05 2.638825913351317868e+05 1.283635731389950961e+05 5.461098687155637890e+03 -1.488839894378175959e+05 -3.570180708010583185e+05 -5.157897279644403607e+05 -6.720729970374670811e+05 -8.692110089158061892e+05 -1.077087362707391614e+06 -1.171354832717263140e+06 -1.186285472668602131e+06 -1.238387102433919208e+06 -1.258275909557702485e+06 -1.229313231928074732e+06
-3.215649332827161998e+05 -1.617909492905163206e+05 -5.019996361712412909e+04 -2.853357945445179939e+04 -6.008613218851690181e+04 -8.360734872992918827e+04 -7.677034824097063392e+04 -7.318837202634313144e+04 -7.452760009975451976e+04 -1.183670969637751114e+05 -1.734387120393514633e+05 -1.474352470318265259e+05 -1.729848295682314783e+05 -2.338089520521315280e+05 -1.926707707284366479e+05 -2.295804209608470555e+05 -2.739349236783165252e+05 -1.914496184213202796e+05 -1.920029858098859550e+05 -2.389178972491935710e+05 -2.198504366695120989e+05 -2.442315515204246331e+05 -3.226525253574806266e+05 -2.972256424058288685e+05 -2.691878526831715717e+05 -3.009132604461772717e+05 -3.022699807040043524e+05 -3.057633920264203334e+05 -2.400871538263164693e+05 -2.319875826124191517e+05 -2.934363665851559490e+05 -2.261400651562141720e+05 -1.484518710136041045e+05 -1.413744763589054346e+05 -1.056882225376465358e+05 -5.366997813856881112e+04 -3.025472968001617119e+03 8.806651308506843634e+04 1.790882248883279972e+05 2.479726079215463251e+05 3.379253821699250257e+05 4.662557393899624003e+05 6.175310476947179995e+05 6.664623239615329076e+05 6.746411283245114610e+05 6.999315883781654993e+05 5.965861377881085500e+05 5.219719792145752581e+05 5.540620975804529153e+05
6.373325855820486322e+04 1.621395352302351967e+05 2.124730280151562765e+05 1.444757858947562054e+05 8.376985170951206237e+04 3.045372528096754104e+04 -8.089121124190557748e+04 -1.056341859168605879e+05 -1.060040966257653199e+05 -1.774171893807216547e+05 -2.894863809544770047e+05 -3.806988218585327268e+05 -4.637392792382156476e+05 -6.406076149929137900e+05 -7.754163499108105898e+05 -8.388813949750333559e+05 -9.084957613034209935e+05 -8.812428386633105110e+05 -8.183954424899999285e+05 -7.185365180603546323e+05 -5.877829866591484752e+05 -5.584794221001355909e+05 -4.918275483753687004e+05 -4.106760307251531631e+05 -4.158912841056007892e+05 -3.597053350269563962e+05 -3.021784000658954028e+05 -3.074504019907186739e+05 -3.035195286002270877e+05 -2.651261091962079518e+05 -2.365656656742789783e+05 -2.010832759736510925e+05 -1.537569817835181020e+05 -1.163138045804225840e+05 -8.149537073339149356e+04 -8.949324501940235496e+04 -7.097361053311266005e+03 8.379303048328449950e+04 2.130042102238861844e+04 5.851580181253654882e+04 1.469851812210255302e+05 1.207151295965742320e+05 1.466111226228526793e+05 1.922754871109649539e+05 2.268474897669509519e+05 2.467507144693075679e+05 1.698338923794652801e+05 5.984713608777453192e+04 -3.634865154017694294e+04
4.117795142235991079e+04 -3.899681112590769771e+04 -1.073793124901566189e+05 -1.142289946600067196e+05 -8.434713194073992781e+04 -7.849398378566547763e+04 -7.056205239510739921e+04 -6.542028856347315013e+04 -6.670922116005391581e+04 -4.969084343778371112e+04 -1.446102503308787709e+04 7.049280658073240193e+04 1.634472537815598771e+05 2.517383708771375823e+05 3.528088074652622454e+05 4.667204837921605213e+05 5.463329026639986550e+05 5.173402130353495013e+05 4.661800481435784604e+05 3.624800618319567293e+05 1.699136808049664833e+05 -5.511994733460713178e+03 -1.144827547122261021e+05 -1.800128980555017479e+05 -2.734016313163009472e+05 -3.949930139683415182e+05 -4.261693192005620804e+05 -4.021539949817822780e+05 -4.585740060058010276e+05 -5.098998484826004133e+05 -4.823980155273602577e+05 -4.796688313659988926e+05 -4.636822572805996751e+05 -3.979102008685731562e+05 -3.656452627048564609e+05 -3.435683680442888872e+05 -2.612851414247411885e+05 -1.713901757939314703e+05 -1.425310653502674541e+05 -1.370791648930750089e+05 -1.105540208697492490e+05 -4.324848993419483304e+04 1.441035598392772954e+04 6.074040330269827973e+04 6.248455160086473916e+04 1.717379857727792114e+04 3.172193232996540610e+04 1.059381947999636177e+05 1.928371238642986864e+05
-3.612289811169464956e+05 -3.249982053176063346e+05 -2.768806221234262339e+05 -2.535961838440561842e+05 -2.814835757768014446e+05 -2.765628174671291490e+05 -2.098529704099200026e+05 -1.749562957883610507e+05 -1.766804821776896133e+05 -1.594795690244791331e+05 -1.535067712175806519e+05 -1.281043139200484147e+05 -6.575460075029684231e+04 -6.602524719106440898e+04 -1.123410643451643409e+05 -5.805495272354152985e+04 2.175263319164514542e+04 2.330453246409888379e+04 6.100837071513524279e+04 7.192750499401881825e+04 5.078710013542126399e+04 7.830470572247565724e+04 5.592977845110010821e+04 1.832459869532624725e+04 4.237919992185197771e+04 3.997035953063471243e+04 1.000280262036540080e+04 4.944492470531258732e+03 9.695371141351643018e+03 -9.425898420522804372e+03 -6.991092691714572720e+04 -9.566650603781465907e+04 -1.382809047740015667e+05 -2.219832812124511693e+05 -2.496419590046569938e+05 -2.267920379202403128e+05 -1.436506922123951372e+05 -2.257302259080461226e+04 3.776543181498721242e+04 1.057919163948097266e+05 1.952669697083188221e+05 2.650869499646796612e+05 3.871161121365719009e+05 4.361330578903295100e+05 3.787199032175712055e+05 3.044372622268557316e+05 1.963535207664243353e+05 1.464648887283686781e+05 1.704795517555582628e+05
2.828058469761162996e+05 2.019510323370923288e+05 1.330898069526301406e+05 9.848388456244720146e+04 1.002097260687150992e+05 7.604407096980139613e+04 5.599019095119729172e+04 6.244018030934972921e+04 3.100711634106235579e+03 -6.608067159701016499e+04 -1.464427868427448557e+05 -2.951440316387743223e+05 -4.657830643189662369e+05 -6.116684254372373689e+05 -7.168255946318091592e+05 -7.515134315319304587e+05 -6.729600630875944626e+05 -5.261536265777973458e+05 -3.722673298881999217e+05 -2.760107237362535670e+05 -2.426564680490263272e+05 -1.889519559890322853e+05 -1.547691136728832498e+05 -1.652995638507851399e+05 -1.141887671793666668e+05 -5.894781152805034071e+04 -6.018573178174858913e+04 -6.840938065361231565e+03 5.675900417758384719e+04 9.783112704230006784e+04 1.877530332010062411e+05 2.530485893154405057e+05 2.729581000038895290e+05 3.126791160781430081e+05 3.790523380686501041e+05 3.756484136075596325e+05 2.804034966338800732e+05 1.910706211439541075e+05 1.309031254578439984e+05 4.626058013949636370e+04 -4.870390065494598821e+04 -7.266194454932748340e+04 -4.568501712972624227e+04 -3.067627556352806278e+04 -6.107431275879195891e+04 -1.455496707123517990e+04 1.240166926613899413e+05 1.665745999979842454e+05 1.280036108974274248e+05
-6.163114965267590014e+04 -1.428563455461699341e+05 -2.119728442280756426e+05 -2.462760946400521207e+05 -2.155729988850362133e+05 -1.823981377149902983e+05 -2.026715187128137331e+05 -1.966260187167791300e+05 -1.406750540851500118e+05 -6.528115196568251122e+04 2.824849097385606728e+04 1.699878785132020712e+05 3.487448208830754738e+05 5.536969566016339231e+05 7.134372698622606695e+05 7.411993032525791787e+05 7.084555906977771083e+05 6.862569811168939341e+05 6.131159757700513583e+05 4.811370042710038833e+05 2.255164616749247070e+05 -6.569946119590196759e+05 -1.945784994611534523e+06 -2.228391446951136924e+06 -1.303901420475737425e+06 -4.285652045539618703e+05 -1.062093845483467449e+05 -2.448034385262872092e+04 3.848983971576672047e+04 4.991309390548826195e+04 4.939522196276811883e+04 1.126536217683320865e+05 1.313893520987043157e+05 1.397406391773982905e+05 2.040784252202137141e+05 2.606649375742560951e+05 2.870028856797579210e+05 2.893924415914084530e+05 2.915986042517033056e+05 3.002974007138974266e+05 3.302595919571476406e+05 3.100371434129929403e+05 2.792258493592081941e+05 2.974092760680656065e+05 2.069736468989151763e+05 1.305096097311612684e+05 1.144122499958756962e+05 -2.238575508804060519e+02 -1.663005960834554862e+05
-1.115510902995448560e+05 -7.893393533893697895e+04 -3.404638550186087377e+04 -1.078014664992247708e+04 -3.783645632312982343e+04 -6.322621105071436614e+04 -2.589452785250614397e+04 -1.994506716946489178e+04 -5.108824364157044329e+04 -4.950624698685714975e+03 -2.747430386880319566e+04 -6.025234594984818250e+04 -2.795448813296388835e+04 -5.671648474402888678e+04 -4.450488265065336600e+04 9.397714567458024248e+03 3.225762721398496069e+04 6.547038306125602685e+04 1.059168342500925064e+05 1.746943151191226207e+05 3.842098066961613949e+05 1.115610146271648817e+06 2.302908808228753041e+06 2.568696408513788600e+06 1.542524430062400177e+06 6.043916850282405503e+05 2.540244030619938858e+05 7.219176820202870294e+04 -7.104358610020438209e+04 -1.776234106194898486e+05 -3.279285255069402047e+05 -4.762238615000401624e+05 -5.805984393795388751e+05 -7.274202741228502709e+05 -8.803461228922242299e+05 -8.914364985380233265e+05 -8.126662363224016735e+05 -7.273132031081344467e+05 -6.412373746762750670e+05 -5.174910694151899079e+05 -3.104900200568221044e+05 -1.512941492634861497e+05 -3.207464250968757551e+04 1.377968582560436334e+05 3.237105305722068297e+05 4.639876644268939854e+05 5.441258506820315961e+05 6.176312227811989142e+05 6.999211176845586160e+05
-3.944474384494239348e+04 -1.232933622937707842e+05 -1.656580468825268035e+05 -1.129601980466395034e+05 -1.103206115829379996e+05 -1.644200470053328900e+05 -1.267424284115258488e+05 -9.177374006205360638e+04 -9.419383467204170302e+04 -7.663583603229199070e+04 -6.961333293780637905e+04 -1.021137774259113939e+05 -9.884764714413892943e+04 -6.914846358158672228e+04 -5.696902768395375460e+04 -3.253705477924097795e+04 -8.890896109733264893e+03 -3.506651788848103024e+03 3.872166758759703953e+04 1.063357540816649562e+05 4.922310168709373102e+04 -1.362368855603563134e+04 -7.120828371480572969e+03 -1.839754030464973766e+04 2.987032094235485420e+04 5.563069753123295959e+04 2.665474206944042817e+04 1.077322562983320095e+05 1.996838687269337242e+05 2.726902715594772017e+05 3.622461804808697780e+05 4.256526435810530093e+05 5.660865061493695248e+05 6.964748740116916597e+05 7.334247948214758653e+05 7.036682745372670470e+05 6.131315107161933556e+05 4.668132963643446565e+05 2.588539892265545204e+05 -6.201106020889710635e+03 -2.835586896871989593e+05 -4.908672730458057486e+05 -6.508931849679339211e+05 -7.013814689932779875e+05 -6.471103173290623818e+05 -6.085448291473569116e+05 -5.368338281435722020e+05 -4.716843806046369718e+05 -4.585189460855961079e+05
1.674242241785395890e+05 1.390846587761188857e+05 1.240691130142657785e+05 9.144388543943932746e+04 9.424660071737889666e+04 1.252062368144834181e+05 1.062163496165884426e+05 1.129809836712229298e+05 8.219618988645391073e+04 7.165558832370152231e+04 1.077564197174069704e+05 7.586657960702740820e+04 5.098086048819817370e+04 2.420266280365467537e+04 8.029927430980023928e+03 3.606101110126415733e+03 -1.212013010153837968e+03 6.220421515128691681e+04 1.050122131807437981e+05 5.691670185049582506e+04 -9.548237136914394796e+02 -5.666254969619272742e+03 1.609384396651876159e+03 -3.906885495009168517e+04 -5.029380593550729100e+04 -2.498787048847589176e+04 -5.426519700078660389e+04 -6.282078101321542636e+04 -3.161688876425614581e+04 1.013814233141613659e+04 8.102080377575650346e+03 -2.132593560942029580e+04 5.535076084015588276e+04 9.121598786878178362e+04 9.306472051444876706e+04 1.484456661451257532e+05 1.741639046017371293e+05 2.666387420069809887e+05 3.908426959284403129e+05 4.615967493165941560e+05 5.539487720370395109e+05 6.284177851171271177e+05 6.613855496772867627e+05 6.520024080877928063e+05 5.010220399945701938e+05 2.708020158045829739e+05 1.020649058503473643e+05 -1.520071777987945825e+04 -1.247684228972485289e+05
-1.031434870123486035e+05 -1.955599143439019099e+04 -6.180018905214965343e+03 -3.600217289451370016e+04 -3.094256258649704978e+04 -2.710709928236622363e+04 -1.570179939553746954e+04 -3.560173311292612925e+04 -9.325286236649891362e+04 -1.024805209702025168e+05 -6.498575941623141989e+04 -9.588296577334403992e+04 -2.054416922241942957e+05 -2.307135326838032342e+05 -2.188387117051752284e+05 -2.533578426983880345e+05 -2.304929424567674287e+05 -2.263897320390241221e+05 -2.133503035502508283e+05 -1.482620307121395599e+05 -1.509911440947321244e+05 -1.548034597171496134e+05 -1.744304867416215129e+05 -1.579256942619397305e+05 -1.137821311751031317e+05 -1.470488107833806425e+05 -8.792620829175540712e+04 -3.950822333841654472e+04 -9.731971700472047087e+04 -5.537615301131119486e+04 2.570608727546641603e+02 -1.674943682301091030e+03 1.397196368772711139e+04 1.802948009906685911e+04 1.737087352543312591e+04 4.085795648265036289e+04 6.445713447574235033e+04 6.441082387806102633e+04 9.671441823753400240e+04 7.391614719264896121e+04 -1.983629566158959642e+04 -4.223474666097923182e+04 -4.725477117957768496e+04 -1.243628325979814399e+05 -2.521885944247331936e+05 -3.960187060487067793e+05 -5.680155873072381364e+05 -6.907891192445799243e+05 -7.453984647373588523e+05
2.275977764236449148e+05 1.381862049952906091e+05 6.388411871055720258e+04 6.128494215357932262e+04 1.213675985203735763e+05 1.793184001492044772e+05 1.896082299531553290e+05 1.968773768169195973e+05 2.793803247968753567e+05 3.261736998276318191e+05 3.639965301878695027e+05 4.468464481590491487e+05 4.803220260740633821e+05 5.429137161164542194e+05 6.427202317595945206e+05 6.679817952814488672e+05 6.376318906738020014e+05 6.743051994996489957e+05 6.916172089518653229e+05 5.318256635952275246e+05 2.741989361518062651e+05 -1.288315009283549152e+05 -7.519186772385742515e+05 -1.404264439687393373e+06 -1.658384164437592495e+06 -1.352581415679233614e+06 -8.941455266167747322e+05 -5.602678787647173740e+05 -3.887961424986133352e+05 -2.907963438176371856e+05 -2.086166536145902064e+05 -2.139248108297766303e+05 -2.011089305987853440e+05 -1.705974727123974590e+05 -1.739493859439243097e+05 -1.231316375097959535e+05 -7.199248703451291658e+04 -7.359786274464579765e+04 -7.250941859027079772e+04 -6.605578481074178126e+04 -8.004567449674583040e+05 -1.588995974341089837e+06 -8.426325739165598061e+05 1.738272132264710963e+05 4.166357750911270268e+05 4.639398738752775826e+05 5.786783222582763992e+05 7.098390272201478947e+05 7.833527970363358036e+05
-1.526506788580443244e+05 -1.314865992256090976e+05 -1.505060062491974095e+05 -1.524072859788429341e+05 -1.202318927340093069e+05 -1.190453793427149649e+05 -1.091204349919279921e+05 -1.027064876723307825e+05 -1.059691957138421421e+05 -8.894085349093072000e+04 -5.294151223730295897e+04 -5.726044312126758450e+04 -8.332950683463420137e+04 -5.221816697092432878e+04 -1.356925518433853722e+04 -2.207463634811579686e+04 2.797068966843641101e+04 1.163496884288178553e+05 1.865013187823932967e+05 3.099307958180723945e+05 4.526608937063422054e+05 7.425476035812615883e+05 1.309019555765846744e+06 1.855618781234441558e+06 1.911853051207361743e+06 1.428345758829819504e+06 4.505390780892744660e+05 -1.835647318661506753e+06 -4.688137131971372291e+06 -4.911921439190112054e+06 -2.570421679427532014e+06 -7.978614666261980310e+05 -2.588819981204890646e+05 -1.110548555879355408e+05 -5.481021878491481766e+04 2.651108502148417756e+04 7.879076419492764398e+04 1.087584368185345083e+05 1.417380300986408256e+05 2.109605090921823867e+05 1.030784108085871441e+06 1.928427517633319832e+06 1.327367600418871036e+06 4.685056825706849922e+05 4.074774934764719801e+05 5.158823234985161107e+05 6.306191734076144639e+05 7.308419404245043406e+05 8.039044019897701219e+05
4.060029245374610764e+04 -5.407824340261870384e+04 -1.317055627195804263e+05 -1.614485521131427668e+05 -1.576608706238039304e+05 -1.299839190288912214e+05 -1.488280241040046967e+05 -2.276603549417633913e+05 -2.604962344422530732e+05 -2.734417193438275135e+05 -2.671420161177229602e+05 -2.736192981309433235e+05 -3.303828994340436766e+05 -3.293935131354373880e+05 -3.227465886816207785e+05 -3.360060978912226856e+05 -3.189663762896091212e+05 -2.925885660240601283e+05 -2.271906449571542908e+05 -1.936612801968294661e+05 -2.271350222102776170e+05 -2.289891406583772041e+05 -1.879816583775393665e+05 -1.444746003534235060e+05 -1.037547851438284852e+05 3.656073763791890815e+04 5.628245416845327709e+05 2.427482515274464153e+06 5.051022970170663670e+06 5.157405690281441435e+06 2.722454826019316446e+06 9.143884677140135318e+05 3.456767476613484323e+05 8.399555453172046691e+04 -1.257288819931279868e+05 -6.138804239031719044e+05 -2.907544872784499079e+06 -5.814140301777962595e+06 -5.132843050573142245e+06 -2.031340935019828845e+06 -3.604675097609269433e+05 -5.391471312977978960e+04 -3.212482502567581832e+02 7.591271563636884093e+04 1.021639757855157368e+05 5.507617332899803296e+04 4.483898348960839212e+04 1.751783475992875174e+04 -3.751095674713887274e+04
-3.589050430788482772e+05 -2.893023040406114887e+05 -2.017068314194330305e+05 -1.756498568310053088e+05 -2.000081917832721956e+05 -1.454039028174884152e+05 -1.087990788028400857e+05 -1.041286734188906848e+05 -5.310002753351011779e+04 -9.798599638452287763e+03 5.360334989003615920e+04 1.045238606384374434e+05 1.056870022449584212e+05 1.376248421269701212e+05 1.745598805384360603e+05 2.193962715107774711e+05 2.669834868129693205e+05 2.665481211291624932e+05 2.768667436414397089e+05 2.847450919984838692e+05 2.549825272218728205e+05 1.728976084043094306e+05 -1.255604774149835575e+05 -8.314464020520949271e+05 -1.576516030819476116e+06 -1.503034329952498432e+06 -7.852841614226037636e+05 -3.373911973623039667e+05 -2.251475309619852342e+05 -1.563495600332682952e+05 -1.045589302081498317e+05 -8.200454650388564914e+04 -7.058897907467372715e+04 -4.136614111557742581e+04 7.379200615992955863e+04 5.731384976788812783e+05 2.817515927724023350e+06 5.659596097128388472e+06 4.950622970338160172e+06 1.740837629248557612e+06 -3.126505747801531106e+04 -4.206210736077623442e+05 -6.769098124840799719e+05 -8.220068052811268717e+05 -8.976950090324692428e+05 -1.077133072460707743e+06 -1.157594552260418423e+06 -1.101287303145506652e+06 -1.040485238827508874e+06
-9.747366199357178994e+04 -8.565071253076894209e+04 -5.537170801762840711e+04 -2.970159817661624402e+04 -2.661771111976122484e+04 -5.649794499506242573e+04 -7.619850226721609943e+04 -4.432338303900929168e+04 -2.190149080197443254e+04 -3.542441346857231110e+04 -8.521515861735702492e+04 -9.178165626668487675e+04 -6.425565607234602794e+04 -9.034552758137555793e+04 -1.122749450508852024e+05 -9.900874405924696475e+04 -8.291985323347034864e+04 -5.824991703615523875e+04 -2.243224829770042561e+04 1.184978921286528930e+04 -1.992566401371755637e+04 1.151381843927106820e+04 2.883342798189555760e+05 8.846200381960058585e+05 1.568379274436739041e+06 1.546051098997705616e+06 8.330880502036577091e+05 3.337264765326115303e+05 2.186793592631876236e+05 1.454823883563220734e+05 1.126470598984449171e+05 1.080813963104446884e+05 9.192305895441723987e+04 1.224803352568412665e+05 8.974875181884272024e+04 5.071000778261781670e+04 1.003977600421060342e+05 1.587866867890991271e+05 1.620373147934149019e+05 1.405364864306463860e+05 1.677237880969189573e+05 2.348571069813626818e+05 3.188809922987993341e+05 3.345890125793812331e+05 3.611054731106567197e+05 4.073586646646424197e+05 2.775931606758958660e+05 9.644346944798668846e+04 -2.260912330632098019e+04
1.026404099253704771e+05 -1.549201272428035736e+03 -5.739677070669142995e+04 -3.054590012063272297e+04 9.083608839137014002e+02 -1.427824169222731143e+03 -2.103090765900560655e+04 -1.740602870646398515e+04 4.884291905764373951e+03 -9.259979305061278865e+03 -3.073879222356481478e+04 -9.251285086938878521e+03 1.815483974816743284e+04 2.154731035523582250e+04 -1.670321156707359478e+03 -4.828979779718804639e+04 -6.563405439374153502e+03 4.203201236246968620e+04 1.724173870199592784e+04 2.228952312856563367e+04 2.067111304670094978e+04 -2.928153456319728866e+04 -9.301915042684425134e+04 -1.048048330350137549e+05 -9.436056787759310100e+04 -9.796460339115571696e+04 -9.564921504163066857e+04 -1.376973144907972310e+05 -1.705859220994170755e+05 -1.599776659757480957e+05 -1.679929253035511356e+05 -1.769043898161908146e+05 -1.980290851177424192e+05 -2.317706777877171990e+05 -2.093839840860164259e+05 -1.938406860051325057e+05 -2.081848854231066070e+05 -1.830240322876493447e+05 -1.822123100157477893e+05 -1.759159836985052098e+05 -1.213048689265269786e+05 -8.775783909659413621e+04 -7.147802420950029045e+03 6.734502732768328860e+04 6.161951309288293123e+04 1.075083570735293906e+05 1.625640135222058743e+05 1.349567708669931162e+05 7.689789060677494854e+04
-2.234333810316456947e+05 -1.051751991831406485e+05 -4.936181604236469138e+04 -4.909226466275868006e+04 -7.246180797010310926e+04 -1.020324462842836510e+05 -9.307772903775906889e+04 -1.451821796322475420e+05 -1.786642979337195284e+05 -1.369751876477675687e+05 -1.303608608800278453e+05 -1.654178173506807361e+05 -2.231985627727407846e+05 -2.487882036458176153e+05 -2.455997632601064397e+05 -5.227386440197015181e+05 -1.453617075002402533e+06 -1.784367384329233784e+06 -7.354534386841987725e+05 7.555010042851790786e+03 6.307965829036664218e+03 -1.383305456547532231e+04 9.941493029473349452e+03 2.719279801807692274e+04 8.861760898435022682e+03 5.523892107157967985e+03 8.154298121953383088e+03 -4.537449511408340186e+03 2.137087028895597905e+04 6.217733332043280825e+04 5.539972147089475766e+04 7.735989777633314952e+04 1.170085675688460469e+05 1.448047505522845313e+05 1.998332312525599264e+05 2.485349586290251464e+05 2.975496972516700625e+05 3.568759030623193830e+05 3.925194776237185579e+05 4.035665951533874031e+05 3.721995923481886275e+05 4.098793467390350997e+05 5.241849569509199355e+05 5.415193471172832651e+05 5.390649640504859854e+05 5.575085387450220296e+05 5.547749276156546548e+05 5.904428673497728305e+05 6.558666531173978001e+05
1.237277271066023968e+04 -9.575923714510281570e+04 -1.265815949160607997e+05 -1.005650504551883787e+05 -1.263175376065194141e+05 -1.026621742884162813e+05 -4.007687337449146435e+04 -6.644935223157517612e+04 -1.300431992681114934e+05 -9.020424027767125517e+04 -2.911407336243428290e+04 -6.555939100115187466e+04 -9.639516700975969434e+04 -6.628899515708303079e+04 -6.964087149390019476e+03 3.134088430015258491e+05 1.237998746394441463e+06 1.603967959725995781e+06 6.431151970775679220e+05 -9.154027254800894298e+04 -1.505379961356809363e+05 -1.710961360755027272e+05 -1.474562037776925135e+05 -1.595549722459687619e+05 -1.495318872059576679e+05 -9.545169753488164861e+04 -1.220812793567893095e+05 -1.351487399569307454e+05 -8.075610814761603251e+04 -4.041521940060192719e+04 -4.787483459411282092e+04 -5.627797443507006392e+04 -4.742939277290180326e+04 -2.137947355528012849e+04 2.169702233659336343e+03 1.885259624861646444e+04 3.515896505545242690e+04 3.188668979477370158e+04 3.474507733291853219e+04 4.272828003420727327e+04 6.874718717168481089e+04 7.253098931090813130e+04 9.229604447231371887e+04 1.670168846122402465e+05 1.917557071230843430e+05 2.080890221591101727e+05 2.650205610301062698e+05 3.297247541582314880e+05 3.936862683700672351e+05
-1.558731930029171053e+05 -9.960206286559696309e+04 -7.594810334019723814e+04 -1.043056063694531331e+05 -1.011309123414685018e+05 -7.701579473927256186e+04 -9.806959891706355847e+04 -1.246429082161921542e+05 -1.036780619222554378e+05 -3.581586291693383828e+04 -3.041266217609541491e+04 -9.511541093685082160e+04 -6.943110680949757807e+04 -9.889982221066020429e+03 -3.703322598899831064e+04 -3.316984039163775742e+04 3.188347711256938055e+03 1.606295761404908262e+04 4.174574894728721119e+04 4.559313736128387973e+04 4.683847846317780204e+04 6.079138801098428667e+04 3.275624181551393121e+04 2.299516837927512825e+04 3.346719141089124605e+04 2.309532232175348327e+03 -2.293254018179164268e+04 -6.318159470102051273e+03 -1.036267008224967867e+04 -8.748974758505960926e+04 -1.254753705384791829e+05 -1.357047286942545325e+05 -1.885230248585876543e+05 -1.952969598342312966e+05 -2.042570257774789352e+05 -1.915047425124791916e+05 -1.198068189067998901e+05 -1.256630703787961975e+05 -1.237937382096424699e+05 -8.686047166032926179e+04 -6.242917444105818868e+04 -8.238262523086741567e+02 1.544511520434729755e+04 -2.752560582011705264e+03 2.014548778533888981e+04 3.632514822413213551e+04 3.326151785542629659e+04 6.571336814580671489e+04 1.267813662809180096e+05
-1.711706806713482365e+05 -6.102897303178859875e+04 -3.933991724232351407e+04 -6.873484415104007348e+04 -3.864513226784765720e+04 -1.583872438321122900e+04 -9.993075345264282078e+03 -3.790045914793154225e+04 -1.776461684843525290e+04 2.074337364450888708e+04 -2.941749084129929543e+03 1.644791544255008921e+04 1.300522259130980819e+04 1.554478429170558229e+04 7.275693812625808641e+04 7.546510581058124080e+04 5.413670195892313495e+04 9.466942083672620356e+04 1.196564591891365126e+05 1.239068321126978844e+05 1.258697123127053492e+05 8.319305612385459244e+04 8.487259580098930746e+04 1.041101941066153813e+05 8.574691927773528732e+04 8.386661109907436185e+04 1.172832858035692479e+05 1.051289583262405358e+05 7.243955987767549232e+04 1.427549637507766020e+05 2.237918501457897946e+05 2.160389927380315494e+05 1.954449775003020186e+05 2.509235509620336816e+05 2.751615444358318346e+05 2.616638413141480414e+05 2.468956753461677581e+05 1.839621495098985033e+05 1.882537468723601196e+05 1.973456386476749904e+05 1.329876402630178491e+05 1.350789850197906489e+05 1.515895553924197447e+05 1.031905532685049693e+05 9.566995838074942003e+04 8.147949454811148462e+04 1.749385759336271440e+04 -1.194892974541283911e+04 -1.308829249610402621e+04
-2.172588014492065413e+05 -2.202645800122991204e+05 -1.981945421383716166e+05 -1.414936559916532133e+05 -8.180122023477451876e+04 -8.605783087492443155e+04 -7.922317606557044201e+04 6.781700521387509070e+03 2.804855748836428393e+04 3.922445957650779746e+04 1.301588611642365577e+05 1.794216951803537668e+05 1.776172997739922139e+05 1.821266707041649788e+05 2.116869410724029003e+05 2.425059891901038354e+05 2.492334438621766167e+05 2.592429585487114964e+05 2.533508209284626646e+05 2.577513508478294825e+05 2.621439081658897339e+05 2.237048815589513397e+05 2.012419486956790788e+05 1.647813548769045155e+05 8.917297346197289880e+04 3.034437361755419988e+04 -2.297218294872448314e+04 -1.231849257647993509e+05 -3.046681689398240997e+05 -4.135848106368210865e+05 -3.361827088052817271e+05 -2.595356060874478426e+05 -1.960800869202658650e+05 -8.588949398588755867e+04 -3.534935015777590161e+04 -2.413593127872449259e+04 1.576303786743678211e+04 6.971672481056896504e+04 4.239229495608033903e+04 2.038337968275294406e+04 7.489328734722256195e+04 7.354357036500039976e+04 5.580930052616153262e+04 6.596666008219480864e+04 5.683312768582275021e+04 7.459436034900118830e+04 7.480918765868397895e+04 1.448783714324288303e+04 -4.997414376703090966e+04
-3.501780956021682359e+05 -2.983619494388403837e+05 -1.927733673810146283e+05 -5.172892147849779576e+04 3.569094414226128720e+04 1.157127136991766747e+05 1.503656625852454454e+05 1.512123224667450413e+05 2.007969987517572008e+05 1.831991697095509153e+05 1.319830041620299453e+05 1.239137164833666757e+05 1.499032701221585739e+05 1.538193593260075431e+05 9.646454606132465415e+04 9.704698296147410292e+04 1.019202981001583394e+05 1.100770009112602565e+05 1.600739285418239888e+05 1.347641771892085089e+05 8.105746993795031449e+04 1.002176617352234316e+05 1.353839881751630455e+05 1.275035801521153189e+05 1.680520980546135979e+05 2.262229640853182646e+05 2.617878885165555694e+05 3.688820759988454520e+05 4.847651712191869738e+05 5.579015276300197002e+05 5.827912435319737997e+05 4.883420871500857174e+05 3.492683201858035754e+05 2.551039073779247701e+05 1.889339223701970186e+05 1.417198577352974098e+05 1.224074933170052245e+05 1.166378687805265654e+05 1.198258658136178274e+05 9.783310007245722227e+04 9.203474204390682280e+04 1.204071750606822316e+05 1.016246226763173472e+05 8.065571901810448617e+04 7.069100291148107499e+04 8.832751683265063912e+04 8.887131859140889719e+04 2.814691096486104652e+04 -3.706249795330036432e+04
9.849751930098861922e+05 8.671331435799949104e+05 7.191371267523207935e+05 6.078948857201611390e+05 5.278622990268922877e+05 4.119746347633189871e+05 3.354029049255766440e+05 3.098055061310881283e+05 3.047157806523318868e+05 2.601455982710467651e+05 2.105080387782074977e+05 2.040862145222490653e+05 1.744086980650899932e+05 1.801212569043855183e+05 1.802838610913022421e+05 1.515884995440139901e+05 1.557636049117720686e+05 1.615299799789497629e+05 1.801137787524205633e+05 1.250191406220258214e+05 1.017826238811542280e+05 1.532502082499559037e+05 1.340060963848377578e+05 9.841724185258476064e+04 8.102521642416855320e+04 8.157288400645507500e+04 8.797336295814625919e+04 1.067201011595898308e+05 1.032401878900416195e+05 5.515423535907780752e+04 4.682803307980019599e+04 6.714710958098294213e+04 4.215601611897069961e+04 3.340904602824570611e+04 5.428515571547904983e+04 3.337389379608770832e+04 4.033867163423588499e+04 3.236218991660280153e+04 4.384172215650323778e+03 4.205386198242148384e+04 3.461122617460135370e+04 -7.937929409667849541e+02 -2.396713905181968585e+04 -1.700773613003548235e+04 1.992683354474138469e+03 -7.191992185835214332e+04 -1.311438942952374928e+05 -1.315684297314146534e+05 -1.374949233862534165e+05
4.665549988945689984e+04 3.941246727627003565e+04 3.176732779815234244e+04 5.867841780273010954e+03 -1.802210743859177455e+04 -2.139981229483964853e+04 -4.277533108222996816e+04 -4.159198844034108333e+04 -1.936319428103161044e+04 -9.107908387377392501e+03 -3.340430022071814165e+03 -4.007791907410160638e+04 -4.279357238803640939e+04 -9.621910481801023707e+03 -1.245369920085067861e+04 1.232708807554468513e+04 1.272451735407230444e+04 -4.472805014709592797e+04 -3.111938701069448143e+04 2.873310577633674257e+04 6.655831262905849144e+03 -2.671068308598455042e+04 -1.475047275191172957e+04 -2.129515194537816569e+04 -1.006519335976894945e+04 -9.968114629155024886e+03 -6.339914439508016221e+04 -7.524713619437534362e+04 -2.101254395631258376e+04 -1.175179954487248324e+04 -8.106079485150962137e+04 -1.216410867405650206e+05 -1.191509462487013079e+05 -1.002831494882414117e+05 -8.083731974722468294e+04 -1.040564018471920863e+05 -1.297503843612500932e+05 -1.694857727905039210e+05 -1.682459778689373052e+05 -1.010091510356866056e+05 -1.398781828754007583e+05 -2.073953742531014141e+05 -1.711043874495949131e+05 -1.342912708056977135e+05 -1.458519115389208891e+05 -1.576190490560834296e+05 -1.542064400106031389e+05 -1.541444475969179184e+05 -1.601312415979887592e+05
1.226624407581402920e+05 2.279164390554069541e+05 2.765018140585746150e+05 2.509626470939838327e+05 2.559470166151004378e+05 2.239726709347451106e+05 1.737029324936156627e+05 2.038322255847747438e+05 1.691146908485100139e+05 9.237584174406947568e+04 6.931174911514949054e+04 6.164521757120359689e+04 2.997627138378471136e+04 -5.273833577593928203e+04 -1.155710287217516452e+05 -1.522034320743116550e+05 -1.840914596705986187e+05 -1.880002013305784203e+05 -2.378287061827722937e+05 -2.967237167540588416e+05 -2.887284593991346192e+05 -2.617365264738327824e+05 -3.072292833792751189e+05 -3.140678347997891251e+05 -2.446948530810184311e+05 -2.751027030889232410e+05 -2.704357354633972282e+05 -1.640690085945245810e+05 -1.404472888365851250e+05 -1.325751505937657203e+05 -8.347309826058335602e+04 -9.458495794780948199e+04 -9.291098249319521710e+04 -1.464776686218124814e+04 4.738824746455007698e+03 -1.946757274301489815e+04 4.451435902592522325e+04 6.569052868188021239e+04 7.261274923512304667e+03 4.541679517933499301e+04 1.293674465955705382e+05 9.230440694882487878e+04 6.741444510422286112e+04 1.355863784662510734e+05 9.424248045063077006e+04 5.396541738795337733e+04 1.217435834431676194e+05 1.228110406121416017e+05 5.515571519805025309e+04
4.700638960886868881e+04 9.314841130675631575e+04 8.276491874334175372e+04 2.732020711977389874e+04 6.001688147109234706e+04 8.444526514140306972e+04 3.229587392837856896e+04 6.098307110893086065e+04 8.291317415365495253e+04 3.325961434078635648e+04 6.719101219147001393e+04 8.775347523871471640e+04 2.605841231517831329e+04 3.020472031683311798e+04 5.412739508159575053e+04 4.623579177772637922e+04 4.352332921305787750e+04 3.949469505023444071e+04 4.857691781042376533e+04 7.937987135213916190e+04 6.022091547783941496e+04 6.027029109609441366e+04 1.058523664087990765e+05 7.128014208225090988e+04 8.347133790695830248e+04 1.143499302931011189e+05 6.121607462875545025e+04 5.026267801324138418e+04 1.052185149086287711e+05 8.404659469422767870e+04 1.442848526654415764e+04 6.444470055153989233e+04 6.649218717662803829e+04 -5.454823466861853376e+03 1.417876000414276496e+04 -1.083014414616604336e+04 -3.859865398233500309e+04 1.234744099201634526e+04 -1.636004008367308415e+04 -7.021529088611691259e+04 -7.892300424049631692e+04 -5.646857092782761902e+04 -5.293862335995049216e+04 -1.091971563651175238e+05 -1.211092616074895486e+05 -1.624857199647517409e+05 -1.876563338559936965e+05 -9.483486703378811944e+04 2.179881863252585754e+04
6.349241208954481408e+04 1.073752846373827197e+05 1.533957428793653380e+05 1.841635862202383578e+05 2.158990220807027072e+05 2.393829443881986663e+05 2.438128929161757696e+05 2.714574179059128510e+05 2.930649032417570706e+05 3.004438463863333454e+05 3.634533181982990354e+05 4.136645331434559193e+05 3.811391738988457946e+05 4.153727484730186989e+05 4.983404086006337311e+05 5.196926942879512208e+05 5.173057620108014089e+05 5.425347488235272467e+05 5.512547858510514488e+05 5.247005907091076951e+05 5.386486893106477801e+05 5.126755767418940086e+05 4.730344005167724099e+05 5.006090497282273136e+05 4.553905913063497283e+05 3.392720181506592780e+05 2.874107235665721819e+05 2.780963211234486662e+05 2.443434304645052180e+05 1.932810713366777636e+05 1.540783444755650125e+05 8.417241856615804136e+04 2.529625684706913307e+04 1.252825728472089395e+04 -2.899269120636722073e+04 -2.521520417634723708e+04 -5.572675810253713280e+04 -1.280577092757453211e+05 -1.273897229574508965e+05 -1.212972500281464309e+05 -1.619787668735086918e+05 -2.344077551159714349e+05 -2.962620909634269774e+05 -5.107172871293760836e+05 -1.083285309885976370e+06 -2.525001756353151519e+06 -4.701752833005611785e+06 -6.173657582337596454e+06 -6.874856953107977286e+06
2.166677789828099194e+05 2.016308976725849207e+05 2.187613278340722318e+05 2.799814405679353513e+05 2.832706319943827111e+05 2.489553676737704664e+05 2.538465029899087967e+05 2.821321222506232443e+05 3.046026991261171061e+05 2.826850193372227950e+05 2.578203901811504038e+05 2.791287052222470520e+05 3.351885106816187035e+05 3.104350701985821361e+05 2.745587154898385052e+05 2.940964383525718004e+05 2.897227268030112609e+05 2.823382708943970501e+05 2.877578046414419077e+05 2.893583832855802029e+05 2.438377392548134085e+05 2.781324373075044714e+05 3.282978755237134174e+05 2.657503209308194928e+05 2.496829393411464989e+05 2.826413730996134691e+05 2.902697397879092023e+05 2.507549999142070301e+05 2.165167575007942505e+05 2.248749514864180237e+05 1.852963342271689326e+05 1.153863999831080437e+05 8.618489855827717111e+04 4.247802832876890898e+04 -9.108018360537290573e+04 -3.031176596262953244e+05 -6.123773144382000901e+05 -1.057117610091083217e+06 -1.676672487067114795e+06 -2.262936395785066765e+06 -2.404961249769552611e+06 -2.177559769518271089e+06 -1.782547351165262284e+06 -1.257858135326532181e+06 -5.286175912164668553e+05 9.843057337560434826e+05 3.110937423640731256e+06 4.549748006603312679e+06 5.295663541557058692e+06
1.146053186031350051e+05 9.791113308267085813e+04 1.148810278295423486e+05 1.477664698255829862e+05 1.512081763266178314e+05 1.165431608246581163e+05 9.107095582949102391e+04 8.920445727824710775e+04 5.213814219678181689e+04 8.811778850998962298e+04 9.166634527777193580e+04 2.312114869680954143e+04 4.895902321950416081e+04 5.261839542683446780e+04 -1.626749576258589514e+04 -5.974908586606045719e+04 -7.246393455716548488e+03 -1.902475979906739667e+04 -1.083789096416148823e+05 -1.386402349555281689e+05 -1.235389980250325752e+05 -1.185380760479893070e+05 -1.583919142042581225e+05 -1.620782693626824766e+05 -1.798600722980336286e+05 -2.089102024570456124e+05 -2.341063162972568534e+05 -2.456142606161306612e+05 -2.218985513783990755e+05 -2.776085223055271781e+05 -2.893483394208306563e+05 -2.397061269097325276e+05 -2.715232175543506164e+05 -2.563011322777312016e+05 -1.464926287741397973e+05 -2.212069289074873086e+04 1.916375865018932382e+05 5.812754121098271571e+05 1.109161903207130264e+06 1.583628497889144579e+06 1.704438632148669567e+06 1.391304834938351065e+06 8.700944224778483622e+05 4.424289767201109789e+05 1.210557827875912189e+05 -1.355467690451764502e+05 -2.517172774180658162e+05 -3.453589202251150273e+05 -4.784321755761541426e+05
2.780984643031828455e+03 -1.505189850751776248e+04 1.486682299728257931e+03 4.475410792801980278e+03 -2.253895606903824955e+04 3.186061421671179414e+04 3.524193644567274896e+04 2.703097834019048605e+03 5.497740672319193982e+04 3.019131052860756608e+04 3.168290197645605076e+03 5.393607147489090130e+04 7.961372644975196454e+04 8.300468251065464574e+04 1.034036533614561922e+05 8.913722159340974758e+04 5.098203609013583628e+04 9.878195318407955347e+04 1.289447979030955466e+05 6.890807179632247426e+04 8.565803979276079917e+04 1.831061263507582480e+05 1.748764458516964805e+05 1.421833331293599913e+05 1.864516724275018787e+05 1.890270860964665189e+05 1.956558675765700173e+05 2.162925983901371947e+05 1.807322737145296996e+05 1.873026396651405375e+05 2.078470667276994791e+05 1.679966293241886888e+05 1.375809443420446478e+05 1.542502709868128877e+05 1.429753740919111297e+05 8.345167407111148350e+04 8.146873115532821976e+04 1.007126868474008515e+05 4.027503247067215852e+04 -1.478948743417277001e+04 3.764088950789324008e+04 -5.013375809793593362e+03 -9.950866545812436379e+04 -9.720192223932873458e+04 -1.407087301668068394e+05 -1.481902150591483805e+05 -1.699258847261089832e+05 -2.630777719311285764e+05 -3.338586057940791361e+05
4.383122016770355985e+05 2.976686944479297381e+05 2.535058741689134622e+05 2.873113668205041322e+05 2.599994358322874177e+05 2.548167700006160303e+05 2.578601601935223734e+05 2.551916778022134677e+05 2.785339219274466741e+05 2.529443302052094368e+05 2.255610249078018824e+05 2.474666684288240504e+05 2.131627118693721713e+05 -3.633155971388621256e+05 -1.413602621246827301e+06 -1.523877421402284876e+06 -5.581426067501903744e+05 6.160300271731102839e+03 3.325346420388086699e+04 3.322764711105264723e+04 5.232035602413793094e+04 6.062077140653843526e+04 8.403211843731708359e+04 1.434707538649671478e+05 9.644725276331847999e+04 6.830319081826013280e+04 1.356182511245424976e+05 1.564262396874258411e+05 1.508043053733126435e+05 1.558569356784573174e+05 1.452926848822971806e+05 1.359688383796312846e+05 1.351872369070775458e+05 1.510737040865932067e+05 1.702910272941516596e+05 1.712310778276877827e+05 1.679784881338127307e+05 1.248644303977200761e+05 1.262461345824701712e+05 1.954652303819598164e+05 1.861041217582531972e+05 1.432550186074516969e+05 1.413468289669250371e+05 1.125802639314496191e+05 6.991250086211983580e+04 3.250079190911480691e+04 1.226590281279629562e+04 4.485397664553544018e+04 9.951346779343951494e+04
1.681361009503597161e+05 8.752958500437659677e+04 1.250681979945499916e+04 1.569389564625464845e+04 1.824192253960063681e+04 -1.793146490555955097e+04 1.483984830891131423e+04 4.182856486950186081e+04 3.409502703085320536e+04 7.537309646140784025e+03 9.708894272480392829e+03 6.131481149830517825e+04 8.720026510272873566e+04 6.092554107939938549e+05 1.698351334980106214e+06 1.776357392164208926e+06 7.305386405433834298e+05 1.966423063802355900e+05 1.932796860593950842e+05 1.321442748868139461e+05 9.029691456293244846e+04 9.903958312439522706e+04 1.229560558058440220e+05 1.215410047113252804e+05 1.057842162092858925e+05 7.796331726698554121e+04 5.325416229388792999e+04 4.366300817142473534e+04 7.139611165767069906e+03 -1.923118478618562222e+04 -6.101559024376887828e+04 -1.014232348077348433e+05 -1.340289346779172774e+05 -2.122412770033406559e+05 -2.249744465564433485e+05 -2.570319300807020627e+05 -3.871724143727624323e+05 -4.323977965985257179e+05 -4.330417264760760590e+05 -5.217965338777853176e+05 -5.646277136054423172e+05 -5.790451006617520470e+05 -6.464859920149301179e+05 -6.463622344404583564e+05 -5.965159570662956685e+05 -5.719239680006270064e+05 -4.984291721065531019e+05 -3.719859826569152065e+05 -2.547264841380761936e+05
1.154092871642205282e+05 1.565421883005183190e+05 1.732821345863339666e+05 1.771378235708107240e+05 2.109044709017325658e+05 2.057048253880929551e+05 1.770123043286729371e+05 1.736883651076641981e+05 1.666840124594456283e+05 1.702469951778765535e+05 1.415323849658307154e+05 1.329460618399025407e+05 1.289011630028835498e+05 1.009418968942189822e+05 1.504892100265714107e+05 1.327615514052740764e+05 2.903300312478700653e+04 1.110675979070947506e+04 3.536384055361850187e+04 3.498247841402189806e+04 2.573626250246912241e+04 3.590302760276268236e+04 2.962508840704686008e+04 2.882340705458750017e+04 4.465679378001391888e+04 -1.459594690109929070e+04 -8.963814307062188163e+03 7.546083202891191468e+04 3.853260296033136547e+04 -2.060068481223401614e+04 2.508477715309709311e+01 5.407534894213359803e+04 5.242619761789753102e+04 4.991790262865833938e+03 2.411009111689054407e+04 5.440786424733232707e+04 4.852811541772098280e+04 6.654022657981864177e+04 1.299284217938836664e+05 1.045771909769971389e+05 6.268593647619127296e+04 1.120464068086587358e+05 7.564082386175845750e+04 -1.869567146684904583e+04 -5.049770532788501587e+05 -3.960338410533720627e+06 -7.970544277810717933e+06 -7.434953518372355960e+06 -4.344645912923160940e+06
4.002205805825358257e+05 3.797549937338042073e+05 3.352420163307399489e+05 2.468456828895430081e+05 2.194088100933004171e+05 2.771766641501742415e+05 2.484895598635193892e+05 1.833614333253353834e+05 2.082028039480792359e+05 2.429488099893205799e+05 2.141457698657182045e+05 1.123675556111265905e+05 7.749056428336165845e+04 1.760062302273605019e+04 -5.290746034723995253e+05 -1.459025048966142815e+06 -1.787050173401804874e+06 -1.118436299261956709e+06 -3.749882800823252182e+05 -6.175249102365341969e+04 2.471601127239409834e+04 -2.718201488853082992e+04 -3.326740440854337066e+04 2.939477636915375479e+04 1.464764375865319744e+04 -4.495469504559878260e+04 -1.027600655109563377e+05 -1.117030741395140067e+05 -1.175753254642765969e+05 -2.100563036910899682e+05 -2.839845729019725695e+05 -3.555582417159178876e+05 -4.528203435495395679e+05 -5.331466119458487956e+05 -6.727340196845764294e+05 -8.651993997157835402e+05 -1.094580420368875144e+06 -1.299473222384406254e+06 -1.458789682936911937e+06 -1.707256419951877091e+06 -1.877109526389980223e+06 -1.828476567395123187e+06 -1.707412874080323614e+06 -1.485492318907490931e+06 -7.684600436721006408e+05 2.962685931023871526e+06 7.377475825541065075e+06 7.129341566956434399e+06 4.148897494752464816e+06
3.400949326787666650e+05 1.938673466914042365e+05 5.471786993774009170e+04 2.753921508861827897e+04 1.241064946210826747e+05 1.501904270508384798e+05 8.911190255399560556e+04 8.538346666566224303e+04 1.410783305451332126e+05 1.437971194356214255e+05 1.141963183133340208e+05 1.684382179724343587e+05 2.272091498966618674e+05 2.927118236391105456e+05 7.816746149324168218e+05 1.705874099450304173e+06 2.011355368394143879e+06 1.272786409234394785e+06 4.486344182633906603e+05 1.341046112406188622e+05 9.507169169999659061e+04 7.464531873702071607e+04 6.858621742692776024e+04 3.684919384933914989e+04 -9.293782386520877481e+03 2.580518714676145464e+04 -7.367254870766773820e+02 -1.044399053879901767e+05 -1.420716896040542051e+05 -4.899016015595416538e+05 -1.835453945169569924e+06 -3.243518579364617821e+06 -2.867653018853030168e+06 -1.488279872659916058e+06 -8.023899619209981756e+05 -6.143679877539399313e+05 -4.950407469940544106e+05 -4.141640493363963906e+05 -2.556267972040227614e+05 -9.123082228761608712e+04 2.494573948235553689e+04 1.058049725007729139e+05 1.315115063557457179e+05 9.935936575624509715e+04 2.468741641729162075e+04 2.081985731216240674e+04 6.571962259156885557e+04 3.820926171030383557e+03 -1.315642224217308685e+05
-3.760433281431905925e+02 4.112179167830664665e+04 5.857108570358855650e+04 3.158819312331639230e+04 3.194372264551930130e+03 -1.788492504856549203e+03 -4.526807116055861115e+02 -4.191593615833204240e+03 -4.244613408256554976e+04 -7.159499100031098351e+04 -7.025952561831194907e+04 -7.872605290162051097e+04 -8.277972678202763200e+04 -1.121456695190863684e+05 -1.263239559155772440e+05 -1.142422770884879865e+05 -1.577788653997415677e+05 -2.097964467451674864e+05 -2.517979958413341083e+05 -2.527790779534552712e+05 -2.282781816866185982e+05 -2.488236234843498096e+05 -2.552171251807890367e+05 -2.870934656330789439e+05 -3.016519185475767590e+05 -2.983581170972317923e+05 -3.570120761725412449e+05 -3.658072529298084555e+05 -3.082244823286600877e+05 -5.256271774589444976e+04 1.112897738456517691e+06 2.505114756013798993e+06 2.092375868801476667e+06 5.515784784111049958e+05 -2.874876824853713624e+05 -5.133380956525797956e+05 -7.132169269109726883e+05 -9.519610956549895927e+05 -1.145119073773530079e+06 -1.300652995662672911e+06 -1.344909987449502572e+06 -1.296856849135658937e+06 -1.208452134742252761e+06 -9.861913308255318552e+05 -6.460506662579454714e+05 -3.622571310530465562e+05 -1.254745063293364365e+05 9.992779119143774733e+04 2.835597212761016563e+05
2.833534133489592932e+05 2.618855994616751559e+05 2.796736624502229970e+05 2.842355624873016495e+05 2.240258520892530214e+05 2.509272313985275105e+05 2.837835074002211913e+05 2.168347300672030542e+05 1.787872889365823939e+05 1.810392338664680719e+05 1.507576518588759936e+05 1.110557976017296314e+05 1.391560259922696277e+05 1.414939074883293360e+05 6.367529877825314179e+04 1.232639824025705457e+04 4.698400893537327647e+02 -8.392788501034397632e+04 -1.268151395396851003e+05 -6.399757477352954447e+04 -1.021335203816117719e+05 -1.543715508184684440e+05 -1.289626383323050104e+05 -9.680170420557307079e+04 -7.890794773251377046e+04 -1.391694276824998669e+05 -1.344035623020315543e+05 -4.687422204427979887e+04 -5.250716079695848748e+04 -5.143126474140398204e+04 -2.969473408331372775e+04 -3.668014447670453228e+04 2.514087021118029952e+04 4.042806381607078947e+04 -3.858906425739405677e+03 2.550088079005945474e+04 4.938523238583025523e+04 3.483029206297965720e+04 -2.993326157462457195e+04 -3.134923551954843570e+05 -9.986726068375047762e+05 -1.367108463203624822e+06 -7.011547397453958401e+05 1.314290817384632537e+05 3.131620685530664050e+05 1.816447271386272041e+05 6.666575681956554763e+04 -9.187817780024290551e+04 -2.923212414402195718e+05
6.290335698024136946e+04 -2.334552167536458001e+04 -6.924292915995453950e+04 -6.473684523603867274e+04 -2.990785099187633023e+04 -2.602801980101561639e+03 -2.493919711560010910e+03 -6.729433818545658141e+03 1.922968031722109299e+04 5.262817351933330065e+04 5.334557832567964215e+04 4.569417519029229879e+04 4.218062567117158324e+04 1.083869573849369772e+05 1.254866841749753803e+05 4.100787194824079052e+04 2.916899542207818013e+04 4.013253582990716677e+04 -3.662684891081880778e+04 -1.339349096821387066e+05 -2.352868977063911734e+05 -4.488958775420911261e+05 -6.811473857579415198e+05 -8.411269180310767842e+05 -9.506232145457759034e+05 -8.172956126939975657e+05 -5.866965554360644892e+05 -4.974986687602368183e+05 -4.060192330018619541e+05 -3.408925082325006370e+05 -3.185116775197088718e+05 -2.605114264439907856e+05 -2.305674560248744674e+05 -1.831633816711832769e+05 -3.503124591588834301e+04 9.028679921437287703e+04 2.099545470536397770e+05 4.516969835218340158e+05 8.036017933490788564e+05 1.353800405879297759e+06 2.176603720345745794e+06 2.546886677942534909e+06 1.802159371289594332e+06 7.742605581716613378e+05 3.143033654715702869e+05 2.148239770687357523e+05 1.318075528455660678e+05 6.945888445174228400e+04 6.155685933146718889e+04
-3.589634312008273555e+05 -3.807905122969532385e+05 -3.618789875434593996e+05 -3.248367769308969728e+05 -3.221738291849032976e+05 -3.268899018748196540e+05 -3.268933031236518873e+05 -2.662274286794127547e+05 -1.749694005073981825e+05 -1.738779422850346891e+05 -1.731651940019219182e+05 -1.480805706395767629e+05 -1.189774058427427663e+05 -5.252594372257578652e+04 -6.772310920059680939e+04 -8.771500663860957138e+04 -3.474462733924179338e+04 -2.370083048910601065e+04 -3.850387604907155037e+03 9.255448137788334861e+04 2.496152109303503530e+05 4.875094899415856926e+05 7.063930667925174348e+05 8.684109258823439013e+05 9.517900524288412416e+05 7.941761704426611541e+05 5.726797882979729911e+05 4.035874969069852959e+05 2.368163859503695276e+05 1.401996787131063174e+05 3.348379696195502765e+04 -6.952130330319097266e+04 -1.363083697436379734e+05 -1.853612001473084092e+05 -2.298885026885545813e+05 -2.975509259791576769e+05 -3.708805887817291077e+05 -4.179854989657185506e+05 -4.188971725557346945e+05 -3.816742230116496212e+05 -2.961648854092346155e+05 -2.144998298073193291e+05 -1.577634712003050663e+05 -6.284834932215699519e+04 5.577497225516671460e+04 1.175232895399673434e+05 1.954412275622608431e+05 3.587043141291334759e+05 5.445069749237077776e+05
5.837132396263766568e+05 4.966955289215547964e+05 4.834362921558202943e+05 4.881376806265324703e+05 4.254801741705159657e+05 4.208234316908054752e+05 3.877963864288174082e+05 3.182297882990679936e+05 3.123943033660182264e+05 2.803635882562957704e+05 2.153887091315120924e+05 1.755899555905489251e+05 1.397251315295579843e+05 1.083502004263573326e+05 5.993697313097072765e+04 7.008881090150680393e+03 2.799368928099283949e+04 -2.638064583530649543e+04 -1.053684427586267702e+05 -7.333494698657887056e+04 -7.665737967501580715e+04 -1.300802154140546918e+05 -7.245529929379699752e+04 -3.840528138505760580e+04 -1.161406956703288015e+05 -1.120278577416322660e+05 -7.536587444774340838e+04 -8.255078232527035289e+04 -8.776989508100110106e+04 -1.212437070682062767e+05 -1.306603061480564065e+05 -1.031003748771038372e+05 -1.051608050640791189e+05 -1.217359776524244808e+05 -1.336999211637885310e+05 -1.044124257919612573e+05 -8.100580193829955533e+04 -6.341773537482379470e+04 4.219136608297703788e+02 4.913538086111657321e+03 -6.668002099904580973e+03 7.565010771591879893e+04 9.961885732016491238e+04 6.431984101742284838e+04 8.688213321293017361e+04 8.464937173761404119e+04 -3.207110374118317850e+04 -1.599363121541673318e+05 -2.322539982118140906e+05
-7.000258262909436598e+04 1.058920538186794147e+05 2.245990868259104900e+05 1.963986084031052887e+05 1.660190955470898189e+05 1.943350141373230144e+05 1.604220817124582827e+05 1.229341397929238155e+05 8.415799559268634766e+04 1.802646176685811952e+04 1.773203734366688877e+04 1.073621009098133072e+04 -5.851641156594268978e+04 -1.239993904504803941e+05 -1.734499564554421231e+05 -1.939091749303042889e+05 -2.384896033513359725e+05 -2.933993707294575870e+05 -3.740733805141644552e+05 -4.408222402597311884e+05 -4.100276202967497520e+05 -3.652772385871501174e+05 -4.070429371949292254e+05 -4.381929267017405946e+05 -4.165515178567145485e+05 -4.780257012572833337e+05 -5.400895139126803260e+05 -5.792003619120814838e+05 -6.494434168562288396e+05 -7.490903069451451302e+05 -9.215864701196543174e+05 -1.055904083815987455e+06 -1.121632898431566777e+06 -1.201528405717690010e+06 -1.178035344978560926e+06 -1.014871847286121920e+06 -7.270566799797224812e+05 -3.801928920822693035e+05 -5.374389294622326270e+04 3.101757979881945066e+05 5.918798408334278502e+05 7.057204612236823887e+05 7.280524432836659253e+05 6.910663351172129624e+05 5.822277581313408446e+05 4.162398513394864276e+05 2.334591046065904666e+05 1.050850008320417255e+05 3.257030565087683499e+04
-9.759965865232516080e+03 3.544394725846365327e+04 8.943334344308817526e+04 1.275499957072314573e+05 1.300844588340260088e+05 9.242916002869606018e+04 9.126047544297750574e+04 1.865351736693995772e+05 1.811778483481614385e+05 1.145293334734741366e+05 1.475243020450581098e+05 1.743129278003470972e+05 1.715369491503224708e+05 1.721957411366747692e+05 1.891386700293514878e+05 2.022116160820589866e+05 1.578680506281671114e+05 1.030180772641324438e+05 8.834163799649104476e+04 5.459068764466792345e+04 1.942848410428292118e+04 -3.543116318673128262e+04 -1.441512815351600293e+05 -2.085740289601380937e+05 -2.861375918440171517e+05 -3.810472840996223968e+05 -4.766356361616635695e+05 -6.481421858322585467e+05 -7.515163489992844407e+05 -8.184476254461333156e+05 -9.250467909956928343e+05 -9.602402287899183575e+05 -9.931250732328082668e+05 -1.007367885375860846e+06 -9.180740588740438689e+05 -8.207425485402923077e+05 -7.626299494472914375e+05 -7.102762274249121547e+05 -6.118674041287153959e+05 -4.750958304782384075e+05 -3.872886351941274479e+05 -2.381782148612570018e+05 -5.027823629148770124e+04 1.099921562726395205e+05 3.284874271403523162e+05 5.539823396649430506e+05 8.265523859809068963e+05 1.055579680395890959e+06 1.177714686068333685e+06
1.209391174066695385e+05 1.669184310166747309e+05 1.547566454543268774e+05 1.261239185716840439e+05 1.285572779565700330e+05 1.241843101420090534e+05 1.561159321942247916e+05 1.515974191951681860e+05 1.129123260904455092e+05 1.123162390792276710e+05 1.452488279595854692e+05 1.726241078155001160e+05 1.700099997487268411e+05 1.702626771354696248e+05 1.202538986454599071e+05 1.002750710872355849e+05 1.230219293618574739e+05 1.015634640568168834e+05 8.645405477873282507e+04 8.589169336832128465e+04 8.450176136771962047e+04 2.853295325272483751e+04 1.806355614739004523e+04 1.993582046794518828e+04 -9.139817747956886888e+04 -2.208317392275780439e+05 -3.848080939293138217e+05 -6.244107775812165346e+05 -1.028864549874559394e+06 -1.563624817164964508e+06 -2.069019566159984563e+06 -2.433690235785330180e+06 -2.429060724994934630e+06 -1.939684794420318678e+06 -1.148635894939650316e+06 -3.529212678558556363e+05 2.013817884141458198e+05 5.160475303925354965e+05 6.444289542734632269e+05 5.801651520348954946e+05 4.347648841663617641e+05 3.193435156845962629e+05 2.434413327721985988e+05 1.077664986107260920e+05 3.244962941127549857e+04 9.632874111208366230e+04 1.090560782345710322e+05 7.826624265551799908e+04 7.126934510044381022e+04
1.484305279588442063e+05 1.283976646626250586e+05 1.173651464065186447e+05 1.226592769799752859e+05 1.253544799290830269e+05 1.215625396012911806e+05 1.197856754835811444e+05 1.156095335676219547e+05 1.112135986681097420e+05 7.657014147058362141e+04 4.211644402967067435e+04 7.090446749003598234e+04 6.907803049223730341e+04 3.541231209383113310e+04 5.301813543221208965e+04 3.388798037514783209e+04 -4.344099664129310986e+04 -6.406859295675525209e+04 -4.521282146306475624e+04 -7.902974668948439648e+04 -1.131479047861648723e+05 -1.021740600129123777e+05 -7.938906234630860854e+04 -4.322604777000378817e+04 -1.981314518372539897e+04 -4.884144057199568488e+04 -1.238060533883958124e+04 8.236025698541209567e+04 1.111446642960072495e+05 1.079580925652408041e+05 -3.412283205951040145e+04 -4.041327865931115812e+05 -7.051649279944857117e+05 -6.526452310429889476e+05 -2.958431994070988148e+05 1.009571029184726067e+05 3.239085013262231369e+05 4.408119735191585496e+05 4.707859824088518508e+05 4.400913236109761056e+05 4.605444159376212629e+05 4.445556189084901707e+05 3.681637929059788003e+05 3.305281402106634923e+05 3.212642716261331807e+05 3.193745624224529602e+05 2.655330687155945925e+05 1.355116605883822194e+05 -3.243733626734232530e+03
4.159615782264154404e+04 -4.688099450606387109e+04 -9.221798580023413524e+04 -8.757971907500131056e+04 -1.198189150498365052e+05 -1.239938522421289235e+05 -5.803501766407839023e+04 -9.690925872651883401e+04 -1.699384488048963249e+05 -1.713911472688778304e+05 -2.068457491631854791e+05 -2.457968740846263245e+05 -3.158517218148333486e+05 -3.845920377376023680e+05 -4.690402487767277053e+05 -5.896755751382447779e+05 -6.659815391461601248e+05 -8.555019714316582540e+05 -1.005619906488281791e+06 -1.003398913336859201e+06 -1.102851768267571926e+06 -1.226263936281320173e+06 -1.303327988794483244e+06 -1.567900143988079857e+06 -2.317617868616655003e+06 -3.488947367046489380e+06 -3.910652369458109140e+06 -2.613915549368835054e+06 -5.140932184690646827e+05 1.268411487385166809e+06 2.797834116360170767e+06 4.089299262194265611e+06 4.807084883390361443e+06 4.640854180080059916e+06 3.680621184775369242e+06 2.532925105038449634e+06 1.583644404596705223e+06 9.318215457350034267e+05 4.610988700971943326e+05 -6.950770965282572433e+04 -9.139696724424785934e+05 -1.660005984018208226e+06 -1.400375638997352915e+06 -5.369227669495716691e+05 8.756723386351764202e+04 3.521924782032137737e+05 3.639993638391026761e+05 3.990859583779796958e+05 5.253757462763963267e+05
-2.082987000790310558e+05 -8.892275341117056087e+04 -6.457923038775310852e+04 -1.289819882597660180e+05 -1.267542903136927634e+05 -1.997803909753563348e+05 -3.063591076212469488e+05 -3.450944342854202259e+05 -4.524803427146981703e+05 -5.227562355261759949e+05 -5.578657713509168243e+05 -6.301306751606174512e+05 -6.992122484452554490e+05 -6.983761738878089236e+05 -6.439382362077592406e+05 -6.944885500546668191e+05 -9.070073870720809791e+05 -1.198535070059005637e+06 -1.621573087389696622e+06 -2.198705257867113221e+06 -2.600685628908974584e+06 -2.648307963640253991e+06 -2.341836828226519749e+06 -1.577357683371520601e+06 -1.502272793359551579e+05 1.756157840139927343e+06 2.869530048284794204e+06 2.411917839116944931e+06 1.349638053789388388e+06 6.990944611796280369e+05 4.864230400684755296e+05 4.827900040833638050e+05 6.141704913863227703e+05 7.307163804222363979e+05 7.839245670571103692e+05 8.446558049402665347e+05 8.990969710273197852e+05 9.813808098470345140e+05 1.076277082930318546e+06 1.343488261517192004e+06 1.961802574766922975e+06 2.509225173457237426e+06 2.195721539973741397e+06 1.122925981268050149e+06 3.145118119916906580e+05 4.701132429618155584e+04 -7.359921508847130463e+04 -1.707361622632006183e+05 -2.431903310748692602e+05
-1.091262104659108212e+06 -8.989825978793669492e+05 -6.276833767793143634e+05 -3.067820274815310258e+05 -5.887892334081698209e+04 1.129435447201831266e+05 1.804393308487487957e+05 1.767983290101983584e+05 2.084519965524673462e+05 2.418475273795775138e+05 1.712570199448962230e+05 -5.708677629590732977e+03 -1.448723786306800321e+05 -3.178686731707418803e+05 -5.748895847715900745e+05 -6.941145519743445329e+05 -6.647721909839310683e+05 -4.743841036554654129e+05 -5.352791879267897457e+03 6.487386628432427533e+05 1.231955315798110794e+06 1.512184934809919912e+06 1.459335204184465576e+06 1.252385735384596279e+06 9.660854174918483477e+05 7.283826958501595072e+05 6.257505117595426273e+05 4.482008095571662998e+05 2.720117554551686626e+05 1.984431798986042850e+05 1.224452925781952217e+05 5.315043245413084514e+04 -8.384217092330777086e+04 -1.666942229028793518e+05 -1.769563651175121777e+05 -3.153837917896450963e+05 -3.917654290993229952e+05 -4.053845296998049598e+05 -5.422893202054540161e+05 -6.729124966717773350e+05 -7.834327920424423646e+05 -9.633655450108934892e+05 -1.070362560384670971e+06 -1.037480735609716736e+06 -9.399917950693657622e+05 -8.028822860124614090e+05 -6.208975979575188830e+05 -4.155508847584137693e+05 -2.188597717715241015e+05
1.494884429674711544e+06 1.266718522197916172e+06 9.073307574712088099e+05 5.623245518625479890e+05 3.896533578736125492e+05 1.762624840810896130e+05 3.330973265721695498e+04 -5.705327394825988449e+03 -1.487767994933527661e+05 -3.599057837639700738e+05 -6.051109935948632192e+05 -8.515835404163228814e+05 -8.855684219286192674e+05 -5.711212536308446433e+05 -9.837497949163650628e+04 3.370029419267673511e+05 6.766159816423897864e+05 7.609570854846967850e+05 7.095352647398246918e+05 6.734033222752620932e+05 5.689952691338832956e+05 4.373976995644621784e+05 2.821593337363454048e+05 -1.304800687581871171e+05 -1.760792451445018407e+06 -3.338961941167651676e+06 -2.432351892597792670e+06 -7.072668433561930433e+05 -5.476294974825624377e+04 7.820259305881336331e+04 1.741688509524101391e+05 2.421743487130156718e+05 2.750884255761057138e+05 2.596530126302968711e+05 1.800177712441654876e+05 2.101593250202131458e+05 2.003310994521593675e+05 1.168459497246658430e+05 1.473377410558168776e+05 1.835817442712134216e+05 2.390687731979424134e+05 4.268899911036712583e+05 5.850171225285141263e+05 6.458099536699607270e+05 6.704453713464331813e+05 5.670375196763763670e+05 4.758098344758045278e+05 4.772586445702459896e+05 4.711733337928213878e+05
-1.197132645646345336e+05 -2.071246487443568185e+05 -2.855180177782315295e+05 -2.792570673362931702e+05 -2.405026419385103509e+05 -2.074791695646129083e+05 -1.391643649252364412e+05 -7.194321939547080547e+04 1.008276139391819015e+05 4.143945950127087999e+05 7.622592855177940801e+05 1.037356741336698527e+06 1.174402386700093746e+06 1.031643592919862829e+06 6.301313380981443916e+05 2.982424001532489783e+05 1.218097094766603550e+04 -2.843102510389870731e+05 -4.722836799934155424e+05 -6.444979730059274007e+05 -7.804913980938715395e+05 -8.741707822980242781e+05 -8.876063356696992414e+05 -4.672428130594210234e+05 1.148529830889606383e+06 2.772275235865960829e+06 2.146431874497497454e+06 6.538962860463664401e+05 6.255731226585363038e+04 -4.622785303567070514e+04 -8.733314406563271768e+04 -1.215081154456133954e+05 -1.215705806360349525e+05 -1.698906265961702447e+05 -2.482780383102362975e+05 -3.871712815912900260e+05 -7.362937635494752321e+05 -1.532526833012819290e+06 -2.177856303002334666e+06 -1.623477279192006914e+06 -3.712493842971115373e+05 4.654882316821007989e+05 6.583512278232940007e+05 5.834736980529858265e+05 5.410601566056731390e+05 4.376368968881421024e+05 2.784681849228218198e+05 2.128116057664732798e+05 2.073816693827346899e+05
4.978407817543472629e+04 1.745018926961346297e+05 2.371741801893220982e+05 2.072651523700915277e+05 2.452313558562309481e+05 2.776086376278544776e+05 2.390527016718987434e+05 3.057427652773915906e+05 3.027573547515206737e+05 1.946880456389043829e+05 1.576259130399558635e+05 1.196214649468312273e+05 4.872028886020413483e+04 -2.309768121893281932e+04 -1.442308319377479493e+05 -3.355865581019319943e+05 -5.512365983409108594e+05 -7.421507484078753041e+05 -9.294814018465692643e+05 -1.066183485014189035e+06 -8.518886480436772108e+05 -3.183194983110285830e+05 2.580291187288828660e+05 7.476396723088682629e+05 1.015511816634389106e+06 1.086102520952408202e+06 9.450804400563347153e+05 5.563626561657303246e+05 -2.450454054985286784e+05 -1.735873691706223181e+06 -3.185987958505862392e+06 -3.138478905987867620e+06 -1.747405671663301997e+06 -4.807794180634682998e+05 2.663374854667931795e+05 7.759829887506188825e+05 1.310005664811470080e+06 2.278761390080039389e+06 3.016539238691619597e+06 2.497540057853614446e+06 1.286840096635275520e+06 3.855320950935162837e+05 3.575753678043826949e+04 3.097077477810706478e+04 2.485237716289749369e+04 -9.227100458519998938e+03 1.737732715264428407e+03 -2.940706975728902034e+04 -1.019222159267505631e+05
4.343962021477632225e+05 3.466786543381749652e+05 2.673539988751877099e+05 2.364316169213270769e+05 2.027310460506123491e+05 -1.568242614177870564e+05 -1.619927934978913516e+06 -2.583599337155757006e+06 -1.302944738208028255e+06 -9.402729785710101714e+04 -1.307017612157510011e+05 -1.337698779310447630e+06 -3.141558790236012079e+06 -2.992673451976151206e+06 -1.263951516759698279e+06 -2.838233033014694229e+05 6.538623810833133757e+04 5.068406472119381651e+05 9.479052923040576279e+05 1.330889213273766916e+06 1.432957093574220780e+06 1.119588493847694248e+06 6.079755326540919486e+05 -5.460543238906911574e+04 -7.248552264942566399e+05 -1.135540241157285869e+06 -1.303486062976880930e+06 -1.024362438114187215e+06 -5.232809216308174655e+04 1.673459872530369554e+06 3.389854978149228729e+06 3.586081216318127699e+06 2.400598599881935865e+06 1.275470132584160659e+06 6.757717714170566760e+05 3.955825681140413508e+05 3.167968186747748405e+05 1.985392280071396381e+05 5.736717841908102855e+04 5.954822029481874779e+04 1.408944813156174496e+04 -1.354795548084066249e+05 -2.461357446369938552e+05 -2.842177510185870342e+05 -3.567221452837111428e+05 -5.256203167923360597e+05 -6.497041225677835755e+05 -7.134718341456002090e+05 -7.848270092269950546e+05
1.120733863607165404e+05 9.617110098915873095e+04 5.317584984761185478e+04 2.307311874959839042e+04 6.152352223056368530e+04 3.793992165187953506e+05 1.799635423666331219e+06 2.648798021979165263e+06 2.600262298341887072e+05 -3.619099187290702015e+06 -4.823834328309750184e+06 -1.655772377909749746e+06 2.003663747570534702e+06 2.246545378977024928e+06 7.383493642660321202e+05 -2.197420657379576005e+04 -1.682107153086689068e+05 -2.897047456304425141e+05 -3.381342171694267308e+05 -4.068729291504131397e+05 -5.093354716262540314e+05 -4.311238358847908676e+05 -2.728473902549017221e+05 -5.858938730030832812e+04 3.892803755064969882e+05 8.470806668067224091e+05 1.054652643523877254e+06 1.116449077779254643e+06 1.074279348958807532e+06 8.905622198653866071e+05 7.076598089197068475e+05 5.329684670266581234e+05 3.926129913938366808e+05 3.083839399353018962e+05 2.281315325587638654e+05 1.556425020840833895e+05 1.465915969997879583e+05 9.754777316644368693e+04 -9.646900999941863120e+03 -7.393815202231053263e+03 -8.692570765764801763e+04 -2.363319885099190287e+05 -3.809308106653033756e+05 -7.609518908997452818e+05 -1.242102765147574479e+06 -1.374202630539944861e+06 -9.499187296684235334e+05 -3.983004694865692290e+05 8.490466258087661117e+03
-5.347297679851180874e+05 -4.068033126500085928e+05 -3.417048911697929725e+05 -3.710264220880344510e+05 -4.386201041884487495e+05 -4.754844086879163515e+05 -4.414356369501911104e+05 -3.361681013117781840e+05 6.597631982594593428e+05 3.254316509694616776e+06 4.457171910516045988e+06 2.421928515196200460e+06 5.338828798366012052e+05 1.396641364504466765e+05 5.215056060085771605e+04 -3.463792741094948724e+04 -1.463246658977004699e+05 -2.685031765690655448e+05 -5.654971304742502980e+05 -1.059478002548566787e+06 -1.762505658136793412e+06 -2.529667076339247171e+06 -2.542726429750623647e+06 -1.474049804194076452e+06 -2.785105272539637517e+05 4.303415483195558190e+05 7.455407416928207967e+05 7.738864149712040089e+05 6.626444303020254010e+05 5.489748812603644328e+05 4.715108371456153691e+05 3.322950825133009348e+05 1.923557149525740533e+05 1.436880884409765713e+05 6.411976735922474472e+04 -7.709864525473641697e+04 -1.542416477494407445e+05 -2.365929955252799555e+05 -3.081812356843146263e+05 -3.045551698238697718e+05 -3.484153641376189189e+05 -2.560589426109816413e+05 1.149881831341190264e+04 4.521265718151733745e+05 1.095961657945880666e+06 1.468386709422916640e+06 1.267886982502823230e+06 8.228604527591973310e+05 4.067554990568747744e+05
-7.928183130192337558e+04 -2.220455267495708540e+04 7.091626799083314836e+03 1.225040961318882182e+04 -2.128166191629134119e+04 -5.989178636373253539e+04 -9.949808264587767189e+04 -2.465497011115079513e+05 -3.559127108778923284e+05 -4.294256070113623282e+05 -6.457250983777346555e+05 -8.961966549052160699e+05 -1.108046638222876703e+06 -1.321386490017757285e+06 -1.439051429965474643e+06 -1.376101755120035727e+06 -1.160203595839266665e+06 -8.138266220071814023e+05 -2.194191549747479148e+05 7.050747597886943258e+05 1.873819803180517629e+06 3.004825864465383813e+06 3.292569393198943231e+06 2.472642444841041695e+06 1.363667668194682105e+06 5.524305436463337392e+05 5.740241185732837766e+04 -2.288331589367594570e+05 -4.076938924126443453e+05 -5.537827455875230953e+05 -7.678197778691529529e+05 -9.380800423299679533e+05 -1.003529045837352984e+06 -1.082077295513881370e+06 -9.825152196449916810e+05 -8.058915019710547058e+05 -6.709987370437004138e+05 -4.385944686111186165e+05 -1.973381329351107124e+05 8.257124816533154808e+04 3.136126752325810958e+05 4.040544399319335353e+05 5.318747428126502782e+05 5.936381293699386297e+05 5.179087561293283943e+05 4.816610152070630575e+05 4.547507860831689322e+05 4.558595177775697084e+05 5.196320890763215721e+05
-7.045397062797562685e+05 -5.733092316065450432e+05 -4.700583803243352449e+05 -4.277696188207482919e+05 -4.242591158361756243e+05 -4.616589178630963434e+05 -4.279549829821914900e+05 -2.851437350697231013e+05 -2.492303500621349085e+05 -2.143956558805075474e+05 9.796355807343497872e+02 1.811223129485736135e+05 3.617383163826887030e+05 6.103641397019962315e+05 7.377428118596433196e+05 8.298687746239018161e+05 8.245129569829446264e+05 7.007326244612338487e+05 6.140903040600821842e+05 4.702171598924903665e+05 3.280737940705145011e+05 2.954200860601848690e+05 2.363754881208300358e+05 9.591954323230334558e+04 1.744558543607126921e+04 -4.976410475675924681e+04 -2.272410487572782440e+05 -6.199037860214604298e+05 -1.292889481535237515e+06 -1.542804893381252186e+06 -8.362629338805002626e+05 1.570027284411521396e+05 7.911870958629901288e+05 1.021656308782693930e+06 1.008204884526202921e+06 9.671227224511674140e+05 8.858851327269797912e+05 7.291644440245013684e+05 6.178352547017855104e+05 4.433072503807474859e+05 -4.030230849908620585e+05 -2.217995798592450097e+06 -2.911874096497769002e+06 -1.484618723921587924e+06 -4.425201173225659877e+05 -3.708831312478277832e+05 -2.917705833737272769e+05 -2.881834854479515925e+05 -3.600478660964239389e+05
-9.638160124304681085e+04 -3.695472626364789903e+04 3.031871589977527037e+04 -1.013405854464625008e+03 -1.442248637319426052e+05 -2.192433815033291467e+05 -2.229816235255565261e+05 -3.347703493392332457e+05 -5.171636761634728173e+05 -6.276469273341351654e+05 -7.371739149402134353e+05 -8.801474436858554836e+05 -1.021122505095263128e+06 -1.056553842028078623e+06 -1.030695202261849539e+06 -1.002697291900986806e+06 -8.202419692787234671e+05 -5.412883024191251025e+05 -3.352855487918714061e+05 -1.531834281739429571e+05 2.929135608923342079e+04 1.762389023086871020e+05 3.313644598686373793e+05 3.692631254202569835e+05 3.616313410023576580e+05 5.067502396588674746e+05 7.533180981618352234e+05 1.171794379601489985e+06 1.836225311361775268e+06 2.175568337810108438e+06 1.562399311597111635e+06 6.423506360655282624e+05 1.479978350581963314e+05 -1.109512263795472682e+05 -2.601782087044557557e+05 -2.958820320092490292e+05 -3.368242388204089366e+05 -4.185687016931486432e+05 -4.553458037387461518e+05 -4.860887168900794932e+05 1.310567098946253245e+05 1.891039002047030488e+06 2.536975690722167492e+06 1.067215043856405886e+06 -1.442437520017754287e+04 -1.519271970808035694e+05 -2.464667109568845481e+05 -2.432258753690985031e+05 -1.769312755341473967e+05
-6.352310652640904300e+04 -7.685531405120855197e+04 -1.190316076073213480e+05 -1.508490450287356507e+05 -1.852140580248669721e+05 -2.607105652522293385e+05 -2.648868106849840842e+05 -3.043261800720943138e+05 -3.782319266765264329e+05 -4.169263825242522871e+05 -4.914492566318953177e+05 -4.903257898136511212e+05 -5.605537282992734108e+05 -7.435930305495273788e+05 -8.282168607207129244e+05 -8.373358778288825415e+05 -8.719368675057198852e+05 -9.167991120505025610e+05 -7.809027442464136984e+05 -5.242052716901525855e+05 -3.394767828509793617e+05 -1.194272325970809907e+05 3.668838039448019117e+04 1.115051544699235819e+05 2.127518547922954895e+05 2.520610012800898403e+05 2.866544291039463133e+05 2.823603813216327690e+05 2.784955824396456592e+05 2.704310723481462337e+05 1.941671842095095199e+05 1.618412539333808236e+05 1.631390498401019722e+05 1.860939053495530970e+05 2.117680041198034305e+05 1.743512275678224396e+05 2.015998142887840513e+05 3.627509774806099012e+05 4.275063712455449859e+05 4.272990258841298055e+05 4.848337521145015489e+05 5.069390019823921612e+05 5.320078561877001775e+05 5.248685160398605512e+05 5.192176366495557595e+05 5.177193852560580708e+05 4.890812135403401917e+05 5.591414092667375226e+05 6.932291114888978191e+05
-6.964627728157211095e+04 -8.230635392421390861e+04 -1.606616414905874990e+05 -2.289763305935777025e+05 -1.898618806418380700e+05 -1.919266501520178281e+05 -2.325290577116538770e+05 -1.986135816277237609e+05 -1.627025390480413917e+05 -1.651923209318192094e+05 -1.307948914641746669e+05 -5.702580839890299831e+04 -5.548328501114153187e+04 -1.677556681932764477e+05 -6.540559902245874982e+05 -2.479364718130095396e+06 -3.743546335226858966e+06 -1.929594992317724042e+06 3.126301961968415417e+05 8.917812511697406881e+05 7.104741080437079072e+05 3.857838702184371650e+05 2.153623534942744300e+05 1.818489516043337062e+05 1.755284950041095726e+05 2.149371780504588969e+05 2.497642012152937241e+05 2.456100153023730963e+05 3.488787450472586788e+05 4.826931437221353408e+05 5.475328498377345968e+05 6.201448506911417935e+05 6.548547573099519359e+05 6.757350771687922534e+05 6.640022331825452857e+05 6.595779136504275957e+05 6.851257706151225138e+05 6.339998753686097916e+05 5.571387008795863949e+05 4.863899065172869014e+05 4.391200199557358865e+05 3.573548480519105215e+05 3.137835855450239033e+05 3.425817152051609010e+05 2.342637500114517752e+05 1.644652056691115722e+05 1.716470318596111611e+05 3.489269757730816491e+04 -1.766644730974799022e+05
1.339304875617380603e+05 -2.495602654758840799e+04 -2.876229678673552116e+05 -8.742413418114301749e+05 -2.645711250191379804e+06 -5.524802800574688241e+06 -6.473478635536154732e+06 -4.201222408349566162e+06 -1.564523327026695013e+06 -2.316656995119396597e+05 3.952697597097717226e+05 8.742519489015098661e+05 1.459629189174737781e+06 1.962932469942897558e+06 2.742204648003970273e+06 4.827702889382496476e+06 6.116710865847420879e+06 4.088934789533085190e+06 1.488890372709428892e+06 6.155500879356984515e+05 4.711274735527691664e+05 3.990503568033452611e+05 3.354631242938928772e+05 3.367166035610712133e+05 3.293419932218964677e+05 2.596286280528875068e+05 2.214599875157000497e+05 2.167867608726378530e+05 1.769361858256161213e+05 1.320782958166091703e+05 1.628620903351106681e+05 1.307665894617089070e+05 6.087036414304794744e+04 8.502600614679930732e+04 7.607518257806077600e+04 3.691540667787194252e+03 -2.531554956803563982e+03 2.046426814253209159e+04 -1.900755849812412634e+04 -5.275908801791910082e+04 -9.744542407424980775e+04 -1.764232944964892231e+05 -3.575141987294764258e+05 -1.763016858625938650e+06 -4.699370431593555026e+06 -5.308824069198730402e+06 -2.377049057248211000e+06 -2.676052588448543102e+05 2.205410300407670438e+05
8.344639918158650398e+05 -1.330571984037233517e+06 -5.824996481462146156e+06 -8.037580668497246690e+06 -2.083992483582987450e+06 4.480430338161531836e+06 5.799735953770575114e+06 3.677742953201812692e+06 1.341752967049544444e+06 4.130865853847351973e+05 4.092355140135588590e+04 -1.784754817857174203e+05 -2.495367883099243045e+05 -2.890080153281450039e+05 -3.378953363903563004e+05 -3.094878905365477549e+05 -2.341688949291710742e+05 -1.326834092458011582e+05 3.843933949829079211e+03 1.878428172616986558e+05 3.356592609651845414e+05 3.712948010762919439e+05 4.507911788715872681e+05 5.246167649631388485e+05 5.171543238870797795e+05 5.187089028596526477e+05 4.431170577270672075e+05 4.017517276786392322e+05 3.975451847718796344e+05 3.154642579591015819e+05 2.744740425664347131e+05 2.425383550062542781e+05 1.725292798818564042e+05 -1.741355686011887155e+04 -7.756210249807941727e+05 -2.769857306675105356e+06 -4.330494901131314225e+06 -3.218567776759160683e+06 -1.250574370606339071e+06 -4.256416267671724781e+05 -1.847554318356551230e+05 1.946414536126982421e+04 2.946527344701448455e+05 1.726020596011381131e+06 4.693966069485752843e+06 5.305185934756867588e+06 2.351110376587300096e+06 2.810294246321457904e+05 -1.422426897494038567e+05
-1.752915196178367361e+06 3.948445098166130483e+05 4.999026048924419098e+06 7.821464186849768274e+06 3.766705234431137796e+06 1.217556486491231626e+05 -1.794233858873485005e+05 -1.813451563369017967e+05 -2.179585852130549029e+05 -2.572598279413067503e+05 -2.960369020837246208e+05 -2.562385598698167596e+05 -1.424268586182732834e+05 -7.183952663617662620e+04 2.607393462618347257e+04 1.275023143494038377e+05 2.019105120294261724e+05 2.660009329245075933e+05 2.552228204341371311e+05 2.190926500898785016e+05 2.207546692329920479e+05 1.831948544553595129e+05 8.044416730786921107e+04 -2.655968883977018413e+04 -1.408689181756929029e+05 -2.821217402259931550e+05 -4.273729182532408740e+05 -6.096067354915441247e+05 -7.899650104405002203e+05 -9.387074858183041215e+05 -1.081102984755415935e+06 -1.177447979942373466e+06 -1.095857274297164287e+06 -7.766571187501545064e+05 1.139670342093473300e+05 2.254896427179621533e+06 3.951220860861939844e+06 2.996048550395067781e+06 1.128421202163156355e+06 2.721439323949737009e+05 8.413960193051025271e+04 4.023238280846318230e+04 -3.629146568593545817e+04 -1.111942821086272597e+05 -1.820000811555653345e+05 -1.800046331889457069e+05 -2.080727277448759414e+05 -3.805074543313795002e+05 -5.927129529422288761e+05
-1.156871550540383905e+06 -1.167464142147510312e+06 -1.284625237977014855e+06 -1.432295076904119924e+06 -1.506561807403050363e+06 -1.733756836042739451e+06 -2.075066609990025405e+06 -2.486921497716977727e+06 -3.043384873528849334e+06 -3.338436538143140264e+06 -2.883543885340332985e+06 -1.788666762116192840e+06 -6.978505679132640362e+05 -2.812868441134877503e+04 2.958831771006220952e+05 4.001487992895999923e+05 2.914418156788451597e+05 9.933918171882349998e+04 -5.680337562022078782e+04 -1.649523541549565271e+05 -1.612710695882560685e+05 -1.244285389498695731e+05 -4.383513026317860931e+04 1.065507509047165513e+05 1.753951122795110568e+05 2.518154369710823521e+05 3.957166688243160024e+05 5.370768156577842310e+05 7.505192539861300029e+05 9.563646486721695401e+05 1.021432338750746567e+06 1.058568825410332065e+06 1.056926726703244727e+06 8.624970078270421363e+05 5.990572423159019090e+05 4.525939208301134640e+05 3.740853246339244070e+05 2.180046512102130218e+05 7.015814985177724157e+04 7.121259248960978584e+04 2.653991579660156276e+04 -1.691077010589686688e+04 4.861878610681730788e+04 4.395845703169453191e+04 7.818413434462808073e+04 1.847617390545196831e+05 2.597593538550434751e+05 3.313516704205525457e+05 3.990154390336760553e+05
-1.779195985869154567e+06 -1.785925555494031869e+06 -1.710270426852511708e+06 -1.476323665909294505e+06 -1.206720588615280576e+06 -9.785179072179016657e+05 -6.411894549950370565e+05 -1.521633844534512609e+05 3.002788451401283965e+05 4.853770536903170869e+05 2.587595602605137974e+05 -1.478554480330776423e+05 -2.924639417891735211e+05 -1.454636973992455751e+05 1.047220610178187490e+05 3.954427591076823883e+05 6.573096878468641080e+05 7.969106602555257268e+05 8.225132121815108694e+05 7.841953393214493990e+05 6.362960522834318690e+05 4.847837539965978358e+05 3.414831738901564386e+05 1.228368608141324949e+05 7.790207021462032571e+03 1.149489708943315782e+04 -2.628138017957122065e+04 -1.379670240124689881e+05 -1.755622195720209274e+05 -7.385108864575112239e+04 -3.013925178383942693e+03 -3.231814813683740795e+04 -2.810900236625503749e+04 3.551960749202361330e+04 6.422629729058779776e+04 1.003322898526673671e+05 1.675334404010209255e+05 1.915220494568352588e+05 1.865446809525019489e+05 2.226929535457743332e+05 2.484638010588246398e+05 2.753963026902056299e+05 2.689554155486978125e+05 2.275140200025639497e+05 2.965665398607961833e+05 2.965344141458618687e+05 2.295841798782935366e+05 3.012651872439873405e+05 4.399204113936799113e+05
7.797014411716365721e+05 7.722985070009601768e+05 7.709724928202922456e+05 7.003615008672929835e+05 5.142185984525713138e+05 -2.686775036712931469e+06 -6.561999617975377478e+06 -3.953615564063651487e+06 8.327504415233824402e+05 2.443344380686175078e+06 2.621838061624149792e+06 2.393824384252658579e+06 1.829449998489289545e+06 1.222139840055897133e+06 7.967178981043975800e+05 4.155013890296684112e+05 2.688558429578554351e+05 2.996153345151104731e+05 2.536394544408539077e+05 2.544116363037027186e+05 3.668478574659084552e+05 3.998748308804348926e+05 3.654917211239814642e+05 4.033995777353990707e+05 3.237120794705691515e+05 2.150583245485904044e+05 1.021881121172913990e+05 -1.576101303371254471e+05 -3.785899050001166761e+05 -6.777111802529550623e+05 -9.322262075846078806e+05 -8.478129719771100208e+05 -6.208463393521409016e+05 -3.355369373457513284e+05 -5.078677024634042755e+04 1.673596508140321821e+05 3.076263664109865203e+05 3.675534935883486178e+05 3.975590306345837889e+05 3.968240943312401650e+05 4.221340538337255130e+05 4.494032880870516528e+05 4.069953081960545387e+05 2.937384699683751678e+05 2.570202033573879162e+05 2.573301894971511792e+05 1.894966502144234546e+05 1.907250388394448091e+05 2.598221299194809981e+05
-2.930437325989477336e+06 -3.085791570899892133e+06 -3.195237761318566743e+06 -2.917927357556472532e+06 -2.075927027590515092e+06 2.035968358348760754e+06 6.812222837050791830e+06 5.030826479388338514e+06 1.147270110012325691e+06 2.396446753430062963e+05 1.987634852397605428e+05 1.271088553918527177e+05 1.296000384102807875e+05 1.244614941795588966e+05 3.784026290930340474e+04 -4.288123651058423275e+04 -1.504967271149506851e+05 -2.666743662333464017e+05 -3.846903945071970811e+05 -6.043631568297857884e+05 -8.966236734055548441e+05 -1.081771994153386913e+06 -1.147739320333932759e+06 -1.065999335031083087e+06 -7.329616601351872087e+05 -3.203904058676566929e+05 8.440606080956151709e+04 4.858831722213663161e+05 8.852481378972865641e+05 1.274837156361609465e+06 1.449448984556074720e+06 1.340258801368765067e+06 1.119586070247755852e+06 8.152185492357244948e+05 4.774887937220037566e+05 1.501048977664329577e+05 -1.070745003005142789e+05 -2.611694824084411375e+05 -4.079826366406627931e+05 -4.765116560787996859e+05 -5.178771095769492094e+05 -5.567777030071020126e+05 -5.577667319073210238e+05 -4.520223948420605157e+05 -3.059751153274565004e+05 -2.670928157880546059e+05 -1.908041489028250799e+05 -8.151633413013792597e+04 -1.143614308006316423e+04
-1.313541889421758009e+06 -7.893686517613241449e+05 -1.457253496616615739e+05 4.652909401606302708e+05 6.946710589155554771e+05 5.792893529203137150e+05 3.091982252171145519e+05 -1.841750009072720422e+05 -1.088980163048835937e+06 -2.221780988718091045e+06 -2.822364624500916805e+06 -2.357427428296944126e+06 -1.367309823422110640e+06 -6.519109173998003826e+05 -3.209528358795791864e+05 -1.357674836882511154e+05 5.790161838114727288e+04 2.414108270904393867e+05 3.462273766117868945e+05 5.331695093202870339e+05 8.310280781175228767e+05 1.121101148542657495e+06 1.267933780092282686e+06 1.191407790741650388e+06 9.974805762051243801e+05 7.013236239991972689e+05 4.015117189611186041e+05 1.765413764031840255e+05 6.378136904881102964e+04 5.470844771451083943e+04 1.612947324669233058e+04 -4.940085700509406161e+04 -8.084862329094938468e+04 -1.542378133512125351e+04 5.072906191431672778e+04 5.171482090430799872e+04 8.483996969356667250e+04 1.466639954686982092e+05 2.499959118480907055e+05 3.221551274665389792e+05 2.765871155806236784e+05 2.693772424524651142e+05 2.641820398456177209e+05 1.871252669490059197e+05 1.871572245753486932e+05 1.879546572023532062e+05 1.196322966463048069e+05 8.549239716521673836e+04 8.408190518821193837e+04
-1.362207398073805496e+06 -1.974568264326953795e+06 -2.162369373650289606e+06 -1.432167508138227277e+06 -5.148957723856442608e+05 -5.801245269540231675e+04 2.046569053694838658e+05 5.450002511675124988e+05 1.226776725747622550e+06 2.241261748972755857e+06 2.837288760550146922e+06 2.345047337730941363e+06 1.324912116248742212e+06 5.629594128875758033e+05 1.741496289515634999e+05 -1.910129815660184249e+04 -5.170090540515980683e+04 -5.496591823262860999e+04 -1.734590401191962883e+05 -2.459828057902631117e+05 -2.431361021392508410e+05 -2.472672467649680329e+05 -3.196446039789594943e+05 -4.278244518989228527e+05 -5.045885063824243261e+05 -5.738575562601905549e+05 -6.476966611706302501e+05 -7.211225231734002009e+05 -7.191997020319101866e+05 -6.876084540976441931e+05 -6.118209020953511354e+05 -4.166344737072354183e+05 -2.620662849908708595e+05 -8.462948158354358748e+04 9.242312314454466105e+04 1.666818914146276657e+05 3.093073646293489728e+05 4.073938720408484805e+05 4.011451758877953980e+05 4.363620739051827695e+05 4.986402815731720766e+05 4.912928161336469930e+05 4.134135917434457224e+05 3.353673147058000322e+05 2.637370124657179695e+05 2.282868239076918398e+05 1.231841178948518354e+05 -8.974983431835216470e+04 -3.050572078188974410e+05
3.811444232481006999e+06 4.412148940692714415e+06 4.447323266472084448e+06 3.194600455210892484e+06 1.674363238335063215e+06 8.734299058414762840e+05 3.733757884928490967e+05 6.675408951006829739e+04 -4.687312089372426271e+04 -1.649933865887578577e+05 -3.205918881809343584e+05 -4.674145053233955987e+05 -6.531309304424212314e+05 -9.601828473631753586e+05 -1.458928121140051400e+06 -2.099166207558593713e+06 -2.425185550670140889e+06 -1.967268893871513894e+06 -1.138090602173760766e+06 -5.681559473433298990e+05 -2.635237414369480684e+05 -8.035801681544398889e+04 7.035922435316024348e+04 1.477903514384524897e+05 1.810832117308746092e+05 3.321836702775903977e+05 5.514296442858176306e+05 6.580916249231095426e+05 6.538020241417689249e+05 6.785496473900272977e+05 7.109394883070489159e+05 6.056108097892139340e+05 4.243567163840653375e+05 3.420175795565590961e+05 2.608641049719876028e+05 7.881647301343077561e+04 -3.269706911698449403e+04 -7.787337025481986348e+04 -2.265699138204212068e+05 -3.329062914237138466e+05 -3.743115540733571397e+05 -5.206271546325298259e+05 -5.928160332946554990e+05 -5.213236407068329863e+05 -4.442792297052813228e+05 -2.609112154110327829e+05 -4.214304150751489215e+04 6.704752277029841207e+04 1.377740324646560475e+05
-8.913803139876108617e+03 -1.389137489168206230e+04 -1.282881535080376198e+05 -4.290462236234451993e+05 -9.220030147035140544e+05 -1.569621944426907692e+06 -2.066511291041678516e+06 -2.024787991984922672e+06 -1.370601612448810134e+06 -6.465554906975012273e+05 -1.906802897434681654e+05 1.961413208776502870e+05 4.657517762164934538e+05 7.245154996882770211e+05 1.204283349523029290e+06 1.688466728898057481e+06 1.652126896235860419e+06 8.169346947138544638e+05 -3.940759116495607886e+05 -1.216831428180739284e+06 -1.322625520593427122e+06 -1.023146246802933980e+06 -5.696944389372956939e+05 -1.161135689538791776e+05 1.795277577219530940e+05 3.681413505779346451e+05 4.389849848838634789e+05 4.719685416971342638e+05 4.688221390554099344e+05 4.206628945071133785e+05 4.544557453083689325e+05 4.241970935993597377e+05 3.174151807746978011e+05 2.725734603323508054e+05 2.649856568151151296e+05 2.655993537878384814e+05 1.900127680980945006e+05 1.071316541029956425e+05 1.388451672747030389e+05 1.395567793847291032e+05 5.928374447976215743e+04 5.485151237953663804e+04 8.801114565168943955e+04 4.779210934677376645e+04 8.572185816534276819e+04 1.232706921754284995e+05 1.764992505573842209e+04 -5.249938205437484430e+04 -5.304675264080194756e+04
-4.308224064100058749e+05 -2.044739898049728945e+05 1.419685119227496907e+05 5.688173781844675541e+05 1.068747981775959022e+06 1.792782755841035396e+06 2.320299861300153658e+06 2.163366293817526661e+06 1.437838261515718652e+06 5.944124041180473287e+05 -5.661082247970686876e+04 -6.584595301278746920e+05 -1.411810234821168240e+06 -2.095387018329055747e+06 -2.173321693435426801e+06 -1.410994314313574694e+06 -2.269745382032133639e+05 8.674051242580753751e+05 1.650859211869828403e+06 1.985386998951725196e+06 1.942189617633700138e+06 1.516124615070873639e+06 7.604924005662919953e+05 8.619205799739685608e+04 -5.155000046818180126e+05 -1.107499204127233010e+06 -1.440313422126055229e+06 -1.510095774955119006e+06 -1.429359233050781302e+06 -1.171515090713217854e+06 -7.957834683611877263e+05 -5.233303419093135744e+05 -3.664534538437169977e+05 -1.494284668681211770e+05 2.963587236212287098e+04 1.053838592817191966e+05 2.136903959760093130e+05 3.498869311102326028e+05 4.895788835640992038e+05 5.971553904286688194e+05 6.953819585734182037e+05 8.321567941072871909e+05 8.970044117275367025e+05 8.520217501409945544e+05 7.777076332323503448e+05 6.676416424364997074e+05 5.586790950404254254e+05 5.220900043501738110e+05 5.199785634205803508e+05
-2.367767440115276724e+06 -2.291781644554867409e+06 -2.056257795320997946e+06 -1.623952517382276244e+06 -1.155358926844491623e+06 -6.523172407070519403e+05 -2.690000809312919155e+05 1.897278596879914403e+03 3.128349616238856688e+05 5.407492336953869089e+05 8.433011180747421458e+05 1.381660422534624115e+06 2.028680784144962206e+06 2.624560439875348471e+06 2.759186731796070468e+06 2.218420055942552164e+06 1.310847594049993902e+06 5.502267784028660972e+05 1.291194889173492556e+05 -1.328296532129751286e+05 -2.432871002281897236e+05 -2.113415437180082081e+05 -9.900237937021313701e+04 9.110958821111090947e+04 4.236728083976785420e+05 7.979991859290739521e+05 1.015690527020778973e+06 1.157515054133839207e+06 1.113831011753354687e+06 8.392594659439047100e+05 6.486009741961604450e+05 5.061479102302107494e+05 3.614742222777586430e+05 2.797405442711897194e+05 1.616802807923522778e+05 8.937109851132798940e+04 8.832740101177478209e+04 7.961192612885497510e+04 7.501559251453680918e+04 3.930259012558916584e+04 -4.026607269217586145e+04 -1.517531126923854463e+05 -2.977839649311495014e+05 -8.424546235034414567e+05 -2.027420346425785217e+06 -2.521290513696724083e+06 -1.570166618919171160e+06 -5.884802427221466787e+05 -8.136959486785531044e+04
-1.442934632342078257e+05 8.306380607129540294e+04 4.300446599913990940e+05 7.414559450463274261e+05 7.049460708105470985e+05 5.499209930648793234e+05 5.444690296525366139e+05 5.043582080907074269e+05 3.905285410347281722e+05 3.859106020850595087e+05 3.812217964054434560e+05 3.100383502227489371e+05 2.361337396892486140e+05 2.283368368571973406e+05 2.948622238443929236e+05 2.170220087133927736e+05 -2.737665617246525362e+06 -7.473431977041179314e+06 -6.466623621223550290e+06 -1.475869866750144400e+06 6.908305986007302999e+05 7.941690989336334169e+05 8.642115554868374020e+05 9.388661397888790816e+05 1.007313178411860019e+06 9.685327735397736542e+05 8.870897192409024574e+05 8.812276960490285419e+05 8.020020554921939038e+05 6.774263025730028749e+05 5.624853536026789807e+05 4.580137970141377300e+05 3.883527380946923513e+05 3.073945159430152271e+05 2.633719926187763922e+05 2.281474156930928584e+05 1.170844889353606850e+05 7.201679268240719102e+04 1.044823527216797229e+05 3.239282571070361882e+04 2.585721228970284574e+04 1.326564008477723692e+05 2.755922859272678616e+05 8.499324624901112402e+05 1.970211740879747085e+06 2.432699671380098909e+06 1.556349655809750780e+06 6.854491271945894696e+05 3.220932304888144135e+05
6.508576446937508881e+05 1.854637212396482937e+05 -4.686975909938327968e+05 -1.235609084641328081e+06 -1.848947769865335431e+06 -2.309571440554863773e+06 -2.541287400088039227e+06 -2.574913154969109688e+06 -2.450413762562095188e+06 -2.139101215724366717e+06 -1.712898940509767272e+06 -1.238569756174402311e+06 -8.453156231908351183e+05 -5.787635478327870369e+05 -3.529477695954851806e+05 -8.225759552005864680e+04 3.005457616755442694e+06 7.934581362895838916e+06 7.073714685931915417e+06 2.199241933596494142e+06 1.467243093746947125e+05 1.371169151479261927e+05 1.324142821156419814e+05 9.553377100295620039e+04 1.286424696195172146e+05 1.295827096613356844e+05 5.033159448910737410e+04 9.502200603601522744e+03 4.516887413221364841e+04 7.220531941507942975e+04 3.371319582627620548e+04 5.429722802072763443e+03 1.183254429808678105e+04 -6.725164571573212743e+04 -1.468951937594101764e+05 -1.801402702232012525e+05 -5.100324402537085116e+05 -1.288158578262957511e+06 -2.205414722416023724e+06 -2.486891598352515139e+06 -1.745442700145647628e+06 -8.206977370686988579e+05 -3.774158439051816240e+05 -1.593928802295697387e+05 -7.821236053132917732e+03 3.117722220922564156e+04 3.077377066685608588e+04 -4.668978859553113580e+03 -7.723220877873338759e+04
-8.596873498550842050e+05 -1.092999964424525620e+06 -1.245062451077683130e+06 -1.201478145837608725e+06 -9.663592702202731743e+05 -6.184828713155002333e+05 -2.363706002297111554e+05 1.490181438514268957e+05 3.828123548967418028e+05 4.175073764464466367e+05 3.750523283702204935e+05 2.669371429504830157e+05 1.555523443411220214e+05 1.101530508167342632e+05 6.444029248610604554e+04 2.735666938009671867e+04 -9.502116555813117884e+02 -3.592584459955105558e+04 1.006747205101419240e+03 -3.447946672182297334e+04 -1.089376921462825267e+05 -1.177649518375983462e+05 -1.598479207252970082e+05 -1.948309327024616068e+05 -1.593009332776999800e+05 -1.563106695565509144e+05 -2.334663166856627213e+05 -2.719535402156185592e+05 -2.336435278729186393e+05 -2.040507941957912408e+05 -2.026585220111883245e+05 -1.911162253544898704e+05 -1.824784913597987033e+05 -1.109551386476962361e+05 -3.739442313089966774e+03 1.110889344790480100e+05 4.078684995899682399e+05 1.136615454053100897e+06 2.120772063612236641e+06 2.442293628494947217e+06 1.727371174935540650e+06 8.014308293137631845e+05 2.847772662912025116e+05 9.778188657393911853e+04 2.972534381842799485e+04 -4.039153744146414101e+04 -7.693771785532636568e+04 -7.579345102130901068e+04 -7.542217721172794700e+04
-1.719007954385305522e+06 -1.797051299623272149e+06 -1.755078975806827191e+06 -1.478702751153032063e+06 -1.049213707136805169e+06 -4.685421505905105732e+05 1.073662118182983249e+05 4.163120057948986068e+05 4.964049098556281533e+05 5.312311807766670827e+05 5.272655051102631260e+05 4.959856567528916057e+05 4.993253425532019464e+05 3.764709971926638391e+05 2.919557427821563324e+05 3.695156336680522072e+05 3.786819600954188500e+05 2.667162733181611984e+05 2.267709886678493640e+05 2.663926362391792936e+05 2.286811784029121045e+05 2.179332915233681269e+05 2.495218641989053867e+05 1.748604464725942817e+05 1.329624806332868757e+05 1.719369926146463258e+05 1.305430449836420594e+05 1.274868794903161470e+05 8.871448810386960395e+04 4.108092333888658322e+04 1.157959429948820034e+05 8.824245889903919306e+04 -1.677734169817983638e+04 -2.049435622931935359e+04 1.187617116753244773e+04 1.550491742236760911e+04 -1.918553403025737498e+04 -6.192390419921150897e+04 -6.527583124407101423e+04 -1.002485560820784885e+05 -6.777227584883756936e+04 -3.041509164235298522e+04 -1.031076400377784157e+05 -1.052811926670256071e+05 -6.237006047187605873e+04 -2.281234610069077462e+04 -2.349011223937885370e+04 -1.318116914964032476e+05 -2.769586510310149752e+05
1.026156555617634673e+06 1.334478385030815843e+06 1.684762941195512656e+06 1.997290897445927374e+06 2.036769342603511177e+06 1.725227370893990155e+06 1.293910730872302782e+06 9.442276692297311965e+05 6.367361893755157944e+05 4.003077314468098339e+05 2.412410789582643192e+05 5.587390554777812213e+04 -9.455305673007387668e+04 -1.789706245914564934e+05 -2.240231916899208445e+05 -2.979189225472512189e+05 -4.015631568155370187e+05 -4.724710504015090410e+05 -5.855819212837376399e+05 -6.195704781255333219e+05 -5.782170014074643841e+05 -6.624102805211442756e+05 -7.042745653170290170e+05 -6.234829770948271034e+05 -5.479415869800137589e+05 -4.679549254185985774e+05 -3.552129169009272009e+05 -2.046358794518169016e+05 -9.085018893063534051e+04 1.327934286178811453e+04 8.906180308607872576e+04 1.742659645542164799e+05 2.936067801585894777e+05 2.892574610098382691e+05 2.830653993372108089e+05 3.970504024691758677e+05 4.351372604916102136e+05 3.533840535560745629e+05 3.477434200717831845e+05 3.842875142057881458e+05 3.777834007106145145e+05 3.394441043731067912e+05 3.014761423214796232e+05 2.972956030821664026e+05 2.652152628262419021e+05 2.301583651002140250e+05 1.913479559603726957e+05 1.182866118429233320e+05 4.531893784645851701e+04
2.453333126254145987e+06 2.374342142478562891e+06 2.220891352305770386e+06 1.913529078117280267e+06 1.526905955489783082e+06 1.137407793213496450e+06 7.441861977835651487e+05 3.941273143727448769e+05 1.635776294837710448e+05 4.081558887555729598e+03 -1.936496799939782359e+05 -3.786667346721515059e+05 -4.902762145255110227e+05 -6.128304597176606767e+05 -7.334295361273684539e+05 -8.055593720157053322e+05 -9.073822344050866086e+05 -9.379244224444841966e+05 -8.197447788668792928e+05 -6.619651661618261132e+05 -4.301082271954506868e+05 -2.109200245997630991e+05 -6.517374601535272086e+04 1.267534828244237578e+05 2.371053813426988199e+05 2.753825044736728305e+05 3.467776843183673918e+05 3.053246766675151885e+05 2.278832518143462949e+05 2.173525464994600043e+05 1.416565792332405690e+05 1.139103416012951639e+05 8.404137145116785541e+04 -1.059385510880381335e+05 -4.082445697486405261e+05 -8.856874275335561251e+05 -1.137997739363926928e+06 -8.400391307612896198e+05 -4.312771386155514047e+05 -2.421895440164364991e+05 -1.707640579840517021e+05 -9.488299751567014027e+04 -1.956920774275204167e+04 -2.155139996379183140e+04 -8.805914889206166845e+04 -8.460719118185783736e+04 -4.939938559778966010e+04 -4.888314206909830682e+04 -4.832757767813699320e+04
1.169067622297443449e+06 8.578708896762691438e+05 3.945174929717909545e+05 -1.453462030173977837e+05 -5.313996436918387190e+05 -8.034510064593628049e+05 -9.626035116382986307e+05 -1.039459742480249377e+06 -9.966341223835486453e+05 -8.057736462293538498e+05 -6.922738220234174514e+05 -6.050547811927394941e+05 -4.837653735786441830e+05 -3.745765463239512173e+05 -1.871168111954465858e+05 -6.756522944779138197e+04 2.070142252370698407e+04 1.411941756826126366e+05 2.181075946535565017e+05 2.197899070155107474e+05 1.054650697376928583e+05 5.577848995249968721e+04 1.033725963206967572e+04 -1.017689510647322168e+05 -1.043570813589028548e+05 -1.022311486653050815e+05 -1.802061893389328616e+05 -1.815837137348720280e+05 -1.055827239010251214e+05 -1.140645588457120175e+05 -1.504036581650142907e+05 -1.011695719958513655e+05 -1.743990106449951418e+04 5.498534153186468757e+04 3.111561556413662038e+05 8.350029347313086037e+05 1.094980760251927888e+06 7.879980072882622480e+05 3.357067488983746152e+05 7.648678458295739256e+04 -3.846868882508785464e+04 -7.385376330406870693e+04 -3.542170486936811358e+04 -3.728068648022646084e+04 -1.401311775684005115e+05 -1.364510070919636637e+05 -6.451228720980021171e+04 -1.369079157017387915e+05 -2.823815925611373968e+05
8.915749343659258448e+05 8.136186188086867332e+05 8.157691030902788043e+05 8.957805240873130970e+05 8.577542343796812929e+05 7.393072195342388004e+05 5.396213393806824461e+05 1.123739210120397620e+05 -3.494374096445967443e+05 -7.395632714504604228e+05 -1.089969314960181713e+06 -1.271863005540217739e+06 -1.264789619417569600e+06 -1.115300476842093747e+06 -8.097226659295844147e+05 -4.953371374314883724e+05 -2.515047963630063168e+05 2.407448010140791303e+04 2.172120526368961728e+05 2.571791814282186679e+05 2.570174138265424699e+05 3.207839831768071163e+05 3.498274755300378310e+05 2.743183132252306677e+05 2.323098825383930816e+05 1.948593046696623787e+05 1.910320845720708603e+05 1.503480521088935202e+05 7.379685970256105065e+04 1.018512967505377019e+05 6.460557883372553624e+04 3.757125003554427531e+04 8.331692253705160692e+04 8.072351273120136466e+04 7.600472663412790280e+04 8.007359965209604707e+04 8.392218323308066465e+04 7.937613512214738876e+04 1.126072938286229037e+05 1.138022770112727303e+05 7.285165628592972644e+04 1.111426017197663896e+05 1.491715030866905581e+05 1.463652187748812139e+05 1.161394964641663246e+05 8.216941184451547451e+04 1.523076173482704908e+05 2.249156982291599270e+05 2.247991132581923157e+05
-2.049723885665296111e+05 -2.819705499205156229e+05 -3.563994782892403891e+05 -3.527619707386475056e+05 -2.727621308880043216e+05 -1.953227827785303816e+05 -4.428242526919345255e+04 1.882844030056734337e+05 3.849204232828925014e+05 5.738635134627108928e+05 8.004936794194516260e+05 8.851538191628064960e+05 7.712680274562439881e+05 5.682567263868984301e+05 2.920058800742845051e+05 2.653138021298171952e+04 -1.921983044347143732e+05 -3.383764822606460657e+05 -4.118806623760608491e+05 -4.849129383260149043e+05 -4.830104766174908727e+05 -4.552298096942831762e+05 -4.244058342289653374e+05 -3.448267317353747785e+05 -3.082162254097054247e+05 -3.056795171261182404e+05 -2.692262602507250267e+05 -1.944174195069357520e+05 -1.556348091061226733e+05 -1.637721332249929546e+05 -1.619307819372625090e+05 -1.496655197726797487e+05 -1.025341479794593761e+05 -6.591666626656656445e+04 -1.067595524364152225e+05 -1.014177894956084492e+05 -5.844339487608519266e+04 -6.146344585984491277e+04 -1.012384839417061594e+05 -9.890577371348597808e+04 -2.716160311683756299e+04 -6.122582866693800315e+04 -9.574395669653289951e+04 -6.015891142655169824e+04 -5.231311263982224045e+04 -4.858855863218189916e+04 -5.103678832587331999e+04 2.213364414637774462e+04 1.692135976161796134e+05
-4.796494937062379904e+05 -3.236891574921901338e+05 -1.265663276202394627e+05 3.184723685524659231e+04 1.111973289932939224e+05 2.265986435528611764e+05 3.380122676945757121e+05 3.760348643749605399e+05 4.171389548492152244e+05 4.123265719777552877e+05 3.684413099751695991e+05 3.766328390839044005e+05 3.793834520457312465e+05 3.696710276024532504e+05 3.249651071158587001e+05 3.286549232748807408e+05 3.010954309653607197e+05 1.918257338908733800e+05 1.548938667209586129e+05 7.960847763897618279e+04 -3.564093564025778323e+04 -1.629429092857753858e+05 -2.866992368511278182e+05 -3.985244254552526399e+05 -5.903565813670870848e+05 -7.771465077972966246e+05 -8.528076219555800781e+05 -8.514286685315906070e+05 -8.098799255717314081e+05 -6.265077224935513223e+05 -4.715153026548795169e+05 -4.201168930175484857e+05 -2.963350024097614223e+05 -1.833772240977851616e+05 -1.486498506923089153e+05 -1.800773726429904636e+05 -1.363958297049972170e+05 -2.677714108867809409e+04 -2.943019543163225171e+04 -6.440203715290391119e+04 -2.946415524318558164e+04 1.067843367200109060e+04 1.316531239077445935e+04 4.822518817294662585e+04 9.264936964144009107e+04 9.572903162275879004e+04 1.286560485788509832e+05 2.010447345572162594e+05 2.744145702125346288e+05
8.671086277757426724e+05 4.794069689346360974e+05 -1.226292187055804301e+06 -3.862477930209133774e+06 -3.702669349717034493e+06 -1.332831355262606405e+06 -2.099260717842844315e+05 -1.309890501986956224e+05 -4.882952933054207824e+04 2.590143671142868698e+04 1.387655826652194373e+05 2.651700130972312763e+05 3.082354433697763598e+05 3.384061187141923001e+05 3.725947354093658505e+05 3.780358110877570580e+05 4.283455069421326043e+05 4.352695962638243218e+05 3.221379600299404701e+05 2.849858466617296217e+05 3.607664715251297457e+05 3.470925084745972999e+05 2.980655748717259266e+05 3.748099940986135043e+05 5.225931336695795180e+05 5.974450672083182726e+05 5.920378819113827776e+05 5.870508796180379577e+05 5.087291472556537483e+05 3.462492176782684401e+05 1.946072623503278010e+05 9.191416164248948917e+04 6.259129836893454194e+04 2.352495883853361011e+04 -1.813346886046882719e+04 -1.327113908570073545e+04 -4.483905022876570001e+04 -8.468837625230662525e+04 -5.022941843693889678e+04 -1.091343829059042037e+04 -5.002560633467556909e+04 -8.354281026346096769e+04 -4.348155182349681854e+04 -4.456804421759489924e+04 -7.290071707568084821e+04 -6.873744108888786286e+04 -1.083308412737105973e+05 -1.084696735060429201e+05 -3.420146637683175504e+04
-1.423809888181859860e+05 -6.291020407079486176e+04 1.299564373093015514e+06 3.592035247246676125e+06 3.125429912631516345e+06 5.221215416170894168e+05 -7.244891570191243663e+05 -8.014824456581850536e+05 -6.810389616532488726e+05 -4.518045081765737850e+05 -2.618789009840111248e+05 -9.695753963897028007e+04 6.163095974741736427e+04 2.070037909015081823e+05 2.795348373483282048e+05 3.233294940384807996e+05 3.734092612992390059e+05 3.803064068217645399e+05 4.205853768787346780e+05 4.209965144167654216e+05 3.807789041483192705e+05 3.278193114904565737e+05 2.394945427600764669e+05 2.016045884042973630e+05 1.593648293951991946e+05 4.504558309097774327e+04 -3.431825357693014666e+04 -1.125851369710294530e+05 -3.013964079279680736e+05 -4.979793077756767161e+05 -6.832920505534270778e+05 -8.568874552770308219e+05 -1.068836304926375160e+06 -1.289247455626899842e+06 -1.249104538849204779e+06 -1.087717192186100641e+06 -9.635110932812669780e+05 -7.740363270102548413e+05 -6.236415010673226789e+05 -5.437429376342319883e+05 -4.312246554135344923e+05 -3.139920595975136384e+05 -2.720960477966573089e+05 -2.718433536443628836e+05 -2.251535907894149423e+05 -1.100274161985721439e+05 -3.967254907387541607e+04 -4.012427006324264221e+04 -3.944100061140488833e+04
6.240938387982889544e+05 7.041811178336504381e+05 8.636031247198109049e+05 1.138543027609412093e+06 1.372886419196729548e+06 1.487660260320989881e+06 1.481876953922328074e+06 1.363711619503156282e+06 1.132590870748391375e+06 7.394180450489511713e+05 3.853153163893148303e+05 1.240132448781519197e+05 -1.427903787285322323e+05 -3.443387594481464475e+05 -4.624602995964232832e+05 -4.926262417039838620e+05 -5.164050699322253931e+05 -5.057926053385015111e+05 -4.614462881264623720e+05 -4.577667139045658987e+05 -4.563072172479577130e+05 -3.914673252400821075e+05 -2.861074931791523704e+05 -2.829332194893502165e+05 -2.464658249728376977e+05 -1.683537660576984636e+05 -9.408212041569600115e+04 1.810428608325315872e+04 9.426184391544642858e+04 2.364628870572782471e+05 4.252931585870094714e+05 6.607956324479916366e+05 8.551169959289869294e+05 9.255399633699557744e+05 9.547844543139217421e+05 8.057301913682022132e+05 5.841193107463186607e+05 4.674235112621686421e+05 3.135144863382447511e+05 1.282866445108079351e+05 5.193413774977624416e+04 -1.810324845398915932e+04 -8.857649838348105550e+04 -1.259843436424857937e+05 -1.899647074789390899e+05 -1.849909249992920086e+05 -2.244878907423126511e+05 -3.345082355895992368e+05 -4.065596663462854922e+05
2.196905833067431115e+06 -2.768295379642223939e+06 -5.868487837188875303e+06 -4.039796493825267535e+06 -8.933211112773278728e+05 -1.562922486336901784e+05 -1.985970477707450045e+05 -2.751357482463937486e+05 -2.705412715740386629e+05 -2.348499544069636031e+05 -2.379899913090050686e+05 -2.646406122590999003e+05 -2.207683821005047357e+05 -1.899522451314259670e+05 -1.911895348763208895e+05 -1.819037427680451365e+05 -9.044038658496015705e+04 -2.998842443921603262e+03 -3.577777759142915602e+04 -3.333892809983805637e+04 5.020837659831071505e+03 3.005935535358742345e+04 5.729005782806788920e+04 5.930417013325495645e+04 5.675221913377751480e+04 9.550230655295286851e+04 1.312042514380299544e+05 9.103634606726717902e+04 9.140012995892883919e+04 1.208478081686188671e+05 1.595196306458089966e+05 1.709985018108272634e+05 1.424558591688407178e+05 1.420601048177922494e+05 1.382281179600977339e+05 1.803792792902092915e+05 1.869659954062078614e+05 1.476211837393932510e+05 1.443886975443456322e+05 1.089746443106556544e+05 1.073258709206132917e+05 1.113748230607602745e+05 4.059594067803106736e+04 3.928868451126653235e+04 4.828443934762652498e+04 -5.791244653228193056e+04 -1.718350574839867186e+05 -2.088530315735256299e+05 -2.077818845680984668e+05
-1.757111845191103406e+06 3.056543762881775387e+06 5.967999125747299753e+06 3.831426080075323582e+06 3.756206869133161381e+05 -5.582295351574430242e+05 -8.346682995624728501e+05 -1.105799389471650124e+06 -1.372251315103786997e+06 -1.683874604071897455e+06 -1.878503489702417515e+06 -1.902175305435668211e+06 -1.778150411372188712e+06 -1.513023729606647510e+06 -1.202715329937054310e+06 -9.210523060674315784e+05 -7.119967613072373206e+05 -5.455402240861437749e+05 -3.844205764614160871e+05 -2.276600495781166828e+05 -1.886143013244142057e+05 -2.011356831848386209e+05 -1.351959757777515333e+05 -1.321157789471906144e+05 -9.580529355473094620e+04 -5.609974748047499452e+04 -9.527766496030380949e+04 -5.856071790534793399e+04 -5.689717702130996622e+04 -6.420573691750154831e+04 -2.422481532470555976e+04 -1.161670292960456572e+04 -1.185153675033012405e+03 -2.928356683696620166e+02 -2.997654102800879627e+03 -3.440064710361161269e+04 -2.636118448572210036e+04 4.777577757427957840e+04 4.550228643580363132e+04 1.073847106221364811e+04 1.012384676345414482e+04 1.487328706367383711e+04 5.549133139051240869e+04 1.280581238874590490e+05 1.734266476219638716e+05 1.767196296597826295e+05 2.446633578732155729e+05 3.526605528884085943e+05 4.257107790559455752e+05
8.674199365690582199e+05 7.158288833982079523e+05 6.425229474800287280e+05 6.838828185526654124e+05 6.854356399108655751e+05 6.458365961172966054e+05 6.803250502611624543e+05 8.347727791045336053e+05 1.030737908569572377e+06 1.179400174376496114e+06 1.134208072292677127e+06 4.493287826943574473e+05 -7.803397430156474002e+05 -1.480677506658248138e+06 -1.093903539043094032e+06 -5.049753759664598620e+05 -2.589701901352966670e+05 -1.704302539088529302e+05 -1.635140984918688191e+05 -1.608704869876964949e+05 -1.608264907455299981e+05 -1.356499245291340631e+05 -1.847589421272281324e+05 -2.200061500666198554e+05 -1.834669743425910710e+05 -1.818974428737419075e+05 -1.826156749707297131e+05 -1.835556809030825971e+05 -1.437756090058247501e+05 -1.503849637982786226e+05 -1.855895219414377934e+05 -1.347739094941060175e+05 -1.235720525970103918e+05 -1.593096291329127853e+05 -8.644821222405845765e+04 -4.257268102082877886e+04 -1.084068955614931183e+05 -1.078552109529848676e+05 -7.205427809676621109e+04 -3.183977284730633255e+04 5.383371365023776889e+03 -2.627206801669648848e+04 -2.209037102031288669e+04 5.108801637863554060e+04 6.051868322625546716e+04 6.450698257103783544e+04 9.624976829654793255e+04 2.132016303454420995e+04 -1.251878190514987800e+05
-1.055322293573408388e+05 1.310915482914419845e+05 4.074170375030366704e+05 6.435921560850692913e+05 8.011823151598218828e+05 9.561659809196130373e+05 1.107513400623574387e+06 1.146578218490467872e+06 1.072618487015134422e+06 1.067745836944377050e+06 1.216452548443340696e+06 1.803679706564871594e+06 2.804663122869386338e+06 3.134644259395134635e+06 2.393718255699786358e+06 1.473191216834530234e+06 8.292481017325203866e+05 4.529807305766735226e+05 2.652563235312113538e+05 1.502692707267124206e+05 -4.814739755819551647e+03 -1.722957763003064319e+05 -2.990655416270606220e+05 -4.109924546506954357e+05 -4.510547553127976134e+05 -5.253628970877612010e+05 -6.012396101673943922e+05 -6.014253812239626423e+05 -6.358524689031764865e+05 -6.784973142319358885e+05 -6.367830659510223195e+05 -6.219275719046732411e+05 -6.090375156322284602e+05 -5.673720590685843490e+05 -5.674589510462824255e+05 -5.218816710755345412e+05 -5.100412077471259981e+05 -5.437054615258248523e+05 -5.427343387913424522e+05 -5.000034228942228947e+05 -4.964966456303964369e+05 -5.617865888751118910e+05 -5.544098924778501969e+05 -5.149860013631414622e+05 -5.755018524330810178e+05 -6.411612118565227138e+05 -6.796222994843280176e+05 -8.252148014970548684e+05 -1.042866102814424550e+06
1.510846551179420203e+06 1.281675479939440032e+06 8.591811193822654895e+05 2.028326151287178509e+05 -3.375924297701567411e+05 -6.473946125668585300e+05 -6.891060092116822489e+05 -4.176645562704652548e+05 -6.599296245956839994e+04 2.383739433615119196e+05 4.262108968463148922e+05 5.140555992556619458e+05 6.318233388755465858e+05 6.590688062887052074e+05 5.414400387497153133e+05 4.347370068327290937e+05 4.088234368848497979e+05 3.803016308860969730e+05 2.710955141394515522e+05 1.949084161329660565e+05 1.545414488163087517e+05 1.014858273614663631e+05 5.012565556302480400e+04 -6.228156387427635491e+04 -1.033323641127208248e+05 -1.030262958497041836e+05 -2.552307080311588943e+05 -3.698813507179152220e+05 -4.424207577563356608e+05 -5.980305588769256137e+05 -7.066591721656732261e+05 -7.663230699705327861e+05 -7.524250848384718411e+05 -7.469384776690271683e+05 -7.832098805872371886e+05 -6.992968679507614579e+05 -6.117320493664008100e+05 -6.812176010457928060e+05 -8.275197034934529802e+05 -9.311805301241085399e+05 -1.036040762332270388e+06 -1.208955022308801999e+06 -1.198588755048982799e+06 -9.723456993117004167e+05 -7.371852481708652340e+05 -4.723060947915646248e+05 -1.826673110676337965e+05 1.087136290859752335e+05 4.018539481950532645e+05
1.157802975497033913e+06 1.316334490313602146e+06 1.590848479946434265e+06 1.978702203705033520e+06 2.364622090615739580e+06 2.592624194273374975e+06 2.430767281326697208e+06 2.079526820302126929e+06 1.654898495112720877e+06 1.145742801720625721e+06 7.912522975294273347e+05 4.926356096597742289e+05 2.248855127990832552e+05 5.996706074918620288e+04 -9.472441291261930019e+04 -1.997176254636719823e+05 -4.530956117628384382e+05 -2.269794809718149714e+06 -4.807988681602289900e+06 -4.146005241411620751e+06 -1.319776732976024970e+06 -7.450069529848382808e+04 -1.063780770229641348e+04 6.765965448517806362e+04 1.029109794384565903e+05 1.407818351330930600e+05 1.773085757702937117e+05 2.124524444559942931e+05 2.884906982857497642e+05 2.433187853210251778e+05 1.313672123537980951e+05 3.083514169003977440e+04 -1.454277922766050324e+05 -3.665569846722058719e+05 -6.651124398736290168e+05 -9.166471296636150219e+05 -9.766747764736642130e+05 -8.219418936720481142e+05 -4.860832960449630627e+05 -1.475297013751692139e+05 2.604829949932200834e+05 6.711243137257404160e+05 8.568397792719746940e+05 8.527239689585997257e+05 7.489610246795946732e+05 6.038611080887477146e+05 4.493689088127576979e+05 3.724512831296296790e+05 3.716706715628905222e+05
4.531555658453721553e+05 4.567094929967424832e+05 4.599833878001663834e+05 3.453144564887038432e+05 1.144785111112287268e+05 -4.102157722139963880e+04 -1.601766101506655104e+05 -3.134089982791920193e+05 -5.010365711417398416e+05 -6.577149844099765178e+05 -6.604597248320349026e+05 -5.696770139777804725e+05 -5.258409157328421716e+05 -4.570768285388476215e+05 -3.402788597220204538e+05 -2.514499111394981155e+05 -4.525149508233915549e+04 1.681612917268648278e+06 4.198404889675438404e+06 3.465118524572752416e+06 6.003643479195339605e+05 -7.456611256813630462e+05 -9.455775282441768795e+05 -1.015756492909567896e+06 -1.090316070479166228e+06 -1.085996933341957629e+06 -1.082333663451717701e+06 -1.117486287963694893e+06 -9.985249978158392478e+05 -8.504637147113676183e+05 -7.701643678313123528e+05 -5.675185910594878951e+05 -2.925881054130165721e+05 9.353879390399903059e+03 3.423208980885106139e+05 5.326951321808150969e+05 5.775312692776786862e+05 5.399051532516032457e+05 4.619992714264662936e+05 2.786801653821012005e+05 2.081739773624460213e+04 -1.568952442402946763e+05 -2.614794176968273241e+05 -2.968637752649378963e+05 -3.579894322005566210e+05 -4.242943422199448105e+05 -4.276423720730243949e+05 -4.647752732195641147e+05 -5.367346408829223365e+05
1.015025214012713404e+05 1.826349555188789964e+05 2.635481391384381568e+05 3.037402720478711417e+05 4.201508251685299911e+05 5.728205463755873498e+05 6.457171356253088452e+05 7.606539338408047333e+05 8.402595750815821812e+05 8.345413390864264220e+05 7.900308096109083854e+05 6.472363862470961176e+05 4.193527638303926215e+05 2.552919812922477722e+05 6.402005100215319544e+04 -1.541868936893297359e+05 -2.161206252389820293e+05 -2.797291868733004667e+05 -3.851587238110369071e+05 -4.586817927833180875e+05 -4.587876298924661241e+05 -4.708167656412115321e+05 -5.197252822347227484e+05 -5.155105484195519239e+05 -5.539176067576045170e+05 -5.139999641658510081e+05 -4.370664932415820658e+05 -4.371074438997320831e+05 -3.584609423275107983e+05 -2.506055651057974901e+05 -2.104043437220386695e+05 -1.598179590731158387e+05 -7.357441500062146224e+04 -3.337166503886715509e+04 1.831856297794962302e+03 8.196712468692543916e+04 9.218191322346683592e+04 2.028908879321534187e+04 1.897146731789666228e+04 9.623422517150151543e+04 9.786803436349146068e+04 6.723902206402295269e+04 3.529510500549804419e+04 -3.798719087673840113e+04 -2.727168704674136825e+04 -2.172098804265237413e+04 -1.000510117731762584e+05 -1.021275105903625954e+05 -2.882402110669901595e+04
2.829828350176103413e+05 2.872155998647212982e+05 3.292461338301654905e+05 4.072429557022405788e+05 4.462411844125017524e+05 4.448034548404391389e+05 4.411186487262600567e+05 4.411305786424786784e+05 4.827791078889276832e+05 5.542997078847833909e+05 5.107811863912506960e+05 4.078004098852402531e+05 4.101241858123103157e+05 3.612344256404321641e+05 2.091802498820470646e+05 1.061599985306379385e+05 4.377269588236231357e+04 -2.021320234285667539e+04 -1.255087337567238137e+05 -2.755513890046859160e+05 -3.520862572529576719e+05 -3.643317795061739162e+05 -4.510480601876047440e+05 -5.223300997167821042e+05 -4.855513742635953240e+05 -4.834448270639399998e+05 -5.190620369365205988e+05 -5.561420402466331143e+05 -5.891056710004340857e+05 -5.549207413347898982e+05 -5.508670019655250944e+05 -6.105918618268347345e+05 -6.340248784329767805e+05 -5.911230066878488287e+05 -5.161555873963512713e+05 -4.708172090828883229e+05 -4.575379870488538872e+05 -4.152248202083872748e+05 -3.403237404307583929e+05 -2.612274672830237541e+05 -2.206220188469162676e+05 -1.759793778002503095e+05 -1.332993947307108901e+05 -9.577233317890181206e+04 -1.145763575157662854e+04 3.062472072488162667e+04 2.490975385997444391e+04 -1.409776650834735483e+04 -8.713602341711567715e+04
2.306626694032459054e+05 3.113079140486661345e+05 3.527969265019057784e+05 3.536045999964699149e+05 4.301962715102126822e+05 5.047719721694006585e+05 4.630894561071181670e+05 5.009445023327139206e+05 6.562920658296211623e+05 6.509441160660935566e+05 5.691942979814489372e+05 5.428944868053081445e+05 5.215513603587169200e+04 -1.812470450428662822e+06 -4.529290589503942057e+06 -4.959896203481476754e+06 -2.515723903796174563e+06 -4.568987695104442537e+05 1.583543906902195886e+05 3.862934700032928959e+05 4.977975328546005767e+05 5.597748815757222474e+05 6.594472810288437176e+05 6.610303342808035668e+05 6.569044953712725546e+05 7.303393836796745891e+05 7.661245225649324711e+05 6.873799910466198344e+05 6.499657153047150932e+05 6.796670818451091181e+05 6.413923321681793313e+05 6.138540745282089338e+05 5.853351885254988447e+05 5.118654972792135086e+05 4.337824708205878269e+05 3.268061577912885696e+05 1.891043445421378128e+05 8.142838651139754802e+04 -2.976003306510346010e+04 -3.920986066182367504e+05 -1.375640995834264439e+06 -2.751977619057287462e+06 -3.028161294202428311e+06 -1.775042911544437986e+06 -6.266819390282074455e+05 -2.179774324910240248e+05 -4.103871593659184873e+04 6.534220341127319261e+04 1.376956282136924565e+05
-5.760936351196139585e+05 -4.190658995293779299e+05 -3.388240843062524218e+05 -4.124899688205914572e+05 -4.102653403638396412e+05 -3.337123356049410067e+05 -3.344659098965348676e+05 -2.937841602176195011e+05 -2.495010234427172691e+05 -2.133248877222649753e+05 -1.014507729554316029e+05 6.560119855275843292e+04 5.628744313766947016e+05 2.407808346918899566e+06 5.091386301852178760e+06 5.395820153200184926e+06 2.715429230884770863e+06 2.677925555966794491e+05 -8.539599167747655883e+05 -1.639950808346620295e+06 -2.162052371314490214e+06 -2.167394469014250673e+06 -1.759983268545478117e+06 -1.376360689006978646e+06 -1.037582185228237417e+06 -6.972185355640251655e+05 -5.442013717867663363e+05 -4.316795986011864152e+05 -3.525471217517042533e+05 -3.185037013073451817e+05 -2.411677776044236962e+05 -2.274420350539735518e+05 -2.519389445608260576e+05 -2.101978861383395270e+05 -1.736157801194349304e+05 -1.299075219361111522e+05 -1.173423698212718591e+05 -1.126184872980229557e+05 -2.210717470734845847e+03 2.587306519591938704e+05 1.139024624456077348e+06 2.457817523480624892e+06 2.636315619916997384e+06 1.386063860544813797e+06 1.889797612070145551e+05 -3.153462005278551951e+05 -4.648083757946745027e+05 -5.748880048817927018e+05 -7.193266095663295127e+05
-5.782516231125917984e+05 -4.216869529784889892e+05 -2.661271160241449252e+05 -1.884818923420971259e+05 -1.868032840959494933e+05 -1.489337996946413768e+05 -7.444288623228203505e+04 -3.458615179755724967e+04 -2.905797994579188526e+04 6.156650315388105810e+03 7.905474937346309889e+04 9.378631093597516883e+04 9.804956144420430064e+04 2.403736831818241044e+05 3.571103667432906805e+05 4.455919705418640515e+05 6.849242539569968358e+05 1.034709759165416006e+06 1.454868241897201631e+06 1.826813226938829292e+06 1.856853044839224778e+06 1.351551023376521189e+06 5.865460420586173423e+05 -1.223290764045650139e+05 -6.841186300799022429e+05 -9.422950966068306006e+05 -8.633370443852609023e+05 -6.758378974988600239e+05 -5.590511662809876725e+05 -5.611297157278752420e+05 -6.314345572353338357e+05 -6.167439314245718997e+05 -6.027726959448795533e+05 -6.333986370963973459e+05 -5.954578281700374791e+05 -5.504544269246979384e+05 -4.994471718755080947e+05 -4.558936225046644686e+05 -4.174826660461258143e+05 -3.016664199455400812e+05 -1.871879020414780825e+05 -1.425349304376872024e+05 -1.366485497640675167e+05 -6.277207783248682972e+04 2.127367584675084800e+04 2.719669065787456930e+04 5.751934217347332742e+04 9.045750522520381492e+04 8.973063450772082433e+04
-8.458426830108506838e+05 -1.067820649418863468e+06 -1.252969732897472102e+06 -1.250853953451150795e+06 -1.059624895751476288e+06 -7.944502507243305445e+05 -4.548594534432047512e+05 -1.878166015964234248e+05 -6.851204005011823028e+04 8.026567164168227464e+04 2.665070377633676399e+05 3.568176396313360892e+05 3.609478949115143623e+05 4.275117297947872430e+05 5.064958771364762215e+05 5.197449163673446747e+05 5.708430310554106254e+05 6.579014657688091975e+05 7.414354471809926908e+05 8.156445013213666389e+05 8.493562783446384128e+05 9.095421584817812545e+05 1.044105131326943636e+06 1.081011172158759553e+06 8.882348543312391266e+05 5.129488982685147785e+05 1.033147074066791683e+05 -3.439081548783001490e+05 -7.474159629439231940e+05 -9.338743253255961463e+05 -9.657274112530285493e+05 -9.495941690035413485e+05 -8.607723808730988530e+05 -6.695003831514627673e+05 -5.210354613896920928e+05 -3.664679482713112957e+05 -1.695085032976926304e+05 -5.405890293826824927e+04 -1.720472735702060163e+04 -1.253064585733224521e+04 6.413848293246775575e+04 1.078091757773659047e+05 7.622886622848434490e+04 1.129149907676042058e+05 1.236807811557087116e+05 5.683943101554166060e+04 8.687516338366625132e+04 2.640785306459266576e+05 4.800700542773064226e+05
2.238378273614216596e+04 1.779118601762456819e+05 2.941937996010528877e+05 2.569369721104158089e+05 1.439489749394124374e+05 6.715484438522253186e+04 -1.052257562754675746e+04 -1.226051459030713886e+05 -1.931972084590233862e+05 -1.587533393572084606e+05 -1.618537057447247207e+05 -2.224635902763116173e+05 -2.935326591430928092e+05 -3.393574510759206023e+05 -4.467813345277679618e+05 -6.564544727187608369e+05 -7.905047890904827509e+05 -8.502217907150039682e+05 -7.630550049588780385e+05 -5.731201900891026016e+05 -4.608154626423487207e+05 -3.215502953948447830e+05 -1.455092382524165441e+05 -2.961317707377043553e+04 4.274379491282172967e+04 1.545912855444472516e+05 3.044375072693221155e+05 4.873785806243550032e+05 7.108466935111202765e+05 8.522608964855315862e+05 8.874169111653459258e+05 8.594092869519965025e+05 7.937794693280046340e+05 6.842615649534852710e+05 4.600320609746258706e+05 1.706349801021865569e+05 -7.390396190807269886e+04 -2.510761648247721605e+05 -3.956884138000886887e+05 -5.348529958195269573e+05 -6.375005619274468627e+05 -7.361401769658557605e+05 -8.727241316845151596e+05 -9.767973610747158527e+05 -1.033828023456737166e+06 -1.023499502986084670e+06 -9.169647114980042679e+05 -8.093413750751626212e+05 -7.362510158243672922e+05
1.492351281811133493e+06 1.421836019982001744e+06 1.387728893947787117e+06 1.351198466999921948e+06 1.163204461348359473e+06 8.601567656861150172e+05 5.562339615332891699e+05 3.309081629541469738e+05 1.847931823710678145e+05 3.082615854102186859e+04 -1.227521340735259000e+05 -2.207305842591451947e+05 -2.165772025129990652e+05 -1.498432343272725120e+05 4.211807744635734707e+04 3.181794955732771195e+05 5.557570175285218284e+05 7.165985709422961809e+05 7.991827997437210288e+05 8.347232556348899379e+05 7.557339822873468511e+05 7.413399468845454976e+05 7.642172939225579612e+05 6.532003302680095658e+05 4.255095082474863157e+05 1.681246573221962899e+04 -5.727167332899998873e+05 -1.236183876438301988e+06 -1.744113496464559343e+06 -1.888350080404778942e+06 -1.659449469957617344e+06 -1.310538938622340560e+06 -1.037392630252875388e+06 -7.729811157839143416e+05 -5.516129967058072798e+05 -4.342003700643545017e+05 -2.740434125851602294e+05 -1.579002139100341592e+05 -1.205032413866138086e+05 -4.238498548162146471e+04 3.476408185786637478e+04 1.508939121698490344e+05 3.004140913172152359e+05 4.087311619974218775e+05 4.905891843477734365e+05 6.030466387432517949e+05 5.592004350584466010e+05 3.380314013158213929e+05 1.201160985085818393e+05
1.280138166045071557e+05 5.750670586654456565e+04 2.311904101923573762e+04 6.178829962445888668e+04 2.529902383044827729e+04 -5.037538011209107935e+04 -5.158682601060718298e+04 -8.743780178425379563e+04 -8.217556463379890192e+04 -8.490717587701504817e+04 -1.250186656904407428e+05 -1.098678799066693755e+05 -6.838901707495094161e+04 -3.926165589538865606e+04 -3.418467283016070724e+04 1.767912606592301745e+04 6.896977310243531247e+04 8.186374718265139381e+04 1.294029791769571020e+05 1.673272104409988387e+05 1.284427940828026622e+05 1.173674820398446755e+05 1.062394890538419131e+05 1.097095934662499931e+05 2.180096376629082952e+05 2.548473460233071819e+05 1.825529031315816101e+05 1.070382438349771546e+05 -7.376108092546882108e+04 -2.975279099598993780e+05 -2.953255916072524851e+05 -1.353622100735078566e+05 -1.340355365246080328e+04 1.371162712539075874e+05 2.816711862949888455e+05 3.226042744546427857e+05 4.066518902906684671e+05 4.834849997237331700e+05 4.818395958206381183e+05 4.484914982697216328e+05 4.147550934727776330e+05 4.204128952824983280e+05 4.237327259738217108e+05 3.507834571902640164e+05 2.163793531450219452e+05 1.138544871337939985e+05 3.590677638363512233e+04 3.221581900375802070e+04 1.031602714525070041e+05
-1.020722480968108866e+05 -2.243654705234803259e+04 9.320370836241613142e+04 1.696575488673986401e+05 2.086514868569793180e+05 2.085864354349907953e+05 1.705901763320434839e+05 2.099467469489902724e+05 2.154659316741165239e+05 2.128356101486132247e+05 1.729995149082968710e+05 7.626464084838528652e+04 8.028634665417484939e+04 7.218124263861682266e+04 3.136169509962201118e+03 -1.920882837264798582e+04 -4.219838650606095325e+04 -2.890849835937842727e+04 1.926119963522069156e+04 -1.656209344451781362e+04 1.945984268037101720e+04 1.205022994213505881e+05 1.468482429895086680e+05 2.983851961442261236e+05 5.540205420856366400e+05 8.480295813473628368e+05 1.363607441176428460e+06 1.946633618280178867e+06 2.347271769577053376e+06 2.444801093963904772e+06 2.105849021203466691e+06 1.376589729672412388e+06 5.774930235638804734e+05 -7.787444104731455445e+04 -6.251889593218229711e+05 -1.126111458873491734e+06 -1.507746889908449259e+06 -1.748718888584993780e+06 -1.849170997635228094e+06 -1.727886507713115076e+06 -1.571446681277596159e+06 -1.377604855904359370e+06 -1.079174841666824184e+06 -8.581917262449868722e+05 -7.001051808195207268e+05 -5.833582169923450565e+05 -4.435685379611093085e+05 -2.667822894454007037e+05 -1.238071171310683712e+05
4.427236057294066995e+04 1.231820826051989570e+05 1.631009258580161259e+05 1.637438630452379584e+05 2.015555233921622857e+05 2.376955066242953762e+05 1.990026992699129041e+05 1.999417246901432518e+05 2.416874074068618938e+05 2.380783579294800293e+05 1.975186955608662684e+05 1.376338192820549011e+05 1.405110956972930580e+05 5.754480245814193040e+04 -4.845094373915344477e+04 -7.091127561987377703e+04 -1.685363845934621058e+05 -1.928054386493747588e+05 -1.817930276022523176e+05 -2.913728636398445815e+05 -3.290488359244766179e+05 -3.008893107855690178e+05 -3.834598340024247300e+05 -4.148499773908408824e+05 -3.791763913724570302e+05 -3.774461221264209598e+05 -3.363388275302710827e+05 -2.995809929288230487e+05 -2.580746292625555070e+05 -1.866853926883775566e+05 -1.121807491948131064e+05 9.306905672420485644e+03 1.662223998806442833e+05 3.154670463351062499e+05 4.946799536258915905e+05 7.153158724959930405e+05 8.703663819492794573e+05 9.456973710260370281e+05 8.348198314488402102e+05 -1.896641823526000837e+06 -5.123691358519732952e+06 -3.449090502379721031e+06 -5.953766232822071761e+05 -8.967046361183747649e+04 -1.496560177346691489e+05 -1.067746194300702773e+05 3.114852400613110512e+04 9.898996079224115238e+04 9.775045539833977818e+04
4.110824650904395385e+05 3.411666220607003197e+05 3.066001948865595623e+05 2.702537921065231203e+05 2.338533205818384886e+05 3.070637523778713075e+05 3.060075292689723428e+05 2.699975948326756479e+05 3.487085940508407075e+05 3.082532765070209280e+05 2.679395102825951762e+05 3.193862373178126290e+05 2.481810669193509966e+05 1.653581524867331609e+05 9.699020884290803224e+04 -7.286459807597589679e+04 -1.703941717586715240e+05 -1.945363861363148317e+05 -2.936745173536471557e+05 -4.393409186264032032e+05 -5.496750256622899324e+05 -5.572003809781742748e+05 -5.285572441015401855e+05 -5.590503179718505125e+05 -5.961972541565771680e+05 -5.937906664010367822e+05 -5.882333385985109489e+05 -5.872128572629310656e+05 -5.447795075492467731e+05 -5.087391327600924997e+05 -5.061631759599547368e+05 -4.925621152884566691e+05 -4.430729451414681971e+05 -3.281818681862205267e+05 -2.914399352826876566e+05 -3.212787911412301473e+05 -2.707848656608257443e+05 -1.908475323882889934e+05 -4.499510998779488727e+04 2.478157249044154305e+06 5.389460951668456197e+06 3.548949097602771129e+06 5.614961556007605977e+05 -1.565969426813544706e+05 -2.520566296449396759e+05 -3.513723127089897171e+05 -3.911777554039149545e+05 -3.580823772656726651e+05 -3.585966273932633922e+05
-2.234040811785961268e+05 -2.192333076486828504e+05 -1.430574436450841604e+05 -6.846694423758878838e+04 -1.414432314975420013e+05 -1.421355741919251159e+05 -6.879115423245821148e+04 -6.722023148788139224e+04 -6.198992956895392854e+04 -6.467259893310256302e+04 6.549375472241314128e+03 5.867361241893388797e+04 2.517071552400011569e+04 5.381682758510578424e+04 1.334257197345141321e+05 1.114281603833660483e+05 5.056997154199052602e+04 6.263231802324287128e+04 1.253493025433272123e+02 -3.610609897237736732e+04 -3.729562708176649176e+04 -8.212676146358717233e+04 -5.460127781552739907e+04 -1.329196098668035120e+04 5.721795989025884774e+04 1.667685321118913125e+05 2.429569713573438348e+05 2.777149283030307852e+05 2.811920207209184300e+05 3.146336584014354739e+05 3.143116000428560656e+05 2.166161975188876968e+05 1.550699545443064999e+05 1.233113188191782683e+05 1.416854355018562637e+04 -1.709723640175093897e+04 3.219133604667149484e+04 -3.238123717892449349e+04 -1.027380160219036043e+05 -6.094022655568527989e+04 -1.924405295227211900e+04 -1.180455755966249853e+04 -4.260802376200421713e+04 -4.130706142692337744e+04 5.558606263366527855e+03 -2.301681074255611748e+04 -6.371573464071867056e+04 -6.754343236680142581e+04 -6.890765625401120633e+04
1.379499282938195392e+05 -4.349822643562220037e+03 -1.484811087907291949e+05 -1.474812805990222842e+05 -7.319964275229722261e+04 -7.352819564577657729e+04 -1.173716899938881397e+02 7.493472835631109774e+04 8.046563671901845373e+04 1.146918209776049480e+05 1.858000334585085511e+05 3.109430561371846125e+05 4.236352761619489174e+05 4.885554576048159506e+05 6.406364402646429371e+05 8.004943782452032901e+05 8.478116755932574160e+05 8.942193263268561568e+05 9.392827257839959348e+05 8.281035935838003643e+05 6.065893535426580347e+05 3.071775020298077725e+05 -1.006726787402294576e+05 -4.935176414658771828e+05 -7.835857645783107728e+05 -8.890478227171115577e+05 -8.456494563538575312e+05 -7.357127490401047980e+05 -5.847976497031052131e+05 -4.762619106523921946e+05 -4.025336027413140982e+05 -3.179428248369368957e+05 -2.695404068857908715e+05 -2.636433400691019488e+05 -2.275766937359001022e+05 -1.862988513830350712e+05 -2.077806437114488799e+05 -2.351377704594056122e+05 -2.328469991195013281e+05 -2.261563788325288333e+05 -2.194277787429748569e+05 -2.114130731142365839e+05 -2.061393379047506023e+05 -2.041641366406113375e+05 -2.277912300190660171e+05 -2.201425312343046535e+05 -1.538900518172883894e+05 -1.575343764142589644e+05 -2.296799961326150224e+05
-1.559905521385372849e+05 -6.262162784114480019e+03 1.051215708052039845e+05 1.424673699797129957e+05 1.434308885550126433e+05 1.064477997337236302e+05 1.066218236624263227e+05 1.447558692353778752e+05 1.500401379307733150e+05 1.839174800651379628e+05 1.818007030454464257e+05 1.244575570564485388e+05 1.275483066344167455e+05 1.925657823350046820e+05 1.993927846814039513e+05 2.141068485996222589e+05 2.984350914170500473e+05 3.095778884814352496e+05 3.921914516488321824e+05 5.725995298824270722e+05 6.785278618353175698e+05 8.141929716762390453e+05 9.482662880804871675e+05 9.144211366184751969e+05 6.569191502395546995e+05 1.514690044365138747e+05 -4.554477147717271000e+05 -9.933435958059288096e+05 -1.379976088064721553e+06 -1.484214707252103137e+06 -1.336327782061416656e+06 -1.070637006509933155e+06 -8.059267644863612950e+05 -5.129603337182202376e+05 -2.621291282452873420e+05 -1.497503458213759586e+05 -2.877600389881967567e+04 8.607782582635991275e+04 1.586777891876406502e+05 1.999076287331986241e+05 1.701387301308569731e+05 1.414582450035960646e+05 1.455588751821775222e+05 1.111704762763110921e+05 5.127147196210012771e+04 -4.763510580407443922e+04 -1.583908743248326937e+05 -1.974557747284409124e+05 -1.988282608694825321e+05
9.692379963875282556e+04 2.773412315116741229e+04 -7.979714415676426142e+04 -1.520156198967016535e+05 -1.150617997325025499e+05 -1.158385704510146752e+05 -1.520402553054735763e+05 -1.504969313350740122e+05 -1.452558455453255447e+05 -1.839694136346224113e+05 -2.220844644960016594e+05 -1.700914840027691680e+05 -1.306084237457252748e+05 -1.379017589992144494e+05 -1.666206589830107405e+05 -1.875038029882126430e+05 -1.392933123576223734e+05 -5.540740243101025408e+04 -4.433676111337261682e+04 -1.161480116407619207e+05 -8.093598612991631671e+04 -1.494540185783995548e+04 -5.826521359267653315e+04 -5.272890369989923784e+04 -1.874662558606360108e+04 -1.785720688058063388e+04 -1.243884939060080796e+04 2.302240627119323472e+04 9.968223784293490462e+04 1.346357181580968900e+05 1.345709243882446899e+05 1.456840904598360357e+05 1.924331919086404378e+05 1.615260619239418302e+05 8.935362196294585010e+04 1.646803179971171194e+05 1.780144562624624232e+05 7.898469819745526183e+04 1.158424436376659432e+05 1.571696177835105918e+05 9.224053544632607372e+04 9.904570345301169436e+04 1.384407020942304516e+05 6.888496324303501751e+04 9.125434608431532979e+03 1.625244753959111404e+04 -9.415471342741616536e+04 -2.037039457348868018e+05 -2.051611769112017937e+05
-2.339063363597961143e+05 -2.306589028931923676e+05 -2.293570793827534653e+05 -1.926189717801753432e+05 -1.556752388493623585e+05 -1.919932627689559013e+05 -1.910265055065974593e+05 -1.171447437559259124e+05 -1.474465491721639410e+05 -1.853107254096539691e+05 -1.146194245823430829e+05 -6.246338660654146224e+04 -5.899589813430793583e+04 -6.560786732938140631e+04 1.444449429982341826e+04 6.593410422734450549e+04 7.777396549703553319e+04 1.611752465198514983e+05 2.443179355643223971e+05 3.883254903345368803e+05 4.951384807389681228e+05 5.967690479161683470e+05 8.759219584136749618e+05 1.166713447929359041e+06 1.484295169926481554e+06 1.910705842546301894e+06 2.304061268190853298e+06 2.546289867546297610e+06 2.542663154602049850e+06 2.318958510373485275e+06 1.953823137941071764e+06 1.494968406897970475e+06 1.003174029653316364e+06 4.730411480978373438e+05 -9.465383992646913975e+04 -1.146769841940837912e+06 -4.503810400755619630e+06 -7.468454915641355328e+06 -5.232587335333237424e+06 -1.455190655848706141e+06 -1.113563209911794402e+05 1.412924588675373234e+05 2.501021919480983634e+05 3.210204277385501191e+05 4.011131061712517403e+05 4.774069514451535651e+05 5.413374063145614928e+05 6.057681467960334849e+05 6.728695589938308112e+05
-3.416231688333207858e+05 -4.101553266157862381e+05 -4.807117515685966355e+05 -4.445873817248501582e+05 -3.369940032513113692e+05 -3.376612448628292186e+05 -3.010617426125099300e+05 -2.281850097369170981e+05 -2.228746972902445123e+05 -1.537667055637575686e+05 -1.194921180867825169e+05 -1.748921542672907235e+05 -1.363852894451702014e+05 -7.175512327987235039e+04 -1.347238846641266719e+05 -1.196343770652310923e+05 -3.763244348345324397e+04 -6.265685588819906116e+04 -5.169848516641650349e+04 -1.598705130687449127e+04 -5.195129673229530454e+04 -1.267729907960167620e+05 -1.320510657777779270e+05 -5.468676318181701936e+04 -5.648677001881902106e+04 -9.072099842829629779e+04 -1.192891457857331261e+05 -1.190836007514738012e+05 -7.771890415286179632e+04 -1.123741738859100733e+05 -1.123707111342807766e+05 -6.564510632248129696e+04 -5.399978298286488280e+04 -1.317469859030097723e+04 1.276285640237622429e+05 7.647649981512196828e+05 3.623626194143443834e+06 6.117924295104468241e+06 3.261667789508367889e+06 -1.404762532541058958e+06 -3.528662884432716295e+06 -4.104999750040011946e+06 -3.775839871768829413e+06 -2.648641463274250738e+06 -1.376291133270723280e+06 -5.640314543538242579e+05 -1.492700756282992661e+05 1.254942884790925309e+05 3.326535223139170557e+05
1.537062529975085054e+05 2.268021451996173710e+05 2.622503687051360030e+05 2.265581172582460567e+05 1.555513116909423843e+05 1.187170632829652168e+05 8.378972914011683315e+04 1.386088872095523402e+04 -1.688182031037285924e+04 -1.960408860351890326e+04 -5.664817232289351523e+04 -1.472193791746394709e+05 -2.154682283644797280e+05 -2.571626547683260869e+05 -3.895815201813818421e+05 -7.263901371415713802e+05 -1.489298928194329608e+06 -1.970263501344015123e+06 -1.430451196794746909e+06 -7.615430187736635562e+05 -5.503269109904060606e+05 -5.170085463172290474e+05 -5.205491522018576507e+05 -5.132521569367963821e+05 -5.145657379046315327e+05 -5.828569437091932632e+05 -6.098325203114654869e+05 -5.738476981484573334e+05 -6.370817493263157085e+05 -6.702847506187390536e+05 -6.351789321895916946e+05 -5.886125164420818910e+05 -4.715857761842226610e+05 -3.254957935062702745e+05 -1.850022840173915029e+05 -7.576391422131471336e+04 1.134751934884125367e+05 4.024512142059393227e+05 7.890069807675881311e+05 1.388562549206541386e+06 1.952214327656553127e+06 2.130254305836864747e+06 1.711910446425313130e+06 8.044695912365539698e+05 -5.653374872810393572e+04 -5.010256107093286701e+05 -5.739273416984367650e+05 -5.078749117813997436e+05 -4.398898280248884112e+05
-2.362203237920762040e+05 -2.339456889528082684e+05 -1.984396410884798970e+05 -1.629209238581825048e+05 -1.978987872635480016e+05 -2.341019616601988673e+05 -2.330253155156968860e+05 -2.669781431753656361e+05 -2.619045688770713750e+05 -2.288683682319241925e+05 -3.005787902249725303e+05 -3.201234088226922322e+05 -3.174980925337875960e+05 -3.237288279080529464e+05 -2.448041366267715639e+05 -1.903209634881891543e+04 6.935968547256190795e+05 1.088752225646748673e+06 3.951134731346972985e+05 -3.785317898704668623e+05 -7.294031839538351633e+05 -9.411239067348651588e+05 -1.048936072900543921e+06 -1.075753932890947443e+06 -1.006250520425382419e+06 -8.987884097738419659e+05 -7.502608496468744706e+05 -5.392867465713075362e+05 -3.576294373220293783e+05 -1.811921981081827544e+05 -6.945301311207003891e+03 1.087421247130264528e+05 2.247360142844263464e+05 3.347794432647055946e+05 3.693504778237543069e+05 4.770974382135313936e+05 6.646493898954936303e+05 8.121210229082514998e+05 9.871251151111201616e+05 1.200558943420761731e+06 1.413541964827457909e+06 1.555536055804116186e+06 1.485678773141694721e+06 1.171249290641280822e+06 7.630759089801025111e+05 3.879879837296893820e+05 2.668388271702453494e+03 -3.472209939773860388e+05 -6.255511174729242921e+05
-6.090560060925775906e+04 -1.290481060440652363e+05 -1.642164446471724368e+05 -1.639898364036343701e+05 -1.636386831523850560e+05 -1.294996101554716006e+05 -1.281538699596421211e+05 -1.619064004893880920e+05 -1.568795221514301957e+05 -1.940362347074551508e+05 -1.951408182195154950e+05 -1.795230250450548483e+05 -2.121479578263823641e+05 -2.181838262360541848e+05 -2.095617448032135144e+05 -1.600172136881155893e+05 -8.072835692437365651e+04 -1.775581676047295332e+03 4.353098887251690030e+04 1.478596162382746115e+05 3.219800675107392017e+05 4.594761344266589731e+05 5.599546150694378885e+05 6.356154074444200378e+05 6.673284225835229736e+05 6.323519918671807973e+05 5.692366741021393100e+05 4.292173070844736649e+05 2.955881443480029702e+05 2.270231098722431343e+05 1.213407857390122954e+05 -7.110657801386667415e+03 -1.692123358958632452e+05 -3.709747063938986976e+05 -5.430469342513243901e+05 -6.768876548588735750e+05 -7.996359970333287492e+05 -8.919631119066632818e+05 -9.219903919805070618e+05 -8.788453565136273392e+05 -7.665261874778666534e+05 -6.213427039067046717e+05 -5.140302569308534730e+05 -4.773035462753619067e+05 -4.317428047093572095e+05 -2.859438405156824738e+05 -2.207474654255206697e+05 -3.624258734035510570e+05 -5.707950036408081651e+05
-2.631504577817389509e+04 -1.642972295591607981e+05 -2.344271036004647030e+05 -1.992758205230347230e+05 -1.989389823266537860e+05 -1.998061122419312014e+05 -1.285343759699025541e+05 -9.237270972225826699e+04 -8.737971560680307448e+04 -1.972396365017630160e+04 8.390565947571315337e+04 9.936002406408090610e+04 1.363782464957329794e+05 2.697388342849443434e+05 3.477741589560172288e+05 3.617419317003807519e+05 4.051486472756370204e+05 5.177398811513555702e+05 5.618401836085829418e+05 5.252882078045511153e+05 5.237204169033786748e+05 4.863256144215117674e+05 4.470936068345333915e+05 3.834392803197260946e+05 2.415477285342053510e+05 6.864361692860280164e+04 -1.313607843575302977e+05 -4.075472093728610780e+05 -7.803441208560243249e+05 -1.053232257784111425e+06 -1.086986550650326302e+06 -9.021386193513174076e+05 -5.447941876668513287e+05 -1.936981886706785299e+05 8.225475250976218376e+04 3.605142797186264070e+05 5.802385512663751142e+05 6.920221938181215664e+05 6.935292795347048668e+05 6.648195840365933254e+05 6.024191963463095017e+05 2.987515532615387347e+05 -2.127423411357442383e+05 -8.608516206918332027e+05 -1.327624931605534162e+06 -1.180723320244575385e+06 -7.724518103472654475e+05 -5.368846385210051667e+05 -4.022319359047007747e+05
-4.779990079713752493e+05 -2.690690613497280865e+05 -1.313360384915722534e+05 -1.658018217538483441e+05 -2.001599183469079435e+05 -1.318459571368293837e+05 -1.302244765777139692e+05 -1.637256784469357226e+05 -1.588166815735166892e+05 -1.263263170345453545e+05 -1.272443754103735555e+05 -1.464145643031224608e+05 -1.097321744303917512e+05 -1.500699636008357629e+05 -1.413459627318659332e+05 -5.793596387491561472e+04 -1.185773625969886780e+05 -1.103222280496265739e+05 -3.099812353088054806e+04 -3.148582799534779042e+04 -3.145642037270613946e+04 -3.177532386907842010e+04 6.954450570105132647e+04 1.804038737167138606e+05 2.128116874856641516e+05 3.864075848873464856e+05 6.014343368750998052e+05 6.701154810411402723e+05 6.068724756257142872e+05 1.256945466838060529e+05 -5.993140676419700030e+05 -7.261081006500166841e+05 -2.668194230750692077e+05 1.518940675869809929e+05 2.550311816006428562e+05 2.575862077594499569e+05 3.055081878707277356e+05 2.805489611451053643e+05 2.144162252685056301e+05 1.869327064754901803e+05 2.627724142471572268e+05 4.394694091303971363e+05 7.834812495851635467e+05 1.364466487421892351e+06 1.747559095663021086e+06 1.546293987744134385e+06 1.060877715225796681e+06 6.447246270626797341e+05 2.998357711452879012e+05
-3.041238667885771720e+05 -4.408009695098735974e+05 -5.450545762089312775e+05 -5.450713388266739203e+05 -5.106003449024865404e+05 -5.116818788694215473e+05 -5.100981544249223080e+05 -4.747701264754871372e+05 -4.356182855513179675e+05 -4.378450375399552286e+05 -3.698539251252082177e+05 -2.855933851451850496e+05 -3.181257385463686660e+05 -2.892115540115623735e+05 -1.424346069979942404e+05 -5.926824450085451826e+04 -5.073514073970727623e+04 -4.247016292647458613e+04 7.137847466103266925e+04 1.747192995739169419e+05 1.405813774425764568e+05 2.097731366369407624e+05 2.767960500490157865e+05 2.841250304045393132e+05 3.166677088703722693e+05 3.178121851646569557e+05 3.950773052137810737e+05 5.676214676082609221e+05 9.871740625216611661e+05 1.745641166648712475e+06 2.464298444797166623e+06 2.470076998390142806e+06 1.753772652068883181e+06 1.033619315936812665e+06 6.533442569425092079e+05 4.828321146144298837e+05 3.241176604741485789e+05 1.278861177858202718e+05 -4.025749602355062962e+04 -2.374141166650215164e+05 -9.099963954126066528e+05 -2.399572648334429134e+06 -3.412863348158998415e+06 -2.521033582681553438e+06 -9.088249848532796605e+05 -4.996822478773514740e+04 2.861657901515734848e+05 5.189977573801267426e+05 7.198972134094103239e+05
-1.320419589552329271e+05 -6.289973927370738238e+04 4.294930585892812815e+03 4.284514165483415127e+03 -2.991006466385442764e+04 3.217880088486650493e+03 4.957559371250681579e+03 -6.264519243268301943e+04 -9.221078803762805182e+04 -9.443785664392632316e+04 -1.294414040376433404e+05 -1.826869006862398819e+05 -2.152012584730982198e+05 -2.205608300172024465e+05 -2.800878080265828175e+05 -4.030609508208002662e+05 -4.296887485281333793e+05 -4.225787985144414706e+05 -4.812727018492294010e+05 -5.161266284581505461e+05 -5.498352021095335949e+05 -6.164947057189419866e+05 -6.171350302040819079e+05 -5.069087897794088349e+05 -4.063433794450243004e+05 -4.048884552461090498e+05 -3.614895390538726933e+05 -2.242507896258034743e+05 -1.830032673769160174e+05 -1.802414961170870811e+05 -7.980655069870408624e+04 3.251191801973665133e+04 4.340611874882597476e+04 4.903082304226700217e+04 1.175499354465864599e+05 1.883754841610789299e+05 2.705015257542254403e+05 3.487486391811403446e+05 4.539439239905914292e+05 6.652988509635892697e+05 1.285114142342942767e+06 2.717768484931435436e+06 3.769985555519223213e+06 2.881129278138392605e+06 1.220998216907618567e+06 3.097585226700166240e+05 -3.346473194542480633e+04 -1.735514220240279101e+05 -2.437852566043082625e+05
-1.447424757094704546e+06 -1.178467085512238322e+06 -7.765804434928582050e+05 -3.389123161952011287e+05 -1.704866417427547276e+05 -1.715648081718240865e+05 -1.356798318168148398e+05 -1.011215528578027152e+05 -6.259142964030615985e+04 3.169673270895145833e+03 2.801921081845648587e+03 -1.579816228535491973e+04 5.371210312005132437e+04 1.167476601031376049e+05 1.259192677220562473e+05 1.734952393471030518e+05 2.487511407863348722e+05 3.236275055975415744e+05 3.333614880644013174e+05 3.328371101443190128e+05 4.013974081049663946e+05 4.374958307220363058e+05 4.032434902281975374e+05 3.431167848105544690e+05 2.731855129211903550e+05 2.064947856805520132e+05 1.818608137255068868e+05 1.485994260001466610e+05 5.396090594935254194e+04 -1.098656828107777983e+04 2.068470942904241383e+04 3.041778603976126760e+04 -2.674237863859185018e+04 -5.509855070733441971e+04 -2.091077742690686136e+04 -1.857843213307182305e+04 -4.706542885978706181e+03 3.948539941629883833e+04 8.952708531287731603e+03 5.023766938713355921e+04 1.258712619624568615e+05 9.742029889835999347e+04 6.566479340544901788e+04 1.008731649024419021e+05 1.444678518321597949e+05 1.521862995525584556e+05 1.486668586835733149e+05 1.101539535191843752e+05 3.984557446557795629e+04
1.113949899797443766e+06 8.446754998894175515e+05 4.726201056805439875e+05 1.360271505761192529e+05 1.303708973573520780e+03 -3.345334224402903055e+04 -3.136769347067455965e+04 -3.077538404031658138e+04 -2.632871632813477481e+04 -2.851520601776427065e+04 -2.909972159250173718e+04 -4.800056700769343297e+04 -1.313465817307587713e+04 4.922652742010541260e+04 -9.386944821453653276e+03 3.373790108016866725e+03 7.679476097051525721e+04 4.865330117871052062e+04 5.718575326551216131e+04 1.229000651894602488e+05 1.230539327155564533e+05 9.230162437772375415e+04 9.278728308912848297e+04 1.342506861034778412e+05 1.655996444297487906e+05 1.330979850608855486e+05 1.428460933087627636e+05 1.770918056223311578e+05 1.509303487179568619e+05 8.724960024701419752e+04 8.426663785299728625e+04 6.002812350168789271e+04 -9.698783127940248232e+04 -1.917981101153418422e+05 -2.580577807652299525e+05 -4.231420498783693765e+05 -5.092860497743820306e+05 -5.315722604544144124e+05 -5.609476437018017750e+05 -5.194635251117856242e+05 -4.441248404758520192e+05 -3.056150460086078383e+05 -2.039553689048618544e+05 -1.690591336251236498e+05 -2.612172342953365296e+04 1.151545252947830595e+05 1.455305061483525205e+05 1.074911816668466199e+05 3.791317583585390821e+04
3.646285339200402086e+04 3.580193131056149286e+04 3.344057430920656043e+04 3.333787540963384527e+04 -1.380644121672958136e+02 -6.783610870828849147e+04 -6.556584919220765005e+04 -3.187341482145714690e+04 -6.086229971377176116e+04 -1.295932193793123006e+05 -1.300039668235694844e+05 -1.155159406410530210e+05 -1.811064787913345790e+05 -1.523709207936189487e+05 -1.104387907637282624e+05 -1.980025188345464994e+05 -2.258694548049244331e+05 -1.546216738800284220e+05 -1.464189835044088541e+05 -1.812110773683525622e+05 -1.806010722281642957e+05 -1.430568432447034866e+05 -1.080725091334898025e+05 -1.329714476800288539e+05 -1.682053219265071675e+05 -1.003374470549172256e+05 -2.339630876784236170e+04 -2.231823050824459642e+04 5.195097616757242940e+04 1.554963426711040083e+05 2.187542245723307133e+05 3.274810946080845315e+05 4.704746700281989761e+05 5.753304370184193831e+05 7.414771150524033001e+05 9.416275608312565600e+05 1.053873507499811240e+06 1.129703413411627524e+06 1.131791537396492902e+06 1.071463154979862273e+06 9.785737539367997088e+05 8.487918637471762486e+05 6.165883775026286021e+05 3.190561198961213231e+05 3.022738181112986058e+04 -3.250426242087259889e+05 -2.305638207097091712e+06 -5.837696519768169150e+06 -9.335340281434347853e+06
3.342903728480450809e+03 6.822125763690564781e+04 6.551279077830261667e+04 -6.033055105945095420e+02 3.209833833621814847e+04 9.690216832386789611e+04 6.630327951454085996e+04 3.356237664527731249e+04 3.770735301834071288e+04 3.552156789577566087e+04 2.245817674556688871e+03 -1.651309487235266715e+04 -1.577487721398938447e+04 -5.299142678675701609e+04 -1.103627876576501294e+05 -1.315452507801820175e+05 -1.598129430878907733e+05 -2.548771585396024457e+05 -2.801669437263625441e+05 -2.819271061278412817e+05 -3.470602089940797887e+05 -3.416748200153230573e+05 -3.389431241882272880e+05 -3.961657698336055037e+05 -3.981150521856033010e+05 -3.309108767414001049e+05 -2.871498018747661263e+05 -2.859399451542417519e+05 -2.779786358703856822e+05 -2.409322644013443496e+05 -2.117457457305863500e+05 -1.701285466511033010e+05 -1.273040873889117502e+05 -1.220471263187937438e+05 -8.866474866808857769e+04 -5.464960364508396015e+04 -8.224234782974235713e+03 3.561844063515309244e+04 3.940266135614365339e+04 8.024789701274083927e+04 1.216514842142353300e+05 1.259894702932799701e+05 1.268540355260479264e+05 1.282823583617578261e+05 1.704670347180215176e+05 1.784256502444618382e+05 1.758704372526280116e+06 5.018619000939028338e+06 8.313176502963070758e+06
-1.258105235977564007e+05 -6.281965761329047382e+04 -6.616436395095661283e+04 -9.882746299961581826e+04 -6.680849673808552325e+04 -1.005308685638009338e+05 -1.954113934823544696e+05 -2.930126365198524436e+05 -4.842964135739019839e+05 -6.168621129624077585e+05 -5.850074154045437463e+05 -5.717936254863166250e+05 -5.394267466402377468e+05 -4.136219862889265642e+05 -3.405811406736029312e+05 -2.645777574979001656e+05 -1.956472578953257762e+05 -2.253752486599837430e+05 -1.854319193388796411e+05 -8.918758428480941802e+04 -8.798867223784374073e+04 -1.469391562801320106e+05 -1.107106840424244292e+05 -3.648866768693551421e+04 -3.838006320991553366e+04 -4.210213003098033369e+03 3.969988378463312984e+04 4.114201340766157955e+04 4.933396359963854775e+04 8.655374668247485533e+04 1.155722532089566812e+05 1.243154257390419953e+05 1.343370575999147259e+05 1.726429816964082420e+05 2.390558210713788867e+05 2.731144027539994568e+05 2.538862337393215857e+05 2.650159654719759710e+05 3.676876598130906932e+05 4.415388777857869864e+05 4.830429173342429567e+05 5.531714412063597701e+05 6.526562591985550243e+05 8.185141646140279481e+05 1.057664630301297409e+06 1.361083525627614930e+06 1.620677587017420447e+06 1.746469911823509727e+06 1.808383387313190848e+06
-2.556068798823982943e+05 -1.930045334744499996e+05 -1.318139793182490394e+05 -1.321683234657393768e+05 -1.327077888231724501e+05 -3.679209374764468521e+04 9.554234141774941236e+04 1.929628217773281503e+05 3.269605034776031971e+05 5.199412913771809544e+05 6.177285119600133039e+05 6.319918044534283690e+05 5.677850209613095503e+05 5.318011378101070877e+05 5.727709759405113291e+05 5.513007619674319867e+05 5.548753815778766293e+05 5.896607149078042712e+05 5.961503227445062948e+05 6.259047438047125470e+05 6.909886412351615727e+05 6.969968066056023818e+05 6.352772821584963240e+05 6.108937011088705622e+05 5.756178046064451337e+05 5.112809150846442208e+05 4.573257090576225892e+05 3.935179258685102686e+05 2.724272453994490206e+05 5.119754557090299204e+04 -1.145497896568849683e+05 -2.026857567956913263e+05 -4.182403839967451058e+05 -7.021032932074735872e+05 -9.257695884449640289e+05 -1.214112462057963712e+06 -1.521864174212678568e+06 -1.670928517727300758e+06 -1.698906655799364205e+06 -1.498258219716367777e+06 -1.104351824265904725e+06 -7.801264913345247041e+05 -5.236222087650080211e+05 -3.296171919343760237e+05 -1.925947076606107876e+05 -8.817930665623862296e+04 -2.548437177843833342e+04 3.460487201227759942e+04 9.614487900980561972e+04
-1.221331344643838238e+05 -6.069805791543330997e+04 -3.247249038657161873e+04 -6.460803771507926285e+04 -9.708963385841343552e+04 -9.826411741320032161e+04 -9.544909171236207476e+04 -9.568027900648309151e+04 -1.239275666885077953e+05 -1.260626273753586574e+05 -9.393542545731179416e+04 -1.125771740439813584e+05 -1.444660993176511838e+05 -1.157157448877114221e+05 -7.563048176059962134e+04 -1.294969946629136830e+05 -1.268448595440715726e+05 -6.155352312547618931e+04 -8.742923247511495720e+04 -8.977502923924472998e+04 -8.853535864094720455e+04 -1.122546876803971245e+05 -7.493999276426635333e+04 -6.571267902385431807e+04 -9.968290304066619137e+04 -9.839658892364241183e+04 -1.185732204874512390e+05 -1.169301057409031782e+05 -1.082958917185895843e+05 -1.353058112662982894e+05 -1.404315078025682596e+05 -1.647900191362717887e+05 -1.236271329177551670e+05 -5.459648793854285032e+04 -2.201857544132508337e+04 1.062229387194380397e+05 3.437842698500030674e+05 5.797017361677727895e+05 6.481230658484854503e+05 5.278657912911134772e+05 3.117237274529173737e+05 9.002227049437456299e+04 -3.900157065829250496e+04 -1.021038932056403719e+05 -1.260249989130537142e+05 -1.504164440388554067e+05 -1.843001230742087355e+05 -1.245383543358192110e+05 8.942407392918375990e+02
-3.354495247907469748e+05 -3.390399336686823517e+05 -3.436233338125748560e+05 -3.440408424654741539e+05 -3.136436916259117424e+05 -2.838229315169155598e+05 -3.125489691644905834e+05 -3.449051331792727578e+05 -3.105239458341384307e+05 -2.503072403377152514e+05 -2.503761115577076562e+05 -2.379808039835190866e+05 -2.071989397349534556e+05 -2.102376540086697787e+05 -2.028739231644428801e+05 -1.939950462064009625e+05 -1.294661525794072077e+05 -9.794690265378449112e+04 -1.240575062885181978e+05 -9.494302002771291882e+04 -3.008527165977330878e+04 1.123837489518336952e+04 1.775886676390701905e+04 5.897966364282183349e+04 8.884410006168717518e+04 1.537072593386978842e+05 2.612620388425416313e+05 3.268994213565026876e+05 3.996727236889998894e+05 5.007447722286451608e+05 6.228316007071402855e+05 7.262411827908379491e+05 8.311627019249164732e+05 9.001611166889775777e+05 9.011756559170313412e+05 8.056118185311789857e+05 5.640151366457566619e+05 2.254236043459973298e+05 -1.837776475556881633e+05 -6.526732696045637131e+05 -1.057689020709370729e+06 -1.214631238823060179e+06 -1.216588836319857743e+06 -1.121176278613275848e+06 -8.916061062936235685e+05 -6.301760932343294844e+05 -4.093844776391047053e+05 -3.185254081478333101e+05 -3.216790264518894255e+05
-3.298338684841290815e+05 -3.338152205635560676e+05 -3.386126655584665714e+05 -3.389298431761562242e+05 -3.398847112746443599e+05 -3.413663690234534442e+05 -3.075848946080075693e+05 -2.776588619285032619e+05 -2.747332944424125599e+05 -2.461780815874225227e+05 -2.149813193664886057e+05 -2.029228834895186592e+05 -2.037176929198903963e+05 -1.752384815778350458e+05 -1.369479324598794337e+05 -1.285932213580235839e+05 -9.651597070682351477e+04 -6.614414987561758608e+04 -6.128753377415705472e+04 -6.392471948172897100e+04 -3.082642565772426315e+04 1.107988613890460692e+04 4.975109975668601692e+04 9.080407121102348901e+04 5.771818977082101628e+04 2.772813672607298940e+04 7.164525472267996520e+04 1.364759209414480720e+05 1.771224684320623055e+05 1.515063935989744496e+05 8.277671964198863134e+04 9.001018274226272479e+04 1.302066681935689412e+05 1.350864177622133866e+05 1.673370522493496537e+05 2.296844613604480401e+05 3.368797738524152664e+05 5.059612463781386032e+05 6.682379037939240225e+05 8.030146252881947439e+05 8.436173247569253435e+05 7.201005210785681847e+05 5.296309198177171638e+05 3.414156851475124713e+05 2.860097949049673043e+05 3.567290917906202376e+05 4.185795619204882532e+05 5.090439887245858554e+05 6.323991234513139352e+05
-4.609805890766426455e+04 -1.117107223166386248e+05 -1.473360213550039916e+05 -1.779977313731797040e+05 -2.399344004911836237e+05 -2.412205497862305201e+05 -2.382241444056852779e+05 -3.005552043230275158e+05 -3.589316165709170746e+05 -4.838070993806465995e+05 -7.284891232626985293e+05 -1.299528695788466837e+06 -2.160693663352866657e+06 -2.290348705325740390e+06 -1.338765341682591941e+06 -3.834470272349426523e+05 1.526443587266746908e+04 1.369665019138483331e+05 2.037243625440169126e+05 2.020011798467021435e+05 1.742689467809386551e+05 1.867395040229884908e+05 1.646083419158831239e+05 1.129557788313832134e+05 4.936467604769766331e+04 1.970196549547836185e+04 3.245514918235130608e+04 3.461906409647781402e+04 1.263627102598594502e+04 8.085181083704810590e+04 1.995279013627441600e+05 2.382096325955362990e+05 3.727415664237928577e+05 5.349805679626292549e+05 6.624768178531667218e+05 8.827876324509261176e+05 1.085385248273960082e+06 1.287100006748225773e+06 1.544715470067457063e+06 1.806141457396438112e+06 2.036200755343893310e+06 2.227708752502806950e+06 2.288803241470007226e+06 2.131338572196548339e+06 1.854034383117109537e+06 1.419599860506710596e+06 9.455381679395213723e+05 7.205693491245610639e+05 6.543773396965041757e+05
-7.154982639959771186e+05 -6.618308133917162195e+05 -5.487776243442203850e+05 -3.703249966690782458e+05 -2.826796403533080593e+05 -2.249737315560933203e+05 -1.019293303164886311e+05 -1.298716667923144996e+04 8.075314291170798242e+04 2.309044107550289482e+05 5.375259216426648200e+05 1.223592973313061520e+06 2.052699239194042981e+06 2.117779551702550612e+06 1.241633267222787021e+06 3.938996602821855340e+05 2.684162253688578494e+04 -1.285576473007677123e+05 -1.554332933336263523e+05 -6.630419797438662499e+04 -2.748556468286784366e+03 4.011446645366959274e+04 1.411594323051397223e+05 2.746157142770241480e+05 3.966576639469712973e+05 5.219759144989070483e+05 6.591964849759824574e+05 7.241439778200597502e+05 7.654554825340161333e+05 8.341397401562423911e+05 8.591430635709546041e+05 8.974693018413400277e+05 9.372552731336365687e+05 9.113517437782133929e+05 8.504737443802875932e+05 8.182573443959699944e+05 7.683663917286316864e+05 6.556151411356418394e+05 5.669171249575442635e+05 3.893226790259350091e+05 1.194714207260394469e+05 -1.263767984061259776e+05 -4.376756238570660353e+05 -7.458223394060069695e+05 -1.017020889182458632e+06 -1.226416089888658840e+06 -1.196969362797100795e+06 -1.077843395891247783e+06 -1.019105578089925926e+06
-2.508562292775604874e+05 -1.362387794523965567e+05 -8.190271792525891215e+04 -8.215778697223856580e+04 -8.329164169903378934e+04 -1.146871633670524461e+05 -8.161071899055968970e+04 -5.312786122376576532e+04 -1.106716600287472829e+05 -8.297483686299528927e+04 -5.228637362131860573e+04 -1.014931461360538378e+05 -1.027061356761259958e+05 -1.042867743421810446e+05 -1.282448580826165853e+05 -6.143490895454306155e+04 -6.235858266300032847e+04 -1.563171623856760561e+05 -1.231233638536650687e+05 -6.590791307156905532e+04 -9.395340025366749614e+04 -1.416051415808033198e+05 -1.323271136835685465e+05 -6.181410605204314925e+04 -6.378530004003574140e+04 -9.323957303189672530e+04 -4.990833317395276390e+04 -1.723678155976813287e+04 -3.824560949986311607e+04 -3.224896976782474667e+04 2.118219764204719104e+04 2.726593191036954522e+04 4.566728355712257326e+03 3.944401322572957724e+04 7.071622556308261119e+04 3.827245702734240331e+04 8.070600259467028081e+04 1.531247911718678661e+05 9.599802808486879803e+04 1.041439884842836764e+05 2.049176539399204776e+05 2.372392218362079002e+05 2.351715978363056201e+05 2.364433324645509711e+05 3.056693966535384534e+05 4.061765337944951025e+05 4.679525494435812579e+05 5.265036051644692197e+05 5.861050011502704583e+05
-9.651532504707551561e+04 -4.268558528739959002e+04 1.109988129523117095e+04 -1.855476276366983075e+04 -1.085916879150317982e+05 -1.690770595538195921e+05 -1.955116356909274473e+05 -2.268027882534081582e+05 -3.432593159284442663e+05 -4.647023499663917464e+05 -6.130990884412318701e+05 -8.712584565603176598e+05 -1.082581016860785428e+06 -1.235124044565017801e+06 -1.262156181532190880e+06 -1.050840615903726313e+06 -7.564493849378782324e+05 -4.634147668734658509e+05 -2.224604266916867346e+05 1.404763926577288657e+04 1.669906880991761573e+05 2.417393995483876206e+05 3.430049611628060229e+05 3.541949701739940792e+05 3.838588673365297727e+05 4.162283304863376543e+05 3.701120306306984276e+05 3.433465685654673725e+05 3.235748121200595051e+05 3.306353357009352185e+05 3.236821596382656135e+05 2.696558741864289623e+05 2.780959222815008834e+05 2.829298663727240637e+05 2.842838554468471557e+05 3.439395890367447864e+05 3.561716644227269571e+05 3.678570125333504984e+05 4.950952497048997320e+05 6.569550982007039711e+05 7.889199436176586896e+05 9.750783393002355006e+05 1.219018659886202309e+06 1.435904727241726127e+06 1.535988799352783477e+06 1.421320332434257492e+06 1.114326970430557150e+06 8.039480434771389700e+05 5.560727443342208862e+05
-5.811397685320065648e+03 -1.298922278959071555e+05 -1.948662672308273031e+05 -1.950357939291279472e+05 -1.962490832014009356e+05 -1.975904894870472490e+05 -2.538144010578979505e+05 -3.150030026654714602e+05 -3.129847677401269320e+05 -3.157833065174053190e+05 -2.857712859602180542e+05 -1.273036006395708537e+05 1.087710388214326231e+05 2.863781124667729018e+05 3.522565801290328382e+05 3.288926637679106789e+05 2.685233572643485968e+05 1.754260060709202080e+05 5.884527553338557482e+04 -3.972054804908111691e+03 -1.365239165607024916e+03 -4.691791161545575596e+04 -6.637217524694290478e+04 -5.628047686710476410e+04 -8.795407604309730232e+04 -8.710187443823082140e+04 -7.392794810933998087e+04 -7.147064099262945820e+04 -9.180747221689647995e+04 -5.560361039242695551e+04 -3.396909714501793496e+04 -8.859514523297583219e+04 -8.138891102105902974e+04 -1.732388065021962393e+04 -1.684374615608260501e+04 -4.951587499817833304e+04 -8.302117820130544715e+03 3.252430202846892644e+04 6.683150993776507676e+04 1.049189713882512879e+05 8.282049677800375503e+04 1.138222725485680858e+05 2.322595940326567506e+05 2.941176231356807984e+05 3.316764677519679535e+05 4.001970764901477960e+05 4.004185538529422483e+05 3.365001939202189678e+05 2.736076104745671619e+05
-8.824160659045417560e+04 -2.694101816992043168e+05 -5.961774920753665501e+05 -1.267359982400084846e+06 -2.233144104353268631e+06 -2.851940616568898782e+06 -2.447099481533513404e+06 -1.403898605901631527e+06 -4.990389245183914900e+05 1.419895937544060871e+05 5.840778877568673342e+05 8.023977941082562320e+05 9.809081547049568035e+05 1.101676728955935221e+06 1.022176805973867420e+06 8.827889902202878147e+05 7.355634533788550179e+05 5.848689859476867132e+05 4.698535933712262195e+05 3.192087497288594022e+05 2.038500625686715357e+05 1.593512668262699153e+05 1.108570465527011547e+05 6.175752268929523416e+04 3.041507051035284530e+04 1.573638865957153030e+03 -1.492607481894083321e+04 -1.234975477505940944e+04 -2.535273719113320112e+03 3.751571413595112972e+03 -6.464339542202616576e+04 -5.922162409755354747e+04 7.876400491222739220e+03 -4.832915692299115472e+04 -7.790388961788243614e+04 -2.048235205584205687e+04 -9.579394810716854408e+03 -2.914949200989212841e+04 -2.532118472910951823e+04 1.248028475500177592e+04 5.067377527127997018e+04 2.080076732090697624e+04 7.821796895528654568e+04 1.699346783157675527e+05 1.768149292428280460e+05 3.058680208073920803e+05 6.103094482253099559e+05 9.119297356629932765e+05 1.153766778772095684e+06
-8.204871031345091760e+05 -4.804888178355759010e+05 4.910124911692924798e+03 8.176214212388726883e+05 1.894412046220386401e+06 2.654388920181663241e+06 2.459041585170779377e+06 1.616288890737341484e+06 8.630405395152057754e+05 4.246183176012708573e+05 2.222357892640866339e+05 1.158381483738778625e+05 5.633715248957742006e+04 5.628923882148228586e+04 3.251644140109419823e+04 -2.105346614320296794e+04 -2.317303595191345084e+04 6.535714986966922879e+02 -2.719424816546961665e+04 -5.994552939722780138e+04 -8.636395866691565607e+04 -7.094232100993371569e+04 -3.016245690407243092e+04 -4.905005765787779819e+04 -5.052297055372025352e+04 -7.904080403561214916e+04 -1.242592237528878031e+05 -6.269905321591079701e+04 -5.266344988252944313e+04 -1.344367891078583198e+05 -1.142521434073572163e+05 -8.004414224473328795e+04 -1.323712440329840174e+05 -1.289216868689983094e+05 -9.911516320600640029e+04 -1.320622520660980081e+05 -1.218562636506974231e+05 -5.262518260162332444e+04 -7.875044044165378727e+04 -7.148388194385897077e+04 -4.697801102302022628e+03 -5.172704117721859802e+03 5.028147604258251522e+04 8.046504101948800962e+04 8.657100681681171409e+04 1.529627592337779352e+05 1.828499377757546317e+05 1.799701526458370208e+05 1.782700611907022540e+05
-5.676905896654352546e+05 -6.880272463988517411e+05 -8.930196055350815877e+05 -1.005722378203645116e+06 -8.632141741114901379e+05 -7.209416784608038142e+05 -6.319054424331986811e+05 -4.914353007683531032e+05 -3.468849557498473441e+05 -2.922898903232997982e+05 -2.626974758785218000e+05 -1.680988033604810480e+05 -1.414759888208936318e+05 -1.700993931718402891e+05 -1.086522986693307466e+05 -4.800118912069595535e+04 -7.979815272206903319e+04 -1.152380719350184663e+05 -5.746189974539444665e+04 -3.254212009836919606e+04 -5.826400092046236387e+04 1.561894487356790341e+04 2.774938529590144753e+04 -1.951220465882215649e+04 3.684539005509595154e+04 6.649858021701232065e+04 5.125765961711294949e+04 8.344578126387222437e+04 1.229273008537710557e+05 1.007394121703689743e+05 6.226528762956150604e+04 9.616830185172197525e+04 1.028539616469066241e+05 7.749836329545355693e+04 7.829713721119328693e+04 4.581636448216169083e+04 -2.439503044006487471e+03 -2.166466915979985788e+04 -4.747136554273297952e+04 -1.579378794587678567e+05 -2.685821214091272559e+05 -2.997847409622049890e+05 -3.643633409711755812e+05 -4.538808742212142097e+05 -4.794761133211441338e+05 -4.750500008044751594e+05 -4.474629690742589300e+05 -4.221444962860539090e+05 -4.245852820470379665e+05
1.058211368004558142e+06 1.107356332862982992e+06 1.128610547639545985e+06 1.070991160968551412e+06 8.987563031679019332e+05 6.424495990137802437e+05 3.910842503863386810e+05 1.914630373235559091e+05 -5.981604802364017814e+04 -5.401717278949217871e+05 -1.439086968931371812e+06 -2.556432296215207316e+06 -2.782979382717748173e+06 -1.824176646791747073e+06 -8.627548309438857250e+05 -4.944543969439111534e+05 -4.707940932700877311e+05 -4.793516440870005754e+05 -4.526673617726190714e+05 -4.293997223110634950e+05 -3.990397251083045267e+05 -4.119055745005607605e+05 -3.721344230137772392e+05 -2.777202515979297459e+05 -2.803837841528004501e+05 -3.096614025102460291e+05 -2.402953728171994444e+05 -1.811024330882357899e+05 -1.717824842262780294e+05 -1.374545550951729529e+05 -9.093662552535533905e+04 -8.741405443288385868e+04 -8.172268534661363810e+04 7.853995222249068320e+03 3.712941474397620186e+04 3.357161313295364380e+04 1.307504327979404479e+05 1.992902530427095480e+05 2.036849765409715474e+05 2.701075151690738276e+05 3.954610973224057816e+05 5.131671970890604425e+05 5.691357653128199745e+05 5.716077772632718552e+05 6.086589742853546049e+05 6.463362559315265389e+05 5.893490136542827822e+05 4.701407370547528844e+05 3.517466764926123433e+05
1.258258993166964501e+05 6.137437358265742660e+03 -8.441183942253678106e+04 -8.385201442404650152e+04 -8.483108650660142303e+04 -1.135584570711944252e+05 -8.192180698795709759e+04 -5.599309307406679727e+04 -2.589097987394803204e+04 1.973653183970600367e+05 9.597240993176838383e+05 2.039221182945184177e+06 2.122711564417112619e+06 9.975986477965484373e+05 4.452835515898186713e+04 -3.180373271973803639e+05 -4.895994760422031395e+05 -5.810639826458645985e+05 -6.094497005554144271e+05 -6.413815748412157409e+05 -6.944582032709135674e+05 -7.621437477058495861e+05 -8.627034750510954764e+05 -8.534594683657633141e+05 -7.150745671981704654e+05 -6.032133207545849727e+05 -4.780485549638973316e+05 -3.344973707111791009e+05 -2.400221784628230380e+05 -1.774753373319979582e+05 -1.604115387168712041e+05 -1.286700419348198047e+05 -9.491151659050992748e+04 -9.222351119795345585e+04 -9.210844747081863170e+04 -6.793609978980393498e+04 -5.889324377640159219e+04 -1.070362722728170338e+05 -1.041463047818979830e+05 -6.915665392298233928e+04 -9.146436769631726202e+04 -1.223462766257582698e+05 -1.570878685143538751e+05 -2.156479463860165561e+05 -2.985389401455178158e+05 -4.393235856067611603e+05 -5.285281012061759830e+05 -5.328134116734128911e+05 -5.350248397845914587e+05
9.560109004069808871e+05 7.253477677755290642e+05 5.237185472279088572e+05 3.295386455068355426e+05 -1.280285520400502719e+06 -4.524750685013712384e+06 -5.045519964311386459e+06 -2.050428712926220149e+06 -1.067871650442252285e+05 8.514214180118864169e+04 1.144731443229829893e+05 9.454080943018209655e+04 9.267324753338465234e+04 1.496592578390845447e+05 1.809587992267915397e+05 1.552657217846717685e+05 1.518879730120534368e+05 2.002842882537515252e+05 2.560275796608765377e+05 3.089623427216428099e+05 3.694402484770393348e+05 5.003098212095213821e+05 5.990085616195584880e+05 6.109583714295874815e+05 5.267175284092077054e+05 3.593572308006696403e+05 2.328246070846216753e+05 9.578405220585409552e+04 -3.445235581777524203e+04 -1.407829648873303086e+05 -3.215923315350657795e+05 -5.168241906410565134e+05 -6.827131833700718125e+05 -9.374764643888908904e+05 -1.110689848177134525e+06 -1.090743857291526860e+06 -9.720100243028711993e+05 -7.099527042923740810e+05 -4.815097951097413898e+05 -3.339637356740413234e+05 -1.567023013072316535e+05 -7.318340436206222512e+04 -2.122408936498686671e+04 9.403866870387061499e+04 1.861105897091329098e+05 3.084435586997997016e+05 4.836195781274016481e+05 5.987301421578722075e+05 6.570402903511291370e+05
1.294906929304120131e+05 2.324226264160824940e+05 3.089168238546694629e+05 4.479143336211562855e+05 1.916624002004973590e+06 4.938332972367059439e+06 5.328323626336639747e+06 2.108235333590415772e+06 -7.925018510664813221e+04 -4.665107984148198739e+05 -7.936441058543287218e+05 -1.087039996553795412e+06 -1.307295545054948423e+06 -1.524979809140785597e+06 -1.604551701312884223e+06 -1.493440539140720619e+06 -1.361035687412951142e+06 -1.261451820508227218e+06 -1.127433547638356220e+06 -9.405308756371956551e+05 -7.457380440010447055e+05 -5.917621992120980285e+05 -4.695197401335472241e+05 -3.219047073420374654e+05 -2.131356509448958095e+05 -1.861697953240945935e+05 -1.178737318643829785e+05 -3.141982840606942773e+03 9.124156090139853768e+04 1.541373910562836099e+05 2.562493676203300711e+05 4.300500398350430187e+05 6.635302507673641667e+05 8.955580559046932030e+05 1.013025038806954166e+06 1.012738286476232694e+06 8.552181318594367476e+05 6.402031368628387572e+05 4.463206221727889497e+05 2.834847034106489737e+05 2.055283186543965712e+05 8.992500797496270388e+04 -1.057764910510741174e+03 -1.247954571736045182e+03 -2.530341470497637056e+04 -4.889966553135309368e+04 -4.945510142366448417e+04 -5.189622375473845750e+04 -5.264910788216907531e+04
3.801600906252856366e+05 4.269211941282264888e+05 4.478594783565493999e+05 4.485458901291713119e+05 4.748747609095880762e+05 5.019995203742290614e+05 5.057152350182876107e+05 5.309373430500276154e+05 6.153438863588965032e+05 6.688414771662788698e+05 6.715367663587678690e+05 7.073796954005961306e+05 7.065008287713858299e+05 6.267392061109419446e+05 5.202648909686831757e+05 3.572433354443637654e+05 2.163839889736850746e+05 1.807704066776204854e+05 1.797534385550534353e+05 1.764261721062939614e+05 1.531942554505076259e+05 1.167202602769252844e+05 2.051907269866205752e+04 -7.894422358542215079e+04 -1.071436981344595551e+05 -1.619942247145804577e+05 -2.591893632768192329e+05 -2.833385819429536350e+05 -2.729967487184330821e+05 -2.945035750075476244e+05 -2.787938013550592586e+05 -2.484398825018438511e+05 -2.438494281267055776e+05 -2.417595106473893393e+05 -2.419838160462675150e+05 -2.193847182707397733e+05 -1.835375265008767601e+05 -1.754293587035501841e+05 -1.452210673177617136e+05 -1.678607700910647400e+05 -2.185403061780382413e+05 -2.219838170334699098e+05 -2.854492804373140680e+05 -3.434362753672765102e+05 -3.689995224191810703e+05 -4.226386341446765582e+05 -4.817600564943870995e+05 -5.704047283204247942e+05 -6.849797039572031936e+05
-4.007797807833412662e+05 -3.011925791151588783e+05 -2.271291634056251496e+05 -2.273480074183316901e+05 -1.753782338567543775e+05 -6.841779433307249565e+04 -1.169882996531669050e+04 9.338542897952732164e+04 2.029503263637889177e+05 2.822957906394730089e+05 4.204573500354313292e+05 5.914925192936791573e+05 7.542168206383937504e+05 9.213879774225640576e+05 9.799607550399374450e+05 9.007262820191684877e+05 7.890531032439325936e+05 5.627712761139262002e+05 2.610582959227028769e+05 3.880750774580519646e+04 -1.214452690706816502e+05 -2.128542327584000304e+05 -2.268255280831370037e+05 -2.442404376564079430e+05 -2.730335597490193322e+05 -2.459667542565150652e+05 -2.057973675179525744e+05 -2.026712805096760858e+05 -1.925810180569535587e+05 -1.866740083368495107e+05 -1.713041233934927732e+05 -1.134511504112742841e+05 -1.088654990214855643e+05 -1.343702582124389010e+05 -1.066132356855084654e+05 -8.390332616341777612e+04 -1.036196150217438117e+05 -6.735914771736145485e+04 -9.056971478276071139e+03 -3.114459408621757757e+04 3.103420180210459512e+04 8.460348388645856176e+04 5.074078737117804121e+04 1.069971279992029304e+05 1.680534991942117922e+05 1.450491112418236444e+05 1.452387219847883098e+05 2.287396223563682288e+05 3.422211752715483308e+05
3.839779350825116271e+05 4.294957673072350444e+05 4.231001397187354742e+05 3.970156011317157536e+05 4.227667574369115755e+05 3.956559093238319620e+05 3.453126647381576477e+05 3.426577153377003269e+05 3.442376896832140628e+05 3.425119655276646372e+05 3.179537120502210455e+05 3.521077622630402911e+05 4.047745937760917004e+05 3.807123270619192626e+05 3.831464544008485973e+05 4.111898983450375963e+05 3.807016161928186193e+05 3.451255820231745020e+05 3.165506436896976084e+05 2.592420292645692825e+05 1.825687095482139848e+05 1.202719422773225233e+05 1.347072302893507294e+05 9.126009321713354439e+04 9.550900048926007003e+03 6.443542209744825959e+04 7.799235825834283605e+04 5.822036293102428317e+02 1.176240108325146139e+04 1.859062591160181910e+04 -4.775834446540102363e+04 -4.478022250928916037e+04 -3.990045844286167994e+04 -1.195744268718408421e+05 -1.741483759263064712e+05 -1.518554423644677736e+05 -1.440772707806895487e+05 -2.189620571030541323e+05 -2.170991721580508165e+05 -1.847174087102753110e+05 -2.628641146689197049e+05 -2.945197881688373163e+05 -2.745339650602540933e+05 -3.041488576371930540e+05 -3.851769131573382765e+05 -4.107010307209554594e+05 -3.854729935911027715e+05 -4.442056060710434103e+05 -5.560851287271259353e+05
3.611618043499765336e+05 2.466883931501070037e+05 1.608669690461828723e+05 1.617480316071304842e+05 1.869666233670432121e+05 1.337545289983972907e+05 8.390257182822085451e+04 1.073496314714431064e+05 8.183228994486865122e+04 -2.657647460582666099e+04 -7.780094022396951914e+04 -4.553849195071973372e+04 -7.446293936052813660e+04 -1.254262313642537920e+05 -7.171992701827548444e+04 -1.939530950738128740e+04 -2.411816276027832646e+04 -7.464563901885412633e+03 4.306262883706949651e+04 6.594419985951390117e+04 7.014591909479349852e+04 6.195838120067480486e+04 7.593626449350279290e+04 1.131811136321629165e+05 8.580148621986142825e+04 8.586858724185707979e+04 9.890238301886699628e+04 7.599422650062502362e+04 8.690878870314918458e+04 9.351881196023873053e+04 1.087040270719439723e+05 8.427877304435195401e+04 3.474611049750866368e+04 6.458556703058979474e+04 9.253798086661845446e+04 6.053944752842676826e+04 4.145764079701644368e+04 7.718046920432266779e+04 1.073096676106795203e+05 1.132853202376277186e+05 1.192633620201379526e+05 1.443808377796085551e+05 1.383813027717401274e+05 1.384590671985649969e+05 1.984095584537137765e+05 2.030739657627413981e+05 1.196072176587763242e+05 7.237437785953050479e+03 -1.031480475835260004e+05
1.765343443339222576e+05 2.206582020374480635e+05 2.405647464288629708e+05 2.148384676338172285e+05 2.133198155584977940e+05 2.658548124495426891e+05 2.953956926998215495e+05 3.187991276214600075e+05 3.729668406437850790e+05 4.507573064684401033e+05 5.330377461161701940e+05 5.662163882702590199e+05 6.183958088606594829e+05 6.488465659529899713e+05 6.242564857861720957e+05 5.981708819058262743e+05 5.151277442381251603e+05 4.531114907131996006e+05 3.712236261845100671e+05 2.350242431601509452e+05 1.332554476393852383e+05 4.575744878326077014e+04 -4.681547201937111095e+04 -1.165950234507909045e+05 -1.437862279859837145e+05 -1.173018085391963832e+05 -7.777213001972949132e+04 -7.376733081648172811e+04 -3.607720120635349303e+04 2.417286058829631656e+04 6.577975926746102050e+04 9.544545347569463775e+04 1.003653615899393335e+05 7.613089932943694293e+04 4.995181122852955014e+04 1.810851263406174257e+04 -5.537176234414801002e+04 -1.837510927545377053e+05 -3.184249252598960884e+05 -4.509331058291709051e+05 -6.663559992390240077e+05 -9.737526772753337864e+05 -1.314182066135687055e+06 -1.623837963045229437e+06 -1.904562102729689330e+06 -2.160781408581527881e+06 -2.175344158119408414e+06 -1.911217596182830166e+06 -1.585951696723897010e+06
-5.180928050132934004e+04 4.378025056154004415e+04 1.157553160144015856e+05 1.166711121052503586e+05 8.911187221005093306e+04 1.150678318704012199e+05 1.441125077201285749e+05 1.407500697067008587e+05 1.676979515643324703e+05 2.179821165365864290e+05 2.465583629981849808e+05 2.520282699918608414e+05 3.291589755064341007e+05 4.115637963300105184e+05 4.386274290166327264e+05 5.433135425293592270e+05 6.189531364472354762e+05 6.891779166657940950e+05 8.191105133318337612e+05 8.963641245447793044e+05 1.008398134233428165e+06 1.082238574469810352e+06 1.019299710263150744e+06 9.525148148712469265e+05 7.431086192623479292e+05 1.364905513066342101e+05 -1.093570006501398049e+06 -2.865589809950329363e+06 -3.923160532102336176e+06 -3.241179073435482569e+06 -1.753756024447504897e+06 -7.762738770589920459e+05 -3.767350488062968943e+05 -1.632887869194385130e+05 -3.027658862527436577e+04 4.454864891536999494e+04 1.058917535247746855e+05 1.946918078593447572e+05 3.058177249343132135e+05 4.753619867475923966e+05 2.374955007311629597e+05 -1.755972531313298503e+06 -3.053570514532030560e+06 -1.102237106972012203e+06 7.561407003726335242e+05 1.205291472019158769e+06 1.350260288657157216e+06 1.273608513065843843e+06 1.224318247571328655e+06
-6.553591181058390066e+04 -1.254463945981115103e+05 -1.568156620505033061e+05 -1.811020363477291539e+05 -2.081338794599287212e+05 -2.081130498304264620e+05 -2.312678608513668878e+05 -2.610028283152497606e+05 -2.354481002507965313e+05 -2.126769209920893773e+05 -2.628370233124590595e+05 -2.854380271187985782e+05 -2.371668536518699257e+05 -2.091549210320225975e+05 -2.375581595773109293e+05 -2.414308399864240782e+05 -1.956882270716598141e+05 -2.079532768839271157e+05 -2.395510073454351514e+05 -2.190010425221407204e+05 -1.379581629729365231e+05 -6.850100073672365397e+04 -5.597923811583325732e+04 3.167737101088254713e+04 2.675339736364554847e+05 7.417062984791102353e+05 1.759623377082173247e+06 3.329392607371561695e+06 3.959584456837619655e+06 1.013721314993442502e+06 -4.692049873130148277e+06 -6.802847510377764702e+06 -3.616972929436039645e+06 -8.703389086184343323e+05 -3.431219597184094600e+05 -2.175377298623789102e+05 -1.586340230994392186e+05 -9.897552771668415517e+04 -7.140813306788913906e+04 -9.425895111286081374e+04 3.455576442094803788e+05 2.553432655162166804e+06 4.169834123664175160e+06 2.442485839538848959e+06 7.923624964727808256e+05 6.077199018670928199e+05 3.624052422482047696e+05 1.430960475362380967e+05 -1.954234565259050578e+04
4.345931523246690631e+04 -1.624345384771004319e+04 -2.211780708516016603e+04 2.981955746246967465e+04 5.358746485959272832e+04 2.813248183985712240e+04 5.074784450698643923e+03 2.651657785347208846e+04 2.647678671055473387e+04 -1.595368449925445020e+03 2.410723571666167118e+02 -2.204203536733984947e+04 -7.581656235968694091e+04 -1.241209812654414854e+05 -1.781575013615656062e+05 -2.593935767258519772e+05 -3.684146285778843448e+05 -4.587530125566989300e+05 -5.691569435194830876e+05 -7.055762943142324220e+05 -7.053248417668500915e+05 -6.137284530902977567e+05 -5.528041841852255166e+05 -4.953335010085720569e+05 -4.212218150071562268e+05 -3.211525982595044188e+05 -2.337341142416694202e+05 -1.269396116671855561e+05 2.247244584187851287e+05 2.319996871472692583e+06 6.418519125672161579e+06 7.370658373817569576e+06 3.531282892457118258e+06 4.437740320281600580e+05 -3.227074790006736293e+05 -6.993684153066715226e+05 -1.012115277405246161e+06 -1.433760220171537250e+06 -2.423519016605565324e+06 -3.229280495952107944e+06 -2.517759663614558056e+06 -1.169896032078547403e+06 -5.137107615912086330e+05 -3.567735227843517787e+05 -3.560017967590832850e+05 -4.098815925011865911e+05 -5.224995897564820480e+05 -6.065465363895038608e+05 -6.059989623993049609e+05
9.937912927533022594e+04 -6.097840554371941835e+04 -1.427635919774184003e+05 -1.171698339906288311e+05 -1.197986296640010551e+05 -1.459355580230475171e+05 -1.447687134647276253e+05 -1.247644313849741593e+05 -1.007708505599293858e+05 -7.912630901206284761e+04 -7.838462717190850526e+04 -7.642339077603537589e+04 -2.905910280765965581e+04 2.444153502758126706e+04 9.787117163883522153e+04 1.450656925630755723e+05 2.171969319914933294e+05 3.345283946127163945e+05 4.334989042789672967e+05 5.082041755464159069e+05 5.142834435281102778e+05 4.828021043050100561e+05 4.459699672204450471e+05 3.793188571400241926e+05 3.027371160889740568e+05 2.767841922736259294e+05 2.372590918594504474e+05 1.639640005730328849e+05 1.227127234113867162e+05 1.288417449023108929e+05 1.155927765549859032e+05 6.472688689536857419e+04 6.850236241123662330e+04 7.037437324470374733e+04 1.791029770683939569e+04 1.251133319747168571e+04 1.521146382886222564e+05 4.784109236492086202e+05 1.334836778113964014e+06 2.118479165866150521e+06 1.464041970188259613e+06 1.570656584983277135e+05 -4.380492746218792163e+05 -5.215841433103210293e+05 -4.941583824332347140e+05 -5.215289559512152337e+05 -6.609761447034562007e+05 -7.718314146168970037e+05 -8.250583498796736822e+05
-2.911065353150478331e+05 -2.500800742837600119e+05 -2.057071824290323129e+05 -1.547351530625018931e+05 -1.068656570505117998e+05 -1.069986982125555805e+05 -1.053109438670798845e+05 -3.502018075960214628e+04 -1.079050028056366864e+04 -6.388293234922455304e+04 -6.241889878176148341e+04 -1.045338729512882128e+04 1.189259297389069980e+04 1.529167861503083259e+04 1.142908328387420624e+04 -1.853710460418376897e+04 -2.358378075878143136e+04 4.036988790554458683e+04 3.457184895698443870e+04 -2.042619755375197565e+04 8.693877100013094605e+03 5.135888003860601748e+04 8.905817582388424489e+04 1.235091703309443983e+05 1.236149070877581107e+05 1.479580063617320557e+05 1.849212946649640216e+05 2.153604443714724912e+05 2.780534611426989431e+05 3.363128028268693015e+05 4.017307020339645678e+05 4.303970890899659134e+05 4.619409007387021556e+05 5.702034516911946703e+05 5.993043946701795794e+05 5.709419243782754056e+05 5.805914316524288151e+05 5.633018609345899895e+05 4.618270201468840241e+05 2.306556729902508669e+05 -2.036584470189176500e+03 -1.914178203506157734e+05 -4.383874845941308886e+05 -6.544640013773478568e+05 -8.950545106694335118e+05 -1.592868380637951661e+06 -5.675575249193392694e+06 -1.230557387302504480e+07 -1.847602284601049125e+07
2.348361949517858448e+05 2.262922617944423109e+05 1.716543839417864801e+05 9.888913871662237216e+04 9.758264967997092754e+04 9.832857674336992204e+04 5.103825112222693861e+04 -2.683538069831905887e+03 -2.816523151123197749e+03 1.977388342842459679e+04 -2.790534892352297902e+04 -5.071448793576564640e+04 -2.798976485792081803e+04 -4.907124127435963601e+04 -7.815692856092937291e+04 -5.794182916521094739e+04 -3.754034276993479580e+04 -7.444642459799058270e+04 -1.056101053388555301e+05 -1.101201901561580598e+05 -8.129778699018049520e+04 -3.933965059404715430e+04 -5.326400725753058214e+04 -4.505837850447290111e+04 5.300772372866165824e+03 3.072529002092778683e+03 -1.222170110850117635e+04 4.260151867580146063e+04 7.806737923354364466e+04 8.336554325127520133e+04 1.207707698427838041e+05 1.216064770298543153e+05 1.509134875552268932e+05 2.046291834244036581e+05 2.315695106406928971e+05 3.051752842246785294e+05 3.650816315488193650e+05 4.248195647576367483e+05 4.536936889187195338e+05 4.072258333122581244e+05 3.602664772246503271e+05 1.575801328057749197e+04 -9.141805882152379490e+05 -2.929785209359851666e+06 -6.471036981983335689e+06 -9.335679850649295375e+06 -5.250753661095480435e+06 4.008550167641864158e+06 1.289864902820253000e+07
-7.184893163037463091e+04 -3.131261905073199887e+04 -1.131635090336191934e+04 -9.541843075421638787e+03 -1.118077399034518749e+04 -1.049094060668721795e+04 -8.741094712167978287e+03 -3.777197808609355707e+04 -3.860148787498485763e+04 -1.682487518817652017e+04 -6.418518705351755489e+04 -1.127016146387904882e+05 -1.153951242711627274e+05 -1.364766583452000632e+05 -1.919376525521510630e+05 -2.479999722715003300e+05 -3.030314567161259474e+05 -3.411978409159927396e+05 -3.744321463379309280e+05 -3.807479888095984352e+05 -3.295362856343851308e+05 -2.908008057012920035e+05 -2.573345642263307236e+05 -2.265321245248196647e+05 -1.781886158179256599e+05 -1.321910870028659701e+05 -1.241557051893323660e+05 -9.649396563589130528e+04 -6.281985817418922670e+04 -3.383884604438208044e+04 -2.383981166523881257e+04 -2.457174750044941902e+04 2.853154999320162460e+03 2.915757058828626759e+04 2.864189807558432221e+04 2.270421172375790775e+04 2.841708059015218168e+04 3.317163852392695844e+04 8.536143713688920252e+04 1.145827330753668211e+05 9.208554911252600141e+04 1.671053893532368820e+05 3.447959602012987016e+05 7.941450201370796422e+05 1.383039204860688420e+06 1.180746223298480269e+06 -3.398239638715260662e+04 -1.119901934971558861e+06 -1.754135830905264243e+06
-6.725086694350466132e+04 -2.711710657691583037e+04 -7.458432176499627531e+03 -6.206835722550691571e+03 -8.468604228692129254e+03 -3.271799463022034615e+04 -3.168838952085934579e+04 1.196754892938776175e+04 3.499116233084356645e+04 7.325823027058504522e+03 8.749911282793676946e+03 8.252851620840368560e+04 1.291307029046583630e+05 1.332831131265265285e+05 1.770110170845873072e+05 2.454999874334318447e+05 2.914955226663734065e+05 3.302511495491488604e+05 3.250027616275473265e+05 3.223704849183558836e+05 3.524586781061948277e+05 3.700587010121670319e+05 3.572398914408411365e+05 3.168190291954670101e+05 3.186345832294318825e+05 3.175635033962316811e+05 2.531116283807202708e+05 -1.450659251143226866e+05 -1.348179920343095902e+06 -2.108654454997739289e+06 -1.198498329099387396e+06 -1.930695697851465666e+05 -1.488043166929867584e+04 3.677667937590717338e+04 6.165201285562932026e+04 4.697024429333629087e+03 1.019934020296216477e+04 1.425346676085609943e+04 -1.194327883655205369e+04 -3.569796320341981482e+04 -1.637174319929920603e+05 -5.344715131702818908e+05 -2.351091052407857962e+06 -6.724221010205254890e+06 -7.030692952863208018e+06 1.429475205538325012e+06 8.753562670450219885e+06 9.578114926901165396e+06 8.464819954505467787e+06
-2.785794796270782826e+05 -1.901868300850037485e+05 -1.220264062378555536e+05 -1.450877162336837500e+05 -1.960823299299227074e+05 -1.719692273682448431e+05 -1.472815549408551306e+05 -1.773409656295555178e+05 -1.795693140092772665e+05 -1.349507010431261733e+05 -1.344149260257837595e+05 -1.110054452804618049e+05 -6.568945337377942633e+04 -6.260504108737222850e+04 -4.537781159626320004e+04 -2.802059356297831982e+04 -8.306339246919378638e+03 3.713654744205996394e+03 -3.716738675138913095e+03 -8.617286809021607041e+03 1.913541480782441795e+04 8.376774100004718639e+04 9.348435912572336383e+04 5.110004308575310279e+04 5.094724339141976088e+04 1.230552593228637706e+05 1.824356689368141815e+05 5.145830422494336963e+05 1.738352493195557036e+06 2.559786456989821978e+06 1.622302381347402232e+06 5.930590668448708020e+05 3.957634487899509259e+05 3.482379630464124493e+05 3.245139964175177738e+05 2.440256592223886400e+05 7.187557029479602352e+04 -2.315510981011907570e+05 -9.798222652974049561e+05 -2.996439768251722213e+06 -7.180669987011970021e+06 -1.092513341294893622e+07 -7.901790102928039618e+06 2.707017968741189688e+06 9.980640311713226140e+06 7.146021312275532633e+06 2.255845282757647336e+06 7.436478061258106027e+05 3.833542865555359749e+05
1.155469630303557497e+05 2.033016582188426983e+05 2.952268574648767244e+05 3.204809118498815224e+05 2.940890420571668074e+05 3.427790701144838240e+05 3.919519410835345043e+05 3.631386908824787242e+05 3.621250535000583041e+05 3.838372825802069856e+05 3.620200883212966146e+05 3.623513996129623847e+05 3.610161072894696845e+05 2.934598114335675491e+05 2.629950477246892406e+05 2.815147395565874176e+05 2.545822234486697125e+05 2.196205518394707469e+05 1.890847896860212786e+05 1.614892439794493839e+05 1.412561899895082461e+05 1.318991026963340119e+05 1.412924516201021615e+05 1.242402287136064842e+05 1.252398388751319144e+05 1.224331806099507958e+05 8.152108069800306112e+04 6.065687874332070351e+04 4.492617227835580707e+04 2.394376159296371043e+04 3.407981714874017052e+04 3.313949769595614634e+04 -4.054387094045500271e+04 -9.047499796201009303e+04 -1.425115987076426391e+05 -3.520268791355185676e+05 -1.060776094310569810e+06 -4.327009820467218757e+06 -9.749695597186785191e+06 -9.183455778773615137e+06 4.743617231236398220e+05 9.437378425023628399e+06 1.036090858523265459e+07 6.216878703492682427e+06 2.473868540303098969e+06 5.389288857154301368e+05 -5.826077680767099373e+05 -1.210040642889792565e+06 -1.572594840356005356e+06
2.447677104390460299e+05 9.418187011906399857e+04 -2.797736126580263954e+04 -2.569034796324558556e+04 -3.454167766030877829e+03 -4.994590570859145373e+04 -4.889220964978449047e+04 -2.977619612531259190e+04 -3.124921919777989388e+04 -3.406375313003081828e+04 -5.638639702519867569e+04 -8.168484964582615066e+04 -5.984206921129941475e+04 -3.159543401445262134e+04 -3.992994962260127068e+04 -4.734853301371913403e+04 -7.481967021361936349e+04 -8.651672470325138420e+04 -7.014127979171462357e+04 -7.457427308079780778e+04 -7.183135501516511431e+04 -5.924916299583850196e+04 -5.249409814656252274e+04 -7.130195734265720239e+04 -4.694703412766073598e+04 -2.699400296027300647e+04 -6.956226629961747676e+04 -1.163448375277222949e+05 -1.336047479975968599e+05 -1.563882611744339811e+05 -3.223057144193437416e+05 -5.755052030563839944e+05 -1.003861984310208587e+06 -1.913780517308620270e+06 -3.488845382548755500e+06 -5.440684837330475450e+06 -5.989927102946089581e+06 -1.800365580310465768e+06 6.200210052282760851e+06 9.385089337282672524e+06 5.289778510308807716e+06 1.432244004477989161e+06 4.595290543267023750e+05 2.808452083077284042e+05 2.853304149687760510e+05 4.166213346458959859e+05 6.232192624668842182e+05 7.573983388120515738e+05 8.179498064465448260e+05
-1.225972512271243613e+04 -1.946449071867391467e+04 -2.200563977006811183e+04 -1.969169208605296444e+04 -2.135940651409327984e+04 -4.383766494342125952e+04 -4.294984813022892922e+04 -2.398192499415017664e+04 -4.947857871651649475e+04 -7.626676618237968069e+04 -5.083584821841213852e+04 -2.861217636440414935e+04 -5.460976463044062257e+04 -5.034177234105300158e+04 -5.932327932445332408e+04 -6.701255242747720331e+04 -4.604567846457939595e+04 -8.173366205883212388e+04 -1.138462434260872542e+05 -9.424897227901959559e+04 -6.756592393445299240e+04 -5.564823226188303670e+04 -4.960194156912632752e+04 -9.310771691903920146e+04 -9.333478627318952931e+04 -2.492822072934370954e+04 -4.339329759066473343e+04 -8.986015233851518133e+04 -8.250622485065838555e+04 -8.030979189788925578e+04 -1.460363114642674918e+05 -2.981592160533195711e+05 -5.736079512781013036e+05 -1.277651398075392470e+06 -2.365436328940560576e+06 -2.161332169484815095e+06 1.427009840105958283e+05 2.086292182390465401e+06 2.124650894419174641e+06 1.355756472378849052e+06 7.061155187879912555e+05 2.989524932112563401e+05 3.817165299085890001e+04 -1.429466058168336749e+05 -2.960667653824201552e+05 -4.539970537042232463e+05 -6.172340046416519908e+05 -6.967880764888813719e+05 -6.927692567644272931e+05
-5.109077602217427921e+04 3.673532503249589354e+04 8.205777020601101685e+04 6.084190532681532204e+04 5.923343091621063650e+04 8.454040604527108371e+04 8.540699922828935087e+04 5.706292239599861205e+04 8.014646063093212433e+03 5.355776998912915587e+03 3.089225170260749292e+04 2.902533875021606218e+04 3.638625117600895464e+03 -6.338712287484656554e+04 -7.287671072815998923e+04 -5.702188366674829740e+04 -1.073021343600703403e+05 -1.425969921384239569e+05 -1.749740093183935387e+05 -2.279079364071366144e+05 -2.745446657197310706e+05 -3.133052031981059117e+05 -3.827696042542818468e+05 -4.527923688653388526e+05 -5.772375383804321755e+05 -7.810677816777017433e+05 -9.519286294229094638e+05 -1.201317829301699065e+06 -1.595922761606051121e+06 -1.975331386116450187e+06 -2.328370557199230883e+06 -2.548707811578647699e+06 -2.148024113300500438e+06 -5.719425316044399515e+05 2.321322019390070811e+06 4.713472992094461806e+06 4.351437878293793648e+06 2.398565022627594415e+06 1.103281921786839375e+06 6.317167644511193503e+05 4.595887262420732295e+05 4.074948004633195815e+05 4.031217295589146670e+05 3.784797698678452289e+05 2.808327736717194784e+05 1.274760275240985211e+05 -8.279473909526271746e+04 -3.393560945050527807e+05 -5.904932510998253711e+05
-3.979159429261920741e+04 -1.403235238412162871e+05 -1.888747867691563442e+05 -1.867308721051085449e+05 -1.653830214904155582e+05 -1.170833290508016944e+05 -1.173050246387719817e+05 -1.227798547048587352e+05 -7.821300887793776928e+04 -5.807870701479257696e+04 -5.713155567587821133e+04 -6.047304356994574482e+04 -6.266732199233955180e+04 -3.508026171533853631e+04 -2.223157174827063864e+04 -5.472409242705919314e+04 -8.082639525644484092e+04 -4.430694774840955506e+04 -2.899502951360773295e+04 -8.143537056632337044e+04 -7.967639672977384180e+04 -4.655977678252384067e+04 -4.331567718007141957e+04 -3.925781760830426356e+04 -1.507704877876664978e+04 3.568122705910413060e+03 -1.607489591755444417e+04 -3.810420299065310974e+04 -6.845885519287723582e+03 4.407546252245089272e+04 2.869555701676307945e+04 -2.306692003796360223e+04 1.841214240994013380e+03 5.107270416454406222e+04 4.970582505629857769e+04 4.420739885244984180e+04 2.349734223447728436e+04 -3.865017613861709833e+02 -2.848437901062413584e+04 -5.413662031118274899e+04 -1.053559613158000866e+05 -2.120699546323156683e+05 -2.461974163801635732e+05 -2.251027311815418070e+05 -3.014075556240277365e+05 -4.334168898808989907e+05 -6.992048707790703047e+05 -1.111094533081625588e+06 -1.515831941254415549e+06
3.153574012452735333e+05 2.621403792873025232e+05 2.374486138578503742e+05 2.163776273780967749e+05 1.910935122490627691e+05 1.693387282954062684e+05 1.226138513773912564e+05 1.414902487915244419e+05 1.395766417577399407e+05 6.614384666027023923e+04 9.153600223362457473e+04 1.125096832809506450e+05 8.777384207991417497e+04 1.163616274169179378e+05 1.061595700791802956e+05 7.472246155841276050e+04 9.776130588084924966e+04 1.357960939651820809e+05 1.287104550586082041e+05 1.019508483784738928e+05 1.052051058883082587e+05 1.152168789965801407e+05 9.501046339282789268e+04 5.184297832602169365e+04 4.647901291027665138e+03 -9.754786570731038228e+04 -3.607408416731057223e+05 -1.066329909570051357e+06 -2.578917682527675293e+06 -4.427606215089910664e+06 -4.668886690641521476e+06 -2.569996546952161472e+06 -8.064504575392417610e+04 1.373565974110968411e+06 1.926583016072399914e+06 1.935739297583350912e+06 1.681053336790644564e+06 1.395696477259628242e+06 1.178524457958992571e+06 9.614572808559725527e+05 7.675142267451162916e+05 6.426555420272066258e+05 5.646093686716615921e+05 5.160519341722836252e+05 4.203311599278835929e+05 3.196735261130370200e+05 2.138280111679338734e+05 3.803734846587921493e+04 -1.575444741215321701e+05
1.139711944927693112e+05 1.081963304564123973e+05 8.393199091427947860e+04 8.585393097833741922e+04 1.302642891003051773e+05 1.550548008165787905e+05 1.545066245633643121e+05 1.491856229794211686e+05 1.465081633703085245e+05 1.433114967896835296e+05 1.445047012320720532e+05 1.172416992858053709e+05 9.224579770700071822e+04 7.280172078055328166e+04 3.750252571888266539e+04 5.257901083503391419e+04 4.108209278783921036e+03 -1.012665814696810849e+05 -1.339386422379174619e+05 -1.865832987864268362e+05 -2.815946319763311185e+05 -3.956449084862835589e+05 -5.648706001049152110e+05 -7.816958690760649042e+05 -1.076108222270268714e+06 -1.452323523138765013e+06 -1.701175489647429902e+06 -1.395016282977888361e+06 1.364719952805847861e+05 2.628362473100428935e+06 3.900621937551767100e+06 2.942225624746640213e+06 1.415122252755690366e+06 5.634926521760651376e+05 2.450759379606456496e+05 4.324784632539423183e+04 -1.509037699352486525e+05 -2.261966593965194188e+05 -3.063251289300385397e+05 -4.846669864759303164e+05 -7.400079764489809750e+05 -1.404672115157589316e+06 -3.289687355578634888e+06 -6.631451019818806089e+06 -8.583554143347444013e+06 -6.295316521454934962e+06 -1.899204946384983137e+06 1.070471244467172772e+06 2.762149906292289495e+06
2.154413399449548742e+05 2.104918955173343711e+05 1.873337222443660139e+05 1.899723417335189879e+05 2.115676366572733968e+05 1.667856198077787994e+05 1.431801132555119111e+05 1.619638347765431972e+05 1.361701808508952381e+05 1.100219741888575954e+05 8.800523739075288177e+04 6.067325376847293228e+04 3.629193192347884178e+04 -6.479868819587863982e+03 -4.236868255189619958e+04 -7.476894215215009172e+04 -9.845503082440700382e+04 -1.317756008292780025e+05 -1.640768688381649554e+05 -1.683607419050531462e+05 -1.674550104880469153e+05 -1.863942799362121732e+05 -2.117278089321920997e+05 -6.672235850850098068e+05 -5.804380558684952557e+06 -9.477568692707573995e+06 -3.028795761975318193e+06 2.752667260735184886e+06 3.188381700881288387e+06 3.137548997833507136e+06 2.704424720187672414e+06 2.108275831757929642e+06 1.558996484966489952e+06 1.102761765994364861e+06 7.637452674482474104e+05 5.414557778561722953e+05 3.260301223583513056e+05 1.046190379402834806e+05 -2.724051161797238747e+05 -1.025220994657717529e+06 -2.236433743149401620e+06 -3.639262150839786977e+06 -3.521647611176003236e+06 -6.611985726745333523e+04 3.904974189393683337e+06 4.105933888803108595e+06 2.046571017256933264e+06 8.669618215458483901e+05 4.232347671687440015e+05
3.617402344784931047e+05 2.635364527878118679e+05 1.940648374083684757e+05 1.968033158686012030e+05 1.949732396384933963e+05 1.738138404599158093e+05 2.205176156898960471e+05 2.395023400860372931e+05 1.902947996510193916e+05 1.878996694559463067e+05 2.132064648449887754e+05 2.567593577469233423e+05 2.804822507698554546e+05 2.386403034755494446e+05 2.507198460708602797e+05 2.432772450475022197e+05 1.269292371085614432e+05 -1.183239562495145947e+05 -1.054929531649103854e+06 -4.186918464227926917e+06 -7.928530770812052302e+06 -7.435724785350602120e+06 -3.624635841769056395e+06 -5.285318847798071802e+05 5.776226906004033051e+06 1.037198998504550941e+07 4.800566223950567655e+06 -1.924262216506762197e+05 -1.881653006788108905e+05 -2.126799458399181894e+05 -2.292926314868962509e+05 -2.346921370149360737e+05 -2.124050096981237875e+05 -2.145419326430418296e+05 -2.184691245900465874e+05 -2.257577474985735025e+05 -2.984326279000381473e+05 -3.263783164304920938e+05 -3.334607653692360036e+05 -4.877196248393724672e+05 -8.182361516589329112e+05 -9.791463907592718024e+05 -1.197409212938463315e+04 1.697492476219204487e+06 1.962143889236621093e+06 3.780031301872793119e+05 -1.046283263157243142e+06 -1.252197585828834446e+06 -9.436034062655875459e+05
4.088544193189591169e+04 3.695942462189123034e+04 1.487879264052028884e+04 -2.947255086561197822e+04 -5.513372498098760843e+04 -5.318572564458008856e+04 -5.425904665142296290e+04 -5.944462060113441112e+04 -8.630180092179214989e+04 -1.368941342289326130e+05 -1.600601273094071657e+05 -1.656520325707970769e+05 -2.380632633692584059e+05 -3.533373231632866664e+05 -5.103953774174440769e+05 -9.008343464758956106e+05 -1.781924483726615552e+06 -3.081590259437797125e+06 -3.269344037572735921e+06 2.880201557901455089e+05 5.370333806438125670e+06 5.944049466453135014e+06 2.810772889244840480e+06 6.469560765806837007e+05 -1.169503329339215998e+05 -7.507204171741595492e+05 -1.380722453382332344e+06 -1.652924085262933047e+06 -1.342362255909248255e+06 -7.429419833328559762e+05 -3.491179907973859226e+05 -2.095904778671684908e+05 -2.611521567584722070e+05 -5.827251249103560112e+05 -1.623042136442384915e+06 -3.858718058710211888e+06 -5.759076769237290137e+06 -5.257722565802988596e+06 -3.145760553872099146e+06 -8.356561538256909698e+05 1.775969822207715362e+06 4.564200262202644721e+06 5.846976814185602590e+06 4.605620891004215926e+06 2.854542649806254078e+06 2.598137256818001159e+06 2.838524876652522478e+06 2.476747448490349110e+06 1.889199613731424324e+06
-1.879845336952713551e+05 -9.754801939823664725e+04 -2.539300715550791938e+04 -2.322903843945823610e+04 -4.942142561660148203e+04 -7.134643749799579382e+04 -9.661148701445187908e+04 -1.258267208404142875e+05 -2.005667274806180503e+05 -3.463051491806982085e+05 -5.829687599715550896e+05 -8.974576851213353220e+05 -1.303240283211925765e+06 -1.753721304664504249e+06 -1.987170627104350366e+06 -1.671989943934604991e+06 -5.864503343618726358e+05 1.230324774782056920e+06 2.722376420333747752e+06 2.631401405800133012e+06 1.544779178170136875e+06 7.422974197915741242e+05 4.075311508402237669e+05 2.912900709360837936e+05 3.417021106602625223e+05 6.498210058617393952e+05 1.089371640179888811e+06 1.169411585906638997e+06 6.477108068577960366e+05 -1.977577592455800623e+05 -9.193253373337195953e+05 -1.441906709363106638e+06 -1.966060694689519703e+06 -2.347417644945670385e+06 -1.996970876254488016e+06 -2.169160204834821634e+05 1.807009454409128753e+06 2.013069433419154026e+06 1.129796323953779880e+06 5.641397014306843048e+05 2.920149589236823376e+05 1.899046405765697127e+05 1.847259874985315255e+05 1.581724050344202551e+05 1.363492910482457373e+05 1.081800965836734395e+05 4.985538427717966260e+04 2.767528345459126285e+04 3.874624365591350943e+04
-1.122432359855155810e+05 -1.621603817481082515e+05 -2.538852954574393807e+05 -5.343158979056170210e+05 -1.126667951717972755e+06 -1.762570956909912406e+06 -1.883951679219607729e+06 -1.490287177725695074e+06 -1.071616196788964793e+06 -7.707769864320284687e+05 -4.894714905886207707e+05 -1.194806504208827391e+05 3.746823971730186604e+05 8.982085023081158288e+05 1.334785764514817391e+06 1.517844773126999382e+06 1.428226455099067185e+06 1.162678794635575730e+06 8.486481177306266036e+05 6.336842665710716974e+05 4.936232199642102350e+05 3.541589174064570107e+05 2.316251870052660233e+05 1.861519310344009718e+05 1.399961631494804460e+05 3.685768714814929990e+04 -3.475199362961581210e+04 -1.306254273129163776e+05 -3.212417725438711350e+05 -6.389611309173058253e+05 -1.144684840581611032e+06 -1.791358399406896438e+06 -2.292972143192318268e+06 -2.111695932549774181e+06 -1.072089162453191355e+06 2.196100989665109664e+05 1.111125823900802992e+06 1.387214995777469594e+06 1.167653889347566757e+06 8.250393519719343167e+05 5.542544743872715626e+05 3.540212636900844518e+05 1.998603714437917806e+05 7.294025017472426407e+04 5.052796227624593303e+04 9.710535300720925443e+04 6.329814076074375771e+04 -3.461435456585511565e+04 -1.242082303244387731e+05
-8.187080419482660946e+05 -7.744263435201720567e+05 -6.541926139889983460e+05 -3.691056181216845289e+05 2.178051644488004968e+05 8.804340040381065337e+05 9.737509110529205063e+05 5.444977285707133124e+05 1.872208963322922064e+05 1.866396977915425668e+04 -9.910908762889463105e+04 -1.050477870355827326e+05 -8.212360998964865576e+04 -1.026276949362363666e+05 -7.005975802836468210e+04 -3.175269005179870874e+04 -5.668620995129516814e+03 3.451021074084559223e+04 7.416283414873754373e+04 1.667038817302090756e+05 2.155340278137006098e+05 2.171802288462641009e+05 2.845566919440175989e+05 3.348250243742948514e+05 3.377659867011242313e+05 2.834910700196633697e+05 9.140703149954724358e+04 -4.649515210412219167e+05 -1.654383538229736034e+06 -2.952909500071547460e+06 -2.909278235528037883e+06 -1.098700909870667849e+06 1.070267131063155364e+06 2.325116121686294675e+06 2.507271328073691577e+06 2.074856796849053819e+06 1.499100320942232385e+06 9.622245345287972596e+05 6.411705385841196403e+05 4.932902132137664594e+05 3.193315195216562133e+05 2.177648051833973732e+05 2.133533883414925076e+05 1.617466231633438729e+05 1.151000391063285060e+05 1.365249480825150385e+05 1.273303415102413855e+05 8.063081275613559410e+04 4.300846158585045487e+04
-3.585071774956304580e+04 -3.820532403362449259e+04 -5.896637752186506987e+04 -8.037767423375067301e+04 -8.310588342603296041e+04 -5.759084779827389866e+04 1.142461318406276405e+04 5.352068165258970112e+04 4.950356117624323815e+04 9.331565139640588313e+04 1.647116784128595609e+05 1.824036133941264125e+05 2.060078422806691378e+05 2.333269741735419957e+05 1.710942062642424135e+05 9.108371474314481020e+04 9.420351410808507353e+04 3.957161056634504348e+04 -8.802569157443940639e+04 -1.635954597650561482e+05 -2.362426398345265770e+05 -3.580696034908762667e+05 -5.110963019501660019e+05 -6.579912683391005266e+05 -8.051893661462236196e+05 -9.143324505275809206e+05 -8.715036552498340607e+05 -3.659940340620242059e+05 1.020746506426362321e+06 2.753927277835320681e+06 3.412422681655151770e+06 2.718263952611013781e+06 1.730309880463764537e+06 1.152589712977642193e+06 9.115513867273684591e+05 7.409369595319726504e+05 5.764634151855721138e+05 4.289383608300713822e+05 2.273786081006983295e+05 1.565690770512446761e+03 -1.762763164489306509e+05 -3.565090578282251954e+05 -6.153782573831244372e+05 -8.233602626353991218e+05 -8.768835462536672130e+05 -8.629153038153867237e+05 -7.533192573382994160e+05 -6.023015010455851443e+05 -4.901592089718775824e+05
-1.502948034642030834e+05 -1.042303153668763116e+05 -5.276550005830358714e+04 -2.616520839044824243e+04 -4.504510939586907625e+03 2.186210183775980840e+04 -3.471177371102385223e+03 1.587311166746087838e+04 5.991358131286691059e+04 5.697795226529706270e+04 8.150239854352563270e+04 7.560903503035672475e+04 5.228047236392740160e+04 5.577719973167404532e+04 6.471409984515042743e+04 5.653575704316608608e+04 1.304817592666955898e+04 -1.647973532788455486e+04 -4.799075258662918350e+04 -9.885823947784950724e+04 -2.196806036768242484e+05 -4.160151666763707181e+05 -6.684864627569925506e+05 -1.059279900752588641e+06 -1.401885487358085811e+06 -1.465269656200543279e+06 -1.157470597199279349e+06 -4.809675894014080986e+05 1.770210062159444205e+05 5.921206127177001908e+05 8.501466582796995062e+05 9.709696329687745310e+05 9.740813214826667681e+05 9.047475040209245635e+05 8.075549515942106955e+05 7.091103334800573066e+05 6.419937418238256359e+05 5.924703420948947314e+05 5.649244147154965904e+05 5.645786427985860500e+05 6.146775143861318938e+05 6.899298842839209829e+05 7.141450393217364326e+05 6.908507829165323637e+05 6.225332408229606226e+05 4.952437390404506586e+05 2.593606151570556685e+05 3.638653868692973629e+04 -1.013205432740487158e+05
2.091926950146442978e+05 3.035110171814449714e+05 3.794882274774134858e+05 3.588744506536748959e+05 2.857244631397770718e+05 2.889827300171600655e+05 2.880897908401675522e+05 2.128318825794851873e+05 1.382186776812886819e+05 8.811209378472995013e+04 1.739649193303170614e+04 -1.080888507474446669e+05 -2.752307972055859864e+05 -4.884087438625282375e+05 -7.691412998794110026e+05 -1.043722649467527750e+06 -1.210137527610059362e+06 -1.266940565584226977e+06 -1.230053784330375027e+06 -1.092064586187479552e+06 -8.548222658777369652e+05 -5.232476462062904611e+05 -9.984554291062522680e+04 4.803133667900678702e+05 1.114066389923683368e+06 1.473877284196204506e+06 1.477984029680955224e+06 1.240926941200161818e+06 8.828537476371279918e+05 5.936337865324453451e+05 4.368423172092299210e+05 3.600332229834751924e+05 3.113077015191097744e+05 2.386030070530250669e+05 2.118326523411090020e+05 2.587908635073106270e+05 2.881367056950693950e+05 2.857174472470076289e+05 2.807790687773374375e+05 3.283581141434831079e+05 4.015663089742893353e+05 4.004588097863607109e+05 4.233141309203337878e+05 4.986937279149433598e+05 5.300247087125908583e+05 5.534789413755047135e+05 5.197216113639296964e+05 4.244330321048614569e+05 3.390307396318484098e+05
-2.645671021449378459e+05 -1.692139844107441604e+05 -9.256504943012259901e+04 -6.598879142955411226e+04 -4.445834365906193852e+04 -4.206388691382005345e+04 -6.813949552539270371e+04 -4.877269541320856661e+04 -4.940174405346624553e+03 3.973633806279394776e+04 8.790400898491509724e+04 1.534986296074930578e+05 2.744456960295791505e+05 3.980393856298177270e+05 5.516786603484067600e+05 7.616977682203294244e+05 8.894568688079019776e+05 8.874171299813311780e+05 7.624787669040957699e+05 6.182140286912906449e+05 4.998466607055158820e+05 3.283250829111780040e+05 1.980217158450982533e+05 1.497916880657430738e+05 7.957787273218808696e+04 -1.607673151302151382e+03 -2.804617697256617248e+04 -3.267923619714565575e+03 -1.415924321045167744e+03 -2.604076552670449018e+04 -3.811826506222086027e+04 -4.412798427627421916e+04 3.663582052686251700e+03 2.803235598723357543e+04 -2.539013242290774360e+04 -2.878846823005005717e+04 -1.044064232264645398e+03 -5.997455425094813108e+03 -3.841239944682456553e+04 -9.364030093245673925e+04 -1.741717301093752030e+05 -3.299131341109748464e+05 -5.133402931044097058e+05 -6.461339658859670162e+05 -6.724678573268478503e+05 -5.553952057240515715e+05 -3.426840129733313806e+05 -1.372234168293664698e+05 2.979187082208506763e+04
7.715582447592145763e+04 7.738275857875123620e+04 5.864089659648004454e+04 3.707778240437619388e+04 3.472252817882690579e+04 3.738427824340760708e+04 5.958420036477036774e+04 5.543352011532988399e+04 2.709406886599038262e+04 7.253689803066657623e+04 1.212439973710570484e+05 9.048425032640818972e+04 6.739292399259278318e+04 1.187071388773619547e+05 1.514213209616718523e+05 1.439359492814402038e+05 1.503727394406451494e+05 1.713066876179072424e+05 2.136264051595934725e+05 1.877656705363187066e+05 1.635273722297276545e+05 1.824452853185356362e+05 1.214139623707162682e+05 4.683648528705822537e+04 -4.922147272736794548e+04 -1.813134361349508981e+05 -2.589967496460303373e+05 -3.591944886278367485e+05 -4.090065910981502384e+05 -3.123127015290079289e+05 -2.265375225309980451e+05 -1.844674049952301430e+05 -1.129671458923264872e+05 -1.473828012065519579e+04 8.032465521886490751e+04 1.268841907102614059e+05 1.300584043696289882e+05 1.501853934401881997e+05 2.436287272552722716e+05 3.401791349024269730e+05 4.128474368073523510e+05 5.883771056815747870e+05 8.144152269896564540e+05 9.931157003249997506e+05 1.027039474492778536e+06 9.256333169777619187e+05 8.163744090561531484e+05 7.219261412526234053e+05 6.378237103839516640e+05
5.675634379149408778e+04 -8.888074814225547016e+04 -1.559685165825067670e+05 -1.042961269448278472e+05 -1.065569662296911702e+05 -1.526325359329348430e+05 -1.302821851510088891e+05 -1.342139945039526792e+05 -1.385244832572062733e+05 -1.416334706317866221e+05 -1.661595535220114980e+05 -1.730837363365573110e+05 -2.208916196058271453e+05 -2.433877000882057473e+05 -2.356415951042436063e+05 -2.681428083387438674e+05 -2.865328517503803596e+05 -2.905804770090617239e+05 -2.738417499390197918e+05 -2.033501982956656720e+05 -8.257416403852426447e+04 5.652905225870246068e+04 2.142697151296313386e+05 4.092082723946070764e+05 6.336747414286949206e+05 8.479935161292081466e+05 1.019924982562079094e+06 1.146532195116162533e+06 1.126767925886088051e+06 1.031996624991879333e+06 9.508435451710827183e+05 7.746923726651584730e+05 5.273931656178347766e+05 3.300858302082633600e+05 1.774576400482323952e+05 -3.452944161836057901e+01 -1.727782592625590041e+05 -3.555260284914406948e+05 -4.911432301078455057e+05 -5.242916928330655210e+05 -5.320554740738598630e+05 -4.619371663784855045e+05 -3.927520477550559444e+05 -3.727650953090057010e+05 -2.953939388733133674e+05 -2.012556546775152674e+05 -1.397004499431933509e+05 -1.368768540810554405e+05 -1.725410788465493824e+05
5.993963282438926399e+04 1.107826285168994218e+05 1.174810536880977452e+05 7.092783896543557057e+04 6.867029429180547595e+04 7.160017537826206535e+04 2.029018684115726501e+04 -3.256046430789871374e+04 -8.610764109180303058e+04 -1.382657643547281041e+05 -2.122257923916915897e+05 -2.930124996072846698e+05 -3.654553305741862860e+05 -4.376812739518935559e+05 -5.038399388204561546e+05 -5.608612373360670172e+05 -5.047181535413260572e+05 -3.598965852643593680e+05 -1.943903885968027171e+05 -2.403913453919813037e+04 9.774099108413746580e+04 2.369207727839238942e+05 3.700326838390906341e+05 4.174540347978470381e+05 4.450242551951666828e+05 4.363805074745323509e+05 3.835560207517115632e+05 3.835845122492180672e+05 4.095486211648675380e+05 3.853044756141023245e+05 3.507965983427127940e+05 3.702137410873555928e+05 4.194290081405794481e+05 4.958513329055854701e+05 5.434181337850166019e+05 5.680836739507501479e+05 6.996683789708189433e+05 7.978274467540918849e+05 8.192378852498945780e+05 8.434910853108135052e+05 7.414509286003890447e+05 6.412390577420606278e+05 5.899583740712828003e+05 4.370221699710232206e+05 2.896283378405505791e+05 1.826592974812951870e+05 9.246255620557349175e+04 7.089495800668327138e+04 8.743752697948366404e+04
-3.604642439429878723e+05 -4.578028555487983394e+05 -5.249692207569023594e+05 -5.467610582261113450e+05 -5.984986195847159252e+05 -6.199193130905036815e+05 -5.964179706270801835e+05 -5.741408698924351484e+05 -4.783284752466720529e+05 -3.561750040069455281e+05 -2.067155678226845339e+05 -3.941251767624588683e+04 1.612750702491030097e+05 4.359581227146554738e+05 6.424214391305572353e+05 7.840276006807112135e+05 9.158397078857528977e+05 9.884107281058093067e+05 9.824210537946778350e+05 9.070396966615221463e+05 8.073071330087247770e+05 6.988677828240900999e+05 6.088763313781247707e+05 5.076422376272968249e+05 3.865012310753806378e+05 3.532833952922371100e+05 3.247634416207436007e+05 2.493554331461205147e+05 2.244230917660751147e+05 2.248905269685202511e+05 2.159816615201996174e+05 1.591612535959570669e+05 1.323659446276731323e+05 1.578537647891789675e+05 1.535440118028779980e+05 1.772156507679023780e+05 1.808506835438308772e+05 1.495374765002636705e+05 1.417677120794542134e+05 1.622548179840664379e+05 1.832065037498252932e+05 1.814747916220228653e+05 2.045774310885458253e+05 2.022135118098226376e+05 2.326663693238515407e+05 2.789891930128205568e+05 2.652538354916032404e+05 3.216872128070080653e+05 4.427350041648559272e+05
-3.395225097017826047e+05 -4.884145125781651586e+05 -5.562492504424880026e+05 -5.026533326099159312e+05 -4.031769518693909049e+05 -2.476249590271618217e+05 -7.183959229500030051e+04 7.782814773439915734e+04 2.257363129209261097e+05 3.249340217281131772e+05 3.505250243807678926e+05 3.444300150446362677e+05 3.732111191755391774e+05 4.005158461222889600e+05 3.341081962618044345e+05 3.039714208862282103e+05 3.146695299859859515e+05 2.649120732618030161e+05 2.609445023717123549e+05 2.362439271609762218e+05 1.851052016031462699e+05 1.729849576513513457e+05 1.284953805367697496e+05 1.255978170200246386e+05 1.036147516127678100e+05 4.329808987153228372e+04 3.801908409455837682e+04 1.042174552741972730e+04 8.072489404585212469e+03 8.044506641454063356e+03 -5.107330703118350357e+04 -5.907025038381107152e+04 -3.595783164259046316e+04 -6.211062850314192474e+04 -9.393262385739968158e+04 -6.985123769845860079e+04 -6.709695745666953735e+04 -1.271770589443624485e+05 -1.106890414719239343e+05 -9.137646264396584593e+04 -1.236465576372579671e+05 -1.000331770145569462e+05 -1.031182724930110853e+05 -1.331439083651641849e+05 -1.296651005645983387e+05 -1.630197732336814515e+05 -4.415932260379821062e+06 -1.280516037567216903e+07 -2.115321041497432813e+07
3.229703775438243756e+05 4.793405247834745096e+05 6.404774975875621894e+05 6.939606536139034433e+05 6.153101716999663040e+05 5.676625068526482210e+05 4.895487992704145145e+05 3.344252736348425969e+05 2.538704044779296964e+05 2.263944002107018605e+05 1.757787624292541295e+05 1.188412126159528270e+05 9.687553601630474441e+04 1.240941196394849103e+05 1.084181528561748564e+05 2.702290541259571910e+04 3.782693551445845515e+04 1.158356221904978156e+05 1.117943902715342119e+05 6.126397868210915476e+04 6.072831021738261916e+04 7.329431502905208617e+04 5.344565133447758853e+04 7.584468477696622722e+04 5.365035382623295300e+04 1.865651799656893127e+04 6.469701825699326582e+04 8.848566375556401908e+04 6.003291423898190260e+04 3.442988252965779975e+04 5.333858764381147921e+04 7.136857554549351335e+04 6.903887011227244511e+04 4.315246712067164481e+04 3.747341723821591586e+04 3.616703483508853242e+04 1.335553501674439758e+04 5.372987197479233146e+03 -3.004999443830456585e+04 -1.150116558052827604e+05 -2.786824101535617374e+05 -5.441071713878766168e+05 -1.179326483585170005e+06 -2.791338517888813280e+06 -5.478656820600732230e+06 -7.494021943420500495e+06 -2.780704531355254352e+06 7.271839697370785289e+06 1.702478006996371225e+07
6.884531726245765458e+04 1.246231538581196364e+05 1.593350045569240756e+05 1.362792261515277787e+05 1.084049669146770611e+05 1.116721544467145577e+05 1.098678424902026891e+05 1.077330210822402150e+05 1.032977466558804736e+05 1.011630778771359473e+05 1.012777315051063197e+05 9.528809171402838547e+04 9.899041211465361994e+04 1.001717498520155204e+05 8.443511416437104344e+04 8.008452799287636299e+04 9.124932858510874212e+04 9.289744071022130083e+04 8.893047920311789494e+04 8.969684206414967775e+04 8.886672540975268930e+04 1.006061975023478735e+05 1.056371582776776049e+05 7.605213278904557228e+04 5.373949449684005231e+04 4.431943675677757710e+04 6.446513720147800632e+04 8.805039896455127746e+04 8.488585965184029192e+04 8.522840954479784705e+04 5.270884793309960514e+04 4.456472656456776895e+04 6.807536728272703476e+04 1.581425706506730057e+04 -1.637706891342508607e+04 8.475938900955719873e+03 -4.090229884837754071e+04 -1.280463421973402146e+05 -2.167069726187034976e+05 -3.815732712077433243e+05 -6.519971880415714113e+05 -1.077367984608280705e+06 -1.609914314143238822e+06 -1.669901511883946368e+06 -3.755031949549549026e+05 1.730611196579406969e+06 2.668889477142951451e+06 2.281196816812734120e+06 1.669270837129982188e+06
-6.135565645410655998e+04 -1.616971315012780251e+05 -1.784120658086611656e+05 -1.230338323418981163e+05 -4.595428174827247858e+04 6.287509421817958355e+04 8.759039282915182412e+04 1.124462041776862461e+05 2.134079066896809964e+05 2.906890882161676418e+05 3.171705614065286936e+05 3.116533624590374529e+05 3.161527756083523855e+05 3.432770054560385179e+05 3.546419600548685994e+05 3.517977529845666140e+05 3.644973545608811546e+05 3.415155217179560568e+05 3.124767649272689596e+05 2.881477985036326572e+05 2.348337868647649884e+05 1.659011721675051376e+05 1.030309309775475413e+04 -2.597854654805264436e+05 -5.223128830356290564e+05 -6.391291415673913434e+05 -5.401978386420519091e+05 -3.579993615730204619e+05 -2.302358493185602129e+05 -1.499160548165671062e+05 -1.548540419386697467e+05 -1.640858894278064836e+05 -2.207828615652401932e+05 -4.884403342776923673e+05 -1.030863212477999041e+06 -2.370211651198328007e+06 -4.828055741285793483e+06 -6.597777533052152023e+06 -5.635462453746006824e+06 -3.067984777956145816e+06 -1.016016614322429523e+06 3.908866857999172062e+05 1.949771271803759038e+06 3.795076916918640025e+06 5.197442489106330089e+06 5.214509104213196784e+06 3.952196954231476411e+06 2.711701807983336039e+06 1.883666477298195940e+06
2.295623606973096030e+05 1.819976187968859449e+05 1.653186733118490083e+05 1.944067924749107333e+05 1.658649643044918776e+05 1.161912879178996664e+05 1.145789586129831150e+05 8.666849671339127235e+04 5.553279644809663296e+04 2.711125287634786218e+04 5.826949281615670770e+02 -5.019588122959015891e+03 2.589989772182889283e+04 2.623820624605286866e+04 -4.211266348487697542e+04 -1.867085252306424081e+04 4.672041262500011362e+04 4.980781647842377424e+04 7.327075327921193093e+04 1.014446509740082547e+05 1.271285014349268749e+05 1.903944851859707851e+05 3.269217822491198312e+05 5.892201637139066588e+05 8.338372515083756298e+05 8.793745194619982503e+05 7.682058842747937888e+05 6.066161002154708840e+05 4.429169671708950773e+05 2.844992736843414605e+05 2.007224686536933295e+05 1.118540914304312319e+05 -1.590625981596522033e+05 -1.126907893758613151e+06 -4.792262954729969613e+06 -7.913956333560632542e+06 -3.720060504999108147e+06 3.012286890842957422e+06 4.450627672954581678e+06 2.618672970409381669e+06 1.164232316674313042e+06 4.655174179683700204e+05 2.226484743866596837e+05 1.656446916924321558e+05 8.987311231962009333e+04 3.028624930884689093e+03 -4.239210579253290780e+04 -3.950740636384580284e+04 -2.037048516038153321e+04
4.204903745249609929e+05 4.260875003790715709e+05 4.090758216253013816e+05 3.576722110365516273e+05 3.552647865121252835e+05 4.117750196909763617e+05 3.832545655907596229e+05 3.551502820034514298e+05 4.038041304383660899e+05 4.018922550085698022e+05 3.750860329339050222e+05 3.964903072197923902e+05 4.280214151222025976e+05 3.747559022763741668e+05 3.599363897292639595e+05 4.111786777951060794e+05 3.975133329682287294e+05 3.747504433238646016e+05 3.725290996360126883e+05 3.751059724413789809e+05 3.480297341902041808e+05 3.314231771760387346e+05 3.080425129964719526e+05 2.773436156072416343e+05 2.821413196116918698e+05 2.465758420142810792e+05 2.136297691060462967e+05 1.563762704562395811e+05 -3.821856150985648856e+04 -8.220806931622815318e+05 -4.156262530002264306e+06 -8.359884053751621395e+06 -7.516450796000466682e+06 -2.343322519324148074e+06 4.123939127861536108e+06 9.127793125443268567e+06 7.646442212522364222e+06 2.925722322115330957e+06 6.552005542867127806e+05 1.642553306277841330e+05 2.340084003692027181e+04 -1.133839226933186874e+05 -3.049889322544913739e+05 -4.996699206746439449e+05 -8.226480869873189367e+05 -1.348328344124016352e+06 -2.024776009078493807e+06 -2.515981747154137585e+06 -2.771674830166105647e+06
-3.103239593264296651e+06 -1.990924800885259174e+06 -7.367871884728088044e+05 6.652491835178830661e+04 1.745590057375375181e+05 2.324181039631364401e+05 2.583034154487540945e+05 2.024229521100642160e+05 1.970791589014700148e+05 2.225302081240806729e+05 2.220379471784690395e+05 2.167402163770750631e+05 1.942046391946495278e+05 1.384619207552167354e+05 1.237083753431215882e+05 1.492835637752432376e+05 1.075795552658383967e+05 8.423328440752811730e+04 8.169234835950192064e+04 1.815120058017782867e+03 -5.406869854195974767e+04 -1.546677953464682214e+05 -2.890242067252990091e+05 -4.027553100686047692e+05 -6.435906958964194637e+05 -9.792110549099729396e+05 -1.366019280712353531e+06 -1.721646211227637716e+06 -1.832980831178137101e+06 -1.176164023294110317e+06 2.267313223551596515e+06 6.784820795935837552e+06 6.481997719924000092e+06 2.741610576092504896e+06 6.479317708831490017e+05 1.870224754378432408e+05 -5.424039369390904903e+04 -4.458208642399413511e+05 -1.057773423918987159e+06 -1.722436563132791780e+06 -1.977910460797723848e+06 -1.626599430046631722e+06 -1.000543296204993501e+06 -4.031825771904534777e+05 3.947231122176029021e+04 3.897333833918663440e+05 8.643864132440688554e+05 1.333741835708490573e+06 1.682915822582990862e+06
3.304846534528769087e+06 2.206073039171751589e+06 1.000529008319135988e+06 2.287253708497155458e+05 3.289983603346627206e+04 -7.485469644539989531e+04 -7.626236407726537436e+04 -7.680210731807188131e+04 -1.096795473532984033e+05 -1.668371239869154524e+05 -2.225349488586655352e+05 -1.996578391647201497e+05 -2.220301372837275267e+05 -3.060919455514521105e+05 -3.756084317975908052e+05 -4.872523382556395954e+05 -6.118301130284091923e+05 -7.173699057480550837e+05 -8.845958919898837339e+05 -1.046754428004496382e+06 -1.184347020259008743e+06 -1.284360615577897755e+06 -1.197202568761424394e+06 -1.033923138843383174e+06 -7.794381252210577950e+05 -3.469273682881616987e+05 1.134969689534050412e+05 6.019212254218300804e+05 1.031854071701526642e+06 1.194985411618253682e+06 1.162480645736213773e+06 1.068635879686336499e+06 8.725001578772247303e+05 6.529760488576726057e+05 5.355724566226123134e+05 5.078052726911844220e+05 6.206175773782890756e+05 8.848802360869029071e+05 1.340965824989250861e+06 1.938916854611010756e+06 2.210160589703013189e+06 1.857218968090607785e+06 1.174684682401708793e+06 7.077193194977007806e+05 4.954317098477641121e+05 3.265920711483331397e+05 2.261011013214010745e+05 9.150517038942873478e+04 -1.089932293625324965e+05
-1.825305321981431916e+05 -6.217850823595654219e+04 5.322768728364957497e+03 -2.071174095268337987e+04 5.360619102139025927e+03 3.664794006850570440e+04 -4.865465044626034796e+04 -7.651239531463943422e+04 -2.523788963677361608e+04 -2.657189879973884672e+04 -8.267380177334416658e+04 -1.148448437912156805e+05 -8.085770113044395112e+04 -2.594031897839158773e+04 -3.959664631925988942e+04 -1.217050293926126324e+04 1.410801294166594744e+05 2.572716112545456272e+05 3.663258369814138860e+05 5.077034488169009564e+05 6.449458521866460796e+05 7.077833113260563696e+05 6.529009923245769460e+05 6.194473100983302575e+05 5.400365428108483320e+05 3.916844570619287551e+05 3.011732045415553730e+05 2.684789942577487091e+05 2.053908215212869691e+05 1.238752199360167142e+05 9.469831087742932141e+04 8.463569931453093886e+04 5.358972404210409150e+04 -1.710825771442847326e+03 -9.615804734057513997e+03 1.837651536101452075e+04 -5.865961365052498877e+03 -9.926837564620655030e+04 -1.372279520973099861e+05 -1.156024320848516654e+05 -2.052436608425353188e+05 -2.898239495162857929e+05 -3.742137331457332475e+05 -6.286069687450097408e+05 -9.573864414280981291e+05 -1.491739372524894541e+06 -2.485234973971974105e+06 -3.456269409378276672e+06 -4.159272033489473164e+06
6.125466670596504118e+05 5.056872066238431726e+05 4.307709014462309424e+05 4.326167770224853884e+05 4.303825511253671721e+05 3.757829962298274040e+05 3.463288950797868893e+05 3.181248084089020267e+05 2.265093525743582286e+05 1.099999363545794040e+05 5.197860819578636438e+04 1.919154519739095122e+04 -1.188964299520011991e+05 -3.516119225672446191e+05 -6.526724856009241194e+05 -1.083865941287950845e+06 -1.558684895795886870e+06 -1.724465999030507635e+06 -1.378427647703210358e+06 -9.126096727157706628e+05 -6.243780774326290702e+05 -3.856884154875292443e+05 -2.112954663403802551e+05 -1.299570628447690979e+05 -1.055012828321149573e+04 9.521600755513645709e+04 1.451187162584392354e+05 2.245939631556395907e+05 2.437996683001983911e+05 2.459007189376279712e+05 3.026230886718259426e+05 3.197337747685384238e+05 2.871841892006353009e+05 2.302275296224980848e+05 2.212595254275947809e+05 2.213508616259787232e+05 1.679606151697223540e+05 1.290828266151950520e+05 6.203654817480151542e+04 -5.733705566846748115e+04 -1.482520593045051501e+05 -3.188835515180829098e+05 -7.152594864612889942e+05 -1.764406506389505696e+06 -4.354405575285192579e+06 -6.971634857309380546e+06 -5.727845298717139289e+06 -1.930395093167923391e+06 1.537632281013086438e+06
2.116530097054782382e+05 2.196089992311317765e+05 1.726706289430148900e+05 1.162505983188747923e+05 1.138538412720663473e+05 8.748135476722384919e+04 5.779541842872273992e+04 6.093226245138212107e+02 -9.167082098661921918e+04 -9.299643909442232689e+04 -6.426369165768852690e+04 -1.255639097187667794e+05 -1.192610810819314211e+05 2.299545810325070488e+04 2.122801331826484820e+05 6.167279328475715593e+05 1.120459498050040565e+06 1.240684560536755715e+06 9.507934367464617826e+05 5.507458260690325405e+05 2.327873165317578241e+05 9.642949304485227913e+04 -1.745365603012032807e+04 -1.091181026538833976e+05 -7.545909570821048692e+04 -1.415245400817361660e+05 -2.059792611584994011e+05 -1.830360399110945873e+05 -2.212022586719829123e+05 -2.755956475174752995e+05 -3.318195791647301521e+05 -3.713652566308162641e+05 -4.610068423929635901e+05 -6.041692732129008509e+05 -7.275907316332448972e+05 -8.987633870344136376e+05 -1.152553344825865002e+06 -1.477155878721389920e+06 -1.972293494837938342e+06 -2.747086223647922277e+06 -3.717289784388278611e+06 -4.559884963242808357e+06 -4.508549865321827121e+06 -2.665893177877288312e+06 1.441300005248609930e+06 5.905145931994758546e+06 6.793600830111540854e+06 4.737311662710279226e+06 2.482189129346426576e+06
-2.656465167511488544e+05 -2.568442930019227788e+05 -2.453056339593603043e+05 -2.434639860090099974e+05 -2.153921739221550524e+05 -2.123116897424913477e+05 -2.118098598485812545e+05 -1.203370298474328592e+05 -1.253952264203687664e+05 -1.558149148384109139e+05 -6.640837250335607678e+04 -9.437582571990787983e+03 -2.551679608877748251e+03 2.422373320383485407e+04 1.013690971879987046e+05 1.624457632610574365e+05 1.762608695164092351e+05 2.113579456147272140e+05 2.398473312763962895e+05 2.730674745060969144e+05 2.719787499518127879e+05 2.205585291393799707e+05 1.924720156745755812e+05 1.870012992573900847e+05 1.623269036429699045e+05 9.543458465603191871e+04 8.859386282390914857e+04 1.113320327561816084e+05 1.011244949081448140e+05 7.547018055280193221e+04 1.066157259512689780e+05 1.535410566092471418e+05 1.496600010804837220e+05 2.371830279962155328e+05 3.149713552522006212e+05 3.151939426077295211e+05 3.476377154013607651e+05 3.947215571039131028e+05 4.131357113638658193e+05 -2.775965123844787013e+04 -4.378771288287867792e+06 -8.278804671380799264e+06 -3.396746345949349925e+06 2.649150722960490733e+06 3.364356986173670739e+06 2.425711354240768123e+06 1.621152186181862140e+06 1.159043421144597000e+06 8.896089129801611416e+05
-3.065192060370440595e+04 -2.203246202727325726e+04 -4.125191276601969730e+04 -4.029754823888652027e+04 -1.266629509336780757e+04 -7.097269947524170857e+04 -1.012048267020145431e+05 -3.914901973097585142e+04 -1.492709222016844433e+04 1.393534100323449820e+04 4.361974158033262938e+04 1.099741958896629512e+04 4.773712305759545416e+04 1.343188830127473921e+05 1.532197524898218689e+05 1.557677847362358589e+05 1.394695166172459722e+05 1.753213641792534618e+05 2.048880022007505177e+05 1.793791052413871512e+05 1.788265685201622546e+05 1.268919186462878715e+05 9.896392954047769308e+04 6.393156583886593580e+04 -2.088983688794542104e+04 -8.820072481059446000e+04 -1.840587074914947152e+05 -2.805123381176968105e+05 -4.704301421798293013e+05 -8.233410034276316874e+05 -1.384704195745869540e+06 -2.465664520744477864e+06 -4.008448698745936155e+06 -5.325883381676971912e+06 -5.629237978613233194e+06 -4.729128465567482635e+06 -3.240502412970522419e+06 -1.782506774459620938e+06 -4.316930877912100405e+05 1.369042995456252247e+06 7.148242138681870885e+06 1.244093425436238013e+07 8.365284706650394946e+06 2.050710536504619755e+06 3.450349101377667394e+05 2.545949951850336511e+05 2.346855591458736453e+05 1.493430883891419508e+05 5.343550405348557979e+04
8.719934278225988965e+04 9.604102574696300144e+04 1.069159149855840806e+05 1.383739093772601336e+05 1.972309128619963303e+05 1.989586807385785505e+05 1.376265417528338148e+05 1.395832211809466826e+05 1.639896726561711403e+05 1.625681393319972558e+05 1.925726651825244771e+05 1.904703609761783155e+05 1.050267348077613860e+05 6.982837251271109562e+04 1.208027792308711214e+05 9.354390187771082856e+04 1.518680157605581917e+04 -4.012855047301854938e+04 -1.319072670995955123e+05 -2.182441325386752142e+05 -3.401229674392370507e+05 -6.054358207719638012e+05 -8.757750042929563206e+05 -1.061148325747343712e+06 -1.265717579638585448e+06 -1.481132491992319934e+06 -1.602589652136084158e+06 -1.602781207718074322e+06 -1.606153335747075267e+06 -1.592105696914367378e+06 -1.216937468680554070e+06 -2.897125650936448947e+05 1.178032604926848784e+06 2.670181333944780286e+06 3.186670154139862861e+06 2.667046801358229481e+06 1.796613500056552934e+06 1.005362139981591143e+06 5.457712975912729744e+05 3.612637578375859885e+05 2.365038732066748198e+05 1.462217834062181646e+05 1.165550881205121987e+05 8.321374291670485400e+04 3.082262904732534662e+04 2.863839559548068792e+04 6.813337109051668085e+04 9.878668420133134350e+04 1.185417214117464609e+05
-8.095636171055492014e+03 -6.148890418116934597e+04 -1.130986929265779909e+05 -1.438687970954924822e+05 -2.089011607243446633e+05 -2.695617006742395461e+05 -3.001335642352930736e+05 -3.909036445192762185e+05 -4.280016974126923014e+05 -4.286755127471404267e+05 -4.595500714430821245e+05 -4.601779376546621788e+05 -4.521664050634715823e+05 -3.937260923039865447e+05 -2.784745709632987855e+05 -2.116425463714404032e+05 -1.664007347117878962e+05 -9.798926571325853001e+04 -4.862306842114776373e+03 9.325948699086427223e+04 1.855480031820473960e+05 3.784992531582252122e+05 5.343303462082995102e+05 5.895058254699684912e+05 7.158108143549180822e+05 7.685954154009231133e+05 6.388091691519360757e+05 5.075370800425307825e+05 3.112572993483631872e+05 7.199779359972989187e+04 -1.363367550703692250e+05 -4.224670933140463894e+05 -7.298687707271913532e+05 -9.707996995240674587e+05 -9.783497974160120357e+05 -7.312818150786920451e+05 -4.211763913312453078e+05 -1.575907994707816979e+05 7.538293478719377890e+04 1.921229264198330930e+05 1.566565219912446337e+05 1.855883182177784620e+05 2.457227214629522059e+05 2.114114687335678609e+05 1.579516088933455176e+05 9.584937353967662784e+04 7.568079750519277877e+04 1.062013706791908771e+05 1.256439920171374106e+05
-1.666178648138883873e+05 -1.574998257297557429e+05 -1.778838314744643867e+05 -1.770808891410705983e+05 -8.544878698070533574e+04 4.156587394012592267e+04 1.049148949549998506e+05 1.386848075350281433e+05 2.571157460135873116e+05 3.181317666452376870e+05 2.860382729908452602e+05 2.843033641303192126e+05 2.597620451747206098e+05 2.234086090215713484e+05 1.825124349095858051e+05 9.316576967423310271e+04 4.428055915865110001e+04 1.907356120296748122e+04 -4.282137336849694839e+04 -3.716674640716513386e+04 -6.777168882079393370e+04 -1.820851482736181351e+05 -2.089847635966729140e+05 -2.438424777000906470e+05 -3.303870357904816046e+05 -3.667823894583851798e+05 -4.326558660913726198e+05 -5.005714982328945189e+05 -4.803642052627400262e+05 -3.498973656661105342e+05 -1.281487523118272657e+05 1.970743495319060748e+05 6.821361512824676465e+05 1.139350731136508984e+06 1.309231065032653976e+06 1.215570184289827012e+06 1.003744190769502195e+06 7.473247857275430579e+05 4.926496079406933859e+05 3.053297299949913286e+05 2.395968297583754174e+05 1.779329334670919925e+05 8.701429332373617217e+04 5.316087143728509545e+04 3.042182394536258653e+04 -3.112954348267521709e+04 -1.719465412810691632e+05 -3.836904003343051299e+05 -6.068879769940292463e+05
-3.361411166284232168e+05 -2.630740510392934084e+05 -1.886170699418289296e+05 -1.563086569099687040e+05 -1.587591468094615266e+05 -1.252861511585069820e+05 -9.196387309115380049e+04 -5.681108019722154131e+04 5.447144352365285158e+02 3.142545825336128473e+04 9.462777418375498382e+04 1.575680376752280863e+05 1.327814142196438625e+05 1.588233116420450970e+05 2.136377453251042461e+05 2.183028622303392040e+05 2.308468845509925159e+05 1.727437595574883162e+05 1.410614449722924619e+05 1.468095921300118207e+05 2.075522167375340359e+04 -1.898700175847628852e+05 -3.737830939731800463e+05 -5.973074695130335167e+05 -9.985861739615219412e+05 -1.409255475670796353e+06 -1.784598915430251742e+06 -2.035124559593972983e+06 -1.850145835328731220e+06 -1.240459009511393961e+06 -3.549623807158796117e+05 4.736049886938454583e+05 9.940609402343421243e+05 1.267846266656997148e+06 1.312595907608628273e+06 1.153292920239037368e+06 9.368564149050500710e+05 7.377268799411843065e+05 5.715756213670831639e+05 4.431029187684167409e+05 2.840684378735020291e+05 1.904808679583950434e+05 1.597278530430044048e+05 1.251822403137342772e+05 1.323715245624772506e+05 1.311837448476576828e+05 2.327178086701328866e+05 4.151216865208675736e+05 5.557168646535050357e+05
2.059025184763594589e+05 2.149057823652401858e+05 2.572905634320340178e+05 3.216721732687437907e+05 3.186627162352669984e+05 2.870902707212370588e+05 2.881436541059518931e+05 2.265027377527439967e+05 1.870600984460907057e+05 2.178446316596819088e+05 1.846738726942567155e+05 1.196275836450513452e+05 6.198202489467803389e+04 5.564973985427059233e+04 1.552045983669813722e+04 -4.347023383073997684e+04 -6.330273621948459186e+04 -1.545979327580425888e+05 -1.862562998174689710e+05 -2.438921563862821786e+05 -3.710934447630998911e+05 -3.912890843284546863e+05 -3.845209763385363040e+05 -3.236053205438659061e+05 -7.001050594361748081e+05 -4.241323939353445545e+06 -6.492891848662396893e+06 -1.638444589907306712e+06 2.900107705568076577e+06 3.302383549050426111e+06 2.850522479549981654e+06 2.194009471437312663e+06 1.645878158531857654e+06 1.169149164595874725e+06 7.772855785093262093e+05 5.563621623732615262e+05 3.710339622315943707e+05 2.339127350703352131e+05 1.299553570593709592e+05 1.577096830005757511e+03 -9.594696818967419676e+04 -1.902348682860606350e+05 -2.829813127301160712e+05 -3.792150915885590948e+05 -4.948650902154626092e+05 -5.239605060702874325e+05 -5.413578391820206307e+05 -6.025949665502392454e+05 -6.451599203707759734e+05
4.264782895508682122e+04 1.166602962772595056e+05 1.266589601122541353e+05 6.141972251236438751e+04 5.854301549436058849e+04 2.695791116799227893e+04 -6.897836741409264505e+04 -6.554902781732380390e+04 -7.230803640733932843e+04 -1.381503499648533179e+05 -1.384489105513785034e+05 -1.057809931726661307e+05 -9.831325133156492666e+04 -3.955862367642110621e+04 1.777487909130285698e+04 -8.647619858384194231e+03 3.598850538197424612e+04 1.378826505859614699e+05 1.703088468429631903e+05 2.405597734800539329e+05 3.051359656313430169e+05 2.513683425256746705e+05 6.419278095301717985e+04 -7.406518161296813050e+05 -3.482645920645453501e+06 -2.714044688039586879e+06 2.590260505682681687e+06 2.832840975004951935e+06 3.234348083054658491e+05 1.179619559377888436e+04 -1.194631926889995157e+04 -2.453400746569981129e+04 -2.818924760096719911e+04 3.621239203668638220e+04 2.543633192719395083e+04 -3.654873774852606584e+04 3.122986227099343523e+04 5.220997705589989346e+04 1.130435245460830629e+04 4.008657760394260549e+04 6.789581696444663976e+04 9.824155989626877999e+04 1.923722711281147203e+05 2.823108448984574061e+05 3.208377243293221691e+05 3.518908073846240877e+05 3.319640928873560624e+05 2.063406144466726109e+05 3.756770175997773185e+04
-2.188233526528346702e+05 -1.445778935856651515e+05 -6.937547339708544314e+04 2.814728620869576116e+04 9.046511491353157908e+04 1.238091444061137154e+05 2.228123666427563003e+05 2.585509951633868041e+05 2.837836963991867960e+05 3.472468022780957399e+05 3.137348770780955674e+05 3.132806037523550913e+05 3.199438622582237003e+05 2.806292771123116836e+05 2.403331566409904044e+05 2.132798986684067640e+05 2.249394742678850889e+05 2.293931275029899552e+05 1.968473351962165907e+05 1.702644558361496311e+05 1.705626260046847165e+05 -2.239661128860908095e+06 -8.705155436197545379e+06 -9.608522657576259226e+06 7.533156081836512312e+05 8.602796482331462204e+06 6.350196214768788777e+06 1.968988170268134214e+06 2.881845613697083900e+05 7.175497559190250468e+04 -1.577663992531562690e+04 -6.036524907511181664e+04 -3.901224542643176392e+02 7.301055005519883707e+02 -4.193179740163031965e+04 -8.866705959080834873e+03 2.749337002460379153e+04 1.687014045543037355e+04 3.918440303415979724e+04 3.673434209020331036e+04 1.733999329735524952e+03 6.390122254379047081e+04 9.583642679383023642e+04 6.081145543721504509e+04 6.889601478702411987e+04 6.989865203911880963e+04 5.092816018150164746e+04 1.921650511794770136e+04 -2.482242388534359634e+04
-5.933724348188834265e+05 -5.850845256389589049e+05 -5.765699255454814993e+05 -6.780808907520261128e+05 -8.148879743262659758e+05 -8.482287574530343991e+05 -9.127084500656924210e+05 -9.747608728753408650e+05 -9.808964437118271599e+05 -1.013542447646613815e+06 -1.111170767074218718e+06 -1.206497519388213288e+06 -1.327272202005842235e+06 -1.592906577647662954e+06 -1.822514421652303077e+06 -1.970347413891578559e+06 -2.143441043638741598e+06 -2.254452347388140857e+06 -2.170379595466655679e+06 -1.883352712514460087e+06 -1.538399922064272687e+06 1.299638869502240792e+06 8.467227121387856081e+06 1.071639985322487354e+07 4.231757689413478598e+06 2.143981009547086433e+04 4.939356955699622631e+04 8.050177108962088823e+03 -3.833012635295744985e+04 -3.026043954829173163e+04 -2.161902787047438323e+04 -6.661138189723808318e+04 -1.024471463804370724e+05 -1.012222199927782640e+05 -8.015686857397668064e+04 -4.676416011352511123e+04 -7.398115192481759004e+04 -1.163387910427991301e+05 -1.251425527280662209e+05 -9.492319968470814638e+04 -9.759953173867031001e+04 -1.300474176154239103e+05 -9.736718229833035730e+04 -6.853709830262279138e+04 -9.160089095181319863e+04 -1.211469170002960600e+05 -1.391948092303939629e+05 -2.027623967028907500e+05 -3.109315385279422626e+05
-7.125089349807234248e+04 -6.239369943621568382e+04 -8.711056579952122411e+04 -1.554746322147548199e+05 -2.257509856333490461e+05 -2.927739387145265355e+05 -3.909479186590759782e+05 -5.206437103857755428e+05 -6.615245033369867597e+05 -7.954373099521033000e+05 -8.606857705599402543e+05 -8.897096768091435079e+05 -8.788615252805172931e+05 -7.483658094890411012e+05 -5.159639091195999645e+05 -2.053216325020180084e+05 1.406294249597699381e+05 4.777606534853107296e+05 7.097416297602462582e+05 8.138632745365612209e+05 8.786691923107700422e+05 8.557881476904721931e+05 7.619106371339890175e+05 6.567082299944014521e+05 5.939375487738286611e+05 5.876955176360204350e+05 5.495884808117985958e+05 4.726462097757039010e+05 3.908168696181382984e+05 3.658193343575112522e+05 3.417411592626012862e+05 2.947866041626551887e+05 2.573821457003954565e+05 2.250336110033092555e+05 2.128734492463993374e+05 1.808413633954476099e+05 1.200096494366880506e+05 4.425542949524242431e+04 3.523134581395401619e+04 3.398822664224985056e+04 -3.327859140990814194e+04 -6.659295061253942549e+04 -9.820061506412434392e+04 -1.333984036458425689e+05 -1.242642838833855931e+05 -8.869715100387088023e+04 -1.061643849557740614e+05 -2.033297058648881502e+05 -3.139476915297517553e+05
9.577570231514994521e+04 3.651344071258790791e+04 1.121868213289417326e+04 4.395675235544331372e+04 1.086832025798503309e+05 1.083998679462820292e+05 1.107229842070954619e+05 1.827268940710930619e+05 1.408551560819614679e+05 1.053032668260857463e+05 1.383289749908728991e+05 1.396257696277461946e+05 1.463293354620691389e+05 1.041326922213193029e+05 9.882325098151317798e+04 1.059825969848316163e+05 8.180954627343453467e+04 8.473849076428450644e+04 8.463641180424019694e+04 5.751351983984932303e+04 -8.666795024182414636e+03 5.750522747403243557e+03 1.577014949987642467e+04 -8.844482847256585956e+04 -1.165761245973405894e+05 -5.257507510832534172e+04 -5.486363989068195224e+04 -9.825668981531658210e+04 -7.989353208802663721e+04 -6.951909537310688756e+04 -9.186744820792227983e+04 -7.166242424515075982e+04 -7.525060751358978450e+04 -4.066065744846151210e+04 1.424023795407288708e+04 -5.119494287180714309e+04 -4.628896991140162572e+04 7.626346466946438886e+04 6.769311296171532013e+04 1.049923737300559878e+03 6.542806459008785896e+04 6.401743730180989951e+04 -1.335912177781572100e+05 -4.653348019823924406e+05 -8.490871103073002305e+05 -9.730491234187476803e+05 -6.912450130307108629e+05 -3.625162680982620805e+05 -1.475645477254810976e+05
-1.157751077099232934e+05 -3.834487169864610769e+04 4.168987135635921732e+03 -6.657321766251698136e+04 -2.424947819963563234e+05 -4.501293393387456890e+05 -5.850383609172420111e+05 -6.144180547399449861e+05 -6.216261238220616942e+05 -6.219502412469589617e+05 -5.868359844596127514e+05 -5.486931171617474174e+05 -5.056803013698661816e+05 -4.437239560321902391e+05 -4.117262126866261242e+05 -3.335223017365206033e+05 -1.173964832746426109e+05 1.255322191619779915e+05 2.284928927966393530e+05 2.695261822151951492e+05 3.730101059365542606e+05 3.538178412197153084e+05 2.620362161658708937e+05 2.584108059632125078e+05 1.955228861083738739e+05 1.580199524073394132e+05 1.893117019080090104e+05 1.113524226762822364e+05 2.820652226801030338e+04 3.865039586671630968e+04 1.631573861814121483e+04 2.841597390361333964e+03 3.260041053639727761e+04 3.376912460778842797e+04 -1.146632179501486826e+04 -7.696579128503784887e+04 -3.845085193403036101e+04 1.824594850419089198e+04 -2.325770211522449972e+04 -2.323862966499285540e+04 4.155052669346367475e+04 7.312112261075532297e+04 1.718938368582162075e+05 5.629903831088484731e+05 1.063159513443242759e+06 1.162300498236433137e+06 8.130666558770454722e+05 4.811984254419805948e+05 3.003396694408655167e+05
2.083504989044737886e+04 9.861428767209874059e+04 1.413658934144768573e+05 1.744463864376302809e+05 3.441820613702293485e+05 5.854782388848250266e+05 6.917690170579587575e+05 7.304289279028313467e+05 7.562809861637654249e+05 6.504549494036468677e+05 5.453941213840157725e+05 4.779179302637930959e+05 6.969556564465165138e+04 -2.803156433633993380e+06 -4.976323913759550080e+06 -1.856267608068878530e+06 1.051738864179933909e+06 1.154266987286973279e+06 1.013849608524469309e+06 7.782395903265567031e+05 6.066743762954128906e+05 5.184508652635845938e+05 3.921157389937441330e+05 3.198438620520754484e+05 2.561686353571709478e+05 1.844724775734356372e+05 1.821524504735134542e+05 1.034226359124297742e+05 5.335005641449219547e+04 6.406539764953777194e+04 4.156128280679695308e+04 2.787711759563512169e+04 -9.838872064137598500e+03 -4.239379520062380470e+04 -8.795136702130548656e+04 -8.682567822514125146e+04 -8.144276467966858763e+04 -1.247839211393148871e+05 -1.324937592737842351e+05 -1.648990254558152519e+05 -1.653896663826890290e+05 -1.328128919762095902e+05 -1.654295060166618787e+05 -2.011851321544967359e+05 -1.579869784589397023e+05 -1.520139422814823338e+05 -2.009939557418697514e+05 -1.689397557463965786e+05 -8.549519917345279828e+04
-1.936574052600189170e+05 -2.551286246394739137e+05 -3.870744682976508630e+05 -6.329828125913627446e+05 -1.054305977631593123e+06 -1.576608224586816039e+06 -1.848156717611708678e+06 -1.802006507074693684e+06 -1.489529545478290413e+06 -8.581389874743763357e+05 -1.247236171015538275e+05 4.343852236762177199e+05 1.132103248576167505e+06 4.295066024678524584e+06 6.697338083727516234e+06 3.587891709540267941e+06 4.853724072489426471e+05 2.104052257025614381e+05 1.750611126911826432e+05 1.123888744879513979e+05 1.134565028653019108e+05 1.292836310516577214e+05 7.224341596127534285e+04 2.032993210009299219e+02 5.032990773907396942e+03 2.263457435182761401e+03 -1.024673397862352431e+05 -1.474929187202360481e+05 -1.291508083057124168e+05 -1.863338262494653463e+05 -2.426063053205143660e+05 -2.559079826367096975e+05 -3.276280873233922757e+05 -3.599749798327689059e+05 -3.031588734860992990e+05 -2.675875818403437734e+05 -2.618916466867080890e+05 -2.710720716742803343e+05 -2.443292106257285923e+05 -1.745082823641127907e+05 -1.405314288986851461e+05 -1.080734016920907889e+05 -1.077018667408262845e+05 -1.105099991802128498e+05 2.568783482997678220e+02 6.618792258668690920e+03 -7.642150495783472434e+04 -4.465729444869863801e+04 3.878532917355373502e+04
-4.418107885599602014e+05 -5.734793783526404295e+05 -6.702093442576003727e+05 -4.944496939715459011e+05 -4.212067908374592662e+03 5.570220060006247368e+05 1.050759395011700224e+06 1.299472792685265420e+06 1.219094287417829968e+06 9.707764508447141852e+05 6.889325265237131389e+05 4.809887403249745257e+05 4.171575257810762268e+05 3.026182971778324572e+05 1.942448498553129612e+05 2.023321645788385067e+05 1.751071540638804436e+05 1.761734020977746695e+05 1.757374211656861007e+05 1.477917185181286186e+05 1.495201126963365823e+05 1.318546217551918235e+05 1.102826411498247180e+05 1.074805522244423628e+05 1.469626380817499012e+05 1.790069262974427547e+05 1.428750245308037847e+05 1.316849283606281970e+05 1.496447247802275233e+05 1.606727236090230290e+05 1.724099031637888402e+05 1.237715114746242762e+05 8.506463678670162335e+04 5.164789117639884353e+04 4.776554440613836050e+03 -6.304586558835627511e+04 -1.604970325587783009e+05 -2.040794380125594325e+05 -2.454323141265194863e+05 -2.432671433943319134e+05 -2.086952733341609128e+05 -2.437833702249918133e+05 -2.769968517229417339e+05 -2.451811960758643690e+05 -1.672404127707709558e+05 -1.600064685870888643e+05 -2.423153646674482152e+05 -2.775272623915221775e+05 -2.611658649984681979e+05
4.864052113378397189e+04 5.703220791881904006e+04 9.997669746051542461e+04 2.752200220944362227e+05 4.489466009102761745e+05 4.829534467181654181e+05 4.862617399147709366e+05 4.557908860163298668e+05 3.764049142447768245e+05 3.040444459661374567e+05 2.327317409799434827e+05 2.004504622356035688e+05 2.070405343058518483e+05 1.271292967232874944e+05 8.919988275272768806e+04 1.330178314901423291e+05 1.054076596035157563e+05 7.142048687324856292e+04 1.063299840502440929e+05 1.486660727520938381e+05 1.158925013884435757e+05 9.891567060141830007e+04 1.130525955755731557e+05 1.105538828205317259e+05 1.155724700493738055e+05 1.134748434473293601e+05 1.470256059325768147e+05 1.705567332520153141e+05 1.538769173959734617e+05 1.651479314768221229e+05 1.770786225236952305e+05 2.316103150043643545e+05 2.958669404417756014e+05 2.960171694785822183e+05 2.825894904404412955e+05 3.164572122250678949e+05 3.546538865589534398e+05 3.093705833458814304e+05 3.003019638627297245e+05 2.326551413361439481e+05 9.506585726165166125e+04 9.265509729273570701e+04 5.817014759173616767e+04 -8.118304528412502259e+04 -1.396382690651807934e+05 -1.324448882287829183e+05 -1.810728673555431888e+05 -2.506279102247199044e+05 -3.024517048010537401e+05
1.855188200250270311e+05 1.933243786171078682e+05 1.998147943371441215e+05 2.329958292213268578e+05 2.292978735989890993e+05 1.916154485580048058e+05 2.309276571823284030e+05 2.358832025143783540e+05 1.908815804077312350e+05 1.886622274841647595e+05 1.874685934651647694e+05 1.548539604514371604e+05 8.928444159566424787e+04 4.283104394446127117e+04 4.064292008173651993e+04 4.930104895960586146e+04 5.486591854132711887e+04 1.836526515195146203e+04 -5.396080643287859857e+04 -8.255183170549571514e+04 -4.467873421148350462e+04 -6.018835270428098738e+04 -1.500494502065707929e+05 -1.517342435510368086e+05 -1.464591530221514404e+05 -2.179462475865143351e+05 -2.880154260946437716e+05 -4.045568504859700333e+05 -5.965507378510658164e+05 -8.288172093697357923e+05 -1.059288684921338689e+06 -1.069204554305180209e+06 -8.224249125854150625e+05 -5.366262037341952091e+05 -2.662567703833331470e+05 -1.243104066781233414e+05 -8.347495807334769052e+04 1.224910398712381721e+04 7.463864863035269082e+04 1.117911430366799468e+05 1.467521710461007897e+05 1.437467349413784686e+05 2.116522060625715239e+05 2.768505931971599348e+05 2.506280831468763645e+05 2.572294902428977657e+05 2.761386553605556255e+05 2.038662640738771879e+05 8.047423563082329929e+04
3.629344163101630402e+05 2.982363197708037333e+05 3.043531260406597285e+05 3.741173166269435897e+05 3.344995675329118967e+05 2.602076229720841511e+05 2.282712582952807425e+05 1.976641671231482760e+05 1.885603466373868287e+05 1.144782432587817311e+05 7.766556458780553658e+04 8.173670205287646968e+04 1.596583370468579233e+04 -6.651301993988442700e+04 -1.034290827286894200e+05 -1.296200198447332950e+05 -1.956004477082752855e+05 -1.958091169828548445e+05 -1.955420032772234408e+05 -2.229457600892054907e+05 -2.548250468634063727e+05 -2.683651751093564089e+05 -2.492543679685336538e+05 -2.495337869320063910e+05 -1.365138078806916892e+05 -2.940164111321792006e+04 -2.845537516521289945e+04 1.023692511522678833e+05 4.042485942994235083e+05 7.339407500822567381e+05 9.211809565988364629e+05 8.686843603500172030e+05 6.855470009439190617e+05 4.731793582346292678e+05 2.479560167773154099e+05 1.068126532412134111e+05 4.141407957766181789e+04 -3.822239023516885936e+04 -8.054731399170146324e+04 -1.122084838687437586e+05 -1.458366682042838074e+05 -1.825661567831411958e+05 -2.173168432305094320e+05 -2.541467750631279778e+05 -3.822260795091276523e+05 -5.108885414688835153e+05 -5.916923560423324816e+05 -6.616558945958946133e+05 -7.150067198334591230e+05
2.528372100985143334e+05 1.144882083858828992e+05 -2.546555321081541479e+04 -6.417743480065837502e+04 5.981028210371732712e+03 4.093049726448976435e+04 4.602039861027151346e+04 5.238352918298915029e+04 4.375512236380018294e+04 4.244886096450500190e+04 7.866341970395296812e+04 1.197360684932208387e+05 1.263052421086467803e+05 1.158184848469682038e+05 1.514539516367948381e+05 2.334074431506452383e+05 2.383137978869492654e+05 2.368497407378162025e+05 2.720894192368722288e+05 2.434452030051033362e+05 2.459884526743548922e+05 3.031258972932118922e+05 2.492836223205090500e+05 1.397933787235525087e+05 1.444375147635583999e+05 1.795690622169057606e+05 1.086028273589905584e+05 2.571328026708215475e+04 9.183652531355619431e+03 -1.302401391556486487e+04 6.404351291711209342e+02 2.240274667739856523e+04 -1.670799242448987206e+04 -8.596433197380957427e+04 -9.829015997354855062e+04 -6.227422693278640509e+04 -5.670674811932258308e+04 -6.565335683757450897e+04 -1.076005039783192915e+05 -1.039678334817287687e+05 -3.243513573775978875e+04 -3.468760044197525713e+04 -3.526952135609454126e+04 6.631548138568244758e+04 1.798723784158936760e+05 2.569278737111010123e+05 3.112710253393750754e+05 3.766582122584787430e+05 4.595303560187965631e+05
-4.599061588756728452e+04 -1.862623321590943960e+05 -3.285698014916849788e+05 -4.051866309135220363e+05 -4.083358528243843466e+05 -4.102861963165923371e+05 -3.679334310116245179e+05 -2.875338862708305242e+05 -2.593749566515909100e+05 -1.870598263700957759e+05 -1.133239043864887790e+05 -1.444337676069699810e+05 -1.010009947477373644e+05 -7.476763784419745207e+04 -1.106267623067833483e+05 -6.335737304412759840e+04 -2.220674311276525259e+04 -2.380298892152495682e+04 -6.033252109424199443e+04 -5.175451035611319821e+04 -1.122301176306791604e+04 -5.979142473661364056e+04 -7.494086022605199832e+04 -3.885661123320460320e+04 -3.330891387769964058e+04 -3.237337253987777513e+04 -3.035915130865760148e+04 -5.334887723438441753e+03 -2.146492318599461578e+04 -4.326495264773257077e+04 6.933744979323819280e+03 2.920761973480705637e+04 -1.000705953221768141e+04 -4.410448476788587868e+04 1.467147747171134688e+04 5.062506791204237379e+04 -1.503903615404863376e+04 1.139273505075834692e+04 7.521096154348924756e+04 8.228030080208554864e+03 9.523339777952758595e+03 7.726021041395154316e+04 4.108832961297582369e+04 3.791333302273449954e+04 4.751635428983741440e+04 5.619468767428759020e+04 1.123236797994474182e+05 1.437964851909778081e+05 1.573657501686802134e+05
1.372876716859171866e+05 2.183429964457173483e+05 3.711484096827915055e+05 4.788808443350716843e+05 4.383256407571025193e+05 4.355722597741985810e+05 4.403115706273817923e+05 3.722482457337903325e+05 2.885860854003115091e+05 2.493011126900091767e+05 2.484007645968815777e+05 2.161831992294173688e+05 1.848263223946560174e+05 1.729436228948179632e+05 1.729162754630669951e+05 1.457196288066916168e+05 7.494150254060514271e+04 -1.885911230929195881e+03 -7.668419763329438865e+04 -1.790620793960988522e+05 -4.319255766028058715e+05 -6.994199677323922515e+05 -7.852681736939135008e+05 -7.833058066503142472e+05 -6.662625411257605301e+05 -4.804211167816540692e+05 -3.306983045977535658e+05 -2.316066786635205499e+05 -2.106876288191414496e+05 -1.591768975404553930e+05 -1.078030676208435325e+05 -1.208368722209709813e+05 -1.236741675541276345e+05 -8.561334066791459918e+04 -2.591558276442810893e+04 1.024445332586776931e+04 -2.002373558818374295e+04 -2.870166580425575376e+04 3.611722121830075048e+04 7.613768008071905933e+04 1.134018837823537178e+05 1.099928088358142413e+05 7.289566952967998805e+04 1.403703159291771590e+05 2.201528422231788863e+05 2.288727146282320027e+05 2.152333706186621566e+05 1.760046800819691853e+05 1.182432248594671255e+05
3.583100413496140391e+05 2.911476034380031051e+05 1.846630577207544120e+05 7.020277313189581037e+04 2.956893161754123867e+04 2.685127220465778373e+04 3.187536885263398290e+04 3.798006370896473527e+04 -4.565991260111331940e+04 -1.217231991200242192e+05 -8.512867442448623478e+04 -7.978792402194812894e+04 -1.476295407314319164e+05 -1.589192845777142793e+05 -1.210130650841164170e+05 -1.473723595344928326e+05 -1.439540742326064501e+05 -7.296433219336904585e+04 3.657671327935531735e+04 1.913730032625608146e+05 3.411909607599950396e+05 4.749245581997093977e+05 6.054833065357536543e+05 6.031341492419596761e+05 3.868090611160725821e+05 1.673942168755459134e+05 5.945764421718195081e+04 -2.532244034111499786e+04 -1.147841314796821680e+05 -1.365879664034580346e+05 -1.582032446237278637e+05 -2.439826537424242124e+05 -2.468420085194529966e+05 -1.723185176076369826e+05 -1.844532882759815548e+05 -2.561250785482116044e+05 -2.498444706550796982e+05 -1.856289981759621296e+05 -1.915248907462226925e+05 -2.218249808042304358e+05 -1.827052641916088760e+05 -1.849982054694555700e+05 -1.855315846821754239e+05 -1.518542810308284243e+05 -2.125198471429756028e+05 -3.077962447190649109e+05 -3.891739927569880383e+05 -4.266377883031954407e+05 -4.127945304103111848e+05
-1.674431324307806790e+05 -8.574128029169514775e+04 -4.386816140497103333e+04 -8.430111835827119648e+04 -4.998378389980643988e+04 5.965347473975265166e+04 2.809495745110319695e+04 -2.523426600964681711e+03 6.273795595625415444e+04 9.819495627423748374e+04 9.797377878916455666e+04 1.037120353255886876e+05 1.095994242257438164e+05 6.072286994778548251e+04 6.201622042572122882e+04 1.096849705860950780e+05 7.496170613914739806e+04 7.123596113407981466e+04 7.022262840066103672e+04 4.122697427519595658e+04 4.509823306812900410e+04 3.412859855568964849e+04 2.080130119808021118e+04 -5.289278210606396897e+04 -4.791631882893817965e+04 2.737619935185647046e+04 -4.320284353452763753e+04 -9.124495511874572549e+04 -7.070406276150602207e+04 -9.214510986232204596e+04 -7.730217870092031080e+04 -5.405364865786414884e+04 -9.348543835221814516e+04 -1.279063878697342443e+05 -1.038420680910347437e+05 -1.033654261613263225e+05 -1.334864641493186355e+05 -1.413328341091985349e+05 -1.472140692814718350e+05 -1.055589624494310701e+05 -1.381086217984565301e+05 -1.765776548744186293e+05 -1.054106158006467158e+05 -1.075038354261781787e+05 -9.729648918611987028e+04 2.027425606152974069e+04 1.502695616532590939e+05 2.527863294875700958e+05 3.359762925782650709e+05
-3.602467054990120232e+05 -2.027737235859967768e+05 -4.786617732257582247e+04 1.373118833499029279e+05 2.847564490197692066e+05 2.818858464283404173e+05 3.252064106415490387e+05 3.693848819541744888e+05 3.217952765861994703e+05 3.194551461038644193e+05 2.814112860942260013e+05 2.495804147049785824e+05 2.549738635378888866e+05 2.800096077774650767e+05 2.439427383092696837e+05 2.166566198761576670e+05 2.552352020051332074e+05 2.129669949004891096e+05 1.738096339837646810e+05 1.813098400284070522e+05 2.218086229485921795e+05 1.738779134652573848e+05 8.669374440796673298e+04 1.233768085716289934e+05 9.067812039167596959e+04 1.817719607613980770e+04 5.803897874662675895e+04 4.614136871416145004e+04 -7.519823870388790965e+03 -6.613820253172912635e+04 -1.249971977062523365e+05 -6.481631878064922057e+04 -6.784234929713397287e+04 -1.761259993712881114e+05 -1.883953253657086752e+05 -1.150872269284448121e+05 -1.090315099817235023e+05 -1.897676940530076390e+05 -1.592429324472326552e+05 -8.016390025382838212e+04 -7.668216424994193949e+04 -4.381424795719829854e+04 -4.513313646661106031e+04 -8.388652110006683506e+04 -3.785586131969501730e+04 9.576153954258188605e+03 -1.416599081130814739e+03 -5.095099830068764277e+03 6.813496709801722318e+03
1.184973126383265015e+06 9.646353533084040973e+05 7.036003041686487850e+05 4.729755607410329394e+05 3.557212243624962866e+05 2.763668689352921210e+05 2.060788421612232924e+05 1.365560235059820116e+05 8.808009854401461780e+04 4.732524249702692032e+04 -2.919000566354952753e+04 -6.133134712814399973e+04 -5.651849732152186334e+04 -1.072165885660797358e+05 -1.431276160094421357e+05 -1.327333929506130517e+05 -1.702856221341062337e+05 -2.138816273841075599e+05 -1.781761204497888684e+05 -1.703760734642855823e+05 -2.040539494331455790e+05 -2.127677932626102120e+05 -2.230330180726018734e+05 -2.222581734159034677e+05 -2.173315551725679543e+05 -2.141615503933280706e+05 -2.844188946508802474e+05 -3.328272325778387021e+05 -3.108082117442972958e+05 -3.314710011216809507e+05 -3.527539524447639706e+05 -3.647848571487710578e+05 -4.035673742764642811e+05 -4.005150097922887071e+05 -3.745474711374844192e+05 -3.366769408038817928e+05 -2.925552767061161576e+05 -2.991246858041273081e+05 -2.671780530747491866e+05 -2.592197604232925805e+05 -2.176660372444890672e+05 -1.472280900506306207e+05 -2.211392863758367021e+05 -2.229173530393742258e+05 -1.754116853559392039e+05 -2.349997194157906342e+05 -2.077818734920579009e+05 -1.382532710768280085e+05 -1.266407578485067934e+05
-2.969850392895739060e+04 5.254520192160271108e+04 9.358011989039380569e+04 5.154257283662457485e+04 9.907769776182249188e+03 4.436943546868837439e+04 8.848259521415457129e+04 9.519653878407552838e+04 4.678098370321094990e+04 4.419915789389051497e+04 1.198236598155929241e+05 8.814822342945262790e+04 5.510105641093105078e+04 1.181255883187986910e+05 1.205351553787477314e+05 5.525548814563057385e+04 5.478065369883552194e+04 1.239525649510321673e+05 8.385782287572487257e+04 1.574645156622864306e+04 5.737516812514513731e+04 4.893391009652987123e+04 -3.641575308749475516e+04 -3.596048105158866383e+04 6.052584606222808361e+03 -2.864730196772143245e+04 1.283342038281308487e+04 7.583769525983394124e+04 5.915328769828192890e+04 1.117596692428926472e+05 1.633393886324483901e+05 1.492790805478580296e+05 2.197882134653634857e+05 2.575968688179273158e+05 1.693240153102669865e+05 9.342137182713486254e+04 -1.263441357528790832e+04 -2.056721210444816388e+05 -7.282348680077102035e+05 -1.419797434910429176e+06 -1.557453899859684985e+06 -1.076395416148011573e+06 -5.955170233349765185e+05 -3.750818943697958603e+05 -2.535298800829341635e+05 -2.395390386192586739e+05 -2.842074095096909441e+05 -2.870511842239641119e+05 -2.756263167830132879e+05
1.347350259311497211e+03 7.192487865686416626e+03 9.656562993768602610e+03 -3.265442878706383635e+04 -3.577383097144775093e+04 -8.416482817847281694e+02 -7.080737668555226992e+04 -1.017371700680814392e+05 -7.333457486936822534e+04 -1.137735076062381268e+05 -1.516925220808480517e+05 -1.823329569248017506e+05 -2.148947849555406137e+05 -1.887294037977699190e+05 -1.843966588389592944e+05 -2.105510571412743302e+05 -1.724205997341779293e+05 -1.021757985395378200e+05 -1.031099370145237772e+05 -9.406665956717915833e+04 -1.262592987972334959e+04 1.891806703875749372e+04 8.656161017948784865e+04 1.633001887064892799e+05 1.674098247627260862e+05 2.081200341170185711e+05 2.121608316595663782e+05 1.995885046303741401e+05 2.204013451538048103e+05 1.979729080491231871e+05 1.745561651361640543e+05 1.607112261757722299e+05 1.570147612807346741e+05 8.345638948492734926e+04 -4.154566613724513445e+03 3.218431311659494531e+04 7.495399083942170546e+04 1.778313910390719248e+05 5.405600322585073300e+05 1.062068510956593789e+06 1.209553460194730433e+06 6.481415893451827578e+05 -5.583372500375821255e+04 -4.258137545990776271e+05 -6.343241779657546431e+05 -8.019906908157259459e+05 -8.807455528748704819e+05 -8.816242041659983806e+05 -8.689957009174220730e+05
-1.161973405908793211e+05 -1.874803947517648339e+05 -1.850032574404031038e+05 -1.114697197894565761e+05 -7.570790636236779392e+04 -7.904146380024030805e+04 -7.176885183202102780e+04 -2.547442929120734334e+04 -3.538289531948976219e+04 1.014097618171945214e+03 1.167486128967723344e+05 1.241745534492657753e+05 1.292689766536931274e+05 1.547641382599248318e+05 1.966294158028904349e+05 2.460117256175727816e+05 2.062156456767118652e+05 1.604704786872024997e+05 1.964393622556235059e+05 2.043780511640942714e+05 9.439105262514203787e+04 4.948636823333811481e+04 7.961056060041315504e+04 4.262993275886416086e+04 -2.880746017093785122e+04 -2.502793817315267370e+04 -1.996166752767764410e+04 -1.070499840169215458e+05 -8.502184320706903236e+04 -6.841421915451087989e+04 -1.284621196414809092e+05 -1.408993989042940666e+05 -1.431764409469912061e+05 -1.408938177081290050e+05 -1.528592674690298736e+05 -1.157284099503887701e+05 -7.203585479059256613e+04 -7.921890236437343992e+04 -1.217589492234399077e+05 -1.139298516570121283e+05 -7.177923392388049979e+04 -7.562395517714333255e+04 -4.065343495924014132e+04 -4.293543775915203150e+04 -1.063687124336138368e+05 -1.297444375953633571e+05 -1.016405973222571192e+05 -3.210007460205885582e+04 5.170491855475073680e+04
-2.777294341323429253e+05 -3.499089003086556331e+05 -4.645830801734699053e+05 -5.072827311302534072e+05 -5.098872456315439194e+05 -5.519531713542528450e+05 -5.050733242055864539e+05 -4.963701728708114242e+05 -4.669494500290604774e+05 -3.132630030484867748e+05 -2.730665712233169470e+05 -2.642716133652722929e+05 -1.037425700528544839e+05 -3.865374337066896260e+04 -7.224373765639029443e+04 1.702919707982800901e+04 9.266487530316249467e+04 8.517653734656027518e+04 1.602653098595328629e+05 2.072669289761688560e+05 2.120018381963011343e+05 2.825773698219563812e+05 2.753094262408562936e+05 2.758582992746960372e+05 3.175219927344003227e+05 3.585115906223653583e+05 4.003868263692125911e+05 3.871188099519356620e+05 3.319703539903277415e+05 3.089552671229466214e+05 3.602134502539408277e+05 3.458650430804120260e+05 2.662591392279148567e+05 1.540337240812371601e+05 6.555090025765815517e+04 2.681829689187009353e+04 -7.964138337061769562e+04 -1.988340329611677735e+05 -3.155845761857922771e+05 -4.552974721393535729e+05 -5.968714307597854640e+05 -6.355938473646542989e+05 -5.606609205470869783e+05 -5.232583192887258483e+05 -3.633484993386103306e+05 -5.358103354461491108e+04 1.955084534443460871e+05 3.744525610469260719e+05 5.307690047798585147e+05
2.643380171782335965e+05 3.476502499519846169e+05 3.880430193757636007e+05 4.227158662863075151e+05 4.584402539546135813e+05 4.540380904695484787e+05 4.610032357880843920e+05 3.903607541671954095e+05 3.013415180693847942e+05 2.982399808405897929e+05 2.591419796634000959e+05 1.499294851929883007e+05 7.640609339112415910e+04 6.268643910181708634e+04 2.829936868278309703e+04 -3.789925094228249509e+04 -7.984261006931774318e+04 -8.894376943469978869e+04 -1.299835241818799404e+05 -1.988398908881935058e+05 -3.091865292959838989e+05 -4.667481347813738976e+05 -6.240900202572823036e+05 -7.355125808715815656e+05 -7.669556289701720234e+05 -7.205856551125179976e+05 -5.583827613119494636e+05 -3.761240514402750414e+05 -3.131136754050385207e+05 -2.187669472256673034e+05 -1.644182339007961564e+05 -2.139894936175553594e+05 -2.152460948610689957e+05 -2.878168425825419836e+05 -3.365264567208942026e+05 -3.354783929383843206e+05 -4.026959516818169504e+05 -3.323212873842571862e+05 -1.481212386640254408e+05 1.104844152461737394e+04 2.406648426363263279e+05 4.960561784554733895e+05 6.770297081896550953e+05 7.452718241233390290e+05 7.509417686471727211e+05 7.234516969381347299e+05 6.376046070165472338e+05 5.938038057100477163e+05 6.016993089520714711e+05
-1.697900783899240196e+05 -1.645162219344638288e+05 -1.240552838379519526e+05 -8.883197663002647460e+04 -1.305930948443710804e+05 -9.526664590346626937e+04 -4.804566474398598075e+04 -1.179663321888076607e+05 -8.912957938271597959e+04 -5.213621049537323415e+04 -9.026427296805195510e+04 -8.151639397372491658e+04 -7.636649000691249967e+04 -5.030233433935791254e+04 -4.466256845742464066e+04 -3.244531349628232419e+04 3.645218837773427367e+03 -5.154901195782935247e+03 7.045614790869876742e+04 1.566444619419050869e+05 1.617760613211425953e+05 3.119856866868219804e+05 5.380916798743429827e+05 6.152546684653494740e+05 6.556208165350834606e+05 5.815339692251294618e+05 3.168459305749266641e+05 7.397758482489749440e+04 -5.651588943437654234e+04 -2.306203023262792849e+05 -4.439004754635965801e+05 -6.068402317853196291e+05 -8.346857287548509194e+05 -1.019003600726136356e+06 -1.026449618889018428e+06 -8.332688363117633853e+05 -4.073668114037704654e+05 2.993264565011486411e+03 2.235083245043642819e+05 4.186892091704052873e+05 5.721842816949367989e+05 6.019297286751687061e+05 5.587584201071863063e+05 5.159553759708078578e+05 5.229602325672756415e+05 4.969092311372500844e+05 4.865369422850210685e+05 5.545794165425446117e+05 6.366657552809806075e+05
-5.831175634870305657e+04 2.528725984739139676e+04 1.044593273336066632e+05 6.031838482478621881e+04 -2.172123971278779209e+04 -2.641828650841489434e+04 -5.811018098262138665e+04 -8.961723699350841343e+04 -1.400311691232491285e+05 -2.216015429247635184e+05 -2.995191438065378461e+05 -3.692106157809032011e+05 -4.430080599756910233e+05 -4.952103507076388341e+05 -5.667855127132495400e+05 -6.710238954692617990e+05 -7.519812394236217951e+05 -8.383109126519409474e+05 -8.769025408313605003e+05 -8.647436608583664056e+05 -8.941605059045823291e+05 -8.919129996688566171e+05 -8.118216498522101901e+05 -7.660484955355054699e+05 -6.800744637753814459e+05 -5.539916432905010879e+05 -3.893343263410497457e+05 -2.052080417645629495e+05 -2.598600167548283935e+04 2.220339450798928738e+05 4.661265646643005311e+05 7.958790811477256939e+05 1.171473487813494634e+06 1.472051280452867970e+06 1.680503928198012756e+06 1.633120220296550542e+06 1.365923941014333162e+06 1.087548190709205344e+06 8.878493948210962117e+05 6.662562488089296967e+05 4.052375205897256965e+05 3.229053239710632479e+05 3.185142979444927769e+05 2.019820202840487473e+05 1.355478235811463092e+05 1.489436691103032790e+05 1.411089138372335583e+05 1.361666159494775347e+05 1.443994511454352178e+05
1.374546773452311754e+05 1.420094732847064734e+05 1.419911705853885505e+05 1.764916960173288826e+05 1.730489003099501133e+05 1.679077734774907585e+05 2.148033719172235578e+05 1.038216646318321582e+05 5.264097515144362114e+04 1.280044011003337801e+05 4.908319465117505752e+04 -6.113817960955179296e+04 -1.364527582062873989e+05 -1.901695243769790977e+05 -3.024968345719389617e+05 -5.266165839333557524e+05 -6.886851025302897906e+05 -7.775388435064812656e+05 -8.181482152035456384e+05 -8.077676478913050378e+05 -7.608429089863774134e+05 -6.421400753653137945e+05 -4.844739122490873560e+05 -3.628294448379892856e+05 -3.183708481234498322e+05 -2.329229663463777397e+05 -1.080430342396721244e+05 -8.002661827602423728e+04 -9.396563184331147932e+04 -7.647034948691725731e+04 -6.153620732482499443e+04 -3.435025578364706598e+04 2.516069142147665843e+03 4.523549752775812522e+03 -7.448794546071672812e+03 -8.830547342076897621e+03 -2.354885698296129704e+03 -8.573908130638301373e+03 -1.376510039204731584e+04 -4.194464021478756331e+04 -3.517431479878677055e+04 -2.208625448402250186e+03 -5.418680147267878056e+03 -4.548356518498668447e+04 -1.111008057347498834e+05 -9.590732852462655865e+04 -6.380290313973091543e+04 -1.055781429330809042e+05 -1.728517394955260679e+05
1.297070058761141263e+04 -6.183055346598848701e+04 -6.173983667162270285e+04 -2.615823213243857026e+04 -2.843923192471265793e+04 7.005196352256461978e+03 1.577955547138117254e+04 2.448623160715238191e+04 9.302085608127526939e+04 9.032655201735906303e+04 9.134293721290305257e+04 1.796938776178285480e+05 2.231582610320763197e+05 2.879941984976176172e+05 4.123923640139399795e+05 5.025971833686346654e+05 6.140699332323858980e+05 7.584074150782541838e+05 7.929331145226021763e+05 6.811745381471698638e+05 5.667010733927593101e+05 4.464989074214822613e+05 3.269551597186370054e+05 1.718101397063587792e+05 -2.088528727181279100e+04 -5.381019478663825430e+04 -1.245234448963315226e+05 -2.528952936618594686e+05 -2.275237153016496450e+05 -2.487185765244069044e+05 -3.115561883104965091e+05 -3.220428037398967426e+05 -3.227747258159810444e+05 -3.196540590096263913e+05 -2.917962714110033121e+05 -3.307392615813291632e+05 -4.000348299334290205e+05 -3.275842817802919308e+05 -3.311229258286761469e+05 -4.343672995129588526e+05 -3.870944938017054228e+05 -3.142523885238920338e+05 -3.543096348398819100e+05 -3.549757657374723349e+05 -3.055840171070310753e+05 -2.510201712639529724e+05 -1.792745948897209018e+05 -1.451768177712797187e+05 -1.376653947576386854e+05
1.087539066444156924e+04 -6.437392773921604385e+04 -1.444470827048643841e+05 -1.094023143430239725e+05 -7.236031228909268975e+04 -1.567620641749817296e+05 -1.880695219512562617e+05 -1.795510285324417928e+05 -1.905783852690366039e+05 -2.728119938727467088e+05 -3.112269936979283229e+05 -2.617963465698995860e+05 -2.970669376454314915e+05 -3.104461071430704324e+05 -2.634239477850495605e+05 -2.109512395050844643e+05 -1.372501846030354500e+05 -3.034058128017932177e+04 8.544958942220546305e+04 9.405869034933857620e+04 1.782424358010750730e+05 2.959263595717491116e+05 2.954699118284048745e+05 3.757247539574742550e+05 3.783582878741430468e+05 3.053750741889234050e+05 3.506705445237458334e+05 2.990069843840324902e+05 2.446347667474763002e+05 2.606497385411055584e+05 1.959024064510596218e+05 1.834660905133938068e+05 1.808847505180174485e+05 1.045285300421530264e+05 1.474238412454706850e+04 -2.588130091666255612e+04 -1.946359395864425460e+04 1.290977270109578967e+04 7.597200616728630848e+03 -5.895300533738906961e+04 -8.991709698922955431e+04 -9.524974085506994743e+04 -6.042454416514356853e+04 -2.439179181703372160e+04 -5.299836595659126760e+04 -7.574779080692655407e+04 -8.051432960201081005e+04 -1.228115540428543463e+05 -1.918330047919853241e+05
-1.917640476988162263e+05 -1.874185577093158208e+05 -1.480847088003065437e+05 -1.128137543750926270e+05 -1.153592043847311288e+05 -1.200975297589320689e+05 -1.113741671398747712e+05 -2.301716348971216939e+04 8.532120031886722427e+04 8.215220892801880836e+04 1.228091102163310861e+05 2.512941824004520313e+05 2.942514086246954976e+05 3.192153186921494780e+05 3.253572368959429441e+05 3.366792416782120708e+05 4.083997558429838391e+05 3.549575374403501628e+05 2.318692715174984187e+05 2.392457364371510921e+05 2.439183862798379268e+05 1.647101640002802014e+05 8.654091108706803061e+04 4.953829155303514563e+04 9.193750917562330142e+04 5.929438153980323114e+04 -5.128123648464703001e+04 -6.280550411203876138e+04 -7.632524740649387240e+04 -1.375829081970732659e+05 -1.236264188960198080e+05 -1.343288938608027529e+05 -2.135148122138349572e+05 -3.275342972227368737e+05 -7.651337391010032734e+05 -1.733601914504539687e+06 -2.146686057399491314e+06 -1.176142683518121252e+06 -2.091226393252150156e+05 3.441639843862503767e+04 1.190009558934262022e+05 1.895363416592590511e+05 2.232580828131171875e+05 2.199335171259013005e+05 2.282664492167534772e+05 1.663622688932805322e+05 1.226689447532412596e+05 2.318816813162975013e+05 3.904332115745572373e+05
-2.766089823830404785e+05 -1.125015719200016465e+05 6.194800173398340121e+03 -3.935438320622802712e+04 -1.627756088704336435e+05 -2.084890916722360998e+05 -2.803378883597906679e+05 -3.922722730191892479e+05 -4.440072908764705062e+05 -4.874360323150175391e+05 -6.061216624465312343e+05 -7.559922513901259517e+05 -8.717039674066469306e+05 -9.246417496399951633e+05 -9.155942937661890173e+05 -9.012508469901517965e+05 -8.268392933043655939e+05 -6.787697761622255202e+05 -5.205750620714386459e+05 -3.510081084573175758e+05 -2.242979183408897370e+05 -1.812252889142837375e+05 -9.801069068373180926e+04 -1.467717773281037807e+04 -1.061119682155596092e+04 -2.523768009850289673e+03 5.987099377670791000e+03 3.443434344138950109e+04 6.070171516155824065e+04 3.867397591005964205e+04 1.337043639156036079e+04 8.080871481332136318e+04 1.185124597034887411e+05 1.590415971004399471e+05 6.517652463389111217e+05 1.617197649863079889e+06 2.005102601223623846e+06 1.101176848469769815e+06 -1.187598248086862732e+06 -2.755374171850264072e+06 -1.388504091273052385e+06 1.527067110862107947e+05 3.019679898675521836e+05 2.982624136819508858e+05 2.298244799813262653e+05 2.438784824812309816e+05 3.145391568413476925e+05 2.325820455176299438e+05 8.555858211707789451e+04
-8.232301079202431720e+04 2.008772464469075203e+03 4.353230062407092191e+02 -1.253212856955360912e+05 -2.887187252868898213e+05 -6.958288863382765558e+05 -1.490045282251666766e+06 -1.921655753860251280e+06 -1.448742707304192474e+06 -6.869691876799333841e+05 -1.223883674677922390e+05 2.490067620773334056e+05 4.925197358510922641e+05 5.977570122422184795e+05 6.043725151824762579e+05 5.757522507850083057e+05 4.071298287366521545e+05 7.335799756110622548e+04 -4.079315414698792156e+05 -9.153040274837980978e+05 -1.263923545057184994e+06 -1.296287542722419836e+06 -1.009662049146138132e+06 -6.450508690578872338e+05 -3.612846416456149891e+05 -1.536340011283755302e+05 -2.560638504335749894e+04 4.287656314787454903e+04 6.968697309261281043e+04 1.653746574826072901e+05 2.572849053482050076e+05 2.459396336821387522e+05 2.829389017517683096e+05 3.620487525884527713e+05 3.492772527807387523e+05 3.070979656954295933e+05 3.512630393472500145e+05 4.216124402347491123e+05 1.726574813325417927e+06 2.966055173607301898e+06 1.536415142931500217e+06 -1.729600280523166293e+04 -1.367130015266589762e+05 -1.383144491177523741e+05 -1.667709266615569941e+05 -7.423349392600337160e+04 -3.993541164090903476e+04 -1.208033281599627808e+05 -1.908292065479302546e+05
-5.668809466005768627e+05 -4.820261054078585003e+05 -3.621626832976471633e+05 -2.454961894615553319e+05 -5.679971429053694010e+03 5.929488528787619434e+05 1.446066191579447594e+06 2.016324864195195725e+06 1.721525678141044453e+06 1.033207491511711502e+06 6.315588758641390596e+05 4.395673700491900090e+05 -4.003647222870492842e+05 -3.579979076210873667e+06 -5.249467176239702851e+06 -2.144249920478319749e+06 2.946113420987972058e+05 5.598995938594448380e+05 9.945786055352068506e+05 1.399382925613317173e+06 1.640343217147744261e+06 1.638450422170571284e+06 1.359493542421844555e+06 1.001427510797512019e+06 6.843608787970142439e+05 4.523110158613418462e+05 3.402265754155812319e+05 2.093400932149965083e+05 1.561497494473584229e+05 1.723370537138542859e+05 6.663163091172487475e+04 -2.287155719473958015e+04 -6.332379849511187058e+04 -1.003861267212779494e+05 -7.234350966289616190e+04 -7.425714728189632297e+04 -1.843645931081847521e+05 -2.281337650341452099e+05 -1.934216093213763088e+05 -2.199610832426691195e+05 -2.495500746858310886e+05 -2.547600270179104118e+05 -2.579995912138831336e+05 -2.591063601267528720e+05 -2.488825002079834812e+05 -2.705157298000987503e+05 -3.111519321915699402e+05 -3.147258011065414757e+05 -3.087904286384521984e+05
-4.498960276262373663e+05 -2.840774733910802752e+05 -2.042996374389622360e+05 -2.081496140151284635e+05 -1.285931151395197958e+05 -1.326494898705282249e+05 -1.626893821172411554e+05 -1.122663229471072555e+05 -1.227143015235196799e+05 -8.478620011475868523e+04 -1.222621897165672854e+05 -1.111267168086487800e+05 7.351640913938167505e+05 3.885974788008023053e+06 5.650864813574587926e+06 2.610072316358560696e+06 2.336659908271396998e+05 2.578037131449670997e+05 1.729716433712746948e+05 1.001112407597247511e+05 1.446153841493651271e+05 1.867779026296925731e+05 1.109578340023290366e+05 7.364185227430379018e+04 1.157849439163692296e+05 8.349353717989334837e+04 9.109564699465455487e+04 7.943222351139411330e+04 2.695663289050571620e+04 8.263447433826560155e+04 9.464901139261201024e+04 5.078136719529982656e+03 -3.567782031954266131e+04 5.633745886152144521e+03 3.367259561433503404e+04 -4.755769174196757376e+04 -1.192447446950245649e+05 -1.631347171193924733e+05 -2.070856862328951247e+05 -2.334770709974681959e+05 -3.409005675581297837e+05 -4.632669046439700760e+05 -6.607909004040975124e+05 -8.938947895320623647e+05 -1.036835712965113344e+06 -1.133093450200973777e+06 -1.092116936299718218e+06 -9.768863952415976673e+05 -8.927421018644049764e+05
-9.289602382690622471e+04 -8.524247457971796393e+03 6.980027804849692620e+04 2.364751428365684114e+04 -6.009231627802364528e+04 -6.614267790107987821e+04 -1.383173962309956551e+05 -2.107494824763855431e+05 -3.039474610472097993e+05 -3.890202304790725466e+05 -4.278386785939803813e+05 -5.387629050528632943e+05 -5.765008280624167528e+05 -6.309910569700875785e+05 -6.623686191800513770e+05 -5.683531075075736735e+05 -5.370170224038886372e+05 -5.119055638578718062e+05 -4.742654402530749794e+05 -3.843292889615985332e+05 -2.568110458436419722e+05 -2.103017142263706774e+05 -2.019336389575621579e+05 -1.572355774661991745e+05 -7.363871257402934134e+04 -2.410494074109010398e+04 -5.471411451115296222e+04 -6.500100001343549229e+04 -3.587429388542659581e+04 -1.901141222449950874e+04 3.295329476241022348e+04 2.397026608465216123e+04 -1.594053314882353880e+04 -1.333409385057166219e+04 1.569232006440870464e+04 5.292728601139970124e+04 6.005468399613164365e+04 5.532228373456746340e+04 8.930143545498116873e+04 1.796911485120649450e+05 1.883063913136720657e+05 2.589099387219168711e+05 4.482444731239217799e+05 6.000375439354701666e+05 7.618735130724967457e+05 7.747314729832557496e+05 6.527473370858940762e+05 6.072357963281667326e+05 6.101537767820875160e+05
-1.805374630726885516e+04 -9.558872562367469072e+04 -9.801385231781762559e+04 -6.234502733335830271e+04 -6.411732736625708640e+04 -2.889934282167814672e+04 -1.923429523827508092e+04 7.110018266714212950e+04 2.213091851002536714e+05 2.171840468421577243e+05 2.592744957830294734e+05 4.312249565660022199e+05 5.137143660883882549e+05 4.980831077951004263e+05 5.055358465714378399e+05 4.764495690492915455e+05 4.244476064422636409e+05 3.258793507830704330e+05 1.998644330166279105e+05 1.668819687375797657e+05 5.112107319408119656e+04 -1.041478034283500165e+05 -1.358358310186306480e+05 -1.719286918954455759e+05 -2.491697076952550560e+05 -3.193020963377783773e+05 -3.495245118578893598e+05 -3.589394827093935455e+05 -4.081015705352180521e+05 -4.304974527342708316e+05 -3.778910959244240075e+05 -3.849425030639405595e+05 -3.835876482399198576e+05 -3.794806051603514934e+05 -4.277773075830189046e+05 -3.493773441074882867e+05 -3.401864075579217169e+05 -3.825150991266134661e+05 -3.464352239540312439e+05 -3.320548475673412904e+05 -3.207970038161152042e+05 -3.651344248000534717e+05 -3.292297740047788247e+05 -2.512045737623707391e+05 -2.411476526525812224e+05 -2.239002875785804354e+05 -1.854281654441729188e+05 -7.238975390908401459e+04 8.749418380321003497e+04
-2.649092832335735438e+05 -1.801086394314188510e+05 -1.015817655331920978e+05 -1.067453197774011642e+05 -1.086269710375927389e+05 -7.358160810428671539e+04 -1.046295885159633763e+05 -9.540472820983265410e+04 -6.682493274449370801e+04 -7.092299948795692762e+04 -6.890192896826198557e+04 -5.837295833742251853e+04 -5.632691597333177924e+04 -7.104827741626644274e+04 -6.237407848588185152e+04 -9.472408464644104242e+03 -2.025584827410057187e+04 -7.780413836822845042e+04 -4.130184963578358293e+04 -3.288525150856003165e+04 -2.709981053485546727e+04 -2.021592731354781426e+04 -5.109398121130664367e+04 -6.753421970643219538e+03 3.613753511919640005e+04 5.681402729824418202e+03 -6.525807709433150012e+04 -3.539857121650129557e+04 3.467748638126067817e+04 -2.898463755031139590e+04 -5.764950223383505363e+04 -2.581790852127596736e+04 -2.552910350961633958e+04 -2.282279284321691375e+04 -7.232285777223319747e+04 -1.140564662381074158e+05 -6.650796170113596600e+04 -3.075146257411700208e+04 -7.506438899086765014e+04 -2.256700401194381993e+04 6.619171640137222130e+04 5.922891523456200957e+04 5.412084789830248337e+04 1.302648254635287449e+05 2.167723279481291538e+05 2.318419040017755469e+05 3.074633258406550158e+05 3.411579413595606457e+05 2.656471415911733638e+05
9.792833886342099868e+04 1.016001357487402856e+05 1.396477565169332083e+05 1.754878936870957259e+05 1.739861642441246659e+05 2.092027909250461962e+05 2.189489567955024540e+05 1.876012738351707812e+05 2.161042379506399157e+05 2.118459671013987390e+05 2.137476550217254553e+05 2.646885900793132605e+05 2.256959655357057927e+05 2.105334627605042770e+05 2.188915316422934411e+05 1.903492062003352330e+05 2.192448683292605274e+05 2.012990457529666892e+05 1.562644602335057571e+05 1.639693972922395333e+05 1.288050040882079629e+05 1.353957177314443397e+05 1.850827764056160231e+05 6.792591262026736513e+04 -5.051152119180178852e+04 -4.063172889407724142e+04 -1.516359824372925796e+05 -3.216838540625764290e+05 -3.304164318519179360e+05 -2.734179257741196780e+05 -2.218391389190219925e+05 -1.492179435980505659e+05 -1.084275495761545026e+05 -6.564113292377453763e+04 -3.537965276511386037e+04 1.963529519270989113e+03 9.781616429099696688e+03 5.754739986732602119e+03 4.020110071985982358e+04 1.377761113340966403e+04 2.372891243314411258e+04 5.626675067003822187e+04 9.031992914737178944e+04 8.824655770091316663e+04 5.722771548782475293e+04 3.381952431052917382e+04 3.263288941583631095e+04 1.844889006938294624e+05 4.220752600592050003e+05
9.488820370752364397e+04 9.861868631560355425e+04 1.366733893158379942e+05 1.319954117003357969e+05 4.938447552151046693e+04 8.484291849308647215e+04 1.356314200360793620e+05 1.045761320565361530e+05 1.739972743636462837e+05 1.699385040614288300e+05 5.034770675003505312e+04 1.017712894524447620e+05 1.443078925414010882e+05 8.898230253718793392e+04 9.787230024696327746e+04 1.103479976928792894e+05 1.395223664666991681e+05 1.218582691391927656e+05 1.177290196192916483e+05 1.663440122792962939e+05 1.315358161937908735e+05 1.790404241369105875e+05 3.098554934165446321e+05 3.534571893222164363e+05 4.353475811227691593e+05 5.244331810728178825e+05 6.121559662790969014e+05 7.203801483789006015e+05 7.086124447616748512e+05 6.420524566434321459e+05 5.705122513079548953e+05 5.206996430701117497e+05 3.997354393231240101e+05 2.415161238412838429e+05 2.307250952324829996e+05 1.876776195142883807e+05 7.557844450813718140e+04 3.168898002360947430e+04 -1.326276231557130814e+04 -3.962129127816297114e+04 -6.872426731744827703e+04 -1.936803088209121488e+05 -6.310606838809309993e+05 -1.810083440783211030e+06 -2.385385846253491007e+06 -1.184104543050049338e+06 -3.557519877793150954e+03 2.666508244001292624e+05 3.472392169269672595e+05
-7.002528278622787911e+04 -6.649245007429271936e+04 -1.102778539911378175e+05 -1.152905442472547293e+05 -3.518985574482940137e+04 -4.071073054685257375e+04 -7.154767323052510619e+04 -2.130066758021712303e+04 7.319551856489852071e+03 -3.764143373351544142e+04 5.402573782485094853e+03 5.685893047018919606e+04 1.779217210016213357e+04 8.420007575652562082e+04 9.308340689516626298e+04 2.421753862523473799e+04 9.355814845650445204e+04 1.564034395595079986e+05 1.115599069406744093e+05 7.904310484998859465e+04 8.449904159526317380e+04 1.326746103458573343e+05 1.838163011358123040e+05 1.874419672926887870e+05 1.892999812832567259e+05 1.587715224665590504e+05 1.674211223982275696e+05 1.570836203335787286e+05 1.075409346667583595e+05 8.271569178788908175e+04 1.252810621052066563e+04 -7.477434300235523551e+04 -2.333838890295014135e+05 -4.689872678625390399e+05 -7.155594489490616834e+05 -8.347902951354623074e+05 -8.236420889757570112e+05 -7.051437952730352990e+05 -4.302152662409937475e+05 -1.380320693540850189e+05 7.062237680773367174e+04 2.607713560434051324e+05 8.058288498583694454e+05 1.941513302649846533e+06 2.415096981216926593e+06 1.245202586078081746e+06 -9.339686241234070621e+04 -5.681074088090073783e+05 -7.214939622883559205e+05
-1.171782999171409756e+05 -3.210792803554798593e+04 8.686085301917034667e+04 2.040482398611493118e+05 2.434604118531569839e+05 1.967986386234406382e+05 1.656557739421259030e+05 5.267107804538655910e+04 -2.450976840278597083e+05 -5.755711720150427427e+05 -8.575969760026789736e+05 -9.273290450475185644e+05 -7.622039193357337499e+05 -5.317794199788474943e+05 -4.403095991583541036e+05 -4.675488728401255794e+05 -4.380940704268869013e+05 -3.744361980690155178e+05 -3.772048015682958066e+05 -4.891070705640595406e+05 -4.818780654680449516e+05 -3.899672857741825283e+05 -3.757612570305364206e+05 -3.294912263762666844e+05 -2.852314506692346185e+05 -1.925460495729930699e+05 -1.013320866145663895e+05 -2.961232325411401689e+04 8.341717932722531259e+04 1.792638203687965870e+05 3.490401177410962991e+05 5.016029909567455761e+05 7.008523616334437393e+05 1.020649400756228250e+06 1.247131795953027438e+06 1.439133732977787964e+06 1.521593872436787235e+06 1.353816118994730292e+06 1.105721479810308665e+06 7.984522175975120626e+05 4.105255847517389338e+05 -3.875776599731717724e+05 -1.811509612498334143e+06 -2.477492277005224489e+06 -1.515738804847943131e+06 -3.535931810503816232e+05 1.973430090979696251e+05 5.066859696048744954e+05 7.438738035980965942e+05
2.086368754610885517e+05 -3.273868711781693855e+04 -1.994533180398865370e+05 -2.454728053603321023e+05 -3.283069219836033881e+05 -3.747493522474541678e+05 -2.016467827744781389e+05 -2.892993665416724980e+04 1.624677218450231012e+05 5.650034696666987147e+05 7.706807478924751049e+05 6.583619938837370137e+05 2.516365677875000401e+05 -9.024566332867832389e+05 -2.234012998889665119e+06 -2.340507564127911348e+06 -1.333618256367046619e+06 -5.377094394911546260e+05 -2.156975592917297035e+05 -4.429086281685158610e+04 4.294630574411666021e+04 9.319331568549387157e+04 1.062637134082620032e+05 1.107098175131250173e+05 1.130863983347080648e+05 1.239486057846806943e+05 5.291878346819337457e+04 4.351799676194787025e+04 7.617402924923226237e+04 1.121047833235887811e+04 6.091635786811821163e+04 5.470322349341539666e+04 -6.395135653438093141e+04 -2.070755999884568155e+04 5.055213450221344829e+04 8.396646920592058450e+03 -2.308677534805610776e+04 -2.612739857984706759e+04 4.819562780787236989e+04 1.807095246191597544e+05 3.489929769490859471e+05 1.012062967555826996e+06 2.344615350995439570e+06 3.005307654538195580e+06 2.097770861407054123e+06 9.648756813676999882e+05 4.503659412811966613e+05 2.091776551061784849e+05 5.364112549577560276e+04
1.653687420976348221e+05 5.751104175578802824e+03 -1.199977901554666460e+05 -1.248893662530463189e+05 -1.257526677660644054e+05 -2.127570848481263965e+05 -2.840753080102147069e+05 -2.740819045517127961e+05 -2.044242436019703746e+05 -2.493576723244038876e+05 -3.276085120579227805e+05 -1.939461901376494206e+05 2.146542076382318046e+05 1.135329953016479965e+06 2.322098068448248319e+06 2.453269721774850506e+06 1.380726197119804565e+06 5.062809380714313593e+05 1.760545929148793221e+05 6.146208823425695300e+04 6.606961218058154918e+04 3.445760904345638119e+04 -3.368834518361859955e+04 -1.106832402630241122e+05 -1.088028355431740638e+05 -5.759077882743463852e+04 -8.883225776138738729e+04 -1.786137939710172359e+05 -1.854241103853567038e+05 -1.704702378436923027e+05 -2.018494866904800292e+05 -1.671059984213209245e+05 -2.050419258070182987e+05 -2.415213054046035977e+05 -2.091396239923777757e+05 -2.508390911109743174e+05 -2.415762643434569472e+05 -2.037934260722253821e+05 -2.085119087633211166e+05 -1.938240050047165132e+05 -1.819658831553537166e+05 -1.882819700846450869e+05 -1.928909013653168804e+05 -1.541280197864397778e+05 -1.454063187877181917e+05 -2.085538418800564250e+05 -1.679129345854740532e+05 -5.301869674236568972e+04 2.747257223934924696e+04
7.763760666712198872e+04 8.108739804127241950e+04 3.635458846110862214e+04 -9.857058243360370398e+03 2.981996434275060892e+04 6.459710820112389047e+04 7.418668000260356348e+04 4.273678183672018349e+04 -5.164924688288010657e+04 -5.700955800944939256e+04 2.721143558155768551e+04 -2.979206866584485397e+03 -8.420245753950427752e+04 -9.917117087286885362e+04 -9.020644531352445483e+04 -3.746107548591657542e+04 -1.029689659131702501e+04 -7.100533586461097002e+04 -1.159606949670704780e+05 -6.758199887932266574e+04 -2.219748532515938859e+04 -1.159587808768253308e+04 3.391485321335494518e+03 7.289235739735770039e+03 -3.152166466345079243e+04 -2.019393484341003932e+04 2.909813462989404798e+04 -1.995420161867514253e+04 -6.560819459264178295e+04 -5.196090755402098875e+04 -4.683585967868799344e+03 -9.041721401736489497e+03 -8.687373835709888954e+04 -1.233240843820385635e+05 -1.303871426195837557e+05 -1.323115568491630838e+05 -1.228114494681357173e+05 -1.646157161670274218e+05 -2.494026241521348420e+05 -2.741744918678879621e+05 -2.616134097741455771e+05 -3.073195133684204775e+05 -3.909450017334882286e+05 -4.305275284312672447e+05 -4.608012469683313975e+05 -4.841372488555486780e+05 -4.812761415203575743e+05 -4.835379115375676192e+05 -4.818848422518838197e+05
-1.284312896523620002e+05 -3.698030118830502033e+05 -5.370249167573634768e+05 -5.423784596566108521e+05 -4.616554928268305957e+05 -3.042702979000751511e+05 -9.047077939030708512e+04 4.145583784324128646e+04 6.951963830390013754e+04 1.456531007785815164e+05 2.299308867275250959e+05 1.996391749614850851e+05 1.996181354532017140e+05 1.844313361064995406e+05 1.523763827106449753e+05 1.641322861332446337e+05 6.898791686631762423e+04 7.912754619028419256e+03 4.402758714975789189e+04 -2.958274877863004804e+04 -1.060986149101516930e+05 -9.514892446692101657e+04 -1.201014249422589783e+05 -1.564567057462407975e+05 -1.545810999092645943e+05 -1.427835788158699870e+05 -1.739240409131163033e+05 -2.223518694494855008e+05 -2.267385007382835029e+05 -2.530516855337191664e+05 -2.055581581080335309e+05 -1.687608340522281069e+05 -2.859484117943801102e+05 -2.817177935317161027e+05 -2.078859678003936715e+05 -2.094778865843545063e+05 -1.995826820365617750e+05 -2.011413490725684678e+05 -2.060977479431311367e+05 -1.910793353337789886e+05 -1.389490467391441343e+05 -1.452408061851746170e+05 -1.500833012489598477e+05 -7.142409373423992656e+04 -2.370125344023131765e+04 -8.974187276326119900e+03 3.183357623871450778e+04 1.073660803737576352e+05 1.870854966144510545e+05
7.674674687732473249e+05 1.015848230001283926e+06 1.134287523771635955e+06 1.047214790626894450e+06 8.827677860611584038e+05 6.723566958715673536e+05 4.775158618169371039e+05 3.232848117349199019e+05 1.875718584377318621e+05 1.000158301275223494e+05 6.168148148688487709e+04 -9.657814839156344533e+03 -1.321650216844864190e+05 -1.474240506382193416e+05 -1.387463420745916665e+05 -2.082718901312910020e+05 -2.628005746670537628e+05 -2.831935281073674560e+05 -2.874128507194109261e+05 -3.201697660342324525e+05 -3.559746760851694271e+05 -3.442442982725333422e+05 -3.276378464058511890e+05 -3.232689941429996397e+05 -4.019878732867073268e+05 -4.299323821626604768e+05 -2.993545558128965786e+05 -3.067001655802602181e+05 -3.906065038824452786e+05 -3.367410618730351562e+05 -3.298676007834726479e+05 -2.922151819802818354e+05 -2.080223341018435312e+05 -2.437435869791076693e+05 -2.497570550965608272e+05 -2.111070514016318484e+05 -2.009262556314933463e+05 -1.623428254039029125e+05 -1.276719224778935313e+05 -1.526204845390744740e+05 -1.004875411442475161e+05 -2.733762973337445874e+04 -7.212254621903388761e+04 -7.297990548424387816e+04 1.419575578882324044e+04 6.800732554518606048e+04 6.935633517452527303e+04 1.055090475082386984e+05 1.849793003080384806e+05
1.080573205277326051e+05 3.033278507646173239e+04 -5.515953548136143945e+04 -6.035246823215845507e+04 -2.007887406391091645e+04 -6.660404838155955076e+04 -5.685980528476648033e+04 -6.451374369207769632e+03 -5.992087866179633420e+04 -6.550902901100926101e+04 1.921385198947985191e+04 -1.077932660700741690e+04 -5.162801251164631685e+04 1.499499451485462487e+04 -1.666147319483570755e+04 -4.527210620115505299e+04 2.211048588971601566e+04 1.599909808719530702e+03 -2.579850163310766220e+03 4.560976507025765022e+04 4.984174646669998765e+04 6.146915985038504004e+04 1.185098851844670717e+05 2.028455739689521724e+05 2.037840201251673279e+05 1.747899911645798711e+05 2.231062816374470713e+05 2.952034813014330575e+05 2.911511768458876759e+05 2.622138365684079472e+05 2.264994766551535577e+05 1.828982853912750725e+05 1.856536739831799641e+05 1.488539883831981570e+05 6.207672485965280794e+04 -2.020423514069989324e+04 -9.025913984398357570e+04 -2.512589815491812769e+05 -4.957466960826416034e+05 -8.382447647501225583e+05 -1.261477597283669282e+06 -1.463466149499875028e+06 -1.226245579506500158e+06 -6.680303139635345433e+05 -2.618777155864532106e+05 -4.941202973481244408e+04 1.504448601708293427e+05 1.868451017723423429e+05 1.074648697744081728e+05
6.353995415265666088e+04 6.757908282917930046e+04 6.379303106456063688e+04 5.892609743284987053e+04 5.888599194120615721e+04 5.336629389086738229e+04 2.259497029124759138e+04 3.248739409958949545e+04 1.012584242213051766e+05 9.570052511640824378e+04 5.856881282525137067e+04 6.934480053256265819e+04 1.097787045012227900e+05 1.358004290168173029e+05 1.447045627876649960e+05 1.972319854586386937e+05 1.831921009998770896e+05 1.218582010350655328e+05 1.176831252861301764e+05 1.656454106175805500e+05 1.696440757135859458e+05 1.408104927139357314e+05 1.576655599765948136e+05 1.206814128533006879e+05 1.216514075628949795e+05 9.311311576515459456e+04 2.058027657913055737e+04 1.282726632547564805e+04 -3.026980414171691518e+04 -9.878517529461544473e+04 -1.339073708083014935e+05 -1.759708435996443150e+05 -2.520952369342566235e+05 -3.275839711457953672e+05 -4.126869178400375531e+05 -4.535248261399100302e+05 -4.023701413732484798e+05 -3.628144921152858878e+05 -2.083852394705178449e+05 2.448393897293129121e+05 6.942691167758337688e+05 9.243022917804783210e+05 8.373146903968859697e+05 4.373387162282583304e+05 4.701690832269517705e+04 -9.816226204158703331e+04 -9.604068107670196332e+04 -1.382678764639411820e+05 -2.172627964243260212e+05
9.650604475638805889e+04 1.974196711671538651e+04 -2.454259700258262455e+04 5.195118326577357948e+04 9.300800294731743634e+04 6.540312360739335418e+03 5.700780649669468403e+04 1.482157503406052710e+05 9.505082009243802167e+04 8.925710373092442751e+04 1.337890405149665312e+05 1.039379195612856420e+05 1.033796941279433377e+05 1.701022372941951617e+05 1.789082521526142373e+05 1.098411439929622575e+05 5.537946707103407243e+04 3.474781589116899704e+04 -9.352604235755276022e+03 -1.228713000135030161e+05 -3.207215384743168834e+05 -5.900897209346299060e+05 -8.935153783229195978e+05 -1.130220590768148191e+06 -1.207420375233049970e+06 -1.071737170228734380e+06 -7.795292180881365202e+05 -4.628383391839461401e+05 -1.814986372669227421e+05 -4.898839822853915393e+04 7.586818814976094291e+04 2.354419983795387670e+05 3.597438948752828874e+05 5.235458164790174924e+05 6.371601367683615535e+05 7.937181687564579770e+05 9.618088095285925083e+05 1.037821172914702562e+06 1.068875694782472914e+06 1.040759462226412143e+06 1.050189458724346245e+06 1.040858769865010283e+06 9.138352297514186939e+05 7.915656634373599663e+05 7.174537261459061410e+05 6.889293862099274993e+05 6.099558592750690877e+05 4.873041750467373058e+05 4.072509920061472803e+05
-4.727762464049736736e+05 -3.873668334272225620e+05 -3.507768763590138406e+05 -3.557163183321243851e+05 -3.958318950212560594e+05 -4.417267856001853943e+05 -4.319463459635152249e+05 -4.218339937005660031e+05 -4.747941796388478251e+05 -5.209637613303492544e+05 -5.164837674715092871e+05 -5.053783075918911491e+05 -4.650411090429406613e+05 -4.381385855609548744e+05 -4.286592464416751172e+05 -4.159002871415582485e+05 -3.481215104705190752e+05 -2.870526907709427178e+05 -2.090612540766596794e+05 -3.914780341438017786e+04 2.072934463282572106e+05 5.832662602607167792e+05 9.641286659892667085e+05 1.288730030852601863e+06 1.448965803874888923e+06 1.297819384116446832e+06 1.021469168167094933e+06 8.515004656557008857e+05 7.281055733654645737e+05 6.163570284075103700e+05 5.377376147010363638e+05 4.954212659527556971e+05 4.984649210015800782e+05 4.614216297632078640e+05 4.152896526653780602e+05 4.523417065979442559e+05 4.618711193266790360e+05 3.401960674475417472e+05 3.327562111162110232e+05 3.862886365724247880e+05 3.183749205153430812e+05 2.716763276956044137e+05 2.266565597802391276e+05 2.257869884371757507e+05 1.929365745955156162e+05 8.574369038920849562e+04 8.777131529292091727e+04 1.251653004263062030e+05 1.245139932900201529e+05
-1.551726002874784172e+05 -6.951194406719878316e+04 -3.269628909183666110e+04 -7.758365706307813525e+04 -7.653234358062036335e+04 -4.120036416687065503e+04 -7.189411171944811940e+04 -6.171206366969266674e+04 6.503490706672833767e+03 4.539788211695849895e+02 -3.532739838352432707e+04 1.562824797350901645e+04 9.541673113009886583e+04 8.162345285876654088e+04 9.646613493096083403e+03 6.198237521690339781e+04 8.866177133168117143e+04 2.797526122420094907e+04 6.513205572962760925e+04 7.274582386133261025e+04 3.565992930787606747e+04 8.568959385156456847e+03 2.786352386465301970e+04 1.112522227212319267e+05 7.201560501358433976e+04 4.407460690708772745e+03 1.158388061332516372e+04 4.557680732221351354e+04 8.663388748536813364e+04 1.563644713256473187e+04 -6.269435051712203858e+04 -2.162533882539684419e+04 6.374564842320983735e+04 2.861645311233622488e+04 -5.492900889017619920e+04 -1.623441930627467809e+04 -4.840947749326136545e+03 -4.513335037627267593e+04 -1.198318818002025364e+04 2.584403723012655973e+03 -6.405812496435872163e+04 -6.990412688697729027e+04 -3.467336290399532299e+04 -3.482429690076975385e+04 -6.730708866147309891e+04 -5.580506567028333666e+04 2.557963507133576786e+04 2.376181801781122340e+04 -5.598716326523618773e+04
-3.665288522141065914e+04 1.296441924921236932e+05 2.873705575917845708e+05 3.635178911173716187e+05 3.244362312718294561e+05 3.193908686912617995e+05 4.093487014912533341e+05 4.192840561969208065e+05 4.064112004067285452e+05 3.998180527379735140e+05 3.235535617917776108e+05 3.334990214474964887e+05 3.721438130794556346e+05 3.176849225675684866e+05 2.451170380727853626e+05 2.163171880308073014e+05 2.022719253657851368e+05 1.414146988652646542e+05 5.791307663545012474e+04 2.500667053507640958e+04 2.745325263589620590e+04 4.032500821631401777e+04 1.970904268673621118e+04 -5.788306617643684149e+04 -9.719321741140447557e+04 -8.440845255507156253e+04 -7.808539934456348419e+04 -1.234216009452939034e+05 -2.004191568901294377e+05 -1.925432690151496790e+05 -1.522906621138099581e+05 -1.894173006026546936e+05 -2.624033840466295369e+05 -2.964841775409879629e+05 -2.588058278698003851e+05 -2.986448663601183798e+05 -3.653612493036777014e+05 -4.041977750742814969e+05 -4.896287628181741457e+05 -5.139505776460267953e+05 -5.396066741889821133e+05 -5.835299129388305591e+05 -6.260346832347550662e+05 -6.642875174712401349e+05 -6.169504561380032683e+05 -5.663206296379198320e+05 -5.236760321294427849e+05 -4.059648389939686749e+05 -2.487237066763844341e+05
-3.226655735797244124e+05 -2.370191672327928245e+05 -1.202191318653058261e+05 -8.465916497982107103e+04 -1.231735969241708517e+05 -8.795193761121481657e+04 -1.188471506675704150e+05 -1.087496052263304591e+05 -4.125136423739616293e+04 -1.278633910999633372e+05 -1.628425934992263792e+05 -1.126625799981412711e+05 -7.405597771401517093e+04 -8.727221600711345673e+04 -1.591429615649394109e+05 -1.871312691399361938e+05 -1.600677095085849869e+05 -1.396781290112994029e+05 -1.817094317625741824e+05 -1.740349697507917299e+05 -1.716303920734204294e+05 -1.981485251942648320e+05 -1.379838854121046897e+05 -1.752857344364742748e+05 -2.539891875430474756e+05 -1.610187280818357540e+05 -1.150985851767474669e+05 -1.992624040355444304e+05 -2.347218760789836524e+05 -1.878210412722544279e+05 -1.881525231292468961e+05 -1.842855619231703458e+05 -1.373623099457478384e+05 -1.316297657799440203e+05 -9.373772093560523354e+04 -9.403711030725366436e+04 -4.204155638581118546e+04 7.691441573551855981e+04 1.486111136211548001e+05 2.020817773055746220e+05 2.145927487779413350e+05 2.878566196328026708e+05 4.017145978624456329e+05 4.406352783867631224e+05 4.070980614842856303e+05 3.765809756587248994e+05 3.387892619951164816e+05 2.192837484704804374e+05 6.065573148312605917e+04
-4.060336552792694420e+03 8.136529285577125847e+04 1.576904544967697002e+05 1.127749857935123146e+05 3.401626273873262107e+04 2.885528002283535898e+04 -2.479830888332799077e+03 -3.268996010185219347e+04 -4.562498993123881519e+04 -5.264888547011651099e+04 -4.777775264112278819e+04 -7.804061071015940979e+04 -1.595719763811212033e+05 -1.728011266712564975e+05 -1.651484425179660320e+05 -2.728085094399284571e+05 -4.047079569171187468e+05 -6.223193923709914088e+05 -1.179619313456350705e+06 -2.004885725617640885e+06 -2.358620677795257419e+06 -1.748022276536791585e+06 -8.530812941794297658e+05 -3.345205845253078733e+05 -1.350476461171635892e+05 -4.233003025176003575e+04 4.232832059613429010e+04 7.783885783865116537e+04 8.316514682141155936e+04 4.936807536403625272e+04 4.768088352633616887e+04 5.242260962608247064e+04 -1.919913527788617648e+04 2.610731460736086592e+04 2.495205803890689276e+04 -9.375156987691274844e+04 -8.090865100850351155e+04 -4.088939992245286703e+04 -1.271979442797596566e+05 -1.918956498650363646e+05 -9.999189393594791181e+04 -1.047222029918336775e+05 -2.264214110386085231e+05 -2.258440617949236184e+05 -1.404173404898035806e+05 -9.202336406917264685e+04 -8.974583646515407600e+04 -5.101318223052704707e+04 2.672762898378912359e+04
7.867174980917478679e+05 5.543108902138192207e+05 3.923376467358319787e+05 3.881316427735144971e+05 3.106296572880819440e+05 1.469802643638104200e+05 3.643072064733132720e+04 -1.920029785088265780e+05 -6.019294941937549738e+05 -1.085419438725802582e+06 -1.318010885128752096e+06 -1.148751697976841591e+06 -7.923626462114041205e+05 -4.868733760155736236e+05 -3.199500198650639504e+05 -1.488911041244864464e+05 1.170489468658340629e+05 3.364536165166646242e+05 8.112110596592535730e+05 1.651889184534083353e+06 1.969727425909365760e+06 1.346088878853476839e+06 4.129651854047558736e+05 -1.409073986241123639e+05 -3.382835733715912793e+05 -4.832528328429902904e+05 -5.570744456804821966e+05 -5.999889247783004539e+05 -6.724876208254132653e+05 -6.269839706912165275e+05 -5.099396634812001139e+05 -5.040073168254469056e+05 -4.956010195321891806e+05 -3.706891999673100654e+05 -2.920594117091969820e+05 -2.522396674635820091e+05 -1.600916444149331655e+05 -1.198910623136910144e+05 -4.877421599230775610e+04 4.384369684150442481e+04 1.733000013162358664e+04 1.257063681608950719e+04 4.834002703661075793e+04 9.468991240719100460e+03 1.578798889997368678e+04 1.024619652598625980e+05 6.519830566015979275e+04 -9.212691119406209327e+04 -2.499752229964341968e+05
6.636116359266429208e+04 -6.270045525161549449e+03 -8.630830643232911825e+03 6.708195558865577914e+04 1.095136152987834066e+05 1.453226876526603010e+05 2.736174261930864304e+05 5.224427340202970663e+05 8.677262663771397201e+05 1.297830969704081770e+06 1.541332985723857768e+06 1.351954471652862849e+06 9.524773728009308688e+05 6.214859182049983647e+05 3.902809898252598941e+05 1.240192726906388998e+05 -4.703767594415741041e+04 -1.054657230200245976e+05 -2.255432286707218736e+05 -2.970476792438419070e+05 -3.350524602562645450e+05 -4.009581442468331661e+05 -4.593579436908485368e+05 -4.969707106822167989e+05 -4.169434395746788941e+05 -3.639298138383310288e+05 -3.987682672368825879e+05 -3.231917294114833931e+05 -1.978684816812166828e+05 -1.539169954357201932e+05 -1.568503417749889195e+05 -1.506827473745217430e+05 -1.423736765002837055e+05 -9.679380081710423110e+04 -5.754433857044205070e+04 -9.642248385818657698e+04 -1.221590410941279551e+05 -1.211537581426093675e+05 -1.289498272247146233e+05 -1.151658177119676548e+05 -1.022105648007711570e+05 -1.063909117563163745e+05 -1.094115149951537023e+05 -1.086054675665220129e+05 -1.022321996616667602e+05 -9.484525074600218795e+04 -9.288051350740721682e+04 -5.366604533977853134e+04 2.368122489657276310e+04
-5.765395586495241150e+04 -2.072670761670453940e+05 -2.878434946620834526e+05 -2.523426053649745882e+05 -1.544476867334451526e+06 -3.000656975148011930e+06 -1.776039126355899032e+06 -2.743403227021917701e+05 -8.993591480306349695e+04 -1.806255431496538222e+04 2.766731473500793800e+04 3.740379356429912150e+04 7.512052631587698124e+04 1.421312765055333730e+05 1.887677014584187418e+05 2.401487185945736710e+05 3.078383727825714741e+05 3.688918802363330033e+05 4.469653016375377774e+05 4.936874531838110415e+05 5.335017023643004941e+05 6.636806902091484517e+05 7.621146889636307023e+05 7.625395494012625422e+05 7.624525230657306965e+05 6.963055837410502136e+05 5.811036711512129987e+05 4.987928092502998188e+05 3.102493532525845803e+05 -7.827341696254443377e+02 -3.576926034619091079e+05 -7.022655988915383350e+05 -9.664644114510186482e+05 -1.193454027216647752e+06 -1.230437947752651991e+06 -1.032931571019580821e+06 -7.835526644508346217e+05 -5.474122389196429867e+05 -3.991539090697187930e+05 -2.685234001872588415e+05 -1.385255660628899932e+05 -6.422863888437929563e+04 1.109445159556344151e+04 5.090418365784012713e+04 5.689690668252296746e+04 1.020605575037184171e+05 1.426060232077729888e+05 6.504778637201641686e+04 -9.184472463675960898e+04
-9.956071511842333712e+04 -1.703403773996978998e+05 -2.505575974588284735e+05 -2.540372790128458291e+05 1.162237427083309740e+06 2.689751281730131712e+06 1.482030505898873787e+06 -7.724836039706179872e+04 -2.463143979187591467e+05 -1.355574582936242223e+05 -9.007840605103416601e+04 -1.591883356403560610e+05 -1.610645706858485355e+05 -1.335771289689000114e+05 -1.266713042312767066e+05 -1.148511168360711017e+05 -1.256435423810035281e+05 -1.037039998546242423e+05 -1.039239023439585726e+05 -1.356210487708448782e+05 -9.608436967595473106e+04 -1.229496439057404641e+05 -1.420034428604415734e+05 -1.021298985683824285e+05 -1.406624859012664820e+05 -1.665783107001333847e+05 -1.635118525591678335e+05 -1.270286068238785956e+05 -7.898956823279149830e+04 -3.734455457888531964e+04 -2.931698447791859508e+03 4.401677684509241953e+04 1.311980131699239719e+05 1.376542825007347274e+05 6.048742814804404043e+04 -5.570327346911618952e+04 -1.975816711201334838e+05 -2.742210184619767242e+05 -2.434663116233424516e+05 -2.691004960448474158e+05 -3.342011769930839073e+05 -2.597047106828553369e+05 -3.010101872775694355e+05 -4.167843195819300599e+05 -3.326922589866456110e+05 -3.267062702833199874e+05 -3.639816309558229987e+05 -2.463978653203237336e+05 -9.143996662110649049e+04
2.114707364863714902e+05 1.414034571335649816e+05 1.009236749168484239e+05 5.861470311530865729e+04 2.320757040637545288e+04 1.995960512664169073e+04 2.828657444100826979e+04 3.880988472257740796e+04 -1.214274468482460361e+04 -1.903487921925261617e+04 2.657380916993133724e+04 -3.204599054297315888e+03 -4.416403602226637304e+04 -5.561462163110252004e+04 -4.881421106052573305e+04 -3.695478305919095874e+04 -8.647982399910676759e+04 -1.033748297952115536e+05 -1.033759080886375159e+05 -1.350202891824300168e+05 -9.577703928109270055e+04 -8.363913678796985187e+04 -6.357918794383294880e+04 1.516888562589860521e+04 1.578889213385968469e+04 2.900798271992243826e+04 1.881068378908097511e+05 3.027128926187293837e+05 3.898499849205831997e+05 5.870549986301923636e+05 7.377798391098617576e+05 9.402954653545778710e+05 1.221484883110974682e+06 1.343529045335016679e+06 1.342863343649077695e+06 1.186177177100908011e+06 8.094833304907651618e+05 3.428419075533752330e+05 -3.269467985397186130e+05 -1.401254283321319148e+06 -2.513122467042420991e+06 -2.901993086498701945e+06 -2.241835229590063449e+06 -1.152464741512664827e+06 -4.085756993328717072e+05 2.340750474715605378e+04 2.575228450621953234e+05 2.972852812218472827e+05 2.964609300647797063e+05
3.275247046153526753e+05 3.355831142712850124e+05 2.950626039924100041e+05 2.136170130723621696e+05 2.171129728166852146e+05 2.526256850152274128e+05 1.825560666772071272e+05 1.148937903624027967e+05 1.027862035855650902e+05 9.549760988447815180e+04 1.019213148602286819e+05 7.177296232781349681e+04 3.067142666317522526e+04 1.933192026801407337e+04 2.544867225573398173e+04 -1.832678769715130329e+03 -5.045702483388641849e+04 -6.638306930544786155e+04 -1.431713528104589786e+05 -2.131743095093404409e+05 -3.686065464315458667e+05 -8.995689275965570705e+05 -1.732180979422995355e+06 -2.313252747155491728e+06 -2.080008045951833716e+06 -1.330665096896701725e+06 -7.091566552198482677e+05 -4.008876224828427657e+05 -3.124087864684406668e+05 -2.728569622489158064e+05 -1.625564015738205053e+05 -7.507452891673846170e+04 -6.488467606483073905e+04 -1.896357262507081032e+04 9.970603483961848542e+04 2.176793439884199761e+05 3.487970452173608355e+05 6.606425987463453785e+05 1.272407677581066266e+06 2.215663818411988672e+06 3.196421487007765099e+06 3.539559044784407597e+06 2.874953541689311620e+06 1.710684364478799980e+06 8.626313827454615384e+05 4.788967937277611345e+05 2.475128038320681080e+05 5.547035864088684320e+04 -9.977762757800333202e+04
-2.588902020675595559e+05 -1.803633418516253005e+04 9.703952635754828225e+04 5.519268850563091110e+04 9.799741898896172643e+04 1.338186093501280411e+05 2.547280849423259497e+04 -2.794640348292770796e+03 1.015698399941902026e+05 9.442735222168260952e+04 -1.483161906711768825e+04 -4.477900453726772685e+04 -1.242481882672290667e+05 -2.898402874963356880e+05 -5.158842655073383939e+05 -7.749546926119371783e+05 -9.388668285601311363e+05 -9.156798002042339649e+05 -6.440140649443489965e+05 -3.272493606642817613e+05 -1.849161037593218498e+04 5.347759789042186458e+05 1.406153029728450812e+06 2.063887179201700259e+06 1.831543472474438604e+06 1.108188343235525303e+06 5.280284138023843989e+05 2.162961122987328563e+05 1.499316073092631996e+05 1.108843191491900943e+05 2.639888840843923390e+04 3.643060801201546565e+04 4.650543173658708110e+04 -2.357244172249920666e+04 1.786798981949733570e+04 5.852208394091576338e+04 3.537917995592579246e+04 3.734484289423562586e+04 -1.027146740001626313e+04 -3.652559375739609823e+04 1.430209311074623838e+04 1.222937519545713440e+04 -2.726477137184655294e+04 1.300054532010154799e+04 1.885776915471116081e+04 -1.696874046232504770e+04 -1.642145382124045864e+04 -1.432262862799689174e+04 -1.466558075277134776e+04
4.763322662096458953e+04 -2.047353939153254032e+04 -2.113960609538492281e+04 -2.408503897488117218e+04 -5.829298279364593327e+04 -2.233037985977728385e+04 -5.320838886662386358e+04 -8.126606498961313628e+04 -1.560595750925131142e+04 -2.265388278057798743e+04 -5.422178938053548336e+04 -6.755088508361950517e+03 1.072153060615528375e+05 2.899114752316380618e+05 5.666759754391384777e+05 8.877311132638723357e+05 9.945959612075246405e+05 9.017720271961294347e+05 7.866023637307805475e+05 6.004478727688546060e+05 4.832626108196559362e+05 4.553334374108817428e+05 4.355790465581240132e+05 4.730196535051793326e+05 4.729723633488174528e+05 4.466946599644143134e+05 4.851110908715054393e+05 4.444286446820488200e+05 3.786221455933987163e+05 4.539643896720376797e+05 4.071129358327016234e+05 2.633559581090230495e+05 3.116434022900657728e+05 2.417852888104971498e+05 -1.388087433355399407e+05 -1.516522827039001510e+06 -3.339532979424113408e+06 -2.913215606824966148e+06 -1.004138376745398389e+06 -1.102731074939944374e+05 -2.154361238586716354e+04 1.490031953668189817e+04 5.234252667403765372e+04 1.564779330627032323e+04 2.116840042639491730e+04 6.138438472757098498e+04 2.324941672733958694e+04 -1.285992283956141910e+04 -1.317796263727347832e+04
-1.840565813065040275e+05 -9.800107218208716949e+04 -2.177995388046832522e+04 -2.471797071397304535e+04 -9.680990499327890575e+04 -9.924343402031809092e+04 -5.357174486387515208e+04 -8.145881068427127320e+04 -9.296747503103697090e+04 -6.182873127050694893e+04 -9.291659283218916971e+04 -8.452691728947695810e+04 -8.666775355348360608e+04 -1.352185279340482666e+05 -5.297525359783320164e+04 -4.133089372538979660e+04 -1.260715113743208931e+05 -1.018220345478038798e+05 -6.164325341233050858e+04 -5.432088165543973446e+04 -5.591573530691670021e+04 -4.563019606168376049e+04 -6.526261196238931734e+04 -6.651053492794756312e+04 -2.766806650557549438e+04 -5.312685021897754632e+04 -5.328075113240611972e+04 2.243694214965222636e+04 3.531821814132871805e+04 -4.300112586584896781e+04 -5.108329145819891710e+04 -1.095204470911878161e+03 9.729363010264874902e+03 9.386705500539357308e+04 3.659598908456980716e+05 1.710037318305106834e+06 3.449614036682761740e+06 2.836008521449989639e+06 7.935567324596946128e+05 -2.675249468220858835e+05 -8.287119513156404719e+05 -1.517534060255856719e+06 -1.975481585513329366e+06 -1.857706858277088962e+06 -1.316326708658603486e+06 -7.796475504629757488e+05 -3.973769768315826659e+05 -2.037768672825770045e+05 -1.275284819304905832e+05
-1.102964033640454290e+05 -1.761810029309709207e+05 -2.520326926687265513e+05 -2.547671405808068230e+05 -1.737552756175864488e+05 -1.757695248629897251e+05 -2.068752663163467660e+05 -1.964497264125385846e+05 -1.697460823890288884e+05 -1.390220736397895380e+05 -1.694768363342156517e+05 -1.995012924529146985e+05 -1.636912732082419097e+05 -9.726755910087376833e+04 -9.219936645124095958e+04 -1.186678679916076362e+05 -8.765525014372554142e+04 -6.258865359239280224e+04 -1.363216591766102938e+05 -1.291535912442485569e+05 -5.528898922377242707e+04 -8.390240537235513330e+04 -2.766168300993740559e+04 8.626990935299778357e+03 -6.708832997712306678e+04 -5.424777058069617487e+04 -1.710600459482520819e+04 2.052915695006982423e+04 3.445820559747517109e+04 -6.228930432116845623e+03 2.317205315106548369e+04 3.576212198939174414e+04 4.704592510010115802e+04 9.288689602282829583e+04 9.719564476166828535e+04 1.381755825923753437e+05 1.923979820671956986e+05 2.327069606166337617e+05 3.756554783927270910e+05 6.543776873289588839e+05 1.009928842557131895e+06 1.504735620541032404e+06 1.962018600971199572e+06 1.886795371762710856e+06 1.280741228307602927e+06 6.704756788897779770e+05 2.885618259990578517e+05 -1.390379800344584510e+04 -3.190441851515751332e+05
1.518045893230010988e+05 1.624406546435784549e+05 2.007371501158924075e+05 2.359046166611369699e+05 2.413393304124474525e+05 2.396900383790486958e+05 2.084678650449495763e+05 1.811681659356690943e+05 2.076572407677306328e+05 2.002443417406175286e+05 1.703744364157319069e+05 2.154734016954896506e+05 2.131253707187713590e+05 1.287135765166019555e+05 9.539430706994608045e+04 6.918393449392169714e+04 -3.875425474357318599e+05 -2.165655067643382587e+06 -3.704095099836120848e+06 -2.532619950954102911e+06 -5.813839758664842229e+05 6.599370838259346783e+04 1.207764474267605692e+05 1.559338827675669454e+05 1.944732687494251877e+05 1.696969683782665525e+05 1.675243281212172005e+05 2.434996283496734686e+05 2.215202580788175110e+05 1.797449037770275027e+05 2.455501431447919458e+05 2.598659393819984980e+05 2.341372009564663749e+05 2.801090520678551402e+05 3.234365374350453494e+05 2.891872409731149673e+05 3.059671796881594928e+05 3.463112355722120265e+05 3.740543490892738919e+05 4.227188170712895226e+05 4.343028740759480861e+05 4.716487270756629296e+05 5.099611027911291458e+05 5.122070637741134851e+05 5.555180028476758162e+05 5.929069645737748360e+05 5.921673885022767354e+05 6.712285054940697737e+05 8.230590137140704319e+05
-1.577600043127322569e+05 -1.462046478688716888e+05 -1.447818607883532532e+05 -1.096879553259350359e+05 -6.640321674640290439e+04 -6.741080775507725775e+04 -2.391663944465108216e+04 2.398570220684632659e+04 1.339418751071207225e+04 4.368836268782615662e+04 8.951019496540538967e+04 5.972882379428483546e+04 5.777444123639725149e+04 1.243925418285652995e+05 2.040673757670447230e+05 2.535070769267622381e+05 6.245503108436241746e+05 2.418430158743866719e+06 4.001924297937655821e+06 2.769926882927537896e+06 8.502937406930143479e+05 2.570894645177759230e+05 1.236221767042302527e+05 8.291192659526085481e+04 1.209716702299192548e+05 5.827323443139949813e+04 1.721730505232699215e+04 5.512750751106115058e+04 3.394898801809176803e+04 2.822066868539014831e+04 -2.035230824723839760e+04 -8.025262063485570252e+04 -3.054542004945687950e+04 -2.222439765115268528e+04 -5.320033211028249934e+04 -8.621486735763028264e+04 -1.059954112488771789e+05 -6.554094675113447011e+04 -7.595501556061208248e+04 -1.408622892678244971e+05 -1.672810140845831484e+05 -1.666166042303671129e+05 -1.275657956395293586e+05 -8.745928668067790568e+04 -1.196532559010661207e+05 -1.599557625828306191e+05 -1.618963596492547076e+05 -1.577897333051075693e+05 -1.569081266852989793e+05
-1.155710672563871776e+05 -1.778545314795337908e+05 -1.762164471833966381e+05 -1.042510879738255899e+05 -6.092901123920455575e+04 -6.170165873598305916e+04 -5.591734185465610062e+04 -8.389619382796729042e+03 1.807129950262609782e+04 1.078263886622152495e+04 1.926497931824998523e+04 6.335549740470008692e+04 9.828846058342602919e+04 5.324947882094419037e+04 1.986628289800137281e+04 6.836767645087107667e+04 1.389081042050383985e+05 1.300335969170555181e+05 6.066811513621360064e+04 6.791936635738232872e+04 1.382352537417316926e+05 1.450305732805280713e+05 8.638074969872855581e+04 8.243637823732558172e+04 1.574386629345827969e+05 1.325574955320918234e+05 9.073556527844641823e+04 1.289102736581119243e+05 1.093038717994932085e+05 1.396179625717925373e+05 1.277913781628016150e+05 6.958388612954900600e+04 1.193864414887505118e+05 1.278094359370877501e+05 1.348601594404319767e+05 1.395484120608305093e+05 8.291759338462725282e+04 8.587078469805442728e+04 1.122672550508286804e+05 1.216294359066518955e+05 9.500876176520227455e+04 5.879770555882714689e+04 6.078351127565815113e+04 6.350734232459217310e+04 6.859842405887320638e+04 2.766267479513748549e+04 -1.192166465916670859e+04 -7.518231049180263653e+03 -6.395841818301007152e+03
6.576898077828809619e+05 5.224158565420656232e+05 4.137690121016930789e+05 3.748147505603265017e+05 3.075605372898280621e+05 2.700814414769411087e+05 3.122484185080972966e+05 2.489106225897558033e+05 1.646795025584287941e+05 1.940552675339858979e+05 1.658933755022007972e+05 9.882884483900852501e+04 9.664438572013750672e+04 5.250173383741639555e+04 5.568322389037348330e+04 6.701250476879067719e+04 -8.673464329913258553e+03 -5.221509485621936619e+04 -4.593184320605359972e+04 -7.493028489174321294e+04 -1.159305900987228379e+05 -1.102642415545410477e+05 -1.325498733227141201e+05 -1.741410993936005980e+05 -1.732999788597221486e+05 -1.613303654349870048e+05 -1.678298304090276361e+05 -2.029028456204109825e+05 -1.838154340616895352e+05 -1.560407191351985093e+05 -1.690904551511630416e+05 -1.513593197136654053e+05 -1.016199444758244790e+05 -1.955362736247503199e+04 -1.136406266712606885e+04 -4.256816833047196269e+04 1.255658967769751325e+04 8.920230805757478811e+04 1.146941197477278765e+05 1.230095229251305573e+05 1.696474646567371674e+05 1.718301200936557725e+05 1.750497145415281411e+05 2.149511284404436592e+05 1.831855730258403346e+05 2.144184004014818929e+05 2.479253010160755366e+05 1.796071496640797704e+05 1.078957611427158117e+05
-4.628299595206047525e+04 3.923776239505971898e+04 7.845805566874329816e+04 7.696406567003576492e+04 8.441807221854105592e+04 4.879377329372801614e+04 5.345829605008474027e+04 9.997302826377568999e+04 9.011047267471447412e+04 8.293983620707874070e+04 9.223280112259095768e+04 9.818125218618666986e+04 9.615761280292645097e+04 1.261173029290511622e+05 1.286051873466930701e+05 1.397913546732163522e+05 1.756723892444279045e+05 1.710803769435733557e+05 2.144472161401062040e+05 2.217161520826629130e+05 1.801238401746376185e+05 2.202694844978398178e+05 3.055514740280348342e+05 2.997489940735974815e+05 2.646415473485831171e+05 2.764903883787335362e+05 2.686359067447483540e+05 2.709091535198972560e+05 2.187911322677971330e+05 9.972042027744441293e+04 1.343287339317612350e+04 -1.126855140610144008e+05 -3.170831554802141618e+05 -5.625049016077530105e+05 -8.443657406652348582e+05 -9.117127488402182935e+05 -7.487848650536027271e+05 -5.649399362551058875e+05 -3.594029470067474758e+05 -1.707927675428795628e+05 -5.282947764848337101e+04 -1.389326503383932868e+04 6.265322024235484423e+04 1.020205536810680060e+05 1.067101389868183469e+05 1.363669848744753981e+05 1.323980378883427766e+05 2.112433459726143919e+05 3.598139199451498571e+05
-1.185192474117501697e+05 -1.755654187314212613e+05 -2.429208937997463217e+05 -2.800002499553374364e+05 -2.367696037038695067e+05 -1.648359183769208030e+05 -1.255256129184272140e+05 -1.510495831840673927e+05 -1.607870616589208366e+05 -1.325770399603061378e+05 -1.232100428792183520e+05 -8.241781480028305668e+04 -8.465903166914347094e+04 -9.023959489888511598e+04 -5.289277816424146295e+04 -7.791674707317724824e+04 -4.125818434404232539e+04 2.707091613090597093e+04 -3.705593328573741019e+04 -3.051472787628881633e+04 3.444942455505928956e+04 8.099431055595632643e+02 1.210558697348460555e+04 4.119581501232460141e+04 7.816241180524253286e+04 1.257569541689006146e+05 8.107427797745866701e+04 8.364175443421129603e+04 1.768239646905566333e+05 2.384411293140146881e+05 3.333428356552026235e+05 4.981384749792066868e+05 6.934270400647094939e+05 9.567855407984451158e+05 1.148351298330817372e+06 1.155885146642103326e+06 1.067180040644015418e+06 8.176782721013312694e+05 5.166579514206391759e+05 3.429177615349171683e+05 1.707946070260358974e+05 2.907758270855993032e+04 -7.546288894955068827e+04 -2.173458667518584989e+05 -2.853997934062504210e+05 -3.297568457655133680e+05 -4.074758913635755889e+05 -4.383582074299913365e+05 -4.360789139231108129e+05
3.050247643457258819e+05 2.489449134573806077e+05 1.826446812937501818e+05 1.109550458868034184e+05 8.395516789169050753e+04 8.539630731451319298e+04 5.375291791162453592e+04 2.874434113735333085e+04 5.476223184959951323e+04 4.774296869756653905e+04 -1.297827407717704773e+04 -4.331977276364341378e+04 -4.523131056455895305e+04 -1.464410877902992070e+04 -1.322624012478627264e+04 -7.313941353000712115e+04 -7.068166648270573933e+04 -3.637865302152931690e+04 -6.305016706464812160e+04 -9.167027896270150086e+04 -6.329378686263220152e+04 -6.243403530796064297e+04 -8.816369465901528019e+04 -6.057121508056309540e+04 -9.515093039721276728e+04 -1.196652839751915599e+05 -2.378738511819366249e+04 -2.119720860151578381e+04 -1.061522848310413247e+05 -8.325852261623344384e+04 -2.692735909135082329e+04 -4.201439457945551840e+04 -2.849675113102446994e+04 5.172848733491242456e+04 6.176755217951704981e+04 3.288134769652965770e+04 8.782825468806567369e+04 1.270152106799653266e+05 1.509801544318904926e+05 2.290780621487641183e+05 3.093879222660333617e+05 3.137220682390043512e+05 3.191796002816399559e+05 4.308870618476078380e+05 5.079986803838992491e+05 5.359848192566991784e+05 5.675141482031913474e+05 5.744217927032136358e+05 5.779208423173874617e+05
1.270123678969686152e+05 1.418081069400068372e+05 1.464056392386555672e+05 1.453233633341734530e+05 1.539493528404273093e+05 1.907288343610705342e+05 1.938837744924239814e+05 9.949265864561311901e+04 9.056612160406075418e+04 1.534701214171946049e+05 1.288319674052763730e+05 9.852813786128535867e+04 6.199850518954894505e+04 5.822923093568533659e+04 9.417624922818504274e+04 3.514237071620300412e+04 4.543135517742484808e+03 4.089308523922227323e+04 1.612988991546444595e+04 -1.161334604024887085e+04 -1.881172498455247842e+04 -1.916677330387732945e+04 -4.591500124661275186e+04 -8.953846405609510839e+04 -1.231492685282137245e+05 -1.124034468515312765e+05 -8.982110483339056373e+04 -1.919012673327238299e+05 -2.393573942151851952e+05 -1.837541122443506029e+05 -2.344341190205883468e+05 -3.183388746855787467e+05 -3.757257769186992664e+05 -4.380353042762724217e+05 -4.634169922443105024e+05 -4.572193713404702721e+05 -5.097217396879569278e+05 -5.785049432935203658e+05 -5.928459018107966986e+05 -5.546737749036386376e+05 -4.789250653912316775e+05 -4.762159783835529815e+05 -4.723754247755266260e+05 -3.646162704541347921e+05 -2.555394149071080610e+05 -2.316536015679589473e+05 -2.033816097234371118e+05 -1.618033459701100364e+05 -1.585653784580044448e+05
1.246606655197686050e+05 1.398936064389999956e+05 1.106871097534894943e+05 7.541780338971875608e+04 8.455547513440251350e+04 8.713074538856744766e+04 1.239206386706791818e+05 1.340422337001657579e+05 9.130018046824261546e+04 8.474116211524209939e+04 9.541612904169620015e+04 9.939007245004130527e+04 6.372518593561835587e+04 6.118843338452279568e+04 9.604890960268676281e+04 7.225915072951465845e+04 4.439872186165302992e+04 1.462335166754201055e+04 -8.115077746333554387e+03 -3.519151745713315904e+04 -1.800299804389933124e+05 -4.567425779695624951e+05 -1.069031207406662637e+06 -1.973608155754625099e+06 -2.320071186182320584e+06 -1.662598195358879864e+06 -7.871134188550042454e+05 -3.041718301025689580e+05 -7.476072290097363293e+04 1.328248377074464224e+04 1.018683785945172422e+05 1.941769060026861262e+05 2.778413997520699631e+05 3.570763670071028173e+05 3.696168263384604361e+05 4.135552075167649891e+05 5.042475977097639116e+05 5.791738157079098746e+05 5.684963555028662086e+05 5.043632419942864217e+05 4.420529720606287010e+05 3.783457163686407730e+05 3.506485013139890507e+05 2.843844126071779174e+05 1.128570218163087266e+05 3.110622159787442070e+04 -4.693634383380506188e+04 -2.873446231137463474e+05 -5.657273852929871064e+05
-1.138093441398816649e+05 -1.655116024659946561e+05 -1.602347676118372474e+05 -9.453127654152922332e+04 -5.185494486708194017e+04 -8.271912753465562128e+04 -1.153085831855423748e+05 -7.243779798387549818e+04 -8.105590839986666106e+04 -1.218022029404528439e+05 -7.786542601184919477e+04 -4.143579288036562502e+04 -4.343167637125588953e+04 -4.586075297906040214e+04 -8.036420764401531778e+04 -7.105520559358410537e+04 -3.079880081466352567e+04 7.719456726917997003e+03 5.218330512638203800e+04 5.774973727995529771e+04 1.852678130462293047e+05 4.898723950458229519e+05 1.078755831904711202e+06 1.963045390857147984e+06 2.312663640950339381e+06 1.641754207243213430e+06 7.380023653455993626e+05 2.618884381407413166e+05 7.985625470057129860e+04 -3.873264155583456159e+04 -1.229331712808925658e+05 -1.345535392535384744e+05 -1.215488615352658089e+05 -1.820868810277895536e+05 -2.052283469273238443e+05 -1.976026635558807757e+05 -3.167369424004573375e+05 -4.523803686362232547e+05 -6.738935182930427836e+05 -1.053884488721375121e+06 -1.294746996712640859e+06 -1.154573668484812370e+06 -7.347337217279691249e+05 -3.866161546553481603e+05 -2.103948130586661864e+05 -8.425579136819555424e+04 1.221087136655161157e+04 8.933799003017973155e+04 1.640560107654859312e+05
-2.112145596661139280e+05 -6.266287672682665288e+04 4.270251438254467212e+04 4.162536583957262337e+04 1.790350090013816953e+04 5.450359484180808067e+04 5.548467738321051002e+04 3.161979668773710728e+04 2.357536996365524828e+04 1.702251665294170380e+04 9.472447727341228165e+04 9.744723402545833960e+04 2.903807555907405913e+04 6.110579589614633005e+04 6.063416371587652247e+04 3.657317992998298723e+04 4.441788972122606356e+04 5.096219217870384455e+04 9.618217648589052260e+04 1.020084147132001817e+05 2.533217743737611454e+04 2.061641429900203366e+04 5.788866921444435138e+04 1.293053837493096944e+04 -1.927374120918102562e+04 -9.439408109756070189e+03 -2.510538369184383191e+04 -5.602531359880242962e+04 -6.652249610866419971e+04 -4.903282793820824008e+04 -9.908424406195955817e+04 -1.104361009690907085e+05 -6.383119054371514358e+04 -5.575650583836250007e+04 -4.443344797240593471e+04 -3.667539257323346101e+04 1.695460598217346705e+04 1.582774704927582061e+05 4.574100267083840445e+05 8.082192861533237156e+05 9.896175292064456735e+05 8.947547257202704204e+05 5.575249108625559602e+05 2.497631220985198161e+05 4.537697934778511990e+04 -1.066310095519290771e+05 -1.152605167287400691e+05 -1.084968092944464879e+05 -1.735590364085482433e+05
-6.989430336979916319e+03 8.653275718679535203e+03 -1.819098885520349722e+04 -1.906468924717046320e+04 5.660628487472422421e+04 6.063431197777390480e+04 2.845020559616375249e+04 3.793102953350171447e+04 -2.232102914713206701e+03 -4.096592779620550573e+04 -2.266766684025065042e+05 -1.078792417446383275e+06 -1.804495149849680485e+06 -1.281952078986214008e+06 -3.976599133166016545e+05 -6.090135892736725509e+04 -5.192251954460493289e+04 -4.315851264749653637e+04 3.476620570756494999e+04 7.291339695104374550e+04 6.291972545208362862e+04 5.626714628539048135e+04 5.754741700831800699e+04 4.534530630800873041e+04 4.732034986373037100e+04 9.045172521611652337e+04 1.070296515908555593e+05 7.707863138290145434e+04 1.014250580489167478e+05 1.517838932212905493e+05 1.707410219695884734e+05 1.612746517907363595e+05 1.742677503277087817e+05 2.167635027330833254e+05 1.956251212395724142e+05 2.387743981461968506e+05 2.927986293367573526e+05 2.631671922793617123e+05 2.516837360511998995e+05 2.205353524954983732e+05 2.597898782428829873e+05 3.013774673035375890e+05 2.418053009407588397e+05 2.115267063351351826e+05 2.500674802798313904e+05 2.714627625013228389e+05 1.942481025250159437e+05 1.332848324475340778e+05 1.389554077864135616e+05
-1.375873001059517264e+05 -1.223043466452509165e+05 -8.418633845052681863e+04 -8.564958868199028075e+04 -1.086479832185432315e+05 -3.978508503292710520e+04 -3.997841947828419507e+04 -6.374108552932739258e+04 -3.890309802023670636e+04 -1.255152989062480628e+04 2.608420479844796937e+05 1.084006727830273332e+06 1.774162808664840879e+06 1.283973812668118160e+06 4.636397161846979288e+05 1.445607544807716040e+05 5.624233940965507645e+04 1.323676466441246448e+05 1.456421465589664876e+05 8.608555314014665782e+04 1.100178768800103571e+05 1.037406543933318462e+05 7.202992112725065090e+04 5.996508951415307820e+04 9.571463255677372217e+04 1.056738049723207951e+05 5.522858843323774636e+04 5.877875138772651553e+04 8.306030354113318026e+04 6.576015306520275772e+04 -1.535910965874791145e+04 -2.463479227386391722e+04 5.365580240963050164e+04 2.802811037399829365e+04 -2.647198776248819195e+04 1.544427799060917459e+04 9.325690788680221885e+02 -6.282444595359289087e+04 -7.525396068696887232e+04 -7.455752809764794074e+04 -7.210074116243072785e+04 -1.327531792561053298e+05 -1.921018289937633090e+05 -1.561251593404449522e+05 -1.876443889597428497e+05 -3.386896109033833491e+05 -4.181217575853232993e+05 -4.120257623505302472e+05 -4.067062562878625467e+05
-3.154086175607516780e+05 -1.737754931813105941e+05 -7.314639391726815666e+04 -7.460391430184245110e+04 -9.615336283226497471e+04 -9.168575329007577966e+04 -9.268585382960733841e+04 -8.420994616812095046e+04 -5.941627098247420508e+04 -6.510830027749756118e+04 -1.175607019697783398e+05 -1.169029411580414744e+05 -5.447523407638067147e+04 -5.304621006944216788e+04 -8.651357191032730043e+04 -4.721011683112010360e+04 -3.582977977348479908e+04 -5.487505576922558248e+04 -4.187476012506522238e+04 -3.746466766344383359e+04 -1.576133550726831891e+04 7.075961631489917636e+03 -2.757344350568018854e+04 -7.398805416305537801e+04 -7.191183721646666527e+04 -3.083028471795853693e+04 -1.826892637647700030e+04 -4.836034895270143170e+04 -2.510226164478808641e+04 -4.375755271059484221e+04 -9.087869074195623398e+04 -2.041127837727894075e+03 7.897583919111872092e+03 -5.102943293284624815e+04 2.659216744476032909e+04 3.477864186395925935e+04 -1.269275234779343009e+04 2.328434070339426398e+04 1.113259907811903395e+04 -2.189271537936292589e+04 1.313385643879917916e+04 5.384883934631943703e+04 -4.030305774649605155e+03 -3.464376367162878159e+04 1.525901816785219125e+03 -4.731861805194045883e+04 -9.183793001691810787e+04 -1.184474532795130508e+05 -1.794590880232844502e+05
6.881826178054371849e+04 -4.210391344386176206e+04 -6.794828255311585963e+04 -3.778238626895472407e+04 -5.827339334180578589e+04 -8.427013403852470219e+04 -8.523769452702254057e+04 -4.524141277885064483e+04 -5.140616693417541683e+04 -8.741607961594127119e+04 -7.544555443688272499e+04 -1.374617915053383913e+05 -3.889991254231424537e+05 -9.825692908826745115e+05 -1.330708071230910253e+06 -7.927182640682434430e+05 -1.850302538601685083e+05 -4.450010622851550579e+04 3.637898166198283434e+02 3.593866854556836188e+04 -3.764013221953064203e+04 -7.988415362895443104e+04 -2.104140249895863235e+04 -3.607480417005694471e+04 -9.719015230890375096e+04 -1.208875797607467975e+05 -1.424895172438119771e+05 -1.412955221871383255e+05 -1.195332476461771876e+05 -1.388193833781406283e+05 -1.850722261134067085e+05 -2.275277154508517124e+05 -2.202092273894245736e+05 -2.159937057574277278e+05 -2.707739687908906490e+05 -2.969471736950797495e+05 -2.812093589711000677e+05 -3.131839553231846076e+05 -3.925587156973779202e+05 -4.945963869779356755e+05 -5.631355313502722420e+05 -5.925598018569881096e+05 -6.868709850439317524e+05 -7.887826925900313072e+05 -8.585528518690275960e+05 -8.803056290035573766e+05 -8.646891461394270882e+05 -8.621455071784993634e+05 -8.584788630425333977e+05
9.303839763160678558e+03 2.278515680925908964e+04 5.848499419400468469e+04 8.759552547708153725e+04 6.665666794753633440e+04 4.030439909431152046e+04 3.855511698289774358e+04 4.657012590207159519e+04 3.998605623957712669e+04 6.613497599144454580e+04 7.767038365593180060e+04 4.666700096568104345e+04 2.965902888018171652e+05 9.587952134734947467e+05 1.241745389006100129e+06 6.858049462700722506e+05 1.348605946660975460e+05 -5.957847144454717636e+03 -5.473505749250762165e+04 -8.160969139542430639e+04 -5.988353378954331856e+04 -7.018708270741638262e+04 -1.060251278593206080e+05 -1.209174656099638669e+05 -1.181018130166920600e+05 -1.095831276662647142e+05 -1.627315416012426140e+05 -1.613058465579527547e+05 -1.077873659180477262e+05 -1.585645588464105385e+05 -2.036675219482276007e+05 -1.815434454753996979e+05 -1.423065287910874176e+05 -1.378319152351467346e+05 -1.916162200272083865e+05 -1.846414610242937633e+05 -1.685757936432492570e+05 -1.993004840950019425e+05 -2.443062632787038456e+05 -2.795166003541081445e+05 -2.815402707911566831e+05 -3.083094540447931504e+05 -3.333739573589982465e+05 -3.988484331662778277e+05 -4.315582438453575596e+05 -3.839003930380558595e+05 -3.980240015930039808e+05 -4.255598527891552076e+05 -4.194754066085368395e+05
-2.517247735208365193e+05 -1.791896716260816902e+05 -1.453929828922263987e+05 -1.480284324404782965e+05 -1.380201421247329563e+05 -1.331255017535294755e+05 -1.358318790537304594e+05 -1.287308417435270385e+05 -1.351872009912040085e+05 -1.705550080921965418e+05 -1.287911279487888096e+05 -6.872583871590904891e+04 -1.005582247988786548e+05 -9.660363706876523793e+04 -9.842869432759459596e+04 -9.383433460840035696e+04 -1.971576873445883393e+04 -2.403651099884882569e+03 -1.998108215047977865e+04 -1.694990816176868975e+04 3.879456748254364356e+03 2.315123544540256262e+04 -1.426702064694836736e+04 1.212228540098294616e+03 6.658943752991035581e+04 1.269611492753075436e+04 -9.157416637753951363e+03 5.429696311824955046e+04 7.561302710557356477e+04 5.782135974150127731e+04 1.528862828621652443e+04 3.773009569267800543e+04 4.404033795231976546e+04 1.689164037117722910e+04 2.786576165235601366e+04 3.589694811962661333e+03 -7.594445799011760391e+04 -1.379585882520771120e+05 -2.139351495541627519e+05 -3.459899765311265364e+05 -4.140611829108099919e+05 -4.415096948633443099e+05 -4.346241364220611285e+05 -3.052984163281500805e+05 -7.693225556053360924e+04 1.030257916834671050e+05 2.557707251841216348e+05 4.278809569473357406e+05 5.677292013191515580e+05
-2.125456317723727552e+05 -2.018747670273296535e+05 -1.690533467044587887e+05 -1.116644756705499894e+05 -1.317585750785656273e+05 -1.869591209664940543e+05 -1.597544853226281120e+05 -1.227611359488219605e+05 -1.289195316482801572e+05 -1.332327030703890487e+05 -1.218907473003492923e+05 -1.231840192072559730e+05 -1.243474961060564965e+05 -1.196780554286669940e+05 -1.212093880376777379e+05 -1.175258763984312536e+05 -1.049419367394876899e+05 -8.682552503072656691e+04 -7.406682476983405650e+04 -7.163636580226011574e+04 -5.096246090368391015e+04 -9.403258494450733997e+04 -1.631892836943739094e+05 -1.184542578062976245e+05 -1.160692549741363619e+05 -1.702980092039797455e+05 -1.630249570135492831e+05 -1.641060196026230697e+05 -2.076186361524737440e+05 -2.269031641108449548e+05 -2.076115510088854935e+05 -2.192283344711181708e+05 -2.475241779268265236e+05 -2.460119026398749556e+05 -1.741537532792426646e+05 -1.051035943359597586e+05 -8.997657894738996401e+04 7.536593942204490304e+03 1.569833588215988129e+05 2.841693014488546178e+05 4.450207119376880582e+05 5.846760086948056705e+05 6.955431959882825613e+05 7.344433070474780397e+05 6.767262523865806870e+05 6.008390969829617534e+05 4.948048675945032155e+05 4.714988290413729264e+05 5.456328672415015753e+05
1.283772868919197936e+04 8.007793580298312008e+04 8.104238044004887342e+04 7.769950721180066466e+04 1.174416724825277925e+05 6.397355775465269107e+04 6.116468224441620987e+04 9.748790672281756997e+04 3.335036414326168597e+04 1.198578720213845372e+03 -1.612435167771764100e+04 -4.671169149456545711e+04 -1.357064192800315795e+05 -2.469693516322876094e+05 -3.063439424836541293e+05 -3.638904475141318399e+05 -3.816304275137374643e+05 -4.215732144680803758e+05 -4.103069262567440164e+05 -2.904732014634645311e+05 -2.696646794653492980e+05 -3.421753800462466897e+05 -3.222013949509715894e+05 -2.801932100695555564e+05 -3.379274680477102520e+05 -3.615726174600421218e+05 -3.569275779859162867e+05 -3.614243691810413729e+05 -3.781576814281286206e+05 -4.274908571434207261e+05 -3.762125341081991792e+05 -3.304036200069829356e+05 -3.328612219449146651e+05 -2.735275531210936606e+05 -2.055475390527858399e+05 -1.706951349193695933e+05 -1.273384736850853078e+05 -3.276116737746633589e+04 2.108202307019382715e+04 4.977201265166513622e+04 1.090024338243533857e+05 1.805981119920033962e+05 2.237949476845087484e+05 2.273366467922469601e+05 2.313373789947945625e+05 2.512453498435197398e+05 3.050675590301407501e+05 3.450445272505742032e+05 3.549978675029622391e+05
7.830020955530926585e+04 2.632484500529244542e+04 -3.264533271430987952e+04 -3.672987645608370076e+04 2.279968154616653919e+03 7.435371128376573324e+03 4.056190137052908540e+03 3.958745679003195983e+04 6.364719024277298013e+04 3.144584166118873691e+04 7.283687288523670577e+04 1.599126344174146652e+05 1.893229596572927549e+05 2.858164855442008702e+05 4.050620427576358197e+05 4.080943085998299066e+05 4.220217066642364953e+05 4.443006040668113856e+05 3.989426653413102031e+05 3.431642598973119166e+05 2.186452862189619336e+05 6.028215251280902885e+04 -1.258691604610069189e+05 -5.292919246177175082e+05 -1.033701680689119385e+06 -1.297999689875868615e+06 -1.146993452029999811e+06 -7.357270772964707576e+05 -3.340697095147339860e+05 -7.986020721262285952e+04 3.578841756796441041e+04 1.446033351786909625e+05 1.437979499751244439e+05 1.140746338432653574e+05 2.142772723385135178e+05 2.203092216828374658e+05 1.419586563389746589e+05 1.756359447026628477e+05 2.312632263940758421e+05 1.672845820046491281e+05 1.318676021299329586e+05 1.703015403309839021e+05 1.808000724425068765e+05 1.512100747774820775e+05 1.222625643422363501e+05 1.416947663249444449e+05 1.302380174188874080e+05 1.046622771688268404e+05 1.136816065933073405e+05
-2.342619235708843335e+05 -1.125498149974736734e+05 -5.563888362376019359e+04 -1.183332795661408454e+05 -1.379685693536885083e+05 -7.458249530871398747e+04 -1.072939926106482162e+05 -1.891699485585560906e+05 -1.946596458496061678e+05 -1.681946552824228420e+05 -1.860489886824508721e+05 -2.175649310008158209e+05 -2.187150861893313995e+05 -2.409090444003230659e+05 -2.412082371755968197e+05 -1.827737486211117357e+05 -1.719894569646567106e+05 -1.518574495299252449e+05 -8.210101632634177804e+04 -8.137111157993786037e+04 -2.950453402590961196e+04 1.369648203277031425e+05 3.069162818533374229e+05 6.495451166783446679e+05 1.164040495903464733e+06 1.447213467792607145e+06 1.282286599251673324e+06 8.668889162759310566e+05 4.964725138747603633e+05 2.754885569249745458e+05 1.239944466250017285e+05 2.225424731499515474e+04 -9.631598041160032153e+03 -7.122747577959671617e+04 -9.465793007286218926e+04 -9.139331542188301682e+04 -1.117644765833388083e+05 -1.417152943706610240e+05 -2.096525363170078490e+05 -2.148500500863878988e+05 -2.234874064160985872e+05 -2.499181926506576128e+05 -2.119955048512194771e+05 -2.138688271178405266e+05 -2.761717432411389891e+05 -2.887187090120268986e+05 -3.023376704775737599e+05 -3.613828715495751239e+05 -4.154419907834301703e+05
1.018854782462585717e+05 4.593938158242963254e+04 -1.601413424592465162e+04 -2.206172164413146675e+04 4.400004720664583147e+04 7.722561071277596056e+04 7.319465981796378037e+04 7.798682453692896524e+04 7.266219179378828267e+04 7.076770634623238584e+04 8.232865873491397360e+04 1.091610327688977122e+05 1.666566027980297222e+05 1.467669013736303314e+05 9.063405094551850925e+04 1.482508049905302178e+05 1.592105510400144267e+05 9.379797398927617178e+04 1.340176405070814653e+05 1.644813491625245078e+05 1.015638655645306862e+05 6.320661579607980093e+04 5.513273074524488766e+04 6.929420982487488072e+04 4.553197498898941558e+04 -3.551029085647314787e+03 3.359033732442202745e+04 2.919748579966841498e+04 -4.764783937484014314e+04 -5.966658939840266248e+04 -3.060271474299964029e+04 -1.589441191754309693e+04 -5.161259040352888405e+04 -8.507240292499773204e+04 -5.013213706668448867e+04 -4.796435587108120671e+04 -9.951886845869017998e+04 -9.889987383154241252e+04 -7.416156787658108806e+04 -7.871317676966989529e+04 -8.718873790116068267e+04 -8.246862342464757967e+04 -4.374245238839637022e+04 -4.457540899282355531e+04 -7.459150145645266457e+04 -5.416311131091774587e+04 -4.139137414749449817e+03 6.146643103565942874e+04 1.320686795795321523e+05
-3.104091689921915531e+04 -3.165500123053789139e+04 -9.237332135671749711e+03 4.116335398983210325e+04 4.921882406226359308e+04 -3.872521754819783382e+03 -8.121519958367571235e+03 5.330342149478395004e+04 7.657123024109750986e+04 4.637379986583249411e+04 2.905113652697764337e+04 5.531977792619727552e+04 8.339966461295256158e+04 9.284933083457866451e+04 9.504575759405270219e+04 6.445336922653950751e+04 7.417463769786991179e+04 1.244608869112561806e+05 1.346225461352150305e+05 1.645169199153314694e+05 1.608760833903214079e+05 1.237187078990972950e+05 1.159992828650867741e+05 1.011932008713483810e+05 1.072852658201009617e+05 1.467762694437986065e+05 1.551985470880753128e+05 1.212959144113122020e+05 1.322261699545195443e+05 1.519507674989289953e+05 1.545366000977809308e+05 1.691599457664417569e+05 1.330593523010619683e+05 1.595310943061481230e+05 1.946835077228022274e+05 1.378630011738277972e+05 1.765712671831718180e+05 1.782821882993450854e+05 8.547293227864452638e+04 5.165314316865964793e+04 -1.766923641902441159e+04 -7.400551937287673354e+04 -1.275436602765691932e+05 -2.512908359884761740e+05 -3.132909674604893662e+05 -3.846144267264743103e+05 -4.587696604232778773e+05 -4.272516564326356165e+05 -3.587936150422233623e+05
-1.513873792171943933e+05 -9.995682003325782716e+04 -8.092174981487891637e+04 -1.162254963675511535e+05 -1.363619347487110645e+05 -1.320539808459579945e+05 -1.919966918567661196e+05 -2.730408416094726417e+05 -3.061826013098472031e+05 -3.628699641209094552e+05 -4.649450180737770861e+05 -4.964634666976056760e+05 -4.700297995412254822e+05 -4.887387397128621233e+05 -4.862677144841289264e+05 -4.083056534198115114e+05 -2.907278890069578774e+05 -2.151014717656653374e+05 -1.522801789199002087e+05 -6.852238054852932692e+04 -7.038467283709929325e+04 -4.824477660935372114e+04 2.970692385104484856e+04 1.444056756328837946e+04 1.991575625259452499e+04 8.705696511431597173e+04 9.492600000114156865e+04 8.676780047477222979e+04 9.249941418645903468e+04 8.488095488981320523e+04 1.194288167322520167e+05 1.295547028083821060e+05 1.184145911061208462e+05 1.710945896792690037e+05 1.746549245750063565e+05 1.762360749521757243e+05 2.131088696478398051e+05 2.157285544578921981e+05 2.455206748947965680e+05 3.032755810010704445e+05 3.255451515689498046e+05 3.616824091400488396e+05 4.318773470236908179e+05 4.934567289392008679e+05 5.269396587903620675e+05 4.929125252203070559e+05 4.853242236154628918e+05 5.499710014613789972e+05 6.204562470631105825e+05
-2.510230293548665009e+06 -1.959400024125352735e+06 -1.188224806035868824e+06 -4.695962812635116279e+05 -1.278156623512040824e+05 7.039762263069883920e+04 1.215717030887024011e+05 1.515654422680384014e+05 2.862738018413071986e+05 3.706269352172965882e+05 3.818075637833684450e+05 4.357979039859494660e+05 4.919369514647403266e+05 4.761843610205685254e+05 4.541497873305341345e+05 4.209060137998314458e+05 3.417920573963786592e+05 2.494840264599769143e+05 1.994004063738975092e+05 1.702934003958944231e+05 1.147674415772781940e+05 8.322255151928402483e+04 4.932987356442038435e+04 -2.076995035866263788e+04 -1.370173900038911961e+04 2.621579481521609705e+04 -4.971339641138946172e+04 -8.829833842930395622e+04 -2.919757424504507799e+04 -4.150716307340189815e+03 -2.287176657235238235e+04 -4.541080952389177401e+04 -3.327989947865717113e+04 -1.470100193750124890e+04 -4.462927701883018017e+04 -7.718077937955956440e+04 -7.588869451545178890e+04 -1.351631035050378996e+05 -1.641818385489750654e+05 -1.692791972716799937e+05 -2.713258442981179105e+05 -3.310221216990618850e+05 -4.168335565505537670e+05 -5.113943185505932197e+05 -5.444726777996410383e+05 -5.797548794245797908e+05 -5.614405759028164903e+05 -5.935843908798389602e+05 -7.066418443841282278e+05
2.815250593160743825e+06 2.131718414344359189e+06 1.304756622886052355e+06 5.670197510067370022e+05 1.820757468556985259e+05 4.585221064626239240e+04 4.270992764621041715e+04 1.772083508432842791e+04 -1.459778922493569553e+04 -1.304697170038707554e+04 -2.930398199125193059e+04 -5.914193120319419540e+04 -5.939597582560963929e+04 -1.023866221029311419e+05 -1.793246129667386413e+05 -2.434275172010532115e+05 -3.825505009514746489e+05 -6.180233114957807120e+05 -7.570830400544216391e+05 -6.489810125879009720e+05 -4.223715724947393173e+05 -1.987926704250270850e+05 -6.137978355400264263e+03 9.421279620612028521e+04 1.298172905249520845e+05 1.133531686360948806e+05 6.746437708614386793e+04 8.427699487074294302e+04 1.117729877901728905e+05 8.235995725379310898e+04 3.824520189082255820e+04 -1.567195963696610124e+04 -3.575761746265945840e+04 -4.847976573160835687e+04 -1.092059585638345307e+05 -1.144312209542841447e+05 -8.597394733456890390e+04 -8.639831063454055402e+04 -8.417765122256241739e+04 -5.873968111933194450e+04 -1.290984840132275713e+04 1.057825777516693342e+05 2.002750362048386014e+05 2.281492938951129909e+05 3.185779313521925360e+05 3.497102294920468121e+05 3.143466917914343067e+05 3.150892742257555365e+05 3.238344760332196020e+05
1.850201626389753073e+05 1.113372801302466542e+05 9.050187205080874264e+04 1.328282611095348839e+05 1.365499967325013131e+05 1.371369850751943886e+05 1.321577813045587391e+05 1.046932948171161115e+05 1.541412524110637605e+05 1.825492310686965939e+05 1.647396698314696550e+05 1.893480734783227090e+05 2.158115044562146068e+05 2.281448367761913687e+05 2.911132612871004967e+05 3.944425592129123397e+05 5.362758145108819008e+05 7.809275155502834823e+05 9.551469772355627501e+05 8.430747900437560165e+05 5.675978406541974982e+05 3.155279007903294405e+05 1.436266883276405279e+05 4.760315467137843370e+04 -9.275514085311442614e+02 -1.654007690493017435e+04 -3.290366724133491516e+04 -7.372836178168654442e+04 -1.051134893030393869e+05 -7.607617404195456766e+04 -6.113133650389488321e+04 -8.779388634371606167e+04 -8.141441819490899798e+04 -6.681555604329332709e+04 -9.992972502019256353e+04 -1.065987788536588196e+05 -5.110184406163147651e+04 -5.190401088329975028e+04 -7.718272349331539590e+04 -5.176301245461206418e+04 -3.667592791025538463e+04 -3.807689581764873583e+04 -3.458506707684136927e+04 -9.591599284903961234e+03 -1.060492477263300680e+04 -6.758543438394530676e+04 -4.455286602838861290e+04 4.233102628728304990e+04 1.090395486657500733e+05
8.586149120470514754e+04 9.147758975159376860e+03 -1.351926259463652968e+04 2.944022687850520015e+04 6.130422981223091483e+03 -2.037829202483408153e+04 3.170234582503326237e+04 4.421221535885590129e+03 -2.853344888775615254e+04 1.755249162670224905e+03 1.226287368568591774e+04 3.760507779777975520e+04 8.627368017332628369e+03 -4.878553533926606178e+03 6.098780612228438258e+04 7.621821970096795121e+04 4.318390401895163814e+04 3.037187734968028963e+04 5.663742424570955336e+04 8.059836563188582659e+04 8.952763773384504020e+04 6.824955969816062134e+04 6.894363409606751520e+04 1.157325102132743923e+05 9.655505017843074165e+04 8.316996724810427986e+04 9.869912255671794992e+04 5.459202272119012196e+04 1.674753931118175387e+04 2.454696462606103159e+04 4.756392184528510552e+04 -4.174037397606391460e+04 -1.568703159736474045e+05 -2.051422491844276665e+05 -3.007794706965796649e+05 -4.282255165185775259e+05 -5.531601202499588253e+05 -7.018461778492213925e+05 -8.423479935061181895e+05 -9.080005157436218578e+05 -9.297082522546423133e+05 -8.812235658417942468e+05 -7.680760559637544211e+05 -6.308099286339711398e+05 -5.172322695329799317e+05 -4.240470909955897368e+05 -2.529414373764293268e+05 -1.098851026792544872e+05 -4.403922359342686832e+04
2.086011716478969029e+05 1.770299969532061659e+05 1.180678835662547353e+05 7.454179817461407220e+04 7.646096696145832539e+04 7.544220172916537558e+04 1.001429859746712900e+05 9.864356488571500813e+04 9.280819021631032228e+04 9.672887268243351718e+04 7.899713127175354748e+04 1.044619055639486760e+05 1.026857557473703637e+05 9.064943375065916916e+04 1.046972991223446443e+05 1.155399477737956913e+05 1.029212821449618787e+05 8.586469643749296665e+04 1.067023170099128038e+05 1.010671414819080383e+05 5.999573639361187816e+04 7.438169467146531679e+04 1.360872786445545498e+05 1.300715474947355688e+05 8.427974652498948853e+04 1.011516178667078493e+05 1.212738023849669844e+05 1.011375270038843155e+05 5.554598533082776703e+04 -9.420968418626618804e+05 -2.832252856189147569e+06 -2.888038672655818518e+06 -1.051617706374972360e+06 2.034468984813429415e+04 1.780388315732129849e+05 3.081770432868497446e+05 4.723091993271375541e+05 6.481897808460064698e+05 8.382868008955840487e+05 9.296998265106206527e+05 9.193529371405036654e+05 8.899213315302059054e+05 8.078324650169792585e+05 6.601697652053555939e+05 5.161338037112741731e+05 4.433807333442369709e+05 3.560178834304679185e+05 2.923822966672005132e+05 2.982832521910266951e+05
-1.267563207994680852e+05 -1.097227459086570889e+05 -9.097929668379935902e+04 -1.080510840588248684e+05 -1.347735368041321635e+05 -1.368628167512360378e+05 -1.663441571872680506e+05 -1.690129315585364238e+05 -1.752118874678854481e+05 -1.978818735491949483e+05 -1.888146024721209833e+05 -1.910949503467419418e+05 -1.939785266178659513e+05 -2.336436160863376281e+05 -2.454922812536823330e+05 -2.393360500945711392e+05 -2.867761343868916156e+05 -2.805715619830879150e+05 -2.639529619656967698e+05 -3.261963359627405880e+05 -3.360310929873953573e+05 -2.899750063871031161e+05 -3.103830254543579649e+05 -2.897305581113325898e+05 -2.549645386391787324e+05 -2.971338952891526278e+05 -2.804238528630230576e+05 -2.227994598471559584e+05 -1.905070577189326286e+05 8.074226148729252163e+05 2.784714324317168444e+06 2.925662250748134684e+06 1.123588576389019610e+06 8.820121917640813626e+04 -9.863991219317540526e+03 3.098480919958092272e+04 1.736427248804830015e+04 -7.009023949736729264e+04 -8.542381775449053384e+04 -5.812659242888912559e+04 -7.696694280486623757e+04 -1.735773807088842150e+05 -2.353842857107513119e+05 -3.030812770733622601e+05 -3.938311243511275388e+05 -4.069759073120065150e+05 -4.942913555388821987e+05 -6.776203912589666434e+05 -8.478464761515939608e+05
-1.092117644962857594e+04 5.285267061204646598e+04 9.171010710764673422e+04 9.888930601417085563e+04 9.726161205908283591e+04 6.520731715019792318e+04 9.122815393609923194e+04 1.422824311070144759e+05 1.078024345368613722e+05 1.137224579916801013e+05 1.224700527312234335e+05 9.324837636668240884e+04 1.179715978680178232e+05 1.628932956187053933e+05 1.551949974417220219e+05 1.036319524771533906e+05 1.057546345109585091e+05 1.077897355786990374e+05 8.342659928603097796e+03 -2.788401556666940451e+04 2.347643839893874247e+04 -3.222403790568956174e+04 -1.278546667390039656e+05 -1.847951300640123663e+05 -3.136866070621184772e+05 -4.898663196759293205e+05 -6.043160610191989690e+05 -6.625445494521420915e+05 -6.682526054093610728e+05 -5.897437633469231660e+05 -4.401554499776104931e+05 -2.985243707417973783e+05 -2.674293022498032078e+05 -2.445301713363733143e+05 -1.246145264781077858e+05 -9.016855768859339878e+04 -1.085060220735610928e+05 -5.251792736002267338e+04 -4.408256091410294175e+03 5.480157120735361241e+04 1.510928510245874058e+05 1.983268705662342254e+05 1.958018878498107661e+05 3.048969337588658091e+05 5.072575665055774152e+05 6.183318784611748997e+05 6.536579116969383322e+05 7.039390459656690946e+05 7.669918248383183964e+05
-7.727122408687113784e+04 -7.436761786346323788e+04 -9.510708310990594327e+04 -1.439989332796539529e+05 -1.461725449771620333e+05 -1.234985706466250122e+05 -1.516124347248114063e+05 -1.566625410458073602e+05 -1.358949209877756075e+05 -1.289233558217528625e+05 -9.292350353091023862e+04 -1.219871609215624048e+05 -1.534697345644235029e+05 -1.082823018077760498e+05 -1.417847956798504456e+05 -1.972611243522261502e+05 -2.016723163321149768e+05 -2.037952638941350160e+05 -2.513072491402271553e+05 -2.878906420164274750e+05 -2.044405723270028830e+05 -8.810808523208822589e+04 -1.379349099937826395e+04 9.725026015308650676e+04 3.024025096814151620e+05 4.897193336172490963e+05 6.303159724490252556e+05 7.416198166797417216e+05 7.381151691114063142e+05 7.154242110252378043e+05 6.525421497737988830e+05 5.182444563007450197e+05 4.114160150324478745e+05 2.951211606094150338e+05 1.887969275866635144e+05 1.352502099645789713e+05 1.108527999871876091e+05 1.079626563179777004e+05 7.410404335358226672e+04 1.953247194644063711e+04 2.594456934602931142e+04 -2.221772890537884086e+04 -6.283539504976943135e+04 -4.883263725671032444e+04 -1.124308331834615674e+05 -1.375603234535080846e+05 -1.286985923477918841e+05 -1.732959296531034634e+05 -2.306825440074270591e+05
